node_label,x,y,z,ux,uy,uz,umag,scale_factor,scaled_x,scaled_y,scaled_z
1,39.29999923706055,0.0,0.0,0.0,0.0,0.0,0.0,3.240573481998172,39.29999923706055,0.0,0.0
2,38.8161506652832,0.0,6.147873878479004,0.0,0.0,0.0,0.0,3.240573481998172,38.8161506652832,0.0,6.147873878479004
3,37.376522064208984,0.0,12.144368171691895,0.0,0.0,0.0,0.0,3.240573481998172,37.376522064208984,0.0,12.144368171691895
4,35.01655578613281,0.0,17.841827392578125,0.0,0.0,0.0,0.0,3.240573481998172,35.01655578613281,0.0,17.841827392578125
5,31.794368743896484,0.0,23.099960327148438,0.0,0.0,0.0,0.0,3.240573481998172,31.794368743896484,0.0,23.099960327148438
6,27.789297103881836,0.0,27.789297103881836,0.0,0.0,0.0,0.0,3.240573481998172,27.789297103881836,0.0,27.789297103881836
7,23.099960327148438,0.0,31.794368743896484,0.0,0.0,0.0,0.0,3.240573481998172,23.099960327148438,0.0,31.794368743896484
8,17.841827392578125,0.0,35.01655578613281,0.0,0.0,0.0,0.0,3.240573481998172,17.841827392578125,0.0,35.01655578613281
9,12.144368171691895,0.0,37.376522064208984,0.0,0.0,0.0,0.0,3.240573481998172,12.144368171691895,0.0,37.376522064208984
10,6.147873878479004,0.0,38.8161506652832,0.0,0.0,0.0,0.0,3.240573481998172,6.147873878479004,0.0,38.8161506652832
11,0.0,0.0,39.29999923706055,0.0,0.0,0.0,0.0,3.240573481998172,0.0,0.0,39.29999923706055
12,-6.147873878479004,0.0,38.8161506652832,0.0,0.0,0.0,0.0,3.240573481998172,-6.147873878479004,0.0,38.8161506652832
13,-12.144368171691895,0.0,37.376522064208984,0.0,0.0,0.0,0.0,3.240573481998172,-12.144368171691895,0.0,37.376522064208984
14,-17.841827392578125,0.0,35.01655578613281,0.0,0.0,0.0,0.0,3.240573481998172,-17.841827392578125,0.0,35.01655578613281
15,-23.099960327148438,0.0,31.794368743896484,0.0,0.0,0.0,0.0,3.240573481998172,-23.099960327148438,0.0,31.794368743896484
16,-27.789297103881836,0.0,27.789297103881836,0.0,0.0,0.0,0.0,3.240573481998172,-27.789297103881836,0.0,27.789297103881836
17,-31.794368743896484,0.0,23.099960327148438,0.0,0.0,0.0,0.0,3.240573481998172,-31.794368743896484,0.0,23.099960327148438
18,-35.01655578613281,0.0,17.841827392578125,0.0,0.0,0.0,0.0,3.240573481998172,-35.01655578613281,0.0,17.841827392578125
19,-37.376522064208984,0.0,12.144368171691895,0.0,0.0,0.0,0.0,3.240573481998172,-37.376522064208984,0.0,12.144368171691895
20,-38.8161506652832,0.0,6.147873878479004,0.0,0.0,0.0,0.0,3.240573481998172,-38.8161506652832,0.0,6.147873878479004
21,-39.29999923706055,0.0,0.0,0.0,0.0,0.0,0.0,3.240573481998172,-39.29999923706055,0.0,0.0
22,-38.8161506652832,0.0,-6.147873878479004,0.0,0.0,0.0,0.0,3.240573481998172,-38.8161506652832,0.0,-6.147873878479004
23,-37.376522064208984,0.0,-12.144368171691895,0.0,0.0,0.0,0.0,3.240573481998172,-37.376522064208984,0.0,-12.144368171691895
24,-35.01655578613281,0.0,-17.841827392578125,0.0,0.0,0.0,0.0,3.240573481998172,-35.01655578613281,0.0,-17.841827392578125
25,-31.794368743896484,0.0,-23.099960327148438,0.0,0.0,0.0,0.0,3.240573481998172,-31.794368743896484,0.0,-23.099960327148438
26,-27.789297103881836,0.0,-27.789297103881836,0.0,0.0,0.0,0.0,3.240573481998172,-27.789297103881836,0.0,-27.789297103881836
27,-23.099960327148438,0.0,-31.794368743896484,0.0,0.0,0.0,0.0,3.240573481998172,-23.099960327148438,0.0,-31.794368743896484
28,-17.841827392578125,0.0,-35.01655578613281,0.0,0.0,0.0,0.0,3.240573481998172,-17.841827392578125,0.0,-35.01655578613281
29,-12.144368171691895,0.0,-37.376522064208984,0.0,0.0,0.0,0.0,3.240573481998172,-12.144368171691895,0.0,-37.376522064208984
30,-6.147873878479004,0.0,-38.8161506652832,0.0,0.0,0.0,0.0,3.240573481998172,-6.147873878479004,0.0,-38.8161506652832
31,-0.0,0.0,-39.29999923706055,0.0,0.0,0.0,0.0,3.240573481998172,0.0,0.0,-39.29999923706055
32,6.147873878479004,0.0,-38.8161506652832,0.0,0.0,0.0,0.0,3.240573481998172,6.147873878479004,0.0,-38.8161506652832
33,12.144368171691895,0.0,-37.376522064208984,0.0,0.0,0.0,0.0,3.240573481998172,12.144368171691895,0.0,-37.376522064208984
34,17.841827392578125,0.0,-35.01655578613281,0.0,0.0,0.0,0.0,3.240573481998172,17.841827392578125,0.0,-35.01655578613281
35,23.099960327148438,0.0,-31.794368743896484,0.0,0.0,0.0,0.0,3.240573481998172,23.099960327148438,0.0,-31.794368743896484
36,27.789297103881836,0.0,-27.789297103881836,0.0,0.0,0.0,0.0,3.240573481998172,27.789297103881836,0.0,-27.789297103881836
37,31.794368743896484,0.0,-23.099960327148438,0.0,0.0,0.0,0.0,3.240573481998172,31.794368743896484,0.0,-23.099960327148438
38,35.01655578613281,0.0,-17.841827392578125,0.0,0.0,0.0,0.0,3.240573481998172,35.01655578613281,0.0,-17.841827392578125
39,37.376522064208984,0.0,-12.144368171691895,0.0,0.0,0.0,0.0,3.240573481998172,37.376522064208984,0.0,-12.144368171691895
40,38.8161506652832,0.0,-6.147873878479004,0.0,0.0,0.0,0.0,3.240573481998172,38.8161506652832,0.0,-6.147873878479004
41,35.599605560302734,1.8250000476837158,0.0,0.3336029648780823,0.6410648226737976,1.7417925435303516e-10,0.722672164440155,3.240573481998172,36.680670481802615,3.902417712282285,5.644406727706604e-10
42,35.16131591796875,1.8250000476837158,5.569005012512207,0.19498774409294128,0.37235143780708313,0.005935357417911291,0.42035824060440063,3.240573481998172,35.79318803079098,3.031632243025241,5.588238974366871
43,33.85723876953125,1.8250000476837158,11.000883102416992,-0.09327534586191177,-0.20533986389636993,-0.0604265071451664,0.2334868460893631,3.240573481998172,33.55497315720693,1.1595811299440255,10.805066565752593
44,31.719482421875,1.8250000476837158,16.161882400512695,-0.27648699283599854,-0.6046822667121887,-0.15077219903469086,0.6817755699157715,3.240573481998172,30.823506004773243,-0.13451727085834886,15.673294010498326
45,28.800687789916992,1.8250000476837158,20.924924850463867,-0.21917620301246643,-0.4967614412307739,-0.13690048456192017,0.5599570274353027,3.240573481998172,28.090431198549744,0.21520809435207644,20.481288770519807
46,25.1727237701416,1.8250000476837158,25.1727237701416,-0.013721827417612076,0.017530517652630806,0.02816825546324253,0.035903457552194595,3.240573481998172,25.128257180087534,1.881808978314532,25.264005071829935
47,20.924924850463867,1.8250000476837158,28.800687789916992,0.1414245367050171,0.5052435994148254,0.22281953692436218,0.5700180530548096,3.240573481998172,21.383221453814024,3.462279057896706,29.522750872545192
48,16.161882400512695,1.8250000476837158,31.719482421875,0.14278754591941833,0.5683257579803467,0.2584736943244934,0.6404616236686707,3.240573481998172,16.624595935378757,3.666701428131338,32.55708542149706
49,11.000883102416992,1.8250000476837158,33.85723876953125,0.052706681191921234,0.1663036346435547,0.07257617264986038,0.18895024061203003,3.240573481998172,11.171682975811663,2.3639191960695314,34.092427190045306
50,5.569005012512207,1.8250000476837158,35.16131591796875,-0.007422683294862509,-0.362337589263916,-0.1906067579984665,0.40948083996772766,3.240573481998172,5.544951261861605,0.6508184643839241,34.54364071250928
51,0.0,1.8250000476837158,35.599605560302734,-0.0010134839685633779,-0.5842903256416321,-0.3038810193538666,0.6585893034934998,3.240573481998172,-0.003284269272956751,-0.06843568737863359,34.614856787302024
52,-5.569005012512207,1.8250000476837158,35.16131591796875,0.0033317520283162594,-0.32502448558807373,-0.1696239709854126,0.36663922667503357,3.240573481998172,-5.5582082252406515,0.771734318686907,34.611636975682195
53,-11.000883102416992,1.8250000476837158,33.85723876953125,-0.05634868144989014,0.1938134878873825,0.08888331800699234,0.22054269909858704,3.240573481998172,-11.183485145269069,2.4530668969851415,34.14527169285672
54,-16.161882400512695,1.8250000476837158,31.719482421875,-0.1353047490119934,0.5434197783470154,0.2486349195241928,0.6127248406410217,3.240573481998172,-16.60034738214938,3.585991770988378,32.52520214878385
55,-20.924924850463867,1.8250000476837158,28.800687789916992,-0.12164130061864853,0.4433879852294922,0.195865198969841,0.49975261092185974,3.240573481998172,-21.319112423564427,3.2618313948550055,29.435403359744953
56,-25.1727237701416,1.8250000476837158,25.1727237701416,0.025241918861865997,-0.01473903562873602,0.013153350912034512,0.0320531465113163,3.240573481998172,-25.09092547724309,1.7772371196750076,25.21534817030656
57,-28.800687789916992,1.8250000476837158,20.924924850463867,0.19980646669864655,-0.4527297019958496,-0.1261516660451889,0.5106868147850037,3.240573481998172,-28.153200252401607,0.35789618088303077,20.51612110676794
58,-31.719482421875,1.8250000476837158,16.161882400512695,0.23537641763687134,-0.5170230269432068,-0.1297154724597931,0.5827014446258545,3.240573481998172,-30.956727844593228,0.14954893698913363,15.741529880254626
59,-33.85723876953125,1.8250000476837158,11.000883102416992,0.07163485884666443,-0.16152681410312653,-0.05009907856583595,0.18366378545761108,3.240573481998172,-33.625100745566066,1.3015605372694756,10.838533356944001
60,-35.16131591796875,1.8250000476837158,5.569005012512207,-0.16864928603172302,0.3216347098350525,0.0049652764573693275,0.36320260167121887,3.240573481998172,-35.707836322041075,2.8672809592653636,5.585095355730748
61,-35.599605560302734,1.8250000476837158,0.0,-0.2815585434436798,0.5416454672813416,-1.5354206794881975e-10,0.610454797744751,3.240573481998172,-36.51201670981635,3.5802419856001397,-4.975643537661067e-10
62,-35.16131591796875,1.8250000476837158,-5.569005012512207,-0.16864928603172302,0.3216347098350525,-0.004965277388691902,0.36320260167121887,3.240573481998172,-35.707836322041075,2.8672809592653636,-5.5850953587487675
63,-33.85723876953125,1.8250000476837158,-11.000883102416992,0.07163485139608383,-0.16152681410312653,0.050099074840545654,0.1836637705564499,3.240573481998172,-33.62510076971022,1.3015605372694756,-10.838533369016078
64,-31.719482421875,1.8250000476837158,-16.161882400512695,0.23537641763687134,-0.5170230269432068,0.1297154724597931,0.5827014446258545,3.240573481998172,-30.956727844593228,0.14954893698913363,-15.741529880254626
65,-28.800687789916992,1.8250000476837158,-20.924924850463867,0.19980646669864655,-0.4527297019958496,0.1261516660451889,0.5106868147850037,3.240573481998172,-28.153200252401607,0.35789618088303077,-20.51612110676794
66,-25.1727237701416,1.8250000476837158,-25.1727237701416,0.025241920724511147,-0.014739041216671467,-0.013153348118066788,0.0320531502366066,3.240573481998172,-25.09092547120705,1.7772371015668922,-25.2153481612525
67,-20.924924850463867,1.8250000476837158,-28.800687789916992,-0.12164129316806793,0.4433879852294922,-0.195865198969841,0.49975261092185974,3.240573481998172,-21.319112399420273,3.2618313948550055,-29.435403359744953
68,-16.161882400512695,1.8250000476837158,-31.719482421875,-0.1353047490119934,0.5434197783470154,-0.2486349195241928,0.6127248406410217,3.240573481998172,-16.60034738214938,3.585991770988378,-32.52520214878385
69,-11.000883102416992,1.8250000476837158,-33.85723876953125,-0.056348685175180435,0.1938135027885437,-0.08888331800699234,0.22054272890090942,3.240573481998172,-11.183485157341146,2.4530669452734495,-34.14527169285672
70,-5.569005012512207,1.8250000476837158,-35.16131591796875,0.003331751562654972,-0.32502445578575134,0.1696239560842514,0.3666391670703888,3.240573481998172,-5.558208226749661,0.7717344152635226,-34.6116370239705
71,-0.0,1.8250000476837158,-35.599605560302734,-0.0010134843178093433,-0.5842903256416321,0.3038810193538666,0.6585893034934998,3.240573481998172,-0.0032842704047139656,-0.06843568737863359,-34.614856787302024
72,5.569005012512207,1.8250000476837158,-35.16131591796875,-0.007422684226185083,-0.362337589263916,0.19060677289962769,0.40948083996772766,3.240573481998172,5.544951258843586,0.6508184643839241,-34.543640664220966
73,11.000883102416992,1.8250000476837158,-33.85723876953125,0.052706681191921234,0.1663036197423935,-0.07257617264986038,0.18895022571086884,3.240573481998172,11.171682975811663,2.363919147781224,-34.092427190045306
74,16.161882400512695,1.8250000476837158,-31.719482421875,0.14278754591941833,0.5683257579803467,-0.2584736943244934,0.6404616236686707,3.240573481998172,16.624595935378757,3.666701428131338,-32.55708542149706
75,20.924924850463867,1.8250000476837158,-28.800687789916992,0.1414245367050171,0.5052436590194702,-0.22281953692436218,0.5700181126594543,3.240573481998172,21.383221453814024,3.462279251049938,-29.522750872545192
76,25.1727237701416,1.8250000476837158,-25.1727237701416,-0.013721824623644352,0.017530525103211403,-0.02816825918853283,0.035903461277484894,3.240573481998172,25.12825718914159,1.881809002458686,-25.264005083902013
77,28.800687789916992,1.8250000476837158,-20.924924850463867,-0.21917620301246643,-0.49676141142845154,0.13690048456192017,0.5599570274353027,3.240573481998172,28.090431198549744,0.21520819092869203,-20.481288770519807
78,31.719482421875,1.8250000476837158,-16.161882400512695,-0.27648699283599854,-0.6046822667121887,0.15077219903469086,0.6817755699157715,3.240573481998172,30.823506004773243,-0.13451727085834886,-15.673294010498326
79,33.85723876953125,1.8250000476837158,-11.000883102416992,-0.09327534586191177,-0.20533987879753113,0.0604265071451664,0.23348687589168549,3.240573481998172,33.55497315720693,1.1595810816557177,-10.805066565752593
80,35.16131591796875,1.8250000476837158,-5.569005012512207,0.19498774409294128,0.37235140800476074,-0.005935356952250004,0.42035821080207825,3.240573481998172,35.79318803079098,3.0316321464486253,-5.588238972857862
81,31.899213790893555,3.6500000953674316,0.0,0.5183149576187134,1.0,3.6879624354391183e-10,1.126343846321106,3.240573481998172,33.57885149787576,6.890573577365604,1.1951113270889402e-09
82,31.506481170654297,3.6500000953674316,4.99013614654541,0.30451011657714844,0.5796060562133789,-0.0048452941700816154,0.6547465920448303,3.240573481998172,32.49326857943438,5.528256111138049,4.9744346147453635
83,30.337953567504883,3.6500000953674316,9.857398986816406,-0.14142651855945587,-0.3230558931827545,-0.10932613909244537,0.369213730096817,3.240573481998172,29.879650541809788,2.603113734716163,9.503119599584185
84,28.422407150268555,3.6500000953674316,14.481940269470215,-0.4283759295940399,-0.9444582462310791,-0.2378651201725006,1.0639958381652832,3.240573481998172,27.034223472499793,0.5894137477764967,13.711120868746901
85,25.807004928588867,3.6500000953674316,18.749887466430664,-0.34566232562065125,-0.7718139886856079,-0.20272645354270935,0.8696420192718506,3.240573481998172,24.686860762456767,1.1488801505976136,18.092937496980625
86,22.556150436401367,3.6500000953674316,22.556150436401367,-0.03045520931482315,0.033528584986925125,0.05745559185743332,0.07316304743289948,3.240573481998172,22.457458092707046,3.758651938764983,22.742339503767077
87,18.749887466430664,3.6500000953674316,25.807004928588867,0.2148309350013733,0.7926269769668579,0.35245275497436523,0.8936625719070435,3.240573481998172,19.446062897508988,6.218566058042607,26.949153980015993
88,14.481940269470215,3.6500000953674316,28.422407150268555,0.22752490639686584,0.8848537802696228,0.39753687381744385,0.9963781237602234,3.240573481998172,15.219251447634015,6.517433791155009,29.710654601677817
89,9.857398986816406,3.6500000953674316,30.337953567504883,0.09532294422388077,0.25154054164886475,0.1041111946105957,0.28844109177589417,3.240573481998172,10.166299992094306,4.4651357042822,30.67533354393913
90,4.99013614654541,3.6500000953674316,31.506481170654297,-0.0011376104084774852,-0.5738036036491394,-0.30212482810020447,0.6484838128089905,3.240573481998172,4.9864496364228525,1.790547353507041,30.527423464459517
91,0.0,3.6500000953674316,31.899213790893555,-0.003736854763701558,-0.9136187434196472,-0.47310155630111694,1.0288528203964233,3.240573481998172,-0.012109552453329814,0.6893514227852311,30.36609343325209
92,-4.99013614654541,3.6500000953674316,31.506481170654297,-0.008740192279219627,-0.5004611015319824,-0.2622751295566559,0.5650892853736877,3.240573481998172,-5.018459381873014,2.0282191209712948,30.656559340825364
93,-9.857398986816406,3.6500000953674316,30.337953567504883,-0.10207181423902512,0.3123321235179901,0.13872161507606506,0.3566702902317047,3.240573481998172,-10.188170201298835,4.662135292416008,30.787491154700337
94,-14.481940269470215,3.6500000953674316,28.422407150268555,-0.21378439664840698,0.8531503081321716,0.38743487000465393,0.9610801339149475,3.240573481998172,-15.174724316114022,6.414696360059116,29.677918316007045
95,-18.749887466430664,3.6500000953674316,25.807004928588867,-0.1801232099533081,0.6896015405654907,0.3092134892940521,0.7769219279289246,3.240573481998172,-19.333589964097744,5.884704560869047,26.809033962271297
96,-22.556150436401367,3.6500000953674316,22.556150436401367,0.05165977030992508,-0.02913692221045494,0.028371520340442657,0.0657467469573021,3.240573481998172,-22.388743154648907,3.5555797579051878,22.648090432860577
97,-25.807004928588867,3.6500000953674316,18.749887466430664,0.31691718101501465,-0.7117978930473328,-0.19164294004440308,0.8023837804794312,3.240573481998172,-24.780011515801995,1.3433667186160743,18.128854436910604
98,-28.422407150268555,3.6500000953674316,14.481940269470215,0.3642556667327881,-0.8091269135475159,-0.20677867531776428,0.9111125469207764,3.240573481998172,-27.24200989598672,1.0279648757543245,13.811858777592757
99,-30.337953567504883,3.6500000953674316,9.857398986816406,0.1066579595208168,-0.25127357244491577,-0.09061399847269058,0.287619948387146,3.240573481998172,-29.99232061223769,2.835729619775491,9.563757666267982
100,-31.506481170654297,3.6500000953674316,4.99013614654541,-0.26524263620376587,0.5049193501472473,-0.0030289976857602596,0.5703563690185547,3.240573481998172,-32.36601942383151,5.286228352002351,4.980320456967902
101,-31.899213790893555,3.6500000953674316,0.0,-0.43930134177207947,0.8490599393844604,-3.196586884079977e-10,0.9559751152992249,3.240573481998172,-33.32280206964637,6.40144121956369,-1.0358774689452738e-09
102,-31.506481170654297,3.6500000953674316,-4.99013614654541,-0.26524266600608826,0.5049193501472473,0.0030289965216070414,0.5703563690185547,3.240573481998172,-32.36601952040812,5.286228352002351,-4.980320460740426
103,-30.337953567504883,3.6500000953674316,-9.857398986816406,0.1066579595208168,-0.25127357244491577,0.09061399847269058,0.287619948387146,3.240573481998172,-29.99232061223769,2.835729619775491,-9.563757666267982
104,-28.422407150268555,3.6500000953674316,-14.481940269470215,0.3642556667327881,-0.8091269135475159,0.20677867531776428,0.9111125469207764,3.240573481998172,-27.24200989598672,1.0279648757543245,-13.811858777592757
105,-25.807004928588867,3.6500000953674316,-18.749887466430664,0.31691718101501465,-0.7117978930473328,0.19164294004440308,0.8023837804794312,3.240573481998172,-24.780011515801995,1.3433667186160743,-18.128854436910604
106,-22.556150436401367,3.6500000953674316,-22.556150436401367,0.05165977403521538,-0.029136931523680687,-0.02837151661515236,0.06574675440788269,3.240573481998172,-22.388743142576832,3.5555797277249956,-22.6480904207885
107,-18.749887466430664,3.6500000953674316,-25.807004928588867,-0.1801232099533081,0.6896015405654907,-0.3092134892940521,0.7769219279289246,3.240573481998172,-19.333589964097744,5.884704560869047,-26.809033962271297
108,-14.481940269470215,3.6500000953674316,-28.422407150268555,-0.21378439664840698,0.8531503081321716,-0.3874348998069763,0.9610801339149475,3.240573481998172,-15.174724316114022,6.414696360059116,-29.67791841258366
109,-9.857398986816406,3.6500000953674316,-30.337953567504883,-0.10207182168960571,0.3123321533203125,-0.13872162997722626,0.3566703200340271,3.240573481998172,-10.188170225442988,4.662135388992624,-30.787491202988644
110,-4.99013614654541,3.6500000953674316,-31.506481170654297,-0.008740193210542202,-0.5004610419273376,0.2622751295566559,0.565089225769043,3.240573481998172,-5.018459384891034,2.028219314124526,-30.656559340825364
111,-0.0,3.6500000953674316,-31.899213790893555,-0.0037368552293628454,-0.9136187434196472,0.47310155630111694,1.0288528203964233,3.240573481998172,-0.012109553962339434,0.6893514227852311,-30.36609343325209
112,4.99013614654541,3.6500000953674316,-31.506481170654297,-0.0011376114562153816,-0.5738036036491394,0.30212482810020447,0.6484838128089905,3.240573481998172,4.986449633027581,1.790547353507041,-30.527423464459517
113,9.857398986816406,3.6500000953674316,-30.337953567504883,0.09532294422388077,0.25154054164886475,-0.1041111871600151,0.28844109177589417,3.240573481998172,10.166299992094306,4.4651357042822,-30.675333519794975
114,14.481940269470215,3.6500000953674316,-28.422407150268555,0.22752490639686584,0.8848537802696228,-0.39753687381744385,0.9963781237602234,3.240573481998172,15.219251447634015,6.517433791155009,-29.710654601677817
115,18.749887466430664,3.6500000953674316,-25.807004928588867,0.2148309350013733,0.7926269769668579,-0.35245275497436523,0.8936625719070435,3.240573481998172,19.446062897508988,6.218566058042607,-26.949153980015993
116,22.556150436401367,3.6500000953674316,-22.556150436401367,-0.030455205589532852,0.03352859616279602,-0.05745559558272362,0.07316304743289948,3.240573481998172,22.457458104779125,3.758651974981214,-22.742339515839152
117,25.807004928588867,3.6500000953674316,-18.749887466430664,-0.34566232562065125,-0.7718139886856079,0.20272643864154816,0.8696420192718506,3.240573481998172,24.686860762456767,1.1488801505976136,-18.092937545268935
118,28.422407150268555,3.6500000953674316,-14.481940269470215,-0.4283759295940399,-0.9444582462310791,0.2378651201725006,1.0639958381652832,3.240573481998172,27.034223472499793,0.5894137477764967,-13.711120868746901
119,30.337953567504883,3.6500000953674316,-9.857398986816406,-0.14142651855945587,-0.3230559229850769,0.10932614654302597,0.3692137598991394,3.240573481998172,29.879650541809788,2.603113638139548,-9.50311957544003
120,31.506481170654297,3.6500000953674316,-4.99013614654541,0.30451011657714844,0.5796060562133789,0.004845295567065477,0.6547465920448303,3.240573481998172,32.49326857943438,5.528256111138049,-4.974434610218334
121,29.349109649658203,5.474999904632568,0.0,-0.014982236549258232,0.25461044907569885,-7.051741135466472e-11,0.2550508677959442,3.240573481998172,29.300558611195655,6.300083774146924,-2.2851685325508326e-10
122,28.987773895263672,5.474999904632568,4.591211795806885,-0.012642321176826954,0.14472146332263947,0.007815178483724594,0.14548265933990479,3.240573481998172,28.94680552450714,5.943980440951885,4.616537455958325
123,27.912662506103516,5.474999904632568,9.069374084472656,-0.004397723823785782,-0.08865495026111603,0.010891604237258434,0.08942967653274536,3.240573481998172,27.898411358899004,5.187707023768529,9.104669128340335
124,26.15024757385254,5.474999904632568,13.324216842651367,0.008600148372352123,-0.24334025382995605,0.009447107091546059,0.2436753809452057,3.240573481998172,26.178116986609233,4.686437930968509,13.354830887373828
125,23.743928909301758,5.474999904632568,17.250974655151367,0.01832260936498642,-0.18949048221111298,0.00576141569763422,0.1904614269733429,3.240573481998172,23.803304671330945,4.860942072888189,17.26964494607989
126,20.752954483032227,5.474999904632568,20.752954483032227,0.01651136763393879,0.022558480501174927,8.853867257130332e-06,0.02795550599694252,3.240573481998172,20.80646078313829,5.548102318338849,20.752983174639674
127,17.250974655151367,5.474999904632568,23.743928909301758,0.004083781503140926,0.21208034455776215,-0.007761197630316019,0.2122616022825241,3.240573481998172,17.26420844919672,6.162261845259488,23.71877817807241
128,13.324216842651367,5.474999904632568,26.15024757385254,-0.009443912655115128,0.22234618663787842,-0.014105245471000671,0.22299320995807648,3.240573481998172,13.293613149734893,6.195529060874693,26.10453848942214
129,9.069374084472656,5.474999904632568,27.912662506103516,-0.014858684502542019,0.04799310117959976,-0.013713364489376545,0.05207854136824608,3.240573481998172,9.021223425496341,5.630525075634035,27.868223340790266
130,4.591211795806885,5.474999904632568,28.987773895263672,-0.010394928976893425,-0.16449220478534698,-0.004420122131705284,0.16487957537174225,3.240573481998172,4.55752626461711,4.941950827809761,28.973450164696473
131,0.0,5.474999904632568,29.349109649658203,-0.0016355101251974702,-0.23924589157104492,0.009511436335742474,0.23944047093391418,3.240573481998172,-0.005299990741254432,4.69970601273043,29.379932158023525
132,-4.591211795806885,5.474999904632568,28.987773895263672,0.004396799020469189,-0.11622783541679382,0.018593180924654007,0.11778771877288818,3.240573481998172,-4.576963645495477,5.0983550633108585,29.0480264643141
133,-9.069374084472656,5.474999904632568,27.912662506103516,0.0056160311214625835,0.10023817420005798,0.01463047880679369,0.10145581513643265,3.240573481998172,-9.051174922946368,5.79982907382919,27.96007364775375
134,-13.324216842651367,5.474999904632568,26.15024757385254,0.004951557144522667,0.23151560127735138,-0.00025708272005431354,0.23156867921352386,3.240573481998172,-13.308170957874228,6.225243222800815,26.14941447840725
135,-17.250974655151367,5.474999904632568,23.743928909301758,0.003959728870540857,0.1743101179599762,-0.013272921554744244,0.17485956847667694,3.240573481998172,-17.23814286277759,6.03986465053764,23.700917031682813
136,-20.752954483032227,5.474999904632568,20.752954483032227,0.0009224460227414966,-0.020473472774028778,-0.014151384122669697,0.024905335158109665,3.240573481998172,-20.749965228912355,5.408654111676639,20.707095882910732
137,-23.743928909301758,5.474999904632568,17.250974655151367,-0.00361205218359828,-0.19595426321029663,-0.004926880821585655,0.19604946672916412,3.240573481998172,-23.75563402982352,4.839995715588791,17.23500873581197
138,-26.15024757385254,5.474999904632568,13.324216842651367,-0.0056354328989982605,-0.21425259113311768,0.005385770928114653,0.21439434587955475,3.240573481998172,-26.168509608264614,4.78069863935719,13.341669829101132
139,-27.912662506103516,5.474999904632568,9.069374084472656,-0.0027401132974773645,-0.06277405470609665,0.009868286550045013,0.06360403448343277,3.240573481998172,-27.921542044592993,5.271575967594489,9.101352992179491
140,-28.987773895263672,5.474999904632568,4.591211795806885,0.002721593715250492,0.13731949031352997,0.007126437965780497,0.13753122091293335,3.240573481998172,-28.978954370841258,5.919993803504099,4.614305541699898
141,-29.349109649658203,5.474999904632568,0.0,0.005481639876961708,0.2277350127696991,5.263625993401355e-11,0.22780096530914307,3.240573481998172,-29.331345992835058,6.212991947936571,1.7057166813372715e-10
142,-28.987773895263672,5.474999904632568,-4.591211795806885,0.002721593715250492,0.13731950521469116,-0.007126437965780497,0.13753123581409454,3.240573481998172,-28.978954370841258,5.919993851792406,-4.614305541699898
143,-27.912662506103516,5.474999904632568,-9.069374084472656,-0.0027401132974773645,-0.06277405470609665,-0.009868286550045013,0.06360403448343277,3.240573481998172,-27.921542044592993,5.271575967594489,-9.101352992179491
144,-26.15024757385254,5.474999904632568,-13.324216842651367,-0.0056354328989982605,-0.21425259113311768,-0.005385770928114653,0.21439434587955475,3.240573481998172,-26.168509608264614,4.78069863935719,-13.341669829101132
145,-23.743928909301758,5.474999904632568,-17.250974655151367,-0.00361205218359828,-0.19595426321029663,0.004926880821585655,0.19604946672916412,3.240573481998172,-23.75563402982352,4.839995715588791,-17.23500873581197
146,-20.752954483032227,5.474999904632568,-20.752954483032227,0.0009224459645338356,-0.020473476499319077,0.014151384122669697,0.024905337020754814,3.240573481998172,-20.749965229100983,5.408654099604562,-20.707095882910732
147,-17.250974655151367,5.474999904632568,-23.743928909301758,0.003959728870540857,0.1743101179599762,0.013272921554744244,0.17485956847667694,3.240573481998172,-17.23814286277759,6.03986465053764,-23.700917031682813
148,-13.324216842651367,5.474999904632568,-26.15024757385254,0.004951557144522667,0.23151560127735138,0.00025708292378112674,0.23156867921352386,3.240573481998172,-13.308170957874228,6.225243222800815,-26.149414477747058
149,-9.069374084472656,5.474999904632568,-27.912662506103516,0.0056160311214625835,0.10023817420005798,-0.014630477875471115,0.10145581513643265,3.240573481998172,-9.051174922946368,5.79982907382919,-27.96007364473573
150,-4.591211795806885,5.474999904632568,-28.987773895263672,0.004396799020469189,-0.11622783541679382,-0.018593180924654007,0.11778771877288818,3.240573481998172,-4.576963645495477,5.0983550633108585,-29.0480264643141
151,-0.0,5.474999904632568,-29.349109649658203,-0.0016355100087821484,-0.23924589157104492,-0.009511436335742474,0.23944047093391418,3.240573481998172,-0.005299990364002027,4.69970601273043,-29.379932158023525
152,4.591211795806885,5.474999904632568,-28.987773895263672,-0.010394928976893425,-0.16449221968650818,0.004420122131705284,0.16487959027290344,3.240573481998172,4.55752626461711,4.941950779521452,-28.973450164696473
153,9.069374084472656,5.474999904632568,-27.912662506103516,-0.014858684502542019,0.047993097454309464,0.013713364489376545,0.05207854136824608,3.240573481998172,9.021223425496341,5.630525063561958,-27.868223340790266
154,13.324216842651367,5.474999904632568,-26.15024757385254,-0.009443912655115128,0.22234618663787842,0.014105245471000671,0.22299320995807648,3.240573481998172,13.293613149734893,6.195529060874693,-26.10453848942214
155,17.250974655151367,5.474999904632568,-23.743928909301758,0.004083781503140926,0.21208034455776215,0.007761198095977306,0.2122616022825241,3.240573481998172,17.26420844919672,6.162261845259488,-23.7187781765634
156,20.752954483032227,5.474999904632568,-20.752954483032227,0.01651136763393879,0.022558482363820076,-8.853731742419768e-06,0.02795550785958767,3.240573481998172,20.80646078313829,5.548102324374887,-20.752983174200526
157,23.743928909301758,5.474999904632568,-17.250974655151367,0.01832260936498642,-0.18949048221111298,-0.005761415231972933,0.1904614269733429,3.240573481998172,23.803304671330945,4.860942072888189,-17.269644944570878
158,26.15024757385254,5.474999904632568,-13.324216842651367,0.008600149303674698,-0.24334026873111725,-0.009447107091546059,0.24367539584636688,3.240573481998172,26.178116989627252,4.686437882680201,-13.354830887373828
159,27.912662506103516,5.474999904632568,-9.069374084472656,-0.0043977233581244946,-0.08865495771169662,-0.010891604237258434,0.08942968398332596,3.240573481998172,27.898411360408012,5.187706999624375,-9.104669128340335
160,28.987773895263672,5.474999904632568,-4.591211795806885,-0.012642321176826954,0.14472146332263947,-0.007815178483724594,0.14548265933990479,3.240573481998172,28.94680552450714,5.943980440951885,-4.616537455958325
161,26.799007415771484,7.300000190734863,0.0,-0.583353579044342,-0.5377122759819031,-5.764108079731045e-10,0.7933699488639832,3.240573481998172,24.908607276891665,5.557504048243025,-1.867901579054783e-09
162,26.469066619873047,7.300000190734863,4.192287921905518,-0.34980449080467224,-0.3152846395969391,0.026821574196219444,0.4716852605342865,3.240573481998172,25.33549946308755,6.278297148375672,4.279205203991233
163,25.487369537353516,7.300000190734863,8.281349182128906,0.14328165352344513,0.1655808687210083,0.1462554633617401,0.26331979036331177,3.240573481998172,25.951684264218443,7.836577163038383,8.755300758296316
164,23.878089904785156,7.300000190734863,12.166495323181152,0.4747495651245117,0.5041822791099548,0.2757580876350403,0.7454055547714233,3.240573481998172,25.416550756117815,8.933839914511983,13.060109669417791
165,21.68085289001465,7.300000190734863,15.752060890197754,0.40499699115753174,0.4238497018814087,0.2223498821258545,0.6269853115081787,3.240573481998172,22.993275399848795,8.673516295004587,16.47260202194022
166,18.94976043701172,7.300000190734863,18.94976043701172,0.06541986018419266,-0.00027474487433210015,-0.07184940576553345,0.09717083722352982,3.240573481998172,19.161758301120642,7.2991098597807875,18.716927157990604
167,15.752060890197754,7.300000190734863,21.68085289001465,-0.22059400379657745,-0.4127878248691559,-0.39857804775238037,0.614751935005188,3.240573481998172,15.037209811206761,5.962330911772171,20.389231437961683
168,12.166495323181152,7.300000190734863,23.878089904785156,-0.26251545548439026,-0.47843512892723083,-0.44949018955230713,0.707004964351654,3.240573481998172,11.315794699523765,5.749595999076902,22.421483916103618
169,8.281349182128906,7.300000190734863,25.487369537353516,-0.1349724531173706,-0.1544947624206543,-0.12756794691085815,0.24157768487930298,3.240573481998172,7.843961029756514,6.799348560526884,25.07397623144124
170,4.192287921905518,7.300000190734863,26.469066619873047,-0.023790528997778893,0.2847478985786438,0.32388222217559814,0.4319109320640564,3.240573481998172,4.115192964512607,8.222746679923521,27.518630760345932
171,0.0,7.300000190734863,26.799007415771484,0.0005292847636155784,0.48012521862983704,0.5255587100982666,0.7118514180183411,3.240573481998172,0.0017151861693983142,8.855881242265287,28.502119034949093
172,-4.192287921905518,7.300000190734863,26.469066619873047,0.02469976432621479,0.2802754044532776,0.3099386990070343,0.41860049962997437,3.240573481998172,-4.112246520618381,8.208253234062466,27.473445748920255
173,-8.281349182128906,7.300000190734863,25.487369537353516,0.12982387840747833,-0.14178071916103363,-0.12734858691692352,0.2305941879749298,3.240573481998172,-7.860645364431477,6.840549351962988,25.074687083620592
174,-12.166495323181152,7.300000190734863,23.878089904785156,0.24253372848033905,-0.437181293964386,-0.41752195358276367,0.651363730430603,3.240573481998172,-11.380546954177621,5.883282082688226,22.52507933385278
175,-15.752060890197754,7.300000190734863,21.68085289001465,0.19510681927204132,-0.3686408996582031,-0.3560202717781067,0.548373281955719,3.240573481998172,-15.119802905507767,6.105392266922541,20.527143038236733
176,-18.94976043701172,7.300000190734863,18.94976043701172,-0.06319309771060944,-0.0005168945644982159,-0.05825931951403618,0.08595221489667892,3.240573481998172,-19.154542313698038,7.298325155916161,18.760966831115276
177,-21.68085289001465,7.300000190734863,15.752060890197754,-0.35221436619758606,0.36066317558288574,0.1945444792509079,0.5403521656990051,3.240573481998172,-22.82222942509334,8.468755713462013,16.38249657072739
178,-23.878089904785156,7.300000190734863,12.166495323181152,-0.40047138929367065,0.4206395745277405,0.233887180685997,0.6261135935783386,3.240573481998172,-25.175846869229193,8.663113641428453,12.92442391869151
179,-25.487369537353516,7.300000190734863,8.281349182128906,-0.11596307903528214,0.1355222463607788,0.12199806421995163,0.2160954475402832,3.240573481998172,-25.86315641616611,7.739169988512426,8.676692873895192
180,-26.469066619873047,7.300000190734863,4.192287921905518,0.29219844937324524,-0.25789788365364075,0.02238497883081436,0.39037463068962097,3.240573481998172,-25.522176073353123,6.464263147903425,4.264828090699745
181,-26.799007415771484,7.300000190734863,0.0,0.4830164313316345,-0.4378526508808136,4.843278555988206e-10,0.6519353985786438,3.240573481998172,-25.2337571770288,5.881106501267896,1.569500005446578e-09
182,-26.469066619873047,7.300000190734863,-4.192287921905518,0.29219844937324524,-0.25789788365364075,-0.02238497883081436,0.39037463068962097,3.240573481998172,-25.522176073353123,6.464263147903425,-4.264828090699745
183,-25.487369537353516,7.300000190734863,-8.281349182128906,-0.11596307158470154,0.1355222463607788,-0.12199806421995163,0.216095432639122,3.240573481998172,-25.863156392021956,7.739169988512426,-8.676692873895192
184,-23.878089904785156,7.300000190734863,-12.166495323181152,-0.40047138929367065,0.4206395745277405,-0.233887180685997,0.6261135935783386,3.240573481998172,-25.175846869229193,8.663113641428453,-12.92442391869151
185,-21.68085289001465,7.300000190734863,-15.752060890197754,-0.35221439599990845,0.36066317558288574,-0.1945444792509079,0.5403521656990051,3.240573481998172,-22.822229521669954,8.468755713462013,-16.38249657072739
186,-18.94976043701172,7.300000190734863,-18.94976043701172,-0.06319309771060944,-0.0005168893840163946,0.05825931578874588,0.08595221489667892,3.240573481998172,-19.154542313698038,7.298325172703893,-18.76096684318735
187,-15.752060890197754,7.300000190734863,-21.68085289001465,0.19510680437088013,-0.3686408996582031,0.3560202717781067,0.548373281955719,3.240573481998172,-15.119802953796075,6.105392266922541,-20.527143038236733
188,-12.166495323181152,7.300000190734863,-23.878089904785156,0.24253372848033905,-0.437181293964386,0.41752195358276367,0.651363730430603,3.240573481998172,-11.380546954177621,5.883282082688226,-22.52507933385278
189,-8.281349182128906,7.300000190734863,-25.487369537353516,0.12982387840747833,-0.14178071916103363,0.12734858691692352,0.2305941879749298,3.240573481998172,-7.860645364431477,6.840549351962988,-25.074687083620592
190,-4.192287921905518,7.300000190734863,-26.469066619873047,0.02469976618885994,0.2802754044532776,-0.3099386990070343,0.41860049962997437,3.240573481998172,-4.112246514582343,8.208253234062466,-27.473445748920255
191,-0.0,7.300000190734863,-26.799007415771484,0.0005292858113534749,0.48012521862983704,-0.5255587100982666,0.7118514180183411,3.240573481998172,0.0017151895646699575,8.855881242265287,-28.502119034949093
192,4.192287921905518,7.300000190734863,-26.469066619873047,-0.023790527135133743,0.2847478985786438,-0.32388225197792053,0.4319109618663788,3.240573481998172,4.115192970548645,8.222746679923521,-27.518630856922545
193,8.281349182128906,7.300000190734863,-25.487369537353516,-0.1349724531173706,-0.1544947624206543,0.12756794691085815,0.24157768487930298,3.240573481998172,7.843961029756514,6.799348560526884,-25.07397623144124
194,12.166495323181152,7.300000190734863,-23.878089904785156,-0.26251545548439026,-0.47843512892723083,0.44949018955230713,0.707004964351654,3.240573481998172,11.315794699523765,5.749595999076902,-22.421483916103618
195,15.752060890197754,7.300000190734863,-21.68085289001465,-0.22059400379657745,-0.4127878248691559,0.39857804775238037,0.614751935005188,3.240573481998172,15.037209811206761,5.962330911772171,-20.389231437961683
196,18.94976043701172,7.300000190734863,-18.94976043701172,0.06541985273361206,-0.0002747508115135133,0.07184941321611404,0.09717083722352982,3.240573481998172,19.16175827697649,7.299109840540915,-18.71692713384645
197,21.68085289001465,7.300000190734863,-15.752060890197754,0.40499699115753174,0.4238497018814087,-0.2223498821258545,0.6269853115081787,3.240573481998172,22.993275399848795,8.673516295004587,-16.47260202194022
198,23.878089904785156,7.300000190734863,-12.166495323181152,0.4747495651245117,0.5041822791099548,-0.2757580876350403,0.7454055547714233,3.240573481998172,25.416550756117815,8.933839914511983,-13.060109669417791
199,25.487369537353516,7.300000190734863,-8.281349182128906,0.14328166842460632,0.1655808836221695,-0.1462554782629013,0.26331982016563416,3.240573481998172,25.95168431250675,7.836577211326691,-8.755300806584625
200,26.469066619873047,7.300000190734863,-4.192287921905518,-0.34980449080467224,-0.3152846395969391,-0.026821576058864594,0.4716852605342865,3.240573481998172,25.33549946308755,6.278297148375672,-4.279205210027271
201,25.172077178955078,9.125,0.0,-0.6991056799888611,-0.6364910006523132,-4.856088864357844e-10,0.9454467296600342,3.240573481998172,22.906573851268874,7.062404141755632,-1.5736512800064646e-09
202,24.862167358398438,9.125,3.9377810955047607,-0.4124629497528076,-0.3710910975933075,0.004079851787537336,0.5548431277275085,3.240573481998172,23.525550861122746,7.922452029733532,3.951002155017937
203,23.9400691986084,9.125,7.778600215911865,0.18719513714313507,0.20096008479595184,0.14489205181598663,0.3105167746543884,3.240573481998172,24.546688795993454,9.776225921729866,8.248133556779056
204,22.428485870361328,9.125,11.427884101867676,0.576555073261261,0.5995875000953674,0.32203054428100586,0.8919779062271118,3.240573481998172,24.296854951683283,11.068007352946625,12.47144774405814
205,20.364639282226562,9.125,14.7957763671875,0.4694020450115204,0.49706050753593445,0.2797606587409973,0.7386971712112427,3.240573481998172,21.885771101686608,10.735761099669501,15.702361339209915
206,17.799346923828125,9.125,17.799346923828125,0.0460323728621006,-0.011262644082307816,-0.07034742087125778,0.08482090383768082,3.240573481998172,17.9485182106385,9.08850257424969,17.57138093722576
207,14.7957763671875,9.125,20.364639282226562,-0.2862917184829712,-0.49790918827056885,-0.47376763820648193,0.7445349097251892,3.240573481998172,13.868027016155898,7.51148868804716,18.829360437225734
208,11.427884101867676,9.125,22.428485870361328,-0.30557170510292053,-0.5655595660209656,-0.5419758558273315,0.8408147692680359,3.240573481998172,10.437656537462185,7.292262667862064,20.672173284084014
209,7.778600215911865,9.125,23.9400691986084,-0.1288454830646515,-0.17069022357463837,-0.1497565656900406,0.26108109951019287,3.240573481998172,7.361066960217311,8.571865787847688,23.454772043078137
210,3.9377810955047607,9.125,24.862167358398438,-0.000306679867208004,0.35256537795066833,0.4000876247882843,0.5332658886909485,3.240573481998172,3.936787276859624,10.267514014457598,26.158680705762986
211,0.0,9.125,25.172077178955078,0.0015521182212978601,0.575131356716156,0.6364752054214478,0.857833981513977,3.240573481998172,0.005029753148864016,10.988755423240006,27.23462185159316
212,-3.9377810955047607,9.125,24.862167358398438,0.0072837816551327705,0.3238801658153534,0.3590185046195984,0.4835759699344635,3.240573481998172,-3.914177465824473,10.174557476686406,26.025593204015347
213,-7.778600215911865,9.125,23.9400691986084,0.13383013010025024,-0.1846362054347992,-0.17823807895183563,0.2894302010536194,3.240573481998172,-7.344913845216629,8.526672808851224,23.362475606474785
214,-11.427884101867676,9.125,22.428485870361328,0.2879016697406769,-0.5305908918380737,-0.5165824294090271,0.7945259213447571,3.240573481998172,-10.494917585483043,7.405581226119778,20.754462548352244
215,-14.7957763671875,9.125,20.364639282226562,0.2471984177827835,-0.4371383786201477,-0.41716182231903076,0.6528560519218445,3.240573481998172,-13.994711729728706,7.708420962279873,19.01279574311748
216,-17.799346923828125,9.125,17.799346923828125,-0.06340690702199936,0.009732509963214397,-0.04192490130662918,0.07663454860448837,3.240573481998172,-18.00482166529914,9.156538913700075,17.663486200418472
217,-20.364639282226562,9.125,14.7957763671875,-0.423408180475235,0.4405784010887146,0.2548859119415283,0.6620805263519287,3.240573481998172,-21.736724603935706,10.552726683309244,15.621752894360139
218,-22.428485870361328,9.125,11.427884101867676,-0.49136003851890564,0.5067819356918335,0.2767521142959595,0.7581915259361267,3.240573481998172,-24.020774181299295,10.76726410195866,12.324719664542089
219,-23.9400691986084,9.125,7.778600215911865,-0.14651015400886536,0.1601603478193283,0.12112405896186829,0.24857111275196075,3.240573481998172,-24.414846118532996,9.64401137601092,8.171111629415678
220,-24.862167358398438,9.125,3.9377810955047607,0.3552228510379791,-0.3138887882232666,0.0035040457732975483,0.4740482270717621,3.240573481998172,-23.711041607124976,8.107820316587143,3.9491362133174164
221,-25.172077178955078,9.125,0.0,0.5906361937522888,-0.5302333235740662,4.2150016810182933e-10,0.7937244772911072,3.240573481998172,-23.258077191973076,7.406739952354125,1.36590226740856e-09
222,-24.862167358398438,9.125,-3.9377810955047607,0.3552228510379791,-0.3138887882232666,-0.0035040443763136864,0.4740482270717621,3.240573481998172,-23.711041607124976,8.107820316587143,-3.949136208790388
223,-23.9400691986084,9.125,-7.778600215911865,-0.14651013910770416,0.16016033291816711,-0.12112405896186829,0.24857109785079956,3.240573481998172,-24.41484607024469,9.64401132772261,-8.171111629415678
224,-22.428485870361328,9.125,-11.427884101867676,-0.49136003851890564,0.5067819356918335,-0.2767521142959595,0.7581915259361267,3.240573481998172,-24.020774181299295,10.76726410195866,-12.324719664542089
225,-20.364639282226562,9.125,-14.7957763671875,-0.423408180475235,0.4405784010887146,-0.2548859119415283,0.6620805263519287,3.240573481998172,-21.736724603935706,10.552726683309244,-15.621752894360139
226,-17.799346923828125,9.125,-17.799346923828125,-0.06340691447257996,0.00973251648247242,0.041924893856048584,0.07663455605506897,3.240573481998172,-18.004821689443293,9.15653893482621,-17.663486224562625
227,-14.7957763671875,9.125,-20.364639282226562,0.2471984177827835,-0.4371383488178253,0.41716182231903076,0.6528559923171997,3.240573481998172,-13.994711729728706,7.708421058856488,-19.01279574311748
228,-11.427884101867676,9.125,-22.428485870361328,0.2879016697406769,-0.5305908918380737,0.5165824294090271,0.7945259213447571,3.240573481998172,-10.494917585483043,7.405581226119778,-20.754462548352244
229,-7.778600215911865,9.125,-23.9400691986084,0.13383013010025024,-0.1846362203359604,0.17823807895183563,0.2894302308559418,3.240573481998172,-7.344913845216629,8.526672760562915,-23.362475606474785
230,-3.9377810955047607,9.125,-24.862167358398438,0.0072837830521166325,0.323880136013031,-0.3590185046195984,0.4835759401321411,3.240573481998172,-3.914177461297444,10.174557380109789,-26.025593204015347
231,-0.0,9.125,-25.172077178955078,0.0015521191526204348,0.575131356716156,-0.6364752054214478,0.857833981513977,3.240573481998172,0.005029756166883254,10.988755423240006,-27.23462185159316
232,3.9377810955047607,9.125,-24.862167358398438,-0.00030667841201648116,0.35256537795066833,-0.4000876247882843,0.5332658886909485,3.240573481998172,3.936787281575279,10.267514014457598,-26.158680705762986
233,7.778600215911865,9.125,-23.9400691986084,-0.1288454830646515,-0.17069020867347717,0.1497565656900406,0.26108109951019287,3.240573481998172,7.361066960217311,8.571865836135995,-23.454772043078137
234,11.427884101867676,9.125,-22.428485870361328,-0.30557170510292053,-0.5655595660209656,0.5419758558273315,0.8408147692680359,3.240573481998172,10.437656537462185,7.292262667862064,-20.672173284084014
235,14.7957763671875,9.125,-20.364639282226562,-0.2862917184829712,-0.49790918827056885,0.47376763820648193,0.7445349097251892,3.240573481998172,13.868027016155898,7.51148868804716,-18.829360437225734
236,17.799346923828125,9.125,-17.799346923828125,0.046032365411520004,-0.011262650601565838,0.07034742832183838,0.08482091128826141,3.240573481998172,17.948518186494347,9.088502553123554,-17.571380913081608
237,20.364639282226562,9.125,-14.7957763671875,0.4694020450115204,0.49706050753593445,-0.2797606587409973,0.7386971712112427,3.240573481998172,21.885771101686608,10.735761099669501,-15.702361339209915
238,22.428485870361328,9.125,-11.427884101867676,0.576555073261261,0.5995875000953674,-0.32203054428100586,0.8919779062271118,3.240573481998172,24.296854951683283,11.068007352946625,-12.47144774405814
239,23.9400691986084,9.125,-7.778600215911865,0.18719513714313507,0.20096008479595184,-0.14489205181598663,0.3105167746543884,3.240573481998172,24.546688795993454,9.776225921729866,-8.248133556779056
240,24.862167358398438,9.125,-3.9377810955047607,-0.4124629497528076,-0.3710910975933075,-0.004079853184521198,0.5548431277275085,3.240573481998172,23.525550861122746,7.922452029733532,-3.951002159544966
241,23.545148849487305,10.949999809265137,0.0,-0.4609268605709076,-0.4213483929634094,-4.541687581571807e-10,0.6244902014732361,3.240573481998172,22.051481487980553,9.584589380345367,-1.4717672340362008e-09
242,23.255268096923828,10.949999809265137,3.6832730770111084,-0.273894727230072,-0.2450122833251953,0.021883854642510414,0.36814162135124207,3.240573481998172,22.367692107002934,10.156019501157687,3.7541893160495303
243,22.39276695251465,10.949999809265137,7.275850772857666,0.1193382740020752,0.13483558595180511,0.11734271049499512,0.2149222493171692,3.240573481998172,22.779491398633205,11.38694443353024,7.656108448793535
244,20.9788818359375,10.949999809265137,10.689273834228516,0.3795938789844513,0.3986700773239136,0.21877950429916382,0.5923629403114319,3.240573481998172,22.208983694103335,12.241919489907172,11.39824489426509
245,19.048425674438477,10.949999809265137,13.83949089050293,0.31708669662475586,0.3284381330013275,0.1714736670255661,0.48766669631004333,3.240573481998172,20.07596841501506,12.014327713546228,14.395163908726964
246,16.64893341064453,10.949999809265137,16.64893341064453,0.042014747858047485,-0.011636022478342056,-0.0674099400639534,0.08027911186218262,3.240573481998172,16.785085288406158,10.912292423385887,16.430486546450197
247,13.83949089050293,10.949999809265137,19.048425674438477,-0.1840054839849472,-0.33533334732055664,-0.3258380591869354,0.5024707913398743,3.240573481998172,13.24320759855907,9.863327456308458,17.992523500411544
248,10.689273834228516,10.949999809265137,20.9788818359375,-0.2110755890607834,-0.37692829966545105,-0.355553537607193,0.55950528383255,3.240573481998172,10.005267877620998,9.728535956754616,19.82668447053699
249,7.275850772857666,10.949999809265137,22.39276695251465,-0.10433459281921387,-0.10885735601186752,-0.08533093333244324,0.17325414717197418,3.240573481998172,6.937746858112645,10.597239548052645,22.11624579276338
250,3.6832730770111084,10.949999809265137,23.255268096923828,-0.01494942419230938,0.24234920740127563,0.2791605293750763,0.3699827194213867,3.240573481998172,3.634828369402369,11.735350224152986,24.159908305637273
251,0.0,10.949999809265137,23.545148849487305,0.003683833172544837,0.3877832293510437,0.4290398061275482,0.5783290863037109,3.240573481998172,0.011937732091053995,12.206639859063744,24.935483867945873
252,-3.6832730770111084,10.949999809265137,23.255268096923828,0.024897439405322075,0.21346987783908844,0.2377571314573288,0.3204960525035858,3.240573481998172,-3.6025910951045654,11.641764634595877,24.0257375522804
253,-7.275850772857666,10.949999809265137,22.39276695251465,0.1121111586689949,-0.1311808079481125,-0.12340878695249557,0.21214863657951355,3.240573481998172,-6.912546325038831,10.524898761681388,21.99285171007083
254,-10.689273834228516,10.949999809265137,20.9788818359375,0.20079733431339264,-0.3619726002216339,-0.3516009449958801,0.5431086421012878,3.240573481998172,-10.038575317396614,9.777000999776984,19.83949313733835
255,-13.83949089050293,10.949999809265137,19.048425674438477,0.1543961614370346,-0.29418233036994934,-0.288806289434433,0.44021642208099365,3.240573481998172,-13.339158784027767,9.996680350595854,18.112527671462963
256,-16.64893341064453,10.949999809265137,16.64893341064453,-0.06272878497838974,0.011126681230962276,-0.03870546817779541,0.07454405725002289,3.240573481998172,-16.852210647803467,10.98605663740484,16.523505496859244
257,-19.048425674438477,10.949999809265137,13.83949089050293,-0.298722505569458,0.30283185839653015,0.1673499345779419,0.45710858702659607,3.240573481998172,-20.016457904462914,11.931348699089158,14.381800650710337
258,-20.9788818359375,10.949999809265137,10.689273834228516,-0.3323192596435547,0.3455714285373688,0.19574248790740967,0.5178521275520325,3.240573481998172,-22.05578681629567,12.06984941671956,11.323591749841615
259,-22.39276695251465,10.949999809265137,7.275850772857666,-0.09205437451601028,0.10789208114147186,0.10112779587507248,0.17418822646141052,3.240573481998172,-22.69107591747316,11.299632026329785,7.60356282646335
260,-23.255268096923828,10.949999809265137,3.6832730770111084,0.24762950837612152,-0.21573816239833832,0.018369324505329132,0.3289388120174408,3.240573481998172,-22.452806478719925,10.250884441142066,3.7428002228852972
261,-23.545148849487305,10.949999809265137,0.0,0.4058586061000824,-0.36330604553222656,4.0653480581909207e-10,0.5447131991386414,3.240573481998172,-22.229934213118636,9.772679872263783,1.317405911246626e-09
262,-23.255268096923828,10.949999809265137,-3.6832730770111084,0.24762950837612152,-0.21573816239833832,-0.018369324505329132,0.3289388120174408,3.240573481998172,-22.452806478719925,10.250884441142066,-3.7428002228852972
263,-22.39276695251465,10.949999809265137,-7.275850772857666,-0.09205436706542969,0.10789207369089127,-0.10112779587507248,0.17418822646141052,3.240573481998172,-22.691075893329007,11.299632002185632,-7.60356282646335
264,-20.9788818359375,10.949999809265137,-10.689273834228516,-0.3323192596435547,0.3455714285373688,-0.19574248790740967,0.5178521275520325,3.240573481998172,-22.05578681629567,12.06984941671956,-11.323591749841615
265,-19.048425674438477,10.949999809265137,-13.83949089050293,-0.298722505569458,0.30283185839653015,-0.1673499345779419,0.45710858702659607,3.240573481998172,-20.016457904462914,11.931348699089158,-14.381800650710337
266,-16.64893341064453,10.949999809265137,-16.64893341064453,-0.06272879242897034,0.01112668588757515,0.03870546445250511,0.07454406470060349,3.240573481998172,-16.85221067194762,10.986056652494936,-16.52350550893132
267,-13.83949089050293,10.949999809265137,-19.048425674438477,0.1543961614370346,-0.29418233036994934,0.2888062596321106,0.44021639227867126,3.240573481998172,-13.339158784027767,9.996680350595854,-18.11252776803958
268,-10.689273834228516,10.949999809265137,-20.9788818359375,0.20079733431339264,-0.3619726002216339,0.3516009747982025,0.5431086421012878,3.240573481998172,-10.038575317396614,9.777000999776984,-19.839493040761738
269,-7.275850772857666,10.949999809265137,-22.39276695251465,0.1121111586689949,-0.1311808079481125,0.12340879440307617,0.21214863657951355,3.240573481998172,-6.912546325038831,10.524898761681388,-21.992851685926674
270,-3.6832730770111084,10.949999809265137,-23.255268096923828,0.024897441267967224,0.21346987783908844,-0.2377571314573288,0.3204960525035858,3.240573481998172,-3.602591089068527,11.641764634595877,-24.0257375522804
271,-0.0,10.949999809265137,-23.545148849487305,0.003683833871036768,0.3877832293510437,-0.4290398061275482,0.5783290863037109,3.240573481998172,0.011937734354568423,12.206639859063744,-24.935483867945873
272,3.6832730770111084,10.949999809265137,-23.255268096923828,-0.014949423260986805,0.24234920740127563,-0.2791605293750763,0.3699827194213867,3.240573481998172,3.634828372420388,11.735350224152986,-24.159908305637273
273,7.275850772857666,10.949999809265137,-22.39276695251465,-0.10433459281921387,-0.10885734856128693,0.08533092588186264,0.173254132270813,3.240573481998172,6.937746858112645,10.597239572196798,-22.116245816907533
274,10.689273834228516,10.949999809265137,-20.9788818359375,-0.2110755890607834,-0.37692829966545105,0.355553537607193,0.55950528383255,3.240573481998172,10.005267877620998,9.728535956754616,-19.82668447053699
275,13.83949089050293,10.949999809265137,-19.048425674438477,-0.1840054839849472,-0.33533334732055664,0.3258380591869354,0.5024707913398743,3.240573481998172,13.24320759855907,9.863327456308458,-17.992523500411544
276,16.64893341064453,10.949999809265137,-16.64893341064453,0.04201474413275719,-0.01163602713495493,0.0674099400639534,0.08027911186218262,3.240573481998172,16.785085276334083,10.91229240829579,-16.430486546450197
277,19.048425674438477,10.949999809265137,-13.83949089050293,0.31708669662475586,0.3284381031990051,-0.1714736670255661,0.48766669631004333,3.240573481998172,20.07596841501506,12.014327616969611,-14.395163908726964
278,20.9788818359375,10.949999809265137,-10.689273834228516,0.3795938789844513,0.3986700773239136,-0.21877950429916382,0.5923629403114319,3.240573481998172,22.208983694103335,12.241919489907172,-11.39824489426509
279,22.39276695251465,10.949999809265137,-7.275850772857666,0.11933828145265579,0.13483558595180511,-0.11734271049499512,0.2149222493171692,3.240573481998172,22.779491422777358,11.38694443353024,-7.656108448793535
280,23.255268096923828,10.949999809265137,-3.6832730770111084,-0.273894727230072,-0.2450122833251953,-0.021883854642510414,0.36814162135124207,3.240573481998172,22.367692107002934,10.156019501157687,-3.7541893160495303
281,22.440183639526367,12.774999618530273,0.0,-0.08279978483915329,-0.19022485613822937,-9.25712007049384e-11,0.20746397972106934,3.240573481998172,22.171864852461454,12.15856199411181,-2.9998377820115386e-10
282,22.163909912109375,12.774999618530273,3.510417938232422,-0.048211269080638885,-0.11034354567527771,0.005906945560127497,0.12056083977222443,3.240573481998172,22.007677751993178,12.417423250505314,3.5295598293741777
283,21.34188461303711,12.774999618530273,6.934398174285889,0.02414732798933983,0.06173950061202049,0.02388088032603264,0.07046385854482651,3.240573481998172,21.420135803780475,12.975071007005397,7.011785921797202
284,19.99435043334961,12.774999618530273,10.187630653381348,0.07087768614292145,0.18106545507907867,0.04059544578194618,0.19863618910312653,3.240573481998172,20.22403478352975,13.361755530765468,10.319183178472217
285,18.154491424560547,12.774999618530273,13.190009117126465,0.05683258920907974,0.14833636581897736,0.02797655016183853,0.16129571199417114,3.240573481998172,18.338661606064786,13.25569451201923,13.280669183698711
286,15.867607116699219,12.774999618530273,15.867607116699219,0.003567126812413335,-0.007378592621535063,-0.01963815465569496,0.02127968892455101,3.240573481998172,15.87916665325445,12.75108874694646,15.803968233486595
287,13.190009117126465,12.774999618530273,18.154491424560547,-0.038807958364486694,-0.1551094502210617,-0.06706706434488297,0.1733868271112442,3.240573481998172,13.06424907636002,12.272356047336585,17.937155674329055
288,10.187630653381348,12.774999618530273,19.99435043334961,-0.042071159929037094,-0.1726321130990982,-0.06630508601665497,0.18965281546115875,3.240573481998172,10.051295968158406,12.215572570680026,19.779483929882428
289,6.934398174285889,12.774999618530273,21.34188461303711,-0.019824819639325142,-0.04734913259744644,-0.0065557402558624744,0.05174883455038071,3.240573481998172,6.870154389477295,12.621561275039372,21.320640255009092
290,3.510417938232422,12.774999618530273,22.163909912109375,-0.001787936664186418,0.11537063121795654,0.0670275017619133,0.13344012200832367,3.240573481998172,3.5046239980909673,13.148866626656574,22.38111745688362
291,0.0,12.774999618530273,22.440183639526367,0.002705763094127178,0.1810639351606369,0.09079664945602417,0.20257221162319183,3.240573481998172,0.008768224131397858,13.36175060535807,22.734416854007844
292,-3.510417938232422,12.774999618530273,22.163909912109375,0.009196876548230648,0.09725718945264816,0.042447254061698914,0.10651437938213348,3.240573481998172,-3.4806147839730146,13.090168687604198,22.301463358005357
293,-6.934398174285889,12.774999618530273,21.34188461303711,0.028911447152495384,-0.06507745385169983,-0.03709390014410019,0.08029261231422424,3.240573481998172,-6.840708505317321,12.564111347302495,21.22167910388625
294,-10.187630653381348,12.774999618530273,19.99435043334961,0.04565054178237915,-0.17223884165287018,-0.08238264918327332,0.1963086724281311,3.240573481998172,-10.03969671824252,12.2168469956999,19.727383405029535
295,-13.190009117126465,12.774999618530273,18.154491424560547,0.030466735363006592,-0.13802699744701385,-0.06281750649213791,0.15467937290668488,3.240573481998172,-13.09127942242605,12.32771299080365,17.950926678816877
296,-15.867607116699219,12.774999618530273,15.867607116699219,-0.02111094817519188,0.007758882362395525,-0.004476950969547033,0.02293284796178341,3.240573481998172,-15.936018695535584,12.800142846963796,15.853099228107098
297,-18.154491424560547,12.774999618530273,13.190009117126465,-0.0731167420744896,0.1459370255470276,0.04138197749853134,0.1683928221464157,3.240573481998172,-18.39143160001724,13.247919273559662,13.32411045604085
298,-19.99435043334961,12.774999618530273,10.187630653381348,-0.07688494026660919,0.1651456207036972,0.04666741192340851,0.18804843723773956,3.240573481998172,-20.243501731942597,13.310166137650803,10.338859830933831
299,-21.34188461303711,12.774999618530273,6.934398174285889,-0.018627889454364777,0.05082792788743973,0.024536188691854477,0.05943484976887703,3.240573481998172,-21.402249657628516,12.939711253787227,7.013909496710015
300,-22.163909912109375,12.774999618530273,3.510417938232422,0.06075350195169449,-0.10417097806930542,0.005116045940667391,0.12070109695196152,3.240573481998172,-21.96703372474619,12.43742590940507,3.526996861040433
301,-22.440183639526367,12.774999618530273,0.0,0.09738592803478241,-0.17479121685028076,1.0445481285481506e-10,0.2000899463891983,3.240573481998172,-22.12459738361707,12.208575836319062,3.384934966043955e-10
302,-22.163909912109375,12.774999618530273,-3.510417938232422,0.06075350567698479,-0.10417098551988602,-0.005116045940667391,0.12070110440254211,3.240573481998172,-21.967033712674112,12.437425885260915,-3.526996861040433
303,-21.34188461303711,12.774999618530273,-6.934398174285889,-0.018627887591719627,0.05082792416214943,-0.024536188691854477,0.05943484604358673,3.240573481998172,-21.402249651592477,12.939711241715148,-7.013909496710015
304,-19.99435043334961,12.774999618530273,-10.187630653381348,-0.07688494026660919,0.165145605802536,-0.04666741192340851,0.18804842233657837,3.240573481998172,-20.243501731942597,13.310166089362495,-10.338859830933831
305,-18.154491424560547,12.774999618530273,-13.190009117126465,-0.0731167420744896,0.1459370255470276,-0.04138197749853134,0.1683928221464157,3.240573481998172,-18.39143160001724,13.247919273559662,-13.32411045604085
306,-15.867607116699219,12.774999618530273,-15.867607116699219,-0.02111094817519188,0.0077588846907019615,0.004476950503885746,0.02293284796178341,3.240573481998172,-15.936018695535584,12.800142854508843,-15.853099229616108
307,-13.190009117126465,12.774999618530273,-18.154491424560547,0.030466733500361443,-0.13802699744701385,0.06281750649213791,0.15467937290668488,3.240573481998172,-13.091279428462089,12.32771299080365,-17.950926678816877
308,-10.187630653381348,12.774999618530273,-19.99435043334961,0.04565054178237915,-0.17223884165287018,0.08238264918327332,0.1963086724281311,3.240573481998172,-10.03969671824252,12.2168469956999,-19.727383405029535
309,-6.934398174285889,12.774999618530273,-21.34188461303711,0.028911447152495384,-0.06507745385169983,0.03709390014410019,0.08029261231422424,3.240573481998172,-6.840708505317321,12.564111347302495,-21.22167910388625
310,-3.510417938232422,12.774999618530273,-22.163909912109375,0.009196877479553223,0.09725718945264816,-0.042447254061698914,0.10651437938213348,3.240573481998172,-3.4806147809549954,13.090168687604198,-22.301463358005357
311,-0.0,12.774999618530273,-22.440183639526367,0.002705763326957822,0.1810639351606369,-0.09079664945602417,0.20257221162319183,3.240573481998172,0.008768224885902667,13.36175060535807,-22.734416854007844
312,3.510417938232422,12.774999618530273,-22.163909912109375,-0.0017879364313557744,0.11537063121795654,-0.0670275017619133,0.13344012200832367,3.240573481998172,3.5046239988454717,13.148866626656574,-22.38111745688362
313,6.934398174285889,12.774999618530273,-21.34188461303711,-0.019824819639325142,-0.04734913259744644,0.0065557393245399,0.05174883455038071,3.240573481998172,6.870154389477295,12.621561275039372,-21.32064025802711
314,10.187630653381348,12.774999618530273,-19.99435043334961,-0.042071159929037094,-0.1726321130990982,0.06630508601665497,0.18965281546115875,3.240573481998172,10.051295968158406,12.215572570680026,-19.779483929882428
315,13.190009117126465,12.774999618530273,-18.154491424560547,-0.038807958364486694,-0.1551094502210617,0.06706706434488297,0.1733868271112442,3.240573481998172,13.06424907636002,12.272356047336585,-17.937155674329055
316,15.867607116699219,12.774999618530273,-15.867607116699219,0.0035671258810907602,-0.007378594949841499,0.01963815465569496,0.02127968892455101,3.240573481998172,15.879166650236431,12.751088739401412,-15.803968233486595
317,18.154491424560547,12.774999618530273,-13.190009117126465,0.05683258920907974,0.14833636581897736,-0.027976548299193382,0.16129571199417114,3.240573481998172,18.338661606064786,13.25569451201923,-13.280669177662672
318,19.99435043334961,12.774999618530273,-10.187630653381348,0.07087768614292145,0.18106545507907867,-0.04059544578194618,0.19863618910312653,3.240573481998172,20.22403478352975,13.361755530765468,-10.319183178472217
319,21.34188461303711,12.774999618530273,-6.934398174285889,0.02414732798933983,0.06173950433731079,-0.02388088032603264,0.0704638659954071,3.240573481998172,21.420135803780475,12.975071019077474,-7.011785921797202
320,22.163909912109375,12.774999618530273,-3.510417938232422,-0.048211269080638885,-0.11034354567527771,-0.005906945560127497,0.12056083977222443,3.240573481998172,22.007677751993178,12.417423250505314,-3.5295598293741777
321,21.335220336914062,14.600000381469727,0.0,0.2617432773113251,0.021335743367671967,2.448416469569281e-10,0.26261141896247864,3.240573481998172,22.183418660460436,14.669140425645722,7.934273484173796e-10
322,21.072547912597656,14.600000381469727,3.337563991546631,0.1573537290096283,0.01278794463723898,-0.009710204787552357,0.15817084908485413,3.240573481998172,21.582464234119783,14.641440655750424,3.306097359407317
323,20.291000366210938,14.600000381469727,6.5929460525512695,-0.06296204030513763,-0.005654950626194477,-0.06279341131448746,0.08910223841667175,3.240573481998172,20.08696724802561,14.581675098428471,6.389459389001337
324,19.00982093811035,14.600000381469727,9.68598747253418,-0.21117271482944489,-0.018821965903043747,-0.1228470653295517,0.2450297623872757,3.240573481998172,18.32550023831249,14.539006417885249,9.287892530285937
325,17.260555267333984,14.600000381469727,12.540528297424316,-0.18089625239372253,-0.016730304807424545,-0.10249613970518112,0.2085876613855362,3.240573481998172,16.674347668834038,14.54578459936504,12.208382025088527
326,15.086278915405273,14.600000381469727,15.086278915405273,-0.03106321021914482,-0.002356887562200427,0.02618071250617504,0.04069284349679947,3.240573481998172,14.985616300103379,14.592362714135609,15.171119438092601
327,12.540528297424316,14.600000381469727,17.260555267333984,0.09487435221672058,0.012142754159867764,0.17238743603229523,0.19714465737342834,3.240573481998172,12.847975607339576,14.639349868598616,17.819189421169895
328,9.68598747253418,14.600000381469727,19.00982093811035,0.11324330419301987,0.01608038879930973,0.19969488680362701,0.2301318496465683,3.240573481998172,10.052960721115932,14.65211006299299,19.656946892776812
329,6.5929460525512695,14.600000381469727,20.291000366210938,0.057740215212106705,0.008097624406218529,0.0634986087679863,0.0862066000699997,3.240573481998172,6.78005746281249,14.6262413283877,20.49677227392825
330,3.337563991546631,14.600000381469727,21.072547912597656,0.010473035275936127,-0.004313696175813675,-0.1320880949497223,0.13257282972335815,3.240573481998172,3.3715026319378607,14.586021532032987,20.64450673481593
331,0.0,14.600000381469727,21.335220336914062,0.0021857572719454765,-0.011675904504954815,-0.22317536175251007,0.22349126636981964,3.240573481998172,0.007083107053551178,14.562163754952627,20.61200417778353
332,-3.337563991546631,14.600000381469727,21.072547912597656,-0.005655922926962376,-0.009631816297769547,-0.13641919195652008,0.1368757039308548,3.240573481998172,-3.3558924253999707,14.568787772991696,20.630471496707738
333,-6.5929460525512695,14.600000381469727,20.291000366210938,-0.04969022795557976,-0.001260746968910098,0.04640395939350128,0.06800026446580887,3.240573481998172,-6.753970887578565,14.595914838274767,20.441375806481236
334,-9.68598747253418,14.600000381469727,19.00982093811035,-0.09994067996740341,0.006284276954829693,0.16974446177482605,0.19708071649074554,3.240573481998172,-10.009852589809412,14.62036504272308,19.559890339653904
335,-12.540528297424316,14.600000381469727,17.260555267333984,-0.08481837809085846,0.007676223758608103,0.14700381457805634,0.16989174485206604,3.240573481998172,-12.815388484251647,14.624875748623756,17.73693193060821
336,-15.086278915405273,14.600000381469727,15.086278915405273,0.019388681277632713,0.0031294983346015215,0.02565932460129261,0.032312776893377304,3.240573481998172,-15.023448469006063,14.610141750784793,15.169429842274205
337,-17.260555267333984,14.600000381469727,12.540528297424316,0.13960115611553192,-0.0026726755313575268,-0.07759619504213333,0.15973977744579315,3.240573481998172,-16.808167462769706,14.591339380016825,12.289072125466822
338,-19.00982093811035,14.600000381469727,9.68598747253418,0.16304343938827515,-0.004946950823068619,-0.09302158653736115,0.18777818977832794,3.240573481998172,-18.48146669201493,14.583969423815741,9.384544185947808
339,-20.291000366210938,14.600000381469727,6.5929460525512695,0.049776215106248856,-0.0025595473125576973,-0.04676978290081024,0.06834936141967773,3.240573481998172,-20.129696883503392,14.591705980322732,6.441385134324093
340,-21.072547912597656,14.600000381469727,3.337563991546631,-0.11569495499134064,0.0016508044209331274,-0.006890099495649338,0.11591169238090515,3.240573481998172,-21.447465915743567,14.605349934500168,3.3152361178327006
341,-21.335220336914062,14.600000381469727,0.0,-0.193415567278862,0.003662570146843791,-1.7718231049013156e-10,0.19345024228096008,3.240573481998172,-21.961997695243575,14.611869209163547,-5.741722968534868e-10
342,-21.072547912597656,14.600000381469727,-3.337563991546631,-0.11569495499134064,0.0016508044209331274,0.0068900990299880505,0.11591169238090515,3.240573481998172,-21.447465915743567,14.605349934500168,-3.3152361193417104
343,-20.291000366210938,14.600000381469727,-6.5929460525512695,0.04977621138095856,-0.0025595473125576973,0.04676978290081024,0.06834936141967773,3.240573481998172,-20.129696895575467,14.591705980322732,-6.441385134324093
344,-19.00982093811035,14.600000381469727,-9.68598747253418,0.16304342448711395,-0.004946950823068619,0.09302158653736115,0.18777817487716675,3.240573481998172,-18.48146674030324,14.583969423815741,-9.384544185947808
345,-17.260555267333984,14.600000381469727,-12.540528297424316,0.13960115611553192,-0.0026726755313575268,0.07759620249271393,0.15973977744579315,3.240573481998172,-16.808167462769706,14.591339380016825,-12.289072101322667
346,-15.086278915405273,14.600000381469727,-15.086278915405273,0.019388683140277863,0.0031294983346015215,-0.02565932273864746,0.032312776893377304,3.240573481998172,-15.023448462970023,14.610141750784793,-15.169429836238168
347,-12.540528297424316,14.600000381469727,-17.260555267333984,-0.08481837809085846,0.007676223758608103,-0.14700381457805634,0.16989174485206604,3.240573481998172,-12.815388484251647,14.624875748623756,-17.73693193060821
348,-9.68598747253418,14.600000381469727,-19.00982093811035,-0.09994067996740341,0.006284276954829693,-0.16974446177482605,0.19708071649074554,3.240573481998172,-10.009852589809412,14.62036504272308,-19.559890339653904
349,-6.5929460525512695,14.600000381469727,-20.291000366210938,-0.04969022795557976,-0.0012607468524947762,-0.04640396311879158,0.06800026446580887,3.240573481998172,-6.753970887578565,14.59591483865202,-20.441375818553315
350,-3.337563991546631,14.600000381469727,-21.072547912597656,-0.005655923392623663,-0.009631816297769547,0.13641919195652008,0.1368757039308548,3.240573481998172,-3.35589242690898,14.568787772991696,-20.630471496707738
351,-0.0,14.600000381469727,-21.335220336914062,0.0021857568062841892,-0.011675904504954815,0.22317536175251007,0.22349126636981964,3.240573481998172,0.007083105544541559,14.562163754952627,-20.61200417778353
352,3.337563991546631,14.600000381469727,-21.072547912597656,0.010473035275936127,-0.004313696175813675,0.13208810985088348,0.13257284462451935,3.240573481998172,3.3715026319378607,14.586021532032987,-20.64450668652762
353,6.5929460525512695,14.600000381469727,-20.291000366210938,0.057740215212106705,0.008097624406218529,-0.0634986087679863,0.0862066000699997,3.240573481998172,6.78005746281249,14.6262413283877,-20.49677227392825
354,9.68598747253418,14.600000381469727,-19.00982093811035,0.11324330419301987,0.01608038879930973,-0.19969487190246582,0.2301318347454071,3.240573481998172,10.052960721115932,14.65211006299299,-19.656946844488505
355,12.540528297424316,14.600000381469727,-17.260555267333984,0.09487435221672058,0.012142755091190338,-0.17238743603229523,0.19714465737342834,3.240573481998172,12.847975607339576,14.639349871616636,-17.819189421169895
356,15.086278915405273,14.600000381469727,-15.086278915405273,-0.031063208356499672,-0.0023568873293697834,-0.02618071436882019,0.04069284349679947,3.240573481998172,14.985616306139416,14.592362714890113,-15.17111944412864
357,17.260555267333984,14.600000381469727,-12.540528297424316,-0.18089625239372253,-0.016730304807424545,0.10249613970518112,0.2085876613855362,3.240573481998172,16.674347668834038,14.54578459936504,-12.208382025088527
358,19.00982093811035,14.600000381469727,-9.68598747253418,-0.21117271482944489,-0.018821965903043747,0.1228470653295517,0.2450297623872757,3.240573481998172,18.32550023831249,14.539006417885249,-9.287892530285937
359,20.291000366210938,14.600000381469727,-6.5929460525512695,-0.06296204030513763,-0.005654950626194477,0.06279341131448746,0.08910223841667175,3.240573481998172,20.08696724802561,14.581675098428471,-6.389459389001337
360,21.072547912597656,14.600000381469727,-3.337563991546631,0.1573537290096283,0.012787943705916405,0.009710204787552357,0.15817084908485413,3.240573481998172,21.582464234119783,14.641440652732404,-3.306097359407317
361,20.79163932800293,16.424999237060547,0.0,0.45007264614105225,0.07848048955202103,3.4897074119299987e-10,0.4568638503551483,3.240573481998172,22.25013281006037,16.679321030357062,1.1308653299032824e-09
362,20.535659790039062,16.424999237060547,3.2525289058685303,0.26811715960502625,0.04610526189208031,-0.006950065027922392,0.27214115858078003,3.240573481998172,21.404513147523783,16.574406726128604,3.230006709440882
363,19.774024963378906,16.424999237060547,6.4249701499938965,-0.11457402259111404,-0.02382633090019226,-0.09755196422338486,0.1523524969816208,3.240573481998172,19.40273942404428,16.34778826097207,6.1088458416147615
364,18.525487899780273,16.424999237060547,9.439207077026367,-0.3680066466331482,-0.07307395339012146,-0.20884375274181366,0.4294000566005707,3.240573481998172,17.33293531950182,16.18819772147975,8.762433550010263
365,16.820789337158203,16.424999237060547,12.22101879119873,-0.30739691853523254,-0.06177261844277382,-0.18107059597969055,0.36207082867622375,3.240573481998172,15.824647034504975,16.224820527821304,11.63424621949734
366,14.701910018920898,16.424999237060547,14.701910018920898,-0.040803566575050354,-0.001022324082441628,0.04196794331073761,0.05854301527142525,3.240573481998172,14.569683063106844,16.42168632074898,14.837910223107677
367,12.22101879119873,16.424999237060547,16.820789337158203,0.17567327618598938,0.05817130580544472,0.30111366510391235,0.3534323573112488,3.240573481998172,12.790300951502788,16.613507628066877,17.79657029536122
368,9.439207077026367,16.424999237060547,18.525487899780273,0.1966887265443802,0.06823911517858505,0.35015618801116943,0.40737253427505493,3.240573481998172,10.076591348474075,16.64613310414329,19.660194757206835
369,6.4249701499938965,16.424999237060547,19.774024963378906,0.08983514457941055,0.023366304114460945,0.10611537098884583,0.1409851461648941,3.240573481998172,6.716087537269406,16.500719462546172,20.117899620637758
370,3.2525289058685303,16.424999237060547,20.535659790039062,0.007233398966491222,-0.03790053725242615,-0.24350903928279877,0.24654699862003326,3.240573481998172,3.2759692667440548,16.30217976108685,19.746550854712375
371,0.0,16.424999237060547,20.79163932800293,0.0014839018695056438,-0.06575717031955719,-0.4013698697090149,0.4067234694957733,3.240573481998172,0.0048086930482075015,16.21190829467175,19.490970771750835
372,-3.2525289058685303,16.424999237060547,20.535659790039062,-0.005056362133473158,-0.03955588862299919,-0.23629193007946014,0.23963329195976257,3.240573481998172,-3.268914418913643,16.296815473331982,19.769938427413397
373,-6.4249701499938965,16.424999237060547,19.774024963378906,-0.08439040184020996,0.017057234421372414,0.0984114482998848,0.1307574212551117,3.240573481998172,-6.69844344833245,16.480274458602672,20.092934493064547
374,-9.439207077026367,16.424999237060547,18.525487899780273,-0.18036630749702454,0.05714716017246246,0.3168148100376129,0.36901143193244934,3.240573481998172,-10.023697350147152,16.61018880888693,19.55214957189245
375,-12.22101879119873,16.424999237060547,16.820789337158203,-0.15624117851257324,0.04917486757040024,0.2642950117588043,0.31093621253967285,3.240573481998172,-12.727329811082718,16.584354008889957,17.67725674368818
376,-14.701910018920898,16.424999237060547,14.701910018920898,0.035608381032943726,0.001606214209459722,0.03500800579786301,0.04996095597743988,3.240573481998172,-14.586518443608654,16.43020429223413,14.815356034167092
377,-16.820789337158203,16.424999237060547,12.22101879119873,0.25989267230033875,-0.04554824158549309,-0.15234698355197906,0.3046776056289673,3.240573481998172,-15.978588035136084,16.27739681322695,11.727327196237775
378,-18.525487899780273,16.424999237060547,9.439207077026367,0.30449947714805603,-0.0540168397128582,-0.17181067168712616,0.35377487540245056,3.240573481998172,-17.538734968851976,16.249953698705713,8.882441970432772
379,-19.774024963378906,16.424999237060547,6.4249701499938965,0.09266732633113861,-0.017925269901752472,-0.07895379513502121,0.12305385619401932,3.240573481998172,-19.473729683022547,16.366911082759266,6.169114575176231
380,-20.535659790039062,16.424999237060547,3.2525289058685303,-0.2179478406906128,0.03235679864883423,-0.0055005596950650215,0.22040526568889618,3.240573481998172,-21.241935783039825,16.529853820724313,3.2347039379845546
381,-20.79163932800293,16.424999237060547,0.0,-0.3640393018722534,0.05540928244590759,-2.81536433055507e-10,0.36823198199272156,3.240573481998172,-21.97133543605528,16.6045570884113,-9.123394991760296e-10
382,-20.535659790039062,16.424999237060547,-3.2525289058685303,-0.2179478406906128,0.03235679864883423,0.005500558763742447,0.22040526568889618,3.240573481998172,-21.241935783039825,16.529853820724313,-3.2347039410025737
383,-19.774024963378906,16.424999237060547,-6.4249701499938965,0.09266732633113861,-0.017925269901752472,0.07895379513502121,0.12305385619401932,3.240573481998172,-19.473729683022547,16.366911082759266,-6.169114575176231
384,-18.525487899780273,16.424999237060547,-9.439207077026367,0.30449947714805603,-0.0540168397128582,0.17181067168712616,0.35377487540245056,3.240573481998172,-17.538734968851976,16.249953698705713,-8.882441970432772
385,-16.820789337158203,16.424999237060547,-12.22101879119873,0.25989267230033875,-0.04554824158549309,0.15234698355197906,0.3046776056289673,3.240573481998172,-15.978588035136084,16.27739681322695,-11.727327196237775
386,-14.701910018920898,16.424999237060547,-14.701910018920898,0.035608384758234024,0.001606213510967791,-0.03500800579786301,0.04996095597743988,3.240573481998172,-14.586518431536577,16.430204289970618,-14.815356034167092
387,-12.22101879119873,16.424999237060547,-16.820789337158203,-0.15624117851257324,0.04917486757040024,-0.2642950117588043,0.31093621253967285,3.240573481998172,-12.727329811082718,16.584354008889957,-17.67725674368818
388,-9.439207077026367,16.424999237060547,-18.525487899780273,-0.18036630749702454,0.05714716017246246,-0.3168148100376129,0.36901143193244934,3.240573481998172,-10.023697350147152,16.61018880888693,-19.55214957189245
389,-6.4249701499938965,16.424999237060547,-19.774024963378906,-0.08439040184020996,0.017057236284017563,-0.0984114557504654,0.1307574212551117,3.240573481998172,-6.69844344833245,16.48027446463871,-20.0929345172087
390,-3.2525289058685303,16.424999237060547,-20.535659790039062,-0.0050563630647957325,-0.03955588862299919,0.23629193007946014,0.23963329195976257,3.240573481998172,-3.268914421931662,16.296815473331982,-19.769938427413397
391,-0.0,16.424999237060547,-20.79163932800293,0.0014839011710137129,-0.06575717031955719,0.4013698697090149,0.4067234694957733,3.240573481998172,0.004808690784693073,16.21190829467175,-19.490970771750835
392,3.2525289058685303,16.424999237060547,-20.535659790039062,0.007233398035168648,-0.03790053725242615,0.24350903928279877,0.24654699862003326,3.240573481998172,3.2759692637260356,16.30217976108685,-19.746550854712375
393,6.4249701499938965,16.424999237060547,-19.774024963378906,0.08983514457941055,0.023366302251815796,-0.10611537098884583,0.1409851461648941,3.240573481998172,6.716087537269406,16.500719456510136,-20.117899620637758
394,9.439207077026367,16.424999237060547,-18.525487899780273,0.1966887265443802,0.06823911517858505,-0.35015618801116943,0.40737253427505493,3.240573481998172,10.076591348474075,16.64613310414329,-19.660194757206835
395,12.22101879119873,16.424999237060547,-16.820789337158203,0.17567327618598938,0.05817130580544472,-0.30111366510391235,0.3534323573112488,3.240573481998172,12.790300951502788,16.613507628066877,-17.79657029536122
396,14.701910018920898,16.424999237060547,-14.701910018920898,-0.040803562849760056,-0.0010223232675343752,-0.04196794703602791,0.05854301154613495,3.240573481998172,14.56968307517892,16.421686323389746,-14.837910235179754
397,16.820789337158203,16.424999237060547,-12.22101879119873,-0.30739691853523254,-0.06177261471748352,0.18107058107852936,0.36207082867622375,3.240573481998172,15.824647034504975,16.22482053989338,-11.634246267785649
398,18.525487899780273,16.424999237060547,-9.439207077026367,-0.3680066466331482,-0.07307396084070206,0.20884375274181366,0.4294000566005707,3.240573481998172,17.33293531950182,16.188197697335596,-8.762433550010263
399,19.774024963378906,16.424999237060547,-6.4249701499938965,-0.11457403004169464,-0.02382633276283741,0.09755196422338486,0.15235251188278198,3.240573481998172,19.402739399900128,16.34778825493603,-6.1088458416147615
400,20.535659790039062,16.424999237060547,-3.2525289058685303,0.26811715960502625,0.04610526189208031,0.006950066424906254,0.27214115858078003,3.240573481998172,21.404513147523783,16.574406726128604,-3.2300067049138534
401,20.24806022644043,18.25,0.0,0.4786275029182434,0.0873260572552681,4.755273397272219e-10,0.4865286350250244,3.240573481998172,21.79908782015229,18.532986505428877,1.5409812870851712e-09
402,19.9987735748291,18.25,3.167494058609009,0.28754833340644836,0.051332879811525345,-0.021893510594964027,0.2929137051105499,3.240573481998172,20.930595078858808,18.41634796907183,3.0965465287471226
403,19.257049560546875,18.25,6.25699520111084,-0.11675123870372772,-0.02660733088850975,-0.12006676942110062,0.16957248747348785,3.240573481998172,18.878708592413137,18.163776989095943,5.867910012055632
404,18.041152954101562,18.25,9.192426681518555,-0.39025306701660156,-0.08181172609329224,-0.22737433016300201,0.45900946855545044,3.240573481998172,16.776509213859107,17.98488308990558,8.455603456705234
405,16.381023406982422,18.25,11.901511192321777,-0.33482515811920166,-0.06932559609413147,-0.18470706045627594,0.3886266052722931,3.240573481998172,15.295997878475491,18.025345311673643,11.302954390269337
406,14.317540168762207,18.25,14.317540168762207,-0.05561869591474533,-0.0008248792728409171,0.05785663053393364,0.08025901764631271,3.240573481998172,14.137303697677563,18.247326918102583,14.505028831428238
407,11.901511192321777,18.25,16.381023406982422,0.18154224753379822,0.06642665714025497,0.3298993706703186,0.3823659121990204,3.240573481998172,12.489812185542151,18.465260463626496,17.45008655930454
408,9.192426681518555,18.25,18.041152954101562,0.21737083792686462,0.07787159830331802,0.37447598576545715,0.4399389922618866,3.240573481998172,9.896832854664074,18.502348636462546,19.25466990321823
409,6.25699520111084,18.25,19.257049560546875,0.11217751353979111,0.026086440309882164,0.10794392228126526,0.15784862637519836,3.240573481998172,6.620514676764378,18.334535026707933,19.606849772634416
410,3.167494058609009,18.25,19.9987735748291,0.020291965454816818,-0.044831085950136185,-0.268350750207901,0.2728254199028015,3.240573481998172,3.233251663759511,18.104721571700807,19.129163249831063
411,0.0,18.25,20.24806022644043,0.0005529206828214228,-0.07687753438949585,-0.43728911876678467,0.44399574398994446,3.240573481998172,0.0017917801023994249,18.000872700695997,18.830992704198437
412,-3.167494058609009,18.25,19.9987735748291,-0.019547225907444954,-0.045587215572595596,-0.2582372725009918,0.26295775175094604,3.240573481998172,-3.2308382805313025,18.102271278097312,19.16193671749885
413,-6.25699520111084,18.25,19.257049560546875,-0.10767623782157898,0.021431751549243927,0.10579675436019897,0.15246784687042236,3.240573481998172,-6.605927962036778,18.319451165743253,19.59989171720801
414,-9.192426681518555,18.25,18.041152954101562,-0.20238099992275238,0.0686773955821991,0.34749042987823486,0.4079512655735016,3.240573481998172,-9.8482571831285,18.47255414693637,19.167221226413115
415,-11.901511192321777,18.25,16.381023406982422,-0.16344678401947021,0.05852017551660538,0.29643240571022034,0.34352821111679077,3.240573481998172,-12.431172506333155,18.43963892894099,17.341634400131884
416,-14.317540168762207,18.25,14.317540168762207,0.05204072967171669,0.0009447376942262053,0.048368968069553375,0.0710541158914566,3.240573481998172,-14.148898360204207,18.253061491919354,14.474283364040017
417,-16.381023406982422,18.25,11.901511192321777,0.2942483127117157,-0.05598168447613716,-0.16262169182300568,0.34082522988319397,3.240573481998172,-15.42749012768613,18.06858723780904,11.374523650202466
418,-18.041152954101562,18.25,9.192426681518555,0.3357217311859131,-0.06591487675905228,-0.1955242156982422,0.3940603733062744,3.240573481998172,-16.953222014689974,18.03639799830544,8.55881609303834
419,-19.257049560546875,18.25,6.25699520111084,0.09774747490882874,-0.02158777415752411,-0.10175550729036331,0.14274026453495026,3.240573481998172,-18.94029168542504,18.180043231529762,5.927249002538417
420,-19.9987735748291,18.25,3.167494058609009,-0.2452225238084793,0.040039483457803726,-0.01832272857427597,0.24914447963237762,3.240573481998172,-20.793435182671526,18.379750888326264,3.10811791027336
421,-20.24806022644043,18.25,0.0,-0.40586355328559875,0.06829638034105301,-4.0246014854083967e-10,0.4115697145462036,3.240573481998172,-21.56329089452729,18.471319439049676,-1.3042016849224903e-09
422,-19.9987735748291,18.25,-3.167494058609009,-0.2452225238084793,0.040039483457803726,0.01832272671163082,0.24914447963237762,3.240573481998172,-20.793435182671526,18.379750888326264,-3.1081179163093986
423,-19.257049560546875,18.25,-6.25699520111084,0.09774747490882874,-0.02158777415752411,0.10175550729036331,0.14274026453495026,3.240573481998172,-18.94029168542504,18.180043231529762,-5.927249002538417
424,-18.041152954101562,18.25,-9.192426681518555,0.3357217311859131,-0.06591487675905228,0.1955242156982422,0.3940603733062744,3.240573481998172,-16.953222014689974,18.03639799830544,-8.55881609303834
425,-16.381023406982422,18.25,-11.901511192321777,0.2942483425140381,-0.05598168447613716,0.16262169182300568,0.34082522988319397,3.240573481998172,-15.427490031109516,18.06858723780904,-11.374523650202466
426,-14.317540168762207,18.25,-14.317540168762207,0.05204073339700699,0.0009447368793189526,-0.04836896434426308,0.0710541158914566,3.240573481998172,-14.14889834813213,18.253061489278586,-14.47428335196794
427,-11.901511192321777,18.25,-16.381023406982422,-0.16344678401947021,0.05852017551660538,-0.29643240571022034,0.34352821111679077,3.240573481998172,-12.431172506333155,18.43963892894099,-17.341634400131884
428,-9.192426681518555,18.25,-18.041152954101562,-0.20238099992275238,0.0686773955821991,-0.34749042987823486,0.4079512655735016,3.240573481998172,-9.8482571831285,18.47255414693637,-19.167221226413115
429,-6.25699520111084,18.25,-19.257049560546875,-0.10767623782157898,0.021431751549243927,-0.10579676181077957,0.15246786177158356,3.240573481998172,-6.605927962036778,18.319451165743253,-19.599891741352163
430,-3.167494058609009,18.25,-19.9987735748291,-0.019547227770090103,-0.045587215572595596,0.2582372725009918,0.26295775175094604,3.240573481998172,-3.230838286567341,18.102271278097312,-19.16193671749885
431,-0.0,18.25,-20.24806022644043,0.00055291986791417,-0.07687753438949585,0.43728911876678467,0.44399574398994446,3.240573481998172,0.0017917774616325914,18.000872700695997,-18.830992704198437
432,3.167494058609009,18.25,-19.9987735748291,0.02029196359217167,-0.04483108967542648,0.268350750207901,0.2728254199028015,3.240573481998172,3.2332516577234727,18.104721559628732,-19.129163249831063
433,6.25699520111084,18.25,-19.257049560546875,0.11217750608921051,0.026086438447237015,-0.10794392228126526,0.15784862637519836,3.240573481998172,6.620514652620224,18.334535020671893,-19.606849772634416
434,9.192426681518555,18.25,-18.041152954101562,0.21737083792686462,0.07787159830331802,-0.37447598576545715,0.4399389922618866,3.240573481998172,9.896832854664074,18.502348636462546,-19.25466990321823
435,11.901511192321777,18.25,-16.381023406982422,0.18154224753379822,0.06642665714025497,-0.3298993706703186,0.3823659121990204,3.240573481998172,12.489812185542151,18.465260463626496,-17.45008655930454
436,14.317540168762207,18.25,-14.317540168762207,-0.05561869218945503,-0.0008248782833106816,-0.05785663425922394,0.08025901764631271,3.240573481998172,14.13730370974964,18.247326921309227,-14.505028843500314
437,16.381023406982422,18.25,-11.901511192321777,-0.33482515811920166,-0.06932559609413147,0.18470706045627594,0.3886266052722931,3.240573481998172,15.295997878475491,18.025345311673643,-11.302954390269337
438,18.041152954101562,18.25,-9.192426681518555,-0.39025306701660156,-0.08181172609329224,0.22737433016300201,0.45900946855545044,3.240573481998172,16.776509213859107,17.98488308990558,-8.455603456705234
439,19.257049560546875,18.25,-6.25699520111084,-0.11675124615430832,-0.02660733088850975,0.12006676942110062,0.16957250237464905,3.240573481998172,18.878708568268983,18.163776989095943,-5.867910012055632
440,19.9987735748291,18.25,-3.167494058609009,0.28754833340644836,0.051332876086235046,0.021893512457609177,0.2929137051105499,3.240573481998172,20.930595078858808,18.41634795699975,-3.0965465227110838
441,20.068445205688477,20.075000762939453,0.0,0.3827676475048065,0.07689865678548813,3.2829639007303513e-10,0.3904157876968384,3.240573481998172,21.308831893959375,20.324196510919784,1.0638685759064056e-09
442,19.821369171142578,20.075000762939453,3.1393959522247314,0.22898775339126587,0.045262034982442856,-0.0100801270455122,0.23363572359085083,3.240573481998172,20.56342081248465,20.22167571324483,3.106730559825872
443,19.086225509643555,20.075000762939453,6.201490879058838,-0.09596356749534607,-0.02332642674446106,-0.08772766590118408,0.13209569454193115,3.240573481998172,18.775248517580195,19.99940976300158,5.9172029313018655
444,17.881114959716797,20.075000762939453,9.110882759094238,-0.31421685218811035,-0.07208113372325897,-0.1798577457666397,0.36915677785873413,3.240573481998172,16.862872160919068,19.841416552443494,8.528040517630897
445,16.2357120513916,20.075000762939453,11.79593563079834,-0.2660873234272003,-0.061306294053792953,-0.15297871828079224,0.31299108266830444,3.240573481998172,15.373436527197546,19.87633321214915,11.300196853027536
446,14.190533638000488,20.075000762939453,14.190533638000488,-0.03845192492008209,-0.0009703460382297635,0.04009135439991951,0.055559054017066956,3.240573481998172,14.065927349772686,20.071856285299603,14.320452617926259
447,11.79593563079834,20.075000762939453,16.2357120513916,0.1511049121618271,0.05859546735882759,0.26360243558883667,0.3094387948513031,3.240573481998172,12.28560220214962,20.264883680627758,17.08993511395092
448,9.110882759094238,20.075000762939453,17.881114959716797,0.17377543449401855,0.06902342289686203,0.3048323094844818,0.35760992765426636,3.240573481998172,9.674014823938265,20.29867623681577,18.86894645828847
449,6.201490879058838,20.075000762939453,19.086225509643555,0.08302420377731323,0.023355582728981972,0.0898568332195282,0.12455019354820251,3.240573481998172,6.470536912183611,20.150686244987607,19.37741318055109
450,3.1393959522247314,20.075000762939453,19.821369171142578,0.009308284148573875,-0.039600055664777756,-0.21869716048240662,0.22244831919670105,3.240573481998172,3.169560130999504,19.946673872666523,19.112664952294992
451,0.0,20.075000762939453,20.068445205688477,0.0002955421223305166,-0.06830276548862457,-0.3582758903503418,0.3647286295890808,3.240573481998172,0.0009577259644377318,19.853660632349875,18.907425856179874
452,-3.1393959522247314,20.075000762939453,19.821369171142578,-0.009405284188687801,-0.04069809243083,-0.21023213863372803,0.2143416553735733,3.240573481998172,-3.16987446675725,19.943115603840194,19.140096477622357
453,-6.201490879058838,20.075000762939453,19.086225509643555,-0.08139531314373016,0.018931934610009193,0.09101779013872147,0.12356315553188324,3.240573481998172,-6.4652583723913475,20.13635108819957,19.38117534675717
454,-9.110882759094238,20.075000762939453,17.881114959716797,-0.16519026458263397,0.0611812062561512,0.2892780601978302,0.33869272470474243,3.240573481998172,-9.646193949984983,20.2732629575298,18.818541770517758
455,-11.79593563079834,20.075000762939453,16.2357120513916,-0.1391552835702896,0.05228828638792038,0.24271990358829498,0.2846246659755707,3.240573481998172,-12.246878552616156,20.244444797227274,17.022263734512983
456,-14.190533638000488,20.075000762939453,14.190533638000488,0.038255441933870316,0.0009261506493203342,0.03353000059723854,0.050878264009952545,3.240573481998172,-14.066564067327468,20.078002022173976,14.299190068787283
457,-16.2357120513916,20.075000762939453,11.79593563079834,0.24321655929088593,-0.05002602934837341,-0.1401996910572052,0.2851540744304657,3.240573481998172,-15.44755091897072,19.912887738823454,11.341608229774025
458,-17.881114959716797,20.075000762939453,9.110882759094238,0.28179293870925903,-0.0590054988861084,-0.16132673621177673,0.3300230801105499,3.240573481998172,-16.967944235121237,19.883789107957057,8.58809161578904
459,-19.086225509643555,20.075000762939453,6.201490879058838,0.0838233157992363,-0.019358793273568153,-0.07768020033836365,0.1159108504652977,3.240573481998172,-18.81458989529139,20.012267170813644,5.949762481766031
460,-19.821369171142578,20.075000762939453,3.1393959522247314,-0.20491907000541687,0.03585674241185188,-0.0087255435064435,0.20821543037891388,3.240573481998172,-20.48542447535786,20.19119717155014,3.1111201873217293
461,-20.068445205688477,20.075000762939453,0.0,-0.340620756149292,0.061188340187072754,-2.897801443246806e-10,0.3460729718208313,3.240573481998172,-21.172251795484037,20.273286075557163,-9.39053851308163e-10
462,-19.821369171142578,20.075000762939453,-3.1393959522247314,-0.20491907000541687,0.03585674241185188,0.008725542575120926,0.20821543037891388,3.240573481998172,-20.48542447535786,20.19119717155014,-3.1111201903397485
463,-19.086225509643555,20.075000762939453,-6.201490879058838,0.0838233083486557,-0.019358793273568153,0.07768020033836365,0.1159108430147171,3.240573481998172,-18.814589919435544,20.012267170813644,-5.949762481766031
464,-17.881114959716797,20.075000762939453,-9.110882759094238,0.28179293870925903,-0.0590054988861084,0.16132673621177673,0.3300230801105499,3.240573481998172,-16.967944235121237,19.883789107957057,-8.58809161578904
465,-16.2357120513916,20.075000762939453,-11.79593563079834,0.24321655929088593,-0.05002602934837341,0.1401996910572052,0.2851540744304657,3.240573481998172,-15.44755091897072,19.912887738823454,-11.341608229774025
466,-14.190533638000488,20.075000762939453,-14.190533638000488,0.038255445659160614,0.0009261499508284032,-0.03353000059723854,0.050878264009952545,3.240573481998172,-14.066564055255391,20.07800201991046,-14.299190068787283
467,-11.79593563079834,20.075000762939453,-16.2357120513916,-0.13915526866912842,0.05228828266263008,-0.24271990358829498,0.2846246659755707,3.240573481998172,-12.246878504327848,20.244444785155196,-17.022263734512983
468,-9.110882759094238,20.075000762939453,-17.881114959716797,-0.16519026458263397,0.0611812062561512,-0.2892780601978302,0.33869272470474243,3.240573481998172,-9.646193949984983,20.2732629575298,-18.818541770517758
469,-6.201490879058838,20.075000762939453,-19.086225509643555,-0.08139531314373016,0.018931934610009193,-0.09101779758930206,0.12356316298246384,3.240573481998172,-6.4652583723913475,20.13635108819957,-19.381175370901325
470,-3.1393959522247314,20.075000762939453,-19.821369171142578,-0.009405285120010376,-0.0406980887055397,0.21023213863372803,0.2143416553735733,3.240573481998172,-3.169874469775269,19.943115615912273,-19.140096477622357
471,-0.0,20.075000762939453,-20.068445205688477,0.000295541511150077,-0.06830276548862457,0.3582758903503418,0.3647286295890808,3.240573481998172,0.0009577239838626066,19.853660632349875,-18.907425856179874
472,3.1393959522247314,20.075000762939453,-19.821369171142578,0.0093082832172513,-0.039600055664777756,0.21869716048240662,0.22244831919670105,3.240573481998172,3.1695601279814847,19.946673872666523,-19.112664952294992
473,6.201490879058838,20.075000762939453,-19.086225509643555,0.08302419632673264,0.023355580866336823,-0.0898568257689476,0.12455018609762192,3.240573481998172,6.470536888039458,20.150686238951568,-19.377413156406938
474,9.110882759094238,20.075000762939453,-17.881114959716797,0.17377543449401855,0.06902342289686203,-0.3048323094844818,0.35760992765426636,3.240573481998172,9.674014823938265,20.29867623681577,-18.86894645828847
475,11.79593563079834,20.075000762939453,-16.2357120513916,0.1511049121618271,0.05859546735882759,-0.26360243558883667,0.3094387948513031,3.240573481998172,12.28560220214962,20.264883680627758,-17.08993511395092
476,14.190533638000488,20.075000762939453,-14.190533638000488,-0.03845192492008209,-0.0009703451651148498,-0.04009135812520981,0.055559057742357254,3.240573481998172,14.065927349772686,20.071856288129,-14.320452629998336
477,16.2357120513916,20.075000762939453,-11.79593563079834,-0.2660873234272003,-0.061306294053792953,0.15297871828079224,0.31299108266830444,3.240573481998172,15.373436527197546,19.87633321214915,-11.300196853027536
478,17.881114959716797,20.075000762939453,-9.110882759094238,-0.31421685218811035,-0.07208113372325897,0.1798577457666397,0.36915677785873413,3.240573481998172,16.862872160919068,19.841416552443494,-8.528040517630897
479,19.086225509643555,20.075000762939453,-6.201490879058838,-0.09596357494592667,-0.02332642674446106,0.08772766590118408,0.13209570944309235,3.240573481998172,18.77524849343604,19.99940976300158,-5.9172029313018655
480,19.821369171142578,20.075000762939453,-3.1393959522247314,0.22898775339126587,0.045262034982442856,0.010080127976834774,0.23363572359085083,3.240573481998172,20.56342081248465,20.22167571324483,-3.106730556807853
481,19.888830184936523,21.899999618530273,0.0,0.1995069533586502,0.05688783526420593,2.2229582063992837e-10,0.20745903253555298,3.240573481998172,20.53534712746481,22.084348828935738,7.203659415247737e-10
482,19.643966674804688,21.899999618530273,3.1112990379333496,0.12065739184617996,0.03357192501425743,-0.012073006480932236,0.12582145631313324,3.240573481998172,20.034965819228482,22.008791908471107,3.0721755732832485
483,18.915401458740234,21.899999618530273,6.145987033843994,-0.0473671592772007,-0.017064467072486877,-0.05344582721590996,0.07342547923326492,3.240573481998172,18.761904698468953,21.84470095905074,5.97279190344466
484,17.721078872680664,21.899999618530273,9.029339790344238,-0.1634720265865326,-0.053266339004039764,-0.09650040417909622,0.1971616894006729,3.240573481998172,17.191335758275848,21.727386132870656,8.716623139559353
485,16.090402603149414,21.899999618530273,11.690361022949219,-0.14324051141738892,-0.0456334725022316,-0.07655613869428635,0.16870418190956116,3.240573481998172,15.626221200302368,21.75212099764805,11.44227523001234
486,14.06352710723877,21.899999618530273,14.06352710723877,-0.026468629017472267,-0.001193194999359548,0.026972603052854538,0.03780917078256607,3.240573481998172,13.977753569939901,21.896132982456496,14.150933809432313
487,11.690361022949219,21.899999618530273,16.090402603149414,0.0765712633728981,0.04309772700071335,0.1429891288280487,0.16782867908477783,3.240573481998172,11.93849582851853,22.03966096978318,16.55376938224361
488,9.029339790344238,21.899999618530273,17.721078872680664,0.09555789083242416,0.051322925835847855,0.1618293970823288,0.1948181390762329,3.240573481998172,9.339002157371468,22.06631533101248,18.24549892547341
489,6.145987033843994,21.899999618530273,18.915401458740234,0.052163366228342056,0.01788346841931343,0.04554009810090065,0.07151738554239273,3.240573481998172,6.315026255175319,21.95795231205605,19.06297749301361
490,3.1112990379333496,21.899999618530273,19.643966674804688,0.011228387244045734,-0.0288409274071455,-0.12018439918756485,0.12410546094179153,3.240573481998172,3.1476854518820105,21.806538473978442,19.25450029784758
491,0.0,21.899999618530273,19.888830184936523,-0.00035482883686199784,-0.05060136318206787,-0.19564862549304962,0.2020866423845291,3.240573481998172,-0.0011498489193832457,21.736022182849506,19.254816437374355
492,-3.1112990379333496,21.899999618530273,19.643966674804688,-0.012100688181817532,-0.030621886253356934,-0.11577852815389633,0.12036940455436707,3.240573481998172,-3.1505122071692764,21.80076714596888,19.268777846684394
493,-6.145987033843994,21.899999618530273,18.915401458740234,-0.052542202174663544,0.013501268811523914,0.049194615334272385,0.07323303818702698,3.240573481998172,-6.316253900896996,21.943751472214228,19.074820224649578
494,-9.029339790344238,21.899999618530273,17.721078872680664,-0.09396690875291824,0.04516096040606499,0.16070181131362915,0.19155772030353546,3.240573481998172,-9.333846463034288,22.046347029243737,18.241844900932684
495,-11.690361022949219,21.899999618530273,16.090402603149414,-0.07342065125703812,0.03898224979639053,0.1385432779788971,0.16156870126724243,3.240573481998172,-11.928286038443812,22.026324463489086,16.53936227587693
496,-14.06352710723877,21.899999618530273,14.06352710723877,0.028124917298555374,0.0010417884914204478,0.023685405030846596,0.03678443655371666,3.240573481998172,-13.97238624605768,21.903375610689423,14.140281402692118
497,-16.090402603149414,21.899999618530273,11.690361022949219,0.14100795984268188,-0.03691023960709572,-0.076389379799366,0.1645629107952118,3.240573481998172,-15.633455947732555,21.78038927484532,11.442815624465107
498,-17.721078872680664,21.899999618530273,9.029339790344238,0.15895907580852509,-0.043811120092868805,-0.09426800906658173,0.18993119895458221,3.240573481998172,-17.20596030689262,21.758026464540684,8.723857379962311
499,-18.915401458740234,21.899999618530273,6.145987033843994,0.04493236169219017,-0.014493350870907307,-0.051517460495233536,0.06987863034009933,3.240573481998172,-18.769794838956972,21.853032850032715,5.9790409175032515
500,-19.643966674804688,21.899999618530273,3.1112990379333496,-0.11858735978603363,0.026526274159550667,-0.011283890344202518,0.12204068899154663,3.240573481998172,-20.028257728227484,21.985959959147927,3.074732762110152
501,-19.888830184936523,21.899999618530273,0.0,-0.19514210522174835,0.045369263738393784,-2.115375652422813e-10,0.20034672319889069,3.240573481998172,-20.521202516339418,22.047022051498693,-6.85503024370595e-10
502,-19.643966674804688,21.899999618530273,-3.1112990379333496,-0.11858735978603363,0.026526276022195816,0.011283889412879944,0.12204068899154663,3.240573481998172,-20.028257728227484,21.985959965183966,-3.074732765128171
503,-18.915401458740234,21.899999618530273,-6.145987033843994,0.04493235796689987,-0.014493349939584732,0.051517460495233536,0.06987863034009933,3.240573481998172,-18.76979485102905,21.853032853050735,-5.9790409175032515
504,-17.721078872680664,21.899999618530273,-9.029339790344238,0.15895907580852509,-0.043811120092868805,0.09426800906658173,0.18993119895458221,3.240573481998172,-17.20596030689262,21.758026464540684,-8.723857379962311
505,-16.090402603149414,21.899999618530273,-11.690361022949219,0.14100795984268188,-0.03691023960709572,0.076389379799366,0.1645629107952118,3.240573481998172,-15.633455947732555,21.78038927484532,-11.442815624465107
506,-14.06352710723877,21.899999618530273,-14.06352710723877,0.028124919161200523,0.0010417880257591605,-0.023685403168201447,0.03678443655371666,3.240573481998172,-13.97238624002164,21.90337560918041,-14.140281396656079
507,-11.690361022949219,21.899999618530273,-16.090402603149414,-0.07342065125703812,0.038982246071100235,-0.1385432779788971,0.16156870126724243,3.240573481998172,-11.928286038443812,22.026324451417008,-16.53936227587693
508,-9.029339790344238,21.899999618530273,-17.721078872680664,-0.09396690875291824,0.04516096040606499,-0.16070181131362915,0.19155772030353546,3.240573481998172,-9.333846463034288,22.046347029243737,-18.241844900932684
509,-6.145987033843994,21.899999618530273,-18.915401458740234,-0.052542202174663544,0.013501269742846489,-0.049194615334272385,0.07323303818702698,3.240573481998172,-6.316253900896996,21.943751475232247,-19.074820224649578
510,-3.1112990379333496,21.899999618530273,-19.643966674804688,-0.012100688181817532,-0.030621886253356934,0.11577852815389633,0.12036940455436707,3.240573481998172,-3.1505122071692764,21.80076714596888,-19.268777846684394
511,-0.0,21.899999618530273,-19.888830184936523,-0.0003548292734194547,-0.05060136318206787,0.19564862549304962,0.2020866423845291,3.240573481998172,-0.0011498503340797636,21.736022182849506,-19.254816437374355
512,3.1112990379333496,21.899999618530273,-19.643966674804688,0.011228387244045734,-0.0288409274071455,0.12018439918756485,0.12410546094179153,3.240573481998172,3.1476854518820105,21.806538473978442,-19.25450029784758
513,6.145987033843994,21.899999618530273,-18.915401458740234,0.052163366228342056,0.01788346655666828,-0.04554009437561035,0.07151737809181213,3.240573481998172,6.315026255175319,21.957952306020015,-19.06297748094153
514,9.029339790344238,21.899999618530273,-17.721078872680664,0.09555789083242416,0.051322925835847855,-0.1618293970823288,0.1948181390762329,3.240573481998172,9.339002157371468,22.06631533101248,-18.24549892547341
515,11.690361022949219,21.899999618530273,-16.090402603149414,0.0765712708234787,0.04309772700071335,-0.1429891288280487,0.16782867908477783,3.240573481998172,11.938495852662685,22.03966096978318,-16.55376938224361
516,14.06352710723877,21.899999618530273,-14.06352710723877,-0.026468629017472267,-0.0011931943008676171,-0.026972603052854538,0.03780917078256607,3.240573481998172,13.977753569939901,21.896132984720012,-14.150933809432313
517,16.090402603149414,21.899999618530273,-11.690361022949219,-0.14324051141738892,-0.0456334725022316,0.07655613869428635,0.16870418190956116,3.240573481998172,15.626221200302368,21.75212099764805,-11.44227523001234
518,17.721078872680664,21.899999618530273,-9.029339790344238,-0.1634720265865326,-0.053266339004039764,0.09650040417909622,0.1971616894006729,3.240573481998172,17.191335758275848,21.727386132870656,-8.716623139559353
519,18.915401458740234,21.899999618530273,-6.145987033843994,-0.0473671592772007,-0.017064468935132027,0.05344582721590996,0.07342547923326492,3.240573481998172,18.761904698468953,21.8447009530147,-5.97279190344466
520,19.643966674804688,21.899999618530273,-3.1112990379333496,0.12065739184617996,0.03357192128896713,0.012073006480932236,0.12582145631313324,3.240573481998172,20.034965819228482,22.008791896399032,-3.0721755732832485
521,20.085962295532227,23.725000381469727,0.0,-0.0070685711689293385,0.07731308788061142,1.3739761932363148e-11,0.07763554900884628,3.240573481998172,20.063056071246578,23.97553912386703,4.452470816698398e-11
522,19.838672637939453,23.725000381469727,3.142137050628662,-0.0038102578837424517,0.04559776932001114,-0.0021748607978224754,0.045808345079422,3.240573481998172,19.826325217281823,23.872763303566426,3.135089254400201
523,19.102886199951172,23.725000381469727,6.20690393447876,0.002237089443951845,-0.02327560819685459,-0.0011491322657093406,0.023411087691783905,3.240573481998172,19.1101356526801,23.64957406276962,6.2031800869311935
524,17.896724700927734,23.725000381469727,9.118836402893066,0.004670192953199148,-0.07248254865407944,0.0019287210889160633,0.07265844941139221,3.240573481998172,17.911858804367686,23.490115356393673,9.125086565307978
525,16.24988555908203,23.725000381469727,11.806233406066895,0.002170865423977375,-0.061990268528461456,0.0034736650995910168,0.06212545931339264,3.240573481998172,16.25692040800796,23.52411636113445,11.817490073073971
526,14.202920913696289,23.725000381469727,14.202920913696289,-0.0009288146393373609,-0.0013796195853501558,0.002368286019191146,0.002893929136916995,3.240573481998172,14.199911021606361,23.720529622826195,14.210595518567867
527,11.806233406066895,23.725000381469727,16.24988555908203,-0.0009135234286077321,0.05893991142511368,0.0005624801269732416,0.05894967168569565,3.240573481998172,11.803273066268964,23.91599949546527,16.251708317265653
528,9.118836402893066,23.725000381469727,17.896724700927734,0.0012481509475037456,0.06995618343353271,-0.0006859093555249274,0.06997068226337433,3.240573481998172,9.122881127755077,23.951698534406233,17.894501961259166
529,6.20690393447876,23.725000381469727,19.102886199951172,0.002396583091467619,0.024076754227280617,-0.002458750270307064,0.024320343509316444,3.240573481998172,6.214670238092375,23.80302287275124,19.094918439026358
530,3.142137050628662,23.725000381469727,19.838672637939453,0.001332871150225401,-0.03982055187225342,-0.005238221026957035,0.04018571600317955,3.240573481998172,3.146456317533003,23.595958957033968,19.82169779778665
531,0.0,23.725000381469727,20.085962295532227,-0.0008679952588863671,-0.06937519460916519,-0.006375215947628021,0.06967291235923767,3.240573481998172,-0.0028128024184472995,23.500184965510805,20.06530293979033
532,-3.142137050628662,23.725000381469727,19.838672637939453,-0.0032252019736915827,-0.04169619455933571,-0.002542114118114114,0.041897933930158615,3.240573481998172,-3.152588554618695,23.589880799080508,19.83043473034008
533,-6.20690393447876,23.725000381469727,19.102886199951172,-0.005472767632454634,0.018958082422614098,0.005351728294044733,0.020445074886083603,3.240573481998172,-6.224638840141631,23.786435440637984,19.120228868743713
534,-9.118836402893066,23.725000381469727,17.896724700927734,-0.006232778076082468,0.06229593977332115,0.011274275369942188,0.06361399590969086,3.240573481998172,-9.139034178245598,23.926874951935307,17.933259818720312
535,-11.806233406066895,23.725000381469727,16.24988555908203,-0.0026696454733610153,0.05353811755776405,0.009532992728054523,0.05444570630788803,3.240573481998172,-11.814884588394206,23.898494585503517,16.280777922520645
536,-14.202920913696289,23.725000381469727,14.202920913696289,0.00587087357416749,0.0011615550611168146,0.0010019515175372362,0.006067971233278513,3.240573481998172,-14.183895916475677,23.728764485998664,14.206167811214268
537,-16.24988555908203,23.725000381469727,11.806233406066895,0.014237918891012669,-0.05108717456459999,-0.007391593884676695,0.05354674160480499,3.240573481998172,-16.203746536684974,23.559448638305472,11.78228040293451
538,-17.896724700927734,23.725000381469727,9.118836402893066,0.01416320726275444,-0.060463812202215195,-0.009720350615680218,0.06285661458969116,3.240573481998172,-17.85082778705201,23.52906295502671,9.087336892452168
539,-19.102886199951172,23.725000381469727,6.20690393447876,0.00258909584954381,-0.019913604483008385,-0.006474065128713846,0.021099017933011055,3.240573481998172,-19.094496044598788,23.660468882851088,6.1859242507019205
540,-19.838672637939453,23.725000381469727,3.142137050628662,-0.013155095279216766,0.036724455654621124,-0.0023675065021961927,0.03908129036426544,3.240573481998172,-19.881302690854444,23.844008678604908,3.134464971839187
541,-20.085962295532227,23.725000381469727,0.0,-0.020480353385210037,0.06273133307695389,-3.137489573701302e-11,0.0659898892045021,3.240573481998172,-20.152330385614288,23.928285875929298,-1.0167265512582188e-10
542,-19.838672637939453,23.725000381469727,-3.142137050628662,-0.013155095279216766,0.036724455654621124,0.002367506269365549,0.03908129036426544,3.240573481998172,-19.881302690854444,23.844008678604908,-3.1344649725936917
543,-19.102886199951172,23.725000381469727,-6.20690393447876,0.0025890956167131662,-0.019913604483008385,0.006474065128713846,0.021099017933011055,3.240573481998172,-19.094496045353292,23.660468882851088,-6.1859242507019205
544,-17.896724700927734,23.725000381469727,-9.118836402893066,0.01416320726275444,-0.060463812202215195,0.009720350615680218,0.06285661458969116,3.240573481998172,-17.85082778705201,23.52906295502671,-9.087336892452168
545,-16.24988555908203,23.725000381469727,-11.806233406066895,0.014237918891012669,-0.05108717456459999,0.007391593884676695,0.05354674160480499,3.240573481998172,-16.203746536684974,23.559448638305472,-11.78228040293451
546,-14.202920913696289,23.725000381469727,-14.202920913696289,0.00587087357416749,0.0011615543626248837,-0.0010019514011219144,0.006067971233278513,3.240573481998172,-14.183895916475677,23.728764483735148,-14.206167810837016
547,-11.806233406066895,23.725000381469727,-16.24988555908203,-0.0026696452405303717,0.05353811755776405,-0.009532992728054523,0.05444570630788803,3.240573481998172,-11.8148845876397,23.898494585503517,-16.280777922520645
548,-9.118836402893066,23.725000381469727,-17.896724700927734,-0.006232778076082468,0.06229593977332115,-0.011274275369942188,0.06361399590969086,3.240573481998172,-9.139034178245598,23.926874951935307,-17.933259818720312
549,-6.20690393447876,23.725000381469727,-19.102886199951172,-0.005472767632454634,0.018958084285259247,-0.005351728294044733,0.020445076748728752,3.240573481998172,-6.224638840141631,23.786435446674023,-19.120228868743713
550,-3.142137050628662,23.725000381469727,-19.838672637939453,-0.0032252019736915827,-0.04169619455933571,0.002542114118114114,0.041897933930158615,3.240573481998172,-3.152588554618695,23.589880799080508,-19.83043473034008
551,-0.0,23.725000381469727,-20.085962295532227,-0.000867995317094028,-0.06937519460916519,0.006375215947628021,0.06967291235923767,3.240573481998172,-0.002812802607073502,23.500184965510805,-20.06530293979033
552,3.142137050628662,23.725000381469727,-19.838672637939453,0.001332871150225401,-0.03982055187225342,0.005238221026957035,0.04018571600317955,3.240573481998172,3.146456317533003,23.595958957033968,-19.82169779778665
553,6.20690393447876,23.725000381469727,-19.102886199951172,0.002396583091467619,0.024076754227280617,0.0024587505031377077,0.024320343509316444,3.240573481998172,6.214670238092375,23.80302287275124,-19.094918438271854
554,9.118836402893066,23.725000381469727,-17.896724700927734,0.0012481509475037456,0.06995618343353271,0.0006859094137325883,0.06997068226337433,3.240573481998172,9.122881127755077,23.951698534406233,-17.89450196107054
555,11.806233406066895,23.725000381469727,-16.24988555908203,-0.0009135234286077321,0.05893991142511368,-0.0005624801269732416,0.05894967168569565,3.240573481998172,11.803273066268964,23.91599949546527,-16.251708317265653
556,14.202920913696289,23.725000381469727,-14.202920913696289,-0.0009288146393373609,-0.0013796186540275812,-0.0023682857863605022,0.002893928438425064,3.240573481998172,14.199911021606361,23.720529625844215,-14.210595517813362
557,16.24988555908203,23.725000381469727,-11.806233406066895,0.002170865423977375,-0.061990268528461456,-0.0034736650995910168,0.06212545931339264,3.240573481998172,16.25692040800796,23.52411636113445,-11.817490073073971
558,17.896724700927734,23.725000381469727,-9.118836402893066,0.004670192953199148,-0.07248254865407944,-0.0019287210889160633,0.07265844941139221,3.240573481998172,17.911858804367686,23.490115356393673,-9.125086565307978
559,19.102886199951172,23.725000381469727,-6.20690393447876,0.002237089443951845,-0.02327560819685459,0.0011491322657093406,0.023411087691783905,3.240573481998172,19.1101356526801,23.64957406276962,-6.2031800869311935
560,19.838672637939453,23.725000381469727,-3.142137050628662,-0.0038102578837424517,0.04559776932001114,0.0021748607978224754,0.045808345079422,3.240573481998172,19.826325217281823,23.872763303566426,-3.135089254400201
561,20.283096313476562,25.549999237060547,0.0,-0.18859851360321045,0.09513271600008011,-1.76770750814903e-10,0.21123360097408295,3.240573481998172,19.671928971549725,25.85828379380087,-5.728386074836815e-10
562,20.033376693725586,25.549999237060547,3.1729750633239746,-0.11366420984268188,0.05611632019281387,0.00747948931530118,0.1269824355840683,3.240573481998172,19.665039469457117,25.731848296184697,3.1972128980580283
563,19.29037094116211,25.549999237060547,6.267820835113525,0.04493343085050583,-0.02865007147192955,0.04578719288110733,0.07025885581970215,3.240573481998172,19.435981025631456,25.45715657519126,6.416197598179178
564,18.072370529174805,25.549999237060547,9.208333015441895,0.15248332917690277,-0.08927636593580246,0.08893850445747375,0.19781681895256042,3.240573481998172,18.566503962152275,25.260692613039822,9.49654477451536
565,16.40936851501465,25.549999237060547,11.922104835510254,0.13154961168766022,-0.07639208436012268,0.07414854317903519,0.16923078894615173,3.240573481998172,16.83566469821684,25.302445074248567,12.162388638265032
566,14.342314720153809,25.549999237060547,14.342314720153809,0.023248545825481415,-0.0016464279033243656,-0.01919877901673317,0.03019600361585617,3.240573481998172,14.417653341250883,25.54466386645701,14.280099665985441
567,11.922104835510254,25.549999237060547,16.40936851501465,-0.06890298426151276,0.07285287231206894,-0.12576940655708313,0.16085119545459747,3.240573481998172,11.698819651881859,25.786084323162438,16.001803511279117
568,9.208333015441895,25.549999237060547,18.072370529174805,-0.08314389735460281,0.08648080378770828,-0.14598703384399414,0.188955157995224,3.240573481998172,8.938899106484591,25.830246636516883,17.599288818584387
569,6.267820835113525,25.549999237060547,19.29037094116211,-0.04295848682522774,0.029672134667634964,-0.04642019048333168,0.0698620155453682,3.240573481998172,6.128610701880924,25.646153969818762,19.13994290285252
570,3.1729750633239746,25.549999237060547,20.033376693725586,-0.008102718740701675,-0.04953337088227272,0.0971740260720253,0.10937093198299408,3.240573481998172,3.1467176078407673,25.389482708905472,20.34827626575359
571,0.0,25.549999237060547,20.283096313476562,-0.0014802650548517704,-0.08617162704467773,0.16432130336761475,0.18555115163326263,3.240573481998172,-0.004796907683081217,25.270753747558928,20.81559157169703
572,-3.1729750633239746,25.549999237060547,20.033376693725586,0.004701066762208939,-0.05170011892914772,0.10073308646678925,0.11332324147224426,3.240573481998172,-3.157740911037257,25.3824612026426,20.359809662489692
573,-6.267820835113525,25.549999237060547,19.29037094116211,0.03707367554306984,0.02381473034620285,-0.03369038924574852,0.055467475205659866,3.240573481998172,-6.147680865268449,25.62717262070139,19.18119475917414
574,-9.208333015441895,25.549999237060547,18.072370529174805,0.07371751964092255,0.07777554541826248,-0.12471271306276321,0.1644280105829239,3.240573481998172,-8.96944597613484,25.802036607090912,17.668229818355567
575,-11.922104835510254,25.549999237060547,16.40936851501465,0.06244087964296341,0.06677200645208359,-0.10863079130649567,0.141978919506073,3.240573481998172,-11.719760576746626,25.76637883050898,16.05734245337834
576,-14.342314720153809,25.549999237060547,14.342314720153809,-0.013969948515295982,0.0013043120270594954,-0.01991349644958973,0.024359967559576035,3.240573481998172,-14.387585364857356,25.554225956027686,14.277783571625404
577,-16.40936851501465,25.549999237060547,11.922104835510254,-0.10212620347738266,-0.06401572376489639,0.056126710027456284,0.1329585760831833,3.240573481998172,-16.740315981820604,25.342551580197103,12.10398756365703
578,-18.072370529174805,25.549999237060547,9.208333015441895,-0.11955022811889648,-0.0757097452878952,0.06811116635799408,0.15704569220542908,3.240573481998172,-18.459781828183733,25.304656244151758,9.429052254969577
579,-19.29037094116211,25.549999237060547,6.267820835113525,-0.036856960505247116,-0.024894176051020622,0.03467922657728195,0.05639861896634102,3.240573481998172,-19.409808630002466,25.469327830293416,6.380201417136072
580,-20.033376693725586,25.549999237060547,3.1729750633239746,0.08420572429895401,0.046079427003860474,0.005429443903267384,0.09614258259534836,3.240573481998172,-19.760501856529945,25.699323006274927,3.1905695752588996
581,-20.283096313476562,25.549999237060547,0.0,0.14110347628593445,0.07867184281349182,1.3191762959774422e-10,0.16155323386192322,3.240573481998172,-19.825840130006604,25.804941124661877,4.2748877228250713e-10
582,-20.033376693725586,25.549999237060547,-3.1729750633239746,0.0842057317495346,0.046079427003860474,-0.005429443437606096,0.09614259004592896,3.240573481998172,-19.760501832385792,25.699323006274927,-3.19056957374989
583,-19.29037094116211,25.549999237060547,-6.267820835113525,-0.036856960505247116,-0.024894174188375473,-0.03467922657728195,0.05639861896634102,3.240573481998172,-19.409808630002466,25.469327836329455,-6.380201417136072
584,-18.072370529174805,25.549999237060547,-9.208333015441895,-0.11955022066831589,-0.0757097452878952,-0.06811116635799408,0.15704569220542908,3.240573481998172,-18.45978180403958,25.304656244151758,-9.429052254969577
585,-16.40936851501465,25.549999237060547,-11.922104835510254,-0.10212620347738266,-0.06401572376489639,-0.05612671375274658,0.1329585760831833,3.240573481998172,-16.740315981820604,25.342551580197103,-12.103987575729107
586,-14.342314720153809,25.549999237060547,-14.342314720153809,-0.013969949446618557,0.0013043110957369208,0.01991349458694458,0.024359965696930885,3.240573481998172,-14.387585367875376,25.554225953009666,-14.277783577661442
587,-11.922104835510254,25.549999237060547,-16.40936851501465,0.06244087964296341,0.06677200645208359,0.10863079130649567,0.141978919506073,3.240573481998172,-11.719760576746626,25.76637883050898,-16.05734245337834
588,-9.208333015441895,25.549999237060547,-18.072370529174805,0.07371751964092255,0.07777554541826248,0.12471271306276321,0.1644280105829239,3.240573481998172,-8.96944597613484,25.802036607090912,-17.668229818355567
589,-6.267820835113525,25.549999237060547,-19.29037094116211,0.03707367554306984,0.023814732208848,0.03369038924574852,0.055467478930950165,3.240573481998172,-6.147680865268449,25.627172626737426,-19.18119475917414
590,-3.1729750633239746,25.549999237060547,-20.033376693725586,0.004701067227870226,-0.05170011892914772,-0.10073307901620865,0.11332323402166367,3.240573481998172,-3.157740909528248,25.3824612026426,-20.35980963834554
591,-0.0,25.549999237060547,-20.283096313476562,-0.001480264705605805,-0.08617162704467773,-0.16432130336761475,0.18555115163326263,3.240573481998172,-0.004796906551324002,25.270753747558928,-20.81559157169703
592,3.1729750633239746,25.549999237060547,-20.033376693725586,-0.0081027178093791,-0.04953337088227272,-0.0971740260720253,0.10937093198299408,3.240573481998172,3.1467176108587864,25.389482708905472,-20.34827626575359
593,6.267820835113525,25.549999237060547,-19.29037094116211,-0.04295848682522774,0.029672132804989815,0.04642019048333168,0.0698620155453682,3.240573481998172,6.128610701880924,25.646153963782726,-19.13994290285252
594,9.208333015441895,25.549999237060547,-18.072370529174805,-0.08314389735460281,0.08648080378770828,0.14598703384399414,0.188955157995224,3.240573481998172,8.938899106484591,25.830246636516883,-17.599288818584387
595,11.922104835510254,25.549999237060547,-16.40936851501465,-0.06890298426151276,0.07285287231206894,0.12576940655708313,0.16085119545459747,3.240573481998172,11.698819651881859,25.786084323162438,-16.001803511279117
596,14.342314720153809,25.549999237060547,-14.342314720153809,0.023248543962836266,-0.0016464268555864692,0.01919878087937832,0.03019600361585617,3.240573481998172,14.417653335214844,25.544663869852283,-14.280099659949402
597,16.40936851501465,25.549999237060547,-11.922104835510254,0.13154961168766022,-0.07639208436012268,-0.07414854317903519,0.16923078894615173,3.240573481998172,16.83566469821684,25.302445074248567,-12.162388638265032
598,18.072370529174805,25.549999237060547,-9.208333015441895,0.15248332917690277,-0.08927636593580246,-0.08893850445747375,0.19781681895256042,3.240573481998172,18.566503962152275,25.260692613039822,-9.49654477451536
599,19.29037094116211,25.549999237060547,-6.267820835113525,0.04493343085050583,-0.0286500733345747,-0.04578719288110733,0.07025885581970215,3.240573481998172,19.435981025631456,25.45715656915522,-6.416197598179178
600,20.033376693725586,25.549999237060547,-3.1729750633239746,-0.11366420984268188,0.056116316467523575,-0.007479489780962467,0.1269824206829071,3.240573481998172,19.665039469457117,25.731848284112623,-3.1972128995670377
601,20.924545288085938,27.375,0.0,-0.2836795449256897,0.1277724951505661,-2.271066390502341e-10,0.31112682819366455,3.240573481998172,20.00526087741444,27.789056159513663,-7.359557520919191e-10
602,20.666929244995117,27.375,3.273319959640503,-0.17042352259159088,0.07547613233327866,0.005435196217149496,0.18646813929080963,3.240573481998172,20.114659296976093,27.619585952963007,3.2909331123712544
603,19.90042495727539,27.375,6.466040134429932,0.06925079971551895,-0.03833227977156639,0.06233352795243263,0.10074971616268158,3.240573481998172,20.124837262440668,27.250781430667725,6.668036512151977
604,18.643905639648438,27.375,9.499545097351074,0.2311962991952896,-0.1201128289103508,0.13235171139240265,0.29222559928894043,3.240573481998172,19.39311423595681,26.985765551785335,9.928440543586369
605,16.928312301635742,27.375,12.299139022827148,0.19752593338489532,-0.10321326553821564,0.11618231981992722,0.25133204460144043,3.240573481998172,17.568409603369773,27.040529828706422,12.675636367512634
606,14.79588794708252,27.375,14.79588794708252,0.031150203198194504,-0.002533219289034605,-0.0235779769718647,0.03914937376976013,3.240573481998172,14.896832469525444,27.366790916747867,14.719481780148332
607,12.299139022827148,27.375,16.928312301635742,-0.10851134359836578,0.09857476502656937,-0.18967249989509583,0.23972348868846893,3.240573481998172,11.947500040266291,27.694438769539303,16.313664628211395
608,9.499545097351074,27.375,18.643905639648438,-0.12629538774490356,0.11762966215610504,-0.2257702350616455,0.284182071685791,3.240573481998172,9.090275612926263,27.75618756387948,17.912280602883175
609,6.466040134429932,27.375,19.90042495727539,-0.060586776584386826,0.04063255339860916,-0.07412303984165192,0.10399993509054184,3.240573481998172,6.26970423287082,27.506672775049406,19.66022379995944
610,3.273319959640503,27.375,20.666929244995117,-0.007150397635996342,-0.06767843663692474,0.15061967074871063,0.16528092324733734,3.240573481998172,3.2501485706755506,27.155683052931288,21.155023355890684
611,0.0,27.375,20.924545288085938,-0.0019198197405785322,-0.11830516159534454,0.2578701674938202,0.28371959924697876,3.240573481998172,-0.006221316941535401,26.991623430550618,21.760192514664837
612,-3.273319959640503,27.375,20.666929244995117,0.0027186584193259478,-0.07122230529785156,0.1578579843044281,0.17320263385772705,3.240573481998172,-3.2645099472602244,27.144198886125004,21.17847964285373
613,-6.466040134429932,27.375,19.90042495727539,0.05354205518960953,0.032971881330013275,-0.056475650519132614,0.08451861143112183,3.240573481998172,-6.292533170210801,27.481847804289632,19.717411461824494
614,-9.499545097351074,27.375,18.643905639648438,0.11624705046415329,0.1079091727733612,-0.2015123963356018,0.256446897983551,3.240573481998172,-9.122837988256435,27.724687603753715,17.99088991178938
615,-12.299139022827148,27.375,16.928312301635742,0.10281649231910706,0.0928552895784378,-0.17305691540241241,0.22168003022670746,3.240573481998172,-11.965954624305782,27.675904389071146,16.367508650706284
616,-14.79588794708252,27.375,14.79588794708252,-0.019672423601150513,0.001717872335575521,-0.02719997987151146,0.033612411469221115,3.240573481998172,-14.859637881331043,27.380566891536123,14.707744413600015
617,-16.928312301635742,27.375,12.299139022827148,-0.16563670337200165,-0.08961120247840881,0.09546566754579544,0.2111382931470871,3.240573481998172,-17.46507021022865,27.0846083135585,12.608502533517306
618,-18.643905639648438,27.375,9.499545097351074,-0.19701169431209564,-0.10610292851924896,0.11077305674552917,0.24968402087688446,3.240573481998172,-19.282336511879745,27.031165663478173,9.858513327560514
619,-19.90042495727539,27.375,6.466040134429932,-0.06170869991183281,-0.03488791733980179,0.05213620141148567,0.08799610286951065,3.240573481998172,-20.10039653381826,27.261943140226496,6.634991326176108
620,-20.666929244995117,27.375,3.273319959640503,0.139145165681839,0.0647866278886795,0.004452199209481478,0.15355293452739716,3.240573481998172,-20.21601911093831,27.584945828324138,3.287747638335322
621,-20.924545288085938,27.375,0.0,0.2339436411857605,0.11059772223234177,1.859967735384771e-10,0.258769154548645,3.240573481998172,-20.166433728177267,27.733400045835527,6.027362120660082e-10
622,-20.666929244995117,27.375,-3.273319959640503,0.13914518058300018,0.0647866353392601,-0.00445219874382019,0.15355296432971954,3.240573481998172,-20.21601906265,27.58494585246829,-3.287747636826312
623,-19.90042495727539,27.375,-6.466040134429932,-0.06170869618654251,-0.03488791733980179,-0.05213620141148567,0.08799609541893005,3.240573481998172,-20.10039652174618,27.261943140226496,-6.634991326176108
624,-18.643905639648438,27.375,-9.499545097351074,-0.19701169431209564,-0.10610292851924896,-0.11077305674552917,0.24968402087688446,3.240573481998172,-19.282336511879745,27.031165663478173,-9.858513327560514
625,-16.928312301635742,27.375,-12.299139022827148,-0.16563670337200165,-0.08961120247840881,-0.09546567499637604,0.2111382931470871,3.240573481998172,-17.46507021022865,27.0846083135585,-12.60850255766146
626,-14.79588794708252,27.375,-14.79588794708252,-0.019672425463795662,0.001717871055006981,0.02719997800886631,0.033612411469221115,3.240573481998172,-14.85963788736708,27.380566887386347,-14.707744419636054
627,-12.299139022827148,27.375,-16.928312301635742,0.10281649231910706,0.0928552895784378,0.17305691540241241,0.22168003022670746,3.240573481998172,-11.965954624305782,27.675904389071146,-16.367508650706284
628,-9.499545097351074,27.375,-18.643905639648438,0.11624705046415329,0.1079091727733612,0.2015123963356018,0.256446897983551,3.240573481998172,-9.122837988256435,27.724687603753715,-17.99088991178938
629,-6.466040134429932,27.375,-19.90042495727539,0.05354205518960953,0.032971885055303574,0.05647565424442291,0.08451861888170242,3.240573481998172,-6.292533170210801,27.481847816361707,-19.717411449752415
630,-3.273319959640503,27.375,-20.666929244995117,0.0027186591178178787,-0.07122229784727097,-0.1578579694032669,0.17320261895656586,3.240573481998172,-3.2645099449967097,27.144198910269157,-21.178479594565424
631,-0.0,27.375,-20.924545288085938,-0.0019198193913325667,-0.11830516159534454,-0.2578701674938202,0.28371959924697876,3.240573481998172,-0.006221315809778187,26.991623430550618,-21.760192514664837
632,3.273319959640503,27.375,-20.666929244995117,-0.007150397170335054,-0.06767844408750534,-0.15061967074871063,0.16528093814849854,3.240573481998172,3.2501485721845604,27.155683028787134,-21.155023355890684
633,6.466040134429932,27.375,-19.90042495727539,-0.060586776584386826,0.04063254967331886,0.07412303984165192,0.10399993509054184,3.240573481998172,6.26970423287082,27.50667276297733,-19.66022379995944
634,9.499545097351074,27.375,-18.643905639648438,-0.12629538774490356,0.11762966215610504,0.2257702350616455,0.284182071685791,3.240573481998172,9.090275612926263,27.75618756387948,-17.912280602883175
635,12.299139022827148,27.375,-16.928312301635742,-0.10851135104894638,0.09857477247714996,0.18967249989509583,0.23972350358963013,3.240573481998172,11.947500016122138,27.694438793683457,-16.313664628211395
636,14.79588794708252,27.375,-14.79588794708252,0.031150201335549355,-0.002533217892050743,0.02357797883450985,0.03914937376976013,3.240573481998172,14.896832463489405,27.366790921274898,-14.719481774112293
637,16.928312301635742,27.375,-12.299139022827148,0.19752593338489532,-0.10321326553821564,-0.11618231981992722,0.25133204460144043,3.240573481998172,17.568409603369773,27.040529828706422,-12.675636367512634
638,18.643905639648438,27.375,-9.499545097351074,0.2311962991952896,-0.1201128289103508,-0.13235171139240265,0.29222559928894043,3.240573481998172,19.39311423595681,26.985765551785335,-9.928440543586369
639,19.90042495727539,27.375,-6.466040134429932,0.06925079971551895,-0.03833228349685669,-0.06233353167772293,0.10074972361326218,3.240573481998172,20.124837262440668,27.25078141859565,-6.668036524224053
640,20.666929244995117,27.375,-3.273319959640503,-0.17042352259159088,0.07547613233327866,-0.005435197148472071,0.18646813929080963,3.240573481998172,20.114659296976093,27.619585952963007,-3.2909331153892736
641,21.565994262695312,29.200000762939453,0.0,-0.27487513422966003,0.12493011355400085,-3.055131980733705e-10,0.30193355679512024,3.240573481998172,20.675241191849988,29.60484597602557,-9.900379680770196e-10
642,21.30048179626465,29.200000762939453,3.3736650943756104,-0.16742254793643951,0.07394255697727203,0.016895882785320282,0.1838022768497467,3.240573481998172,20.757936727133256,29.43961705227114,3.4284174440846686
643,20.510480880737305,29.200000762939453,6.66425895690918,0.062011752277612686,-0.03722114861011505,0.07349633425474167,0.10311441123485565,3.240573481998172,20.711434520740376,29.079382895784,6.9024292287191695
644,19.215442657470703,29.200000762939453,9.790757179260254,0.22209613025188446,-0.11754163354635239,0.13261595368385315,0.2841297388076782,3.240573481998172,19.93516148761937,28.819098462238397,10.220508922058047
645,17.447256088256836,29.200000762939453,12.67617416381836,0.19792434573173523,-0.10158747434616089,0.10697227716445923,0.24685446918010712,3.240573481998172,18.088644474476936,28.870799087470115,13.022825688506465
646,15.24946117401123,29.200000762939453,15.24946117401123,0.041898999363183975,-0.003109947545453906,-0.0318337082862854,0.05271226540207863,3.240573481998172,15.385237960269823,29.18992274939325,15.146301703105028
647,12.67617416381836,29.200000762939453,17.447256088256836,-0.09842223674058914,0.09668875485658646,-0.18968437612056732,0.2345544993877411,3.240573481998172,12.35722967339786,29.513327777935128,16.832569929051157
648,9.790757179260254,29.200000762939453,19.215442657470703,-0.12773695588111877,0.11630382388830185,-0.2202553153038025,0.27992090582847595,3.240573481998172,9.37681618736073,29.57689185048687,18.501689123428054
649,6.66425895690918,29.200000762939453,20.510480880737305,-0.07270210236310959,0.040813058614730835,-0.07069432735443115,0.10931143164634705,3.240573481998172,6.42866245190577,29.33225847840559,20.281390718184838
650,3.3736650943756104,29.200000762939453,21.30048179626465,-0.018507985398173332,-0.06663721799850464,0.14901569485664368,0.16428250074386597,3.240573481998172,3.3136886076890804,28.984057961379367,21.78337810541862
651,0.0,29.200000762939453,21.565994262695312,-0.0022225328721106052,-0.1176384910941124,0.2555173337459564,0.2813056409358978,3.240573481998172,-0.0072022810882308615,28.818784588237595,22.394016958623336
652,-3.3736650943756104,29.200000762939453,21.30048179626465,0.013111450709402561,-0.07137510925531387,0.15979918837547302,0.17550526559352875,3.240573481998172,-3.3311764748961945,28.96870447661196,21.81832280855904
653,-6.66425895690918,29.200000762939453,20.510480880737305,0.06519200652837753,0.032622624188661575,-0.05140387639403343,0.0891997367143631,3.240573481998172,-6.452999469315068,29.305716773798423,20.34390284202289
654,-9.790757179260254,29.200000762939453,19.215442657470703,0.12010130286216736,0.10810542106628418,-0.19976948201656342,0.2569415271282196,3.240573481998172,-9.401560082051683,29.550324323707102,18.568074971535317
655,-12.67617416381836,29.200000762939453,17.447256088256836,0.09748277813196182,0.0934712216258049,-0.17883826792240143,0.224104642868042,3.240573481998172,-12.360274058052413,29.50290112507001,16.86771753966102
656,-15.24946117401123,29.200000762939453,15.24946117401123,-0.028710290789604187,0.0018718342762440443,-0.036941975355148315,0.046824075281620026,3.240573481998172,-15.342498981004479,29.206066579457744,15.129747988302707
657,-17.447256088256836,29.200000762939453,12.67617416381836,-0.17203012108802795,-0.0904768779873848,0.09041444212198257,0.21437163650989532,3.240573481998172,-18.004732336759634,28.90680379139955,12.969168807348515
658,-19.215442657470703,29.200000762939453,9.790757179260254,-0.19823214411735535,-0.10741560906171799,0.11602342873811722,0.25356563925743103,3.240573481998172,-19.857828486977045,28.851912588661367,10.1667396257195
659,-20.510480880737305,29.200000762939453,6.66425895690918,-0.05907904729247093,-0.03539508208632469,0.06466946750879288,0.09447372704744339,3.240573481998172,-20.701930874735,29.08530039853736,6.873825118413116
660,-21.30048179626465,29.200000762939453,3.3736650943756104,0.1432894915342331,0.06571794301271439,0.01477433554828167,0.158331960439682,3.240573481998172,-20.83614166974981,29.412964586357923,3.421542414367515
661,-21.565994262695312,29.200000762939453,0.0,0.23834021389484406,0.11224081367254257,2.63087912566462e-10,0.26344650983810425,3.240573481998172,-20.79363528585391,29.563725367324594,8.525557128971304e-10
662,-21.30048179626465,29.200000762939453,-3.3736650943756104,0.1432894915342331,0.06571795046329498,-0.014774334616959095,0.158331960439682,3.240573481998172,-20.83614166974981,29.412964610502076,-3.4215424113494954
663,-20.510480880737305,29.200000762939453,-6.66425895690918,-0.059079043567180634,-0.03539508208632469,-0.06466946750879288,0.09447372704744339,3.240573481998172,-20.701930862662923,29.08530039853736,-6.873825118413116
664,-19.215442657470703,29.200000762939453,-9.790757179260254,-0.19823214411735535,-0.10741560161113739,-0.11602342873811722,0.25356563925743103,3.240573481998172,-19.857828486977045,28.85191261280552,-10.1667396257195
665,-17.447256088256836,29.200000762939453,-12.67617416381836,-0.17203012108802795,-0.0904768779873848,-0.09041444212198257,0.21437163650989532,3.240573481998172,-18.004732336759634,28.90680379139955,-12.969168807348515
666,-15.24946117401123,29.200000762939453,-15.24946117401123,-0.028710292652249336,0.0018718329956755042,0.03694197162985802,0.046824075281620026,3.240573481998172,-15.342498987040516,29.20606657530797,-15.129748000374784
667,-12.67617416381836,29.200000762939453,-17.447256088256836,0.09748277813196182,0.0934712216258049,0.17883825302124023,0.2241046279668808,3.240573481998172,-12.360274058052413,29.50290112507001,-16.867717587949326
668,-9.790757179260254,29.200000762939453,-19.215442657470703,0.12010130286216736,0.10810542106628418,0.19976948201656342,0.2569415271282196,3.240573481998172,-9.401560082051683,29.550324323707102,-18.568074971535317
669,-6.66425895690918,29.200000762939453,-20.510480880737305,0.06519200652837753,0.032622624188661575,0.05140388011932373,0.0891997367143631,3.240573481998172,-6.452999469315068,29.305716773798423,-20.34390282995081
670,-3.3736650943756104,29.200000762939453,-21.30048179626465,0.013111451640725136,-0.07137510925531387,-0.15979918837547302,0.17550526559352875,3.240573481998172,-3.331176471878175,28.96870447661196,-21.81832280855904
671,-0.0,29.200000762939453,-21.565994262695312,-0.002222532406449318,-0.1176384910941124,-0.2555173337459564,0.2813056409358978,3.240573481998172,-0.007202279579221243,28.818784588237595,-22.394016958623336
672,3.3736650943756104,29.200000762939453,-21.30048179626465,-0.018507983535528183,-0.06663721799850464,-0.14901569485664368,0.16428250074386597,3.240573481998172,3.313688613725119,28.984057961379367,-21.78337810541862
673,6.66425895690918,29.200000762939453,-20.510480880737305,-0.07270209491252899,0.040813058614730835,0.07069432735443115,0.10931142419576645,3.240573481998172,6.428662476049924,29.33225847840559,-20.281390718184838
674,9.790757179260254,29.200000762939453,-19.215442657470703,-0.12773695588111877,0.11630382388830185,0.2202553153038025,0.27992090582847595,3.240573481998172,9.37681618736073,29.57689185048687,-18.501689123428054
675,12.67617416381836,29.200000762939453,-17.447256088256836,-0.09842223674058914,0.09668875485658646,0.18968439102172852,0.23455451428890228,3.240573481998172,12.35722967339786,29.513327777935128,-16.83256988076285
676,15.24946117401123,29.200000762939453,-15.24946117401123,0.04189899563789368,-0.003109946148470044,0.0318337120115757,0.05271226540207863,3.240573481998172,15.385237948197746,29.18992275392028,-15.146301691032951
677,17.447256088256836,29.200000762939453,-12.67617416381836,0.19792434573173523,-0.10158747434616089,-0.10697227716445923,0.24685446918010712,3.240573481998172,18.088644474476936,28.870799087470115,-13.022825688506465
678,19.215442657470703,29.200000762939453,-9.790757179260254,0.22209613025188446,-0.11754163354635239,-0.13261595368385315,0.2841297388076782,3.240573481998172,19.93516148761937,28.819098462238397,-10.220508922058047
679,20.510480880737305,29.200000762939453,-6.66425895690918,0.062011756002902985,-0.03722114861011505,-0.07349634170532227,0.10311441868543625,3.240573481998172,20.711434532812454,29.079382895784,-6.902429252863323
680,21.30048179626465,29.200000762939453,-3.3736650943756104,-0.16742254793643951,0.07394255697727203,-0.01689588464796543,0.1838022917509079,3.240573481998172,20.757936727133256,29.43961705227114,-3.428417450120707
681,22.79338836669922,31.024999618530273,0.0,-0.1825190633535385,0.06326761096715927,-1.5693386867798864e-10,0.19317349791526794,3.240573481998172,22.201921930036598,31.230022960899827,-5.085557332652735e-10
682,22.51276397705078,31.024999618530273,3.565670967102051,-0.11046499013900757,0.03763743117451668,0.0047430237755179405,0.11679720133543015,3.240573481998172,22.154794059317123,31.146966479924945,3.581041084173481
683,21.677799224853516,31.024999618530273,7.043543815612793,0.042945124208927155,-0.01851983554661274,0.04138840362429619,0.062452126294374466,3.240573481998172,21.816966055546082,30.964984730566954,7.177665978859924
684,20.309057235717773,31.024999618530273,10.347982406616211,0.14863382279872894,-0.05969751626253128,0.08594059199094772,0.18177346885204315,3.240573481998172,20.790716060407348,30.83154543038876,10.6264792100493
685,18.44023895263672,31.024999618530273,13.39761734008789,0.12974494695663452,-0.052393753081560135,0.07558481395244598,0.1590343415737152,3.240573481998172,18.860686987167647,30.85521381167181,13.642555483823953
686,16.117359161376953,31.024999618530273,16.117359161376953,0.023388944566249847,-0.0024505003821104765,-0.014568518847227097,0.027663864195346832,3.240573481998172,16.19315275491027,31.01705859197438,16.07014880552864
687,13.39761734008789,31.024999618530273,18.44023895263672,-0.06904199719429016,0.04940887168049812,-0.12346065789461136,0.14983512461185455,3.240573481998172,13.173881674835881,31.185112697873546,18.040155618593392
688,10.347982406616211,31.024999618530273,20.309057235717773,-0.08367908000946045,0.06070148944854736,-0.14934834837913513,0.18163642287254333,3.240573481998172,10.07681419893955,31.221707255555028,19.825082938380124
689,7.043543815612793,31.024999618530273,21.677799224853516,-0.042222149670124054,0.022144388407468796,-0.051357317715883255,0.07007608562707901,3.240573481998172,6.906719837038831,31.096760136378585,21.51137206295687
690,3.565670967102051,31.024999618530273,22.51276397705078,-0.006420028395950794,-0.03446393460035324,0.09825126826763153,0.10431822389364243,3.240573481998172,3.544866393328457,30.91331670597905,22.831154431571555
691,0.0,31.024999618530273,22.79338836669922,-0.0015036805998533964,-0.062336549162864685,0.17278917133808136,0.1836959570646286,3.240573481998172,-0.004872787477280021,30.82299345035382,23.353324373313843
692,-3.565670967102051,31.024999618530273,22.51276397705078,0.002562764100730419,-0.038423966616392136,0.10833929479122162,0.11497987806797028,3.240573481998172,-3.557366141716607,30.90048393124001,22.863845422809597
693,-7.043543815612793,31.024999618530273,21.677799224853516,0.03709643706679344,0.017387308180332184,-0.03645551949739456,0.05484039708971977,3.240573481998172,-6.923330085377528,31.081344468342788,21.559662435097792
694,-10.347982406616211,31.024999618530273,20.309057235717773,0.07973885536193848,0.058725398033857346,-0.13744281232357025,0.1694033145904541,3.240573481998172,-10.089582786445426,31.21530358611858,19.86366370281076
695,-13.39761734008789,31.024999618530273,18.44023895263672,0.07055383920669556,0.05118488147854805,-0.12033713608980179,0.14858923852443695,3.240573481998172,-13.16898243970151,31.190867988128876,18.0502776205245
696,-16.117359161376953,31.024999618530273,16.117359161376953,-0.014153866097331047,0.0008469160529784858,-0.020316602662205696,0.02477526105940342,3.240573481998172,-16.163225804519715,31.027744112233034,16.051521717545516
697,-18.44023895263672,31.024999618530273,13.39761734008789,-0.11603745073080063,-0.0506180077791214,0.06607463955879211,0.1428031176328659,3.240573481998172,-18.81626683839362,30.860968244809676,13.6117370648747
698,-20.309057235717773,31.024999618530273,10.347982406616211,-0.1383739560842514,-0.06031646206974983,0.07845788449048996,0.1701207458972931,3.240573481998172,-20.757468208403576,30.829539691019093,10.602230946549769
699,-21.677799224853516,31.024999618530273,7.043543815612793,-0.0432899110019207,-0.019858872517943382,0.038183338940143585,0.06104390695691109,3.240573481998172,-21.8180833624844,30.960645482866244,7.167279731236371
700,-22.51276397705078,31.024999618530273,3.565670967102051,0.09866268932819366,0.03733493760228157,0.004270064178854227,0.1055767834186554,3.240573481998172,-22.193040282351213,31.145986227276282,3.5795084238464763
701,-22.79338836669922,31.024999618530273,0.0,0.1658192127943039,0.0637231394648552,1.3993818603896813e-10,0.17764191329479218,3.240573481998172,-22.256039022912187,31.231499134469754,4.534799747968069e-10
702,-22.51276397705078,31.024999618530273,-3.565670967102051,0.09866268932819366,0.03733493760228157,-0.00427006371319294,0.1055767834186554,3.240573481998172,-22.193040282351213,31.145986227276282,-3.5795084223374665
703,-21.677799224853516,31.024999618530273,-7.043543815612793,-0.0432899110019207,-0.019858872517943382,-0.038183338940143585,0.06104390695691109,3.240573481998172,-21.8180833624844,30.960645482866244,-7.167279731236371
704,-20.309057235717773,31.024999618530273,-10.347982406616211,-0.1383739560842514,-0.06031646206974983,-0.07845788449048996,0.1701207458972931,3.240573481998172,-20.757468208403576,30.829539691019093,-10.602230946549769
705,-18.44023895263672,31.024999618530273,-13.39761734008789,-0.11603745818138123,-0.0506180077791214,-0.06607464700937271,0.1428031325340271,3.240573481998172,-18.816266862537773,30.860968244809676,-13.611737089018854
706,-16.117359161376953,31.024999618530273,-16.117359161376953,-0.014153867959976196,0.0008469153544865549,0.020316600799560547,0.02477526105940342,3.240573481998172,-16.163225810555755,31.027744109969518,-16.051521723581555
707,-13.39761734008789,31.024999618530273,-18.44023895263672,0.07055383920669556,0.05118488147854805,0.12033713608980179,0.14858923852443695,3.240573481998172,-13.16898243970151,31.190867988128876,-18.0502776205245
708,-10.347982406616211,31.024999618530273,-20.309057235717773,0.07973885536193848,0.058725398033857346,0.13744281232357025,0.1694033145904541,3.240573481998172,-10.089582786445426,31.21530358611858,-19.86366370281076
709,-7.043543815612793,31.024999618530273,-21.677799224853516,0.03709643706679344,0.017387308180332184,0.03645551949739456,0.05484039708971977,3.240573481998172,-6.923330085377528,31.081344468342788,-21.559662435097792
710,-3.565670967102051,31.024999618530273,-22.51276397705078,0.0025627645663917065,-0.038423966616392136,-0.10833929479122162,0.11497987806797028,3.240573481998172,-3.557366140207597,30.90048393124001,-22.863845422809597
711,-0.0,31.024999618530273,-22.79338836669922,-0.0015036803670227528,-0.062336549162864685,-0.17278917133808136,0.1836959570646286,3.240573481998172,-0.004872786722775211,30.82299345035382,-23.353324373313843
712,3.565670967102051,31.024999618530273,-22.51276397705078,-0.006420027930289507,-0.03446393460035324,-0.09825126826763153,0.10431822389364243,3.240573481998172,3.544866394837467,30.91331670597905,-22.831154431571555
713,7.043543815612793,31.024999618530273,-21.677799224853516,-0.042222149670124054,0.022144388407468796,0.05135731399059296,0.07007608562707901,3.240573481998172,6.906719837038831,31.096760136378585,-21.511372075028948
714,10.347982406616211,31.024999618530273,-20.309057235717773,-0.08367908000946045,0.06070148944854736,0.14934834837913513,0.18163642287254333,3.240573481998172,10.07681419893955,31.221707255555028,-19.825082938380124
715,13.39761734008789,31.024999618530273,-18.44023895263672,-0.06904199719429016,0.04940887168049812,0.12346065789461136,0.14983512461185455,3.240573481998172,13.173881674835881,31.185112697873546,-18.040155618593392
716,16.117359161376953,31.024999618530273,-16.117359161376953,0.023388944566249847,-0.0024504996836185455,0.014568520709872246,0.02766386605799198,3.240573481998172,16.19315275491027,31.017058594237895,-16.0701487994926
717,18.44023895263672,31.024999618530273,-13.39761734008789,0.12974494695663452,-0.052393753081560135,-0.07558481395244598,0.1590343415737152,3.240573481998172,18.860686987167647,30.85521381167181,-13.642555483823953
718,20.309057235717773,31.024999618530273,-10.347982406616211,0.14863382279872894,-0.05969751626253128,-0.08594059199094772,0.18177346885204315,3.240573481998172,20.790716060407348,30.83154543038876,-10.6264792100493
719,21.677799224853516,31.024999618530273,-7.043543815612793,0.042945124208927155,-0.01851983740925789,-0.04138840362429619,0.062452126294374466,3.240573481998172,21.816966055546082,30.964984724530915,-7.177665978859924
720,22.51276397705078,31.024999618530273,-3.565670967102051,-0.11046499013900757,0.03763743117451668,-0.004743024241179228,0.11679720133543015,3.240573481998172,22.154794059317123,31.146966479924945,-3.581041085682491
721,24.020782470703125,32.849998474121094,0.0,-0.035722337663173676,-0.034045200794935226,-3.799995387798738e-11,0.04934735223650932,3.240573481998172,23.90502161055686,32.73967249923572,-1.231416428541595e-10
722,23.725046157836914,32.849998474121094,3.7576780319213867,-0.0222075916826725,-0.01985458843410015,0.0017714818241074681,0.029841581359505653,3.240573481998172,23.653080825131003,32.785658221345564,3.7634186489444312
723,22.845121383666992,32.849998474121094,7.422830104827881,0.007153401151299477,0.010652204975485802,0.008988123387098312,0.015666108578443527,3.240573481998172,22.868302505743987,32.88451772708946,7.4519567791290395
724,21.402673721313477,32.849998474121094,10.905206680297852,0.028725022450089455,0.031755104660987854,0.01736758090555668,0.046207644045352936,3.240573481998172,21.49575926733504,32.95290322420357,10.961487602426857
725,19.4332218170166,32.849998474121094,14.119061470031738,0.02704075537621975,0.02618366666138172,0.015396082773804665,0.04066726192831993,3.240573481998172,19.520849371821978,32.934848569965446,14.168953607595178
726,16.985258102416992,32.849998474121094,16.985258102416992,0.007154005579650402,-0.0005679156165570021,-0.0021920849103480577,0.007503836415708065,3.240573481998172,17.008441183188474,32.848158101834066,16.97815449018623
727,14.119061470031738,32.849998474121094,19.4332218170166,-0.01227963250130415,-0.0257259514182806,-0.024542400613427162,0.037615735083818436,3.240573481998172,14.079268418579328,32.76663163815584,19.353690364404155
728,10.905206680297852,32.849998474121094,21.402673721313477,-0.017430150881409645,-0.028934044763445854,-0.031438276171684265,0.04614492878317833,3.240573481998172,10.848722995564328,32.75623557593372,21.300795677231783
729,7.422830104827881,32.849998474121094,22.845121383666992,-0.01042048167437315,-0.008818365633487701,-0.012741806916892529,0.01867360807955265,3.240573481998172,7.389061768244259,32.821421912294646,22.80383062205937
730,3.7576780319213867,32.849998474121094,23.725046157836914,-0.0028444351628422737,0.017109215259552002,0.018827462568879128,0.025598620995879173,3.240573481998172,3.748460430761417,32.905442143388996,23.786057933770937
731,0.0,32.849998474121094,24.020782470703125,-0.0007430934347212315,0.027886465191841125,0.03675557300448418,0.046143028885126114,3.240573481998172,-0.0024080488792045623,32.940366613728436,24.139891605897105
732,-3.7576780319213867,32.849998474121094,23.725046157836914,0.0009971297113224864,0.01609925553202629,0.024987883865833282,0.02974179945886135,3.240573481998172,-3.7544467598207625,32.90216929467809,23.806021231663784
733,-7.422830104827881,32.849998474121094,22.845121383666992,0.00878055952489376,-0.007314868271350861,-0.006360531318932772,0.013079063035547733,3.240573481998172,-7.394376056474404,32.82629410597664,22.82450961454344
734,-10.905206680297852,32.849998474121094,21.402673721313477,0.018128396943211555,-0.02312842383980751,-0.030313484370708466,0.042219310998916626,3.240573481998172,-10.846460277892543,32.7750491171454,21.30444064771479
735,-14.119061470031738,32.849998474121094,19.4332218170166,0.015872789546847343,-0.019581403583288193,-0.02829505316913128,0.037894416600465775,3.240573481998172,-14.067624529140886,32.786543496928786,19.341529618044987
736,-16.985258102416992,32.849998474121094,16.985258102416992,-0.0038172141648828983,-0.001092721475288272,-0.0059616644866764545,0.00716286338865757,3.240573481998172,-16.99762806541482,32.846457429885064,16.965938890572897
737,-19.4332218170166,32.849998474121094,14.119061470031738,-0.027930134907364845,0.016528723761439323,0.01509082317352295,0.03579139709472656,3.240573481998172,-19.52373147154604,32.903561018033685,14.167964391429381
738,-21.402673721313477,32.849998474121094,10.905206680297852,-0.03338608145713806,0.019514191895723343,0.019477933645248413,0.04329923912882805,3.240573481998172,-21.51086377155131,32.913235646901,10.968326355552763
739,-22.845121383666992,32.849998474121094,7.422830104827881,-0.010292984545230865,0.00662319315597415,0.010645287111401558,0.016221417114138603,3.240573481998172,-22.878476556434883,32.87146141822849,7.457326939949346
740,-23.725046157836914,32.849998474121094,3.7576780319213867,0.02459644339978695,-0.01096519734710455,0.0021401741541922092,0.027014829218387604,3.240573481998172,-23.645339575604094,32.81446494637319,3.7646134235323196
741,-24.020782470703125,32.849998474121094,0.0,0.04119093343615532,-0.018952449783682823,4.287790955626036e-11,0.04534190520644188,3.240573481998172,-23.88730022411117,32.78858166793319,1.3894901667153334e-10
742,-23.725046157836914,32.849998474121094,-3.7576780319213867,0.02459644339978695,-0.01096519734710455,-0.0021401741541922092,0.027014829218387604,3.240573481998172,-23.645339575604094,32.81446494637319,-3.7646134235323196
743,-22.845121383666992,32.849998474121094,-7.422830104827881,-0.01029298361390829,0.00662319315597415,-0.010645287111401558,0.016221415251493454,3.240573481998172,-22.878476553416863,32.87146141822849,-7.457326939949346
744,-21.402673721313477,32.849998474121094,-10.905206680297852,-0.03338608145713806,0.019514191895723343,-0.019477933645248413,0.04329923912882805,3.240573481998172,-21.51086377155131,32.913235646901,-10.968326355552763
745,-19.4332218170166,32.849998474121094,-14.119061470031738,-0.027930134907364845,0.016528723761439323,-0.015090824104845524,0.03579139709472656,3.240573481998172,-19.52373147154604,32.903561018033685,-14.167964394447399
746,-16.985258102416992,32.849998474121094,-16.985258102416992,-0.0038172146305441856,-0.0010927211260423064,0.0059616644866764545,0.00716286338865757,3.240573481998172,-16.99762806692383,32.84645743101682,-16.965938890572897
747,-14.119061470031738,32.849998474121094,-19.4332218170166,0.015872789546847343,-0.019581403583288193,0.02829505130648613,0.037894416600465775,3.240573481998172,-14.067624529140886,32.786543496928786,-19.341529624081026
748,-10.905206680297852,32.849998474121094,-21.402673721313477,0.018128396943211555,-0.02312842383980751,0.030313484370708466,0.042219310998916626,3.240573481998172,-10.846460277892543,32.7750491171454,-21.30444064771479
749,-7.422830104827881,32.849998474121094,-22.845121383666992,0.008780560456216335,-0.007314868271350861,0.006360531784594059,0.013079063035547733,3.240573481998172,-7.3943760534563845,32.82629410597664,-22.82450961303443
750,-3.7576780319213867,32.849998474121094,-23.725046157836914,0.0009971298277378082,0.01609925366938114,-0.024987883865833282,0.02974179945886135,3.240573481998172,-3.75444675944351,32.90216928864205,-23.806021231663784
751,-0.0,32.849998474121094,-24.020782470703125,-0.0007430933765135705,0.027886465191841125,-0.03675557300448418,0.046143028885126114,3.240573481998172,-0.00240804869057836,32.940366613728436,-24.139891605897105
752,3.7576780319213867,32.849998474121094,-23.725046157836914,-0.0028444351628422737,0.017109215259552002,-0.018827462568879128,0.025598620995879173,3.240573481998172,3.748460430761417,32.905442143388996,-23.786057933770937
753,7.422830104827881,32.849998474121094,-22.845121383666992,-0.01042048167437315,-0.008818365633487701,0.012741805985569954,0.01867360807955265,3.240573481998172,7.389061768244259,32.821421912294646,-22.80383062507739
754,10.905206680297852,32.849998474121094,-21.402673721313477,-0.017430150881409645,-0.028934044763445854,0.031438276171684265,0.04614492878317833,3.240573481998172,10.848722995564328,32.75623557593372,-21.300795677231783
755,14.119061470031738,32.849998474121094,-19.4332218170166,-0.01227963250130415,-0.0257259514182806,0.024542400613427162,0.037615735083818436,3.240573481998172,14.079268418579328,32.76663163815584,-19.353690364404155
756,16.985258102416992,32.849998474121094,-16.985258102416992,0.007154005113989115,-0.0005679159658029675,0.002192085376009345,0.007503835950046778,3.240573481998172,17.008441181679466,32.84815810070231,-16.97815448867722
757,19.4332218170166,32.849998474121094,-14.119061470031738,0.02704075537621975,0.02618366666138172,-0.015396082773804665,0.04066726192831993,3.240573481998172,19.520849371821978,32.934848569965446,-14.168953607595178
758,21.402673721313477,32.849998474121094,-10.905206680297852,0.028725022450089455,0.031755104660987854,-0.01736758090555668,0.046207644045352936,3.240573481998172,21.49575926733504,32.95290322420357,-10.961487602426857
759,22.845121383666992,32.849998474121094,-7.422830104827881,0.007153401616960764,0.010652205906808376,-0.008988123387098312,0.015666110441088676,3.240573481998172,22.868302507253,32.88451773010748,-7.4519567791290395
760,23.725046157836914,32.849998474121094,-3.7576780319213867,-0.0222075916826725,-0.01985458843410015,-0.00177148194052279,0.029841581359505653,3.240573481998172,23.653080825131003,32.785658221345564,-3.7634186493216837
761,25.710390090942383,34.67499923706055,0.0,0.11041204631328583,-0.16849511861801147,1.0026084823477888e-10,0.20144832134246826,3.240573481998172,26.06818844031837,34.12897842382088,3.2490264607226764e-10
762,25.39385223388672,34.67499923706055,4.021990776062012,0.06622947752475739,-0.09943369030952454,-0.0037581310607492924,0.11953043937683105,3.240573481998172,25.608473722480042,34.35277705702628,4.0098122762046735
763,24.452035903930664,34.67499923706055,7.944948196411133,-0.027161432430148125,0.05066850408911705,-0.026232700794935226,0.0631917342543602,3.240573481998172,24.364017286264442,34.839194247784256,7.859939201853873
764,22.908126831054688,34.67499923706055,11.672272682189941,-0.09006278216838837,0.15812328457832336,-0.05205189809203148,0.18927143514156342,3.240573481998172,22.61627176744483,35.18740935995151,11.503594681545232
765,20.800142288208008,34.67499923706055,15.112189292907715,-0.07675626873970032,0.1353493332862854,-0.04353629797697067,0.16157467663288116,3.240573481998172,20.55140795915301,35.11360869731421,14.971106720179174
766,18.17999267578125,34.67499923706055,18.17999267578125,-0.012015264481306076,0.0027584440540522337,0.011951475404202938,0.017170129343867302,3.240573481998172,18.141056328323934,34.683938177713685,18.218722310046864
767,15.112189292907715,34.67499923706055,20.800142288208008,0.04229779914021492,-0.1295679658651352,0.07534201443195343,0.15573497116565704,3.240573481998172,15.249258419148381,34.25512472276154,21.044293622256518
768,11.672272682189941,34.67499923706055,22.908126831054688,0.049610674381256104,-0.1538347750902176,0.08670416474342346,0.18342292308807373,3.240573481998172,11.833039718013886,34.176486344294034,23.189098048101027
769,7.944948196411133,34.67499923706055,24.452035903930664,0.02469753846526146,-0.05276958644390106,0.025983579456806183,0.06379454582929611,3.240573481998172,8.024982384632288,34.503995514574434,24.536237602485784
770,4.021990776062012,34.67499923706055,25.39385223388672,0.0038458118215203285,0.08839312195777893,-0.06071607768535614,0.10730599611997604,3.240573481998172,4.034453411867585,34.961443644067955,25.197097322608613
771,0.0,34.67499923706055,25.710390090942383,0.0004716118855867535,0.15404660999774933,-0.10031235218048096,0.18382912874221802,3.240573481998172,0.0015282929702275893,35.17419859641097,25.385320542549454
772,-4.021990776062012,34.67499923706055,25.39385223388672,-0.0029437514021992683,0.09310559928417206,-0.06027291715145111,0.11095108836889267,3.240573481998172,-4.0315302187935735,34.97671477312638,25.198533416883052
773,-7.944948196411133,34.67499923706055,24.452035903930664,-0.022829502820968628,-0.04135909676551819,0.022328846156597137,0.0522526390850544,3.240573481998172,-8.018928877859967,34.54097204484281,24.52439417066935
774,-11.672272682189941,34.67499923706055,22.908126831054688,-0.04547799378633499,-0.13814763724803925,0.07752153277397156,0.16481082141399384,3.240573481998172,-11.819647462868415,34.22732166719385,23.15934105444587
775,-15.112189292907715,34.67499923706055,20.800142288208008,-0.03847522288560867,-0.11972860246896744,0.06663551181554794,0.14232206344604492,3.240573481998172,-15.236871079904788,34.28700990286291,21.016079560756847
776,-18.17999267578125,34.67499923706055,18.17999267578125,0.008753878064453602,-0.004349621012806892,0.011552003212273121,0.015132691711187363,3.240573481998172,-18.151625090660936,34.660903970549704,18.2174277910549
777,-20.800142288208008,34.67499923706055,15.112189292907715,0.06297608464956284,0.11128325015306473,-0.03490974381566048,0.13254673779010773,3.240573481998172,-20.59606365829256,35.03562078649714,14.999061702835336
778,-22.908126831054688,34.67499923706055,11.672272682189941,0.07345739006996155,0.1327223777770996,-0.04165329784154892,0.15730929374694824,3.240573481998172,-22.670082760737174,35.10509585495276,11.537292109766847
779,-24.452035903930664,34.67499923706055,7.944948196411133,0.022615700960159302,0.044403210282325745,-0.02081304043531418,0.054002754390239716,3.240573481998172,-24.378748063122373,34.81889110281704,7.877502009496698
780,-25.39385223388672,34.67499923706055,4.021990776062012,-0.05148286372423172,-0.07940606027841568,-0.0029837931506335735,0.09468215703964233,3.240573481998172,-25.560686236848788,34.41767806381237,4.012321575102301
781,-25.710390090942383,34.67499923706055,0.0,-0.0862554982304573,-0.13629402220249176,-7.702554566391129e-11,0.16129498183727264,3.240573481998172,-25.989907371184543,34.233328442956285,-2.496069407149102e-10
782,-25.39385223388672,34.67499923706055,-4.021990776062012,-0.05148286744952202,-0.07940606027841568,0.0029837931506335735,0.09468216449022293,3.240573481998172,-25.560686248920867,34.41767806381237,-4.012321575102301
783,-24.452035903930664,34.67499923706055,-7.944948196411133,0.022615699097514153,0.044403206557035446,0.02081304043531418,0.05400275066494942,3.240573481998172,-24.37874806915841,34.81889109074496,-7.877502009496698
784,-22.908126831054688,34.67499923706055,-11.672272682189941,0.07345739006996155,0.1327223777770996,0.04165329784154892,0.15730929374694824,3.240573481998172,-22.670082760737174,35.10509585495276,-11.537292109766847
785,-20.800142288208008,34.67499923706055,-15.112189292907715,0.06297608464956284,0.11128325015306473,0.03490974381566048,0.13254673779010773,3.240573481998172,-20.59606365829256,35.03562078649714,-14.999061702835336
786,-18.17999267578125,34.67499923706055,-18.17999267578125,0.008753878995776176,-0.0043496196158230305,-0.011552002280950546,0.015132691711187363,3.240573481998172,-18.151625087642916,34.660903975076735,-18.21742778803688
787,-15.112189292907715,34.67499923706055,-20.800142288208008,-0.03847522288560867,-0.11972860246896744,-0.06663551181554794,0.14232206344604492,3.240573481998172,-15.236871079904788,34.28700990286291,-21.016079560756847
788,-11.672272682189941,34.67499923706055,-22.908126831054688,-0.04547799378633499,-0.13814763724803925,-0.07752153277397156,0.16481082141399384,3.240573481998172,-11.819647462868415,34.22732166719385,-23.15934105444587
789,-7.944948196411133,34.67499923706055,-24.452035903930664,-0.022829502820968628,-0.04135909676551819,-0.022328846156597137,0.0522526390850544,3.240573481998172,-8.018928877859967,34.54097204484281,-24.52439417066935
790,-4.021990776062012,34.67499923706055,-25.39385223388672,-0.002943751635029912,0.09310559928417206,0.06027291715145111,0.11095108836889267,3.240573481998172,-4.031530219548078,34.97671477312638,-25.198533416883052
791,-0.0,34.67499923706055,-25.710390090942383,0.0004716116818599403,0.15404660999774933,0.10031235218048096,0.18382912874221802,3.240573481998172,0.0015282923100358808,35.17419859641097,-25.385320542549454
792,4.021990776062012,34.67499923706055,-25.39385223388672,0.003845811588689685,0.08839312195777893,0.06071607768535614,0.10730599611997604,3.240573481998172,4.0344534111130805,34.961443644067955,-25.197097322608613
793,7.944948196411133,34.67499923706055,-24.452035903930664,0.02469753846526146,-0.05276958644390106,-0.025983577594161034,0.06379454582929611,3.240573481998172,8.024982384632288,34.503995514574434,-24.536237596449745
794,11.672272682189941,34.67499923706055,-22.908126831054688,0.049610674381256104,-0.1538347750902176,-0.08670416474342346,0.18342292308807373,3.240573481998172,11.833039718013886,34.176486344294034,-23.189098048101027
795,15.112189292907715,34.67499923706055,-20.800142288208008,0.04229780286550522,-0.1295679658651352,-0.07534201443195343,0.15573497116565704,3.240573481998172,15.249258431220458,34.25512472276154,-21.044293622256518
796,18.17999267578125,34.67499923706055,-18.17999267578125,-0.012015264481306076,0.0027584421914070845,-0.011951476335525513,0.017170129343867302,3.240573481998172,18.141056328323934,34.683938171677646,-18.218722313064884
797,20.800142288208008,34.67499923706055,-15.112189292907715,-0.07675626873970032,0.1353493332862854,0.04353629797697067,0.16157467663288116,3.240573481998172,20.55140795915301,35.11360869731421,-14.971106720179174
798,22.908126831054688,34.67499923706055,-11.672272682189941,-0.09006278216838837,0.15812328457832336,0.05205189809203148,0.18927143514156342,3.240573481998172,22.61627176744483,35.18740935995151,-11.503594681545232
799,24.452035903930664,34.67499923706055,-7.944948196411133,-0.027161434292793274,0.05066850408911705,0.026232700794935226,0.0631917342543602,3.240573481998172,24.364017280228403,34.839194247784256,-7.859939201853873
800,25.39385223388672,34.67499923706055,-4.021990776062012,0.06622947752475739,-0.09943369030952454,0.003758131293579936,0.11953043937683105,3.240573481998172,25.608473722480042,34.35277705702628,-4.0098122754501695
801,27.399999618530273,36.5,0.0,0.2445555329322815,-0.292175829410553,2.450966096745333e-10,0.3810172379016876,3.240573481998172,28.192499793426556,35.55318275513134,7.942535738389492e-10
802,27.062660217285156,36.5,4.286303997039795,0.147924542427063,-0.17274391651153564,-0.011303294450044632,0.22770573198795319,3.240573481998172,27.54202056681101,35.94021064497621,4.249674840785763
803,26.058948516845703,36.5,8.467065811157227,-0.057507652789354324,0.08726364374160767,-0.06129985302686691,0.12116000801324844,3.240573481998172,25.87259074220456,36.78278424985159,8.268419132987976
804,24.4135799407959,36.5,12.439339637756348,-0.19863906502723694,0.2743489146232605,-0.11662837117910385,0.35822755098342896,3.240573481998172,23.769875454179726,37.389047817543116,12.061396830864703
805,22.16706657409668,36.5,16.105316162109375,-0.17344969511032104,0.23616357147693634,-0.09645627439022064,0.30848315358161926,3.240573481998172,21.604990091661506,37.26530540714214,15.792742517148087
806,19.374725341796875,36.5,19.374725341796875,-0.03219320625066757,0.006349726114422083,0.026644134894013405,0.04226856306195259,3.240573481998172,19.270400891320463,36.52057675406435,19.461067618785197
807,16.105316162109375,36.5,22.16706657409668,0.09088948369026184,-0.22501204907894135,0.1680004894733429,0.29515331983566284,3.240573481998172,16.399850212748543,35.77083192062471,22.71148450524671
808,12.439339637756348,36.5,24.4135799407959,0.11225143820047379,-0.2693444788455963,0.19537638127803802,0.3511677086353302,3.240573481998172,12.80309867170496,35.62716942433034,25.046711460974272
809,8.467065811157227,36.5,26.058948516845703,0.05984863266348839,-0.0940040871500969,0.061560072004795074,0.12731170654296875,3.240573481998172,8.661009703100376,36.19537284798195,26.25843845373434
810,4.286303997039795,36.5,27.062660217285156,0.012340255081653595,0.15380921959877014,-0.13390657305717468,0.2043049931526184,3.240573481998172,4.326293500418495,36.998430078318606,26.628726127570825
811,0.0,36.5,27.399999618530273,0.001632041996344924,0.27087661623954773,-0.22700822353363037,0.35342544317245483,3.240573481998172,0.0052887520148627186,37.377795579479276,26.664362789151678
812,-4.286303997039795,36.5,27.062660217285156,-0.008574850857257843,0.1649777889251709,-0.14005672931671143,0.21658043563365936,3.240573481998172,-4.314091431339914,37.0346226479096,26.608796094286024
813,-8.467065811157227,36.5,26.058948516845703,-0.0542522668838501,-0.0724390298128128,0.047578584402799606,0.1022469699382782,3.240573481998172,-8.64287426855932,36.265256000926925,26.213130415772426
814,-12.439339637756348,36.5,24.4135799407959,-0.105121910572052,-0.2448844313621521,0.17703846096992493,0.3199400305747986,3.240573481998172,-12.779994913533123,35.706434005573605,24.987286082708806
815,-16.105316162109375,36.5,22.16706657409668,-0.08800201863050461,-0.21317575871944427,0.15589021146297455,0.27837029099464417,3.240573481998172,-16.390493170045698,35.809188289288926,22.672240259466683
816,-19.374725341796875,36.5,19.374725341796875,0.02178052067756653,-0.007810952141880989,0.029868395999073982,0.03778257593512535,3.240573481998172,-19.30414396406504,36.47468803561986,19.471516073821295
817,-22.16706657409668,36.5,16.105316162109375,0.1481514871120453,0.1993430107831955,-0.08014006912708282,0.2609768807888031,3.240573481998172,-21.686970793642793,37.1459856745657,15.84561637925065
818,-24.4135799407959,36.5,12.439339637756348,0.1726512610912323,0.23832620680332184,-0.09920821338891983,0.31056419014930725,3.240573481998172,-23.854090842470107,37.27231358583206,12.117848132251797
819,-26.058948516845703,36.5,8.467065811157227,0.05277036875486374,0.0798085406422615,-0.05223378539085388,0.10900679975748062,3.240573481998172,-25.887942259223426,36.75862544044229,8.297798391355242
820,-27.062660217285156,36.5,4.286303997039795,-0.1225353255867958,-0.14316681027412415,-0.009594886563718319,0.1886894404888153,3.240573481998172,-27.45974494398974,36.03605743112341,4.2552110620786285
821,-27.399999618530273,36.5,0.0,-0.20494942367076874,-0.24575087428092957,-2.0181759041726366e-10,0.31999650597572327,3.240573481998172,-28.064153286028574,35.703626233627354,-6.54004731706953e-10
822,-27.062660217285156,36.5,-4.286303997039795,-0.1225353255867958,-0.14316681027412415,0.009594886563718319,0.1886894404888153,3.240573481998172,-27.45974494398974,36.03605743112341,-4.2552110620786285
823,-26.058948516845703,36.5,-8.467065811157227,0.05277036875486374,0.07980853319168091,0.05223378539085388,0.10900679975748062,3.240573481998172,-25.887942259223426,36.75862541629813,-8.297798391355242
824,-24.4135799407959,36.5,-12.439339637756348,0.1726512610912323,0.23832620680332184,0.09920821338891983,0.31056419014930725,3.240573481998172,-23.854090842470107,37.27231358583206,-12.117848132251797
825,-22.16706657409668,36.5,-16.105316162109375,0.14815150201320648,0.1993430107831955,0.08014007657766342,0.2609768807888031,3.240573481998172,-21.686970745354483,37.1459856745657,-15.845616355106497
826,-19.374725341796875,36.5,-19.374725341796875,0.021780522540211678,-0.007810949347913265,-0.029868394136428833,0.03778257593512535,3.240573481998172,-19.304143958029,36.47468804467392,-19.471516067785256
827,-16.105316162109375,36.5,-22.16706657409668,-0.08800201863050461,-0.21317575871944427,-0.15589021146297455,0.27837029099464417,3.240573481998172,-16.390493170045698,35.809188289288926,-22.672240259466683
828,-12.439339637756348,36.5,-24.4135799407959,-0.105121910572052,-0.2448844313621521,-0.17703846096992493,0.3199400305747986,3.240573481998172,-12.779994913533123,35.706434005573605,-24.987286082708806
829,-8.467065811157227,36.5,-26.058948516845703,-0.0542522668838501,-0.0724390372633934,-0.047578588128089905,0.1022469773888588,3.240573481998172,-8.64287426855932,36.26525597678277,-26.213130427844504
830,-4.286303997039795,36.5,-27.062660217285156,-0.008574851788580418,0.1649777889251709,0.14005672931671143,0.21658043563365936,3.240573481998172,-4.314091434357933,37.0346226479096,-26.608796094286024
831,-0.0,36.5,-27.399999618530273,0.0016320415306836367,0.27087661623954773,0.22700822353363037,0.35342544317245483,3.240573481998172,0.005288750505853099,37.377795579479276,-26.664362789151678
832,4.286303997039795,36.5,-27.062660217285156,0.01234025415033102,0.15380921959877014,0.13390657305717468,0.2043049931526184,3.240573481998172,4.326293497400475,36.998430078318606,-26.628726127570825
833,8.467065811157227,36.5,-26.058948516845703,0.05984862893819809,-0.0940040871500969,-0.061560068279504776,0.12731169164180756,3.240573481998172,8.6610096910283,36.19537284798195,-26.258438441662264
834,12.439339637756348,36.5,-24.4135799407959,0.11225143820047379,-0.2693444788455963,-0.19537638127803802,0.3511677086353302,3.240573481998172,12.80309867170496,35.62716942433034,-25.046711460974272
835,16.105316162109375,36.5,-22.16706657409668,0.09088948369026184,-0.22501204907894135,-0.1680005043745041,0.29515331983566284,3.240573481998172,16.399850212748543,35.77083192062471,-22.711484553535016
836,19.374725341796875,36.5,-19.374725341796875,-0.032193202525377274,0.006349722854793072,-0.026644138619303703,0.04226856306195259,3.240573481998172,19.27040090339254,36.52057674350128,-19.461067630857276
837,22.16706657409668,36.5,-16.105316162109375,-0.17344969511032104,0.23616357147693634,0.09645626693964005,0.3084831237792969,3.240573481998172,21.604990091661506,37.26530540714214,-15.79274254129224
838,24.4135799407959,36.5,-12.439339637756348,-0.19863906502723694,0.2743489146232605,0.11662837117910385,0.35822755098342896,3.240573481998172,23.769875454179726,37.389047817543116,-12.061396830864703
839,26.058948516845703,36.5,-8.467065811157227,-0.057507652789354324,0.08726365119218826,0.06129985675215721,0.12116000801324844,3.240573481998172,25.87259074220456,36.782784273995745,-8.2684191209159
840,27.062660217285156,36.5,-4.286303997039795,0.147924542427063,-0.17274391651153564,0.011303294450044632,0.22770573198795319,3.240573481998172,27.54202056681101,35.94021064497621,-4.249674840785763
