node_label,x,y,z,ux,uy,uz,umag,deformed_x,deformed_y,deformed_z
1,39.29999923706055,0.0,0.0,9.257365959053358e-31,-4.744828404156285e-31,9.958441369332927e-32,0.0,39.29999923706055,-4.744828404156285e-31,9.958441369332927e-32
2,38.8161506652832,0.0,6.147873878479004,9.304040607944848e-31,-4.746096057264212e-31,4.455733965058134e-32,0.0,38.8161506652832,-4.746096057264212e-31,6.147873878479004
3,37.376522064208984,0.0,12.144368171691895,9.122871537805155e-31,-4.746038693139892e-31,1.874798408664603e-31,0.0,37.376522064208984,-4.746038693139892e-31,12.144368171691895
4,35.01655578613281,0.0,17.841827392578125,8.721416707112328e-31,-4.74559294568206e-31,3.2560991332749023e-31,0.0,35.01655578613281,-4.74559294568206e-31,17.841827392578125
5,31.794368743896484,0.0,23.099960327148438,8.112589626606758e-31,-4.745709554721662e-31,4.556602136131996e-31,0.0,31.794368743896484,-4.745709554721662e-31,23.099960327148438
6,27.789297103881836,0.0,27.789297103881836,7.312981223555952e-31,-4.74700824088045e-31,5.746694246000535e-31,0.0,27.789297103881836,-4.74700824088045e-31,27.789297103881836
7,23.099960327148438,0.0,31.794368743896484,6.3417468837031695e-31,-4.749575990740386e-31,6.799655065693108e-31,0.0,23.099960327148438,-4.749575990740386e-31,31.794368743896484
8,17.841827392578125,0.0,35.01655578613281,5.220263206916984e-31,-4.752952010515948e-31,7.691162676695719e-31,0.0,17.841827392578125,-4.752952010515948e-31,35.01655578613281
9,12.144368171691895,0.0,37.376522064208984,3.972609019479639e-31,-4.756304520404493e-31,8.399074527020801e-31,0.0,12.144368171691895,-4.756304520404493e-31,37.376522064208984
10,6.147873878479004,0.0,38.8161506652832,2.626046856573145e-31,-4.758509747806636e-31,8.903535576687484e-31,0.0,6.147873878479004,-4.758509747806636e-31,38.8161506652832
11,0.0,0.0,39.29999923706055,1.211632338550747e-31,-4.758409595687946e-31,9.187898004501683e-31,0.0,1.211632338550747e-31,-4.758409595687946e-31,39.29999923706055
12,-6.147873878479004,0.0,38.8161506652832,-2.35900851185306e-32,-4.75484173523433e-31,9.239794669497266e-31,0.0,-6.147873878479004,-4.75484173523433e-31,38.8161506652832
13,-12.144368171691895,0.0,37.376522064208984,-1.677362847698232e-31,-4.745868011360153e-31,9.050541959805839e-31,0.0,-12.144368171691895,-4.745868011360153e-31,37.376522064208984
14,-17.841827392578125,0.0,35.01655578613281,-3.0719631153937345e-31,-4.732816732681843e-31,8.62518321639017e-31,0.0,-17.841827392578125,-4.732816732681843e-31,35.01655578613281
15,-23.099960327148438,0.0,31.794368743896484,-4.3897247263096015e-31,-4.723547724626739e-31,7.992283892370721e-31,0.0,-23.099960327148438,-4.723547724626739e-31,31.794368743896484
16,-27.789297103881836,0.0,27.789297103881836,-5.604172608929438e-31,-4.7220017144565375e-31,7.179580952449495e-31,0.0,-27.789297103881836,-4.7220017144565375e-31,27.789297103881836
17,-31.794368743896484,0.0,23.099960327148438,-6.675213472133138e-31,-4.7239901807003885e-31,6.197334111320469e-31,0.0,-31.794368743896484,-4.7239901807003885e-31,23.099960327148438
18,-35.01655578613281,0.0,17.841827392578125,-7.568812052486992e-31,-4.724187193553586e-31,5.063201174923955e-31,0.0,-35.01655578613281,-4.724187193553586e-31,17.841827392578125
19,-37.376522064208984,0.0,12.144368171691895,-8.268738534588068e-31,-4.723574055700197e-31,3.807953058881428e-31,0.0,-37.376522064208984,-4.723574055700197e-31,12.144368171691895
20,-38.8161506652832,0.0,6.147873878479004,-8.762411367300644e-31,-4.723204480276299e-31,2.462560277755132e-31,0.0,-38.8161506652832,-4.723204480276299e-31,6.147873878479004
21,-39.29999923706055,0.0,0.0,-9.038043163472416e-31,-4.722555137196905e-31,1.0577125205069012e-31,0.0,-39.29999923706055,-4.722555137196905e-31,1.0577125205069012e-31
22,-38.8161506652832,0.0,-6.147873878479004,-9.087818296263635e-31,-4.721145484371399e-31,-3.738650378835479e-32,0.0,-38.8161506652832,-4.721145484371399e-31,-6.147873878479004
23,-37.376522064208984,0.0,-12.144368171691895,-8.908143514542708e-31,-4.7185937212346336e-31,-1.7980821208468881e-31,0.0,-37.376522064208984,-4.7185937212346336e-31,-12.144368171691895
24,-35.01655578613281,0.0,-17.841827392578125,-8.497203855031965e-31,-4.712923136486267e-31,-3.1781847816148292e-31,0.0,-35.01655578613281,-4.712923136486267e-31,-17.841827392578125
25,-31.794368743896484,0.0,-23.099960327148438,-7.859119190332169e-31,-4.702340866142424e-31,-4.473898585387803e-31,0.0,-31.794368743896484,-4.702340866142424e-31,-23.099960327148438
26,-27.789297103881836,0.0,-27.789297103881836,-7.020032044607867e-31,-4.692386309781921e-31,-5.656274280139804e-31,0.0,-27.789297103881836,-4.692386309781921e-31,-27.789297103881836
27,-23.099960327148438,0.0,-31.794368743896484,-6.017143052480661e-31,-4.689593335204367e-31,-6.708836372148578e-31,0.0,-23.099960327148438,-4.689593335204367e-31,-31.794368743896484
28,-17.841827392578125,0.0,-35.01655578613281,-4.8733687114187025e-31,-4.693044586618381e-31,-7.601060564507451e-31,0.0,-17.841827392578125,-4.693044586618381e-31,-35.01655578613281
29,-12.144368171691895,0.0,-37.376522064208984,-3.6099156448074357e-31,-4.696322335066214e-31,-8.29763218573128e-31,0.0,-12.144368171691895,-4.696322335066214e-31,-37.376522064208984
30,-6.147873878479004,0.0,-38.8161506652832,-2.2587927989186217e-31,-4.698005642976592e-31,-8.78171768651855e-31,0.0,-6.147873878479004,-4.698005642976592e-31,-38.8161506652832
31,-0.0,0.0,-39.29999923706055,-8.543283116034764e-32,-4.6994449182597385e-31,-9.04734085358968e-31,0.0,-8.543283116034764e-32,-4.6994449182597385e-31,-39.29999923706055
32,6.147873878479004,0.0,-38.8161506652832,5.706119942592073e-32,-4.7010774448141605e-31,-9.091051375926136e-31,0.0,6.147873878479004,-4.7010774448141605e-31,-38.8161506652832
33,12.144368171691895,0.0,-37.376522064208984,1.983572190670768e-31,-4.703291135775629e-31,-8.913716298161086e-31,0.0,12.144368171691895,-4.703291135775629e-31,-37.376522064208984
34,17.841827392578125,0.0,-35.01655578613281,3.352731351680859e-31,-4.706495533375971e-31,-8.520227557584911e-31,0.0,17.841827392578125,-4.706495533375971e-31,-35.01655578613281
35,23.099960327148438,0.0,-31.794368743896484,4.6468970293938e-31,-4.710913511344101e-31,-7.919321428212922e-31,0.0,23.099960327148438,-4.710913511344101e-31,-31.794368743896484
36,27.789297103881836,0.0,-27.789297103881836,5.8356561286685065e-31,-4.716584566290208e-31,-7.123845593101867e-31,0.0,27.789297103881836,-4.716584566290208e-31,-27.789297103881836
37,31.794368743896484,0.0,-23.099960327148438,6.889613767570576e-31,-4.723222347790431e-31,-6.151058660310518e-31,0.0,31.794368743896484,-4.723222347790431e-31,-23.099960327148438
38,35.01655578613281,0.0,-17.841827392578125,7.781106332245497e-31,-4.730190678302106e-31,-5.022886420668154e-31,0.0,35.01655578613281,-4.730190678302106e-31,-17.841827392578125
39,37.376522064208984,0.0,-12.144368171691895,8.485385905026538e-31,-4.736623923785286e-31,-3.7661202712209747e-31,0.0,37.376522064208984,-4.736623923785286e-31,-12.144368171691895
40,38.8161506652832,0.0,-6.147873878479004,8.98218179113038e-31,-4.741673847516419e-31,-2.4121066496246185e-31,0.0,38.8161506652832,-4.741673847516419e-31,-6.147873878479004
41,37.119998931884766,1.0,0.0,-0.000873142562340945,-0.0021623268257826567,-1.5007558533064895e-19,0.0023319595493376255,37.119125789322425,0.9978376731742173,-1.5007558533064895e-19
42,36.66299057006836,1.0,5.806847095489502,-0.0008627979550510645,-0.00216328795067966,-0.00013718193804379553,0.0023330352269113064,36.66212777211331,0.9978367120493203,5.806709913551458
43,35.303218841552734,1.0,11.470710754394531,-0.0008319559856317937,-0.0021661773789674044,-0.0002714146685320884,0.002336266450583935,35.3023868855671,0.9978338226210326,11.470439339726
44,33.074161529541016,1.0,16.852127075195312,-0.0007811933755874634,-0.0021710253786295652,-0.0003997948078904301,0.0023416767362505198,33.07338033616543,0.9978289746213704,16.851727280387422
45,30.030710220336914,1.0,21.818588256835938,-0.0007114727632142603,-0.002177880611270666,-0.0005195107660256326,0.0023493082262575626,30.0299987475737,0.9978221193887293,21.818068746069912
46,26.247804641723633,1.0,26.247804641723633,-0.0006241427618078887,-0.0021868159528821707,-0.0006278933142311871,0.002359230536967516,26.247180498961825,0.9978131840471178,26.2471767484094
47,21.818588256835938,1.0,30.030710220336914,-0.0005209071678109467,-0.00219784677028656,-0.0007224407745525241,0.0023714543785899878,21.818067349668127,0.9978021532297134,30.02998777956236
48,16.852127075195312,1.0,33.074161529541016,-0.0004038176848553121,-0.0022108936682343483,-0.000800847599748522,0.002385891042649746,16.851723257510457,0.9977891063317657,33.07336068194127
49,11.470710754394531,1.0,35.303218841552734,-0.0002752625150606036,-0.0022256975062191486,-0.0008610153454355896,0.0024022585712373257,11.47043549187947,0.9977743024937809,35.3023578262073
50,5.806847095489502,1.0,36.66299057006836,-0.00013798616419080645,-0.002241851296275854,-0.0009011172223836184,0.00242011365480721,5.806709109325311,0.9977581487037241,36.662089452845976
51,0.0,1.0,37.119998931884766,4.9106306505564135e-06,-0.002258831635117531,-0.0009196896571666002,0.002438887720927596,4.9106306505564135e-06,0.9977411683648825,37.1190792422276
52,-5.806847095489502,1.0,36.66299057006836,0.00015000710845924914,-0.0022760089486837387,-0.0009157091844826937,0.002457893919199705,-5.806697088381043,0.9977239910513163,36.66207486088388
53,-11.470710754394531,1.0,35.303218841552734,0.0002935894881375134,-0.0022924516815692186,-0.0008885992574505508,0.0024761133827269077,-11.470417164906394,0.9977075483184308,35.302330242295284
54,-16.852127075195312,1.0,33.074161529541016,0.00043194234604015946,-0.0023082145489752293,-0.0008389180875383317,0.0024936343543231487,-16.851695132849272,0.9976917854510248,33.07332261145348
55,-21.818588256835938,1.0,30.030710220336914,0.0005608808132819831,-0.0023211059160530567,-0.0007667379104532301,0.0025079885963350534,-21.818027376022656,0.9976788940839469,30.02994348242646
56,-26.247804641723633,1.0,26.247804641723633,0.0006747005390934646,-0.002325594425201416,-0.0006717547657899559,0.0025129395071417093,-26.24712994118454,0.9976744055747986,26.247132886957843
57,-30.030710220336914,1.0,21.818588256835938,0.0007701772847212851,-0.0023239844013005495,-0.0005580420256592333,0.0025110729038715363,-30.029940043052193,0.9976760155986995,21.81803021481028
58,-33.074161529541016,1.0,16.852127075195312,0.0008470371831208467,-0.002322571584954858,-0.00043084740173071623,0.002509470097720623,-33.073314492357895,0.9976774284150451,16.851696227793582
59,-35.303218841552734,1.0,11.470710754394531,0.0009034335380420089,-0.002321561798453331,-0.0002932093048002571,0.002508348785340786,-35.30231540801469,0.9976784382015467,11.470417545089731
60,-36.66299057006836,1.0,5.806847095489502,0.0009376872330904007,-0.002320599276572466,-0.00014839415962342173,0.002507281256839633,-36.66205288283527,0.9976794007234275,5.8066987013298785
61,-37.119998931884766,1.0,0.0,0.0009492184035480022,-0.002320310100913048,8.390546609992557e-20,0.002506961114704609,-37.11904971348122,0.997679689899087,8.390546609992557e-20
62,-36.66299057006836,1.0,-5.806847095489502,0.0009376872330904007,-0.002320599276572466,0.00014839415962342173,0.002507281256839633,-36.66205288283527,0.9976794007234275,-5.8066987013298785
63,-35.303218841552734,1.0,-11.470710754394531,0.0009034335380420089,-0.002321561798453331,0.0002932093048002571,0.002508348785340786,-35.30231540801469,0.9976784382015467,-11.470417545089731
64,-33.074161529541016,1.0,-16.852127075195312,0.0008470371831208467,-0.002322571584954858,0.00043084740173071623,0.002509470097720623,-33.073314492357895,0.9976774284150451,-16.851696227793582
65,-30.030710220336914,1.0,-21.818588256835938,0.0007701772847212851,-0.0023239844013005495,0.0005580420256592333,0.0025110729038715363,-30.029940043052193,0.9976760155986995,-21.81803021481028
66,-26.247804641723633,1.0,-26.247804641723633,0.0006747005390934646,-0.002325594425201416,0.0006717547657899559,0.0025129395071417093,-26.24712994118454,0.9976744055747986,-26.247132886957843
67,-21.818588256835938,1.0,-30.030710220336914,0.0005608808132819831,-0.0023211059160530567,0.0007667379104532301,0.0025079885963350534,-21.818027376022656,0.9976788940839469,-30.02994348242646
68,-16.852127075195312,1.0,-33.074161529541016,0.00043194234604015946,-0.0023082145489752293,0.0008389180875383317,0.0024936343543231487,-16.851695132849272,0.9976917854510248,-33.07332261145348
69,-11.470710754394531,1.0,-35.303218841552734,0.0002935894881375134,-0.0022924516815692186,0.0008885992574505508,0.0024761133827269077,-11.470417164906394,0.9977075483184308,-35.302330242295284
70,-5.806847095489502,1.0,-36.66299057006836,0.00015000710845924914,-0.0022760089486837387,0.0009157091844826937,0.002457893919199705,-5.806697088381043,0.9977239910513163,-36.66207486088388
71,-0.0,1.0,-37.119998931884766,4.9106306505564135e-06,-0.002258831635117531,0.0009196896571666002,0.002438887720927596,4.9106306505564135e-06,0.9977411683648825,-37.1190792422276
72,5.806847095489502,1.0,-36.66299057006836,-0.00013798616419080645,-0.002241851296275854,0.0009011172223836184,0.00242011365480721,5.806709109325311,0.9977581487037241,-36.662089452845976
73,11.470710754394531,1.0,-35.303218841552734,-0.0002752625150606036,-0.0022256975062191486,0.0008610153454355896,0.0024022585712373257,11.47043549187947,0.9977743024937809,-35.3023578262073
74,16.852127075195312,1.0,-33.074161529541016,-0.0004038176848553121,-0.0022108936682343483,0.000800847599748522,0.002385891042649746,16.851723257510457,0.9977891063317657,-33.07336068194127
75,21.818588256835938,1.0,-30.030710220336914,-0.0005209071678109467,-0.00219784677028656,0.0007224407745525241,0.0023714543785899878,21.818067349668127,0.9978021532297134,-30.02998777956236
76,26.247804641723633,1.0,-26.247804641723633,-0.0006241427618078887,-0.0021868159528821707,0.0006278933142311871,0.002359230536967516,26.247180498961825,0.9978131840471178,-26.2471767484094
77,30.030710220336914,1.0,-21.818588256835938,-0.0007114727632142603,-0.002177880611270666,0.0005195107660256326,0.0023493082262575626,30.0299987475737,0.9978221193887293,-21.818068746069912
78,33.074161529541016,1.0,-16.852127075195312,-0.0007811933755874634,-0.0021710253786295652,0.0003997948078904301,0.0023416767362505198,33.07338033616543,0.9978289746213704,-16.851727280387422
79,35.303218841552734,1.0,-11.470710754394531,-0.0008319559856317937,-0.0021661773789674044,0.0002714146685320884,0.002336266450583935,35.3023868855671,0.9978338226210326,-11.470439339726
80,36.66299057006836,1.0,-5.806847095489502,-0.0008627979550510645,-0.00216328795067966,0.00013718193804379553,0.0023330352269113064,36.66212777211331,0.9978367120493203,-5.806709913551458
81,34.939998626708984,2.0,0.0,-0.0024139019660651684,-0.005731644574552774,-1.853691590203904e-19,0.006219218019396067,34.93758472474292,1.9942683554254472,-1.853691590203904e-19
82,34.509830474853516,2.0,5.465819835662842,-0.0023851601872593164,-0.0057339114136993885,-0.00037884333869442344,0.006221755873411894,34.507445314666256,1.9942660885863006,5.465440992324147
83,33.229915618896484,2.0,10.797054290771484,-0.0022994994651526213,-0.005740723572671413,-0.0007493624580092728,0.006229377817362547,33.22761611943133,1.9942592764273286,10.796304928313475
84,31.13176727294922,2.0,15.862427711486816,-0.0021585992071777582,-0.005752109922468662,-0.0011033753398805857,0.006242095958441496,31.12960867374204,1.9942478900775313,15.861324336146936
85,28.267053604125977,2.0,20.537216186523438,-0.001965275499969721,-0.005768193863332272,-0.001433002995327115,0.00626002112403512,28.265088328626007,1.9942318061366677,20.53578318352811
86,24.706310272216797,2.0,24.706310272216797,-0.0017234478145837784,-0.005789212882518768,-0.0017308307578787208,0.006283393129706383,24.704586824402213,1.9942107871174812,24.704579441458918
87,20.537216186523438,2.0,28.267053604125977,-0.0014380395878106356,-0.005815363023430109,-0.0019900151528418064,0.006312413606792688,20.535778146935627,1.99418463697657,28.265063588973135
88,15.862427711486816,2.0,31.13176727294922,-0.0011148836929351091,-0.005846614483743906,-0.002204333199188113,0.006347042508423328,15.861312827793881,1.994153385516256,31.12956293975003
89,10.797054290771484,2.0,33.229915618896484,-0.0007606778526678681,-0.005882513243705034,-0.0023682096507400274,0.006386784370988607,10.796293612918817,1.994117486756295,33.227547409245744
90,5.465819835662842,2.0,34.509830474853516,-0.00038299933657981455,-0.005922114942222834,-0.002476800698786974,0.006430604495108128,5.465436836326262,1.9940778850577772,34.50735367415473
91,0.0,2.0,34.939998626708984,9.665660400060005e-06,-0.005964203737676144,-0.0025262702256441116,0.006477179937064648,9.665660400060005e-06,1.9940357962623239,34.93747235648334
92,-5.465819835662842,2.0,34.509830474853516,0.00040799149428494275,-0.006007034331560135,-0.002513850573450327,0.006524596828967333,-5.465411844168557,1.9939929656684399,34.507316624280065
93,-10.797054290771484,2.0,33.229915618896484,0.0008018886437639594,-0.006048392038792372,-0.0024381326511502266,0.006570430472493172,-10.79625240212772,1.9939516079612076,33.227477486245334
94,-15.862427711486816,2.0,31.13176727294922,0.001181187923066318,-0.00608807010576129,-0.002300428692251444,0.006614512298256159,-15.86124652356375,1.9939119298942387,31.129466844256967
95,-20.537216186523438,2.0,28.267053604125977,0.0015341538237407804,-0.0061197043396532536,-0.002101003658026457,0.00664970837533474,-20.535682032699697,1.9938802956603467,28.26495260046795
96,-24.706310272216797,2.0,24.706310272216797,0.0018461126601323485,-0.0061306725256145,-0.0018403331050649285,0.006661839317530394,-24.704464159556665,1.9938693274743855,24.704469939111732
97,-28.267053604125977,2.0,20.537216186523438,0.0021083273459225893,-0.006126300897449255,-0.0015288044232875109,0.006656864657998085,-28.264945276780054,1.9938736991025507,20.53568738210015
98,-31.13176727294922,2.0,15.862427711486816,0.002318861661478877,-0.006121460814028978,-0.0011800186475738883,0.006651454605162144,-31.12944841128774,1.993878539185971,15.861247692839243
99,-33.229915618896484,2.0,10.797054290771484,0.0024731429293751717,-0.00611795112490654,-0.0008028903394006193,0.006647585425525904,-33.22744247596711,1.9938820488750935,10.796251400432084
100,-34.509830474853516,2.0,5.465819835662842,0.0025668293237686157,-0.006114915944635868,-0.0004062934604007751,0.006644236855208874,-34.50726364552975,1.9938850840553641,5.465413542202441
101,-34.939998626708984,2.0,0.0,0.002598308026790619,-0.006113891955465078,7.439650150839713e-20,0.0066431076265871525,-34.937400318682194,1.993886108044535,7.439650150839713e-20
102,-34.509830474853516,2.0,-5.465819835662842,0.0025668293237686157,-0.006114915944635868,0.0004062934604007751,0.006644236855208874,-34.50726364552975,1.9938850840553641,-5.465413542202441
103,-33.229915618896484,2.0,-10.797054290771484,0.0024731429293751717,-0.00611795112490654,0.0008028903394006193,0.006647585425525904,-33.22744247596711,1.9938820488750935,-10.796251400432084
104,-31.13176727294922,2.0,-15.862427711486816,0.002318861661478877,-0.006121460814028978,0.0011800186475738883,0.006651454605162144,-31.12944841128774,1.993878539185971,-15.861247692839243
105,-28.267053604125977,2.0,-20.537216186523438,0.0021083273459225893,-0.006126300897449255,0.0015288044232875109,0.006656864657998085,-28.264945276780054,1.9938736991025507,-20.53568738210015
106,-24.706310272216797,2.0,-24.706310272216797,0.0018461126601323485,-0.0061306725256145,0.0018403331050649285,0.006661839317530394,-24.704464159556665,1.9938693274743855,-24.704469939111732
107,-20.537216186523438,2.0,-28.267053604125977,0.0015341538237407804,-0.0061197043396532536,0.002101003658026457,0.00664970837533474,-20.535682032699697,1.9938802956603467,-28.26495260046795
108,-15.862427711486816,2.0,-31.13176727294922,0.001181187923066318,-0.00608807010576129,0.002300428692251444,0.006614512298256159,-15.86124652356375,1.9939119298942387,-31.129466844256967
109,-10.797054290771484,2.0,-33.229915618896484,0.0008018886437639594,-0.006048392038792372,0.0024381326511502266,0.006570430472493172,-10.79625240212772,1.9939516079612076,-33.227477486245334
110,-5.465819835662842,2.0,-34.509830474853516,0.00040799149428494275,-0.006007034331560135,0.002513850573450327,0.006524596828967333,-5.465411844168557,1.9939929656684399,-34.507316624280065
111,-0.0,2.0,-34.939998626708984,9.665660400060005e-06,-0.005964203737676144,0.0025262702256441116,0.006477179937064648,9.665660400060005e-06,1.9940357962623239,-34.93747235648334
112,5.465819835662842,2.0,-34.509830474853516,-0.00038299933657981455,-0.005922114942222834,0.002476800698786974,0.006430604495108128,5.465436836326262,1.9940778850577772,-34.50735367415473
113,10.797054290771484,2.0,-33.229915618896484,-0.0007606778526678681,-0.005882513243705034,0.0023682096507400274,0.006386784370988607,10.796293612918817,1.994117486756295,-33.227547409245744
114,15.862427711486816,2.0,-31.13176727294922,-0.0011148836929351091,-0.005846614483743906,0.002204333199188113,0.006347042508423328,15.861312827793881,1.994153385516256,-31.12956293975003
115,20.537216186523438,2.0,-28.267053604125977,-0.0014380395878106356,-0.005815363023430109,0.0019900151528418064,0.006312413606792688,20.535778146935627,1.99418463697657,-28.265063588973135
116,24.706310272216797,2.0,-24.706310272216797,-0.0017234478145837784,-0.005789212882518768,0.0017308307578787208,0.006283393129706383,24.704586824402213,1.9942107871174812,-24.704579441458918
117,28.267053604125977,2.0,-20.537216186523438,-0.001965275499969721,-0.005768193863332272,0.001433002995327115,0.00626002112403512,28.265088328626007,1.9942318061366677,-20.53578318352811
118,31.13176727294922,2.0,-15.862427711486816,-0.0021585992071777582,-0.005752109922468662,0.0011033753398805857,0.006242095958441496,31.12960867374204,1.9942478900775313,-15.861324336146936
119,33.229915618896484,2.0,-10.797054290771484,-0.0022994994651526213,-0.005740723572671413,0.0007493624580092728,0.006229377817362547,33.22761611943133,1.9942592764273286,-10.796304928313475
120,34.509830474853516,2.0,-5.465819835662842,-0.0023851601872593164,-0.0057339114136993885,0.00037884333869442344,0.006221755873411894,34.507445314666256,1.9942660885863006,-5.465440992324147
121,32.834999084472656,3.148634910583496,0.0,-0.003313805442303419,-0.007521746214479208,-3.5114995735248913e-19,0.00821936596184969,32.83168527903035,3.141113164369017,-3.5114995735248913e-19
122,32.430747985839844,3.148634910583496,5.136526107788086,-0.003273955313488841,-0.007523941341787577,-0.0005200273590162396,0.008221855387091637,32.427474030526355,3.1411109692417085,5.13600608042907
123,31.227941513061523,3.148634910583496,10.146573066711426,-0.003155222162604332,-0.007530502043664455,-0.0010282319271937013,0.008229286409914494,31.22478629089892,3.1411044085398316,10.145544834784232
124,29.25619888305664,3.148634910583496,14.906778335571289,-0.0029600621201097965,-0.007541383150964975,-0.0015130050014704466,0.008241578005254269,29.25323882093653,3.141093527432531,14.905265330569819
125,26.56407356262207,3.148634910583496,19.299928665161133,-0.0026926302816718817,-0.007556722965091467,-0.0019632200710475445,0.008258846588432789,26.5613809323404,3.1410781876184046,19.297965445090085
126,23.217851638793945,3.148634910583496,23.217851638793945,-0.00235875160433352,-0.007576970383524895,-0.0023685481864959,0.008281558752059937,23.215492887189612,3.141057940199971,23.21548309060745
127,19.299928665161133,3.148634910583496,26.56407356262207,-0.0019657083321362734,-0.007602722384035587,-0.0027196770533919334,0.008310357108712196,19.297962956828997,3.1410321881994605,26.56135388556868
128,14.906778335571289,3.148634910583496,29.25619888305664,-0.00152199889998883,-0.007634424138814211,-0.0030083931051194668,0.008345738053321838,14.9052563366713,3.141000486444682,29.25319048995152
129,10.146573066711426,3.148634910583496,31.227941513061523,-0.001037153066135943,-0.007672001142054796,-0.003227545414119959,0.008387629874050617,10.14553591364529,3.1409629094414413,31.224713967647403
130,5.136526107788086,3.148634910583496,32.430747985839844,-0.0005216993158683181,-0.00771466176956892,-0.0033710505813360214,0.008435173891484737,5.136004408472218,3.140920248813927,32.42737693525851
131,0.0,3.148634910583496,32.834999084472656,1.279063417314319e-05,-0.007761105895042419,-0.003434155834838748,0.00848695170134306,1.279063417314319e-05,3.1408738046884537,32.83156492863782
132,-5.136526107788086,3.148634910583496,32.430747985839844,0.0005537514807656407,-0.007809141185134649,-0.003413435770198703,0.008540542796254158,-5.13597235630732,3.1408257693983614,32.427334550069645
133,-10.146573066711426,3.148634910583496,31.227941513061523,0.0010876809246838093,-0.007856233976781368,-0.0033074067905545235,0.008593159727752209,-10.145485385786742,3.1407786766067147,31.22463410627097
134,-14.906778335571289,3.148634910583496,29.25619888305664,0.001600756193511188,-0.007901063188910484,-0.0031175597105175257,0.00864340178668499,-14.905177579377778,3.1407338473945856,29.253081323346123
135,-19.299928665161133,3.148634910583496,26.56407356262207,0.0020773315336555243,-0.007935603149235249,-0.002844512229785323,0.008682185783982277,-19.297851333627477,3.140699307434261,26.561229050392285
136,-23.217851638793945,3.148634910583496,23.217851638793945,0.0024989836383610964,-0.007947323843836784,-0.002490478567779064,0.008695249445736408,-23.215352655155584,3.1406875867396593,23.215361160226166
137,-26.56407356262207,3.148634910583496,19.299928665161133,0.002853772137314081,-0.00794152356684208,-0.0020687468349933624,0.008688585832715034,-26.561219790484756,3.140693387016654,19.29785991832614
138,-29.25619888305664,3.148634910583496,14.906778335571289,0.0031377982813864946,-0.007933520711958408,-0.0015963513869792223,0.008679565973579884,-29.253061084775254,3.1407013898715377,14.90518198418431
139,-31.227941513061523,3.148634910583496,10.146573066711426,0.003345523029565811,-0.0079270601272583,-0.001085822586901486,0.008672359399497509,-31.224595990031958,3.140707850456238,10.145487244124524
140,-32.430747985839844,3.148634910583496,5.136526107788086,0.003471615957096219,-0.007922017015516758,-0.0005493724020197988,0.008666733279824257,-32.42727636988275,3.1407128935679793,5.135976735386066
141,-32.834999084472656,3.148634910583496,0.0,0.0035139068495482206,-0.00792019534856081,2.0604259972659266e-19,0.008664700202643871,-32.83148517762311,3.1407147152349353,2.0604259972659266e-19
142,-32.430747985839844,3.148634910583496,-5.136526107788086,0.003471615957096219,-0.007922017015516758,0.0005493724020197988,0.008666733279824257,-32.42727636988275,3.1407128935679793,-5.135976735386066
143,-31.227941513061523,3.148634910583496,-10.146573066711426,0.003345523029565811,-0.0079270601272583,0.001085822586901486,0.008672359399497509,-31.224595990031958,3.140707850456238,-10.145487244124524
144,-29.25619888305664,3.148634910583496,-14.906778335571289,0.0031377982813864946,-0.007933520711958408,0.0015963513869792223,0.008679565973579884,-29.253061084775254,3.1407013898715377,-14.90518198418431
145,-26.56407356262207,3.148634910583496,-19.299928665161133,0.002853772137314081,-0.00794152356684208,0.0020687468349933624,0.008688585832715034,-26.561219790484756,3.140693387016654,-19.29785991832614
146,-23.217851638793945,3.148634910583496,-23.217851638793945,0.0024989836383610964,-0.007947323843836784,0.002490478567779064,0.008695249445736408,-23.215352655155584,3.1406875867396593,-23.215361160226166
147,-19.299928665161133,3.148634910583496,-26.56407356262207,0.0020773315336555243,-0.007935603149235249,0.002844512229785323,0.008682185783982277,-19.297851333627477,3.140699307434261,-26.561229050392285
148,-14.906778335571289,3.148634910583496,-29.25619888305664,0.001600756193511188,-0.007901063188910484,0.0031175597105175257,0.00864340178668499,-14.905177579377778,3.1407338473945856,-29.253081323346123
149,-10.146573066711426,3.148634910583496,-31.227941513061523,0.0010876809246838093,-0.007856233976781368,0.0033074067905545235,0.008593159727752209,-10.145485385786742,3.1407786766067147,-31.22463410627097
150,-5.136526107788086,3.148634910583496,-32.430747985839844,0.0005537514807656407,-0.007809141185134649,0.003413435770198703,0.008540542796254158,-5.13597235630732,3.1408257693983614,-32.427334550069645
151,-0.0,3.148634910583496,-32.834999084472656,1.279063417314319e-05,-0.007761105895042419,0.003434155834838748,0.00848695170134306,1.279063417314319e-05,3.1408738046884537,-32.83156492863782
152,5.136526107788086,3.148634910583496,-32.430747985839844,-0.0005216993158683181,-0.00771466176956892,0.0033710505813360214,0.008435173891484737,5.136004408472218,3.140920248813927,-32.42737693525851
153,10.146573066711426,3.148634910583496,-31.227941513061523,-0.001037153066135943,-0.007672001142054796,0.003227545414119959,0.008387629874050617,10.14553591364529,3.1409629094414413,-31.224713967647403
154,14.906778335571289,3.148634910583496,-29.25619888305664,-0.00152199889998883,-0.007634424138814211,0.0030083931051194668,0.008345738053321838,14.9052563366713,3.141000486444682,-29.25319048995152
155,19.299928665161133,3.148634910583496,-26.56407356262207,-0.0019657083321362734,-0.007602722384035587,0.0027196770533919334,0.008310357108712196,19.297962956828997,3.1410321881994605,-26.56135388556868
156,23.217851638793945,3.148634910583496,-23.217851638793945,-0.00235875160433352,-0.007576970383524895,0.0023685481864959,0.008281558752059937,23.215492887189612,3.141057940199971,-23.21548309060745
157,26.56407356262207,3.148634910583496,-19.299928665161133,-0.0026926302816718817,-0.007556722965091467,0.0019632200710475445,0.008258846588432789,26.5613809323404,3.1410781876184046,-19.297965445090085
158,29.25619888305664,3.148634910583496,-14.906778335571289,-0.0029600621201097965,-0.007541383150964975,0.0015130050014704466,0.008241578005254269,29.25323882093653,3.141093527432531,-14.905265330569819
159,31.227941513061523,3.148634910583496,-10.146573066711426,-0.003155222162604332,-0.007530502043664455,0.0010282319271937013,0.008229286409914494,31.22478629089892,3.1411044085398316,-10.145544834784232
160,32.430747985839844,3.148634910583496,-5.136526107788086,-0.003273955313488841,-0.007523941341787577,0.0005200273590162396,0.008221855387091637,32.427474030526355,3.1411109692417085,-5.13600608042907
161,30.729999542236328,4.297270774841309,0.0,-0.003248692024499178,-0.007513848133385181,-3.823969893350153e-19,0.008186080493032932,30.72675085021183,4.289756926707923,-3.823969893350153e-19
162,30.35166358947754,4.297270774841309,4.8072309494018555,-0.0032092377077788115,-0.007515274919569492,-0.0005101850256323814,0.008187726140022278,30.34845435176976,4.289755499921739,4.806720764376223
163,29.225967407226562,4.297270774841309,9.496091842651367,-0.0030917006079107523,-0.007519461214542389,-0.0010083927772939205,0.008192543871700764,29.22287570661865,4.289751313626766,9.495083449874073
164,27.380630493164062,4.297270774841309,13.951128005981445,-0.0028985885437577963,-0.007526210509240627,-0.0014828569255769253,0.008200275711715221,27.377731904620305,4.289744564332068,13.949645149055868
165,24.86109161376953,4.297270774841309,18.062641143798828,-0.002634202130138874,-0.007535530254244804,-0.001922327559441328,0.008210881613194942,24.858457411639392,4.289735244587064,18.060718816239387
166,21.72939109802246,4.297270774841309,21.72939109802246,-0.0023046399001032114,-0.007547896821051836,-0.0023164625745266676,0.008224846795201302,21.727086458122358,4.289722878020257,21.727074635447934
167,18.062641143798828,4.297270774841309,24.86109161376953,-0.0019175675697624683,-0.007564191240817308,-0.002656143857166171,0.008243127726018429,18.060723576229066,4.289706583600491,24.858435469912365
168,13.951128005981445,4.297270774841309,27.380630493164062,-0.0014818706549704075,-0.007585381623357534,-0.002933609066531062,0.008266801945865154,13.949646135326475,4.289685393217951,27.37769688409753
169,9.496091842651367,4.297270774841309,29.225967407226562,-0.0010073301382362843,-0.007612031884491444,-0.0031423671171069145,0.008296518586575985,9.495084512513131,4.289658742956817,29.222825040109456
170,4.8072309494018555,4.297270774841309,30.35166358947754,-0.0005044883000664413,-0.007643973454833031,-0.003277100622653961,0.00833212025463581,4.806726461101789,4.289626801386476,30.348386488854885
171,0.0,4.297270774841309,30.729999542236328,1.5337222066591494e-05,-0.007680281065404415,-0.0033337315544486046,0.008372616954147816,1.5337222066591494e-05,4.289590493775904,30.72666581068188
172,-4.8072309494018555,4.297270774841309,30.35166358947754,0.0005400318186730146,-0.007719060871750116,-0.0033094221726059914,0.00841592624783516,-4.8066909175831825,4.2895517139695585,30.348354167304933
173,-9.496091842651367,4.297270774841309,29.225967407226562,0.0010566962882876396,-0.0077577922493219376,-0.003203014610335231,0.008459270000457764,-9.49503514636308,4.289512982591987,29.222764392616227
174,-13.951128005981445,4.297270774841309,27.380630493164062,0.0015519848093390465,-0.007794223725795746,-0.003015834605321288,0.008500225841999054,-13.949576021172106,4.289476551115513,27.37761465855874
175,-18.062641143798828,4.297270774841309,24.86109161376953,0.0020110146142542362,-0.007821640931069851,-0.002749259816482663,0.008531158789992332,-18.060630129184574,4.289449133910239,24.85834235395305
176,-21.72939109802246,4.297270774841309,21.72939109802246,0.0024173306301236153,-0.007830893620848656,-0.0024063957389444113,0.00854149367660284,-21.726973767392337,4.28943988122046,21.726984702283517
177,-24.86109161376953,4.297270774841309,18.062641143798828,0.0027598487213253975,-0.007825593464076519,-0.0019989442080259323,0.00853536557406187,-24.858331765048206,4.289445181377232,18.060642199590802
178,-27.380630493164062,4.297270774841309,13.951128005981445,0.0030336370691657066,-0.007816901430487633,-0.0015422443393617868,0.008525574579834938,-27.377596856094897,4.289453873410821,13.949585761642084
179,-29.225967407226562,4.297270774841309,9.496091842651367,0.003233295166864991,-0.007808821741491556,-0.0010487653780728579,0.008516560308635235,-29.222734112059698,4.289461953099817,9.495043077273294
180,-30.35166358947754,4.297270774841309,4.8072309494018555,0.003354346379637718,-0.007802655454725027,-0.0005305325030349195,0.008509673178195953,-30.3483092430979,4.289468119386584,4.8067004168988205
181,-30.729999542236328,4.297270774841309,0.0,0.0033949147909879684,-0.007800407707691193,2.337179433722973e-19,0.00850716233253479,-30.72660462744534,4.289470367133617,2.337179433722973e-19
182,-30.35166358947754,4.297270774841309,-4.8072309494018555,0.003354346379637718,-0.007802655454725027,0.0005305325030349195,0.008509673178195953,-30.3483092430979,4.289468119386584,-4.8067004168988205
183,-29.225967407226562,4.297270774841309,-9.496091842651367,0.003233295166864991,-0.007808821741491556,0.0010487653780728579,0.008516560308635235,-29.222734112059698,4.289461953099817,-9.495043077273294
184,-27.380630493164062,4.297270774841309,-13.951128005981445,0.0030336370691657066,-0.007816901430487633,0.0015422443393617868,0.008525574579834938,-27.377596856094897,4.289453873410821,-13.949585761642084
185,-24.86109161376953,4.297270774841309,-18.062641143798828,0.0027598487213253975,-0.007825593464076519,0.0019989442080259323,0.00853536557406187,-24.858331765048206,4.289445181377232,-18.060642199590802
186,-21.72939109802246,4.297270774841309,-21.72939109802246,0.0024173306301236153,-0.007830893620848656,0.0024063957389444113,0.00854149367660284,-21.726973767392337,4.28943988122046,-21.726984702283517
187,-18.062641143798828,4.297270774841309,-24.86109161376953,0.0020110146142542362,-0.007821640931069851,0.002749259816482663,0.008531158789992332,-18.060630129184574,4.289449133910239,-24.85834235395305
188,-13.951128005981445,4.297270774841309,-27.380630493164062,0.0015519848093390465,-0.007794223725795746,0.003015834605321288,0.008500225841999054,-13.949576021172106,4.289476551115513,-27.37761465855874
189,-9.496091842651367,4.297270774841309,-29.225967407226562,0.0010566962882876396,-0.0077577922493219376,0.003203014610335231,0.008459270000457764,-9.49503514636308,4.289512982591987,-29.222764392616227
190,-4.8072309494018555,4.297270774841309,-30.35166358947754,0.0005400318186730146,-0.007719060871750116,0.0033094221726059914,0.00841592624783516,-4.8066909175831825,4.2895517139695585,-30.348354167304933
191,-0.0,4.297270774841309,-30.729999542236328,1.5337222066591494e-05,-0.007680281065404415,0.0033337315544486046,0.008372616954147816,1.5337222066591494e-05,4.289590493775904,-30.72666581068188
192,4.8072309494018555,4.297270774841309,-30.35166358947754,-0.0005044883000664413,-0.007643973454833031,0.003277100622653961,0.00833212025463581,4.806726461101789,4.289626801386476,-30.348386488854885
193,9.496091842651367,4.297270774841309,-29.225967407226562,-0.0010073301382362843,-0.007612031884491444,0.0031423671171069145,0.008296518586575985,9.495084512513131,4.289658742956817,-29.222825040109456
194,13.951128005981445,4.297270774841309,-27.380630493164062,-0.0014818706549704075,-0.007585381623357534,0.002933609066531062,0.008266801945865154,13.949646135326475,4.289685393217951,-27.37769688409753
195,18.062641143798828,4.297270774841309,-24.86109161376953,-0.0019175675697624683,-0.007564191240817308,0.002656143857166171,0.008243127726018429,18.060723576229066,4.289706583600491,-24.858435469912365
196,21.72939109802246,4.297270774841309,-21.72939109802246,-0.0023046399001032114,-0.007547896821051836,0.0023164625745266676,0.008224846795201302,21.727086458122358,4.289722878020257,-21.727074635447934
197,24.86109161376953,4.297270774841309,-18.062641143798828,-0.002634202130138874,-0.007535530254244804,0.001922327559441328,0.008210881613194942,24.858457411639392,4.289735244587064,-18.060718816239387
198,27.380630493164062,4.297270774841309,-13.951128005981445,-0.0028985885437577963,-0.007526210509240627,0.0014828569255769253,0.008200275711715221,27.377731904620305,4.289744564332068,-13.949645149055868
199,29.225967407226562,4.297270774841309,-9.496091842651367,-0.0030917006079107523,-0.007519461214542389,0.0010083927772939205,0.008192543871700764,29.22287570661865,4.289751313626766,-9.495083449874073
200,30.35166358947754,4.297270774841309,-4.8072309494018555,-0.0032092377077788115,-0.007515274919569492,0.0005101850256323814,0.008187726140022278,30.34845435176976,4.289755499921739,-4.806720764376223
201,28.8700008392334,5.696018218994141,0.0,-0.002468275837600231,-0.006553920451551676,2.602690968667541e-19,0.007003303617238998,28.867532563395798,5.689464298542589,2.602690968667541e-19
202,28.514562606811523,5.696018218994141,4.516263008117676,-0.0024381736293435097,-0.006554943509399891,-0.0003882385208271444,0.007004477549344301,28.51212443318218,5.689463275484741,4.515874769596849
203,27.457002639770508,5.696018218994141,8.921320915222168,-0.0023484472185373306,-0.006557842716574669,-0.0007672204519622028,0.007007790729403496,27.45465419255197,5.689460376277566,8.920553694770206
204,25.723358154296875,5.696018218994141,13.106705665588379,-0.00220090732909739,-0.006562217604368925,-0.0011277752928435802,0.007012743502855301,25.721157246967778,5.689456001389772,13.105577890295535
205,23.356321334838867,5.696018218994141,16.9693603515625,-0.0019987772684544325,-0.006567778065800667,-0.0014610307989642024,0.007018933538347483,23.354322557570413,5.68945044092834,16.967899320763536
206,20.414173126220703,5.696018218994141,20.414173126220703,-0.0017468235455453396,-0.006574702449142933,-0.0017587988404557109,0.00702648377045989,20.412426302675158,5.689443516544998,20.412414327380247
207,16.9693603515625,5.696018218994141,23.356321334838867,-0.0014512358466163278,-0.0065837521106004715,-0.002013989957049489,0.007036194205284119,16.967909115715884,5.68943446688354,23.354307344881818
208,13.106705665588379,5.696018218994141,25.723358154296875,-0.0011192730162292719,-0.00659605348482728,-0.0022208611480891705,0.007049320265650749,13.10558639257215,5.689422165509313,25.721137293148786
209,8.921320915222168,5.696018218994141,27.457002639770508,-0.0007588238804601133,-0.006612628698348999,-0.002374972915276885,0.007067047990858555,8.920562091341708,5.689405590295792,27.45462766685523
210,4.516263008117676,5.696018218994141,28.514562606811523,-0.0003781189152505249,-0.006633889861404896,-0.002472927328199148,0.00708991102874279,4.515884889202425,5.689384329132736,28.512089679483324
211,0.0,5.696018218994141,28.8700008392334,1.4294016182248015e-05,-0.006659479811787605,-0.0025122438091784716,0.007117601111531258,1.4294016182248015e-05,5.689358739182353,28.86748859542422
212,-4.516263008117676,5.696018218994141,28.514562606811523,0.00040949039976112545,-0.0066879866644740105,-0.0024911658838391304,0.007148618809878826,-4.515853517717915,5.689330232329667,28.512071440927684
213,-8.921320915222168,5.696018218994141,27.457002639770508,0.0007979309884831309,-0.006716954987496138,-0.0024087228812277317,0.007180259563028812,-8.920522984233685,5.6893012640066445,27.45459391688928
214,-13.106705665588379,5.696018218994141,25.723358154296875,0.0011696990113705397,-0.006744103506207466,-0.00226595182903111,0.0072101084515452385,-13.105535966577008,5.689274115487933,25.721092202467844
215,-16.9693603515625,5.696018218994141,23.356321334838867,0.0015142392367124557,-0.006764793302863836,-0.00206436007283628,0.007233044598251581,-16.967846112325788,5.689253425691277,23.35425697476603
216,-20.414173126220703,5.696018218994141,20.414173126220703,0.00181967590469867,-0.006772845052182674,-0.0018064689356833696,0.007241959683597088,-20.412353450316004,5.689245373941958,20.41236665728502
217,-23.356321334838867,5.696018218994141,16.9693603515625,0.0020773878786712885,-0.0067701758816838264,-0.0015007185284048319,0.007238990161567926,-23.354243946960196,5.689248043112457,16.967859633034095
218,-25.723358154296875,5.696018218994141,13.106705665588379,0.0022830923553556204,-0.006763719022274017,-0.0011578915873542428,0.007231951225548983,-25.72107506194152,5.689254499971867,13.105547774001025
219,-27.457002639770508,5.696018218994141,8.921320915222168,0.002432446461170912,-0.006756506394594908,-0.0007871983107179403,0.007224047556519508,-27.454570193309337,5.689261712599546,8.92053371691145
220,-28.514562606811523,5.696018218994141,4.516263008117676,0.0025226189754903316,-0.006750660482794046,-0.0003981071640737355,0.00721758371219039,-28.512039987836033,5.689267558511347,4.515864900953602
221,-28.8700008392334,5.696018218994141,0.0,0.0025528022088110447,-0.0067485058680176735,-3.616537552646289e-19,0.007215201389044523,-28.867448037024587,5.689269713126123,-3.616537552646289e-19
222,-28.514562606811523,5.696018218994141,-4.516263008117676,0.0025226189754903316,-0.006750660482794046,0.0003981071640737355,0.00721758371219039,-28.512039987836033,5.689267558511347,-4.515864900953602
223,-27.457002639770508,5.696018218994141,-8.921320915222168,0.002432446461170912,-0.006756506394594908,0.0007871983107179403,0.007224047556519508,-27.454570193309337,5.689261712599546,-8.92053371691145
224,-25.723358154296875,5.696018218994141,-13.106705665588379,0.0022830923553556204,-0.006763719022274017,0.0011578915873542428,0.007231951225548983,-25.72107506194152,5.689254499971867,-13.105547774001025
225,-23.356321334838867,5.696018218994141,-16.9693603515625,0.0020773878786712885,-0.0067701758816838264,0.0015007185284048319,0.007238990161567926,-23.354243946960196,5.689248043112457,-16.967859633034095
226,-20.414173126220703,5.696018218994141,-20.414173126220703,0.00181967590469867,-0.006772845052182674,0.0018064689356833696,0.007241959683597088,-20.412353450316004,5.689245373941958,-20.41236665728502
227,-16.9693603515625,5.696018218994141,-23.356321334838867,0.0015142392367124557,-0.006764793302863836,0.00206436007283628,0.007233044598251581,-16.967846112325788,5.689253425691277,-23.35425697476603
228,-13.106705665588379,5.696018218994141,-25.723358154296875,0.0011696990113705397,-0.006744103506207466,0.00226595182903111,0.0072101084515452385,-13.105535966577008,5.689274115487933,-25.721092202467844
229,-8.921320915222168,5.696018218994141,-27.457002639770508,0.0007979309884831309,-0.006716954987496138,0.0024087228812277317,0.007180259563028812,-8.920522984233685,5.6893012640066445,-27.45459391688928
230,-4.516263008117676,5.696018218994141,-28.514562606811523,0.00040949039976112545,-0.0066879866644740105,0.0024911658838391304,0.007148618809878826,-4.515853517717915,5.689330232329667,-28.512071440927684
231,-0.0,5.696018218994141,-28.8700008392334,1.4294016182248015e-05,-0.006659479811787605,0.0025122438091784716,0.007117601111531258,1.4294016182248015e-05,5.689358739182353,-28.86748859542422
232,4.516263008117676,5.696018218994141,-28.514562606811523,-0.0003781189152505249,-0.006633889861404896,0.002472927328199148,0.00708991102874279,4.515884889202425,5.689384329132736,-28.512089679483324
233,8.921320915222168,5.696018218994141,-27.457002639770508,-0.0007588238804601133,-0.006612628698348999,0.002374972915276885,0.007067047990858555,8.920562091341708,5.689405590295792,-27.45462766685523
234,13.106705665588379,5.696018218994141,-25.723358154296875,-0.0011192730162292719,-0.00659605348482728,0.0022208611480891705,0.007049320265650749,13.10558639257215,5.689422165509313,-25.721137293148786
235,16.9693603515625,5.696018218994141,-23.356321334838867,-0.0014512358466163278,-0.0065837521106004715,0.002013989957049489,0.007036194205284119,16.967909115715884,5.68943446688354,-23.354307344881818
236,20.414173126220703,5.696018218994141,-20.414173126220703,-0.0017468235455453396,-0.006574702449142933,0.0017587988404557109,0.00702648377045989,20.412426302675158,5.689443516544998,-20.412414327380247
237,23.356321334838867,5.696018218994141,-16.9693603515625,-0.0019987772684544325,-0.006567778065800667,0.0014610307989642024,0.007018933538347483,23.354322557570413,5.68945044092834,-16.967899320763536
238,25.723358154296875,5.696018218994141,-13.106705665588379,-0.00220090732909739,-0.006562217604368925,0.0011277752928435802,0.007012743502855301,25.721157246967778,5.689456001389772,-13.105577890295535
239,27.457002639770508,5.696018218994141,-8.921320915222168,-0.0023484472185373306,-0.006557842716574669,0.0007672204519622028,0.007007790729403496,27.45465419255197,5.689460376277566,-8.920553694770206
240,28.514562606811523,5.696018218994141,-4.516263008117676,-0.0024381736293435097,-0.006554943509399891,0.0003882385208271444,0.007004477549344301,28.51212443318218,5.689463275484741,-4.515874769596849
241,27.010000228881836,7.094764232635498,0.0,-0.0017294056015089154,-0.005647425539791584,5.654402457198773e-19,0.005906289909034967,27.008270823280327,7.0891168070957065,5.654402457198773e-19
242,26.677461624145508,7.094764232635498,4.225295066833496,-0.001708374242298305,-0.005648375488817692,-0.0002728810650296509,0.005907381419092417,26.67575324990321,7.08911585714668,4.225022185768466
243,25.688037872314453,7.094764232635498,8.346549034118652,-0.0016456388402730227,-0.005651031620800495,-0.0005392861203290522,0.005910424515604973,25.68639223347418,7.0891132010146976,8.346009747998323
244,24.066085815429688,7.094764232635498,12.262283325195312,-0.0015423325821757317,-0.005654904060065746,-0.0007927336846478283,0.005914825480431318,24.06454348284751,7.089109328575432,12.261490591510665
245,21.85154914855957,7.094764232635498,15.876079559326172,-0.0014005302218720317,-0.005659470334649086,-0.0010268337791785598,0.0059199221432209015,21.8501486183377,7.089104762300849,15.875052725546993
246,19.098953247070312,7.094764232635498,19.098953247070312,-0.0012234366731718183,-0.005664526484906673,-0.0012355617946013808,0.0059253922663629055,19.09772981039714,7.089099706150591,19.09771768527571
247,15.876079559326172,7.094764232635498,21.85154914855957,-0.0010154275223612785,-0.005670427344739437,-0.001413659774698317,0.005931548774242401,15.87506413180381,7.089093805290759,21.850135488784872
248,12.262283325195312,7.094764232635498,24.066085815429688,-0.0007818430894985795,-0.005678080953657627,-0.0015569961396977305,0.005939370486885309,12.261501482105814,7.08908615168184,24.06452881928999
249,8.346549034118652,7.094764232635498,25.688037872314453,-0.0005285755032673478,-0.005688599776476622,-0.001662648399360478,0.005950122606009245,8.346020458615385,7.089075632859021,25.686375223915093
250,4.225295066833496,7.094764232635498,26.677461624145508,-0.0002616712299641222,-0.005702746566385031,-0.0017286399379372597,0.0059647285379469395,4.225033395603532,7.089061486069113,26.67573298420757
251,0.0,7.094764232635498,27.010000228881836,1.2797052477253601e-05,-0.0057206223718822,-0.0017537083476781845,0.005983408540487289,1.2797052477253601e-05,7.089043610263616,27.008246520534158
252,-4.225295066833496,7.094764232635498,26.677461624145508,0.00028864829801023006,-0.005741253029555082,-0.0017369023989886045,0.006005175411701202,-4.225006418535486,7.089022979605943,26.67572472174652
253,-8.346549034118652,7.094764232635498,25.688037872314453,0.0005593011737801135,-0.005762425716966391,-0.0016774643445387483,0.006027624476701021,-8.345989732944872,7.089001806918532,25.686360407969914
254,-12.262283325195312,7.094764232635498,24.066085815429688,0.0008180548902601004,-0.005782232619822025,-0.001576320151798427,0.00604881951585412,-12.261465270305052,7.088982000015676,24.06450949527789
255,-15.876079559326172,7.094764232635498,21.85154914855957,0.0010580567177385092,-0.005798203870654106,-0.0014352983562275767,0.006066196132451296,-15.875021502608433,7.088966028764844,21.850113850203343
256,-19.098953247070312,7.094764232635498,19.098953247070312,0.0012716683559119701,-0.00580681161954999,-0.001256368588656187,0.006075743585824966,-19.0976815787144,7.088957421015948,19.097696878481656
257,-21.85154914855957,7.094764232635498,15.876079559326172,0.0014529424952343106,-0.005808528978377581,-0.0010445867665112019,0.006077928468585014,-21.850096206064336,7.0889557036571205,15.87503497255966
258,-24.066085815429688,7.094764232635498,12.262283325195312,0.0015979520976543427,-0.0058064633049070835,-0.0008066041045822203,0.0060761068016290665,-24.064487863332033,7.088957769330591,12.26147672109073
259,-25.688037872314453,7.094764232635498,8.346549034118652,0.0017028829315677285,-0.005802227649837732,-0.0005486065056174994,0.006071789190173149,-25.686334989382885,7.08896200498566,8.346000427613035
260,-26.677461624145508,7.094764232635498,4.225295066833496,0.0017659709556028247,-0.005798141472041607,-0.0002774663153104484,0.006067461334168911,-26.675695653189905,7.088966091163456,4.225017600518186
261,-27.010000228881836,7.094764232635498,0.0,0.0017870590090751648,-0.005796570330858231,-7.324417558409512e-19,0.0060657900758087635,-27.00821316987276,7.08896766230464,-7.324417558409512e-19
262,-26.677461624145508,7.094764232635498,-4.225295066833496,0.0017659709556028247,-0.005798141472041607,0.0002774663153104484,0.006067461334168911,-26.675695653189905,7.088966091163456,-4.225017600518186
263,-25.688037872314453,7.094764232635498,-8.346549034118652,0.0017028829315677285,-0.005802227649837732,0.0005486065056174994,0.006071789190173149,-25.686334989382885,7.08896200498566,-8.346000427613035
264,-24.066085815429688,7.094764232635498,-12.262283325195312,0.0015979520976543427,-0.0058064633049070835,0.0008066041045822203,0.0060761068016290665,-24.064487863332033,7.088957769330591,-12.26147672109073
265,-21.85154914855957,7.094764232635498,-15.876079559326172,0.0014529424952343106,-0.005808528978377581,0.0010445867665112019,0.006077928468585014,-21.850096206064336,7.0889557036571205,-15.87503497255966
266,-19.098953247070312,7.094764232635498,-19.098953247070312,0.0012716683559119701,-0.00580681161954999,0.001256368588656187,0.006075743585824966,-19.0976815787144,7.088957421015948,-19.097696878481656
267,-15.876079559326172,7.094764232635498,-21.85154914855957,0.0010580567177385092,-0.005798203870654106,0.0014352983562275767,0.006066196132451296,-15.875021502608433,7.088966028764844,-21.850113850203343
268,-12.262283325195312,7.094764232635498,-24.066085815429688,0.0008180548902601004,-0.005782232619822025,0.001576320151798427,0.00604881951585412,-12.261465270305052,7.088982000015676,-24.06450949527789
269,-8.346549034118652,7.094764232635498,-25.688037872314453,0.0005593011737801135,-0.005762425716966391,0.0016774643445387483,0.006027624476701021,-8.345989732944872,7.089001806918532,-25.686360407969914
270,-4.225295066833496,7.094764232635498,-26.677461624145508,0.00028864829801023006,-0.005741253029555082,0.0017369023989886045,0.006005175411701202,-4.225006418535486,7.089022979605943,-26.67572472174652
271,-0.0,7.094764232635498,-27.010000228881836,1.2797052477253601e-05,-0.0057206223718822,0.0017537083476781845,0.005983408540487289,1.2797052477253601e-05,7.089043610263616,-27.008246520534158
272,4.225295066833496,7.094764232635498,-26.677461624145508,-0.0002616712299641222,-0.005702746566385031,0.0017286399379372597,0.0059647285379469395,4.225033395603532,7.089061486069113,-26.67573298420757
273,8.346549034118652,7.094764232635498,-25.688037872314453,-0.0005285755032673478,-0.005688599776476622,0.001662648399360478,0.005950122606009245,8.346020458615385,7.089075632859021,-25.686375223915093
274,12.262283325195312,7.094764232635498,-24.066085815429688,-0.0007818430894985795,-0.005678080953657627,0.0015569961396977305,0.005939370486885309,12.261501482105814,7.08908615168184,-24.06452881928999
275,15.876079559326172,7.094764232635498,-21.85154914855957,-0.0010154275223612785,-0.005670427344739437,0.001413659774698317,0.005931548774242401,15.87506413180381,7.089093805290759,-21.850135488784872
276,19.098953247070312,7.094764232635498,-19.098953247070312,-0.0012234366731718183,-0.005664526484906673,0.0012355617946013808,0.0059253922663629055,19.09772981039714,7.089099706150591,-19.09771768527571
277,21.85154914855957,7.094764232635498,-15.876079559326172,-0.0014005302218720317,-0.005659470334649086,0.0010268337791785598,0.0059199221432209015,21.8501486183377,7.089104762300849,-15.875052725546993
278,24.066085815429688,7.094764232635498,-12.262283325195312,-0.0015423325821757317,-0.005654904060065746,0.0007927336846478283,0.005914825480431318,24.06454348284751,7.089109328575432,-12.261490591510665
279,25.688037872314453,7.094764232635498,-8.346549034118652,-0.0016456388402730227,-0.005651031620800495,0.0005392861203290522,0.005910424515604973,25.68639223347418,7.0891132010146976,-8.346009747998323
280,26.677461624145508,7.094764232635498,-4.225295066833496,-0.001708374242298305,-0.005648375488817692,0.0002728810650296509,0.005907381419092417,26.67575324990321,7.08911585714668,-4.225022185768466
281,25.389999389648438,8.839286804199219,0.0,-0.001201336388476193,-0.005219379905611277,8.578311180669324e-19,0.0053558507934212685,25.38879805325996,8.834067424293607,8.578311180669324e-19
282,25.077407836914062,8.839286804199219,3.9718708992004395,-0.0011868859874084592,-0.005220356397330761,-0.0001904213713714853,0.005356965586543083,25.076220950926654,8.834066447801888,3.971680477829068
283,24.14732551574707,8.839286804199219,7.845941066741943,-0.001143777510151267,-0.005223143380135298,-0.0003764877328649163,0.005360148847103119,24.14618173823692,8.834063660819083,7.845564579009078
284,22.622655868530273,8.839286804199219,11.526819229125977,-0.0010727308690547943,-0.00522734085097909,-0.0005538156838156283,0.005364937707781792,22.62158313766122,8.83405946334824,11.526265413442161
285,20.54094123840332,8.839286804199219,14.923868179321289,-0.0009749734308570623,-0.005232405383139849,-0.0007179656531661749,0.005370671395212412,20.539966264972463,8.834054398816079,14.923150213668123
286,17.953441619873047,8.839286804199219,17.953441619873047,-0.0008523904834873974,-0.005237868521362543,-0.0008645063498988748,0.005376728251576424,17.95258922938956,8.834048935677856,17.952577113523148
287,14.923868179321289,8.839286804199219,20.54094123840332,-0.0007077445625327528,-0.0052436161786317825,-0.0009892962407320738,0.005382854491472244,14.923160434758756,8.834043188020587,20.53995194216259
288,11.526819229125977,8.839286804199219,22.622655868530273,-0.0005447565927170217,-0.005250080488622189,-0.0010889621917158365,0.005389428697526455,11.52627447253326,8.834036723710597,22.621566906338558
289,7.845941066741943,8.839286804199219,24.14732551574707,-0.0003678302455227822,-0.00525811268016696,-0.0011612476082518697,0.005397364497184753,7.845573236496421,8.834028691519052,24.14616426813882
290,3.9718708992004395,8.839286804199219,25.077407836914062,-0.00018158151942770928,-0.005268521141260862,-0.0012049353681504726,0.005407601594924927,3.9716893176810117,8.834018283057958,25.076202901545912
291,0.0,8.839286804199219,25.389999389648438,9.463276910537388e-06,-0.005281639285385609,-0.001219540135934949,0.005420616362243891,9.463276910537388e-06,8.834005164913833,25.388779849512503
292,-3.9718708992004395,8.839286804199219,25.077407836914062,0.0002009091549552977,-0.005296819843351841,-0.0012047410709783435,0.005435813218355179,-3.971669990045484,8.833989984355867,25.076203095843084
293,-7.845941066741943,8.839286804199219,24.14732551574707,0.0003882115997839719,-0.00531241949647665,-0.001160329207777977,0.005451501812785864,-7.845552855142159,8.833974384702742,24.146165186539292
294,-11.526819229125977,8.839286804199219,22.622655868530273,0.0005670382524840534,-0.005327390041202307,-0.0010878315661102533,0.005466808564960957,-11.526252190873493,8.833959414158016,22.621568036964163
295,-14.923868179321289,8.839286804199219,20.54094123840332,0.0007336460403166711,-0.005340752191841602,-0.0009894914692267776,0.005480963736772537,-14.923134533280972,8.833946052007377,20.539951746934094
296,-17.953441619873047,8.839286804199219,17.953441619873047,0.0008835956687107682,-0.005350478924810886,-0.0008666678913868964,0.00549176475033164,-17.952558024204336,8.833936325274408,17.95257495198166
297,-20.54094123840332,8.839286804199219,14.923868179321289,0.0010127875721082091,-0.005356313660740852,-0.0007220747065730393,0.005498838610947132,-20.539928450831212,8.833930490538478,14.923146104614716
298,-22.622655868530273,8.839286804199219,11.526819229125977,0.0011176856933161616,-0.005359155125916004,-0.0005590265500359237,0.005502933636307716,-22.621538182836957,8.833927649073303,11.52626020257594
299,-24.14732551574707,8.839286804199219,7.845941066741943,0.0011941842967644334,-0.005359182134270668,-0.00038098590448498726,0.0055038221180438995,-24.146131331450306,8.833927622064948,7.845560080837458
300,-25.077407836914062,8.839286804199219,3.9718708992004395,0.0012402255088090897,-0.00535790529102087,-0.00019291750504635274,0.005502955988049507,-25.076167611405253,8.833928898908198,3.971677981695393
301,-25.389999389648438,8.839286804199219,0.0,0.0012556154979392886,-0.005357283167541027,-1.083058802083803e-18,0.0055024586617946625,-25.388743774150498,8.833929521031678,-1.083058802083803e-18
302,-25.077407836914062,8.839286804199219,-3.9718708992004395,0.0012402255088090897,-0.00535790529102087,0.00019291750504635274,0.005502955988049507,-25.076167611405253,8.833928898908198,-3.971677981695393
303,-24.14732551574707,8.839286804199219,-7.845941066741943,0.0011941842967644334,-0.005359182134270668,0.00038098590448498726,0.0055038221180438995,-24.146131331450306,8.833927622064948,-7.845560080837458
304,-22.622655868530273,8.839286804199219,-11.526819229125977,0.0011176856933161616,-0.005359155125916004,0.0005590265500359237,0.005502933636307716,-22.621538182836957,8.833927649073303,-11.52626020257594
305,-20.54094123840332,8.839286804199219,-14.923868179321289,0.0010127875721082091,-0.005356313660740852,0.0007220747065730393,0.005498838610947132,-20.539928450831212,8.833930490538478,-14.923146104614716
306,-17.953441619873047,8.839286804199219,-17.953441619873047,0.0008835956687107682,-0.005350478924810886,0.0008666678913868964,0.00549176475033164,-17.952558024204336,8.833936325274408,-17.95257495198166
307,-14.923868179321289,8.839286804199219,-20.54094123840332,0.0007336460403166711,-0.005340752191841602,0.0009894914692267776,0.005480963736772537,-14.923134533280972,8.833946052007377,-20.539951746934094
308,-11.526819229125977,8.839286804199219,-22.622655868530273,0.0005670382524840534,-0.005327390041202307,0.0010878315661102533,0.005466808564960957,-11.526252190873493,8.833959414158016,-22.621568036964163
309,-7.845941066741943,8.839286804199219,-24.14732551574707,0.0003882115997839719,-0.00531241949647665,0.001160329207777977,0.005451501812785864,-7.845552855142159,8.833974384702742,-24.146165186539292
310,-3.9718708992004395,8.839286804199219,-25.077407836914062,0.0002009091549552977,-0.005296819843351841,0.0012047410709783435,0.005435813218355179,-3.971669990045484,8.833989984355867,-25.076203095843084
311,-0.0,8.839286804199219,-25.389999389648438,9.463276910537388e-06,-0.005281639285385609,0.001219540135934949,0.005420616362243891,9.463276910537388e-06,8.834005164913833,-25.388779849512503
312,3.9718708992004395,8.839286804199219,-25.077407836914062,-0.00018158151942770928,-0.005268521141260862,0.0012049353681504726,0.005407601594924927,3.9716893176810117,8.834018283057958,-25.076202901545912
313,7.845941066741943,8.839286804199219,-24.14732551574707,-0.0003678302455227822,-0.00525811268016696,0.0011612476082518697,0.005397364497184753,7.845573236496421,8.834028691519052,-24.14616426813882
314,11.526819229125977,8.839286804199219,-22.622655868530273,-0.0005447565927170217,-0.005250080488622189,0.0010889621917158365,0.005389428697526455,11.52627447253326,8.834036723710597,-22.621566906338558
315,14.923868179321289,8.839286804199219,-20.54094123840332,-0.0007077445625327528,-0.0052436161786317825,0.0009892962407320738,0.005382854491472244,14.923160434758756,8.834043188020587,-20.53995194216259
316,17.953441619873047,8.839286804199219,-17.953441619873047,-0.0008523904834873974,-0.005237868521362543,0.0008645063498988748,0.005376728251576424,17.95258922938956,8.834048935677856,-17.952577113523148
317,20.54094123840332,8.839286804199219,-14.923868179321289,-0.0009749734308570623,-0.005232405383139849,0.0007179656531661749,0.005370671395212412,20.539966264972463,8.834054398816079,-14.923150213668123
318,22.622655868530273,8.839286804199219,-11.526819229125977,-0.0010727308690547943,-0.00522734085097909,0.0005538156838156283,0.005364937707781792,22.62158313766122,8.83405946334824,-11.526265413442161
319,24.14732551574707,8.839286804199219,-7.845941066741943,-0.001143777510151267,-0.005223143380135298,0.0003764877328649163,0.005360148847103119,24.14618173823692,8.834063660819083,-7.845564579009078
320,25.077407836914062,8.839286804199219,-3.9718708992004395,-0.0011868859874084592,-0.005220356397330761,0.0001904213713714853,0.005356965586543083,25.076220950926654,8.834066447801888,-3.971680477829068
321,23.770000457763672,10.583809852600098,0.0,-0.0009612310095690191,-0.0050551448948681355,5.47092087263744e-19,0.005145722068846226,23.769039226754103,10.57875470770523,5.47092087263744e-19
322,23.477352142333984,10.583809852600098,3.718446969985962,-0.0009496890124864876,-0.005056052468717098,-0.0001531072484795004,0.005146748386323452,23.476402453321498,10.57875380013138,3.7182938627374824
323,22.606613159179688,10.583809852600098,7.345334053039551,-0.0009153350256383419,-0.005058722570538521,-0.00030278332997113466,0.00514977565035224,22.60569782415405,10.57875113002956,7.34503126970958
324,21.17922592163086,10.583809852600098,10.791354179382324,-0.0008588897180743515,-0.005062963347882032,-0.00044563287519849837,0.005154597572982311,21.178367031912785,10.578746889252216,10.790908546507126
325,19.23033332824707,10.583809852600098,13.971654891967773,-0.0007813671254552901,-0.005068390164524317,-0.0005782236694358289,0.005160761531442404,19.229551961121615,10.578741462435573,13.971076668298338
326,16.80792808532715,10.583809852600098,16.80792808532715,-0.0006840772111900151,-0.0050744726322591305,-0.0006969777750782669,0.005167592316865921,16.80724400811596,10.578735379967839,16.80723110755207
327,13.971654891967773,10.583809852600098,19.23033332824707,-0.0005688793607987463,-0.005080739501863718,-0.0007982566603459418,0.005174432415515184,13.971086012606975,10.578729113098234,19.229535071586724
328,10.791354179382324,10.583809852600098,21.17922592163086,-0.00043848357745446265,-0.005087066441774368,-0.0008787888800725341,0.005181001964956522,10.79091569580487,10.578722786158323,21.178347132750787
329,7.345334053039551,10.583809852600098,22.606613159179688,-0.00029644640744663775,-0.005093781277537346,-0.0009361984557472169,0.005187577102333307,7.345037606632104,10.57871607132256,22.60567696072394
330,3.718446969985962,10.583809852600098,23.477352142333984,-0.000146805978147313,-0.005101441405713558,-0.000969234446529299,0.005194773431867361,3.7183001640078146,10.578708411194384,23.476382907887455
331,0.0,10.583809852600098,23.770000457763672,6.347403996187495e-06,-0.005110424943268299,-0.000977622577920556,0.0052030980587005615,6.347403996187495e-06,10.57869942765683,23.76902283518575
332,-3.718446969985962,10.583809852600098,23.477352142333984,0.0001591042964719236,-0.0051204739138484,-0.000961568730417639,0.005212406627833843,-3.71828786568949,10.57868937868625,23.476390573603567
333,-7.345334053039551,10.583809852600098,22.606613159179688,0.0003077760338783264,-0.005130853038281202,-0.0009218263439834118,0.0052220821380615234,-7.3450262770056725,10.578678999561816,22.605691332835704
334,-10.791354179382324,10.583809852600098,21.17922592163086,0.00044949218863621354,-0.005141560919582844,-0.0008608550415374339,0.005232471972703934,-10.790904687193688,10.578668291680515,21.178365066589322
335,-13.971654891967773,10.583809852600098,19.23033332824707,0.0005821383674629033,-0.005152643192559481,-0.0007813159609213471,0.00524395564571023,-13.97107275360031,10.578657209407538,19.22955201228615
336,-16.80792808532715,10.583809852600098,16.80792808532715,0.0007029827102087438,-0.005162968300282955,-0.0006842912989668548,0.005255348049104214,-16.80722510261694,10.578646884299815,16.80724379402818
337,-19.23033332824707,10.583809852600098,13.971654891967773,0.0008092644857242703,-0.005172025412321091,-0.0005712255951948464,0.005266028456389904,-19.229524063761346,10.578637827187777,13.971083666372579
338,-21.17922592163086,10.583809852600098,10.791354179382324,0.000897737278137356,-0.005179510451853275,-0.00044374880963005126,0.005275431089103222,-21.178328184352722,10.578630342148244,10.790910430572694
339,-22.606613159179688,10.583809852600098,7.345334053039551,0.0009637685725465417,-0.005184320267289877,-0.00030354264890775084,0.005281871184706688,-22.60564939060714,10.578625532332808,7.345030510390643
340,-23.477352142333984,10.583809852600098,3.718446969985962,0.0010041616624221206,-0.0051865531131625175,-0.0001541014207759872,0.005285113118588924,-23.476347980671562,10.578623299486935,3.718292868565186
341,-23.770000457763672,10.583809852600098,0.0,0.0010177601361647248,-0.005187179893255234,-6.965094436219539e-19,0.005286082625389099,-23.768982697627507,10.578622672706842,-6.965094436219539e-19
342,-23.477352142333984,10.583809852600098,-3.718446969985962,0.0010041616624221206,-0.0051865531131625175,0.0001541014207759872,0.005285113118588924,-23.476347980671562,10.578623299486935,-3.718292868565186
343,-22.606613159179688,10.583809852600098,-7.345334053039551,0.0009637685725465417,-0.005184320267289877,0.00030354264890775084,0.005281871184706688,-22.60564939060714,10.578625532332808,-7.345030510390643
344,-21.17922592163086,10.583809852600098,-10.791354179382324,0.000897737278137356,-0.005179510451853275,0.00044374880963005126,0.005275431089103222,-21.178328184352722,10.578630342148244,-10.790910430572694
345,-19.23033332824707,10.583809852600098,-13.971654891967773,0.0008092644857242703,-0.005172025412321091,0.0005712255951948464,0.005266028456389904,-19.229524063761346,10.578637827187777,-13.971083666372579
346,-16.80792808532715,10.583809852600098,-16.80792808532715,0.0007029827102087438,-0.005162968300282955,0.0006842912989668548,0.005255348049104214,-16.80722510261694,10.578646884299815,-16.80724379402818
347,-13.971654891967773,10.583809852600098,-19.23033332824707,0.0005821383674629033,-0.005152643192559481,0.0007813159609213471,0.00524395564571023,-13.97107275360031,10.578657209407538,-19.22955201228615
348,-10.791354179382324,10.583809852600098,-21.17922592163086,0.00044949218863621354,-0.005141560919582844,0.0008608550415374339,0.005232471972703934,-10.790904687193688,10.578668291680515,-21.178365066589322
349,-7.345334053039551,10.583809852600098,-22.606613159179688,0.0003077760338783264,-0.005130853038281202,0.0009218263439834118,0.0052220821380615234,-7.3450262770056725,10.578678999561816,-22.605691332835704
350,-3.718446969985962,10.583809852600098,-23.477352142333984,0.0001591042964719236,-0.0051204739138484,0.000961568730417639,0.005212406627833843,-3.71828786568949,10.57868937868625,-23.476390573603567
351,-0.0,10.583809852600098,-23.770000457763672,6.347403996187495e-06,-0.005110424943268299,0.000977622577920556,0.0052030980587005615,6.347403996187495e-06,10.57869942765683,-23.76902283518575
352,3.718446969985962,10.583809852600098,-23.477352142333984,-0.000146805978147313,-0.005101441405713558,0.000969234446529299,0.005194773431867361,3.7183001640078146,10.578708411194384,-23.476382907887455
353,7.345334053039551,10.583809852600098,-22.606613159179688,-0.00029644640744663775,-0.005093781277537346,0.0009361984557472169,0.005187577102333307,7.345037606632104,10.57871607132256,-22.60567696072394
354,10.791354179382324,10.583809852600098,-21.17922592163086,-0.00043848357745446265,-0.005087066441774368,0.0008787888800725341,0.005181001964956522,10.79091569580487,10.578722786158323,-21.178347132750787
355,13.971654891967773,10.583809852600098,-19.23033332824707,-0.0005688793607987463,-0.005080739501863718,0.0007982566603459418,0.005174432415515184,13.971086012606975,10.578729113098234,-19.229535071586724
356,16.80792808532715,10.583809852600098,-16.80792808532715,-0.0006840772111900151,-0.0050744726322591305,0.0006969777750782669,0.005167592316865921,16.80724400811596,10.578735379967839,-16.80723110755207
357,19.23033332824707,10.583809852600098,-13.971654891967773,-0.0007813671254552901,-0.005068390164524317,0.0005782236694358289,0.005160761531442404,19.229551961121615,10.578741462435573,-13.971076668298338
358,21.17922592163086,10.583809852600098,-10.791354179382324,-0.0008588897180743515,-0.005062963347882032,0.00044563287519849837,0.005154597572982311,21.178367031912785,10.578746889252216,-10.790908546507126
359,22.606613159179688,10.583809852600098,-7.345334053039551,-0.0009153350256383419,-0.005058722570538521,0.00030278332997113466,0.00514977565035224,22.60569782415405,10.57875113002956,-7.34503126970958
360,23.477352142333984,10.583809852600098,-3.718446969985962,-0.0009496890124864876,-0.005056052468717098,0.0001531072484795004,0.005146748386323452,23.476402453321498,10.57875380013138,-3.7182938627374824
361,22.594999313354492,12.589924812316895,0.0,-0.0007654338842257857,-0.004985461477190256,7.078813675869681e-19,0.005043879151344299,22.594233879470266,12.584939350839704,7.078813675869681e-19
362,22.316818237304688,12.589924812316895,3.534636974334717,-0.00075618049595505,-0.004986259154975414,-0.00012255470210220665,0.005044760648161173,22.316062056808732,12.58493855316192,3.5345144196326146
363,21.48912239074707,12.589924812316895,6.98223876953125,-0.0007287728367373347,-0.004988676868379116,-0.0002423813275527209,0.005047450307756662,21.488393617910333,12.584936135448515,6.981996388203697
364,20.132291793823242,12.589924812316895,10.257914543151855,-0.0006840825662948191,-0.004992716480046511,-0.0003569273685570806,0.005051988177001476,20.131607711256947,12.584932095836848,10.257557615783298
365,18.279739379882812,12.589924812316895,13.281007766723633,-0.0006231142324395478,-0.004998206626623869,-0.0004637469828594476,0.0050582014955580235,18.279116265650373,12.58492660569027,13.280544019740773
366,15.977078437805176,12.589924812316895,15.977078437805176,-0.0005467813462018967,-0.00500471331179142,-0.0005601944867521524,0.005065564066171646,15.976531656458974,12.584920099005103,15.976518243318424
367,13.281007766723633,12.589924812316895,18.279739379882812,-0.00045609308290295303,-0.005011618137359619,-0.000643176375888288,0.005073264706879854,13.28055167364073,12.584913194179535,18.279096203506924
368,10.257914543151855,12.589924812316895,20.132291793823242,-0.0003526729124132544,-0.0050183748826384544,-0.0007093339809216559,0.005080513656139374,10.257561870239442,12.584906437434256,20.13158245984232
369,6.98223876953125,12.589924812316895,21.48912239074707,-0.00023916274949442595,-0.0050247665494680405,-0.0007557063363492489,0.005086901597678661,6.981999606781756,12.584900045767426,21.48836668441072
370,3.534636974334717,12.589924812316895,22.316818237304688,-0.00011913830530829728,-0.005030946806073189,-0.0007804701454006135,0.005092519335448742,3.5345178360294085,12.584893865510821,22.316037767159287
371,0.0,12.589924812316895,22.594999313354492,3.4189688449259847e-06,-0.005037261173129082,-0.0007833593990653753,0.005097809713333845,3.4189688449259847e-06,12.584887551143765,22.594215953955427
372,-3.534636974334717,12.589924812316895,22.316818237304688,0.00012479499855544418,-0.005043919198215008,-0.0007654540822841227,0.005103196483105421,-3.5345121793361614,12.58488089311868,22.316052783222403
373,-6.98223876953125,12.589924812316895,21.48912239074707,0.00024199247127398849,-0.005051001440733671,-0.0007288731867447495,0.005109054036438465,-6.981996777059976,12.58487381087616,21.488393517560326
374,-10.257914543151855,12.589924812316895,20.132291793823242,0.00035326959914527833,-0.005059089045971632,-0.000677008181810379,0.005116397049278021,-10.25756127355271,12.584865723270923,20.131614785641432
375,-13.281007766723633,12.589924812316895,18.279739379882812,0.000457955029560253,-0.005068582948297262,-0.0006125819054432213,0.005125964526087046,-13.280549811694073,12.584856229368597,18.27912679797737
376,-15.977078437805176,12.589924812316895,15.977078437805176,0.0005547828041017056,-0.005078836344182491,-0.0005362755618989468,0.005137115251272917,-15.976523655001074,12.584845975972712,15.976542162243277
377,-18.279739379882812,12.589924812316895,13.281007766723633,0.0006422596634365618,-0.005089395213872194,-0.0004488241975195706,0.005149357952177525,-18.279097120219376,12.584835417103022,13.280558942526113
378,-20.132291793823242,12.589924812316895,10.257914543151855,0.0007180547108873725,-0.0050995913334190845,-0.0003504859050735831,0.005161809269338846,-20.131573739112355,12.584825220983475,10.257564057246782
379,-21.48912239074707,12.589924812316895,6.98223876953125,0.0007772492826916277,-0.0051077576354146,-0.00024122357717715204,0.00517218466848135,-21.48834514146438,12.58481705468148,6.981997545954073
380,-22.316818237304688,12.589924812316895,3.534636974334717,0.0008149130153469741,-0.005112823564559221,-0.00012307868746574968,0.005178821738809347,-22.31600332428934,12.584811988752335,3.534513895647251
381,-22.594999313354492,12.589924812316895,0.0,0.0008278838940896094,-0.005114545114338398,-8.659526358149195e-19,0.005181116051971912,-22.594171429460403,12.584810267202556,-8.659526358149195e-19
382,-22.316818237304688,12.589924812316895,-3.534636974334717,0.0008149130153469741,-0.005112823564559221,0.00012307868746574968,0.005178821738809347,-22.31600332428934,12.584811988752335,-3.534513895647251
383,-21.48912239074707,12.589924812316895,-6.98223876953125,0.0007772492826916277,-0.0051077576354146,0.00024122357717715204,0.00517218466848135,-21.48834514146438,12.58481705468148,-6.981997545954073
384,-20.132291793823242,12.589924812316895,-10.257914543151855,0.0007180547108873725,-0.0050995913334190845,0.0003504859050735831,0.005161809269338846,-20.131573739112355,12.584825220983475,-10.257564057246782
385,-18.279739379882812,12.589924812316895,-13.281007766723633,0.0006422596634365618,-0.005089395213872194,0.0004488241975195706,0.005149357952177525,-18.279097120219376,12.584835417103022,-13.280558942526113
386,-15.977078437805176,12.589924812316895,-15.977078437805176,0.0005547828041017056,-0.005078836344182491,0.0005362755618989468,0.005137115251272917,-15.976523655001074,12.584845975972712,-15.976542162243277
387,-13.281007766723633,12.589924812316895,-18.279739379882812,0.000457955029560253,-0.005068582948297262,0.0006125819054432213,0.005125964526087046,-13.280549811694073,12.584856229368597,-18.27912679797737
388,-10.257914543151855,12.589924812316895,-20.132291793823242,0.00035326959914527833,-0.005059089045971632,0.000677008181810379,0.005116397049278021,-10.25756127355271,12.584865723270923,-20.131614785641432
389,-6.98223876953125,12.589924812316895,-21.48912239074707,0.00024199247127398849,-0.005051001440733671,0.0007288731867447495,0.005109054036438465,-6.981996777059976,12.58487381087616,-21.488393517560326
390,-3.534636974334717,12.589924812316895,-22.316818237304688,0.00012479499855544418,-0.005043919198215008,0.0007654540822841227,0.005103196483105421,-3.5345121793361614,12.58488089311868,-22.316052783222403
391,-0.0,12.589924812316895,-22.594999313354492,3.4189688449259847e-06,-0.005037261173129082,0.0007833593990653753,0.005097809713333845,3.4189688449259847e-06,12.584887551143765,-22.594215953955427
392,3.534636974334717,12.589924812316895,-22.316818237304688,-0.00011913830530829728,-0.005030946806073189,0.0007804701454006135,0.005092519335448742,3.5345178360294085,12.584893865510821,-22.316037767159287
393,6.98223876953125,12.589924812316895,-21.48912239074707,-0.00023916274949442595,-0.0050247665494680405,0.0007557063363492489,0.005086901597678661,6.981999606781756,12.584900045767426,-21.48836668441072
394,10.257914543151855,12.589924812316895,-20.132291793823242,-0.0003526729124132544,-0.0050183748826384544,0.0007093339809216559,0.005080513656139374,10.257561870239442,12.584906437434256,-20.13158245984232
395,13.281007766723633,12.589924812316895,-18.279739379882812,-0.00045609308290295303,-0.005011618137359619,0.000643176375888288,0.005073264706879854,13.28055167364073,12.584913194179535,-18.279096203506924
396,15.977078437805176,12.589924812316895,-15.977078437805176,-0.0005467813462018967,-0.00500471331179142,0.0005601944867521524,0.005065564066171646,15.976531656458974,12.584920099005103,-15.976518243318424
397,18.279739379882812,12.589924812316895,-13.281007766723633,-0.0006231142324395478,-0.004998206626623869,0.0004637469828594476,0.0050582014955580235,18.279116265650373,12.58492660569027,-13.280544019740773
398,20.132291793823242,12.589924812316895,-10.257914543151855,-0.0006840825662948191,-0.004992716480046511,0.0003569273685570806,0.005051988177001476,20.131607711256947,12.584932095836848,-10.257557615783298
399,21.48912239074707,12.589924812316895,-6.98223876953125,-0.0007287728367373347,-0.004988676868379116,0.0002423813275527209,0.005047450307756662,21.488393617910333,12.584936135448515,-6.981996388203697
400,22.316818237304688,12.589924812316895,-3.534636974334717,-0.00075618049595505,-0.004986259154975414,0.00012255470210220665,0.005044760648161173,22.316062056808732,12.58493855316192,-3.5345144196326146
401,21.420000076293945,14.596040725708008,0.0,-0.0006032981909811497,-0.0049324119463562965,-3.676327653661785e-20,0.004969170317053795,21.419396778102964,14.591108313761652,-3.676327653661785e-20
402,21.15628433227539,14.596040725708008,3.3508260250091553,-0.000595925550442189,-0.004933115094900131,-9.736268111737445e-05,0.004969932604581118,21.15568840672495,14.591107610613108,3.350728662328038
403,20.371631622314453,14.596040725708008,6.619143962860107,-0.000574174162466079,-0.004935284610837698,-0.00019258380052633584,0.004972303286194801,20.371057448151987,14.59110544109717,6.618951379059581
404,19.085359573364258,14.596040725708008,9.72447681427002,-0.0005389583529904485,-0.0049390364438295364,-0.00028374968678690493,0.004976451862603426,19.084820615011267,14.591101689264178,9.724193064583233
405,17.329143524169922,14.596040725708008,12.590359687805176,-0.0004912927397526801,-0.004944364074617624,-0.00036913881194777787,0.004982405807822943,17.32865223143017,14.59109636163339,12.589990548993228
406,15.14622688293457,14.596040725708008,15.14622688293457,-0.00043192668817937374,-0.004950976464897394,-0.00044686213368549943,0.004989831242710352,15.145794956246391,14.59108974924311,15.145780020800885
407,12.590359687805176,14.596040725708008,17.329143524169922,-0.00036139014991931617,-0.004958252422511578,-0.0005144220194779336,0.004997949581593275,12.589998297655256,14.591082473285496,17.328629102150444
408,9.72447681427002,14.596040725708008,19.085359573364258,-0.00028050478431396186,-0.004965398460626602,-0.0005686281947419047,0.005005716811865568,9.724196309485706,14.591075327247381,19.084790945169516
409,6.619143962860107,14.596040725708008,20.371631622314453,-0.0001910324936034158,-0.004971737507730722,-0.000606160843744874,0.005012194626033306,6.618952930366504,14.591068988200277,20.37102546147071
410,3.3508260250091553,14.596040725708008,21.15628433227539,-9.592621790943667e-05,-0.004976971540600061,-0.0006246143602766097,0.005016930401325226,3.350730098791246,14.591063754167408,21.155659717915114
411,0.0,14.596040725708008,21.420000076293945,1.0968394690280547e-06,-0.004981320817023516,-0.0006235525361262262,0.00502019701525569,1.0968394690280547e-06,14.591059404890984,21.41937652375782
412,-3.3508260250091553,14.596040725708008,21.15628433227539,9.653546294430271e-05,-0.004985405597835779,-0.0006047257338650525,0.005022875964641571,-3.350729489546211,14.591055320110172,21.155679606541526
413,-6.619143962860107,14.596040725708008,20.371631622314453,0.00018800784891936928,-0.00499004079028964,-0.0005713739083148539,0.005026163998991251,-6.618955955011188,14.591050684917718,20.37106024840614
414,-9.72447681427002,14.596040725708008,19.085359573364258,0.00027475098613649607,-0.004996216390281916,-0.0005274140276014805,0.005031484179198742,-9.724202063283883,14.591044509317726,19.084832159336656
415,-12.590359687805176,14.596040725708008,17.329143524169922,0.00035681252484209836,-0.005004412494599819,-0.0004753005050588399,0.005039580166339874,-12.590002875280334,14.591036313213408,17.328668223664863
416,-15.14622688293457,14.596040725708008,15.14622688293457,0.00043366418685764074,-0.005014196969568729,-0.00041531515307724476,0.005050022155046463,-15.145793218747713,14.591026528738439,15.145811567781493
417,-17.329143524169922,14.596040725708008,12.590359687805176,0.0005048899911344051,-0.005025263410061598,-0.00034782086731866,0.005062525626271963,-17.328638634178787,14.591015462297946,12.590011866937857
418,-19.085359573364258,14.596040725708008,9.72447681427002,0.0005691077094525099,-0.005036966875195503,-0.0002726683160290122,0.005076343659311533,-19.084790465654805,14.591003758832812,9.72420414595399
419,-20.371631622314453,14.596040725708008,6.619143962860107,0.0006216563051566482,-0.005047429818660021,-0.0001887996040750295,0.005089071579277515,-20.371009966009296,14.590993295889348,6.618955163256032
420,-21.15628433227539,14.596040725708008,3.3508260250091553,0.0006564992945641279,-0.0050546471029520035,-9.684111137175933e-05,0.0050980220548808575,-21.155627832980826,14.590986078605056,3.3507291838977835
421,-21.420000076293945,14.596040725708008,0.0,0.0006687811692245305,-0.005057237576693296,-2.8923716871351426e-19,0.0051012663170695305,-21.41933129512472,14.590983488131315,-2.8923716871351426e-19
422,-21.15628433227539,14.596040725708008,-3.3508260250091553,0.0006564992945641279,-0.0050546471029520035,9.684111137175933e-05,0.0050980220548808575,-21.155627832980826,14.590986078605056,-3.3507291838977835
423,-20.371631622314453,14.596040725708008,-6.619143962860107,0.0006216563051566482,-0.005047429818660021,0.0001887996040750295,0.005089071579277515,-20.371009966009296,14.590993295889348,-6.618955163256032
424,-19.085359573364258,14.596040725708008,-9.72447681427002,0.0005691077094525099,-0.005036966875195503,0.0002726683160290122,0.005076343659311533,-19.084790465654805,14.591003758832812,-9.72420414595399
425,-17.329143524169922,14.596040725708008,-12.590359687805176,0.0005048899911344051,-0.005025263410061598,0.00034782086731866,0.005062525626271963,-17.328638634178787,14.591015462297946,-12.590011866937857
426,-15.14622688293457,14.596040725708008,-15.14622688293457,0.00043366418685764074,-0.005014196969568729,0.00041531515307724476,0.005050022155046463,-15.145793218747713,14.591026528738439,-15.145811567781493
427,-12.590359687805176,14.596040725708008,-17.329143524169922,0.00035681252484209836,-0.005004412494599819,0.0004753005050588399,0.005039580166339874,-12.590002875280334,14.591036313213408,-17.328668223664863
428,-9.72447681427002,14.596040725708008,-19.085359573364258,0.00027475098613649607,-0.004996216390281916,0.0005274140276014805,0.005031484179198742,-9.724202063283883,14.591044509317726,-19.084832159336656
429,-6.619143962860107,14.596040725708008,-20.371631622314453,0.00018800784891936928,-0.00499004079028964,0.0005713739083148539,0.005026163998991251,-6.618955955011188,14.591050684917718,-20.37106024840614
430,-3.3508260250091553,14.596040725708008,-21.15628433227539,9.653546294430271e-05,-0.004985405597835779,0.0006047257338650525,0.005022875964641571,-3.350729489546211,14.591055320110172,-21.155679606541526
431,-0.0,14.596040725708008,-21.420000076293945,1.0968394690280547e-06,-0.004981320817023516,0.0006235525361262262,0.00502019701525569,1.0968394690280547e-06,14.591059404890984,-21.41937652375782
432,3.3508260250091553,14.596040725708008,-21.15628433227539,-9.592621790943667e-05,-0.004976971540600061,0.0006246143602766097,0.005016930401325226,3.350730098791246,14.591063754167408,-21.155659717915114
433,6.619143962860107,14.596040725708008,-20.371631622314453,-0.0001910324936034158,-0.004971737507730722,0.000606160843744874,0.005012194626033306,6.618952930366504,14.591068988200277,-20.37102546147071
434,9.72447681427002,14.596040725708008,-19.085359573364258,-0.00028050478431396186,-0.004965398460626602,0.0005686281947419047,0.005005716811865568,9.724196309485706,14.591075327247381,-19.084790945169516
435,12.590359687805176,14.596040725708008,-17.329143524169922,-0.00036139014991931617,-0.004958252422511578,0.0005144220194779336,0.004997949581593275,12.589998297655256,14.591082473285496,-17.328629102150444
436,15.14622688293457,14.596040725708008,-15.14622688293457,-0.00043192668817937374,-0.004950976464897394,0.00044686213368549943,0.004989831242710352,15.145794956246391,14.59108974924311,-15.145780020800885
437,17.329143524169922,14.596040725708008,-12.590359687805176,-0.0004912927397526801,-0.004944364074617624,0.00036913881194777787,0.004982405807822943,17.32865223143017,14.59109636163339,-12.589990548993228
438,19.085359573364258,14.596040725708008,-9.72447681427002,-0.0005389583529904485,-0.0049390364438295364,0.00028374968678690493,0.004976451862603426,19.084820615011267,14.591101689264178,-9.724193064583233
439,20.371631622314453,14.596040725708008,-6.619143962860107,-0.000574174162466079,-0.004935284610837698,0.00019258380052633584,0.004972303286194801,20.371057448151987,14.59110544109717,-6.618951379059581
440,21.15628433227539,14.596040725708008,-3.3508260250091553,-0.000595925550442189,-0.004933115094900131,9.736268111737445e-05,0.004969932604581118,21.15568840672495,14.591107610613108,-3.350728662328038
441,20.78499984741211,16.870607376098633,0.0,-0.0004608750168699771,-0.004928157664835453,-1.0640842998829052e-19,0.00494966097176075,20.78453897239524,16.865679218433797,-1.0640842998829052e-19
442,20.529102325439453,16.870607376098633,3.2514901161193848,-0.00045522753498516977,-0.00492881890386343,-7.516148616559803e-05,0.004950367379933596,20.528647097904468,16.86567855719477,3.251414954633219
443,19.767709732055664,16.870607376098633,6.42291784286499,-0.0004385974316392094,-0.004930857568979263,-0.0001486844412283972,0.004952557850629091,19.767271134624025,16.865676518529654,6.422769158423762
444,18.51957130432129,16.870607376098633,9.436193466186523,-0.00041179420077241957,-0.004934388212859631,-0.00021916917467024177,0.004956389777362347,18.519159510120517,16.865672987885773,9.435974297011853
445,16.815418243408203,16.870607376098633,12.217116355895996,-0.00037575242458842695,-0.004939444828778505,-0.0002854939375538379,0.004961936268955469,16.815042490983615,16.865667931269854,12.216830861958442
446,14.697214126586914,16.870607376098633,14.697214126586914,-0.000331114511936903,-0.004945816937834024,-0.00034651270834729075,0.004968984983861446,14.696883012074977,16.8656615591608,14.696867613878567
447,12.217116355895996,16.870607376098633,16.815418243408203,-0.0002780831709969789,-0.004952964838594198,-0.00040049446397460997,0.004976905416697264,12.216838272725,16.86565441126004,16.81501774894423
448,9.436193466186523,16.870607376098633,18.51957130432129,-0.0002167935890611261,-0.004960085730999708,-0.0004446813545655459,0.004984695930033922,9.435976672597462,16.865647290367633,18.519126622966724
449,6.42291784286499,16.870607376098633,19.767709732055664,-0.0001481219514971599,-0.004966360051184893,-0.00047553839976899326,0.004991273395717144,6.422769720913493,16.865641016047448,19.767234193655895
450,3.2514901161193848,16.870607376098633,20.529102325439453,-7.435926818288863e-05,-0.004971290472894907,-0.0004899654886685312,0.004995930939912796,3.251415756851202,16.865636085625738,20.528612359950785
451,0.0,16.870607376098633,20.78499984741211,9.823172604228603e-07,-0.00497498968616128,-0.00048703435459174216,0.004998772405087948,9.823172604228603e-07,16.86563238641247,20.784512813057518
452,-3.2514901161193848,16.870607376098633,20.529102325439453,7.444464426953346e-05,-0.004978181328624487,-0.00046876678243279457,0.005000757519155741,-3.2514156714751152,16.86562919477001,20.52863355865702
453,-6.42291784286499,16.870607376098633,19.767709732055664,0.0001439873594790697,-0.0049819196574389935,-0.00043919935706071556,0.00500331399962306,-6.422773855505511,16.865625456441194,19.767270532698603
454,-9.436193466186523,16.870607376098633,18.51957130432129,0.00020949322788510472,-0.00498728733509779,-0.0004027181421406567,0.005007904022932053,-9.435983972958638,16.865620088763535,18.51916858617915
455,-12.217116355895996,16.870607376098633,16.815418243408203,0.0002717511961236596,-0.004994784481823444,-0.00036150714731775224,0.005015217699110508,-12.216844604699872,16.86561259161681,16.815056736260885
456,-14.697214126586914,16.870607376098633,14.697214126586914,0.0003308029845356941,-0.005004153121262789,-0.0003154415753670037,0.005024985875934362,-14.696883323602378,16.86560322297737,14.696898685011547
457,-16.815418243408203,16.870607376098633,12.217116355895996,0.0003869257343467325,-0.005015102215111256,-0.00026478234212845564,0.005036970600485802,-16.815031317673856,16.86559227388352,12.216851573553868
458,-18.51957130432129,16.870607376098633,9.436193466186523,0.0004398279415909201,-0.005026934202760458,-0.00020896240312140435,0.005050463601946831,-18.519131476379698,16.865580441895872,9.435984503783402
459,-19.767709732055664,16.870607376098633,6.42291784286499,0.00048536970280110836,-0.005037823226302862,-0.00014599313726648688,0.005063255783170462,-19.767224362352863,16.86556955287233,6.422771849727724
460,-20.529102325439453,16.870607376098633,3.2514901161193848,0.0005168414791114628,-0.005045549012720585,-7.546766573796049e-05,0.005072512663900852,-20.52858548396034,16.865561827085912,3.251414648453647
461,-20.78499984741211,16.870607376098633,0.0,0.0005281910998746753,-0.0050483588129282,-3.2633696881894767e-19,0.0050759147852659225,-20.784471656312235,16.865559017285705,-3.2633696881894767e-19
462,-20.529102325439453,16.870607376098633,-3.2514901161193848,0.0005168414791114628,-0.005045549012720585,7.546766573796049e-05,0.005072512663900852,-20.52858548396034,16.865561827085912,-3.251414648453647
463,-19.767709732055664,16.870607376098633,-6.42291784286499,0.00048536970280110836,-0.005037823226302862,0.00014599313726648688,0.005063255783170462,-19.767224362352863,16.86556955287233,-6.422771849727724
464,-18.51957130432129,16.870607376098633,-9.436193466186523,0.0004398279415909201,-0.005026934202760458,0.00020896240312140435,0.005050463601946831,-18.519131476379698,16.865580441895872,-9.435984503783402
465,-16.815418243408203,16.870607376098633,-12.217116355895996,0.0003869257343467325,-0.005015102215111256,0.00026478234212845564,0.005036970600485802,-16.815031317673856,16.86559227388352,-12.216851573553868
466,-14.697214126586914,16.870607376098633,-14.697214126586914,0.0003308029845356941,-0.005004153121262789,0.0003154415753670037,0.005024985875934362,-14.696883323602378,16.86560322297737,-14.696898685011547
467,-12.217116355895996,16.870607376098633,-16.815418243408203,0.0002717511961236596,-0.004994784481823444,0.00036150714731775224,0.005015217699110508,-12.216844604699872,16.86561259161681,-16.815056736260885
468,-9.436193466186523,16.870607376098633,-18.51957130432129,0.00020949322788510472,-0.00498728733509779,0.0004027181421406567,0.005007904022932053,-9.435983972958638,16.865620088763535,-18.51916858617915
469,-6.42291784286499,16.870607376098633,-19.767709732055664,0.0001439873594790697,-0.0049819196574389935,0.00043919935706071556,0.00500331399962306,-6.422773855505511,16.865625456441194,-19.767270532698603
470,-3.2514901161193848,16.870607376098633,-20.529102325439453,7.444464426953346e-05,-0.004978181328624487,0.00046876678243279457,0.005000757519155741,-3.2514156714751152,16.86562919477001,-20.52863355865702
471,-0.0,16.870607376098633,-20.78499984741211,9.823172604228603e-07,-0.00497498968616128,0.00048703435459174216,0.004998772405087948,9.823172604228603e-07,16.86563238641247,-20.784512813057518
472,3.2514901161193848,16.870607376098633,-20.529102325439453,-7.435926818288863e-05,-0.004971290472894907,0.0004899654886685312,0.004995930939912796,3.251415756851202,16.865636085625738,-20.528612359950785
473,6.42291784286499,16.870607376098633,-19.767709732055664,-0.0001481219514971599,-0.004966360051184893,0.00047553839976899326,0.004991273395717144,6.422769720913493,16.865641016047448,-19.767234193655895
474,9.436193466186523,16.870607376098633,-18.51957130432129,-0.0002167935890611261,-0.004960085730999708,0.0004446813545655459,0.004984695930033922,9.435976672597462,16.865647290367633,-18.519126622966724
475,12.217116355895996,16.870607376098633,-16.815418243408203,-0.0002780831709969789,-0.004952964838594198,0.00040049446397460997,0.004976905416697264,12.216838272725,16.86565441126004,-16.81501774894423
476,14.697214126586914,16.870607376098633,-14.697214126586914,-0.000331114511936903,-0.004945816937834024,0.00034651270834729075,0.004968984983861446,14.696883012074977,16.8656615591608,-14.696867613878567
477,16.815418243408203,16.870607376098633,-12.217116355895996,-0.00037575242458842695,-0.004939444828778505,0.0002854939375538379,0.004961936268955469,16.815042490983615,16.865667931269854,-12.216830861958442
478,18.51957130432129,16.870607376098633,-9.436193466186523,-0.00041179420077241957,-0.004934388212859631,0.00021916917467024177,0.004956389777362347,18.519159510120517,16.865672987885773,-9.435974297011853
479,19.767709732055664,16.870607376098633,-6.42291784286499,-0.0004385974316392094,-0.004930857568979263,0.0001486844412283972,0.004952557850629091,19.767271134624025,16.865676518529654,-6.422769158423762
480,20.529102325439453,16.870607376098633,-3.2514901161193848,-0.00045522753498516977,-0.00492881890386343,7.516148616559803e-05,0.004950367379933596,20.528647097904468,16.86567855719477,-3.251414954633219
481,20.149999618530273,19.145174026489258,0.0,-0.0003384198062121868,-0.004927376750856638,-4.523593827074734e-19,0.004938984755426645,20.14966119872406,19.1402466497384,-4.523593827074734e-19
482,19.901920318603516,19.145174026489258,3.152153968811035,-0.00033437623642385006,-0.004928035661578178,-5.6181877880590037e-05,0.004939686041325331,19.90158594236709,19.14024599082768,3.1520977869331546
483,19.163789749145508,19.145174026489258,6.226692199707031,-0.00032241406734101474,-0.0049300417304039,-0.00011125845048809424,0.00494182575494051,19.163467335078167,19.140243984758854,6.226580941256543
484,17.953781127929688,19.145174026489258,9.147909164428711,-0.0003029987565241754,-0.004933448508381844,-0.00016425362264271826,0.004945472814142704,17.953478129173163,19.140240577980876,9.147744910806068
485,16.30169105529785,19.145174026489258,11.843873023986816,-0.0002767335099633783,-0.004938243422657251,-0.00021436526731122285,0.00495063466951251,16.301414321787888,19.1402357830666,11.843658658719505
486,14.248202323913574,19.145174026489258,14.248202323913574,-0.0002441005635773763,-0.004944236949086189,-0.0002608033537399024,0.004957124590873718,14.247958223349997,19.14022978954017,14.247941520559834
487,11.843873023986816,19.145174026489258,16.30169105529785,-0.00020526707521639764,-0.004950974136590958,-0.0003023561439476907,0.004964443389326334,11.8436677569116,19.140223052352667,16.301388699153904
488,9.147909164428711,19.145174026489258,17.953781127929688,-0.00016023978241719306,-0.004957761149853468,-0.00033690588315948844,0.004971778020262718,9.147748924646294,19.140216265339404,17.953444222046528
489,6.226692199707031,19.145174026489258,19.163789749145508,-0.00010948606359306723,-0.00496384222060442,-0.0003614496090449393,0.004978188779205084,6.226582713643438,19.140210184268653,19.163428299536463
490,3.152153968811035,19.145174026489258,19.901920318603516,-5.4606221965514123e-05,-0.004968713037669659,-0.00037308770697563887,0.00498299952596426,3.1520993625890696,19.140205313451588,19.90154723089654
491,0.0,19.145174026489258,20.149999618530273,1.683562118159898e-06,-0.004972416441887617,-0.00037069423706270754,0.004986215382814407,1.683562118159898e-06,19.14020161004737,20.14962892429321
492,-3.152153968811035,19.145174026489258,19.901920318603516,5.658197187585756e-05,-0.0049755992367863655,-0.00035582075361162424,0.004988627042621374,-3.1520973868391593,19.14019842725247,19.901564497849904
493,-6.226692199707031,19.145174026489258,19.163789749145508,0.00010845121869351715,-0.004979259334504604,-0.00033200671896338463,0.004991494119167328,-6.226583748488338,19.140194767154753,19.163457742426544
494,-9.147909164428711,19.145174026489258,17.953781127929688,0.00015735479246359318,-0.0049843755550682545,-0.000303222012007609,0.004996068775653839,-9.147751809636247,19.14018965093419,17.95347790591768
495,-11.843873023986816,19.145174026489258,16.30169105529785,0.0002039803221123293,-0.004991440102458,-0.0002714067813940346,0.005002973601222038,-11.843669043664704,19.1401825863868,16.301419648516458
496,-14.248202323913574,19.145174026489258,14.248202323913574,0.0002483849530108273,-0.005000344943255186,-0.00023631109797861427,0.005012084264308214,-14.247953938960563,19.140173681546003,14.247966012815596
497,-16.30169105529785,19.145174026489258,11.843873023986816,0.00029107704176567495,-0.005010741762816906,-0.00019806843192782253,0.00502309575676918,-16.301399978256086,19.14016328472644,11.843674955554889
498,-17.953781127929688,19.145174026489258,9.147909164428711,0.00033203529892489314,-0.005021830089390278,-0.00015634411829523742,0.005035222973674536,-17.953449092630763,19.140152196399868,9.147752820310416
499,-19.163789749145508,19.145174026489258,6.226692199707031,0.0003678466600831598,-0.005031974520534277,-0.00010940572246909142,0.0050465879030525684,-19.163421902485425,19.140142051968724,6.226582793984562
500,-19.901920318603516,19.145174026489258,3.152153968811035,0.00039285465027205646,-0.005039174109697342,-5.6639433751115575e-05,0.005054781679064035,-19.901527463953244,19.14013485237956,3.152097329377284
501,-20.149999618530273,19.145174026489258,0.0,0.00040192302549257874,-0.005041791126132011,8.258357978227754e-20,0.005057786125689745,-20.14959769550478,19.140132235363126,8.258357978227754e-20
502,-19.901920318603516,19.145174026489258,-3.152153968811035,0.00039285465027205646,-0.005039174109697342,5.6639433751115575e-05,0.005054781679064035,-19.901527463953244,19.14013485237956,-3.152097329377284
503,-19.163789749145508,19.145174026489258,-6.226692199707031,0.0003678466600831598,-0.005031974520534277,0.00010940572246909142,0.0050465879030525684,-19.163421902485425,19.140142051968724,-6.226582793984562
504,-17.953781127929688,19.145174026489258,-9.147909164428711,0.00033203529892489314,-0.005021830089390278,0.00015634411829523742,0.005035222973674536,-17.953449092630763,19.140152196399868,-9.147752820310416
505,-16.30169105529785,19.145174026489258,-11.843873023986816,0.00029107704176567495,-0.005010741762816906,0.00019806843192782253,0.00502309575676918,-16.301399978256086,19.14016328472644,-11.843674955554889
506,-14.248202323913574,19.145174026489258,-14.248202323913574,0.0002483849530108273,-0.005000344943255186,0.00023631109797861427,0.005012084264308214,-14.247953938960563,19.140173681546003,-14.247966012815596
507,-11.843873023986816,19.145174026489258,-16.30169105529785,0.0002039803221123293,-0.004991440102458,0.0002714067813940346,0.005002973601222038,-11.843669043664704,19.1401825863868,-16.301419648516458
508,-9.147909164428711,19.145174026489258,-17.953781127929688,0.00015735479246359318,-0.0049843755550682545,0.000303222012007609,0.004996068775653839,-9.147751809636247,19.14018965093419,-17.95347790591768
509,-6.226692199707031,19.145174026489258,-19.163789749145508,0.00010845121869351715,-0.004979259334504604,0.00033200671896338463,0.004991494119167328,-6.226583748488338,19.140194767154753,-19.163457742426544
510,-3.152153968811035,19.145174026489258,-19.901920318603516,5.658197187585756e-05,-0.0049755992367863655,0.00035582075361162424,0.004988627042621374,-3.1520973868391593,19.14019842725247,-19.901564497849904
511,-0.0,19.145174026489258,-20.149999618530273,1.683562118159898e-06,-0.004972416441887617,0.00037069423706270754,0.004986215382814407,1.683562118159898e-06,19.14020161004737,-20.14962892429321
512,3.152153968811035,19.145174026489258,-19.901920318603516,-5.4606221965514123e-05,-0.004968713037669659,0.00037308770697563887,0.00498299952596426,3.1520993625890696,19.140205313451588,-19.90154723089654
513,6.226692199707031,19.145174026489258,-19.163789749145508,-0.00010948606359306723,-0.00496384222060442,0.0003614496090449393,0.004978188779205084,6.226582713643438,19.140210184268653,-19.163428299536463
514,9.147909164428711,19.145174026489258,-17.953781127929688,-0.00016023978241719306,-0.004957761149853468,0.00033690588315948844,0.004971778020262718,9.147748924646294,19.140216265339404,-17.953444222046528
515,11.843873023986816,19.145174026489258,-16.30169105529785,-0.00020526707521639764,-0.004950974136590958,0.0003023561439476907,0.004964443389326334,11.8436677569116,19.140223052352667,-16.301388699153904
516,14.248202323913574,19.145174026489258,-14.248202323913574,-0.0002441005635773763,-0.004944236949086189,0.0002608033537399024,0.004957124590873718,14.247958223349997,19.14022978954017,-14.247941520559834
517,16.30169105529785,19.145174026489258,-11.843873023986816,-0.0002767335099633783,-0.004938243422657251,0.00021436526731122285,0.00495063466951251,16.301414321787888,19.1402357830666,-11.843658658719505
518,17.953781127929688,19.145174026489258,-9.147909164428711,-0.0003029987565241754,-0.004933448508381844,0.00016425362264271826,0.004945472814142704,17.953478129173163,19.140240577980876,-9.147744910806068
519,19.163789749145508,19.145174026489258,-6.226692199707031,-0.00032241406734101474,-0.0049300417304039,0.00011125845048809424,0.00494182575494051,19.163467335078167,19.140243984758854,-6.226580941256543
520,19.901920318603516,19.145174026489258,-3.152153968811035,-0.00033437623642385006,-0.004928035661578178,5.6181877880590037e-05,0.004939686041325331,19.90158594236709,19.14024599082768,-3.1520977869331546
521,20.184999465942383,21.857860565185547,0.0,-0.00017430298612453043,-0.004964514169842005,-6.5926331009628105e-19,0.004967573098838329,20.18482516295626,21.852896051015705,-6.5926331009628105e-19
522,19.93648910522461,21.857860565185547,3.15762996673584,-0.00017259329615626484,-0.004965129308402538,-3.057702269870788e-05,0.004968222230672836,19.936316511928453,21.852895435877144,3.157599389713141
523,19.19707679748535,21.857860565185547,6.2375078201293945,-0.00016737193800508976,-0.004967008251696825,-6.0860274970764294e-05,0.004970199894160032,19.196909425547346,21.85289355693385,6.237446959854424
524,17.984966278076172,21.857860565185547,9.163798332214355,-0.00015843860455788672,-0.004970214795321226,-9.045311890076846e-05,0.004973561968654394,17.984807839471614,21.852890350390226,9.163707879095455
525,16.330007553100586,21.857860565185547,11.864444732666016,-0.00014564284356310964,-0.004974748939275742,-0.0001188430396723561,0.004978299140930176,16.329861910257023,21.85288581624627,11.864325889626343
526,14.272950172424316,21.857860565185547,14.272950172424316,-0.00012898420391138643,-0.0049804262816905975,-0.00014545988233294338,0.004984219092875719,14.272821188220405,21.852880138903856,14.272804712541983
527,11.864444732666016,21.857860565185547,16.330007553100586,-0.00010856914741452783,-0.004986786283552647,-0.00016967761621344835,0.004990853369235992,11.864336163518601,21.852873778901994,16.329837875484372
528,9.163798332214355,21.857860565185547,17.984966278076172,-8.451467874692753e-05,-0.00499311275780201,-0.00019064084335695952,0.004997465293854475,9.163713817535609,21.852867452427745,17.984775637232815
529,6.2375078201293945,21.857860565185547,19.19707679748535,-5.6999844673555344e-05,-0.004998627118766308,-0.00020699792366940528,0.0050032357685267925,6.237450820284721,21.85286193806678,19.196869799561682
530,3.15762996673584,21.857860565185547,19.93648910522461,-2.6589501430862583e-05,-0.005002825055271387,-0.00021690267021767795,0.005007595755159855,3.157603377234409,21.852857740130275,19.93627220255439
531,0.0,21.857860565185547,20.184999465942383,5.417792635853402e-06,-0.005005787592381239,-0.00021869910415261984,0.005010565277189016,5.417792635853402e-06,21.852854777593166,20.18478076683823
532,-3.15762996673584,21.857860565185547,19.93648910522461,3.716794162755832e-05,-0.005008243955671787,-0.00021198205649852753,0.005012865643948317,-3.1575927987942123,21.852852321229875,19.93627712316811
533,-6.2375078201293945,21.857860565185547,19.19707679748535,6.709225999657065e-05,-0.005011282861232758,-0.00019834842532873154,0.0050156558863818645,-6.237440727869398,21.852849282324314,19.196878449060023
534,-9.163798332214355,21.857860565185547,17.984966278076172,9.497650171397254e-05,-0.00501587800681591,-0.00018104071205016226,0.005020042881369591,-9.163703355712641,21.85284468717873,17.98478523736412
535,-11.864444732666016,21.857860565185547,16.330007553100586,0.00012162923667347059,-0.005022582598030567,-0.00016213014896493405,0.005026670638471842,-11.864323103429342,21.852837982587516,16.32984542295162
536,-14.272950172424316,21.857860565185547,14.272950172424316,0.0001471599389333278,-0.005031471606343985,-0.00014142694999463856,0.0050356099382042885,-14.272803012485383,21.852829093579203,14.272808745474322
537,-16.330007553100586,21.857860565185547,11.864444732666016,0.0001715958205750212,-0.0050421226769685745,-0.00011886152060469612,0.005046441685408354,-16.32983595728001,21.85281844250858,11.864325871145411
538,-17.984966278076172,21.857860565185547,9.163798332214355,0.00019460009934846312,-0.0050535183399915695,-9.393267100676894e-05,0.0050581363029778,-17.984771677976823,21.852807046845555,9.163704399543349
539,-19.19707679748535,21.857860565185547,6.2375078201293945,0.00021363369887694716,-0.00506399292498827,-6.547566590597853e-05,0.005068920087069273,-19.196863163786475,21.85279657226056,6.2374423444634886
540,-19.93648910522461,21.857860565185547,3.15762996673584,0.00022594525944441557,-0.005071481689810753,-3.368122997926548e-05,0.005076623987406492,-19.936263159965165,21.852789083495736,3.1575962855058606
541,-20.184999465942383,21.857860565185547,0.0,0.00023018839419819415,-0.0050742123275995255,6.908531696686193e-20,0.005079430993646383,-20.184769277548185,21.852786352857947,6.908531696686193e-20
542,-19.93648910522461,21.857860565185547,-3.15762996673584,0.00022594525944441557,-0.005071481689810753,3.368122997926548e-05,0.005076623987406492,-19.936263159965165,21.852789083495736,-3.1575962855058606
543,-19.19707679748535,21.857860565185547,-6.2375078201293945,0.00021363369887694716,-0.00506399292498827,6.547566590597853e-05,0.005068920087069273,-19.196863163786475,21.85279657226056,-6.2374423444634886
544,-17.984966278076172,21.857860565185547,-9.163798332214355,0.00019460009934846312,-0.0050535183399915695,9.393267100676894e-05,0.0050581363029778,-17.984771677976823,21.852807046845555,-9.163704399543349
545,-16.330007553100586,21.857860565185547,-11.864444732666016,0.0001715958205750212,-0.0050421226769685745,0.00011886152060469612,0.005046441685408354,-16.32983595728001,21.85281844250858,-11.864325871145411
546,-14.272950172424316,21.857860565185547,-14.272950172424316,0.0001471599389333278,-0.005031471606343985,0.00014142694999463856,0.0050356099382042885,-14.272803012485383,21.852829093579203,-14.272808745474322
547,-11.864444732666016,21.857860565185547,-16.330007553100586,0.00012162923667347059,-0.005022582598030567,0.00016213014896493405,0.005026670638471842,-11.864323103429342,21.852837982587516,-16.32984542295162
548,-9.163798332214355,21.857860565185547,-17.984966278076172,9.497650171397254e-05,-0.00501587800681591,0.00018104071205016226,0.005020042881369591,-9.163703355712641,21.85284468717873,-17.98478523736412
549,-6.2375078201293945,21.857860565185547,-19.19707679748535,6.709225999657065e-05,-0.005011282861232758,0.00019834842532873154,0.0050156558863818645,-6.237440727869398,21.852849282324314,-19.196878449060023
550,-3.15762996673584,21.857860565185547,-19.93648910522461,3.716794162755832e-05,-0.005008243955671787,0.00021198205649852753,0.005012865643948317,-3.1575927987942123,21.852852321229875,-19.93627712316811
551,-0.0,21.857860565185547,-20.184999465942383,5.417792635853402e-06,-0.005005787592381239,0.00021869910415261984,0.005010565277189016,5.417792635853402e-06,21.852854777593166,-20.18478076683823
552,3.15762996673584,21.857860565185547,-19.93648910522461,-2.6589501430862583e-05,-0.005002825055271387,0.00021690267021767795,0.005007595755159855,3.157603377234409,21.852857740130275,-19.93627220255439
553,6.2375078201293945,21.857860565185547,-19.19707679748535,-5.6999844673555344e-05,-0.004998627118766308,0.00020699792366940528,0.0050032357685267925,6.237450820284721,21.85286193806678,-19.196869799561682
554,9.163798332214355,21.857860565185547,-17.984966278076172,-8.451467874692753e-05,-0.00499311275780201,0.00019064084335695952,0.004997465293854475,9.163713817535609,21.852867452427745,-17.984775637232815
555,11.864444732666016,21.857860565185547,-16.330007553100586,-0.00010856914741452783,-0.004986786283552647,0.00016967761621344835,0.004990853369235992,11.864336163518601,21.852873778901994,-16.329837875484372
556,14.272950172424316,21.857860565185547,-14.272950172424316,-0.00012898420391138643,-0.0049804262816905975,0.00014545988233294338,0.004984219092875719,14.272821188220405,21.852880138903856,-14.272804712541983
557,16.330007553100586,21.857860565185547,-11.864444732666016,-0.00014564284356310964,-0.004974748939275742,0.0001188430396723561,0.004978299140930176,16.329861910257023,21.85288581624627,-11.864325889626343
558,17.984966278076172,21.857860565185547,-9.163798332214355,-0.00015843860455788672,-0.004970214795321226,9.045311890076846e-05,0.004973561968654394,17.984807839471614,21.852890350390226,-9.163707879095455
559,19.19707679748535,21.857860565185547,-6.2375078201293945,-0.00016737193800508976,-0.004967008251696825,6.0860274970764294e-05,0.004970199894160032,19.196909425547346,21.85289355693385,-6.237446959854424
560,19.93648910522461,21.857860565185547,-3.15762996673584,-0.00017259329615626484,-0.004965129308402538,3.057702269870788e-05,0.004968222230672836,19.936316511928453,21.852895435877144,-3.157599389713141
561,20.219999313354492,24.57054901123047,0.0,-0.00015207067190203816,-0.004996694624423981,-5.368811629872363e-19,0.0049990080296993256,20.21984724268259,24.565552316606045,-5.368811629872363e-19
562,19.971057891845703,24.57054901123047,3.163105010986328,-0.0001507844717707485,-0.004997272044420242,-2.7184762075194158e-05,0.004999619908630848,19.970907107373932,24.56555173918605,3.163077826224253
563,19.230363845825195,24.57054901123047,6.248323917388916,-0.00014666802599094808,-0.004999040625989437,-5.419331500888802e-05,0.005001485347747803,19.230217177799204,24.56554997060448,6.248269724073907
564,18.016151428222656,24.57054901123047,9.179688453674316,-0.0001391009718645364,-0.005002073012292385,-8.057807281147689e-05,0.0050046551041305065,18.01601232725079,24.565546938218176,9.179607875601505
565,16.35832405090332,24.57054901123047,11.885018348693848,-0.0001274863607250154,-0.005006380379199982,-0.00010554810432950035,0.005009115673601627,16.358196564542595,24.56554263085127,11.884912800589518
566,14.297698974609375,24.57054901123047,14.297698974609375,-0.00011166141484864056,-0.005011785309761763,-0.00012819362746085972,0.0050146677531301975,14.297587313194526,24.565537225920707,14.297570780981914
567,11.885018348693848,24.57054901123047,16.35832405090332,-9.206998947774991e-05,-0.005017825867980719,-0.0001478950580349192,0.005020849406719208,11.88492627870437,24.565531185362488,16.358176155845285
568,9.179688453674316,24.57054901123047,18.016151428222656,-6.953440606594086e-05,-0.005023771896958351,-0.00016457935271319002,0.00502694770693779,9.17961891926825,24.56552523933351,18.015986848869943
569,6.248323917388916,24.57054901123047,19.230363845825195,-4.477514812606387e-05,-0.005028825253248215,-0.00017842442321125418,0.0050321887247264385,6.24827914224079,24.56552018597722,19.230185421401984
570,3.163105010986328,24.57054901123047,19.971057891845703,-1.817042902985122e-05,-0.005032466724514961,-0.0001890687708510086,0.005036049988120794,3.1630868405572983,24.565516544505954,19.970868823074852
571,0.0,24.57054901123047,20.219999313354492,9.882643098535482e-06,-0.0050347838550806046,-0.00019512591825332493,0.005038573406636715,9.882643098535482e-06,24.565514227375388,20.21980418743624
572,-3.163105010986328,24.57054901123047,19.971057891845703,3.8399859477067366e-05,-0.005036560818552971,-0.00019473455904517323,0.005040470510721207,-3.163066611126851,24.565512450411916,19.970863157286658
573,-6.248323917388916,24.57054901123047,19.230363845825195,6.590469274669886e-05,-0.005038975737988949,-0.00018719080253504217,0.0050428821705281734,-6.248258012696169,24.56551003549248,19.23017665502266
574,-9.179688453674316,24.57054901123047,18.016151428222656,9.156212763627991e-05,-0.005043029319494963,-0.00017420521180611104,0.00504686776548624,-9.17959689154668,24.565505981910974,18.01597722301085
575,-11.885018348693848,24.57054901123047,16.35832405090332,0.00011536767124198377,-0.005049366503953934,-0.00015779548266436905,0.005053148604929447,-11.884902981022606,24.565499644726515,16.358166255420656
576,-14.297698974609375,24.57054901123047,14.297698974609375,0.00013685131852980703,-0.005058261565864086,-0.00013821035099681467,0.005061999429017305,-14.297562123290845,24.565490749664605,14.297560764258378
577,-16.35832405090332,24.57054901123047,11.885018348693848,0.00015528604853898287,-0.005069207865744829,-0.00011544130393303931,0.005072899628430605,-16.35816876485478,24.565479803364724,11.884902907389915
578,-18.016151428222656,24.57054901123047,9.179688453674316,0.0001695350365480408,-0.005080949515104294,-8.955399971455336e-05,0.005084565840661526,-18.015981893186108,24.565468061715364,9.179598899674602
579,-19.230363845825195,24.57054901123047,6.248323917388916,0.0001780340971890837,-0.0050917682237923145,-6.078546357457526e-05,0.00509524205699563,-19.230185811728006,24.565457243006676,6.248263131925341
580,-19.971057891845703,24.57054901123047,3.163105010986328,0.0001813764392863959,-0.005099537782371044,-3.051154089916963e-05,0.005102853756397963,-19.970876515406417,24.565449473448098,3.163074499445429
581,-20.219999313354492,24.57054901123047,0.0,0.00018206468666903675,-0.005102373659610748,4.365768283187499e-19,0.005105620715767145,-20.219817248667823,24.565446637570858,4.365768283187499e-19
582,-19.971057891845703,24.57054901123047,-3.163105010986328,0.0001813764392863959,-0.005099537782371044,3.051154089916963e-05,0.005102853756397963,-19.970876515406417,24.565449473448098,-3.163074499445429
583,-19.230363845825195,24.57054901123047,-6.248323917388916,0.0001780340971890837,-0.0050917682237923145,6.078546357457526e-05,0.00509524205699563,-19.230185811728006,24.565457243006676,-6.248263131925341
584,-18.016151428222656,24.57054901123047,-9.179688453674316,0.0001695350365480408,-0.005080949515104294,8.955399971455336e-05,0.005084565840661526,-18.015981893186108,24.565468061715364,-9.179598899674602
585,-16.35832405090332,24.57054901123047,-11.885018348693848,0.00015528604853898287,-0.005069207865744829,0.00011544130393303931,0.005072899628430605,-16.35816876485478,24.565479803364724,-11.884902907389915
586,-14.297698974609375,24.57054901123047,-14.297698974609375,0.00013685131852980703,-0.005058261565864086,0.00013821035099681467,0.005061999429017305,-14.297562123290845,24.565490749664605,-14.297560764258378
587,-11.885018348693848,24.57054901123047,-16.35832405090332,0.00011536767124198377,-0.005049366503953934,0.00015779548266436905,0.005053148604929447,-11.884902981022606,24.565499644726515,-16.358166255420656
588,-9.179688453674316,24.57054901123047,-18.016151428222656,9.156212763627991e-05,-0.005043029319494963,0.00017420521180611104,0.00504686776548624,-9.17959689154668,24.565505981910974,-18.01597722301085
589,-6.248323917388916,24.57054901123047,-19.230363845825195,6.590469274669886e-05,-0.005038975737988949,0.00018719080253504217,0.0050428821705281734,-6.248258012696169,24.56551003549248,-19.23017665502266
590,-3.163105010986328,24.57054901123047,-19.971057891845703,3.8399859477067366e-05,-0.005036560818552971,0.00019473455904517323,0.005040470510721207,-3.163066611126851,24.565512450411916,-19.970863157286658
591,-0.0,24.57054901123047,-20.219999313354492,9.882643098535482e-06,-0.0050347838550806046,0.00019512591825332493,0.005038573406636715,9.882643098535482e-06,24.565514227375388,-20.21980418743624
592,3.163105010986328,24.57054901123047,-19.971057891845703,-1.817042902985122e-05,-0.005032466724514961,0.0001890687708510086,0.005036049988120794,3.1630868405572983,24.565516544505954,-19.970868823074852
593,6.248323917388916,24.57054901123047,-19.230363845825195,-4.477514812606387e-05,-0.005028825253248215,0.00017842442321125418,0.0050321887247264385,6.24827914224079,24.56552018597722,-19.230185421401984
594,9.179688453674316,24.57054901123047,-18.016151428222656,-6.953440606594086e-05,-0.005023771896958351,0.00016457935271319002,0.00502694770693779,9.17961891926825,24.56552523933351,-18.015986848869943
595,11.885018348693848,24.57054901123047,-16.35832405090332,-9.206998947774991e-05,-0.005017825867980719,0.0001478950580349192,0.005020849406719208,11.88492627870437,24.565531185362488,-16.358176155845285
596,14.297698974609375,24.57054901123047,-14.297698974609375,-0.00011166141484864056,-0.005011785309761763,0.00012819362746085972,0.0050146677531301975,14.297587313194526,24.565537225920707,-14.297570780981914
597,16.35832405090332,24.57054901123047,-11.885018348693848,-0.0001274863607250154,-0.005006380379199982,0.00010554810432950035,0.005009115673601627,16.358196564542595,24.56554263085127,-11.884912800589518
598,18.016151428222656,24.57054901123047,-9.179688453674316,-0.0001391009718645364,-0.005002073012292385,8.057807281147689e-05,0.0050046551041305065,18.01601232725079,24.565546938218176,-9.179607875601505
599,19.230363845825195,24.57054901123047,-6.248323917388916,-0.00014666802599094808,-0.004999040625989437,5.419331500888802e-05,0.005001485347747803,19.230217177799204,24.56554997060448,-6.248269724073907
600,19.971057891845703,24.57054901123047,-3.163105010986328,-0.0001507844717707485,-0.004997272044420242,2.7184762075194158e-05,0.004999619908630848,19.970907107373932,24.56555173918605,-3.163077826224253
601,20.899999618530273,26.795795440673828,0.0,-0.00012505902850534767,-0.0050295013934373856,-5.08137618977996e-19,0.005031055770814419,20.899874559501768,26.79076593928039,-5.08137618977996e-19
602,20.64268684387207,26.795795440673828,3.269479990005493,-0.00012414163211360574,-0.005030051339417696,-2.2714246370014735e-05,0.005031634122133255,20.642562702239957,26.79076538933441,3.269457275759123
603,19.8770809173584,26.795795440673828,6.4584550857543945,-0.0001210449991049245,-0.0050317589193582535,-4.53902903245762e-05,0.005033419467508793,19.876959872359294,26.79076368175447,6.45840969546407
604,18.62203598022461,26.795795440673828,9.488401412963867,-0.00011493309284560382,-0.0050347535870969296,-6.762143311789259e-05,0.0050365193746984005,18.621921047131764,26.79076068708673,9.48833379153075
605,16.90845489501953,26.795795440673828,12.284711837768555,-0.000104979430034291,-0.005039117764681578,-8.852114842738956e-05,0.00504098879173398,16.908349915589497,26.790756322909147,12.284623316620127
606,14.778532028198242,26.795795440673828,14.778532028198242,-9.092743857763708e-05,-0.005044722929596901,-0.00010701212886488065,0.005046676844358444,14.778441100759665,26.79075071774423,14.778425016069377
607,12.284711837768555,26.795795440673828,16.90845489501953,-7.336179987760261e-05,-0.00505108991637826,-0.00012242225056979805,0.005053105764091015,12.284638475968677,26.79074435075745,16.90833247276896
608,9.488401412963867,26.795795440673828,18.62203598022461,-5.345126919564791e-05,-0.005057353060692549,-0.00013500414206646383,0.005059436894953251,9.488347961694672,26.790738087613136,18.621900976082543
609,6.4584550857543945,26.795795440673828,19.8770809173584,-3.22413798130583e-05,-0.005062432028353214,-0.0001458500191802159,0.005064635071903467,6.4584228443745815,26.790733008645475,19.876935067339218
610,3.269479990005493,26.795795440673828,20.64268684387207,-1.004186924546957e-05,-0.0050654239021241665,-0.00015597871970385313,0.005067834630608559,3.2694699481362477,26.790730016771704,20.642530865152366
611,0.0,26.795795440673828,20.899999618530273,1.3466921700455714e-05,-0.005066110752522945,-0.00016512589354533702,0.005068819038569927,1.3466921700455714e-05,26.790729329921305,20.899834492636728
612,-3.269479990005493,26.795795440673828,20.64268684387207,3.835503230220638e-05,-0.005065388977527618,-0.00017111572378780693,0.005068423692137003,-3.269441634973191,26.7907300516963,20.642515728148283
613,-6.4584550857543945,26.795795440673828,19.8770809173584,6.352218770189211e-05,-0.00506511889398098,-0.0001710810320219025,0.005068405531346798,-6.458391563566693,26.790730321779847,19.876909836326377
614,-9.488401412963867,26.795795440673828,18.62203598022461,8.725462248548865e-05,-0.005067136604338884,-0.00016420011525042355,0.005070547107607126,-9.488314158341382,26.79072830406949,18.62187178010936
615,-12.284711837768555,26.795795440673828,16.90845489501953,0.00010831782856257632,-0.005072699394077063,-0.00015126423386391252,0.0050761098973453045,-12.284603519939992,26.79072274127975,16.908303630785667
616,-14.778532028198242,26.795795440673828,14.778532028198242,0.00012524733028840274,-0.005082413554191589,-0.00013264684821479023,0.0050856866873800755,-14.778406780867954,26.790713027119637,14.778399381350027
617,-16.90845489501953,26.795795440673828,12.284711837768555,0.0001366127689834684,-0.005095608998090029,-0.0001092072416213341,0.00509860971942544,-16.908318282250548,26.790699831675738,12.284602630526933
618,-18.62203598022461,26.795795440673828,9.488401412963867,0.00014152278890833259,-0.005110454745590687,-8.229686500271782e-05,0.005113076418638229,-18.6218944574357,26.790684985928237,9.488319116098864
619,-19.8770809173584,26.795795440673828,6.4584550857543945,0.0001401655317749828,-0.005124458111822605,-5.3832001867704093e-05,0.00512665743008256,-19.876940751826623,26.790670982562006,6.458401253752527
620,-20.64268684387207,26.795795440673828,3.269479990005493,0.0001360133901471272,-0.0051345741376280785,-2.6196634280495346e-05,0.00513644190505147,-20.642550830481923,26.7906608665362,3.2694537933712127
621,-20.899999618530273,26.795795440673828,0.0,0.00013393591507337987,-0.005138255190104246,1.256234284899396e-19,0.0051400004886090755,-20.8998656826152,26.790657185483724,1.256234284899396e-19
622,-20.64268684387207,26.795795440673828,-3.269479990005493,0.0001360133901471272,-0.0051345741376280785,2.6196634280495346e-05,0.00513644190505147,-20.642550830481923,26.7906608665362,-3.2694537933712127
623,-19.8770809173584,26.795795440673828,-6.4584550857543945,0.0001401655317749828,-0.005124458111822605,5.3832001867704093e-05,0.00512665743008256,-19.876940751826623,26.790670982562006,-6.458401253752527
624,-18.62203598022461,26.795795440673828,-9.488401412963867,0.00014152278890833259,-0.005110454745590687,8.229686500271782e-05,0.005113076418638229,-18.6218944574357,26.790684985928237,-9.488319116098864
625,-16.90845489501953,26.795795440673828,-12.284711837768555,0.0001366127689834684,-0.005095608998090029,0.0001092072416213341,0.00509860971942544,-16.908318282250548,26.790699831675738,-12.284602630526933
626,-14.778532028198242,26.795795440673828,-14.778532028198242,0.00012524733028840274,-0.005082413554191589,0.00013264684821479023,0.0050856866873800755,-14.778406780867954,26.790713027119637,-14.778399381350027
627,-12.284711837768555,26.795795440673828,-16.90845489501953,0.00010831782856257632,-0.005072699394077063,0.00015126423386391252,0.0050761098973453045,-12.284603519939992,26.79072274127975,-16.908303630785667
628,-9.488401412963867,26.795795440673828,-18.62203598022461,8.725462248548865e-05,-0.005067136604338884,0.00016420011525042355,0.005070547107607126,-9.488314158341382,26.79072830406949,-18.62187178010936
629,-6.4584550857543945,26.795795440673828,-19.8770809173584,6.352218770189211e-05,-0.00506511889398098,0.0001710810320219025,0.005068405531346798,-6.458391563566693,26.790730321779847,-19.876909836326377
630,-3.269479990005493,26.795795440673828,-20.64268684387207,3.835503230220638e-05,-0.005065388977527618,0.00017111572378780693,0.005068423692137003,-3.269441634973191,26.7907300516963,-20.642515728148283
631,-0.0,26.795795440673828,-20.899999618530273,1.3466921700455714e-05,-0.005066110752522945,0.00016512589354533702,0.005068819038569927,1.3466921700455714e-05,26.790729329921305,-20.899834492636728
632,3.269479990005493,26.795795440673828,-20.64268684387207,-1.004186924546957e-05,-0.0050654239021241665,0.00015597871970385313,0.005067834630608559,3.2694699481362477,26.790730016771704,-20.642530865152366
633,6.4584550857543945,26.795795440673828,-19.8770809173584,-3.22413798130583e-05,-0.005062432028353214,0.0001458500191802159,0.005064635071903467,6.4584228443745815,26.790733008645475,-19.876935067339218
634,9.488401412963867,26.795795440673828,-18.62203598022461,-5.345126919564791e-05,-0.005057353060692549,0.00013500414206646383,0.005059436894953251,9.488347961694672,26.790738087613136,-18.621900976082543
635,12.284711837768555,26.795795440673828,-16.90845489501953,-7.336179987760261e-05,-0.00505108991637826,0.00012242225056979805,0.005053105764091015,12.284638475968677,26.79074435075745,-16.90833247276896
636,14.778532028198242,26.795795440673828,-14.778532028198242,-9.092743857763708e-05,-0.005044722929596901,0.00010701212886488065,0.005046676844358444,14.778441100759665,26.79075071774423,-14.778425016069377
637,16.90845489501953,26.795795440673828,-12.284711837768555,-0.000104979430034291,-0.005039117764681578,8.852114842738956e-05,0.00504098879173398,16.908349915589497,26.790756322909147,-12.284623316620127
638,18.62203598022461,26.795795440673828,-9.488401412963867,-0.00011493309284560382,-0.0050347535870969296,6.762143311789259e-05,0.0050365193746984005,18.621921047131764,26.79076068708673,-9.48833379153075
639,19.8770809173584,26.795795440673828,-6.4584550857543945,-0.0001210449991049245,-0.0050317589193582535,4.53902903245762e-05,0.005033419467508793,19.876959872359294,26.79076368175447,-6.45840969546407
640,20.64268684387207,26.795795440673828,-3.269479990005493,-0.00012414163211360574,-0.005030051339417696,2.2714246370014735e-05,0.005031634122133255,20.642562702239957,26.79076538933441,-3.269457275759123
641,21.579999923706055,29.02104377746582,0.0,-2.1163010387681425e-05,-0.005082978866994381,1.5495200891210511e-19,0.005083023104816675,21.579978760695667,29.015960798598826,1.5495200891210511e-19
642,21.314313888549805,29.02104377746582,3.3758559226989746,-2.1436591850942932e-05,-0.0050835441797971725,-6.174470854602987e-06,0.00508359307423234,21.314292451957954,29.015960233286023,3.37584974822812
643,20.523799896240234,29.02104377746582,6.6685872077941895,-2.190219129261095e-05,-0.005085292737931013,-1.2646524737647269e-05,0.0050853556022048,20.52377799404894,29.01595848472789,6.668574561269452
644,19.227920532226562,29.02104377746582,9.797115325927734,-2.168746323150117e-05,-0.005088340491056442,-1.936718399520032e-05,0.00508842384442687,19.22789884476333,29.015955436974764,9.79709595874374
645,17.458587646484375,29.02104377746582,12.684406280517578,-1.9889066606992856e-05,-0.005092746112495661,-2.5846373318927363e-05,0.005092850420624018,17.458567757417768,29.015951031353325,12.68438043414426
646,15.259364128112793,29.02104377746582,15.259364128112793,-1.609201899555046e-05,-0.005098349880427122,-3.143474896205589e-05,0.005098471883684397,15.259348036093797,29.015945427585393,15.259332693363831
647,12.684406280517578,29.02104377746582,17.458587646484375,-1.0611895049805753e-05,-0.005104640033096075,-3.587821629480459e-05,0.005104777403175831,12.684395668622528,29.015939137432724,17.45855176826808
648,9.797115325927734,29.02104377746582,19.227920532226562,-4.2647889131330885e-06,-0.005110705271363258,-3.982593261753209e-05,0.005110862199217081,9.797111061138821,29.015933072194457,19.227880706293945
649,6.6685872077941895,29.02104377746582,20.523799896240234,2.263618171127746e-06,-0.005115360487252474,-4.485805402509868e-05,0.005115557927638292,6.668589471412361,29.015928416978568,20.52375503818621
650,3.3758559226989746,29.02104377746582,21.314313888549805,9.060804586624727e-06,-0.005117491818964481,-5.2764680731343105e-05,0.005117771681398153,3.3758649835035612,29.015926285646856,21.314261123869073
651,0.0,29.02104377746582,21.579999923706055,1.708218769636005e-05,-0.005116596817970276,-6.423047307180241e-05,0.00511702848598361,1.708218769636005e-05,29.01592718064785,21.579935693232983
652,-3.3758559226989746,29.02104377746582,21.314313888549805,2.7349718948244117e-05,-0.005113457329571247,-7.744491449557245e-05,0.005114116705954075,-3.3758285729800264,29.01593032013625,21.31423644363531
653,-6.6685872077941895,29.02104377746582,20.523799896240234,3.959628156735562e-05,-0.005110297817736864,-8.832691673887894e-05,0.005111214239150286,-6.668547611512622,29.015933479648083,20.523711569323495
654,-9.797115325927734,29.02104377746582,19.227920532226562,5.1970095228170976e-05,-0.005109775811433792,-9.330573811894283e-05,0.005110892001539469,-9.797063355832506,29.015934001654387,19.227827226488444
655,-12.684406280517578,29.02104377746582,17.458587646484375,6.165173545014113e-05,-0.005114194471389055,-9.053195390151814e-05,0.0051153674721717834,-12.684344628782128,29.01592958299443,17.458497114530473
656,-15.259364128112793,29.02104377746582,15.259364128112793,6.54208633932285e-05,-0.00512488791719079,-7.96381791587919e-05,0.00512592401355505,-15.2592987072494,29.01591888954863,15.259284489933634
657,-17.458587646484375,29.02104377746582,12.684406280517578,6.173059227876365e-05,-0.0051407525315880775,-6.293924525380135e-05,0.005141508299857378,-17.458525915892096,29.015903024934232,12.684343341272324
658,-19.227920532226562,29.02104377746582,9.797115325927734,5.1550592615967616e-05,-0.005158735904842615,-4.416990850586444e-05,0.005159182474017143,-19.227868981633947,29.015885041560978,9.797071156019229
659,-20.523799896240234,29.02104377746582,6.6685872077941895,3.785373337450437e-05,-0.005175369326025248,-2.651356771821156e-05,0.005175575613975525,-20.52376204250686,29.015868408139795,6.668560694226471
660,-21.314313888549805,29.02104377746582,3.3758559226989746,2.60436372627737e-05,-0.0051871067844331264,-1.1954138244618662e-05,0.005187185946851969,-21.314287844912542,29.015856670681387,3.37584396856073
661,-21.579999923706055,29.02104377746582,0.0,2.1441301214508712e-05,-0.005191309843212366,2.52328343932004e-19,0.00519135408103466,-21.57997848240484,29.015852467622608,2.52328343932004e-19
662,-21.314313888549805,29.02104377746582,-3.3758559226989746,2.60436372627737e-05,-0.0051871067844331264,1.1954138244618662e-05,0.005187185946851969,-21.314287844912542,29.015856670681387,-3.37584396856073
663,-20.523799896240234,29.02104377746582,-6.6685872077941895,3.785373337450437e-05,-0.005175369326025248,2.651356771821156e-05,0.005175575613975525,-20.52376204250686,29.015868408139795,-6.668560694226471
664,-19.227920532226562,29.02104377746582,-9.797115325927734,5.1550592615967616e-05,-0.005158735904842615,4.416990850586444e-05,0.005159182474017143,-19.227868981633947,29.015885041560978,-9.797071156019229
665,-17.458587646484375,29.02104377746582,-12.684406280517578,6.173059227876365e-05,-0.0051407525315880775,6.293924525380135e-05,0.005141508299857378,-17.458525915892096,29.015903024934232,-12.684343341272324
666,-15.259364128112793,29.02104377746582,-15.259364128112793,6.54208633932285e-05,-0.00512488791719079,7.96381791587919e-05,0.00512592401355505,-15.2592987072494,29.01591888954863,-15.259284489933634
667,-12.684406280517578,29.02104377746582,-17.458587646484375,6.165173545014113e-05,-0.005114194471389055,9.053195390151814e-05,0.0051153674721717834,-12.684344628782128,29.01592958299443,-17.458497114530473
668,-9.797115325927734,29.02104377746582,-19.227920532226562,5.1970095228170976e-05,-0.005109775811433792,9.330573811894283e-05,0.005110892001539469,-9.797063355832506,29.015934001654387,-19.227827226488444
669,-6.6685872077941895,29.02104377746582,-20.523799896240234,3.959628156735562e-05,-0.005110297817736864,8.832691673887894e-05,0.005111214239150286,-6.668547611512622,29.015933479648083,-20.523711569323495
670,-3.3758559226989746,29.02104377746582,-21.314313888549805,2.7349718948244117e-05,-0.005113457329571247,7.744491449557245e-05,0.005114116705954075,-3.3758285729800264,29.01593032013625,-21.31423644363531
671,-0.0,29.02104377746582,-21.579999923706055,1.708218769636005e-05,-0.005116596817970276,6.423047307180241e-05,0.00511702848598361,1.708218769636005e-05,29.01592718064785,-21.579935693232983
672,3.3758559226989746,29.02104377746582,-21.314313888549805,9.060804586624727e-06,-0.005117491818964481,5.2764680731343105e-05,0.005117771681398153,3.3758649835035612,29.015926285646856,-21.314261123869073
673,6.6685872077941895,29.02104377746582,-20.523799896240234,2.263618171127746e-06,-0.005115360487252474,4.485805402509868e-05,0.005115557927638292,6.668589471412361,29.015928416978568,-20.52375503818621
674,9.797115325927734,29.02104377746582,-19.227920532226562,-4.2647889131330885e-06,-0.005110705271363258,3.982593261753209e-05,0.005110862199217081,9.797111061138821,29.015933072194457,-19.227880706293945
675,12.684406280517578,29.02104377746582,-17.458587646484375,-1.0611895049805753e-05,-0.005104640033096075,3.587821629480459e-05,0.005104777403175831,12.684395668622528,29.015939137432724,-17.45855176826808
676,15.259364128112793,29.02104377746582,-15.259364128112793,-1.609201899555046e-05,-0.005098349880427122,3.143474896205589e-05,0.005098471883684397,15.259348036093797,29.015945427585393,-15.259332693363831
677,17.458587646484375,29.02104377746582,-12.684406280517578,-1.9889066606992856e-05,-0.005092746112495661,2.5846373318927363e-05,0.005092850420624018,17.458567757417768,29.015951031353325,-12.68438043414426
678,19.227920532226562,29.02104377746582,-9.797115325927734,-2.168746323150117e-05,-0.005088340491056442,1.936718399520032e-05,0.00508842384442687,19.22789884476333,29.015955436974764,-9.79709595874374
679,20.523799896240234,29.02104377746582,-6.6685872077941895,-2.190219129261095e-05,-0.005085292737931013,1.2646524737647269e-05,0.0050853556022048,20.52377799404894,29.01595848472789,-6.668574561269452
680,21.314313888549805,29.02104377746582,-3.3758559226989746,-2.1436591850942932e-05,-0.0050835441797971725,6.174470854602987e-06,0.00508359307423234,21.314292451957954,29.015960233286023,-3.37584974822812
681,22.829999923706055,31.04561424255371,0.0,9.394519292982295e-05,-0.005176514387130737,5.923746681812817e-20,0.0051773665472865105,22.830093868898985,31.04043772816658,5.923746681812817e-20
682,22.548925399780273,31.04561424255371,3.571398973464966,9.244598913937807e-05,-0.005177222192287445,1.2363964742689859e-05,0.005178062245249748,22.549017845769413,31.040437020361423,3.5714113374297085
683,21.71261978149414,31.04561424255371,7.054858207702637,8.825544500723481e-05,-0.005179340485483408,2.404063707217574e-05,0.005180148407816887,21.712708036939148,31.040434902068228,7.054882248339709
684,20.341678619384766,31.04561424255371,10.364603042602539,8.213149703806266e-05,-0.005182824097573757,3.461891901679337e-05,0.005183590576052666,20.341760750881804,31.040431418456137,10.364637661521556
685,18.469858169555664,31.04561424255371,13.419137001037598,7.488872506655753e-05,-0.005187510512769222,4.402834747452289e-05,0.005188237875699997,18.46993305828073,31.04042673204094,13.419181029385072
686,16.143247604370117,31.04561424255371,16.143247604370117,6.700614176224917e-05,-0.00519303884357214,5.231076283962466e-05,0.0051937345415353775,16.14331461051188,31.04042120371014,16.143299915132957
687,13.419137001037598,31.04561424255371,18.469858169555664,5.848089131177403e-05,-0.005198801402002573,5.920238254475407e-05,0.005199467297643423,13.41919548192891,31.04041544115171,18.46991737193821
688,10.364603042602539,31.04561424255371,20.341678619384766,4.903210356133059e-05,-0.005203941371291876,6.376454985002056e-05,0.005204563029110432,10.3646520747061,31.04041030118242,20.341742383934616
689,7.054858207702637,31.04561424255371,21.71261978149414,3.8590584154007956e-05,-0.005207415204495192,6.434023816836998e-05,0.005207955837249756,7.054896798286791,31.040406827349216,21.71268412173231
690,3.571398973464966,31.04561424255371,22.548925399780273,2.780526119749993e-05,-0.005208154208958149,5.9022313507739455e-05,0.005208562593907118,3.5714267787261633,31.040406088344753,22.54898442209378
691,0.0,31.04561424255371,22.829999923706055,1.8216733224107884e-05,-0.005205380264669657,4.661570710595697e-05,0.005205621011555195,1.8216733224107884e-05,31.04040886228904,22.83004653941316
692,-3.571398973464966,31.04561424255371,22.548925399780273,1.1751102647394873e-05,-0.005199294071644545,2.8060700060450472e-05,0.00519938301295042,-3.5713872223623184,31.040414948482066,22.548953460480334
693,-7.054858207702637,31.04561424255371,21.71261978149414,9.284502993978094e-06,-0.0051918416284024715,7.296062904060818e-06,0.0051918551325798035,-7.054848923199643,31.04042240092531,21.712627077557045
694,-10.364603042602539,31.04561424255371,20.341678619384766,9.26270877243951e-06,-0.0051866937428712845,-1.004766090773046e-05,0.0051867119036614895,-10.364593779893767,31.04042754881084,20.341668571723858
695,-13.419137001037598,31.04561424255371,18.469858169555664,7.235038992803311e-06,-0.00518873380497098,-1.8375458239461295e-05,0.005188771523535252,-13.419129765998605,31.04042550874874,18.469839794097425
696,-16.143247604370117,31.04561424255371,16.143247604370117,-2.6547452307568165e-06,-0.00520135136321187,-1.5506519048358314e-05,0.005201375111937523,-16.143250259115348,31.0404128911905,16.14323209785107
697,-18.469858169555664,31.04561424255371,13.419137001037598,-2.2078973415773362e-05,-0.005222218111157417,-6.175474936753744e-06,0.0052222684025764465,-18.46988024852908,31.040392024442554,13.419130825562661
698,-20.341678619384766,31.04561424255371,10.364603042602539,-4.664910738938488e-05,-0.005244993604719639,2.49621507464326e-06,0.005245201289653778,-20.341725268492155,31.04036924894899,10.364605538817614
699,-21.71261978149414,31.04561424255371,7.054858207702637,-7.024453952908516e-05,-0.005264324136078358,6.449535248975735e-06,0.005264796782284975,-21.71269002603367,31.040349918417633,7.054864657237886
700,-22.548925399780273,31.04561424255371,3.571398973464966,-8.708985114935786e-05,-0.005276936572045088,4.951279152010102e-06,0.00527765741571784,-22.549012489631423,31.040337305981666,3.571403924744118
701,-22.829999923706055,31.04561424255371,0.0,-9.312354086432606e-05,-0.005281253717839718,2.5968976024523726e-19,0.005282074678689241,-22.83009304724692,31.04033298883587,2.5968976024523726e-19
702,-22.548925399780273,31.04561424255371,-3.571398973464966,-8.708985114935786e-05,-0.005276936572045088,-4.951279152010102e-06,0.00527765741571784,-22.549012489631423,31.040337305981666,-3.571403924744118
703,-21.71261978149414,31.04561424255371,-7.054858207702637,-7.024453952908516e-05,-0.005264324136078358,-6.449535248975735e-06,0.005264796782284975,-21.71269002603367,31.040349918417633,-7.054864657237886
704,-20.341678619384766,31.04561424255371,-10.364603042602539,-4.664910738938488e-05,-0.005244993604719639,-2.49621507464326e-06,0.005245201289653778,-20.341725268492155,31.04036924894899,-10.364605538817614
705,-18.469858169555664,31.04561424255371,-13.419137001037598,-2.2078973415773362e-05,-0.005222218111157417,6.175474936753744e-06,0.0052222684025764465,-18.46988024852908,31.040392024442554,-13.419130825562661
706,-16.143247604370117,31.04561424255371,-16.143247604370117,-2.6547452307568165e-06,-0.00520135136321187,1.5506519048358314e-05,0.005201375111937523,-16.143250259115348,31.0404128911905,-16.14323209785107
707,-13.419137001037598,31.04561424255371,-18.469858169555664,7.235038992803311e-06,-0.00518873380497098,1.8375458239461295e-05,0.005188771523535252,-13.419129765998605,31.04042550874874,-18.469839794097425
708,-10.364603042602539,31.04561424255371,-20.341678619384766,9.26270877243951e-06,-0.0051866937428712845,1.004766090773046e-05,0.0051867119036614895,-10.364593779893767,31.04042754881084,-20.341668571723858
709,-7.054858207702637,31.04561424255371,-21.71261978149414,9.284502993978094e-06,-0.0051918416284024715,-7.296062904060818e-06,0.0051918551325798035,-7.054848923199643,31.04042240092531,-21.712627077557045
710,-3.571398973464966,31.04561424255371,-22.548925399780273,1.1751102647394873e-05,-0.005199294071644545,-2.8060700060450472e-05,0.00519938301295042,-3.5713872223623184,31.040414948482066,-22.548953460480334
711,-0.0,31.04561424255371,-22.829999923706055,1.8216733224107884e-05,-0.005205380264669657,-4.661570710595697e-05,0.005205621011555195,1.8216733224107884e-05,31.04040886228904,-22.83004653941316
712,3.571398973464966,31.04561424255371,-22.548925399780273,2.780526119749993e-05,-0.005208154208958149,-5.9022313507739455e-05,0.005208562593907118,3.5714267787261633,31.040406088344753,-22.54898442209378
713,7.054858207702637,31.04561424255371,-21.71261978149414,3.8590584154007956e-05,-0.005207415204495192,-6.434023816836998e-05,0.005207955837249756,7.054896798286791,31.040406827349216,-21.71268412173231
714,10.364603042602539,31.04561424255371,-20.341678619384766,4.903210356133059e-05,-0.005203941371291876,-6.376454985002056e-05,0.005204563029110432,10.3646520747061,31.04041030118242,-20.341742383934616
715,13.419137001037598,31.04561424255371,-18.469858169555664,5.848089131177403e-05,-0.005198801402002573,-5.920238254475407e-05,0.005199467297643423,13.41919548192891,31.04041544115171,-18.46991737193821
716,16.143247604370117,31.04561424255371,-16.143247604370117,6.700614176224917e-05,-0.00519303884357214,-5.231076283962466e-05,0.0051937345415353775,16.14331461051188,31.04042120371014,-16.143299915132957
717,18.469858169555664,31.04561424255371,-13.419137001037598,7.488872506655753e-05,-0.005187510512769222,-4.402834747452289e-05,0.005188237875699997,18.46993305828073,31.04042673204094,-13.419181029385072
718,20.341678619384766,31.04561424255371,-10.364603042602539,8.213149703806266e-05,-0.005182824097573757,-3.461891901679337e-05,0.005183590576052666,20.341760750881804,31.040431418456137,-10.364637661521556
719,21.71261978149414,31.04561424255371,-7.054858207702637,8.825544500723481e-05,-0.005179340485483408,-2.404063707217574e-05,0.005180148407816887,21.712708036939148,31.040434902068228,-7.054882248339709
720,22.548925399780273,31.04561424255371,-3.571398973464966,9.244598913937807e-05,-0.005177222192287445,-1.2363964742689859e-05,0.005178062245249748,22.549017845769413,31.040437020361423,-3.5714113374297085
721,24.079999923706055,33.070186614990234,0.0,0.0002447846927680075,-0.0052895620465278625,3.235110096537368e-19,0.005295223090797663,24.080244708398823,33.06489705294371,3.235110096537368e-19
722,23.78353500366211,33.070186614990234,3.766942024230957,0.00024168359232135117,-0.00529046356678009,3.660452421172522e-05,0.0052961078472435474,23.78377668725443,33.064896151423454,3.7669786287551688
723,22.90144157409668,33.070186614990234,7.441129207611084,0.00023257918655872345,-0.005293067079037428,7.20452080713585e-05,0.005298664327710867,22.90167415328324,33.0648935479112,7.441201252819155
724,21.45543670654297,33.070186614990234,10.932090759277344,0.00021798102534376085,-0.005297068040817976,0.00010527810809435323,0.0053025963716208935,21.455654687568313,33.064889546949416,10.932196037385438
725,19.481128692626953,33.070186614990234,14.153868675231934,0.00019851313845720142,-0.00530196214094758,0.0001353883126284927,0.005307404324412346,19.48132720576541,33.06488465284929,14.154004063544562
726,17.027130126953125,33.070186614990234,17.027130126953125,0.00017476217180956155,-0.005307091865688562,0.00016147240239661187,0.005312423221766949,17.027304889124935,33.064879523124546,17.02729159935552
727,14.153868675231934,33.070186614990234,19.481128692626953,0.00014727155212312937,-0.005311726592481136,0.00018247855769004673,0.005316900089383125,14.154015946784057,33.06487488839775,19.481311171184643
728,10.932090759277344,33.070186614990234,21.45543670654297,0.00011668544902931899,-0.005315135233104229,0.00019710807828232646,0.005320068448781967,10.932207444726373,33.06487147975713,21.45563381462125
729,7.441129207611084,33.070186614990234,22.90144157409668,8.397237252211198e-05,-0.005316609516739845,0.0002038681268459186,0.005321179516613483,7.441213179983606,33.064870005473495,22.901645442223526
730,3.766942024230957,33.070186614990234,23.78353500366211,5.062354830442928e-05,-0.0053154462948441505,0.00020130597113166004,0.005319497548043728,3.7669926477792615,33.06487116869539,23.78373630963324
731,0.0,33.070186614990234,24.079999923706055,1.870389678515494e-05,-0.00531097874045372,0.00018845901649910957,0.005314354319125414,1.870389678515494e-05,33.06487563624978,24.080188382722554
732,-3.766942024230957,33.070186614990234,23.78353500366211,-9.438758752366994e-06,-0.00530307088047266,0.0001658320106798783,0.005305671598762274,-3.7669514629897094,33.06488354410976,23.78370083567279
733,-7.441129207611084,33.070186614990234,22.90144157409668,-3.2269857911160216e-05,-0.005293148569762707,0.00013666789163835347,0.00529501074925065,-7.441161477468995,33.06489346642047,22.901578241988318
734,-10.932090759277344,33.070186614990234,21.45543670654297,-5.085338489152491e-05,-0.0052850497886538506,0.00010717193072196096,0.005286381114274263,-10.932141612662235,33.06490156520158,21.45554387847369
735,-14.153868675231934,33.070186614990234,19.481128692626953,-7.04574995324947e-05,-0.005285349674522877,8.529979095328599e-05,0.005286507308483124,-14.153939132731466,33.06490126531571,19.481213992417906
736,-17.027130126953125,33.070186614990234,17.027130126953125,-9.81303455773741e-05,-0.005299170035868883,7.500344509026036e-05,0.005300609394907951,-17.027228257298702,33.064887444954365,17.027205130398215
737,-19.481128692626953,33.070186614990234,14.153868675231934,-0.00013456250599119812,-0.005323094315826893,7.05609199940227e-05,0.005325262434780598,-19.481263255132944,33.06486352067441,14.153939236151928
738,-21.45543670654297,33.070186614990234,10.932090759277344,-0.00017256122373510152,-0.00534809147939086,6.28256457275711e-05,0.005351243540644646,-21.455609267766704,33.06483852351084,10.932153584923071
739,-22.90144157409668,33.070186614990234,7.441129207611084,-0.00020435944315977395,-0.005367855541408062,4.764723780681379e-05,0.005371955223381519,-22.90164593353984,33.064818759448826,7.441176854848891
740,-23.78353500366211,33.070186614990234,3.766942024230957,-0.0002249866520287469,-0.005379966460168362,2.570576725702267e-05,0.00538473017513752,-23.783759990314138,33.064806648530066,3.766967729998214
741,-24.079999923706055,33.070186614990234,0.0,-0.00023203833552543074,-0.005383958574384451,2.5700374969991273e-19,0.005388956516981125,-24.08023196204158,33.06480265641585,2.5700374969991273e-19
742,-23.78353500366211,33.070186614990234,-3.766942024230957,-0.0002249866520287469,-0.005379966460168362,-2.570576725702267e-05,0.00538473017513752,-23.783759990314138,33.064806648530066,-3.766967729998214
743,-22.90144157409668,33.070186614990234,-7.441129207611084,-0.00020435944315977395,-0.005367855541408062,-4.764723780681379e-05,0.005371955223381519,-22.90164593353984,33.064818759448826,-7.441176854848891
744,-21.45543670654297,33.070186614990234,-10.932090759277344,-0.00017256122373510152,-0.00534809147939086,-6.28256457275711e-05,0.005351243540644646,-21.455609267766704,33.06483852351084,-10.932153584923071
745,-19.481128692626953,33.070186614990234,-14.153868675231934,-0.00013456250599119812,-0.005323094315826893,-7.05609199940227e-05,0.005325262434780598,-19.481263255132944,33.06486352067441,-14.153939236151928
746,-17.027130126953125,33.070186614990234,-17.027130126953125,-9.81303455773741e-05,-0.005299170035868883,-7.500344509026036e-05,0.005300609394907951,-17.027228257298702,33.064887444954365,-17.027205130398215
747,-14.153868675231934,33.070186614990234,-19.481128692626953,-7.04574995324947e-05,-0.005285349674522877,-8.529979095328599e-05,0.005286507308483124,-14.153939132731466,33.06490126531571,-19.481213992417906
748,-10.932090759277344,33.070186614990234,-21.45543670654297,-5.085338489152491e-05,-0.0052850497886538506,-0.00010717193072196096,0.005286381114274263,-10.932141612662235,33.06490156520158,-21.45554387847369
749,-7.441129207611084,33.070186614990234,-22.90144157409668,-3.2269857911160216e-05,-0.005293148569762707,-0.00013666789163835347,0.00529501074925065,-7.441161477468995,33.06489346642047,-22.901578241988318
750,-3.766942024230957,33.070186614990234,-23.78353500366211,-9.438758752366994e-06,-0.00530307088047266,-0.0001658320106798783,0.005305671598762274,-3.7669514629897094,33.06488354410976,-23.78370083567279
751,-0.0,33.070186614990234,-24.079999923706055,1.870389678515494e-05,-0.00531097874045372,-0.00018845901649910957,0.005314354319125414,1.870389678515494e-05,33.06487563624978,-24.080188382722554
752,3.766942024230957,33.070186614990234,-23.78353500366211,5.062354830442928e-05,-0.0053154462948441505,-0.00020130597113166004,0.005319497548043728,3.7669926477792615,33.06487116869539,-23.78373630963324
753,7.441129207611084,33.070186614990234,-22.90144157409668,8.397237252211198e-05,-0.005316609516739845,-0.0002038681268459186,0.005321179516613483,7.441213179983606,33.064870005473495,-22.901645442223526
754,10.932090759277344,33.070186614990234,-21.45543670654297,0.00011668544902931899,-0.005315135233104229,-0.00019710807828232646,0.005320068448781967,10.932207444726373,33.06487147975713,-21.45563381462125
755,14.153868675231934,33.070186614990234,-19.481128692626953,0.00014727155212312937,-0.005311726592481136,-0.00018247855769004673,0.005316900089383125,14.154015946784057,33.06487488839775,-19.481311171184643
756,17.027130126953125,33.070186614990234,-17.027130126953125,0.00017476217180956155,-0.005307091865688562,-0.00016147240239661187,0.005312423221766949,17.027304889124935,33.064879523124546,-17.02729159935552
757,19.481128692626953,33.070186614990234,-14.153868675231934,0.00019851313845720142,-0.00530196214094758,-0.0001353883126284927,0.005307404324412346,19.48132720576541,33.06488465284929,-14.154004063544562
758,21.45543670654297,33.070186614990234,-10.932090759277344,0.00021798102534376085,-0.005297068040817976,-0.00010527810809435323,0.0053025963716208935,21.455654687568313,33.064889546949416,-10.932196037385438
759,22.90144157409668,33.070186614990234,-7.441129207611084,0.00023257918655872345,-0.005293067079037428,-7.20452080713585e-05,0.005298664327710867,22.90167415328324,33.0648935479112,-7.441201252819155
760,23.78353500366211,33.070186614990234,-3.766942024230957,0.00024168359232135117,-0.00529046356678009,-3.660452421172522e-05,0.0052961078472435474,23.78377668725443,33.064896151423454,-3.7669786287551688
761,25.739999771118164,34.78349685668945,0.0,0.0004575216444209218,-0.005516083911061287,7.840831455458225e-20,0.005535025615245104,25.740457292762585,34.77798077277839,7.840831455458225e-20
762,25.423097610473633,34.78349685668945,4.026622772216797,0.0004519531794358045,-0.005517208017408848,7.056124013615772e-05,0.005536138080060482,25.42354956365307,34.777979648672044,4.026693333456933
763,24.480194091796875,34.78349685668945,7.954096794128418,0.00043537342571653426,-0.005520329810678959,0.00013914791634306312,0.005539219360798597,24.48062946522259,34.777976526878774,7.954235942044761
764,22.934507369995117,34.78349685668945,11.685714721679688,0.00040814359090290964,-0.005524741020053625,0.00020377890905365348,0.00554354302585125,22.93491551358602,34.7779721156694,11.685918500588741
765,20.8240966796875,34.78349685668945,15.129591941833496,0.0003708543081302196,-0.005529421381652355,0.00026244125911034644,0.005548054352402687,20.82446753399563,34.7779674353078,15.129854383092606
766,18.200929641723633,34.78349685668945,18.200929641723633,0.00032439077040180564,-0.005533283576369286,0.0003130895202048123,0.005551619455218315,18.201254032494035,34.777963573113084,18.201242731243838
767,15.129591941833496,34.78349685668945,20.8240966796875,0.00027004393632523715,-0.005535436794161797,0.0003537220472935587,0.005553296767175198,15.129861985769821,34.77796141989529,20.824450401734794
768,11.685714721679688,34.78349685668945,22.934507369995117,0.00020958611276000738,-0.0055353641510009766,0.0003825328021775931,0.0055525233037769794,11.685924307792448,34.77796149253845,22.934889902797295
769,7.954096794128418,34.78349685668945,24.480194091796875,0.00014526498853228986,-0.005532922688871622,0.0003980868496000767,0.005549126770347357,7.95424205911695,34.77796393400058,24.480592178646475
770,4.026622772216797,34.78349685668945,25.423097610473633,7.970442675286904e-05,-0.005528145469725132,0.0003994391008745879,0.005543130449950695,4.02670247664355,34.77796871121973,25.423497049574507
771,0.0,34.78349685668945,25.739999771118164,1.5783907656441443e-05,-0.005521001294255257,0.00038626734749414027,0.0055345194414258,1.5783907656441443e-05,34.7779758553952,25.740386038465658
772,-4.026622772216797,34.78349685668945,25.423097610473633,-4.357121724751778e-05,-0.005511611234396696,0.0003594759909901768,0.005523493513464928,-4.026666343434044,34.777985245455056,25.423457086464623
773,-7.954096794128418,34.78349685668945,24.480194091796875,-9.611966379452497e-05,-0.0055007776245474815,0.00032195329549722373,0.005511029623448849,-7.9541929137922125,34.777996079064906,24.480516045092372
774,-11.685714721679688,34.78349685668945,22.934507369995117,-0.0001418152533005923,-0.005491103511303663,0.0002792955201584846,0.005500030238181353,-11.685856536932988,34.77800575317815,22.934786665515276
775,-15.129591941833496,34.78349685668945,20.8240966796875,-0.00018547865329310298,-0.005489736329764128,0.00024063560704234987,0.005498137325048447,-15.12977742048679,34.77800712035969,20.824337315294542
776,-18.200929641723633,34.78349685668945,18.200929641723633,-0.00023517149384133518,-0.005503659602254629,0.00021154365094844252,0.005512741860002279,-18.201164813217474,34.7779931970872,18.20114118537458
777,-20.8240966796875,34.78349685668945,15.129591941833496,-0.0002911996853072196,-0.0055283475667238235,0.000185253462404944,0.005539110396057367,-20.824387879372807,34.77796850912273,15.129777195295901
778,-22.934507369995117,34.78349685668945,11.685714721679688,-0.0003440302098169923,-0.005552313756197691,0.00015157682355493307,0.0055650267750024796,-22.934851400204934,34.777944542933255,11.685866298503242
779,-24.480194091796875,34.78349685668945,7.954096794128418,-0.0003853438829537481,-0.005569733213633299,0.0001076968910638243,0.005584086291491985,-24.48057943567983,34.77792712347582,7.954204491019482
780,-25.423097610473633,34.78349685668945,4.026622772216797,-0.0004112723981961608,-0.005579945165663958,5.59120271645952e-05,0.005595360416918993,-25.42350888287183,34.77791691152379,4.0266786842439615
781,-25.739999771118164,34.78349685668945,0.0,-0.0004200471448712051,-0.00558325182646513,3.1390811482624387e-19,0.005599030293524265,-25.740419818263035,34.77791360486299,3.1390811482624387e-19
782,-25.423097610473633,34.78349685668945,-4.026622772216797,-0.0004112723981961608,-0.005579945165663958,-5.59120271645952e-05,0.005595360416918993,-25.42350888287183,34.77791691152379,-4.0266786842439615
783,-24.480194091796875,34.78349685668945,-7.954096794128418,-0.0003853438829537481,-0.005569733213633299,-0.0001076968910638243,0.005584086291491985,-24.48057943567983,34.77792712347582,-7.954204491019482
784,-22.934507369995117,34.78349685668945,-11.685714721679688,-0.0003440302098169923,-0.005552313756197691,-0.00015157682355493307,0.0055650267750024796,-22.934851400204934,34.777944542933255,-11.685866298503242
785,-20.8240966796875,34.78349685668945,-15.129591941833496,-0.0002911996853072196,-0.0055283475667238235,-0.000185253462404944,0.005539110396057367,-20.824387879372807,34.77796850912273,-15.129777195295901
786,-18.200929641723633,34.78349685668945,-18.200929641723633,-0.00023517149384133518,-0.005503659602254629,-0.00021154365094844252,0.005512741860002279,-18.201164813217474,34.7779931970872,-18.20114118537458
787,-15.129591941833496,34.78349685668945,-20.8240966796875,-0.00018547865329310298,-0.005489736329764128,-0.00024063560704234987,0.005498137325048447,-15.12977742048679,34.77800712035969,-20.824337315294542
788,-11.685714721679688,34.78349685668945,-22.934507369995117,-0.0001418152533005923,-0.005491103511303663,-0.0002792955201584846,0.005500030238181353,-11.685856536932988,34.77800575317815,-22.934786665515276
789,-7.954096794128418,34.78349685668945,-24.480194091796875,-9.611966379452497e-05,-0.0055007776245474815,-0.00032195329549722373,0.005511029623448849,-7.9541929137922125,34.777996079064906,-24.480516045092372
790,-4.026622772216797,34.78349685668945,-25.423097610473633,-4.357121724751778e-05,-0.005511611234396696,-0.0003594759909901768,0.005523493513464928,-4.026666343434044,34.777985245455056,-25.423457086464623
791,-0.0,34.78349685668945,-25.739999771118164,1.5783907656441443e-05,-0.005521001294255257,-0.00038626734749414027,0.0055345194414258,1.5783907656441443e-05,34.7779758553952,-25.740386038465658
792,4.026622772216797,34.78349685668945,-25.423097610473633,7.970442675286904e-05,-0.005528145469725132,-0.0003994391008745879,0.005543130449950695,4.02670247664355,34.77796871121973,-25.423497049574507
793,7.954096794128418,34.78349685668945,-24.480194091796875,0.00014526498853228986,-0.005532922688871622,-0.0003980868496000767,0.005549126770347357,7.95424205911695,34.77796393400058,-24.480592178646475
794,11.685714721679688,34.78349685668945,-22.934507369995117,0.00020958611276000738,-0.0055353641510009766,-0.0003825328021775931,0.0055525233037769794,11.685924307792448,34.77796149253845,-22.934889902797295
795,15.129591941833496,34.78349685668945,-20.8240966796875,0.00027004393632523715,-0.005535436794161797,-0.0003537220472935587,0.005553296767175198,15.129861985769821,34.77796141989529,-20.824450401734794
796,18.200929641723633,34.78349685668945,-18.200929641723633,0.00032439077040180564,-0.005533283576369286,-0.0003130895202048123,0.005551619455218315,18.201254032494035,34.777963573113084,-18.201242731243838
797,20.8240966796875,34.78349685668945,-15.129591941833496,0.0003708543081302196,-0.005529421381652355,-0.00026244125911034644,0.005548054352402687,20.82446753399563,34.7779674353078,-15.129854383092606
798,22.934507369995117,34.78349685668945,-11.685714721679688,0.00040814359090290964,-0.005524741020053625,-0.00020377890905365348,0.00554354302585125,22.93491551358602,34.7779721156694,-11.685918500588741
799,24.480194091796875,34.78349685668945,-7.954096794128418,0.00043537342571653426,-0.005520329810678959,-0.00013914791634306312,0.005539219360798597,24.48062946522259,34.777976526878774,-7.954235942044761
800,25.423097610473633,34.78349685668945,-4.026622772216797,0.0004519531794358045,-0.005517208017408848,-7.056124013615772e-05,0.005536138080060482,25.42354956365307,34.777979648672044,-4.026693333456933
801,27.399999618530273,36.49680709838867,0.0,0.0007537640049122274,-0.005820611957460642,5.994540676044227e-19,0.005869215354323387,27.400753382535186,36.49098648643121,5.994540676044227e-19
802,27.062660217285156,36.49680709838867,4.286303997039795,0.0007445967639796436,-0.005821888335049152,0.00011775374878197908,0.005870491731911898,27.063404814049136,36.49098521005362,4.286421750788577
803,26.058948516845703,36.49680709838867,8.467065811157227,0.0007171798497438431,-0.005825309548527002,0.00023231162049341947,0.005873886868357658,26.059665696695447,36.490981788840145,8.46729812277772
804,24.4135799407959,36.49680709838867,12.439339637756348,0.0006718322401866317,-0.00582975335419178,0.0003403524460736662,0.005878198891878128,24.414251773036085,36.49097734503448,12.439679990202421
805,22.16706657409668,36.49680709838867,16.105316162109375,0.000609298818744719,-0.0058336760848760605,0.0004383897758089006,0.0058817691169679165,22.167675872915424,36.490973422303796,16.105754551885184
806,19.374725341796875,36.49680709838867,19.374725341796875,0.0005310338456183672,-0.005835570394992828,0.0005229145172052085,0.005882968660444021,19.375256375642493,36.49097152799368,19.37524825631408
807,16.105316162109375,36.49680709838867,22.16706657409668,0.00043940459727309644,-0.00583440950140357,0.0005907294689677656,0.0058806780725717545,16.105755566706648,36.49097268888727,22.167657303565647
808,12.439339637756348,36.49680709838867,24.4135799407959,0.00033767372951842844,-0.005829916335642338,0.0006393524236045778,0.005874582566320896,12.439677311485866,36.49097718205303,24.414219293219503
809,8.467065811157227,36.49680709838867,26.058948516845703,0.0002297429455211386,-0.005822556558996439,0.0006673327297903597,0.005865175276994705,8.467295554102748,36.490984541829675,26.059615849575493
810,4.286303997039795,36.49680709838867,27.062660217285156,0.00011973594519076869,-0.005813175346702337,0.0006742668920196593,0.0058533730916678905,4.286423732984986,36.49099392304197,27.063334484177176
811,0.0,36.49680709838867,27.399999618530273,1.1672778782667592e-05,-0.005802580621093512,0.000660708115901798,0.005840086378157139,1.1672778782667592e-05,36.49100451776758,27.400660326646175
812,-4.286303997039795,36.49680709838867,27.062660217285156,-9.078638686332852e-05,-0.0057914345525205135,0.0006283308612182736,0.005826127249747515,-4.286394783426658,36.49101566383615,27.063288548146375
813,-8.467065811157227,36.49680709838867,26.058948516845703,-0.00018467406334821135,-0.00577998161315918,0.0005798019119538367,0.005811924580484629,-8.467250485220575,36.49102711677551,26.059528318757657
814,-12.439339637756348,36.49680709838867,24.4135799407959,-0.00026853405870497227,-0.005769200623035431,0.0005197349237278104,0.0057987854816019535,-12.439608171815053,36.491037897765636,24.414099675719626
815,-16.105316162109375,36.49680709838867,22.16706657409668,-0.0003462331078480929,-0.005766128655523062,0.0004579216183628887,0.0057946364395320415,-16.105662395217223,36.49104096973315,22.167524495715043
816,-19.374725341796875,36.49680709838867,19.374725341796875,-0.0004263491719029844,-0.005779341794550419,0.0004016669117845595,0.005808950401842594,-19.375151690968778,36.49102775659412,19.37512700870866
817,-22.16706657409668,36.49680709838867,16.105316162109375,-0.0005083936848677695,-0.005803372245281935,0.00034375968971289694,0.005835731979459524,-22.167574967781547,36.49100372614339,16.105659921799088
818,-24.4135799407959,36.49680709838867,12.439339637756348,-0.0005807015113532543,-0.0058248089626431465,0.0002735373273026198,0.005860071163624525,-24.41416064230725,36.49098228942603,12.43961317508365
819,-26.058948516845703,36.49680709838867,8.467065811157227,-0.000634937547147274,-0.005838919430971146,0.00019004149362444878,0.0058764140121638775,-26.05958345439285,36.4909681789577,8.467255852650851
820,-27.062660217285156,36.49680709838867,4.286303997039795,-0.0006684362888336182,-0.0058468664065003395,9.735858475323766e-05,0.005885756574571133,-27.06332865357399,36.49096023198217,4.286401355624548
821,-27.399999618530273,36.49680709838867,0.0,-0.0006797616952098906,-0.005849429406225681,4.907490934300008e-19,0.005888794083148241,-27.400679380225483,36.490957668982446,4.907490934300008e-19
822,-27.062660217285156,36.49680709838867,-4.286303997039795,-0.0006684362888336182,-0.0058468664065003395,-9.735858475323766e-05,0.005885756574571133,-27.06332865357399,36.49096023198217,-4.286401355624548
823,-26.058948516845703,36.49680709838867,-8.467065811157227,-0.000634937547147274,-0.005838919430971146,-0.00019004149362444878,0.0058764140121638775,-26.05958345439285,36.4909681789577,-8.467255852650851
824,-24.4135799407959,36.49680709838867,-12.439339637756348,-0.0005807015113532543,-0.0058248089626431465,-0.0002735373273026198,0.005860071163624525,-24.41416064230725,36.49098228942603,-12.43961317508365
825,-22.16706657409668,36.49680709838867,-16.105316162109375,-0.0005083936848677695,-0.005803372245281935,-0.00034375968971289694,0.005835731979459524,-22.167574967781547,36.49100372614339,-16.105659921799088
826,-19.374725341796875,36.49680709838867,-19.374725341796875,-0.0004263491719029844,-0.005779341794550419,-0.0004016669117845595,0.005808950401842594,-19.375151690968778,36.49102775659412,-19.37512700870866
827,-16.105316162109375,36.49680709838867,-22.16706657409668,-0.0003462331078480929,-0.005766128655523062,-0.0004579216183628887,0.0057946364395320415,-16.105662395217223,36.49104096973315,-22.167524495715043
828,-12.439339637756348,36.49680709838867,-24.4135799407959,-0.00026853405870497227,-0.005769200623035431,-0.0005197349237278104,0.0057987854816019535,-12.439608171815053,36.491037897765636,-24.414099675719626
829,-8.467065811157227,36.49680709838867,-26.058948516845703,-0.00018467406334821135,-0.00577998161315918,-0.0005798019119538367,0.005811924580484629,-8.467250485220575,36.49102711677551,-26.059528318757657
830,-4.286303997039795,36.49680709838867,-27.062660217285156,-9.078638686332852e-05,-0.0057914345525205135,-0.0006283308612182736,0.005826127249747515,-4.286394783426658,36.49101566383615,-27.063288548146375
831,-0.0,36.49680709838867,-27.399999618530273,1.1672778782667592e-05,-0.005802580621093512,-0.000660708115901798,0.005840086378157139,1.1672778782667592e-05,36.49100451776758,-27.400660326646175
832,4.286303997039795,36.49680709838867,-27.062660217285156,0.00011973594519076869,-0.005813175346702337,-0.0006742668920196593,0.0058533730916678905,4.286423732984986,36.49099392304197,-27.063334484177176
833,8.467065811157227,36.49680709838867,-26.058948516845703,0.0002297429455211386,-0.005822556558996439,-0.0006673327297903597,0.005865175276994705,8.467295554102748,36.490984541829675,-26.059615849575493
834,12.439339637756348,36.49680709838867,-24.4135799407959,0.00033767372951842844,-0.005829916335642338,-0.0006393524236045778,0.005874582566320896,12.439677311485866,36.49097718205303,-24.414219293219503
835,16.105316162109375,36.49680709838867,-22.16706657409668,0.00043940459727309644,-0.00583440950140357,-0.0005907294689677656,0.0058806780725717545,16.105755566706648,36.49097268888727,-22.167657303565647
836,19.374725341796875,36.49680709838867,-19.374725341796875,0.0005310338456183672,-0.005835570394992828,-0.0005229145172052085,0.005882968660444021,19.375256375642493,36.49097152799368,-19.37524825631408
837,22.16706657409668,36.49680709838867,-16.105316162109375,0.000609298818744719,-0.0058336760848760605,-0.0004383897758089006,0.0058817691169679165,22.167675872915424,36.490973422303796,-16.105754551885184
838,24.4135799407959,36.49680709838867,-12.439339637756348,0.0006718322401866317,-0.00582975335419178,-0.0003403524460736662,0.005878198891878128,24.414251773036085,36.49097734503448,-12.439679990202421
839,26.058948516845703,36.49680709838867,-8.467065811157227,0.0007171798497438431,-0.005825309548527002,-0.00023231162049341947,0.005873886868357658,26.059665696695447,36.490981788840145,-8.46729812277772
840,27.062660217285156,36.49680709838867,-4.286303997039795,0.0007445967639796436,-0.005821888335049152,-0.00011775374878197908,0.005870491731911898,27.063404814049136,36.49098521005362,-4.286421750788577
