node_label,x,y,z,ux,uy,uz,umag,scale_factor,scaled_x,scaled_y,scaled_z
1,39.29999923706055,0.0,0.0,0.0,0.0,0.0,0.0,2.999277883141043,39.29999923706055,0.0,0.0
2,38.8161506652832,0.0,6.147873878479004,0.0,0.0,0.0,0.0,2.999277883141043,38.8161506652832,0.0,6.147873878479004
3,37.376522064208984,0.0,12.144368171691895,0.0,0.0,0.0,0.0,2.999277883141043,37.376522064208984,0.0,12.144368171691895
4,35.01655578613281,0.0,17.841827392578125,0.0,0.0,0.0,0.0,2.999277883141043,35.01655578613281,0.0,17.841827392578125
5,31.794368743896484,0.0,23.099960327148438,0.0,0.0,0.0,0.0,2.999277883141043,31.794368743896484,0.0,23.099960327148438
6,27.789297103881836,0.0,27.789297103881836,0.0,0.0,0.0,0.0,2.999277883141043,27.789297103881836,0.0,27.789297103881836
7,23.099960327148438,0.0,31.794368743896484,0.0,0.0,0.0,0.0,2.999277883141043,23.099960327148438,0.0,31.794368743896484
8,17.841827392578125,0.0,35.01655578613281,0.0,0.0,0.0,0.0,2.999277883141043,17.841827392578125,0.0,35.01655578613281
9,12.144368171691895,0.0,37.376522064208984,0.0,0.0,0.0,0.0,2.999277883141043,12.144368171691895,0.0,37.376522064208984
10,6.147873878479004,0.0,38.8161506652832,0.0,0.0,0.0,0.0,2.999277883141043,6.147873878479004,0.0,38.8161506652832
11,0.0,0.0,39.29999923706055,0.0,0.0,0.0,0.0,2.999277883141043,0.0,0.0,39.29999923706055
12,-6.147873878479004,0.0,38.8161506652832,0.0,0.0,0.0,0.0,2.999277883141043,-6.147873878479004,0.0,38.8161506652832
13,-12.144368171691895,0.0,37.376522064208984,0.0,0.0,0.0,0.0,2.999277883141043,-12.144368171691895,0.0,37.376522064208984
14,-17.841827392578125,0.0,35.01655578613281,0.0,0.0,0.0,0.0,2.999277883141043,-17.841827392578125,0.0,35.01655578613281
15,-23.099960327148438,0.0,31.794368743896484,0.0,0.0,0.0,0.0,2.999277883141043,-23.099960327148438,0.0,31.794368743896484
16,-27.789297103881836,0.0,27.789297103881836,0.0,0.0,0.0,0.0,2.999277883141043,-27.789297103881836,0.0,27.789297103881836
17,-31.794368743896484,0.0,23.099960327148438,0.0,0.0,0.0,0.0,2.999277883141043,-31.794368743896484,0.0,23.099960327148438
18,-35.01655578613281,0.0,17.841827392578125,0.0,0.0,0.0,0.0,2.999277883141043,-35.01655578613281,0.0,17.841827392578125
19,-37.376522064208984,0.0,12.144368171691895,0.0,0.0,0.0,0.0,2.999277883141043,-37.376522064208984,0.0,12.144368171691895
20,-38.8161506652832,0.0,6.147873878479004,0.0,0.0,0.0,0.0,2.999277883141043,-38.8161506652832,0.0,6.147873878479004
21,-39.29999923706055,0.0,0.0,0.0,0.0,0.0,0.0,2.999277883141043,-39.29999923706055,0.0,0.0
22,-38.8161506652832,0.0,-6.147873878479004,0.0,0.0,0.0,0.0,2.999277883141043,-38.8161506652832,0.0,-6.147873878479004
23,-37.376522064208984,0.0,-12.144368171691895,0.0,0.0,0.0,0.0,2.999277883141043,-37.376522064208984,0.0,-12.144368171691895
24,-35.01655578613281,0.0,-17.841827392578125,0.0,0.0,0.0,0.0,2.999277883141043,-35.01655578613281,0.0,-17.841827392578125
25,-31.794368743896484,0.0,-23.099960327148438,0.0,0.0,0.0,0.0,2.999277883141043,-31.794368743896484,0.0,-23.099960327148438
26,-27.789297103881836,0.0,-27.789297103881836,0.0,0.0,0.0,0.0,2.999277883141043,-27.789297103881836,0.0,-27.789297103881836
27,-23.099960327148438,0.0,-31.794368743896484,0.0,0.0,0.0,0.0,2.999277883141043,-23.099960327148438,0.0,-31.794368743896484
28,-17.841827392578125,0.0,-35.01655578613281,0.0,0.0,0.0,0.0,2.999277883141043,-17.841827392578125,0.0,-35.01655578613281
29,-12.144368171691895,0.0,-37.376522064208984,0.0,0.0,0.0,0.0,2.999277883141043,-12.144368171691895,0.0,-37.376522064208984
30,-6.147873878479004,0.0,-38.8161506652832,0.0,0.0,0.0,0.0,2.999277883141043,-6.147873878479004,0.0,-38.8161506652832
31,-0.0,0.0,-39.29999923706055,0.0,0.0,0.0,0.0,2.999277883141043,0.0,0.0,-39.29999923706055
32,6.147873878479004,0.0,-38.8161506652832,0.0,0.0,0.0,0.0,2.999277883141043,6.147873878479004,0.0,-38.8161506652832
33,12.144368171691895,0.0,-37.376522064208984,0.0,0.0,0.0,0.0,2.999277883141043,12.144368171691895,0.0,-37.376522064208984
34,17.841827392578125,0.0,-35.01655578613281,0.0,0.0,0.0,0.0,2.999277883141043,17.841827392578125,0.0,-35.01655578613281
35,23.099960327148438,0.0,-31.794368743896484,0.0,0.0,0.0,0.0,2.999277883141043,23.099960327148438,0.0,-31.794368743896484
36,27.789297103881836,0.0,-27.789297103881836,0.0,0.0,0.0,0.0,2.999277883141043,27.789297103881836,0.0,-27.789297103881836
37,31.794368743896484,0.0,-23.099960327148438,0.0,0.0,0.0,0.0,2.999277883141043,31.794368743896484,0.0,-23.099960327148438
38,35.01655578613281,0.0,-17.841827392578125,0.0,0.0,0.0,0.0,2.999277883141043,35.01655578613281,0.0,-17.841827392578125
39,37.376522064208984,0.0,-12.144368171691895,0.0,0.0,0.0,0.0,2.999277883141043,37.376522064208984,0.0,-12.144368171691895
40,38.8161506652832,0.0,-6.147873878479004,0.0,0.0,0.0,0.0,2.999277883141043,38.8161506652832,0.0,-6.147873878479004
41,36.308837890625,1.7999999523162842,0.0,-0.00481364456936717,-0.005991258658468723,1.168818236640945e-10,0.00768546387553215,2.999277883141043,36.29440043293079,1.7820305027297616,3.5056106865691003e-10
42,35.861812591552734,1.7999999523162842,5.679953098297119,-0.0071544526144862175,-0.009991699829697609,-0.00013156728527974337,0.012289734557271004,2.999277883141043,35.84035440006013,1.770032068002088,5.679558491448235
43,34.53175354003906,1.7999999523162842,11.220046997070312,0.002052187453955412,0.002534119412302971,0.0015501955058425665,0.00361058721318841,2.999277883141043,34.53790862048177,1.807600480622843,11.22469646416553
44,32.351409912109375,1.7999999523162842,16.48386573791504,0.020008346065878868,0.030992280691862106,0.009205766022205353,0.038021065294742584,2.999277883141043,32.411420501943,1.8929544143434853,16.51147638834281
45,29.374465942382812,1.7999999523162842,21.341798782348633,0.00552016869187355,0.008900890126824379,0.001734951976686716,0.01061641052365303,2.999277883141043,29.391022462251556,1.8266961952139371,21.34700238544062
46,25.674224853515625,1.7999999523162842,25.674224853515625,-0.027804963290691376,-0.05452333018183708,-0.027033312246203423,0.06690821796655655,2.999277883141043,25.590830042076306,1.6364693339867038,25.59314443798754
47,21.341798782348633,1.7999999523162842,29.374465942382812,-0.014879840426146984,-0.03126172348856926,-0.015202056616544724,0.037812795490026474,2.999277883141043,21.297170006053822,1.7062373564681474,29.32887075019455
48,16.48386573791504,1.7999999523162842,32.351409912109375,0.02571597881615162,0.0801997259259224,0.05102290213108063,0.09847153723239899,2.999277883141043,16.560995104421647,2.0405412165198764,32.504441774004796
49,11.220046997070312,1.7999999523162842,34.53175354003906,0.018764641135931015,0.06797026097774506,0.04300332069396973,0.08259148895740509,2.999277883141043,11.27632737021439,2.0038616527781596,34.660732448698106
50,5.679953098297119,1.7999999523162842,35.861812591552734,-0.009911307133734226,-0.1043662503361702,-0.07387843728065491,0.12825198471546173,2.999277883141043,5.650226334017892,1.4869765659366474,35.64023062857584
51,0.0,1.7999999523162842,36.308837890625,-0.005880667828023434,-0.11977388709783554,-0.08307833224534988,0.14588479697704315,2.999277883141043,-0.01763775695468976,1.4407647817659137,36.059662886153276
52,-5.679953098297119,1.7999999523162842,35.861812591552734,-0.01753515936434269,0.12057778984308243,0.08461563289165497,0.14834517240524292,2.999277883141043,-5.732545913955946,2.16164625059067,36.11559838785266
53,-11.220046997070312,1.7999999523162842,34.53175354003906,-0.03296784684062004,0.18175001442432404,0.12270861119031906,0.22175967693328857,2.999277883141043,-11.318926730954166,2.345118750839725,34.89979076365314
54,-16.48386573791504,1.7999999523162842,32.351409912109375,0.04605912044644356,-0.12262286245822906,-0.07520252466201782,0.1510404795408249,2.999277883141043,-16.34572163664309,1.4322199129778717,32.12585664313421
55,-21.341798782348633,1.7999999523162842,29.374465942382812,0.09561938047409058,-0.24410390853881836,-0.14219596982002258,0.29824399948120117,2.999277883141043,-21.055009689293044,1.0678644982475223,28.94798071502983
56,-25.674224853515625,1.7999999523162842,25.674224853515625,-0.061070941388607025,0.10712958127260208,0.04743513464927673,0.13212303817272186,2.999277883141043,-25.857393577325077,2.1213113360573606,25.816496003753016
57,-29.374465942382812,1.7999999523162842,21.341798782348633,-0.16610082983970642,0.29685914516448975,0.12662774324417114,0.36297303438186646,2.999277883141043,-29.872648487692416,2.6903630208162945,21.72159057205294
58,-32.351409912109375,1.7999999523162842,16.48386573791504,0.05219961330294609,-0.07364679127931595,-0.013410345651209354,0.09126054495573044,2.999277883141043,-32.19484876642133,1.5791127600679271,16.44364438479809
59,-34.53175354003906,1.7999999523162842,11.220046997070312,0.2215358167886734,-0.332068532705307,-0.07471764832735062,0.40611615777015686,2.999277883141043,-33.86730606442121,0.8040341464861587,10.995948006961779
60,-35.861812591552734,1.7999999523162842,5.679953098297119,-0.02050364576280117,0.026268811896443367,-0.009776401333510876,0.03472791239619255,2.999277883141043,-35.92330872281286,1.878787418853679,5.6506309540008095
61,-36.308837890625,1.7999999523162842,0.0,-0.24250417947769165,0.3444119393825531,1.5183041490729465e-09,0.42122185230255127,2.999277883141043,-37.03617531270171,2.8329870647960895,4.55381605419577e-09
62,-35.861812591552734,1.7999999523162842,-5.679953098297119,-0.020503589883446693,0.02626873180270195,0.009776410646736622,0.03472782298922539,2.999277883141043,-35.92330855521515,1.8787871786302919,-5.6506309260678576
63,-34.53175354003906,1.7999999523162842,-11.220046997070312,0.2215358167886734,-0.3320685625076294,0.07471764832735062,0.40611621737480164,2.999277883141043,-33.86730606442121,0.8040340571007123,-10.995948006961779
64,-32.351409912109375,1.7999999523162842,-16.48386573791504,0.05219956859946251,-0.07364671677350998,0.013410321436822414,0.09126045554876328,2.999277883141043,-32.1948489004995,1.5791129835315432,-16.443644457423765
65,-29.374465942382812,1.7999999523162842,-21.341798782348633,-0.16610084474086761,0.29685917496681213,-0.12662775814533234,0.36297306418418884,2.999277883141043,-29.872648532385142,2.690363110201741,-21.72159061674566
66,-25.674224853515625,1.7999999523162842,-25.674224853515625,-0.06107091158628464,0.10712951421737671,-0.04743510112166405,0.1321229636669159,2.999277883141043,-25.857393487939632,2.121311134940106,-25.81649590319439
67,-21.341798782348633,1.7999999523162842,-29.374465942382812,0.09561939537525177,-0.24410393834114075,0.14219598472118378,0.29824402928352356,2.999277883141043,-21.05500964460032,1.067864408862076,-28.947980670337103
68,-16.48386573791504,1.7999999523162842,-32.351409912109375,0.046059105545282364,-0.12262281030416489,0.07520249485969543,0.15104041993618011,2.999277883141043,-16.345721681335814,1.4322200694024028,-32.125856732519665
69,-11.220046997070312,1.7999999523162842,-34.53175354003906,-0.03296785429120064,0.18175004422664642,-0.12270862609148026,0.22175970673561096,2.999277883141043,-11.318926753300527,2.3451188402251715,-34.89979080834586
70,-5.679953098297119,1.7999999523162842,-35.861812591552734,-0.01753515750169754,0.12057775259017944,-0.08461561053991318,0.14834512770175934,2.999277883141043,-5.732545908369356,2.161646138858862,-36.115598320813575
71,-0.0,1.7999999523162842,-36.308837890625,-0.005880667362362146,-0.11977391690015793,0.08307835459709167,0.14588484168052673,2.999277883141043,-0.01763775555804216,1.4407646923804673,-36.059662819114195
72,5.679953098297119,1.7999999523162842,-35.861812591552734,-0.009911303408443928,-0.1043662279844284,0.07387842237949371,0.12825195491313934,2.999277883141043,5.650226345191073,1.4869766329757321,-35.64023067326857
73,11.220046997070312,1.7999999523162842,-34.53175354003906,0.018764644861221313,0.06797028332948685,-0.04300333559513092,0.08259151130914688,2.999277883141043,11.27632738138757,2.0038617198172446,-34.66073249339083
74,16.48386573791504,1.7999999523162842,-32.351409912109375,0.02571597509086132,0.0801997184753418,-0.05102289840579033,0.09847152978181839,2.999277883141043,16.560995093248465,2.0405411941735148,-32.50444176283161
75,21.341798782348633,1.7999999523162842,-29.374465942382812,-0.014879846945405006,-0.031261738389730453,0.015202064998447895,0.037812814116477966,2.999277883141043,21.297169986500755,1.7062373117754244,-29.328870725054895
76,25.674224853515625,1.7999999523162842,-25.674224853515625,-0.027804961428046227,-0.05452332645654678,0.027033312246203423,0.06690821051597595,2.999277883141043,25.590830047662894,1.6364693451598846,-25.59314443798754
77,29.374465942382812,1.7999999523162842,-21.341798782348633,0.005520174279808998,0.0089009003713727,-0.0017349559348076582,0.010616421699523926,2.999277883141043,29.391022479011326,1.8266962259401842,-21.347002397312124
78,32.351409912109375,1.7999999523162842,-16.48386573791504,0.020008346065878868,0.030992278829216957,-0.009205766022205353,0.038021065294742584,2.999277883141043,32.411420501943,1.892954408756895,-16.51147638834281
79,34.53175354003906,1.7999999523162842,-11.220046997070312,0.0020521841943264008,0.002534114522859454,-0.0015501946909353137,0.003610581625252962,2.999277883141043,34.53790861070524,1.8076004659580431,-11.224696461721397
80,35.861812591552734,1.7999999523162842,-5.679953098297119,-0.007154453545808792,-0.009991700761020184,0.00013156754721421748,0.012289735488593578,2.999277883141043,35.84035439726683,1.7700320652087929,-5.679558490662621
81,33.31767272949219,3.5999999046325684,0.0,-0.01807667873799801,-0.026283908635377884,2.941980825621471e-10,0.03190000355243683,2.999277883141043,33.26345574675266,3.5211671587799795,8.823818022911504e-10
82,32.907474517822266,3.5999999046325684,5.212031841278076,-0.018444254994392395,-0.027239197865128517,-0.0004594615020323545,0.03289947658777237,2.999277883141043,32.85215507174657,3.5183019809211857,5.2106537885568756
83,31.686988830566406,3.5999999046325684,10.295726776123047,0.011003471910953522,0.018103061243891716,0.007026891224086285,0.022319821640849113,2.999277883141043,31.719991300506692,3.6542960158385207,10.316802375558687
84,29.686262130737305,3.5999999046325684,15.125905990600586,0.051565587520599365,0.08491538465023041,0.02441670373082161,0.10230253636837006,2.999277883141043,29.84092165691901,3.8546847397524187,15.199138470079646
85,26.954561233520508,3.5999999046325684,19.583635330200195,0.008776944130659103,0.009477054700255394,-0.0023200761061161757,0.013123721815645695,2.999277883141043,26.98088572793316,3.6284242251923624,19.57667677724792
86,23.55915069580078,3.5999999046325684,23.55915069580078,-0.07134192436933517,-0.15063956379890442,-0.0717717632651329,0.18147489428520203,2.999277883141043,23.345176439899113,3.1481899926045003,23.343887233605635
87,19.583635330200195,3.5999999046325684,26.954561233520508,-0.034403834491968155,-0.06486926972866058,-0.027776487171649933,0.07850591838359833,2.999277883141043,19.48044867031319,3.405438938639886,26.871251829875227
88,15.125905990600586,3.5999999046325684,29.686262130737305,0.0645853653550148,0.2238813042640686,0.13591451942920685,0.2697533369064331,2.999277883141043,15.319615448484466,4.27148214896056,30.093907542859068
89,10.295726776123047,3.5999999046325684,31.686988830566406,0.048109885305166245,0.158353790640831,0.09488699585199356,0.1907721906900406,2.999277883141043,10.440021691079284,4.07494692661316,31.971581298622986
90,5.212031841278076,3.5999999046325684,32.907474517822266,-0.020507056266069412,-0.2946830093860626,-0.19728465378284454,0.3552180230617523,2.999277883141043,5.150525480970925,2.716163672043506,32.31576301904824
91,0.0,3.5999999046325684,33.31767272949219,-0.020817384123802185,-0.2940467596054077,-0.19580578804016113,0.35388806462287903,2.999277883141043,-0.062437119787371376,2.7180719619387776,32.73039676003233
92,-5.212031841278076,3.5999999046325684,32.907474517822266,-0.05567547306418419,0.3438642919063568,0.22535032033920288,0.414879709482193,2.999277883141043,-5.379018056272899,4.63134447014926,33.583362749574384
93,-10.295726776123047,3.5999999046325684,31.686988830566406,-0.07309036701917648,0.46094319224357605,0.29968199133872986,0.5546351075172424,2.999277883141043,-10.514945097394325,4.982496626513156,32.585818399164324
94,-15.125905990600586,3.5999999046325684,29.686262130737305,0.1343833953142166,-0.3510071635246277,-0.1966586709022522,0.4241928160190582,2.999277883141043,-14.722852845173257,2.547231882249081,29.096428128572267
95,-19.583635330200195,3.5999999046325684,26.954561233520508,0.23078219592571259,-0.6325282454490662,-0.3549489676952362,0.7611446380615234,2.999277883141043,-18.891455394137484,1.7028719275951751,25.88997064506844
96,-23.55915069580078,3.5999999046325684,23.55915069580078,-0.17389965057373047,0.30499687790870667,0.11632543802261353,0.36985915899276733,2.999277883141043,-24.080724071652526,4.514770294971221,23.9080430093087
97,-26.954561233520508,3.5999999046325684,19.583635330200195,-0.4114340841770172,0.7785860896110535,0.31996169686317444,0.9369363784790039,2.999277883141043,-28.188566382563025,5.935195943324271,20.543289371054193
98,-29.686262130737305,3.5999999046325684,15.125905990600586,0.1463116705417633,-0.207524836063385,-0.02014901675283909,0.25471481680870056,2.999277883141043,-29.247432773235975,2.977575253625187,15.065473490286758
99,-31.686988830566406,3.5999999046325684,10.295726776123047,0.5541843771934509,-0.8751590251922607,-0.18977122008800507,1.0531080961227417,2.999277883141043,-30.024835884867795,0.9751547961421458,9.726550152856403
100,-32.907474517822266,3.5999999046325684,5.212031841278076,-0.05697901174426079,0.07348823547363281,-0.044165559113025665,0.1029452532529831,2.999277883141043,-33.07837040755006,3.8204115439596964,5.07956705663382
101,-33.31767272949219,3.5999999046325684,0.0,-0.6081445813179016,0.9086669683456421,6.193342283467018e-09,1.0933963060379028,2.999277883141043,-35.14166732199104,6.325344645932475,1.857555453352487e-08
102,-32.907474517822266,3.5999999046325684,-5.212031841278076,-0.056978870183229446,0.0734880268573761,0.044165581464767456,0.10294502973556519,2.999277883141043,-33.07836998296919,3.8204109182615715,-5.079566989594735
103,-31.686988830566406,3.5999999046325684,-10.295726776123047,0.5541843771934509,-0.8751590847969055,0.18977122008800507,1.0531082153320312,2.999277883141043,-30.024835884867795,0.9751546173712531,-9.726550152856403
104,-29.686262130737305,3.5999999046325684,-15.125905990600586,0.14631155133247375,-0.2075246423482895,0.020148955285549164,0.25471460819244385,2.999277883141043,-29.24743313077776,2.9775758346305885,-15.06547367464424
105,-26.954561233520508,3.5999999046325684,-19.583635330200195,-0.4114341139793396,0.7785861492156982,-0.3199617266654968,0.9369364380836487,2.999277883141043,-28.188566471948473,5.935196122095164,-20.543289460439638
106,-23.55915069580078,3.5999999046325684,-23.55915069580078,-0.1738995760679245,0.3049967288970947,-0.11632535606622696,0.369858980178833,2.999277883141043,-24.08072384818891,4.514769848043989,-23.908042763498724
107,-19.583635330200195,3.5999999046325684,-26.954561233520508,0.23078224062919617,-0.6325283050537109,0.3549489974975586,0.7611446976661682,2.999277883141043,-18.891455260059313,1.7028717488242822,-25.889970555682996
108,-15.125905990600586,3.5999999046325684,-29.686262130737305,0.13438335061073303,-0.35100704431533813,0.19665859639644623,0.4241926968097687,2.999277883141043,-14.722852979251426,2.5472322397908664,-29.096428352035883
109,-10.295726776123047,3.5999999046325684,-31.686988830566406,-0.07309038937091827,0.4609432816505432,-0.29968202114105225,0.554635226726532,2.999277883141043,-10.51494516443341,4.982496894669495,-32.58581848854977
110,-5.212031841278076,3.5999999046325684,-32.907474517822266,-0.05567546933889389,0.34386420249938965,-0.2253502607345581,0.41487959027290344,2.999277883141043,-5.379018045099718,4.6313442019929205,-33.583362570803494
111,-0.0,3.5999999046325684,-33.31767272949219,-0.020817380398511887,-0.2940468490123749,0.1958058476448059,0.3538881838321686,2.999277883141043,-0.06243710861419058,2.7180716937824387,-32.73039658126144
112,5.212031841278076,3.5999999046325684,-32.907474517822266,-0.020507046952843666,-0.29468294978141785,0.19728460907936096,0.35521796345710754,2.999277883141043,5.150525508903877,2.7161638508143993,-32.31576315312641
113,10.295726776123047,3.5999999046325684,-31.686988830566406,0.04810989275574684,0.15835385024547577,-0.09488704055547714,0.19077226519584656,2.999277883141043,10.440021713425645,4.0749471053840525,-31.971581432701157
114,15.125905990600586,3.5999999046325684,-29.686262130737305,0.06458535045385361,0.22388127446174622,-0.13591450452804565,0.2697533071041107,2.999277883141043,15.319615403791742,4.2714820595751135,-30.093907498166345
115,19.583635330200195,3.5999999046325684,-26.954561233520508,-0.03440384939312935,-0.06486931443214417,0.027776511386036873,0.0785059705376625,2.999277883141043,19.48044862562047,3.405438804561716,-26.871251757249553
116,23.55915069580078,3.5999999046325684,-23.55915069580078,-0.07134191691875458,-0.15063956379890442,0.0717717632651329,0.18147487938404083,2.999277883141043,23.345176462245476,3.1481899926045003,-23.343887233605635
117,26.954561233520508,3.5999999046325684,-19.583635330200195,0.008776959031820297,0.009477082639932632,0.0023200656287372112,0.013123749755322933,2.999277883141043,26.980885772625882,3.6284243089912183,-19.576676808672488
118,29.686262130737305,3.5999999046325684,-15.125905990600586,0.051565587520599365,0.084915392100811,-0.02441670559346676,0.10230253636837006,2.999277883141043,29.84092165691901,3.8546847620987803,-15.199138475666237
119,31.686988830566406,3.5999999046325684,-10.295726776123047,0.01100346352905035,0.01810304820537567,-0.007026888895779848,0.02231980673968792,2.999277883141043,31.719991275367036,3.6542959767323877,-10.316802368575448
120,32.907474517822266,3.5999999046325684,-5.212031841278076,-0.018444258719682693,-0.027239203453063965,0.00045946249156259,0.032899484038352966,2.999277883141043,32.85215506057339,3.5183019641614144,-5.210653785589
121,30.667205810546875,5.449999809265137,0.0,-0.032406728714704514,-0.045895397663116455,3.724739683352851e-10,0.05618348345160484,2.999277883141043,30.57000902584791,5.312346758116188,1.117152935273798e-09
122,30.289640426635742,5.449999809265137,4.797408103942871,-0.021924711763858795,-0.03116597980260849,-0.00026987952878698707,0.038106221705675125,2.999277883141043,30.223882123548158,5.356524375336752,4.7965986602410675
123,29.166244506835938,5.449999809265137,9.476688385009766,0.02519158646464348,0.03847949951887131,0.010823055170476437,0.04724855720996857,2.999277883141043,29.241801074960577,5.565410521126424,9.509149735010592
124,27.32468032836914,5.449999809265137,13.922619819641113,0.06203499808907509,0.09788165986537933,0.028378168120980263,0.11930834501981735,2.999277883141043,27.5107405261184,5.743574106864504,14.007733831650427
125,24.81028938293457,5.449999809265137,18.02573013305664,-0.004330379422754049,-0.012461760081350803,-0.009955976158380508,0.016527827829122543,2.999277883141043,24.797301371706293,5.412623527868131,17.99586939395973
126,21.68498992919922,5.449999809265137,21.68498992919922,-0.08789505809545517,-0.17571721971035004,-0.08515860140323639,0.21413563191890717,2.999277883141043,21.421368225416124,4.922975038500849,21.429575619451267
127,18.02573013305664,5.449999809265137,24.81028938293457,-0.024348270148038864,-0.042538121342659,-0.01772047020494938,0.05211856588721275,2.999277883141043,17.952702904908886,5.32241616273173,24.757140768570007
128,13.922619819641113,5.449999809265137,27.32468032836914,0.08342668414115906,0.26483455300331116,0.16447731852531433,0.32272300124168396,2.999277883141043,14.172839628249486,6.244312226779512,27.81799351210046
129,9.476688385009766,5.449999809265137,29.166244506835938,0.04263903200626373,0.13987772166728973,0.08702775090932846,0.17016960680484772,2.999277883141043,9.604574690664695,5.869531966205997,29.427264915357796
130,4.797408103942871,5.449999809265137,30.289640426635742,-0.033915355801582336,-0.3538605868816376,-0.2441924661397934,0.43127432465553284,2.999277883141043,4.695686527388326,4.388673577315732,29.55723936371299
131,0.0,5.449999809265137,30.667205810546875,-0.017772937193512917,-0.2876089811325073,-0.19820725917816162,0.3497440814971924,2.999277883141043,-0.05330597744295813,4.587380553161678,30.07272716181581
132,-4.797408103942871,5.449999809265137,30.289640426635742,-0.05702156201004982,0.4184487760066986,0.28630390763282776,0.5102163553237915,2.999277883141043,-4.968431613741769,6.705043968369468,31.14834540465574
133,-9.476688385009766,5.449999809265137,29.166244506835938,-0.08276697993278503,0.4769948124885559,0.3197267949581146,0.580172061920166,2.999277883141043,-9.724929557376546,6.8806398007350715,30.125194011601383
134,-13.922619819641113,5.449999809265137,27.32468032836914,0.15404346585273743,-0.42980751395225525,-0.25800347328186035,0.5244327187538147,2.999277883141043,-13.460600659466605,4.160887638660302,26.550856217181284
135,-18.02573013305664,5.449999809265137,24.81028938293457,0.26035627722740173,-0.677647590637207,-0.39093509316444397,0.8245131373405457,2.999277883141043,-17.244849309031558,3.4175463781031463,23.63776640426277
136,-21.68498992919922,5.449999809265137,21.68498992919922,-0.20353935658931732,0.37170860171318054,0.16307541728019714,0.4540805518627167,2.999277883141043,-22.295461019766318,6.564857197356762,22.17409842153171
137,-24.81028938293457,5.449999809265137,18.02573013305664,-0.4679105281829834,0.8496376276016235,0.3581567108631134,1.033973217010498,2.999277883141043,-26.213683081402635,7.998299154415112,19.099941634646918
138,-27.32468032836914,5.449999809265137,13.922619819641113,0.1710791438817978,-0.24998143315315247,-0.04789506644010544,0.30668017268180847,2.999277883141043,-26.81156643585776,4.700236025612986,13.778969206155734
139,-29.166244506835938,5.449999809265137,9.476688385009766,0.6319008469581604,-0.961725115776062,-0.2135949730873108,1.1704002618789673,2.999277883141043,-27.270998272216232,2.5655189398567346,8.836057706278888
140,-30.289640426635742,5.449999809265137,4.797408103942871,-0.06630102545022964,0.0877203643321991,-0.028217902407050133,0.11352065205574036,2.999277883141043,-30.48849562589819,5.713097557907776,4.712774773344774
141,-30.667205810546875,5.449999809265137,0.0,-0.6935349106788635,1.0,4.511899742709602e-09,1.2169595956802368,2.999277883141043,-32.74730972933219,8.44927769240618,1.3532441109258672e-08
142,-30.289640426635742,5.449999809265137,-4.797408103942871,-0.06630086898803711,0.08772013336420059,0.028217928484082222,0.11352038383483887,2.999277883141043,-30.488495156624595,5.7130968651705665,-4.712774695132508
143,-29.166244506835938,5.449999809265137,-9.476688385009766,0.6319009065628052,-0.9617251753807068,0.2135949730873108,1.1704003810882568,2.999277883141043,-27.270998093445343,2.565518761085842,-8.836057706278888
144,-27.32468032836914,5.449999809265137,-13.922619819641113,0.17107900977134705,-0.24998122453689575,0.04789499565958977,0.306679904460907,2.999277883141043,-26.81156683809227,4.70023665131111,-13.77896941844617
145,-24.81028938293457,5.449999809265137,-18.02573013305664,-0.4679105877876282,0.8496377468109131,-0.3581567406654358,1.0339733362197876,2.999277883141043,-26.21368326017353,7.998299511956898,-19.099941724032366
146,-21.68498992919922,5.449999809265137,-21.68498992919922,-0.20353926718235016,0.3717084228992462,-0.16307532787322998,0.45408034324645996,2.999277883141043,-22.295460751609976,6.564856661044083,-22.174098153375372
147,-18.02573013305664,5.449999809265137,-24.81028938293457,0.2603563070297241,-0.6776477098464966,0.39093512296676636,0.8245132565498352,2.999277883141043,-17.24484921964611,3.417546020561361,-23.637766314877325
148,-13.922619819641113,5.449999809265137,-27.32468032836914,0.15404342114925385,-0.4298073947429657,0.2580033838748932,0.5244325399398804,2.999277883141043,-13.460600793544774,4.160887996202088,-26.550856485337626
149,-9.476688385009766,5.449999809265137,-29.166244506835938,-0.08276700228452682,0.47699493169784546,-0.3197268545627594,0.5801722407341003,2.999277883141043,-9.724929624415632,6.880640158276857,-30.125194190372273
150,-4.797408103942871,5.449999809265137,-30.289640426635742,-0.05702155828475952,0.41844868659973145,-0.286303848028183,0.5102162957191467,2.999277883141043,-4.968431602568589,6.705043700213129,-31.148345225884846
151,-0.0,5.449999809265137,-30.667205810546875,-0.017772935330867767,-0.2876090705394745,0.1982073187828064,0.34974417090415955,2.999277883141043,-0.053305971856367734,4.587380285005339,-30.072726983044916
152,4.797408103942871,5.449999809265137,-30.289640426635742,-0.03391534462571144,-0.3538605272769928,0.244192436337471,0.4312742352485657,2.999277883141043,4.695686560907868,4.388673756086624,-29.55723945309844
153,9.476688385009766,5.449999809265137,-29.166244506835938,0.04263904690742493,0.1398777961730957,-0.08702779561281204,0.17016969621181488,2.999277883141043,9.604574735357419,5.869532189669614,-29.427265049435963
154,13.922619819641113,5.449999809265137,-27.32468032836914,0.08342667669057846,0.26483452320098877,-0.16447731852531433,0.3227229714393616,2.999277883141043,14.172839605903123,6.244312137394066,-27.81799351210046
155,18.02573013305664,5.449999809265137,-24.81028938293457,-0.024348290637135506,-0.042538173496723175,0.017720500007271767,0.05211862921714783,2.999277883141043,17.95270284345639,5.322416006307199,-24.75714067918456
156,21.68498992919922,5.449999809265137,-21.68498992919922,-0.08789505064487457,-0.17571720480918884,0.08515860140323639,0.21413561701774597,2.999277883141043,21.421368247762484,4.922975083193572,-21.429575619451267
157,24.81028938293457,5.449999809265137,-18.02573013305664,-0.004330361261963844,-0.012461728416383266,0.009955964051187038,0.016527792438864708,2.999277883141043,24.79730142617555,5.412623622840168,-17.995869430272567
158,27.32468032836914,5.449999809265137,-13.922619819641113,0.06203500181436539,0.09788166731595993,-0.02837817184627056,0.11930835247039795,2.999277883141043,27.510740537291582,5.743574129210865,-14.007733842823608
159,29.166244506835938,5.449999809265137,-9.476688385009766,0.025191575288772583,0.038479484617710114,-0.010823052376508713,0.04724854230880737,2.999277883141043,29.241801041441036,5.5654104764337005,-9.509149726630705
160,30.289640426635742,5.449999809265137,-4.797408103942871,-0.021924719214439392,-0.031165990978479385,0.00026988095487467945,0.03810623288154602,2.999277883141043,30.223882101201795,5.35652434181721,-4.796598655963835
161,28.016738891601562,7.300000190734863,0.0,-0.028036653995513916,-0.03952116519212723,4.152789223610398e-10,0.04845592379570007,2.999277883141043,27.93264917535554,7.181465234058153,1.2455368871721131e-09
162,27.67180633544922,7.300000190734863,4.382783889770508,-0.014545722864568233,-0.01971486769616604,0.0012490093940868974,0.024531899020075798,2.999277883141043,27.62817967056722,7.240869824084701,4.386530016022028
163,26.6455020904541,7.300000190734863,8.657648086547852,0.023362359032034874,0.0361785963177681,0.010934475809335709,0.04443257302045822,2.999277883141043,26.715572297196886,7.4085098545138335,8.690443618006533
164,24.963096618652344,7.300000190734863,12.719332695007324,0.04139956459403038,0.0625225305557251,0.01768435724079609,0.07704367488622665,2.999277883141043,25.08726541711089,7.48752263382866,12.772372996557209
165,22.666017532348633,7.300000190734863,16.46782684326172,-0.0091645997017622,-0.023470209911465645,-0.01522157434374094,0.029436999931931496,2.999277883141043,22.638530351155296,7.229606509234727,16.42217311198595
166,19.81082534790039,7.300000190734863,19.81082534790039,-0.058954574167728424,-0.11391302198171616,-0.05662461370229721,0.14020757377147675,2.999277883141043,19.634004197489123,6.958343383303342,19.640992396381684
167,16.46782684326172,7.300000190734863,22.666017532348633,-0.012148860841989517,-0.005824902560561895,0.002912985160946846,0.013784403912723064,2.999277883141043,16.431389033632982,7.2825296893135185,22.67475438431578
168,12.719332695007324,7.300000190734863,24.963096618652344,0.055520523339509964,0.1746130734682083,0.11208442598581314,0.21479099988937378,2.999277883141043,12.885854172719933,7.823713320095343,25.29926895855615
169,8.657648086547852,7.300000190734863,26.6455020904541,0.02977966144680977,0.06134871765971184,0.037206195294857025,0.0776839405298233,2.999277883141043,8.746965566492696,7.484002042770701,26.757093809117794
170,4.382783889770508,7.300000190734863,27.67180633544922,-0.0197049118578434,-0.2377265840768814,-0.1691177934408188,0.2924090325832367,2.999277883141043,4.323683383446035,6.586992104878403,27.164575077936554
171,0.0,7.300000190734863,28.016738891601562,-0.02182864397764206,-0.15094172954559326,-0.1085972860455513,0.18722516298294067,2.999277883141043,-0.06547016910110176,6.847283999665708,27.691025453395998
172,-4.382783889770508,7.300000190734863,27.67180633544922,-0.04741109535098076,0.28624510765075684,0.19991829991340637,0.35235124826431274,2.999277883141043,-4.524982939472196,8.158528811269106,28.271416870814658
173,-8.657648086547852,7.300000190734863,26.6455020904541,-0.03687697649002075,0.27243131399154663,0.19353727996349335,0.33620738983154297,2.999277883141043,-8.768252386531483,8.117097405464762,27.225974173811885
174,-12.719332695007324,7.300000190734863,24.963096618652344,0.12010794132947922,-0.29723161458969116,-0.17771221697330475,0.36654356122016907,2.999277883141043,-12.359095602988216,6.4085199829257,24.43008829672035
175,-16.46782684326172,7.300000190734863,22.666017532348633,0.15211327373981476,-0.4062274396419525,-0.24959468841552734,0.5004565119743347,2.999277883141043,-16.011596865601714,6.081611215491742,21.917413703634463
176,-19.81082534790039,7.300000190734863,19.81082534790039,-0.15608303248882294,0.25656309723854065,0.10374970734119415,0.31772714853286743,2.999277883141043,-20.278961735177703,8.069504213912584,20.12199955051119
177,-22.666017532348633,7.300000190734863,16.46782684326172,-0.29196634888648987,0.5216760635375977,0.23455709218978882,0.6421894431114197,2.999277883141043,-23.54170574518532,8.86465167026726,17.171328742200426
178,-24.963096618652344,7.300000190734863,12.719332695007324,0.12912686169147491,-0.1705419272184372,-0.015354384668171406,0.21446223556995392,2.999277883141043,-24.57580927826169,6.788497560280355,12.673280628662837
179,-26.6455020904541,7.300000190734863,8.657648086547852,0.4028160572052002,-0.5952470898628235,-0.14104428887367249,0.7324433922767639,2.999277883141043,-25.437344799104466,5.514688759105228,8.234617070385688
180,-27.67180633544922,7.300000190734863,4.382783889770508,-0.049463365226984024,0.059208400547504425,-0.04169715940952301,0.08769784867763519,2.999277883141043,-27.820160712800238,7.47758263699315,4.257722521763719
181,-28.016738891601562,7.300000190734863,0.0,-0.44415223598480225,0.619724452495575,5.768796551564037e-09,0.7624497413635254,2.999277883141043,-29.34887486973842,9.158726034746532,1.7302223909446335e-08
182,-27.67180633544922,7.300000190734863,-4.382783889770508,-0.049463264644145966,0.059208255261182785,0.041697174310684204,0.08769769966602325,2.999277883141043,-27.82016041112436,7.477582201239098,-4.257722477070995
183,-26.6455020904541,7.300000190734863,-8.657648086547852,0.4028160870075226,-0.5952470898628235,0.14104428887367249,0.7324433922767639,2.999277883141043,-25.43734470971902,5.514688759105228,-8.234617070385688
184,-24.963096618652344,7.300000190734863,-12.719332695007324,0.12912678718566895,-0.17054179310798645,0.01535433903336525,0.21446208655834198,2.999277883141043,-24.575809501725306,6.788497962514864,-12.673280765534303
185,-22.666017532348633,7.300000190734863,-16.46782684326172,-0.29196637868881226,0.5216761231422424,-0.23455710709095,0.6421895027160645,2.999277883141043,-23.54170583457077,8.864651849038154,-17.17132878689315
186,-19.81082534790039,7.300000190734863,-19.81082534790039,-0.15608298778533936,0.2565629780292511,-0.10374964773654938,0.3177269995212555,2.999277883141043,-20.27896160109953,8.069503856370797,-20.121999371740298
187,-16.46782684326172,7.300000190734863,-22.666017532348633,0.15211330354213715,-0.4062274992465973,0.24959471821784973,0.5004565715789795,2.999277883141043,-16.011596776216265,6.081611036720849,-21.917413614249014
188,-12.719332695007324,7.300000190734863,-24.963096618652344,0.12010792642831802,-0.2972315549850464,0.17771217226982117,0.3665435016155243,2.999277883141043,-12.359095647680938,6.408520161696593,-24.430088430798516
189,-8.657648086547852,7.300000190734863,-26.6455020904541,-0.03687699884176254,0.2724314033985138,-0.19353732466697693,0.33620747923851013,2.999277883141043,-8.768252453570568,8.117097673621101,-27.225974307890052
190,-4.382783889770508,7.300000190734863,-27.67180633544922,-0.04741109535098076,0.28624504804611206,-0.1999182552099228,0.3523511588573456,2.999277883141043,-4.524982939472196,8.158528632498212,-28.271416736736487
191,-0.0,7.300000190734863,-28.016738891601562,-0.02182864211499691,-0.15094178915023804,0.10859733074903488,0.18722523748874664,2.999277883141043,-0.06547016351451136,6.847283820894816,-27.69102531931783
192,4.382783889770508,7.300000190734863,-27.67180633544922,-0.01970490626990795,-0.23772656917572021,0.1691177785396576,0.2924090027809143,2.999277883141043,4.323683400205805,6.5869921495711266,-27.16457512262928
193,8.657648086547852,7.300000190734863,-26.6455020904541,0.029779670760035515,0.06134876608848572,-0.03720622882246971,0.07768399268388748,2.999277883141043,8.746965594425648,7.4840021880220515,-26.75709390967642
194,12.719332695007324,7.300000190734863,-24.963096618652344,0.055520519614219666,0.17461305856704712,-0.11208442598581314,0.21479098498821259,2.999277883141043,12.885854161546751,7.8237132754026195,-25.29926895855615
195,16.46782684326172,7.300000190734863,-22.666017532348633,-0.012148874811828136,-0.0058249360881745815,-0.0029129658360034227,0.013784426264464855,2.999277883141043,16.431388991733552,7.282529588754891,-22.674754326354904
196,19.81082534790039,7.300000190734863,-19.81082534790039,-0.058954574167728424,-0.11391302198171616,0.05662461370229721,0.14020757377147675,2.999277883141043,19.634004197489123,6.958343383303342,-19.640992396381684
197,22.666017532348633,7.300000190734863,-16.46782684326172,-0.00916458759456873,-0.023470189422369003,0.015221565961837769,0.029436973854899406,2.999277883141043,22.638530387468133,7.2296065706872215,-16.422173137125608
198,24.963096618652344,7.300000190734863,-12.719332695007324,0.04139957204461098,0.0625225380063057,-0.017684360966086388,0.07704368233680725,2.999277883141043,25.08726543945725,7.487522656175021,-12.77237300773039
199,26.6455020904541,7.300000190734863,-8.657648086547852,0.023362351581454277,0.0361785851418972,-0.01093447394669056,0.04443255811929703,2.999277883141043,26.715572274850523,7.408509820994291,-8.690443612419942
200,27.67180633544922,7.300000190734863,-4.382783889770508,-0.014545729383826256,-0.019714875146746635,-0.0012490079971030354,0.024531908333301544,2.999277883141043,27.628179651014154,7.240869801738339,-4.386530011832085
201,25.910688400268555,9.100000381469727,0.0,-0.0033040426205843687,-0.01080494374036789,8.575821996981148e-11,0.011298827826976776,2.999277883141043,25.90077865831168,9.067593352680658,2.572127324530001e-10
202,25.591684341430664,9.100000381469727,4.053325176239014,-0.002012407872825861,-0.004868079908192158,0.00043302131234668195,0.0052854036912322044,2.999277883141043,25.585648571005837,9.085399657067722,4.054623927484064
203,24.642528533935547,9.100000381469727,8.006842613220215,0.002832726575434208,0.010296911001205444,0.0012831635540351272,0.010756264440715313,2.999277883141043,24.65102466810223,9.130883678900314,8.010691177288285
204,23.086591720581055,9.100000381469727,11.763205528259277,0.0059412261471152306,0.015729958191514015,0.002131900517269969,0.016949182376265526,2.999277883141043,23.104411108762836,9.147178897176268,11.769599690329782
205,20.962186813354492,9.100000381469727,15.229920387268066,-0.0011935957008972764,-0.007929046638309956,-0.00186917616520077,0.00823336374014616,2.999277883141043,20.958606888167377,9.07621896725305,15.224314208536086
206,18.321622848510742,9.100000381469727,18.321622848510742,-0.008908452466130257,-0.029388252645730972,-0.007748949341475964,0.031671375036239624,2.999277883141043,18.294903924056065,9.011856845285225,18.29838159613327
207,15.229920387268066,9.100000381469727,20.962186813354492,-0.0014575814129784703,0.0017110691405832767,0.0004425380611792207,0.002290882170200348,2.999277883141043,15.225548695573243,9.105132353299604,20.963514107973836
208,11.763205528259277,9.100000381469727,23.086591720581055,0.009158927015960217,0.046398188918828964,0.016396548599004745,0.050055213272571564,2.999277883141043,11.790675695491549,9.23916144331177,23.135769526153897
209,8.006842613220215,9.100000381469727,24.642528533935547,0.0038157242815941572,0.010990137234330177,0.004466657061129808,0.01246169675141573,2.999277883141043,8.018287030666164,9.132962857009337,24.65592527967057
210,4.053325176239014,9.100000381469727,25.591684341430664,-0.004627905786037445,-0.06582026928663254,-0.02698400989174843,0.07128718495368958,2.999277883141043,4.039444800769691,8.902587103535941,25.510751797363884
211,0.0,9.100000381469727,25.910688400268555,-0.003221191931515932,-0.033596429973840714,-0.014472093433141708,0.036722440272569656,2.999277883141043,-0.009661249717548113,8.99923535209669,25.867282570511783
212,-4.053325176239014,9.100000381469727,25.591684341430664,-0.006218438036739826,0.08315324038267136,0.035575881600379944,0.09065745025873184,2.999277883141043,-4.071975999910291,9.349400056260983,25.69838629628793
213,-8.006842613220215,9.100000381469727,24.642528533935547,-0.005305172875523567,0.06798107177019119,0.029356850311160088,0.07423877716064453,2.999277883141043,-8.022754300892013,9.303894506502285,24.730577885792492
214,-11.763205528259277,9.100000381469727,23.086591720581055,0.020216340199112892,-0.08942553400993347,-0.03479721024632454,0.09806361794471741,2.999277883141043,-11.702571106222022,8.831788355125656,22.982225217494246
215,-15.229920387268066,9.100000381469727,20.962186813354492,0.025435881689190865,-0.10894079506397247,-0.041816022247076035,0.11943057179450989,2.999277883141043,-15.153631109879484,8.773256664262552,20.836768942667902
216,-18.321622848510742,9.100000381469727,18.321622848510742,-0.02760571613907814,0.0775386318564415,0.02190881222486496,0.08517224341630936,2.999277883141043,-18.40442006237495,9.332560285085767,18.38733346446267
217,-20.962186813354492,9.100000381469727,15.229920387268066,-0.05115810036659241,0.144353449344635,0.04081115126609802,0.15849484503269196,2.999277883141043,-21.11562417232752,9.532956489444212,15.352324370645999
218,-23.086591720581055,9.100000381469727,11.763205528259277,0.02224017307162285,-0.05044136941432953,-0.005473139230161905,0.05539776757359505,2.999277883141043,-23.01988726137011,8.948712697789981,11.7467900628149
219,-24.642528533935547,9.100000381469727,8.006842613220215,0.07049880921840668,-0.16543282568454742,-0.0244313795119524,0.18148000538349152,2.999277883141043,-24.431083014659,8.603821366248535,7.933566116995391
220,-25.591684341430664,9.100000381469727,4.053325176239014,-0.008179445751011372,0.017107440158724785,-0.004438261967152357,0.019474754109978676,2.999277883141043,-25.616216772168023,9.151310348374949,4.040013595281348
221,-25.910688400268555,9.100000381469727,0.0,-0.0771842822432518,0.17190536856651306,6.657210338545383e-10,0.18843798339366913,2.999277883141043,-26.142185510926854,9.615592351404478,1.996682373181706e-09
222,-25.591684341430664,9.100000381469727,-4.053325176239014,-0.008179428055882454,0.01710740104317665,0.004438265226781368,0.019474711269140244,2.999277883141043,-25.616216719095416,9.15131023105655,-4.0400135855048145
223,-24.642528533935547,9.100000381469727,-8.006842613220215,0.07049881666898727,-0.16543284058570862,0.0244313795119524,0.1814800202846527,2.999277883141043,-24.43108299231264,8.603821321555813,-7.933566116995391
224,-23.086591720581055,9.100000381469727,-11.763205528259277,0.022240158170461655,-0.050441332161426544,0.005473131313920021,0.055397722870111465,2.999277883141043,-23.01988730606283,8.948712809521789,-11.74679008655791
225,-20.962186813354492,9.100000381469727,-15.229920387268066,-0.051158104091882706,0.1443534642457962,-0.04081115499138832,0.15849487483501434,2.999277883141043,-21.115624183500703,9.532956534136934,-15.352324381819178
226,-18.321622848510742,9.100000381469727,-18.321622848510742,-0.027605706825852394,0.07753860205411911,-0.021908802911639214,0.08517221361398697,2.999277883141043,-18.404420034441998,9.33256019570032,-18.38733343652972
227,-15.229920387268066,9.100000381469727,-20.962186813354492,0.025435887277126312,-0.10894081741571426,0.04181602969765663,0.11943059414625168,2.999277883141043,-15.153631093119714,8.773256597223469,-20.836768920321543
228,-11.763205528259277,9.100000381469727,-23.086591720581055,0.020216336473822594,-0.08942551910877228,0.03479720279574394,0.09806359559297562,2.999277883141043,-11.702571117395204,8.831788399818379,-22.982225239840606
229,-8.006842613220215,9.100000381469727,-24.642528533935547,-0.005305176135152578,0.06798108667135239,-0.029356859624385834,0.07423879206180573,2.999277883141043,-8.022754310668546,9.303894551195008,-24.730577913725444
230,-4.053325176239014,9.100000381469727,-25.591684341430664,-0.006218438036739826,0.08315323293209076,-0.03557587414979935,0.09065744280815125,2.999277883141043,-4.071975999910291,9.349400033914621,-25.698386273941566
231,-0.0,9.100000381469727,-25.910688400268555,-0.003221191931515932,-0.03359644487500191,0.014472100883722305,0.03672245517373085,2.999277883141043,-0.009661249717548113,8.999235307403966,-25.86728254816542
232,4.053325176239014,9.100000381469727,-25.591684341430664,-0.0046279048547148705,-0.06582026928663254,0.02698400802910328,0.07128718495368958,2.999277883141043,4.039444803562986,8.902587103535941,-25.510751802950473
233,8.006842613220215,9.100000381469727,-24.642528533935547,0.0038157261442393064,0.010990150272846222,-0.004466662183403969,0.012461710721254349,2.999277883141043,8.018287036252755,9.13296289611547,-24.655925295033693
234,11.763205528259277,9.100000381469727,-23.086591720581055,0.009158926084637642,0.046398188918828964,-0.016396548599004745,0.050055213272571564,2.999277883141043,11.790675692698255,9.23916144331177,-23.135769526153897
235,15.229920387268066,9.100000381469727,-20.962186813354492,-0.001457583624869585,0.0017110604094341397,-0.00044253532541915774,0.0022908765822649,2.999277883141043,15.225548688939167,9.105132327112461,-20.96351409976853
236,18.321622848510742,9.100000381469727,-18.321622848510742,-0.008908452466130257,-0.029388252645730972,0.007748949807137251,0.031671375036239624,2.999277883141043,18.294903924056065,9.011856845285225,-18.298381594736625
237,20.962186813354492,9.100000381469727,-15.229920387268066,-0.0011935938382521272,-0.007929041050374508,0.0018691751174628735,0.008233357220888138,2.999277883141043,20.95860689375397,9.07621898401282,-15.224314211678543
238,23.086591720581055,9.100000381469727,-11.763205528259277,0.005941226612776518,0.015729960054159164,-0.0021319009829312563,0.016949184238910675,2.999277883141043,23.104411110159486,9.147178902762858,-11.76959969172643
239,24.642528533935547,9.100000381469727,-8.006842613220215,0.0028327256441116333,0.01029690820723772,-0.0012831634376198053,0.010756261646747589,2.999277883141043,24.651024665308938,9.130883670520427,-8.010691176939122
240,25.591684341430664,9.100000381469727,-4.053325176239014,-0.0020124088041484356,-0.004868082702159882,-0.00043302116682752967,0.005285406950861216,2.999277883141043,25.585648568212545,9.085399648687837,-4.054623927047611
241,23.804637908935547,10.899999618530273,0.0,0.01894887536764145,0.015361645258963108,-2.7246616074450003e-10,0.024393443018198013,2.999277883141043,23.86147085173611,10.94607346140414,-8.172017298253313e-10
242,23.51156234741211,10.899999618530273,3.7238659858703613,0.006945695728063583,0.00562744215130806,-0.0012514383997768164,0.009026454761624336,2.999277883141043,23.532394418992318,10.916877881313347,3.7201125743557975
243,22.639556884765625,10.899999618530273,7.3560380935668945,-0.016860172152519226,-0.0146468635648489,-0.007200645282864571,0.023465832695364952,2.999277883141043,22.588988543322625,10.856069604582837,7.334441357425655
244,21.210086822509766,10.899999618530273,10.807079315185547,-0.019843444228172302,-0.01776200160384178,-0.007698876783251762,0.027722259983420372,2.999277883141043,21.150570819110865,10.846726439959555,10.783988244324512
245,19.25835609436035,10.899999618530273,13.99201488494873,0.010307695716619492,0.011847589164972305,0.01189393736422062,0.019699739292263985,2.999277883141043,19.289271738149356,10.935533830681317,14.027688108228702
246,16.832420349121094,10.899999618530273,16.832420349121094,0.028629643842577934,0.032313812524080276,0.026380762457847595,0.050594303756952286,2.999277883141043,16.918288606700344,10.996917721753713,16.911543586501313
247,13.99201488494873,10.899999618530273,19.25835609436035,0.0005264895735308528,-0.0047095343470573425,-0.009451311081647873,0.010572804138064384,2.999277883141043,13.993593973482326,10.88587441632325,19.23000898606648
248,10.807079315185547,10.899999618530273,21.210086822509766,-0.02741764485836029,-0.049336209893226624,-0.05345239117741585,0.07773639261722565,2.999277883141043,10.724846179354051,10.752026615359515,21.049768247850338
249,7.3560380935668945,10.899999618530273,22.639556884765625,-0.011362181045114994,-0.010106953792273998,-0.006730933673679829,0.01662994734942913,2.999277883141043,7.321959755254037,10.869686055555178,22.61936894426527
250,3.7238659858703613,10.899999618530273,23.51156234741211,0.010052348487079144,0.06561186164617538,0.08053767681121826,0.10436610877513885,2.999277883141043,3.754015772361284,11.096787824037357,23.75311722023156
251,0.0,10.899999618530273,23.804637908935547,0.011045304127037525,0.03409310802817345,0.038857076317071915,0.05286030098795891,2.999277883141043,0.03312793638079014,11.002254323406712,23.921181078536865
252,-3.7238659858703613,10.899999618530273,23.51156234741211,0.02170129120349884,-0.07552742213010788,-0.09283973276615143,0.12163286656141281,2.999277883141043,-3.658777783128104,10.673471891764784,23.233110190249867
253,-7.3560380935668945,10.899999618530273,22.639556884765625,0.012288733385503292,-0.06418967992067337,-0.07665065675973892,0.10073059052228928,2.999277883141043,-7.319180767311938,10.707476931218295,22.409660265217905
254,-10.807079315185547,10.899999618530273,21.210086822509766,-0.05412402004003525,0.07524267584085464,0.08024449646472931,0.1225970983505249,2.999277883141043,-10.969412291438307,11.1256733120481,21.45076236600022
255,-13.99201488494873,10.899999618530273,19.25835609436035,-0.05935569480061531,0.09479204565286636,0.10075101256370544,0.1505303829908371,2.999277883141043,-14.170039107602685,11.184307304554611,19.560536378046738
256,-16.832420349121094,10.899999618530273,16.832420349121094,0.06999379396438599,-0.06456290930509567,-0.04675818234682083,0.10608406364917755,2.999277883141043,-16.62248951092658,10.70635751258026,16.692179566952397
257,-19.25835609436035,10.899999618530273,13.99201488494873,0.11708270013332367,-0.12160371989011765,-0.09585645794868469,0.19412440061569214,2.999277883141043,-18.90719254135204,10.535276270956166,13.704514730667
258,-21.210086822509766,10.899999618530273,10.807079315185547,-0.058929186314344406,0.04411330446600914,0.007432837504893541,0.07398567348718643,2.999277883141043,-21.386831827693875,11.032307676967442,10.829372460322956
259,-22.639556884765625,10.899999618530273,7.3560380935668945,-0.16472506523132324,0.1405419409275055,0.05857499688863754,0.22431543469429016,2.999277883141043,-23.1336131297129,11.321523953607855,7.53172078624004
260,-23.51156234741211,10.899999618530273,3.7238659858703613,0.022992894053459167,-0.01574374921619892,0.018843630328774452,0.0336395762860775,2.999277883141043,-23.442600268808164,10.852779739708408,3.7803832695535404
261,-23.804637908935547,10.899999618530273,0.0,0.18315929174423218,-0.14744307100772858,-2.6256523621981387e-09,0.2351314276456833,2.999277883141043,-23.255292296115293,10.457776876634398,-7.875061058757914e-09
262,-23.51156234741211,10.899999618530273,-3.7238659858703613,0.022992853075265884,-0.015743715688586235,-0.01884363777935505,0.033639539033174515,2.999277883141043,-23.442600391713153,10.852779840267036,-3.780383291899902
263,-22.639556884765625,10.899999618530273,-7.3560380935668945,-0.16472508013248444,0.1405419558286667,-0.058574993163347244,0.22431544959545135,2.999277883141043,-23.13361317440562,11.321523998300579,-7.5317207750668596
264,-21.210086822509766,10.899999618530273,-10.807079315185547,-0.05892915278673172,0.04411327466368675,-0.007432818878442049,0.07398562878370285,2.999277883141043,-21.38683172713525,11.032307587581995,-10.829372404457052
265,-19.25835609436035,10.899999618530273,-13.99201488494873,0.11708271503448486,-0.12160373479127884,0.09585646539926529,0.19412443041801453,2.999277883141043,-18.907192496659317,10.535276226263441,-13.70451470832064
266,-16.832420349121094,10.899999618530273,-16.832420349121094,0.0699937716126442,-0.06456287950277328,0.04675815999507904,0.10608401894569397,2.999277883141043,-16.622489577965666,10.706357601965705,-16.692179633991483
267,-13.99201488494873,10.899999618530273,-19.25835609436035,-0.059355709701776505,0.09479206055402756,-0.10075102746486664,0.15053041279315948,2.999277883141043,-14.17003915229541,11.184307349247335,-19.56053642273946
268,-10.807079315185547,10.899999618530273,-21.210086822509766,-0.05412401258945465,0.07524265348911285,-0.08024447411298752,0.12259706854820251,2.999277883141043,-10.969412269091945,11.125673245009015,-21.450762298961134
269,-7.3560380935668945,10.899999618530273,-22.639556884765625,0.012288742698729038,-0.06418969482183456,0.07665067911148071,0.10073061287403107,2.999277883141043,-7.319180739378986,10.707476886525573,-22.40966019817882
270,-3.7238659858703613,10.899999618530273,-23.51156234741211,0.02170129120349884,-0.07552741467952728,0.09283972531557083,0.12163285166025162,2.999277883141043,-3.658777783128104,10.673471914111145,-23.233110212596227
271,-0.0,10.899999618530273,-23.804637908935547,0.01104530319571495,0.03409312665462494,-0.03885709494352341,0.0528603233397007,2.999277883141043,0.03312793358749493,11.002254379272616,-23.92118113440277
272,3.7238659858703613,10.899999618530273,-23.51156234741211,0.01005234569311142,0.06561185419559479,-0.08053766936063766,0.10436609387397766,2.999277883141043,3.7540157639813985,11.096787801690995,-23.753117197885196
273,7.3560380935668945,10.899999618530273,-22.639556884765625,-0.011362185701727867,-0.010106967762112617,0.006730949506163597,0.016629965975880623,2.999277883141043,7.321959741287561,10.86968601365575,-22.61936889677925
274,10.807079315185547,10.899999618530273,-21.210086822509766,-0.02741764299571514,-0.049336206167936325,0.05345239117741585,0.07773638516664505,2.999277883141043,10.724846184940642,10.752026626532695,-21.049768247850338
275,13.99201488494873,10.899999618530273,-19.25835609436035,0.0005264965002425015,-0.004709525033831596,0.009451301768422127,0.010572792030870914,2.999277883141043,13.99359399425746,10.885874444256203,-19.23000901399943
276,16.832420349121094,10.899999618530273,-16.832420349121094,0.028629645705223083,0.032313812524080276,-0.026380766183137894,0.050594307482242584,2.999277883141043,16.918288612286933,10.996917721753713,-16.911543597674495
277,19.25835609436035,10.899999618530273,-13.99201488494873,0.010307690128684044,0.011847583577036858,-0.01189393363893032,0.01969972997903824,2.999277883141043,19.289271721389586,10.935533813921545,-14.027688097055522
278,21.210086822509766,10.899999618530273,-10.807079315185547,-0.0198434479534626,-0.01776200532913208,0.007698879111558199,0.02772226557135582,2.999277883141043,21.150570807937687,10.846726428786374,-10.783988237341275
279,22.639556884765625,10.899999618530273,-7.3560380935668945,-0.016860170289874077,-0.014646860770881176,0.007200644817203283,0.023465828970074654,2.999277883141043,22.588988548909214,10.856069612962724,-7.3344413588223025
280,23.51156234741211,10.899999618530273,-3.7238659858703613,0.006945699919015169,0.005627445410937071,0.0012514374684542418,0.009026460349559784,2.999277883141043,23.532394431562146,10.91687789108988,-3.7201125771490924
281,22.27350616455078,12.75,0.0,0.02117980644106865,0.017245309427380562,-1.930670484595609e-10,0.02731272391974926,2.999277883141043,22.337030289578685,12.801723475153466,-5.79061728408081e-10
282,21.999282836914062,12.75,3.484344005584717,0.006365728564560413,0.005297900643199682,-0.0006866418407298625,0.008310338482260704,2.999277883141043,22.01837542580783,12.765889876226227,3.4822845758981766
283,21.183364868164062,12.75,6.88289213180542,-0.019899075850844383,-0.017043450847268105,-0.007162575144320726,0.027161644771695137,2.999277883141043,21.12368201006968,12.698881954821386,6.861409578588723
284,19.845840454101562,12.75,10.111961364746094,-0.018725499510765076,-0.017090152949094772,-0.007515517994761467,0.026442404836416245,2.999277883141043,19.789677477568155,12.698741882240283,10.089420237844058
285,18.01964569091797,12.75,13.092039108276367,0.01524634100496769,0.015649760141968727,0.013032336719334126,0.02544027753174305,2.999277883141043,18.065373704292995,12.796937979470268,13.131126707564313
286,15.749748229980469,12.75,15.749748229980469,0.02844802848994732,0.03222096338868141,0.025730298832058907,0.050095200538635254,2.999277883141043,15.835071772649334,12.846639622865169,15.826920546194073
287,13.092039108276367,12.75,18.01964569091797,-0.006101831328123808,-0.010435563512146473,-0.013477161526679993,0.018104342743754387,2.999277883141043,13.073738020527268,12.718700845159905,17.979223938423477
288,10.111961364746094,12.75,19.845840454101562,-0.02954394556581974,-0.051368605345487595,-0.05431634560227394,0.08038559556007385,2.999277883141043,10.023350862229808,12.595931278099478,19.682930640043615
289,6.88289213180542,12.75,21.183364868164062,-0.00484742596745491,-0.0028047601226717234,0.000959566910751164,0.005681987851858139,2.999277883141043,6.868353354311068,12.741587744996554,21.186242875976873
290,3.484344005584717,12.75,21.999282836914062,0.014169363304972649,0.07169722020626068,0.08634334057569504,0.11312132328748703,2.999277883141043,3.5268418635635115,12.96503988684733,22.25825050865926
291,0.0,12.75,22.27350616455078,0.00689842039719224,0.027271242812275887,0.02970999851822853,0.04091445729136467,2.999277883141043,0.020690279725907736,12.831794035412628,22.362614706014657
292,-3.484344005584717,12.75,21.999282836914062,0.018703479319810867,-0.0865752249956131,-0.10565118491649628,0.1378668248653412,2.999277883141043,-3.428247073723022,12.490336842442698,21.68240557466637
293,-6.88289213180542,12.75,21.183364868164062,0.01455002836883068,-0.06142517551779747,-0.07090993225574493,0.09493668377399445,2.999277883141043,-6.839252553519711,12.565768829601414,20.970686276654376
294,-10.111961364746094,12.75,19.845840454101562,-0.055458929389715195,0.08928392082452774,0.09725645184516907,0.1431996077299118,2.999277883141043,-10.278298105087348,13.017787289049123,20.13753957911355
295,-13.092039108276367,12.75,18.01964569091797,-0.06376685947179794,0.09873967617750168,0.10098952800035477,0.15496651828289032,2.999277883141043,-13.283293639567495,13.046147726947689,18.322541348678286
296,-15.749748229980469,12.75,15.749748229980469,0.07448387891054153,-0.07717995345592499,-0.06236157566308975,0.12407077848911285,2.999277883141043,-15.526350379313525,12.518515872577789,15.562708535336338
297,-18.01964569091797,12.75,13.092039108276367,0.12628449499607086,-0.13142113387584686,-0.09913656860589981,0.20747853815555573,2.999277883141043,-17.64088339809262,12.355831499788854,12.794700990646197
298,-19.845840454101562,12.75,10.111961364746094,-0.06262890994548798,0.051950640976428986,0.019502684473991394,0.08367559313774109,2.999277883141043,-20.033681958546296,12.905814408495605,10.170455334950814
299,-21.183364868164062,12.75,6.88289213180542,-0.17708562314510345,0.15320955216884613,0.06087851524353027,0.24194768071174622,2.999277883141043,-21.714493861085423,13.209518021305964,7.065483716133805
300,-21.999282836914062,12.75,3.484344005584717,0.024183383211493492,-0.018241167068481445,0.008619709871709347,0.031494054943323135,2.999277883141043,-21.926750150508305,12.695289671048823,3.5101969107620272
301,-22.27350616455078,12.75,0.0,0.19625605642795563,-0.1607353389263153,-1.4537336889830499e-09,0.25367751717567444,2.999277883141043,-21.684879715073933,12.267910052919122,-4.360151301343901e-09
302,-21.999282836914062,12.75,-3.484344005584717,0.02418333850800991,-0.01824113167822361,-0.008619717322289944,0.03149400278925896,2.999277883141043,-21.926750284586475,12.69528977719404,-3.510196933108389
303,-21.183364868164062,12.75,-6.88289213180542,-0.17708563804626465,0.15320955216884613,-0.06087851524353027,0.24194768071174622,2.999277883141043,-21.714493905778145,13.209518021305964,-7.065483716133805
304,-19.845840454101562,12.75,-10.111961364746094,-0.06262887269258499,0.0519506074488163,-0.019502663984894753,0.08367554098367691,2.999277883141043,-20.03368184681449,12.905814307936977,-10.17045527349832
305,-18.01964569091797,12.75,-13.092039108276367,0.12628452479839325,-0.13142114877700806,0.099136583507061,0.2074785828590393,2.999277883141043,-17.64088330870717,12.355831455096132,-12.794700945953474
306,-15.749748229980469,12.75,-15.749748229980469,0.07448385655879974,-0.0771799236536026,0.06236154958605766,0.12407073378562927,2.999277883141043,-15.52635044635261,12.518515961963235,-15.562708613548603
307,-13.092039108276367,12.75,-18.01964569091797,-0.06376688182353973,0.09873969852924347,-0.10098954290151596,0.1549665480852127,2.999277883141043,-13.283293706606578,13.046147793986774,-18.322541393371008
308,-10.111961364746094,12.75,-19.845840454101562,-0.0554589182138443,0.08928390592336655,-0.09725643694400787,0.14319957792758942,2.999277883141043,-10.278298071567805,13.017787244356398,-20.137539534420828
309,-6.88289213180542,12.75,-21.183364868164062,0.014550037682056427,-0.06142519414424896,0.07090995460748672,0.09493672102689743,2.999277883141043,-6.839252525586759,12.56576877373551,-20.97068620961529
310,-3.484344005584717,12.75,-21.999282836914062,0.018703479319810867,-0.0865752175450325,0.10565117001533508,0.13786680996418,2.999277883141043,-3.428247073723022,12.49033686478906,-21.682405619359095
311,-0.0,12.75,-22.27350616455078,0.00689842039719224,0.02727126143872738,-0.02971002273261547,0.04091448709368706,2.999277883141043,0.020690279725907736,12.831794091278532,-22.36261477864033
312,3.484344005584717,12.75,-21.999282836914062,0.0141693614423275,0.07169722020626068,-0.08634333312511444,0.11312132328748703,2.999277883141043,3.526841857976921,12.96503988684733,-22.258250486312896
313,6.88289213180542,12.75,-21.183364868164062,-0.004847431555390358,-0.00280477455817163,-0.0009595503797754645,0.005681997165083885,2.999277883141043,6.868353337551298,12.74158770170048,-21.186242826395883
314,10.111961364746094,12.75,-19.845840454101562,-0.02954394556581974,-0.051368605345487595,0.05431634932756424,0.08038559556007385,2.999277883141043,10.023350862229808,12.595931278099478,-19.682930628870437
315,13.092039108276367,12.75,-18.01964569091797,-0.006101823877543211,-0.010435554198920727,0.013477152213454247,0.018104327842593193,2.999277883141043,13.07373804287363,12.718700873092857,-17.97922396635643
316,15.749748229980469,12.75,-15.749748229980469,0.028448032215237617,0.03222096338868141,-0.025730302557349205,0.05009520426392555,2.999277883141043,15.835071783822515,12.846639622865169,-15.826920557367254
317,18.01964569091797,12.75,-13.092039108276367,0.015246335417032242,0.01564975455403328,-0.013032332994043827,0.025440268218517303,2.999277883141043,18.065373687533224,12.796937962710498,-13.131126696391132
318,19.845840454101562,12.75,-10.111961364746094,-0.018725505098700523,-0.01709015667438507,0.007515520788729191,0.026442410424351692,2.999277883141043,19.789677460808385,12.698741871067101,-10.08942022946417
319,21.183364868164062,12.75,-6.88289213180542,-0.019899072125554085,-0.017043447121977806,0.007162574678659439,0.02716163918375969,2.999277883141043,21.12368202124286,12.698881965994568,-6.861409579985371
320,21.999282836914062,12.75,-3.484344005584717,0.006365733686834574,0.005297904368489981,0.0006866409676149487,0.008310345001518726,2.999277883141043,22.018375441170953,12.765889887399409,-3.4822845785168908
321,20.74237632751465,14.600000381469727,0.0,0.009551352821290493,0.007492806762456894,-1.9345149093741298e-10,0.01213962584733963,2.999277883141043,20.771023488785623,14.622473391075014,-5.802147782292427e-10
322,20.487003326416016,14.600000381469727,3.2448229789733887,0.0015628893161192536,0.0011816085316240788,-0.0014591456856578588,0.0024429343175143003,2.999277883141043,20.49169086577565,14.603544353805157,3.2404465955901145
323,19.7271728515625,14.600000381469727,6.409747123718262,-0.009654169902205467,-0.007995563559234142,-0.0037212027236819267,0.01307590864598751,2.999277883141043,19.69821731329473,14.576019464523267,6.3985862026904385
324,18.481592178344727,14.600000381469727,9.416842460632324,-0.005184111651033163,-0.0041930703446269035,-0.0005010241875424981,0.006686394568532705,2.999277883141043,18.466043586926048,14.587424198322633,9.415339749867709
325,16.780935287475586,14.600000381469727,12.192063331604004,0.009048916399478912,0.009192422032356262,0.008328180760145187,0.015353895723819733,2.999277883141043,16.808075502298934,14.627571009563871,12.217041859964707
326,14.667075157165527,14.600000381469727,14.667075157165527,0.009315905161201954,0.009148238226771355,0.006233342923223972,0.014468273147940636,2.999277883141043,14.69501614547696,14.627438490052988,14.685770684733187
327,12.192063331604004,14.600000381469727,16.780935287475586,-0.005750435870140791,-0.009927202947437763,-0.01275781448930502,0.01715746894478798,2.999277883141043,12.17481617648027,14.570225941228024,16.742671056640596
328,9.416842460632324,14.600000381469727,18.481592178344727,-0.011471295729279518,-0.017016088590025902,-0.01780538074672222,0.027169274166226387,2.999277883141043,9.382436857060526,14.548964403304094,18.42818889367018
329,6.409747123718262,14.600000381469727,19.7271728515625,-0.001074551371857524,0.007819220423698425,0.012732314877212048,0.014980210922658443,2.999277883141043,6.40652424555435,14.62345239634993,19.76536060197491
330,3.2448229789733887,14.600000381469727,20.487003326416016,0.006556295789778233,0.02718276157975197,0.03401915729045868,0.04403624311089516,2.999277883141043,3.264487131931001,14.681529037078572,20.589036232480385
331,0.0,14.600000381469727,20.74237632751465,0.007392828818410635,-4.8295823944499716e-05,-0.0024530075024813414,0.007789319381117821,2.999277883141043,0.022173147968906747,14.599855528873121,20.735019076365276
332,-3.2448229789733887,14.600000381469727,20.487003326416016,0.008770955726504326,-0.036237284541130066,-0.04662322998046875,0.05969753861427307,2.999277883141043,-3.218516445448875,14.491314695400426,20.347167303895
333,-6.409747123718262,14.600000381469727,19.7271728515625,-0.0037553661968559027,-0.013965816237032413,-0.017868394032120705,0.022987524047493935,2.999277883141043,-6.421010510495587,14.558113017709983,19.67358057253471
334,-9.416842460632324,14.600000381469727,18.481592178344727,-0.02853744849562645,0.03949834778904915,0.044496793299913406,0.06598840653896332,2.999277883141043,-9.502434198746533,14.718466902414034,18.615050426359854
335,-12.192063331604004,14.600000381469727,16.780935287475586,-0.015635576099157333,0.0309735257178545,0.03674698621034622,0.050538815557956696,2.999277883141043,-12.238958769188375,14.692898592118189,16.891149710488367
336,-14.667075157165527,14.600000381469727,14.667075157165527,0.03904300183057785,-0.03451703488826752,-0.02600689046084881,0.058242082595825195,2.999277883141043,-14.54997434528364,14.496474202137739,14.589073265797031
337,-16.780935287475586,14.600000381469727,12.192063331604004,0.04366426542401314,-0.04579819738864899,-0.04013368859887123,0.07493167370557785,2.999277883141043,-16.64997402190574,14.462638860954224,12.07169124702054
338,-18.481592178344727,14.600000381469727,9.416842460632324,-0.032148197293281555,0.022775763645768166,0.002854769816622138,0.039501793682575226,2.999277883141043,-18.578013555469322,14.668311225644127,9.425404708604777
339,-19.7271728515625,14.600000381469727,6.409747123718262,-0.06605570763349533,0.05489853397011757,0.02516084350645542,0.08950013667345047,2.999277883141043,-19.925292274522874,14.764656340223167,6.485211485168346
340,-20.487003326416016,14.600000381469727,3.2448229789733887,0.012091820128262043,-0.007817232981324196,0.011563186533749104,0.01846695877611637,2.999277883141043,-20.4507365977384,14.57655432748148,3.2795041886026968
341,-20.74237632751465,14.600000381469727,0.0,0.07408813387155533,-0.05777736008167267,-1.5703546241141453e-09,0.09395357966423035,2.999277883141043,-20.5201654261905,14.42671002323049,-4.709929892793822e-09
342,-20.487003326416016,14.600000381469727,-3.2448229789733887,0.012091802433133125,-0.007817219011485577,-0.011563189327716827,0.018466942012310028,2.999277883141043,-20.45073665081101,14.576554369380908,-3.2795041969825824
343,-19.7271728515625,14.600000381469727,-6.409747123718262,-0.06605570763349533,0.05489853769540787,-0.02516084350645542,0.08950013667345047,2.999277883141043,-19.925292274522874,14.764656351396349,-6.485211485168346
344,-18.481592178344727,14.600000381469727,-9.416842460632324,-0.03214818611741066,0.02277575246989727,-0.00285476166754961,0.03950177878141403,2.999277883141043,-18.578013521949778,14.668311192124584,-9.425404684163444
345,-16.780935287475586,14.600000381469727,-12.192063331604004,0.04366427659988403,-0.045798204839229584,0.04013369232416153,0.07493168860673904,2.999277883141043,-16.6499739883862,14.462638838607862,-12.071691235847359
346,-14.667075157165527,14.600000381469727,-14.667075157165527,0.03904299437999725,-0.03451702371239662,0.026006881147623062,0.058242067694664,2.999277883141043,-14.549974367630002,14.496474235657281,-14.589073293729983
347,-12.192063331604004,14.600000381469727,-16.780935287475586,-0.01563558354973793,0.030973533168435097,-0.03674699366092682,0.05053882673382759,2.999277883141043,-12.238958791534737,14.69289861446455,-16.891149732834727
348,-9.416842460632324,14.600000381469727,-18.481592178344727,-0.02853744849562645,0.03949834033846855,-0.04449678584933281,0.06598839908838272,2.999277883141043,-9.502434198746533,14.718466880067673,-18.615050404013495
349,-6.409747123718262,14.600000381469727,-19.7271728515625,-0.0037553617730736732,-0.01396582555025816,0.0178684052079916,0.02298753894865513,2.999277883141043,-6.421010497227435,14.558112989777031,-19.67358053901517
350,-3.2448229789733887,14.600000381469727,-20.487003326416016,0.008770957589149475,-0.036237284541130066,0.04662322625517845,0.05969753488898277,2.999277883141043,-3.2185164398622845,14.491314695400426,-20.347167315068177
351,-0.0,14.600000381469727,-20.74237632751465,0.007392828818410635,-4.828831515624188e-05,0.002452997723594308,0.007789316587150097,2.999277883141043,0.022173147968906747,14.599855551394064,-20.735019105694878
352,3.2448229789733887,14.600000381469727,-20.487003326416016,0.006556294858455658,0.02718276157975197,-0.03401916101574898,0.044036246836185455,2.999277883141043,3.2644871291377062,14.681529037078572,-20.589036243653567
353,6.409747123718262,14.600000381469727,-19.7271728515625,-0.0010745537001639605,0.007819215767085552,-0.0127323092892766,0.014980203472077847,2.999277883141043,6.406524238571112,14.623452382383453,-19.765360585215138
354,9.416842460632324,14.600000381469727,-18.481592178344727,-0.011471296660602093,-0.01701609045267105,0.01780538447201252,0.027169277891516685,2.999277883141043,9.382436854267231,14.548964397717503,-18.428188882496997
355,12.192063331604004,14.600000381469727,-16.780935287475586,-0.005750433076173067,-0.009927199222147465,0.01275781262665987,0.01715746335685253,2.999277883141043,12.174816184860155,14.570225952401204,-16.74267106222719
356,14.667075157165527,14.600000381469727,-14.667075157165527,0.009315907023847103,0.009148241020739079,-0.006233345251530409,0.014468276873230934,2.999277883141043,14.69501615106355,14.627438498432873,-14.685770691716424
357,16.780935287475586,14.600000381469727,-12.192063331604004,0.009048914536833763,0.009192420169711113,-0.008328180760145187,0.015353893861174583,2.999277883141043,16.808075496712345,14.62757100397728,-12.217041859964707
358,18.481592178344727,14.600000381469727,-9.416842460632324,-0.0051841139793396,-0.004193072207272053,0.0005010255263186991,0.006686398293823004,2.999277883141043,18.46604357994281,14.587424192736043,-9.415339745852348
359,19.7271728515625,14.600000381469727,-6.409747123718262,-0.009654169902205467,-0.007995563559234142,0.0037212029565125704,0.01307590864598751,2.999277883141043,19.69821731329473,14.576019464523267,-6.3985862019921145
360,20.487003326416016,14.600000381469727,-3.2448229789733887,0.0015628916444256902,0.001181610394269228,0.0014591452199965715,0.0024429364129900932,2.999277883141043,20.491690872758888,14.603544359391748,-3.240446596986762
361,19.854076385498047,16.399999618530273,0.0,-0.0019544761162251234,0.001587661448866129,6.374837289990776e-12,0.0025180638767778873,2.999277883141043,19.848214368509524,16.404761456399772,1.9119908492492118e-11
362,19.609638214111328,16.399999618530273,3.1058619022369385,-0.000970232009422034,-6.747237785020843e-05,-0.00010782758909044787,0.0009785343427211046,2.999277883141043,19.606728218703953,16.399797250119665,3.105538497333787
363,18.882347106933594,16.399999618530273,6.135247230529785,0.0014683958142995834,-0.0019083655206486583,0.0006246395641937852,0.0024876133538782597,2.999277883141043,18.88675123402312,16.394275900031243,6.137120698159606
364,17.69011116027832,16.399999618530273,9.013562202453613,0.0025439360179007053,-1.112766403821297e-05,0.0013387941289693117,0.0028747355099767447,2.999277883141043,17.697741131312934,16.399966243573633,9.01757761807471
365,16.062284469604492,16.399999618530273,11.669933319091797,-0.0002442791883368045,0.002804884687066078,-0.00048461093683727086,0.0028569037094712257,2.999277883141043,16.061551808437603,16.40841224713695,11.668479836227013
366,14.038951873779297,16.399999618530273,14.038951873779297,-0.003178061218932271,0.0007531909504905343,-0.0034395293332636356,0.004743177443742752,2.999277883141043,14.029419985054085,16.402258647489862,14.028635769521625
367,11.669933319091797,16.399999618530273,16.062284469604492,-0.0012553014094009995,-0.004056862089782953,-0.001168947434052825,0.004404583014547825,2.999277883141043,11.666168321337905,16.387831961789434,16.058778471418982
368,9.013562202453613,16.399999618530273,17.69011116027832,0.0022594344336539507,-0.0027579108718782663,0.005409922916442156,0.006479072850197554,2.999277883141043,9.02033887417888,16.391727877448574,17.706337022431104
369,6.135247230529785,16.399999618530273,18.882347106933594,0.0018288581632077694,0.004886128939688206,0.004731034394353628,0.007042844779789448,2.999277883141043,6.140732484370096,16.414654476993256,18.896536793756958
370,3.1058619022369385,16.399999618530273,19.609638214111328,-1.8055989130516537e-05,0.006361964158713818,-0.00505818659439683,0.00812774058431387,2.999277883141043,3.105807747308081,16.41908091692484,19.594467306929953
371,0.0,16.399999618530273,19.854076385498047,7.33004417270422e-05,-0.003708313684910536,-0.008146162144839764,0.00895080529153347,2.999277883141043,0.00021984839369638653,16.388877355311372,19.829643781544547
372,-3.1058619022369385,16.399999618530273,19.609638214111328,-0.001151852309703827,-0.010419976897537708,0.0017767124809324741,0.010632939636707306,2.999277883141043,-3.109316627394078,16.36874721227865,19.61496706856009
373,-6.135247230529785,16.399999618530273,18.882347106933594,-0.003181498497724533,-0.00047034380258992314,0.008007563650608063,0.008629266172647476,2.999277883141043,-6.144789428609257,16.398588926765694,18.906364015488705
374,-9.013562202453613,16.399999618530273,17.69011116027832,6.653917080257088e-05,0.012468104250729084,0.0009585836669430137,0.01250507589429617,2.999277883141043,-9.013362632990262,16.437394927854182,17.692986219069724
375,-11.669933319091797,16.399999618530273,16.062284469604492,0.004473051056265831,0.006417845841497183,-0.004988727159798145,0.009278164245188236,2.999277883141043,-11.656517395988578,16.419248521620084,16.047321890569084
376,-14.038951873779297,16.399999618530273,14.038951873779297,0.0005684189964085817,-0.010944228619337082,-0.0005813213647343218,0.01097438670694828,2.999277883141043,-14.037247027255011,16.367174835684256,14.037208329467052
377,-16.062284469604492,16.399999618530273,11.669933319091797,-0.004657273180782795,-0.011408979073166847,0.0029358034953475,0.012667831033468246,2.999277883141043,-16.07625292605136,16.365780919926905,11.678738609584641
378,-17.69011116027832,16.399999618530273,9.013562202453613,0.0005539138801395893,0.006800992414355278,-0.0004127963038627058,0.006835986860096455,2.999277883141043,-17.688449818628452,16.42039768466206,9.012324111629196
379,-18.882347106933594,16.399999618530273,6.135247230529785,0.00624452019110322,0.013851852156221867,-0.002002047374844551,0.015325666405260563,2.999277883141043,-18.86361805563359,16.44154517234297,6.129242534117413
380,-19.609638214111328,16.399999618530273,3.1058619022369385,-0.0006713875918649137,-0.002178934868425131,5.5768206948414445e-05,0.002280707936733961,2.999277883141043,-19.611651892066625,16.3934643873706,3.1060291665866213
381,-19.854076385498047,16.399999618530273,0.0,-0.007539903279393911,-0.014394812285900116,1.084098436021641e-11,0.016249945387244225,2.999277883141043,-19.876690650644957,16.356825576409207,3.251512462307503e-11
382,-19.609638214111328,16.399999618530273,-3.1058619022369385,-0.0006713859038427472,-0.002178931375965476,-5.576793410000391e-05,0.0022807042114436626,2.999277883141043,-19.611651887003777,16.39346439784546,-3.1060291657682733
383,-18.882347106933594,16.399999618530273,-6.135247230529785,0.00624452019110322,0.013851853087544441,0.0020020476076751947,0.015325666405260563,2.999277883141043,-18.86361805563359,16.441545175136266,-6.12924253341909
384,-17.69011116027832,16.399999618530273,-9.013562202453613,0.0005539126577787101,0.006800989154726267,0.0004127957217860967,0.0068359836004674435,2.999277883141043,-17.688449822294654,16.420397674885525,-9.012324113375005
385,-16.062284469604492,16.399999618530273,-11.669933319091797,-0.004657273180782795,-0.011408980935811996,-0.0029358034953475,0.012667832896113396,2.999277883141043,-16.07625292605136,16.365780914340316,-11.678738609584641
386,-14.038951873779297,16.399999618530273,-14.038951873779297,0.0005684200441464782,-0.010944226756691933,0.0005813222378492355,0.010974385775625706,2.999277883141043,-14.037247024112554,16.367174841270845,-14.037208326848338
387,-11.669933319091797,16.399999618530273,-16.062284469604492,0.004473051056265831,0.006417848635464907,0.004988727159798145,0.009278166107833385,2.999277883141043,-11.656517395988578,16.41924852999997,-16.047321890569084
388,-9.013562202453613,16.399999618530273,-17.69011116027832,6.653821037616581e-05,0.01246810331940651,-0.0009585851803421974,0.012505074962973595,2.999277883141043,-9.013362635870848,16.437394925060886,-17.692986223608827
389,-6.135247230529785,16.399999618530273,-18.882347106933594,-0.0031814987305551767,-0.00047034656745381653,-0.008007563650608063,0.008629266172647476,2.999277883141043,-6.144789429307581,16.3985889184731,-18.906364015488705
390,-3.1058619022369385,16.399999618530273,-19.609638214111328,-0.0011518519604578614,-0.010419976897537708,-0.001776710501872003,0.010632938705384731,2.999277883141043,-3.1093166263465926,16.36874721227865,-19.614967062624338
391,-0.0,16.399999618530273,-19.854076385498047,7.33006454538554e-05,-0.0037083118222653866,0.008146162144839764,0.00895080529153347,2.999277883141043,0.00021984900472971154,16.38887736089796,-19.829643781544547
392,3.1058619022369385,16.399999618530273,-19.609638214111328,-1.805570900614839e-05,0.0063619655556976795,0.00505818473175168,0.00812774058431387,2.999277883141043,3.105807748148252,16.419080921114784,-19.594467312516542
393,6.135247230529785,16.399999618530273,-18.882347106933594,0.001828858396038413,0.004886127542704344,-0.00473103579133749,0.007042844779789448,2.999277883141043,6.14073248506842,16.414654472803313,-18.8965367979469
394,9.013562202453613,16.399999618530273,-17.69011116027832,0.0022594339679926634,-0.0027579120360314846,-0.0054099224507808685,0.006479072850197554,2.999277883141043,9.020338872782231,16.391727873956956,-17.706337021034457
395,11.669933319091797,16.399999618530273,-16.062284469604492,-0.0012553021078929305,-0.004056862089782953,0.0011689484817907214,0.004404583480209112,2.999277883141043,11.666168319242933,16.387831961789434,-16.058778468276525
396,14.038951873779297,16.399999618530273,-14.038951873779297,-0.0031780609861016273,0.0007531917071901262,0.0034395293332636356,0.004743177443742752,2.999277883141043,14.029419985752408,16.402258649759414,-14.028635769521625
397,16.062284469604492,16.399999618530273,-11.669933319091797,-0.00024427848984487355,0.002804884687066078,0.00048461041296832263,0.002856903476640582,2.999277883141043,16.061551810532574,16.40841224713695,-11.668479837798241
398,17.69011116027832,16.399999618530273,-9.013562202453613,0.002543936250731349,-1.1128199730592314e-05,-0.0013387942453846335,0.0028747357428073883,2.999277883141043,17.69774113201126,16.399966241966943,-9.017577618423871
399,18.882347106933594,16.399999618530273,-6.135247230529785,0.0014683953486382961,-0.0019083655206486583,-0.0006246393895708025,0.0024876128882169724,2.999277883141043,18.886751232626473,16.394275900031243,-6.137120697635863
400,19.609638214111328,16.399999618530273,-3.1058619022369385,-0.0009702324168756604,-6.747198494849727e-05,0.00010782766912598163,0.00097853469196707,2.999277883141043,19.606728217481887,16.399797251298086,-3.1055384970937383
401,18.965774536132812,18.200000762939453,0.0,-0.00840770360082388,-0.0018536377465352416,1.5485257520708728e-10,0.008609614335000515,2.999277883141043,18.940557496674856,18.194441188242916,4.6444590396605194e-10
402,18.732275009155273,18.200000762939453,2.9669010639190674,-0.0016634254716336727,-0.00039845731225796044,0.0010924908565357327,0.00202960311435163,2.999277883141043,18.72728593392795,18.19880567873542,2.9701777475826088
403,18.03752326965332,18.200000762939453,5.86074686050415,0.008142149075865746,0.001867392915301025,0.0031949602998793125,0.008943685330450535,2.999277883141043,18.0619438372978,18.20560159320945,5.870329434269092
404,16.898630142211914,18.200000762939453,8.610281944274902,0.005055725108832121,0.0012929898221045732,0.0009967978112399578,0.005312794353812933,2.999277883141043,16.913793666714074,18.20387879871602,8.613271617904118
405,15.343634605407715,18.200000762939453,11.14780330657959,-0.006971532013267279,-0.0018639796180650592,-0.006557202432304621,0.009750568307936192,2.999277883141043,15.322725043628713,18.194410170096365,11.1281364343491
406,13.41082763671875,18.200000762939453,13.41082763671875,-0.008323066867887974,-0.0025386642664670944,-0.0062471055425703526,0.01071188971400261,2.999277883141043,13.385864446341989,18.19238660335232,13.39209083123127
407,11.14780330657959,18.200000762939453,15.343634605407715,0.003643232397735119,0.001496651559136808,0.008868392556905746,0.009703684598207474,2.999277883141043,11.15873037293326,18.20448963685954,15.370233379062656
408,8.610281944274902,18.200000762939453,16.898630142211914,0.00928526371717453,0.004127064254134893,0.015644054859876633,0.018654361367225647,2.999277883141043,8.638131030380956,18.212378975479183,16.945551009955786
409,5.86074686050415,18.200000762939453,18.03752326965332,0.001745204208418727,-0.00023601386055815965,-0.006356834899634123,0.006596270948648453,2.999277883141043,5.865981212888025,18.199292891787366,18.018457355332067
410,2.9669010639190674,18.200000762939453,18.732275009155273,-0.00424986332654953,-0.005386561620980501,-0.026203390210866928,0.027086786925792694,2.999277883141043,2.954154542837375,18.18384496780347,18.653683760432507
411,0.0,18.200000762939453,18.965774536132812,-0.004724903963506222,-0.001787641434930265,-0.003290309803560376,0.006028807256370783,2.999277883141043,-0.014171299957709665,18.19463912952068,18.955905982710313
412,-2.9669010639190674,18.200000762939453,18.732275009155273,-0.006620322819799185,0.005713390186429024,0.031261034309864044,0.03246111050248146,2.999277883141043,-2.986757251731745,18.217136807763364,18.826035537964962
413,-5.86074686050415,18.200000762939453,18.03752326965332,0.00012880595750175416,0.0038098199293017387,0.01607557013630867,0.016521356999874115,2.999277883141043,-5.860360535644599,18.21142747159216,18.085738371622032
414,-8.610281944274902,18.200000762939453,16.898630142211914,0.017909713089466095,-0.005355594214051962,-0.027327002957463264,0.033108990639448166,2.999277883141043,-8.556565737912265,18.18393784766217,16.816668866629065
415,-11.14780330657959,18.200000762939453,15.343634605407715,0.01239108107984066,-0.005512756295502186,-0.025171708315610886,0.028592731803655624,2.999277883141043,-11.110639011148617,18.183466474907206,15.268137657375826
416,-13.41082763671875,18.200000762939453,13.41082763671875,-0.023993147537112236,0.004774137865751982,0.0164354108273983,0.029471786692738533,2.999277883141043,-13.482789753473751,18.21431972905127,13.460122000913703
417,-15.343634605407715,18.200000762939453,11.14780330657959,-0.02934987284243107,0.0072662923485040665,0.02613125741481781,0.039963189512491226,2.999277883141043,-15.43166302989702,18.22179439287276,11.226178209002518
418,-16.898630142211914,18.200000762939453,8.610281944274902,0.02122494764626026,-0.0036824080161750317,-0.0029755933210253716,0.021746555343270302,2.999277883141043,-16.83497062616566,18.188956198019838,8.601357313037928
419,-18.03752326965332,18.200000762939453,5.86074686050415,0.04502061381936073,-0.009072097949683666,-0.01702454499900341,0.04897952452301979,2.999277883141043,-17.90249393833948,18.172791020205278,5.8096855192181
420,-18.732275009155273,18.200000762939453,2.9669010639190674,-0.008625086396932602,0.0014562064316123724,-0.006824849639087915,0.011094648391008377,2.999277883141043,-18.758144040025773,18.204368330683074,2.9464314433407877
421,-18.965774536132812,18.200000762939453,0.0,-0.051640234887599945,0.009923080913722515,9.638077003160106e-10,0.052584994584321976,2.999277883141043,-19.1206579505114,18.2297628400566,2.8907271191588413e-09
422,-18.732275009155273,18.200000762939453,-2.9669010639190674,-0.008625075221061707,0.0014562041033059359,0.006824851501733065,0.011094640009105206,2.999277883141043,-18.75814400650623,18.20436832369984,-2.9464314377541974
423,-18.03752326965332,18.200000762939453,-5.86074686050415,0.04502061754465103,-0.00907209888100624,0.01702454499900341,0.04897952824831009,2.999277883141043,-17.902493927166297,18.17279101741198,-5.8096855192181
424,-16.898630142211914,18.200000762939453,-8.610281944274902,0.021224938333034515,-0.0036824061535298824,0.0029755879659205675,0.021746546030044556,2.999277883141043,-16.834970654098612,18.188956203606427,-8.601357329099375
425,-15.343634605407715,18.200000762939453,-11.14780330657959,-0.029349878430366516,0.007266293279826641,-0.02613125927746296,0.03996319696307182,2.999277883141043,-15.43166304665679,18.221794395666052,-11.226178214589108
426,-13.41082763671875,18.200000762939453,-13.41082763671875,-0.023993143811821938,0.0047741360031068325,-0.016435403376817703,0.029471781104803085,2.999277883141043,-13.48278974230057,18.21431972346468,-13.460121978567342
427,-11.14780330657959,18.200000762939453,-15.343634605407715,0.012391086667776108,-0.005512757692486048,0.025171713903546333,0.02859273925423622,2.999277883141043,-11.110638994388845,18.183466470717264,-15.268137640616054
428,-8.610281944274902,18.200000762939453,-16.898630142211914,0.017909711226820946,-0.0053555928170681,0.027326997369527817,0.03310898318886757,2.999277883141043,-8.556565743498856,18.18393785185211,-16.816668883388836
429,-5.86074686050415,18.200000762939453,-18.03752326965332,0.0001288030034629628,0.0038098213262856007,-0.016075577586889267,0.01652136631309986,2.999277883141043,-5.860360544504582,18.211427475782102,-18.085738393968395
430,-2.9669010639190674,18.200000762939453,-18.732275009155273,-0.006620323751121759,0.0057133897207677364,-0.031261034309864044,0.03246111050248146,2.999277883141043,-2.98675725452504,18.217136806366717,-18.826035537964962
431,-0.0,18.200000762939453,-18.965774536132812,-0.004724903963506222,-0.001787642715498805,0.003290316555649042,0.006028811447322369,2.999277883141043,-0.014171299957709665,18.1946391256799,-18.95590596245892
432,2.9669010639190674,18.200000762939453,-18.732275009155273,-0.004249862860888243,-0.005386561155319214,0.026203390210866928,0.027086786925792694,2.999277883141043,2.9541545442340227,18.183844969200116,-18.653683760432507
433,5.86074686050415,18.200000762939453,-18.03752326965332,0.0017452060710638762,-0.00023601272550877184,0.00635683024302125,0.006596266757696867,2.999277883141043,5.865981218474616,18.199292895191697,-18.018457369298545
434,8.610281944274902,18.200000762939453,-16.898630142211914,0.00928526371717453,0.004127064254134893,-0.015644056722521782,0.018654363229870796,2.999277883141043,8.638131030380956,18.212378975479183,-16.945551015542378
435,11.14780330657959,18.200000762939453,-15.343634605407715,0.0036432300694286823,0.0014966507442295551,-0.008868390694260597,0.00970368180423975,2.999277883141043,11.158730365950023,18.204489634415406,-15.370233373476065
436,13.41082763671875,18.200000762939453,-13.41082763671875,-0.008323067799210548,-0.0025386647321283817,0.006247107405215502,0.010711891576647758,2.999277883141043,13.385864443548694,18.192386601955672,-13.392090825644681
437,15.343634605407715,18.200000762939453,-11.14780330657959,-0.006971530616283417,-0.0018639791524037719,0.0065572019666433334,0.009750567376613617,2.999277883141043,15.322725047818656,18.19441017149301,-11.128136435745748
438,16.898630142211914,18.200000762939453,-8.610281944274902,0.00505572697147727,0.0012929902877658606,-0.000996798975393176,0.0053127966821193695,2.999277883141043,16.913793672300667,18.203878800112665,-8.613271621395736
439,18.03752326965332,18.200000762939453,-5.86074686050415,0.008142148144543171,0.0018673926824703813,-0.0031949602998793125,0.00894368439912796,2.999277883141043,18.061943834504508,18.205601592511126,-5.870329434269092
440,18.732275009155273,18.200000762939453,-2.9669010639190674,-0.0016634274506941438,-0.0003984577488154173,-0.0010924905072897673,0.002029604744166136,2.999277883141043,18.727285927992195,18.198805677426066,-2.970177746535123
441,18.7268009185791,20.049999237060547,0.0,-0.005763836670666933,-0.0015521125169470906,4.373558459835891e-11,0.00596915977075696,2.999277883141043,18.70951357073073,20.04534402031632,1.3117517159210192e-10
442,18.49624252319336,20.049999237060547,2.9295170307159424,-0.0007486745016649365,-0.0002946458989754319,0.0002716252929531038,0.0008491819608025253,2.999277883141043,18.493997040318845,20.049115512132392,2.9303317104495985
443,17.810245513916016,20.049999237060547,5.786899089813232,0.005894639529287815,0.0015882469015195966,0.0019402230391278863,0.006405760534107685,2.999277883141043,17.827925175885298,20.054762830865243,5.792718357862849
444,16.685701370239258,20.049999237060547,8.501789093017578,0.002417344134300947,0.0009649113635532558,0.0006979889585636556,0.00269477185793221,2.999277883141043,16.692951657037206,20.052893274372444,8.503882555863674
445,15.150300025939941,20.049999237060547,11.007336616516113,-0.0060763293877244,-0.0016837671864777803,-0.004528255667537451,0.007762857247143984,2.999277883141043,15.13207542559666,20.044949151377786,10.99375511944326
446,13.241847038269043,20.049999237060547,13.241847038269043,-0.004652431700378656,-0.001971724908798933,-0.0036697126924991608,0.006244967225939035,2.999277883141043,13.227893102767274,20.04408548614995,13.230840550152948
447,11.007336616516113,20.049999237060547,15.150300025939941,0.005022487137466669,0.0015577373560518026,0.00755125330761075,0.009201811626553535,2.999277883141043,11.022400451105877,20.054671324260294,15.172948332975453
448,8.501789093017578,20.049999237060547,16.685701370239258,0.006388741545379162,0.003407825017347932,0.010538632050156593,0.012786400504410267,2.999277883141043,8.520950704235737,20.060220251264692,16.717309656265854
449,5.786899089813232,20.049999237060547,17.810245513916016,-0.0015141281764954329,-0.0006640484207309783,-0.007884707301855087,0.008056187070906162,2.999277883141043,5.782357798661229,20.048007571318912,17.78659708569052
450,2.9295170307159424,20.049999237060547,18.49624252319336,-0.00400184839963913,-0.004735811613500118,-0.02039543353021145,0.021317044273018837,2.999277883141043,2.917514375319221,20.035795222029453,18.435070950489123
451,0.0,20.049999237060547,18.7268009185791,-0.0017050235765054822,-0.0010476283496245742,0.001705774338915944,0.002629505004733801,2.999277883141043,-0.005113839503246933,20.046857108521767,18.73191700982744
452,-2.9295170307159424,20.049999237060547,18.49624252319336,-0.0042107379995286465,0.0053169867023825645,0.027324652299284935,0.028153814375400543,2.999277883141043,-2.9421462040696302,20.06594635768196,18.578196748499124
453,-5.786899089813232,20.049999237060547,17.810245513916016,-0.0008479835232719779,0.002984540071338415,0.009359545074403286,0.009860407561063766,2.999277883141043,-5.78944242803985,20.05895070208786,17.838317390453934
454,-8.501789093017578,20.049999237060547,16.685701370239258,0.014138961210846901,-0.005173323675990105,-0.02606009691953659,0.030096545815467834,2.999277883141043,-8.459382419367296,20.03448300177682,16.60753989791598
455,-11.007336616516113,20.049999237060547,15.150300025939941,0.011021498590707779,-0.004762615542858839,-0.018606631085276604,0.02214413322508335,2.999277883141043,-10.974280079553933,20.035714829596948,15.094493568846106
456,-13.241847038269043,20.049999237060547,13.241847038269043,-0.01956050843000412,0.004616116639226675,0.01729486510157585,0.026514794677495956,2.999277883141043,-13.300514438586148,20.06384425360258,13.293719144660107
457,-15.150300025939941,20.049999237060547,11.007336616516113,-0.025319917127490044,0.006520734168589115,0.020383164286613464,0.03315255045890808,2.999277883141043,-15.226241493383386,20.06955673083424,11.068471390349384
458,-16.685701370239258,20.049999237060547,8.501789093017578,0.016923606395721436,-0.0034814949613064528,-0.006065400317311287,0.018311699852347374,2.999277883141043,-16.634942771873586,20.039557266222833,8.48359727199347
459,-17.810245513916016,20.049999237060547,5.786899089813232,0.03778227046132088,-0.008187464438378811,-0.013228372670710087,0.04085981473326683,2.999277883141043,-17.69692598574652,20.025442756051515,5.747223524232024
460,-18.49624252319336,20.049999237060547,2.9295170307159424,-0.006694982293993235,0.001353478292003274,-0.0016548361163586378,0.007028027903288603,2.999277883141043,-18.516322635515753,20.054058694567065,2.924553717351925
461,-18.7268009185791,20.049999237060547,0.0,-0.04275233671069145,0.008944733999669552,3.1967317681846907e-10,0.04367803409695625,2.999277883141043,-18.855027056528076,20.076826979916337,9.587886890650703e-10
462,-18.49624252319336,20.049999237060547,-2.9295170307159424,-0.006694972515106201,0.001353476312942803,0.0016548378625884652,0.007028018124401569,2.999277883141043,-18.516322606186154,20.05405868863131,-2.924553712114496
463,-17.810245513916016,20.049999237060547,-5.786899089813232,0.037782274186611176,-0.008187465369701385,0.013228372670710087,0.04085981845855713,2.999277883141043,-17.696925974573343,20.02544275325822,-5.747223524232024
464,-16.685701370239258,20.049999237060547,-8.501789093017578,0.01692359894514084,-0.003481493331491947,0.006065396126359701,0.018311690539121628,2.999277883141043,-16.63494279421995,20.0395572711111,-8.483597284563299
465,-15.150300025939941,20.049999237060547,-11.007336616516113,-0.025319920852780342,0.006520735565572977,-0.020383168011903763,0.03315255418419838,2.999277883141043,-15.226241504556567,20.069556735024182,-11.068471401522563
466,-13.241847038269043,20.049999237060547,-13.241847038269043,-0.019560502842068672,0.004616115242242813,-0.017294859513640404,0.02651478908956051,2.999277883141043,-13.300514421826376,20.063844249412636,-13.293719127900337
467,-11.007336616516113,20.049999237060547,-15.150300025939941,0.011021502315998077,-0.004762616474181414,0.01860663667321205,0.022144140675663948,2.999277883141043,-10.974280068380752,20.035714826803652,-15.094493552086336
468,-8.501789093017578,20.049999237060547,-16.685701370239258,0.014138960279524326,-0.00517332274466753,0.026060093194246292,0.030096542090177536,2.999277883141043,-8.45938242216059,20.034483004570117,-16.607539909089162
469,-5.786899089813232,20.049999237060547,-17.810245513916016,-0.0008479856769554317,0.0029845412354916334,-0.009359551593661308,0.009860414080321789,2.999277883141043,-5.789442434499345,20.05895070557948,-17.838317410007
470,-2.9295170307159424,20.049999237060547,-18.49624252319336,-0.0042107379995286465,0.005316986236721277,-0.027324650436639786,0.028153812512755394,2.999277883141043,-2.9421462040696302,20.06594635628531,-18.57819674291253
471,-0.0,20.049999237060547,-18.7268009185791,-0.001705023692920804,-0.0010476296301931143,-0.0017057686345651746,0.0026295017451047897,2.999277883141043,-0.005113839852408833,20.046857104680985,-18.73191699271851
472,2.9295170307159424,20.049999237060547,-18.49624252319336,-0.00400184839963913,-0.004735811613500118,0.020395435392856598,0.021317046135663986,2.999277883141043,2.917514375319221,20.035795222029453,-18.43507094490253
473,5.786899089813232,20.049999237060547,-17.810245513916016,-0.001514126779511571,-0.0006640474312007427,0.007884703576564789,0.008056183345615864,2.999277883141043,5.7823578028511715,20.04800757428679,-17.7865970968637
474,8.501789093017578,20.049999237060547,-16.685701370239258,0.0063887424767017365,0.0034078252501785755,-0.010538634844124317,0.01278640329837799,2.999277883141043,8.520950707029034,20.060220251963017,-16.71730966464574
475,11.007336616516113,20.049999237060547,-15.150300025939941,0.005022485740482807,0.0015577366575598717,-0.007551251444965601,0.009201809763908386,2.999277883141043,11.022400446915935,20.054671322165323,-15.172948327388864
476,13.241847038269043,20.049999237060547,-13.241847038269043,-0.004652433097362518,-0.0019717251416295767,0.0036697143223136663,0.006244969088584185,2.999277883141043,13.22789309857733,20.044085485451625,-13.230840545264682
477,15.150300025939941,20.049999237060547,-11.007336616516113,-0.006076328456401825,-0.0016837669536471367,0.0045282552018761635,0.007762855850160122,2.999277883141043,15.132075428389955,20.04494915207611,-10.993755120839907
478,16.685701370239258,20.049999237060547,-8.501789093017578,0.002417345531284809,0.0009649117710068822,-0.0006979896570555866,0.0026947734877467155,2.999277883141043,16.69295166122715,20.05289327559451,-8.503882557958645
479,17.810245513916016,20.049999237060547,-5.786899089813232,0.005894639063626528,0.0015882467851042747,-0.0019402230391278863,0.006405760068446398,2.999277883141043,17.82792517448865,20.05476283051608,-5.792718357862849
480,18.49624252319336,20.049999237060547,-2.9295170307159424,-0.0007486758404411376,-0.00029464627732522786,-0.0002716250601224601,0.0008491831831634045,2.999277883141043,18.493997036303483,20.049115510997616,-2.9303317097512744
481,18.487825393676758,21.899999618530273,0.0,0.00093365233624354,-0.0005848377477377653,-5.232092103318875e-12,0.001101699541322887,2.999277883141043,18.490625676479397,21.898245527608257,-1.5692498128041204e-11
482,18.260208129882812,21.899999618530273,2.8921329975128174,0.0005287871463224292,-0.00010166050196858123,4.830434772884473e-05,0.0005406329873949289,2.999277883141043,18.261794109475666,21.89969471043513,2.89227787567462
483,17.582965850830078,21.899999618530273,5.713051795959473,-0.0006618031184189022,0.000592305266764015,-0.0003799781552515924,0.0009660187643021345,2.999277883141043,17.58098091937401,21.901776106616946,5.71191213588235
484,16.4727725982666,21.899999618530273,8.39329719543457,-0.0015094801783561707,0.0003128740645479411,-0.0008390945731662214,0.001755135483108461,2.999277883141043,16.46824524775262,21.90093801479228,8.39078051763941
485,14.956965446472168,21.899999618530273,10.866870880126953,-0.00034525018418207765,-0.0006526794750243425,0.0001390158577123657,0.0007513411692343652,2.999277883141043,14.9559299452306,21.898042051416052,10.867287827314396
486,13.072866439819336,21.899999618530273,13.072866439819336,0.001710076816380024,-0.0006576529121957719,0.002200862392783165,0.0028636802453547716,2.999277883141043,13.077995435393177,21.89802713469594,13.079467437717847
487,10.866870880126953,21.899999618530273,14.956965446472168,0.0016562464879825711,0.0006684434483759105,0.0017365822568535805,0.002491121646016836,2.999277883141043,10.87183842358739,21.90200446618112,14.962173939227403
488,8.39329719543457,21.899999618530273,16.4727725982666,-0.00034993630833923817,0.0012347950832918286,-0.0024414248764514923,0.00275821122340858,2.999277883141043,8.392247639204461,21.903703112113803,16.46545008663131
489,5.713051795959473,21.899999618530273,17.582965850830078,-0.0014154649106785655,-0.00032837389153428376,-0.004647010937333107,0.004868889227509499,2.999277883141043,5.708806423358512,21.899014733979993,17.56902817370302
490,2.8921329975128174,21.899999618530273,18.260208129882812,-0.0010909046977758408,-0.0017503643175587058,-0.0001972581958398223,0.0020718974992632866,2.999277883141043,2.8888610711801634,21.89474978954518,18.25961649773876
491,0.0,21.899999618530273,18.487825393676758,-0.0008316927123814821,-0.00037601040094159544,0.005429995711892843,0.005506173707544804,2.999277883141043,-0.0024944775578153644,21.8988718588509,18.50411145972099
492,-2.8921329975128174,21.899999618530273,18.260208129882812,0.00012064776819897816,0.0018628448015078902,0.0039006350561976433,0.004324315115809441,2.999277883141043,-2.891771141330008,21.90558680774316,18.27190721833707
493,-5.713051795959473,21.899999618530273,17.582965850830078,0.002338981255888939,0.0010563317919149995,-0.0026266758795827627,0.003672342048957944,2.999277883141043,-5.7060365412096035,21.90316785111102,17.575087719958265
494,-8.39329719543457,21.899999618530273,16.4727725982666,0.0025674665812402964,-0.001700343913398683,-0.004963335581123829,0.005841040518134832,2.999277883141043,-8.385596649701753,21.894899814637082,16.45788617563153
495,-10.866870880126953,21.899999618530273,14.956965446472168,-0.0010716044344007969,-0.0015413591172546148,-0.001017852802760899,0.002135450253263116,2.999277883141043,-10.870084919606528,21.895376654219913,14.953912623072554
496,-13.072866439819336,21.899999618530273,13.072866439819336,-0.0039466917514801025,0.0015530914533883333,0.002818432403728366,0.005092350300401449,2.999277883141043,-13.084703665101125,21.904657771376918,13.081319701792966
497,-14.956965446472168,21.899999618530273,10.866870880126953,-0.0015170123660936952,0.0020783133804798126,0.002400026423856616,0.0035186419263482094,2.999277883141043,-14.961515388110245,21.90623305788658,10.87406922629898
498,-16.4727725982666,21.899999618530273,8.39329719543457,0.0029042111709713936,-0.0012997776502743363,-9.500676242168993e-05,0.0031832202803343534,2.999277883141043,-16.464062061933536,21.896101224170806,8.39301224375329
499,-17.582965850830078,21.899999618530273,5.713051795959473,0.0030750748701393604,-0.002772033214569092,-0.001509801484644413,0.004406785126775503,2.999277883141043,-17.573742846783066,21.891685520618484,5.708523481758645
500,-18.260208129882812,21.899999618530273,2.8921329975128174,-0.0009334054193459451,0.0005483229178935289,-0.0012179765617474914,0.0016295308014377952,2.999277883141043,-18.263007672113062,21.901644191330732,2.888479947348984
501,-18.487825393676758,21.899999618530273,0.0,-0.003386945929378271,0.0031397363636642694,1.5790460605735746e-10,0.004618370905518532,2.999277883141043,-18.497983785694135,21.909416560364704,4.735997925939314e-10
502,-18.260208129882812,21.899999618530273,-2.8921329975128174,-0.0009334046626463532,0.000548322219401598,0.0012179766781628132,0.001629530219361186,2.999277883141043,-18.263007669843507,21.90164418923576,-2.888479946999822
503,-17.582965850830078,21.899999618530273,-5.713051795959473,0.0030750753358006477,-0.0027720334473997355,0.0015098013682290912,0.004406785126775503,2.999277883141043,-17.57374284538642,21.89168551992016,-5.7085234821078075
504,-16.4727725982666,21.899999618530273,-8.39329719543457,0.0029042107053101063,-0.001299777184613049,9.500626765657216e-05,0.0031832195818424225,2.999277883141043,-16.464062063330182,21.896101225567453,-8.393012245237228
505,-14.956965446472168,21.899999618530273,-10.866870880126953,-0.001517013181000948,0.0020783138461411,-0.0024000268895179033,0.003518642857670784,2.999277883141043,-14.961515390554377,21.90623305928323,-10.874069227695628
506,-13.072866439819336,21.899999618530273,-13.072866439819336,-0.003946691285818815,0.0015530911041423678,-0.0028184319380670786,0.005092349369078875,2.999277883141043,-13.084703663704477,21.904657770329433,-13.08131970039632
507,-10.866870880126953,21.899999618530273,-14.956965446472168,-0.001071603619493544,-0.0015413594665005803,0.0010178538504987955,0.002135450718924403,2.999277883141043,-10.870084917162394,21.895376653172427,-14.953912619930097
508,-8.39329719543457,21.899999618530273,-16.4727725982666,0.0025674670469015837,-0.0017003436805680394,0.004963335581123829,0.00584104098379612,2.999277883141043,-8.385596648305105,21.894899815335407,-16.45788617563153
509,-5.713051795959473,21.899999618530273,-17.582965850830078,0.0023389807902276516,0.001056332141160965,0.0026266747154295444,0.0036723411176353693,2.999277883141043,-5.706036542606251,21.903167852158507,-17.575087723449883
510,-2.8921329975128174,21.899999618530273,-18.260208129882812,0.0001206473316415213,0.0018628445686772466,-0.003900635987520218,0.004324316047132015,2.999277883141043,-2.891771142639365,21.905586807044838,-18.271907221130366
511,-0.0,21.899999618530273,-18.487825393676758,-0.0008316929452121258,-0.0003760108374990523,-0.005429995246231556,0.005506173241883516,2.999277883141043,-0.002494478256139164,21.89887185754154,-18.504111458324342
512,2.8921329975128174,21.899999618530273,-18.260208129882812,-0.0010909048141911626,-0.0017503643175587058,0.0001972594764083624,0.0020718977320939302,2.999277883141043,2.888861070831002,21.89474978954518,-18.25961649389798
513,5.713051795959473,21.899999618530273,-17.582965850830078,-0.0014154647942632437,-0.0003283735131844878,0.004647011402994394,0.004868889693170786,2.999277883141043,5.708806423707674,21.89901473511477,-17.56902817230637
514,8.39329719543457,21.899999618530273,-16.4727725982666,-0.0003499358717817813,0.0012347951997071505,0.0024414241779595613,0.0027582107577472925,2.999277883141043,8.392247640513817,21.903703112462964,-16.465450088726282
515,10.866870880126953,21.899999618530273,-14.956965446472168,0.0016562468372285366,0.0006684432155452669,-0.0017365829553455114,0.002491122344508767,2.999277883141043,10.871838424634875,21.902004465482793,-14.962173941322375
516,13.072866439819336,21.899999618530273,-13.072866439819336,0.0017100765835493803,-0.0006576530868187547,-0.0022008621599525213,0.002863680012524128,2.999277883141043,13.077995434694852,21.8980271341722,-13.079467437019524
517,14.956965446472168,21.899999618530273,-10.866870880126953,-0.0003452506207395345,-0.0006526793586090207,-0.0001390155084664002,0.0007513412274420261,2.999277883141043,14.955929943921243,21.898042051765216,-10.86728782626691
518,16.4727725982666,21.899999618530273,-8.39329719543457,-0.0015094801783561707,0.00031287421006709337,0.0008390946313738823,0.001755135483108461,2.999277883141043,16.46824524775262,21.900938015228732,-8.390780517464828
519,17.582965850830078,21.899999618530273,-5.713051795959473,-0.0006618028855882585,0.000592305208556354,0.00037997806794010103,0.0009660185314714909,2.999277883141043,17.580980920072335,21.901776106442366,-5.711912136144221
520,18.260208129882812,21.899999618530273,-2.8921329975128174,0.0005287873209454119,-0.00010166063293581828,-4.830439866054803e-05,0.0005406331620179117,2.999277883141043,18.26179410999941,21.899694710042322,-2.8922778758273786
521,18.909395217895508,23.700000762939453,0.0,0.0028485313523560762,-0.0009385537123307586,-2.0645943288322144e-11,0.0029991688206791878,2.999277883141043,18.917938754980064,23.69718577954792,-6.192292108124886e-11
522,18.67658805847168,23.700000762939453,2.958081007003784,0.0005406980635598302,-7.995930354809389e-05,-9.72815541899763e-05,0.0005551680806092918,2.999277883141043,18.67820976221517,23.69976094276877,2.9577892325898647
523,17.983903884887695,23.700000762939453,5.843324184417725,-0.0028029130771756172,0.0010137376375496387,-0.000967691361438483,0.0031337537802755833,2.999277883141043,17.975497169686957,23.703041243815065,5.840421809119656
524,16.8483943939209,23.700000762939453,8.584686279296875,-0.0017271848628297448,0.0002730833366513252,-0.0006523699266836047,0.001866367761977017,2.999277883141043,16.843214086561716,23.700819815751327,8.582729640604146
525,15.298022270202637,23.700000762939453,11.114663124084473,0.00240054982714355,-0.00131849420722574,0.0019269303884357214,0.003348750062286854,2.999277883141043,15.305222186206567,23.69604623242467,11.120442523780861
526,13.37096118927002,23.700000762939453,13.37096118927002,0.0029086736030876637,-0.0007911607972346246,0.002596920356154442,0.003978732507675886,2.999277883141043,13.379685109677036,23.6976278518583,13.378750075058512
527,11.114663124084473,23.700000762939453,15.298022270202637,-0.0010755326366052032,0.0016751543153077364,-0.0020425282418727875,0.0028521630447357893,2.999277883141043,11.111437302834906,23.705025016228205,15.291896160421096
528,8.584686279296875,23.700000762939453,16.8483943939209,-0.0029187097679823637,0.0019357592100277543,-0.005506168585270643,0.006525635719299316,2.999277883141043,8.575932257642458,23.705806642725175,16.831879864262252
529,5.843324184417725,23.700000762939453,17.983903884887695,-0.00046983917127363384,-0.0014148151967674494,7.978855137480423e-05,0.0014929224271327257,2.999277883141043,5.84191500618269,23.695757339011056,17.984143192925163
530,2.958081007003784,23.700000762939453,18.67658805847168,0.001010861131362617,-0.003279877593740821,0.007343590725213289,0.008106032386422157,2.999277883141043,2.961112860438007,23.690163498613135,18.698613527716653
531,0.0,23.700000762939453,18.909395217895508,0.00041333583067171276,0.00024074317479971796,0.0030426494777202606,0.003080019261687994,2.999277883141043,0.0012397090152433993,23.70072281861915,18.918520969180186
532,-2.958081007003784,23.700000762939453,18.67658805847168,0.0014047767035663128,0.004045556299388409,-0.006833373103290796,0.008064422756433487,2.999277883141043,-2.953867691306026,23.71213451047321,18.65609287365573
533,-5.843324184417725,23.700000762939453,17.983903884887695,0.0013555828481912613,0.0013319164281710982,-0.005007668398320675,0.005356150679290295,2.999277883141043,-5.839258414762379,23.703995550424658,17.968884495814507
534,-8.584686279296875,23.700000762939453,16.8483943939209,-0.0030450145713984966,-0.004077808931469917,0.005289517808705568,0.007340275216847658,2.999277883141043,-8.593819124154713,23.68777028079962,16.86425912769703
535,-11.114663124084473,23.700000762939453,15.298022270202637,-0.003693394362926483,-0.0028045042417943478,0.00544800003990531,0.007154516875743866,2.999277883141043,-11.125740640110916,23.691589275393863,15.314362336229676
536,-13.37096118927002,23.700000762939453,13.37096118927002,0.004234388004988432,0.0036926886532455683,-0.0038265434559434652,0.006797678302973509,2.999277883141043,-13.35826108297802,23.71107616234646,13.35948432211373
537,-15.298022270202637,23.700000762939453,11.114663124084473,0.006717092823237181,0.004240085370838642,-0.005248449742794037,0.00952070765197277,2.999277883141043,-15.277875842258895,23.71271795721484,11.098921564850134
538,-16.8483943939209,23.700000762939453,8.584686279296875,-0.0045230211690068245,-0.0028345577884465456,0.0018123295158147812,0.005637106951326132,2.999277883141043,-16.86196019127808,23.69149913645608,8.590121959130622
539,-17.983903884887695,23.700000762939453,5.843324184417725,-0.010527865029871464,-0.00563679076731205,0.0037125488743185997,0.01250569336116314,2.999277883141043,-18.015479877628483,23.68309446105916,5.854459150146549
540,-18.67658805847168,23.700000762939453,2.958081007003784,0.002116367919370532,0.0011185697512701154,0.0003458431165199727,0.002418639836832881,2.999277883141043,-18.67024048297852,23.703355664455188,2.959118286614199
541,-18.909395217895508,23.700000762939453,0.0,0.012520996853709221,0.006288636941462755,-8.357440434147989e-11,0.014011506922543049,2.999277883141043,-18.8718412689573,23.718862132633085,-2.506628625380874e-10
542,-18.67658805847168,23.700000762939453,-2.958081007003784,0.002116365125402808,0.0011185682378709316,-0.00034584361128509045,0.0024186368100345135,2.999277883141043,-18.67024049135841,23.703355659916085,-2.959118288098137
543,-17.983903884887695,23.700000762939453,-5.843324184417725,-0.010527865961194038,-0.005636791232973337,-0.0037125491071492434,0.012505695223808289,2.999277883141043,-18.01547988042178,23.683094459662513,-5.854459150844872
544,-16.8483943939209,23.700000762939453,-8.584686279296875,-0.004523019306361675,-0.0028345566242933273,-0.0018123284680768847,0.005637104623019695,2.999277883141043,-16.86196018569149,23.691499139947698,-8.590121955988165
545,-15.298022270202637,23.700000762939453,-11.114663124084473,0.006717093754559755,0.004240086302161217,0.0052484506741166115,0.00952070951461792,2.999277883141043,-15.277875839465601,23.712717960008135,-11.098921562056837
546,-13.37096118927002,23.700000762939453,-13.37096118927002,0.004234387073665857,0.0036926877219229937,0.0038265420589596033,0.006797675974667072,2.999277883141043,-13.358261085771316,23.711076159553162,-13.359484326303672
547,-11.114663124084473,23.700000762939453,-15.298022270202637,-0.0036933952942490578,-0.0028045051731169224,-0.005448000971227884,0.007154518272727728,2.999277883141043,-11.12574064290421,23.69158927260057,-15.31436233902297
548,-8.584686279296875,23.700000762939453,-16.8483943939209,-0.0030450141057372093,-0.00407780846580863,-0.005289516877382994,0.007340273819863796,2.999277883141043,-8.593819122758065,23.68777028219627,-16.864259124903736
549,-5.843324184417725,23.700000762939453,-17.983903884887695,0.0013555834302678704,0.0013319173594936728,0.005007669795304537,0.005356152541935444,2.999277883141043,-5.8392584130165694,23.703995553217954,-17.968884491624564
550,-2.958081007003784,23.700000762939453,-18.67658805847168,0.001404776587150991,0.004045556299388409,0.006833372171968222,0.008064421825110912,2.999277883141043,-2.953867691655188,23.71213451047321,-18.656092876449023
551,-0.0,23.700000762939453,-18.909395217895508,0.00041333577246405184,0.00024074230168480426,-0.00304265134036541,0.003080021357163787,2.999277883141043,0.0012397088406624493,23.700722816000432,-18.918520974766775
552,2.958081007003784,23.700000762939453,-18.67658805847168,0.0010108608985319734,-0.003279877593740821,-0.007343590725213289,0.008106032386422157,2.999277883141043,2.9611128597396834,23.690163498613135,-18.698613527716653
553,5.843324184417725,23.700000762939453,-17.983903884887695,-0.0004698396660387516,-0.0014148146146908402,-7.978698704391718e-05,0.0014929218450561166,2.999277883141043,5.841915004698752,23.695757340756867,-17.984143188233297
554,8.584686279296875,23.700000762939453,-16.8483943939209,-0.0029187097679823637,0.0019357595592737198,0.0055061690509319305,0.006525636184960604,2.999277883141043,8.575932257642458,23.70580664377266,-16.831879862865602
555,11.114663124084473,23.700000762939453,-15.298022270202637,-0.0010755319381132722,0.001675153966061771,0.002042527310550213,0.002852161880582571,2.999277883141043,11.111437304929877,23.70502501518072,-15.291896163214393
556,13.37096118927002,23.700000762939453,-13.37096118927002,0.002908674068748951,-0.000791161204688251,-0.002596920821815729,0.003978733438998461,2.999277883141043,13.379685111073684,23.697627850636234,-13.37875007645516
557,15.298022270202637,23.700000762939453,-11.114663124084473,0.002400549128651619,-0.0013184940908104181,-0.001926930039189756,0.003348749363794923,2.999277883141043,15.305222184111596,23.696046232773835,-11.120442522733375
558,16.8483943939209,23.700000762939453,-8.584686279296875,-0.001727185444906354,0.00027308359858579934,0.0006523702177219093,0.0018663684604689479,2.999277883141043,16.84321408481591,23.70081981653694,-8.582729639731241
559,17.983903884887695,23.700000762939453,-5.843324184417725,-0.0028029128443449736,0.0010137376375496387,0.0009676913032308221,0.0031337535474449396,2.999277883141043,17.975497170385278,23.703041243815065,-5.840421809294236
560,18.67658805847168,23.700000762939453,-2.958081007003784,0.0005406987038441002,-7.995952910277992e-05,9.728144505061209e-05,0.0005551687208935618,2.999277883141043,18.678209764135563,23.69976094209227,-2.9577892329172037
561,19.330963134765625,25.5,0.0,0.0017871008021757007,-0.0006510306266136467,-3.555727934312358e-11,0.0019019910832867026,2.999277883141043,19.336323146676534,25.49804737824035,-1.0664616151849845e-10
562,19.092967987060547,25.5,3.024029016494751,3.8864263842697255e-06,5.209808659856208e-05,-0.00031964745721779764,0.0003238885838072747,2.999277883141043,19.092979643533244,25.50015625663889,3.0230703049459153
563,18.38484001159668,25.5,5.973596096038818,-0.0019904698710888624,0.0007638220558874309,-0.0006530346581712365,0.0022297643590718508,2.999277883141043,18.378870039335265,25.502290914598877,5.971637463631641
564,17.224014282226562,25.5,8.776074409484863,-0.00018614475266076624,-0.00016199686797335744,0.0003661947848740965,0.00044157839147374034,2.999277883141043,17.223455982386845,25.49951412637675,8.777172729404057
565,15.639079093933105,25.5,11.362456321716309,0.00255370419472456,-0.0012828046455979347,0.001933433348312974,0.0034503850620239973,2.999277883141043,15.646738362444427,25.49615251239807,11.368255225596432
566,13.669055938720703,25.5,13.669055938720703,0.0012092345859855413,-0.00010037900210591033,0.0002998276613652706,0.0012498883297666907,2.999277883141043,13.67268276926998,25.499698935479053,13.66995520519419
567,11.362456321716309,25.5,15.639079093933105,-0.002318733837455511,0.0021043657325208187,-0.0038584943395107985,0.004969191271811724,2.999277883141043,11.355501794600737,25.50631157759959,15.627506397198387
568,8.776074409484863,25.5,17.224014282226562,-0.0024350867606699467,0.0013041580095887184,-0.0031069417018443346,0.0041573503986001015,2.999277883141043,8.768770907620056,25.50391153227428,17.214695700696012
569,5.973596096038818,25.5,18.38484001159668,0.0003626513062044978,-0.002317121485248208,0.004246982280164957,0.004851538687944412,2.999277883141043,5.97468378808081,25.493050308776745,18.39757789161967
570,3.024029016494751,25.5,19.092967987060547,0.0015926264459267259,-0.003081876551732421,0.00704224081709981,0.007850323803722858,2.999277883141043,3.0288057457701245,25.490756595819818,19.114089624191028
571,0.0,25.5,19.330963134765625,0.0014221231685951352,0.0012719316873699427,-0.0015540479216724634,0.0024607537779957056,2.999277883141043,0.00426534256666985,25.503814876578794,19.32630211320481
572,-3.024029016494751,25.5,19.092967987060547,0.0015337755903601646,0.004344688728451729,-0.009028935804963112,0.010136591270565987,2.999277883141043,-3.019428797288882,25.513030928812377,19.06588769959242
573,-5.973596096038818,25.5,18.38484001159668,-0.0008506019366905093,0.0005535465897992253,-0.0023994683288037777,0.002605261281132698,2.999277883141043,-5.976147287614891,25.501660240044075,18.3776433393068
574,-8.776074409484863,25.5,17.224014282226562,-0.004869414959102869,-0.0046134227886796,0.008080530911684036,0.010501897893846035,2.999277883141043,-8.790679138075536,25.486163063064335,17.248250039874016
575,-11.362456321716309,25.5,15.639079093933105,-0.0019865650683641434,-0.002391438465565443,0.005255458410829306,0.006106165703386068,2.999277883141043,-11.368414582389274,25.492827411501338,15.654841674110473
576,-13.669055938720703,25.5,13.669055938720703,0.007002281956374645,0.004182877484709024,-0.005328390747308731,0.009742697700858116,2.999277883141043,-13.648054149317431,25.512545611927777,13.653074614199566
577,-15.639079093933105,25.5,11.362456321716309,0.006406321655958891,0.004088738467544317,-0.006288768723607063,0.009864448569715023,2.999277883141043,-15.619864755078101,25.512263262855654,11.343594556771405
578,-17.224014282226562,25.5,8.776074409484863,-0.006898072082549334,-0.0031511904671788216,0.0015205402160063386,0.007734690792858601,2.999277883141043,-17.244703517260067,25.490548704126226,8.780634932125158
579,-18.38484001159668,25.5,5.973596096038818,-0.011490199714899063,-0.0056210164912045,0.004650511778891087,0.013610576279461384,2.999277883141043,-18.41930231347445,25.48314100955716,5.987544273162533
580,-19.092967987060547,25.5,3.024029016494751,0.003048132173717022,0.0012271135346964002,0.0018433709628880024,0.003767616581171751,2.999277883141043,-19.083825791647026,25.50368045448472,3.0295577982541655
581,-19.330963134765625,25.5,0.0,0.013998966664075851,0.006315469741821289,-2.780518593148429e-10,0.015357610769569874,2.999277883141043,-19.288976343663233,25.518941848718292,-8.339547920092531e-10
582,-19.092967987060547,25.5,-3.024029016494751,0.003048128914088011,0.0012271121377125382,-0.0018433715449646115,0.0037676135543733835,2.999277883141043,-19.08382580142356,25.503680450294777,-3.0295577999999748
583,-18.38484001159668,25.5,-5.973596096038818,-0.011490200646221638,-0.0056210169568657875,-0.004650511778891087,0.013610577210783958,2.999277883141043,-18.419302316267746,25.483141008160512,-5.987544273162533
584,-17.224014282226562,25.5,-8.776074409484863,-0.006898070219904184,-0.0031511893030256033,-0.0015205388190224767,0.007734688464552164,2.999277883141043,-17.244703511673475,25.490548707617844,-8.780634927935214
585,-15.639079093933105,25.5,-11.362456321716309,0.006406323052942753,0.004088739398866892,0.006288769189268351,0.009864450432360172,2.999277883141043,-15.619864750888159,25.512263265648947,-11.343594555374757
586,-13.669055938720703,25.5,-13.669055938720703,0.007002281025052071,0.00418287655338645,0.005328389350324869,0.009742695838212967,2.999277883141043,-13.648054152110726,25.51254560913448,-13.653074618389509
587,-11.362456321716309,25.5,-15.639079093933105,-0.001986566698178649,-0.0023914396297186613,-0.005255460273474455,0.006106168497353792,2.999277883141043,-11.36841458727754,25.492827408009717,-15.654841679697064
588,-8.776074409484863,25.5,-17.224014282226562,-0.004869414959102869,-0.0046134223230183125,-0.008080529980361462,0.01050189696252346,2.999277883141043,-8.790679138075536,25.486163064460982,-17.24825003708072
589,-5.973596096038818,25.5,-18.38484001159668,-0.0008506011799909174,0.0005535476375371218,0.0023994704242795706,0.0026052631437778473,2.999277883141043,-5.976147285345339,25.50166024318653,-18.377643333021886
590,-3.024029016494751,25.5,-19.092967987060547,0.0015337759396061301,0.004344688728451729,0.009028935804963112,0.010136591270565987,2.999277883141043,-3.0194287962413964,25.513030928812377,-19.06588769959242
591,-0.0,25.5,-19.330963134765625,0.0014221231685951352,0.001271930756047368,0.0015540459426119924,0.0024607521481812,2.999277883141043,0.00426534256666985,25.5038148737855,-19.326302119140564
592,3.024029016494751,25.5,-19.092967987060547,0.0015926262130960822,-0.0030818770173937082,-0.007042241748422384,0.007850324735045433,2.999277883141043,3.028805745071801,25.49075659442317,-19.114089626984324
593,5.973596096038818,25.5,-18.38484001159668,0.00036265075323171914,-0.002317120786756277,-0.004246981348842382,0.00485153729096055,2.999277883141043,5.974683786422291,25.493050310871716,-18.397577888826376
594,8.776074409484863,25.5,-17.224014282226562,-0.0024350869935005903,0.0013041584752500057,0.003106942865997553,0.004157351329922676,2.999277883141043,8.768770906921732,25.503911533670927,-17.214695697204395
595,11.362456321716309,25.5,-15.639079093933105,-0.002318733371794224,0.0021043657325208187,0.003858493873849511,0.004969190340489149,2.999277883141043,11.355501795997386,25.50631157759959,-15.627506398595033
596,13.669055938720703,25.5,-13.669055938720703,0.0012092352844774723,-0.00010037940228357911,-0.0002998283307533711,0.0012498892610892653,2.999277883141043,13.67268277136495,25.499698934278808,-13.669955207201872
597,15.639079093933105,25.5,-11.362456321716309,0.00255370419472456,-0.0012828046455979347,-0.001933433348312974,0.0034503850620239973,2.999277883141043,15.646738362444427,25.49615251239807,-11.368255225596432
598,17.224014282226562,25.5,-8.776074409484863,-0.00018614527652971447,-0.00016199663514271379,-0.0003661945229396224,0.00044157830416224897,2.999277883141043,17.223455980815615,25.499514127075074,-8.777172728618444
599,18.38484001159668,25.5,-5.973596096038818,-0.0019904698710888624,0.0007638221140950918,0.0006530347163788974,0.0022297643590718508,2.999277883141043,18.378870039335265,25.50229091477346,-5.97163746345706
600,19.092967987060547,25.5,-3.024029016494751,3.886850208800752e-06,5.209793016547337e-05,0.00031964736990630627,0.00032388846739195287,2.999277883141043,19.092979644804412,25.500156256169703,-3.0230703052077867
601,20.335901260375977,27.299999237060547,0.0,0.0002890404430218041,0.00015593993884976953,1.3068791925377465e-12,0.0003284229605924338,2.999277883141043,20.336768172984065,27.300466944270237,3.919693858115688e-12
602,20.085533142089844,27.299999237060547,3.1812360286712646,-0.00027164549101144075,0.0001670463097980246,-2.82416458503576e-05,0.0003201458021067083,2.999277883141043,20.0847184017766,27.300500255362984,3.181151324127482
603,19.340591430664062,27.299999237060547,6.284139156341553,-0.0004530748992692679,-0.00012380476982798427,-8.868708391673863e-05,0.0004779852170031518,2.999277883141043,19.339232533139278,27.299627912152573,6.283873159132241
604,18.119421005249023,27.299999237060547,9.232305526733398,0.0008911522454582155,-0.0006824935553595424,0.00044705442269332707,0.0012082249158993363,2.999277883141043,18.122093818469338,27.29795224923457,9.233646367175943
605,16.452089309692383,27.299999237060547,11.953143119812012,0.0013881047489121556,-0.0003904228797182441,0.0007804877241142094,0.0016396419377997518,2.999277883141043,16.456252621565277,27.298828250352337,11.95548401938101
606,14.379653930664062,27.299999237060547,14.379653930664062,-0.0006628031260333955,0.0010626539587974548,-0.0009207287803292274,0.001554439659230411,2.999277883141043,14.377665999907274,27.3031864315766,14.37689240919685
607,11.953143119812012,27.299999237060547,16.452089309692383,-0.0023110928013920784,0.001653479179367423,-0.0028992907609790564,0.004059683531522751,2.999277883141043,11.94621151028691,27.30495848059346,16.443393531036183
608,9.232305526733398,27.299999237060547,18.119421005249023,-0.0007802426116541028,-0.0003151962300762534,-0.0005615403642877936,0.0010116593912243843,2.999277883141043,9.22996536232478,27.29905387597883,18.117736789653925
609,6.284139156341553,27.299999237060547,19.340591430664062,0.0013701870338991284,-0.0026558623649179935,0.0046486565843224525,0.00552639365196228,2.999277883141043,6.288248728008093,27.292033567808783,19.35453404354374
610,3.1812360286712646,27.299999237060547,20.085533142089844,0.001135194324888289,-0.0015558773884549737,0.004247900564223528,0.00466412678360939,2.999277883141043,3.1846407919029693,27.295332728420476,20.0982737763019
611,0.0,27.299999237060547,20.335901260375977,0.0004705925239250064,0.0022175356280058622,-0.003375889966264367,0.004066393245011568,2.999277883141043,0.001411437748979794,27.306650242624702,20.325776028264244
612,-3.1812360286712646,27.299999237060547,20.085533142089844,0.0009107000078074634,0.0032335808500647545,-0.007053813897073269,0.007812919095158577,2.999277883141043,-3.1785045862796713,27.309697644587494,20.06437679407656
613,-6.284139156341553,27.299999237060547,19.340591430664062,-0.0005997323896735907,-0.0005552445072680712,-8.49422431201674e-05,0.0008216998539865017,2.999277883141043,-6.285937920433704,27.29833390449016,19.34033666527293
614,-9.232305526733398,27.299999237060547,18.119421005249023,-0.0036252031568437815,-0.003741626627743244,0.006931542884558439,0.00867111049592495,2.999277883141043,-9.243178518383614,27.288777059068984,18.140210628518723
615,-11.953143119812012,27.299999237060547,16.452089309692383,-0.001460210420191288,-0.0012506433995440602,0.0029512932524085045,0.003522279905155301,2.999277883141043,-11.957522696630024,27.2962482099726,16.460941058270993
616,-14.379653930664062,27.299999237060547,14.379653930664062,0.005213489290326834,0.0032836387399584055,-0.004814449697732925,0.007819314487278461,2.999277883141043,-14.364017227541593,27.30984778210953,14.365214058166156
617,-16.452089309692383,27.299999237060547,11.953143119812012,0.00472211604937911,0.002661021426320076,-0.004037850070744753,0.0067589678801596165,2.999277883141043,-16.437926371463856,27.307980379771074,11.941032485399388
618,-18.119421005249023,27.299999237060547,9.232305526733398,-0.004988797940313816,-0.002328550675883889,0.001985955983400345,0.005852715112268925,2.999277883141043,-18.134383796574866,27.293015266518594,9.238261960591302
619,-19.340591430664062,27.299999237060547,6.284139156341553,-0.008284426294267178,-0.003721042303368449,0.003059346228837967,0.009583187289536,2.999277883141043,-19.36543872722297,27.28883879717782,6.293314985822577
620,-20.085533142089844,27.299999237060547,3.1812360286712646,0.0021789437159895897,0.0008790850988589227,0.0003887655620928854,0.002381538273766637,2.999277883141043,-20.078997884393868,27.302635857554954,3.1824020446233767
621,-20.335901260375977,27.299999237060547,0.0,0.010027479380369186,0.004178276751190424,-8.92866405810544e-11,0.010863164439797401,2.999277883141043,-20.305826063246784,27.312531050110035,-2.6779544635472e-10
622,-20.085533142089844,27.299999237060547,-3.1812360286712646,0.002178941620513797,0.0008790841093286872,-0.00038876596954651177,0.002381536178290844,2.999277883141043,-20.07899789067878,27.302635854587077,-3.182402045845443
623,-19.340591430664062,27.299999237060547,-6.284139156341553,-0.008284427225589752,-0.003721042536199093,-0.0030593464616686106,0.009583188220858574,2.999277883141043,-19.365438730016265,27.2888387964795,-6.293314986520901
624,-18.119421005249023,27.299999237060547,-9.232305526733398,-0.004988796543329954,-0.0023285499773919582,-0.0019859550520777702,0.005852713715285063,2.999277883141043,-18.134383792384924,27.293015268613566,-9.238261957798008
625,-16.452089309692383,27.299999237060547,-11.953143119812012,0.004722116980701685,0.002661022124812007,0.0040378510020673275,0.006758969277143478,2.999277883141043,-16.43792636867056,27.307980381866045,-11.941032482606092
626,-14.379653930664062,27.299999237060547,-14.379653930664062,0.005213488359004259,0.003283638274297118,0.004814448766410351,0.007819313555955887,2.999277883141043,-14.364017230334888,27.309847780712882,-14.365214060959453
627,-11.953143119812012,27.299999237060547,-16.452089309692383,-0.0014602114679291844,-0.001250644214451313,-0.0029512946493923664,0.0035222817678004503,2.999277883141043,-11.95752269977248,27.296248207528464,-16.46094106246094
628,-9.232305526733398,27.299999237060547,-18.119421005249023,-0.0036252031568437815,-0.003741626627743244,-0.006931542418897152,0.008671109564602375,2.999277883141043,-9.243178518383614,27.288777059068984,-18.140210627122077
629,-6.284139156341553,27.299999237060547,-19.340591430664062,-0.0005997318075969815,-0.0005552436923608184,8.494395297020674e-05,0.0008216990390792489,2.999277883141043,-6.285937918687894,27.298333906934296,-19.34033666014461
630,-3.1812360286712646,27.299999237060547,-20.085533142089844,0.0009107002406381071,0.003233581082895398,0.007053814362734556,0.007812920026481152,2.999277883141043,-3.1785045855813476,27.30969764528582,-20.064376792679912
631,-0.0,27.299999237060547,-20.335901260375977,0.0004705925821326673,0.0022175349295139313,0.003375888569280505,0.004066391848027706,2.999277883141043,0.001411437923560744,27.30665024052973,-20.325776032454186
632,3.1812360286712646,27.299999237060547,-20.085533142089844,0.0011351944413036108,-0.0015558779705315828,-0.0042479014955461025,0.004664128180593252,2.999277883141043,3.1846407922521314,27.295332726674665,-20.098273779095198
633,6.284139156341553,27.299999237060547,-19.340591430664062,0.001370186684653163,-0.00265586213208735,-0.004648656118661165,0.005526392720639706,2.999277883141043,6.2882487269606075,27.292033568507104,-19.35453404214709
634,9.232305526733398,27.299999237060547,-18.119421005249023,-0.0007802430773153901,-0.0003151957062073052,0.0005615412956103683,0.0010116600897163153,2.999277883141043,9.229965360928132,27.299053877550058,-18.11773678686063
635,11.953143119812012,27.299999237060547,-16.452089309692383,-0.0023110928013920784,0.0016534794121980667,0.0028992907609790564,0.004059683531522751,2.999277883141043,11.94621151028691,27.30495848129178,-16.443393531036183
636,14.379653930664062,27.299999237060547,-14.379653930664062,-0.0006628026603721082,0.0010626537259668112,0.000920728431083262,0.0015544391935691237,2.999277883141043,14.377666001303922,27.303186430878277,-14.376892410244336
637,16.452089309692383,27.299999237060547,-11.953143119812012,0.0013881049817427993,-0.00039042311254888773,-0.0007804878987371922,0.0016396422870457172,2.999277883141043,16.4562526222636,27.29882824965401,-11.955484019904754
638,18.119421005249023,27.299999237060547,-9.232305526733398,0.0008911520126275718,-0.0006824935553595424,-0.00044705436448566616,0.0012082246830686927,2.999277883141043,18.122093817771013,27.29795224923457,-9.233646367001361
639,19.340591430664062,27.299999237060547,-6.284139156341553,-0.0004530750447884202,-0.0001238046825164929,8.86871202965267e-05,0.00047798536252230406,2.999277883141043,19.339232532702827,27.299627912414447,-6.283873159023128
640,20.085533142089844,27.299999237060547,-3.1812360286712646,-0.0002716454036999494,0.00016704633890185505,2.8241638574399985e-05,0.0003201457438990474,2.999277883141043,20.08471840203847,27.300500255450274,-3.1811513241493046
641,21.340839385986328,29.100000381469727,0.0,-0.001144968788139522,0.0008759024203754961,1.6398684493657e-11,0.0014415819896385074,2.999277883141043,21.337405306423175,29.102627456226948,4.918421171443342e-11
642,21.07809829711914,29.100000381469727,3.3384430408477783,-0.0002737490285653621,0.00014395048492588103,0.0001121538516599685,0.00032899659709073603,2.999277883141043,21.07727724771223,29.10043212897543,3.338779421414571
643,20.296344757080078,29.100000381469727,6.594682216644287,0.0012148615205660462,-0.0010192495537921786,0.0004680306010413915,0.001653423998504877,2.999277883141043,20.29998846436979,29.096943368825638,6.596085970474624
644,19.014827728271484,29.100000381469727,9.68853759765625,0.0012429581256583333,-0.0008030792232602835,0.0004123378894291818,0.0015361978439614177,2.999277883141043,19.01855570508744,29.09759172371699,9.689774313568396
645,17.26510238647461,29.100000381469727,12.543830871582031,-0.000506377371493727,0.0008670937386341393,-0.0007275348179973662,0.001239990582689643,2.999277883141043,17.263583620023766,29.102601036542623,12.541648792493197
646,15.090251922607422,29.100000381469727,15.090251922607422,-0.001828372711315751,0.001770981471054256,-0.0018007215112447739,0.003117999294772744,2.999277883141043,15.084768124772234,29.10531204702731,15.084851058405048
647,12.543830871582031,29.100000381469727,17.26510238647461,-0.0009791054762899876,0.0002724863588809967,-0.0006310134776867926,0.001196275232359767,2.999277883141043,12.540894262181732,29.100817643779376,17.26320980170702
648,9.68853759765625,29.100000381469727,19.014827728271484,0.0007324229227378964,-0.0019133009482175112,0.002208184218034148,0.00301218219101429,2.999277883141043,9.690734337529523,29.094261860251944,19.021450686358534
649,6.594682216644287,29.100000381469727,20.296344757080078,0.0011391945881769061,-0.00170264788903296,0.002860332140699029,0.0035182770807296038,2.999277883141043,6.5980989777772,29.09489366731337,20.304923688008113
650,3.3384430408477783,29.100000381469727,21.07809829711914,0.0004981220699846745,0.0007759873406030238,-0.00027242282521910965,0.0009615072049200535,2.999277883141043,3.339937047355388,29.102327783137994,21.077281225364597
651,0.0,29.100000381469727,21.340839385986328,0.00019052463176194578,0.0020920448005199432,-0.0032133078202605247,0.0038390490226447582,2.999277883141043,0.0005714363142371955,29.106275005170467,21.331201782909297
652,-3.3384430408477783,29.100000381469727,21.07809829711914,-6.73680187901482e-05,0.0005758021143265069,-0.0019452699925750494,0.0020298182498663664,2.999277883141043,-3.338645096256567,29.101727372016292,21.072263891853673
653,-6.594682216644287,29.100000381469727,20.296344757080078,-0.0008963110740296543,-0.0013130404986441135,0.0014687656657770276,0.002164421835914254,2.999277883141043,-6.597370502625038,29.096062208142474,20.30074999345696
654,-9.68853759765625,29.100000381469727,19.014827728271484,-0.0010715695098042488,-0.0010271575301885605,0.002281052991747856,0.002721491502597928,2.999277883141043,-9.691751532387254,29.09691965060693,19.021669240059907
655,-12.543830871582031,29.100000381469727,17.26510238647461,0.00033001581323333085,0.000393525930121541,0.00015450346108991653,0.0005363249219954014,2.999277883141043,-12.542841062452315,29.101180675088383,17.265565785288324
656,-15.090251922607422,29.100000381469727,15.090251922607422,0.0015026897890493274,0.0006780973053537309,-0.0013680694391950965,0.002142313402146101,2.999277883141043,-15.085744938357905,29.102034183720292,15.086148702195842
657,-17.26510238647461,29.100000381469727,12.543830871582031,0.0005205292836762965,-3.931780156563036e-05,-0.0006942710024304688,0.0008686246583238244,2.999277883141043,-17.263541174506553,29.099882456457077,12.541748559919535
658,-19.014827728271484,29.100000381469727,9.68853759765625,-0.001310712774284184,-0.0002700716722756624,0.00045983868767507374,0.0014150470960885286,2.999277883141043,-19.018758920106546,29.099190361476207,9.689916781662006
659,-20.296344757080078,29.100000381469727,6.594682216644287,-0.0013056499883532524,4.260061905370094e-05,0.0006001600413583219,0.001437612110748887,2.999277883141043,-20.30026076421327,29.100128152564263,6.596482263382678
660,-21.07809829711914,29.100000381469727,3.3384430408477783,0.0005768989212810993,7.099454523995519e-05,0.00019402212637942284,0.0006127782398834825,2.999277883141043,-21.076368016943736,29.100213313839088,3.339024967120268
661,-21.340839385986328,29.100000381469727,0.0,0.0017323547508567572,-5.8272958995075896e-05,-3.497202180624548e-11,0.0017333346186205745,2.999277883141043,-21.33564357269633,29.099825604672628,-1.0489081153219835e-10
662,-21.07809829711914,29.100000381469727,-3.3384430408477783,0.0005768985720351338,7.099455979187042e-05,-0.00019402221369091421,0.0006127779488451779,2.999277883141043,-21.07636801799122,29.100213313882733,-3.3390249673821395
663,-20.296344757080078,29.100000381469727,-6.594682216644287,-0.001305650221183896,4.260058267391287e-05,-0.0006001600413583219,0.0014376123435795307,2.999277883141043,-20.30026076491159,29.10012815245515,-6.596482263382678
664,-19.014827728271484,29.100000381469727,-9.68853759765625,-0.0013107125414535403,-0.0002700716722756624,-0.000459838513052091,0.001415046863257885,2.999277883141043,-19.01875891940822,29.099190361476207,-9.689916781138264
665,-17.26510238647461,29.100000381469727,-12.543830871582031,0.000520529574714601,-3.9317696064244956e-05,0.0006942712352611125,0.0008686250075697899,2.999277883141043,-17.263541173633648,29.099882456773503,-12.541748559221212
666,-15.090251922607422,29.100000381469727,-15.090251922607422,0.0015026897890493274,0.0006780973053537309,0.0013680693227797747,0.002142313402146101,2.999277883141043,-15.085744938357905,29.102034183720292,-15.086148702545005
667,-12.543830871582031,29.100000381469727,-17.26510238647461,0.0003300154930911958,0.0003935257263947278,-0.00015450389764737338,0.0005363246891647577,2.999277883141043,-12.542841063412508,29.101180674477348,-17.265565786597683
668,-9.68853759765625,29.100000381469727,-19.014827728271484,-0.0010715697426348925,-0.0010271577630192041,-0.0022810532245785,0.0027214919682592154,2.999277883141043,-9.691751533085577,29.096919649908607,-19.02166924075823
669,-6.594682216644287,29.100000381469727,-20.296344757080078,-0.0008963108994066715,-0.0013130402658134699,-0.0014687652001157403,0.0021644211374223232,2.999277883141043,-6.597370502101295,29.0960622088408,-20.30074999206031
670,-3.3384430408477783,29.100000381469727,-21.07809829711914,-6.736785144312307e-05,0.0005758025217801332,0.0019452705746516585,0.0020298189483582973,2.999277883141043,-3.3386450957546465,29.101727373238358,-21.072263890107862
671,-0.0,29.100000381469727,-21.340839385986328,0.0001905247481772676,0.0020920448005199432,0.003213307587429881,0.0038390490226447582,2.999277883141043,0.0005714366633990956,29.106275005170467,-21.33120178360762
672,3.3384430408477783,29.100000381469727,-21.07809829711914,0.0004981221863999963,0.0007759868167340755,0.0002724220394156873,0.0009615066228434443,2.999277883141043,3.3399370477045496,29.102327781566768,-21.077281227721443
673,6.594682216644287,29.100000381469727,-20.296344757080078,0.0011391945881769061,-0.0017026482382789254,-0.0028603326063603163,0.003518277546390891,2.999277883141043,6.5980989777772,29.094893666265886,-20.304923689404763
674,9.68853759765625,29.100000381469727,-19.014827728271484,0.0007324226316995919,-0.0019133007153868675,-0.002208183752372861,0.003012181492522359,2.999277883141043,9.690734336656618,29.09426186095027,-19.021450684961888
675,12.543830871582031,29.100000381469727,-17.26510238647461,-0.000979105825535953,0.000272486824542284,0.0006310140015557408,0.001196275930851698,2.999277883141043,12.540894261134246,29.100817645176022,-17.26320980013579
676,15.090251922607422,29.100000381469727,-15.090251922607422,-0.001828372711315751,0.0017709815874695778,0.0018007216276600957,0.003117999527603388,2.999277883141043,15.084768124772234,29.105312047376476,-15.084851058055888
677,17.26510238647461,29.100000381469727,-12.543830871582031,-0.0005063770222477615,0.0008670934475958347,0.0007275345851667225,0.0012399900006130338,2.999277883141043,17.263583621071252,29.102601035669718,-12.54164879319152
678,19.014827728271484,29.100000381469727,-9.68853759765625,0.001242958358488977,-0.0008030794560909271,-0.00041233806405216455,0.0015361981932073832,2.999277883141043,19.018555705785765,29.097591723018667,-9.689774314092139
679,20.296344757080078,29.100000381469727,-6.594682216644287,0.0012148614041507244,-0.0010192494373768568,-0.0004680306010413915,0.0016534237656742334,2.999277883141043,20.29998846402063,29.0969433691748,-6.596085970474624
680,21.07809829711914,29.100000381469727,-3.3384430408477783,-0.00027374931960366666,0.00014395070320460945,-0.0001121538007282652,0.00032899691723287106,2.999277883141043,21.07727724683933,29.10043212963011,-3.3387794212618127
681,22.77713966369629,30.950000762939453,0.0,-0.0012587103992700577,0.0008934920188039541,8.613787634559333e-12,0.0015435931272804737,2.999277883141043,22.773364441434477,30.952680593790216,2.583514274240761e-11
682,22.496715545654297,30.950000762939453,3.5631299018859863,-4.761172749567777e-05,-3.083295450778678e-05,8.745319064473733e-05,0.00010423822823213413,2.999277883141043,22.49657274485304,30.949908286340925,3.5633921983064973
683,21.6623477935791,30.950000762939453,7.038523197174072,0.0015822811983525753,-0.0012146722292527556,0.000486314034787938,0.0020531790796667337,2.999277883141043,21.66709349458223,30.94635762338699,7.039981788102873
684,20.294580459594727,30.950000762939453,10.340604782104492,0.0007935619214549661,-0.00038296953425742686,0.00017398816999047995,0.0008981525897979736,2.999277883141043,20.29696057231465,30.948852130885438,10.341126620974674
685,18.427093505859375,30.950000762939453,13.388067245483398,-0.001461639767512679,0.0015909289941191673,-0.0012125505600124598,0.0024774433113634586,2.999277883141043,18.422709642031556,30.95477240108516,13.384430469406563
686,16.10586929321289,30.950000762939453,16.10586929321289,-0.0018017927650362253,0.0015373837668448687,-0.0015312728937715292,0.0028204258996993303,2.999277883141043,16.100465216022712,30.954611804069252,16.101276580289547
687,13.388067245483398,30.950000762939453,18.427093505859375,0.00016933667939156294,-0.0010295495158061385,0.0007639942923560739,0.0012931876117363572,2.999277883141043,13.388575133240701,30.946912857847096,18.429384937043285
688,10.340604782104492,30.950000762939453,20.294580459594727,0.001412876765243709,-0.0024546515196561813,0.002836318453773856,0.004008271265774965,2.999277883141043,10.34484239213809,30.94263858092573,20.303087366802675
689,7.038523197174072,30.950000762939453,21.6623477935791,0.0006583761423826218,-0.0003359154216013849,0.0010744398459792137,0.0013041163329035044,2.999277883141043,7.040497850176708,30.948993259244837,21.665570337245914
690,3.5631299018859863,30.950000762939453,22.496715545654297,-0.00014699723396915942,0.0022477987222373486,-0.0023365644738078117,0.0032455723267048597,2.999277883141043,3.56268901633326,30.95674253593281,22.48970753950547
691,0.0,30.950000762939453,22.77713966369629,-0.00010558810754446313,0.0013046570820733905,-0.0021895195823162794,0.002550936071202159,2.999277883141043,-0.00031668807568082616,30.9539137920708,22.770572686038342
692,-3.5631299018859863,30.950000762939453,22.496715545654297,-0.000353020936017856,-0.0014419476501643658,0.000933895877096802,0.0017538524698466063,2.999277883141043,-3.5641887097716705,30.94567596124367,22.49951655890363
693,-7.038523197174072,30.950000762939453,21.6623477935791,-0.0005662779440172017,-0.001336210290901363,0.0017014510231092572,0.00223630596883595,2.999277883141043,-7.040221622087274,30.945993096966728,21.66745091800196
694,-10.340604782104492,30.950000762939453,20.294580459594727,0.0003294774505775422,0.001135934260673821,-0.0004707067855633795,0.0012729755835607648,2.999277883141043,-10.339616587673982,30.953407745444196,20.293168679143342
695,-13.388067245483398,30.950000762939453,18.427093505859375,0.0007265456370078027,0.0011866383720189333,-0.0010680457344278693,0.0017540527042001486,2.999277883141043,-13.385888133223228,30.953559821163935,18.423890139909922
696,-16.10586929321289,30.950000762939453,16.10586929321289,-0.0007562594837509096,-0.0014699144521728158,0.0006751301698386669,0.0017856028862297535,2.999277883141043,-16.10813752555642,30.94559208103294,16.107894196199528
697,-18.427093505859375,30.950000762939453,13.388067245483398,-0.001277263043448329,-0.001734684337861836,0.0010804757475852966,0.002409970620647073,2.999277883141043,-18.43092437265654,30.94479796257067,13.391307892496402
698,-20.294580459594727,30.950000762939453,10.340604782104492,0.0010822982294484973,0.001525443629361689,-0.00037650964804925025,0.0019079064950346947,2.999277883141043,-20.291334346452178,30.954575992278976,10.339475525044309
699,-21.6623477935791,30.950000762939453,7.038523197174072,0.002308701630681753,0.002743782941251993,-0.0008473836351186037,0.003684631083160639,2.999277883141043,-21.655423355839424,30.95823013043129,7.035981658178725
700,-22.496715545654297,30.950000762939453,3.5631299018859863,-0.0005103581352159381,-0.0006638764753006399,-0.00014942103007342666,0.000850602169521153,2.999277883141043,-22.49824625152173,30.948009612909946,3.562681746695211
701,-22.77713966369629,30.950000762939453,0.0,-0.002805998781695962,-0.0032388754189014435,2.7517708597879498e-11,0.004285316914319992,2.999277883141043,-22.78555563378235,30.940286475529295,8.25332547923401e-11
702,-22.496715545654297,30.950000762939453,-3.5631299018859863,-0.000510357494931668,-0.0006638757768087089,0.0001494211464887485,0.0008506012381985784,2.999277883141043,-22.49824624960134,30.948009615004917,-3.562681746346049
703,-21.6623477935791,30.950000762939453,-7.038523197174072,0.002308701863512397,0.002743783174082637,0.0008473836351186037,0.003684631548821926,2.999277883141043,-21.655423355141103,30.958230131129614,-7.035981658178725
704,-20.294580459594727,30.950000762939453,-10.340604782104492,0.00108229776378721,0.0015254431637004018,0.00037650938611477613,0.0019079057965427637,2.999277883141043,-20.291334347848828,30.95457599088233,-10.339475525829924
705,-18.427093505859375,30.950000762939453,-13.388067245483398,-0.0012772632762789726,-0.0017346848035231233,-0.0010804758640006185,0.0024099713191390038,2.999277883141043,-18.430924373354866,30.944797961174025,-13.391307892845564
706,-16.10586929321289,30.950000762939453,-16.10586929321289,-0.0007562592509202659,-0.0014699141029268503,-0.0006751299370080233,0.0017856024205684662,2.999277883141043,-16.108137524858098,30.945592082080427,-16.107894195501206
707,-13.388067245483398,30.950000762939453,-18.427093505859375,0.0007265457534231246,0.0011866387212648988,0.0010680458508431911,0.001754053053446114,2.999277883141043,-13.385888132874067,30.95355982221142,-18.42389013956076
708,-10.340604782104492,30.950000762939453,-20.294580459594727,0.00032947727595455945,0.0011359339114278555,0.00047070649452507496,0.0012729751178994775,2.999277883141043,-10.339616588197725,30.95340774439671,-20.293168680016247
709,-7.038523197174072,30.950000762939453,-21.6623477935791,-0.0005662780604325235,-0.0013362105237320065,-0.001701451139524579,0.0022363062016665936,2.999277883141043,-7.040221622436436,30.945993096268403,-21.667450918351122
710,-3.5631299018859863,30.950000762939453,-22.496715545654297,-0.0003530208778101951,-0.0014419474173337221,-0.0009338954114355147,0.001753852004185319,2.999277883141043,-3.5641887095970897,30.94567596194199,-22.499516557506983
711,-0.0,30.950000762939453,-22.77713966369629,-0.00010558805661275983,0.0013046575477346778,0.002189519815146923,0.0025509365368634462,2.999277883141043,-0.0003166879229224949,30.953913793467446,-22.77057268534002
712,3.5631299018859863,30.950000762939453,-22.496715545654297,-0.0001469971175538376,0.002247798489406705,0.0023365640081465244,0.003245572093874216,2.999277883141043,3.5626890166824214,30.95674253523449,-22.48970754090212
713,7.038523197174072,30.950000762939453,-21.6623477935791,0.0006583763170056045,-0.000335916003677994,-0.0010744404280558228,0.0013041170313954353,2.999277883141043,7.040497850700451,30.94899325749903,-21.66557033899172
714,10.340604782104492,30.950000762939453,-20.294580459594727,0.001412876765243709,-0.002454651752486825,-0.002836318453773856,0.004008271265774965,2.999277883141043,10.34484239213809,30.942638580227406,-20.303087366802675
715,13.388067245483398,30.950000762939453,-18.427093505859375,0.0001693362428341061,-0.0010295489337295294,-0.0007639937684871256,0.0012931869132444263,2.999277883141043,13.388575131931345,30.946912859592906,-18.429384935472054
716,16.10586929321289,30.950000762939453,-16.10586929321289,-0.0018017928814515471,0.0015373841160908341,0.0015312732430174947,0.0028204263653606176,2.999277883141043,16.10046521567355,30.954611805116738,-16.10127657924206
717,18.427093505859375,30.950000762939453,-13.388067245483398,-0.0014616394182667136,0.0015909287612885237,0.001212550327181816,0.0024774426128715277,2.999277883141043,18.422709643079042,30.95477240038684,-13.384430470104887
718,20.294580459594727,30.950000762939453,-10.340604782104492,0.0007935623289085925,-0.00038296988350339234,-0.00017398837371729314,0.0008981531136669219,2.999277883141043,20.296960573536715,30.948852129837952,-10.341126621585707
719,21.6623477935791,30.950000762939453,-7.038523197174072,0.0015822810819372535,-0.0012146722292527556,-0.000486314034787938,0.00205317884683609,2.999277883141043,21.667093494233068,30.94635762338699,-7.039981788102873
720,22.496715545654297,30.950000762939453,-3.5631299018859863,-4.761204763781279e-05,-3.0832725315121934e-05,-8.745314698899165e-05,0.00010423827188787982,2.999277883141043,22.496572743892845,30.94990828702834,-3.5633921981755616
721,24.21343994140625,32.79999923706055,0.0,-0.0005002376274205744,0.0002723372308537364,2.20100110012722e-12,0.0005695658619515598,2.999277883141043,24.211939589754014,32.8008160520938,6.601413920380676e-12
722,23.915332794189453,32.79999923706055,3.787816047668457,0.00027934604440815747,-0.0002779954520519823,8.694990538060665e-05,0.000403578975237906,2.999277883141043,23.91617063060219,32.799165451449596,3.7880768345966063
723,23.028348922729492,32.79999923706055,7.482364177703857,0.0010288609191775322,-0.0007055207970552146,0.00024104879412334412,0.0012705979170277715,2.999277883141043,23.03143476252921,32.797883184137845,7.48308715002083
724,21.57433319091797,32.79999923706055,10.992671012878418,-8.463617268716916e-05,0.0003758939856197685,-0.0002604892069939524,0.0004650958871934563,2.999277883141043,21.574079343517113,32.80112664757802,10.991889733361084
725,19.58908462524414,32.79999923706055,14.23230266571045,-0.0015733400359749794,0.0015689103165641427,-0.001147890230640769,0.0025009058881551027,2.999277883141043,19.58436574127158,32.80470483507365,14.228859823929415
726,17.12148666381836,32.79999923706055,17.12148666381836,-0.0009706178097985685,0.0005245230859145522,-0.000555786129552871,0.0012353629572317004,2.999277883141043,17.118575511288448,32.80157242755133,17.119819706772233
727,14.23230266571045,32.79999923706055,19.58908462524414,0.0008763670921325684,-0.0018028600607067347,0.0016061089700087905,0.0025686395820230246,2.999277883141043,14.234931134147395,32.79459195875407,19.5939017923558
728,10.992671012878418,32.79999923706055,21.57433319091797,0.0012690013973042369,-0.0018344699637964368,0.002104891696944833,0.0030669551342725754,2.999277883141043,10.996477100703027,32.79449715187084,21.580646346031024
729,7.482364177703857,32.79999923706055,23.028348922729492,0.0001824658247642219,0.0009472136152908206,-0.0006059653824195266,0.0011391669977456331,2.999277883141043,7.482911443416502,32.8028401939075,23.02653146416005
730,3.787816047668457,32.79999923706055,23.915332794189453,-0.000388762797228992,0.0024271332658827305,-0.002677416428923607,0.0036346486303955317,2.999277883141043,3.78665004000894,32.80727888418434,23.907302478310225
731,0.0,32.79999923706055,24.21343994140625,-0.00029690051451325417,0.00016205223801080137,-0.0006684028194285929,0.0007491149590350688,2.999277883141043,-0.0008904871466727995,32.800485276753925,24.21143521561291
732,-3.787816047668457,32.79999923706055,23.915332794189453,-0.00045920824049972,-0.002209741622209549,0.0021109548397362232,0.003090301062911749,2.999277883141043,-3.789193340787944,32.7933716078856,23.921664134352582
733,-7.482364177703857,32.79999923706055,23.028348922729492,-9.519925515633076e-05,-0.0006747372099198401,0.000979843083769083,0.001193493022583425,2.999277883141043,-7.482649706724339,32.7979755126699,23.03128774441959
734,-10.992671012878418,32.79999923706055,21.57433319091797,0.000998093863017857,0.002098474418744445,-0.001756173325702548,0.002912718802690506,2.999277883141043,-10.98967745202977,32.806293144973026,21.569065939103226
735,-14.23230266571045,32.79999923706055,19.58908462524414,0.00043354733497835696,0.0009591995039954782,-0.0010463108774274588,0.0014841810334473848,2.999277883141043,-14.231002336777355,32.8028761429184,19.58594644817058
736,-17.12148666381836,32.79999923706055,17.12148666381836,-0.0018816906958818436,-0.0024908778723329306,0.001683759386651218,0.003546868683770299,2.999277883141043,-17.12713037710543,32.792528402148456,17.126536726107272
737,-19.58908462524414,32.79999923706055,14.23230266571045,-0.0015378838870674372,-0.001972771482542157,0.0015613206196576357,0.002948666922748089,2.999277883141043,-19.59369716637346,32.794082347184464,14.23698550011348
738,-21.57433319091797,32.79999923706055,10.992671012878418,0.002376240212470293,0.0024632918648421764,-0.0008072869386523962,0.0035165376029908657,2.999277883141043,-21.567206186203677,32.80738733387049,10.990249735017969
739,-23.028348922729492,32.79999923706055,7.482364177703857,0.0035093859769403934,0.0035729522351175547,-0.0014258052688091993,0.005207177717238665,2.999277883141043,-23.017823298985448,32.810715513676854,7.478087791495452
740,-23.915332794189453,32.79999923706055,3.787816047668457,-0.0011354212183505297,-0.0010739346034824848,-0.0003882597084157169,0.0016103609232231975,2.999277883141043,-23.9187382379377,32.79677820875638,3.786651548912091
741,-24.21343994140625,32.79999923706055,0.0,-0.004549570381641388,-0.004376485012471676,6.898570603652843e-11,0.006312861107289791,2.999277883141043,-24.2270853672297,32.786872942356744,2.0690730236822927e-10
742,-23.915332794189453,32.79999923706055,-3.787816047668457,-0.0011354201706126332,-0.0010739335557445884,0.0003882599121425301,0.0016103595262393355,2.999277883141043,-23.918738234795242,32.79677821189884,-3.7866515483010574
743,-23.028348922729492,32.79999923706055,-7.482364177703857,0.0035093864426016808,0.003572952700778842,0.0014258052688091993,0.005207178182899952,2.999277883141043,-23.0178232975888,32.810715515073504,-7.478087791495452
744,-21.57433319091797,32.79999923706055,-10.992671012878418,0.002376239513978362,0.0024632911663502455,0.0008072865894064307,0.0035165364388376474,2.999277883141043,-21.56720618829865,32.807387331775516,-10.990249736065454
745,-19.58908462524414,32.79999923706055,-14.23230266571045,-0.0015378844691440463,-0.001972772181034088,-0.0015613208524882793,0.0029486678540706635,2.999277883141043,-19.59369716811927,32.79408234508949,-14.236985500811803
746,-17.12148666381836,32.79999923706055,-17.12148666381836,-0.0018816905794665217,-0.0024908774066716433,-0.0016837590374052525,0.0035468682181090117,2.999277883141043,-17.12713037675627,32.7925284035451,-17.126536725059786
747,-14.23230266571045,32.79999923706055,-19.58908462524414,0.00043354768422432244,0.0009592000278644264,0.0010463112266734242,0.0014841817319393158,2.999277883141043,-14.231002335729869,32.80287614448963,-19.585946447123096
748,-10.992671012878418,32.79999923706055,-21.57433319091797,0.000998093863017857,0.002098474185913801,0.0017561730928719044,0.0029127183370292187,2.999277883141043,-10.98967745202977,32.8062931442747,-21.56906593980155
749,-7.482364177703857,32.79999923706055,-23.028348922729492,-9.519942250335589e-05,-0.0006747376755811274,-0.0009798434330150485,0.0011934936046600342,2.999277883141043,-7.482649707226259,32.79797551127326,-23.031287745467075
750,-3.787816047668457,32.79999923706055,-23.915332794189453,-0.00045920824049972,-0.002209741622209549,-0.0021109546069055796,0.003090301062911749,2.999277883141043,-3.789193340787944,32.7933716078856,-23.92166413365426
751,-0.0,32.79999923706055,-24.21343994140625,-0.00029690051451325417,0.00016205279098358005,0.0006684034015052021,0.0007491155993193388,2.999277883141043,-0.0008904871466727995,32.800485278412445,-24.211435213867098
752,3.787816047668457,32.79999923706055,-23.915332794189453,-0.0003887627099175006,0.0024271332658827305,0.0026774161960929632,0.0036346486303955317,2.999277883141043,3.7866500402708114,32.80727888418434,-23.907302479008546
753,7.482364177703857,32.79999923706055,-23.028348922729492,0.00018246604304295033,0.0009472130914218724,0.0006059648003429174,0.0011391662992537022,2.999277883141043,7.48291144407118,32.80284019233627,-23.02653146590586
754,10.992671012878418,32.79999923706055,-21.57433319091797,0.0012690015137195587,-0.0018344703130424023,-0.00210489216260612,0.0030669558327645063,2.999277883141043,10.99647710105219,32.79449715082336,-21.58064634742767
755,14.23230266571045,32.79999923706055,-19.58908462524414,0.0008763667428866029,-0.001802859827876091,-0.0016061087371781468,0.0025686391163617373,2.999277883141043,14.23493113309991,32.7945919594524,-19.59390179165748
756,17.12148666381836,32.79999923706055,-17.12148666381836,-0.0009706181008368731,0.0005245234933681786,0.0005557864787988365,0.0012353635393083096,2.999277883141043,17.118575510415543,32.8015724287734,-17.119819705724748
757,19.58908462524414,32.79999923706055,-14.23230266571045,-0.0015733399195596576,0.0015689103165641427,0.001147890230640769,0.0025009058881551027,2.999277883141043,19.584365741620744,32.80470483507365,-14.228859823929415
758,21.57433319091797,32.79999923706055,-10.992671012878418,-8.463584526907653e-05,0.0003758937236852944,0.00026048903237096965,0.0004650955379474908,2.999277883141043,21.574079344499133,32.801126646792405,-10.991889733884827
759,23.028348922729492,32.79999923706055,-7.482364177703857,0.0010288609191775322,-0.0007055209134705365,-0.00024104885233100504,0.0012705979170277715,2.999277883141043,23.03143476252921,32.797883183788684,-7.48308715019541
760,23.915332794189453,32.79999923706055,-3.787816047668457,0.0002793458988890052,-0.0002779953647404909,-8.694989082869142e-05,0.0004035787715110928,2.999277883141043,23.916170630165738,32.79916545171147,-3.788076834552961
761,25.806720733642578,34.650001525878906,0.0,0.00027325734845362604,-0.00040767568862065673,-9.909125603391189e-12,0.0004907841212116182,2.999277883141043,25.8075403083642,34.64877879320253,-2.9720221263517836e-11
762,25.488996505737305,34.650001525878906,4.037059783935547,0.0005642481846734881,-0.0005086540477350354,2.3450398657587357e-05,0.0007600361132062972,2.999277883141043,25.4906888428382,34.648475931043365,4.037130118197592
763,24.543649673461914,34.650001525878906,7.974715232849121,0.0004040786880068481,-0.00010476471652509645,-2.0088569726794958e-05,0.00041792195406742394,2.999277883141043,24.5448616177339,34.6496873073817,7.9746549816462355
764,22.993955612182617,34.650001525878906,11.7160062789917,-0.0009165627998299897,0.001130849588662386,-0.0005689443205483258,0.0015628838445991278,2.999277883141043,22.991206585648577,34.653393258039344,11.714299856874339
765,20.878074645996094,34.650001525878906,15.168808937072754,-0.0015490184305235744,0.0014172196388244629,-0.0009453661623410881,0.002302539302036166,2.999277883141043,20.873428709276848,34.65425216139719,15.165973521250574
766,18.24810791015625,34.650001525878906,18.24810791015625,-8.386703120777383e-05,-0.000554534257389605,0.00031744418083690107,0.0006444476312026381,2.999277883141043,18.247856369624422,34.648338323545275,18.249060013466966
767,15.168808937072754,34.650001525878906,20.878074645996094,0.0015139838214963675,-0.0024805855937302113,0.0021752361208200455,0.0036300281062722206,2.999277883141043,15.173349795264002,34.642561560370396,20.88459878358388
768,11.7160062789917,34.650001525878906,22.993955612182617,0.0010133516043424606,-0.0011079830583184958,0.001326663070358336,0.0020036324858665466,2.999277883141043,11.71904560204645,34.6466783767972,22.99793464338792
769,7.974715232849121,34.650001525878906,24.543649673461914,-0.00037091743433848023,0.002207454526796937,-0.002012250479310751,0.0030099148862063885,2.999277883141043,7.973602748391838,34.65662229541917,24.537614375103978
770,4.037059783935547,34.650001525878906,25.488996505737305,-0.0005887263105250895,0.0025351867079734802,-0.0028357680421322584,0.0038490714505314827,2.999277883141043,4.035294030133166,34.65760525530177,25.480491249366818
771,0.0,34.650001525878906,25.806720733642578,-0.0003194715245626867,-0.0009822617284953594,0.0006863321177661419,0.001240141922608018,2.999277883141043,-0.0009581838779142167,34.647055450001176,25.808779234383884
772,-4.037059783935547,34.650001525878906,25.488996505737305,-0.0004893194418400526,-0.0029551039915531874,0.003066615667194128,0.004286747891455889,2.999277883141043,-4.038527388915249,34.64113834783466,25.498194138284013
773,-7.974715232849121,34.650001525878906,24.543649673461914,0.00018857810937333852,-4.374575291876681e-05,0.0003060218587052077,0.00036211154656484723,2.999277883141043,-7.974149634696433,34.64987032020969,24.544567518054485
774,-11.7160062789917,34.650001525878906,22.993955612182617,0.001475655473768711,0.003035044763237238,-0.002836743602529168,0.004408647306263447,2.999277883141043,-11.711580378166088,34.65910446851163,22.98544742983541
775,-15.168808937072754,34.650001525878906,20.878074645996094,0.00029210830689407885,0.0007816149736754596,-0.0009441054426133633,0.0012599937617778778,2.999277883141043,-15.167932823088405,34.652345806382584,20.87524301142271
776,-18.24810791015625,34.650001525878906,18.24810791015625,-0.002695735776796937,-0.0034502155613154173,0.002567934338003397,0.005075949709862471,2.999277883141043,-18.256193170850388,34.63965337065378,18.255809858821582
777,-20.878074645996094,34.650001525878906,15.168808937072754,-0.0018006318714469671,-0.0022286484017968178,0.0018381696427240968,0.0034041176550090313,2.999277883141043,-20.883475241343803,34.6433171900181,15.174322118627638
778,-22.993955612182617,34.650001525878906,11.7160062789917,0.003329166676849127,0.0033341271337121725,-0.0013055201852694154,0.004889185540378094,2.999277883141043,-22.983970516199452,34.66000149965063,11.712090661174026
779,-24.543649673461914,34.650001525878906,7.974715232849121,0.004474301356822252,0.004372228868305683,-0.0018126046052202582,0.006513162981718779,2.999277883141043,-24.53023000035989,34.66311505522365,7.969278727945804
780,-25.488996505737305,34.650001525878906,4.037059783935547,-0.0016059604240581393,-0.001456473721191287,-0.0003667904529720545,0.0021988542284816504,2.999277883141043,-25.49381322731838,34.64563315645956,4.0359596774422
781,-25.806720733642578,34.650001525878906,0.0,-0.005934900604188442,-0.0054649775847792625,7.639752719335036e-11,0.008067777380347252,2.999277883141043,-25.82452114976336,34.63361053947702,2.2913741363768214e-10
782,-25.488996505737305,34.650001525878906,-4.037059783935547,-0.0016059591434895992,-0.0014564725570380688,0.0003667907149065286,0.0021988525986671448,2.999277883141043,-25.493813223477602,34.64563315995118,-4.035959676656586
783,-24.543649673461914,34.650001525878906,-7.974715232849121,0.00447430182248354,0.0043722293339669704,0.00181260472163558,0.006513163913041353,2.999277883141043,-24.530229998963243,34.66311505662029,-7.969278727596643
784,-22.993955612182617,34.650001525878906,-11.7160062789917,0.003329165978357196,0.0033341264352202415,0.001305519719608128,0.004889184609055519,2.999277883141043,-22.983970518294424,34.660001497555655,-11.712090662570674
785,-20.878074645996094,34.650001525878906,-15.168808937072754,-0.00180063268635422,-0.0022286491002887487,-0.001838170224800706,0.0034041188191622496,2.999277883141043,-20.883475243787938,34.64331718792313,-15.174322120373446
786,-18.24810791015625,34.650001525878906,-18.24810791015625,-0.0026957355439662933,-0.00345021509565413,-0.0025679341051727533,0.005075949244201183,2.999277883141043,-18.256193170152066,34.63965337205043,-18.255809858123257
787,-15.168808937072754,34.650001525878906,-20.878074645996094,0.00029210877255536616,0.0007816157303750515,0.0009441060828976333,0.0012599948095157743,2.999277883141043,-15.167932821691757,34.652345808652136,-20.87524300950232
788,-11.7160062789917,34.650001525878906,-22.993955612182617,0.001475655473768711,0.0030350445304065943,0.0028367433696985245,0.0044086468406021595,2.999277883141043,-11.711580378166088,34.6591044678133,-22.985447430533732
789,-7.974715232849121,34.650001525878906,-24.543649673461914,0.0001885778910946101,-4.3746447772718966e-05,-0.0003060225280933082,0.0003621120995376259,2.999277883141043,-7.974149635351112,34.649870318125636,-24.544567520062166
790,-4.037059783935547,34.650001525878906,-25.488996505737305,-0.0004893195000477135,-0.002955104224383831,-0.003066615667194128,0.004286747891455889,2.999277883141043,-4.03852738908983,34.641138347136334,-25.498194138284013
791,-0.0,34.650001525878906,-25.806720733642578,-0.00031947155366651714,-0.0009822611464187503,-0.00068633136106655,0.0012401411077007651,2.999277883141043,-0.0009581839652046917,34.647055451746986,-25.808779232114333
792,4.037059783935547,34.650001525878906,-25.488996505737305,-0.0005887262523174286,0.002535186940804124,0.0028357685077935457,0.00384907191619277,2.999277883141043,4.035294030307747,34.65760525600009,-25.48049124797017
793,7.974715232849121,34.650001525878906,-24.543649673461914,-0.00037091723061166704,0.0022074540611356497,0.0020122500136494637,0.0030099141877144575,2.999277883141043,7.973602749002872,34.65662229402252,-24.537614376500624
794,11.7160062789917,34.650001525878906,-22.993955612182617,0.0010133518371731043,-0.0011079836403951049,-0.001326663652434945,0.0020036331843584776,2.999277883141043,11.719045602744773,34.64667837505139,-22.997934645133732
795,15.168808937072754,34.650001525878906,-20.878074645996094,0.0015139837050810456,-0.0024805855937302113,-0.002175235887989402,0.003630027873441577,2.999277883141043,15.17334979491484,34.642561560370396,-20.884598782885554
796,18.24810791015625,34.650001525878906,-18.24810791015625,-8.386743866140023e-05,-0.0005545337335206568,-0.00031744380248710513,0.000644447049126029,2.999277883141043,18.247856368402356,34.648338325116505,-18.24906001233219
797,20.878074645996094,34.650001525878906,-15.168808937072754,-0.0015490185469388962,0.0014172198716551065,0.0009453662787564099,0.00230253953486681,2.999277883141043,20.873428708927683,34.65425216209551,-15.165973520901412
798,22.993955612182617,34.650001525878906,-11.7160062789917,-0.000916562566999346,0.0011308493558317423,0.000568944204133004,0.0015628834953531623,2.999277883141043,22.9912065863469,34.653393257341015,-11.714299857223502
799,24.543649673461914,34.650001525878906,-7.974715232849121,0.0004040788917336613,-0.00010476492752786726,2.0088502424187027e-05,0.00041792221600189805,2.999277883141043,24.544861618344935,34.649687306748845,-7.9746549818480945
800,25.488996505737305,34.650001525878906,-4.037059783935547,0.0005642481846734881,-0.0005086541059426963,-2.34504204854602e-05,0.0007600361132062972,2.999277883141043,25.4906888428382,34.648475930868784,-4.037130118263059
801,27.399999618530273,36.5,0.0,0.0010035482700914145,-0.0010360352462157607,-2.1101604838480448e-11,0.0014423863030970097,2.999277883141043,27.403009538661422,36.49689264239987,-6.328957669083643e-11
802,27.062660217285156,36.5,4.286303997039795,0.0008171519148163497,-0.0007137438515201211,-3.523676059558056e-05,0.0010855455184355378,2.999277883141043,27.06511108295043,36.49785928385191,4.286198312203067
803,26.058948516845703,36.5,8.467065811157227,-0.00019914576841983944,0.00045985967153683305,-0.00027965428307652473,0.0005738784675486386,2.999277883141043,26.05835122334696,36.501379246942186,8.466227050251069
804,24.4135799407959,36.5,12.439339637756348,-0.0016667172312736511,0.0018144053174182773,-0.000857651059050113,0.0026087502483278513,2.999277883141043,24.40858099266669,36.50544190573959,12.436767303903487
805,22.16706657409668,36.5,16.105316162109375,-0.0014877741923555732,0.0012512265238910913,-0.000714562542270869,0.00207114452496171,2.999277883141043,22.16260432586644,36.5037527760399,16.10317299048022
806,19.374725341796875,36.5,19.374725341796875,0.0007177939987741411,-0.0015461414586752653,0.0011503248242661357,0.0020564603619277477,2.999277883141043,19.37687820546205,36.49536269211879,19.378175485600725
807,16.105316162109375,36.5,22.16706657409668,0.0020593570079654455,-0.0030710394494235516,0.002643272513523698,0.004545230884104967,2.999277883141043,16.111492746036856,36.49078909930109,22.174994482885605
808,12.439339637756348,36.5,24.4135799407959,0.0007997291977517307,-0.0004288310301490128,0.0005526329041458666,0.0010624810820445418,2.999277883141043,12.441738247851667,36.498713816575666,24.415237440442798
809,8.467065811157227,36.5,26.058948516845703,-0.0008293978753499687,0.003330360632389784,-0.003250878071412444,0.0047273049131035805,2.999277883141043,8.464578216453365,36.50998867698761,26.04919823014533
810,4.286303997039795,36.5,27.062660217285156,-0.0007996492786332965,0.002608399372547865,-0.0028991843573749065,0.0039810119196772575,2.999277883141043,4.2839056266441204,36.50782331454848,27.053964757762934
811,0.0,36.5,27.399999618530273,-0.000400656572310254,-0.0019979749340564013,0.001878374838270247,0.0027714113239198923,2.999277883141043,-0.0012016803960652447,36.494007517969216,27.405633386638947
812,-4.286303997039795,36.5,27.062660217285156,-0.00048444344429299235,-0.0035898578353226185,0.0038315218407660723,0.005272791255265474,2.999277883141043,-4.287756977547896,36.4892330187909,27.074152016000937
813,-8.467065811157227,36.5,26.058948516845703,0.0005163904279470444,0.0005164537578821182,-0.00027709518326446414,0.0007811307441443205,2.999277883141043,-8.46551701276762,36.50154898833368,26.058117431391015
814,-12.439339637756348,36.5,24.4135799407959,0.0018626353703439236,0.003824339248239994,-0.003691926598548889,0.0056325220502913,2.999277883141043,-12.433753076685718,36.51147025612487,24.40250682700269
815,-16.105316162109375,36.5,22.16706657409668,6.894759280839935e-05,0.000600577041041106,-0.0008509295294061303,0.001043804339133203,2.999277883141043,-16.10510936911917,36.501801297436316,22.16451439997902
816,-19.374725341796875,36.5,19.374725341796875,-0.003379684640094638,-0.004264517687261105,0.0032503576949238777,0.006338233593851328,2.999277883141043,-19.3848619551899,36.48720952641833,19.384474067743557
817,-22.16706657409668,36.5,16.105316162109375,-0.001904026255942881,-0.002409381791949272,0.00207533803768456,0.00370640866458416,2.999277883141043,-22.172777277935047,36.49277359447937,16.111540677585843
818,-24.4135799407959,36.5,12.439339637756348,0.0041609834879636765,0.004094897769391537,-0.0016531681176275015,0.0060675316490232944,2.999277883141043,-24.401099995048334,36.51228173631346,12.434381327184033
819,-26.058948516845703,36.5,8.467065811157227,0.005196662154048681,0.00503793777897954,-0.0021593153942376375,0.007553062867373228,2.999277883141043,-26.043362282980908,36.51511017535714,8.460589424252564
820,-27.062660217285156,36.5,4.286303997039795,-0.0020258971489965916,-0.0017969878390431404,-0.00045288089313544333,0.00274563767015934,2.999277883141043,-27.06873644579766,36.494610334118086,4.284945681393316
821,-27.399999618530273,36.5,0.0,-0.007040288299322128,-0.006395955104380846,9.561585551098872e-11,0.009511777199804783,2.999277883141043,-27.421115399517365,36.48081675331387,2.867785207117181e-10
822,-27.062660217285156,36.5,-4.286303997039795,-0.0020258957520127296,-0.0017969864420592785,0.0004528811841737479,0.0027456358075141907,2.999277883141043,-27.06873644160772,36.49461033830803,-4.284945680520412
823,-26.058948516845703,36.5,-8.467065811157227,0.005196663085371256,0.005037938244640827,0.0021593153942376375,0.007553063798695803,2.999277883141043,-26.043362280187612,36.51511017675378,-8.460589424252564
824,-24.4135799407959,36.5,-12.439339637756348,0.004160982556641102,0.004094896838068962,0.0016531676519662142,0.006067529786378145,2.999277883141043,-24.40109999784163,36.51228173352016,-12.434381328580681
825,-22.16706657409668,36.5,-16.105316162109375,-0.0019040271872654557,-0.0024093827232718468,-0.002075338503345847,0.0037064100615680218,2.999277883141043,-22.172777280728344,36.49277359168607,-16.11154067898249
826,-19.374725341796875,36.5,-19.374725341796875,-0.003379684640094638,-0.004264517221599817,-0.0032503572292625904,0.006338232662528753,2.999277883141043,-19.3848619551899,36.48720952781498,-19.38447406634691
827,-16.105316162109375,36.5,-22.16706657409668,6.894820398883894e-05,0.0006005779723636806,0.000850930402521044,0.001043805736117065,2.999277883141043,-16.10510936728607,36.50180130022961,-22.164514397360307
828,-12.439339637756348,36.5,-24.4135799407959,0.0018626353703439236,0.003824339248239994,0.003691926598548889,0.0056325220502913,2.999277883141043,-12.433753076685718,36.51147025612487,-24.40250682700269
829,-8.467065811157227,36.5,-26.058948516845703,0.0005163901951164007,0.0005164528847672045,0.00027709428104572,0.000781129754614085,2.999277883141043,-8.465517013465943,36.50154898571497,-26.058117434097017
830,-4.286303997039795,36.5,-27.062660217285156,-0.00048444358981214464,-0.003589858300983906,-0.003831522073596716,0.005272791255265474,2.999277883141043,-4.287756977984348,36.48923301739425,-27.074152016699262
831,-0.0,36.5,-27.399999618530273,-0.0004006566305179149,-0.0019979742355644703,-0.0018783739069476724,0.0027714103925973177,2.999277883141043,-0.001201680570646195,36.49400752006419,-27.40563338384565
832,4.286303997039795,36.5,-27.062660217285156,-0.0007996493368409574,0.002608400071039796,0.0028991850558668375,0.003981012850999832,2.999277883141043,4.283905626469539,36.50782331664345,-27.053964755667963
833,8.467065811157227,36.5,-26.058948516845703,-0.000829397642519325,0.00333036039955914,0.003250877605751157,0.004727304447442293,2.999277883141043,8.46457821715169,36.50998867628929,-26.049198231541975
834,12.439339637756348,36.5,-24.4135799407959,0.0007997295469976962,-0.0004288318450562656,-0.0005526336608454585,0.0010624820133671165,2.999277883141043,12.441738248899153,36.498713814131534,-24.41523744271235
835,16.105316162109375,36.5,-22.16706657409668,0.002059356775134802,-0.003071039682254195,-0.002643272513523698,0.004545230884104967,2.999277883141043,16.111492745338534,36.49078909860277,-22.174994482885605
836,19.374725341796875,36.5,-19.374725341796875,0.0007177935331128538,-0.0015461408765986562,-0.0011503244750201702,0.002056459430605173,2.999277883141043,19.376878204065402,36.4953626938646,-19.37817548455324
837,22.16706657409668,36.5,-16.105316162109375,-0.0014877744251862168,0.0012512269895523787,0.0007145628333091736,0.0020711449906229973,2.999277883141043,22.162604325168115,36.50375277743655,-16.103172989607316
838,24.4135799407959,36.5,-12.439339637756348,-0.0016667171148583293,0.0018144053174182773,0.000857651059050113,0.0026087502483278513,2.999277883141043,24.40858099301585,36.50544190573959,-12.436767303903487
839,26.058948516845703,36.5,-8.467065811157227,-0.0001991454337257892,0.000459859351394698,0.00027965419576503336,0.0005738780018873513,2.999277883141043,26.0583512243508,36.501379245981994,-8.466227050512941
840,27.062660217285156,36.5,-4.286303997039795,0.0008171520894393325,-0.0007137440843507648,3.5236706025898457e-05,0.0010855457512661815,2.999277883141043,27.065111083474175,36.49785928315358,-4.286198312366737
