node_label,x,y,z,ux,uy,uz,umag,deformed_x,deformed_y,deformed_z
1,39.29999923706055,0.0,0.0,3.958034770320404e-31,-5.56157504464434e-31,1.0094928018406903e-31,0.0,39.29999923706055,-5.56157504464434e-31,1.0094928018406903e-31
2,38.8161506652832,0.0,6.147873878479004,4.088463391707982e-31,-5.5756395994530584e-31,-4.257181802007917e-32,0.0,38.8161506652832,-5.5756395994530584e-31,6.147873878479004
3,37.376522064208984,0.0,12.144368171691895,4.130438414184884e-31,-5.588059872763847e-31,1.7574889507540947e-32,0.0,37.376522064208984,-5.588059872763847e-31,12.144368171691895
4,35.01655578613281,0.0,17.841827392578125,4.080387745517833e-31,-5.598331342401332e-31,7.822041512419662e-32,0.0,35.01655578613281,-5.598331342401332e-31,17.841827392578125
5,31.794368743896484,0.0,23.099960327148438,3.9362211216521945e-31,-5.605841340709865e-31,1.379893892971235e-31,0.0,31.794368743896484,-5.605841340709865e-31,23.099960327148438
6,27.789297103881836,0.0,27.789297103881836,3.6976134008505325e-31,-5.60983708110718e-31,1.9540674000145637e-31,0.0,27.789297103881836,-5.60983708110718e-31,27.789297103881836
7,23.099960327148438,0.0,31.794368743896484,3.366489572661753e-31,-5.609527690994044e-31,2.489139380521575e-31,0.0,23.099960327148438,-5.609527690994044e-31,31.794368743896484
8,17.841827392578125,0.0,35.01655578613281,2.9473901015653426e-31,-5.604095026302284e-31,2.969002270501821e-31,0.0,17.841827392578125,-5.604095026302284e-31,35.01655578613281
9,12.144368171691895,0.0,37.376522064208984,2.448343143779677e-31,-5.593319974884906e-31,3.3778392057178125e-31,0.0,12.144368171691895,-5.593319974884906e-31,37.376522064208984
10,6.147873878479004,0.0,38.8161506652832,1.880952591788898e-31,-5.577837303691356e-31,3.701239800922819e-31,0.0,6.147873878479004,-5.577837303691356e-31,38.8161506652832
11,0.0,0.0,39.29999923706055,1.2606991184461604e-31,-5.55924474464327e-31,3.927311814868442e-31,0.0,1.2606991184461604e-31,-5.55924474464327e-31,39.29999923706055
12,-6.147873878479004,0.0,38.8161506652832,6.055775439221565e-32,-5.542138480652364e-31,4.0496753695150286e-31,0.0,-6.147873878479004,-5.542138480652364e-31,38.8161506652832
13,-12.144368171691895,0.0,37.376522064208984,-6.710873004273454e-33,-5.526919590391138e-31,4.061576074322753e-31,0.0,-12.144368171691895,-5.526919590391138e-31,37.376522064208984
14,-17.841827392578125,0.0,35.01655578613281,-7.388874782877527e-32,-5.510557649423172e-31,3.955676258454914e-31,0.0,-17.841827392578125,-5.510557649423172e-31,35.01655578613281
15,-23.099960327148438,0.0,31.794368743896484,-1.391350025815479e-31,-5.507196205777561e-31,3.74528510405039e-31,0.0,-23.099960327148438,-5.507196205777561e-31,31.794368743896484
16,-27.789297103881836,0.0,27.789297103881836,-2.0033216712589333e-31,-5.529319009460036e-31,3.45666080391785e-31,0.0,-27.789297103881836,-5.529319009460036e-31,27.789297103881836
17,-31.794368743896484,0.0,23.099960327148438,-2.5505803543492243e-31,-5.5626894132889195e-31,3.099115154106768e-31,0.0,-31.794368743896484,-5.5626894132889195e-31,23.099960327148438
18,-35.01655578613281,0.0,17.841827392578125,-3.0243675842278103e-31,-5.594388734348674e-31,2.6747666305361957e-31,0.0,-35.01655578613281,-5.594388734348674e-31,17.841827392578125
19,-37.376522064208984,0.0,12.144368171691895,-3.4233141450748533e-31,-5.623892231961092e-31,2.1894995228274793e-31,0.0,-37.376522064208984,-5.623892231961092e-31,12.144368171691895
20,-38.8161506652832,0.0,6.147873878479004,-3.73763733780394e-31,-5.6448795081006735e-31,1.650864854041996e-31,0.0,-38.8161506652832,-5.6448795081006735e-31,6.147873878479004
21,-39.29999923706055,0.0,0.0,-3.95678592512209e-31,-5.651705368697028e-31,1.0683801317406135e-31,0.0,-39.29999923706055,-5.651705368697028e-31,1.0683801317406135e-31
22,-38.8161506652832,0.0,-6.147873878479004,-4.072416013028296e-31,-5.642466923495046e-31,4.5436086330010296e-32,0.0,-38.8161506652832,-5.642466923495046e-31,-6.147873878479004
23,-37.376522064208984,0.0,-12.144368171691895,-4.079890276308565e-31,-5.6195894524393425e-31,-1.759657443957774e-32,0.0,-37.376522064208984,-5.6195894524393425e-31,-12.144368171691895
24,-35.01655578613281,0.0,-17.841827392578125,-3.975978926684576e-31,-5.586289108073768e-31,-8.070386440676361e-32,0.0,-35.01655578613281,-5.586289108073768e-31,-17.841827392578125
25,-31.794368743896484,0.0,-23.099960327148438,-3.7508324969907905e-31,-5.537696522599476e-31,-1.4204947625520264e-31,0.0,-31.794368743896484,-5.537696522599476e-31,-23.099960327148438
26,-27.789297103881836,0.0,-27.789297103881836,-3.4081044236695637e-31,-5.483216591218526e-31,-1.999011133474468e-31,0.0,-27.789297103881836,-5.483216591218526e-31,-27.789297103881836
27,-23.099960327148438,0.0,-31.794368743896484,-2.976400596847026e-31,-5.445752645862339e-31,-2.5269070736180143e-31,0.0,-23.099960327148438,-5.445752645862339e-31,-31.794368743896484
28,-17.841827392578125,0.0,-35.01655578613281,-2.4804548282577e-31,-5.426092267745966e-31,-2.9794676967071917e-31,0.0,-17.841827392578125,-5.426092267745966e-31,-35.01655578613281
29,-12.144368171691895,0.0,-37.376522064208984,-1.9338028178018681e-31,-5.413782961101896e-31,-3.3404356807712578e-31,0.0,-12.144368171691895,-5.413782961101896e-31,-37.376522064208984
30,-6.147873878479004,0.0,-38.8161506652832,-1.34928002339503e-31,-5.410344875224611e-31,-3.6092545467845332e-31,0.0,-6.147873878479004,-5.410344875224611e-31,-38.8161506652832
31,-0.0,0.0,-39.29999923706055,-7.411776351567422e-32,-5.415320507712771e-31,-3.7847067176984364e-31,0.0,-7.411776351567422e-32,-5.415320507712771e-31,-39.29999923706055
32,6.147873878479004,0.0,-38.8161506652832,-1.241516284909809e-32,-5.424783237236891e-31,-3.864799260390583e-31,0.0,6.147873878479004,-5.424783237236891e-31,-38.8161506652832
33,12.144368171691895,0.0,-37.376522064208984,4.8822306457801167e-32,-5.437082199530674e-31,-3.8513889857375323e-31,0.0,12.144368171691895,-5.437082199530674e-31,-37.376522064208984
34,17.841827392578125,0.0,-35.01655578613281,1.0836159491204913e-31,-5.45097184077999e-31,-3.7479577080064195e-31,0.0,17.841827392578125,-5.45097184077999e-31,-35.01655578613281
35,23.099960327148438,0.0,-31.794368743896484,1.6509698256875244e-31,-5.465797645730301e-31,-3.559337414275735e-31,0.0,23.099960327148438,-5.465797645730301e-31,-31.794368743896484
36,27.789297103881836,0.0,-27.789297103881836,2.18036593172159e-31,-5.481355548562304e-31,-3.2913122420481347e-31,0.0,27.789297103881836,-5.481355548562304e-31,-27.789297103881836
37,31.794368743896484,0.0,-23.099960327148438,2.6626110785532126e-31,-5.497440072863476e-31,-2.950322489772904e-31,0.0,31.794368743896484,-5.497440072863476e-31,-23.099960327148438
38,35.01655578613281,0.0,-17.841827392578125,3.0891850480287617e-31,-5.5138391594529275e-31,-2.5434286467188215e-31,0.0,35.01655578613281,-5.5138391594529275e-31,-17.841827392578125
39,37.376522064208984,0.0,-12.144368171691895,3.4521050580118033e-31,-5.53025329237007e-31,-2.078426826519411e-31,0.0,37.376522064208984,-5.53025329237007e-31,-12.144368171691895
40,38.8161506652832,0.0,-6.147873878479004,3.743961497411364e-31,-5.546304902829418e-31,-1.5639245865585691e-31,0.0,38.8161506652832,-5.546304902829418e-31,-6.147873878479004
41,37.94369125366211,1.7999999523162842,0.0,-0.0008331310236826539,-0.0007072684820741415,-8.130782817082496e-20,0.0010928567498922348,37.94285812263843,1.79929268383421,-8.130782817082496e-20
42,37.47654342651367,1.7999999523162842,5.9357008934021,-0.0008231904939748347,-0.0007076510810293257,-0.00013173316256143153,0.0010935110040009022,37.4757202360197,1.7992923012352549,5.935569160239538
43,36.08659362792969,1.7999999523162842,11.725245475769043,-0.000793551909737289,-0.0007087905541993678,-0.00026061071548610926,0.0010954573517665267,36.08580007601995,1.7992911617620848,11.724984865053557
44,33.80807876586914,1.7999999523162842,17.22607421875,-0.0007447768002748489,-0.0007106625707820058,-0.0003838122938759625,0.0010986562119796872,33.807333989068866,1.7992892897455022,17.225690406456124
45,30.69709014892578,1.7999999523162842,22.30274200439453,-0.0006777923554182053,-0.0007132200989872217,-0.0004985842388123274,0.0011030284222215414,30.696412356570363,1.799286732217297,22.30224342015572
46,26.830242156982422,1.7999999523162842,26.830242156982422,-0.0005939106922596693,-0.0007163977716118097,-0.0006022837478667498,0.0011084680445492268,26.829648246290162,1.7992835545446724,26.829639873234555
47,22.30274200439453,1.7999999523162842,30.69709014892578,-0.0004948238492943347,-0.0007201125263236463,-0.0006924249464645982,0.0011148385237902403,22.302247180545237,1.7992798397899605,30.696397723979317
48,17.22607421875,1.7999999523162842,33.80807876586914,-0.0003826043684966862,-0.0007242636638693511,-0.0007667362806387246,0.0011219752486795187,17.225691614381503,1.7992756886524148,33.8073120295885
49,11.725245475769043,1.7999999523162842,36.08659362792969,-0.0002596996782813221,-0.0007287565967999399,-0.0008232517866417766,0.001129722804762423,11.724985776090762,1.7992711957194842,36.085770376143046
50,5.9357008934021,1.7999999523162842,37.47654342651367,-0.0001288673229282722,-0.0007334862020798028,-0.0008603432215750217,0.0011378924828022718,5.935572026079171,1.7992664661142044,37.4756830832921
51,0.0,1.7999999523162842,37.94369125366211,6.851051693956833e-06,-0.0007384108612313867,-0.0008768796687945724,0.0011463924311101437,6.851051693956833e-06,1.7992615414550528,37.942814373993315
52,-5.9357008934021,1.7999999523162842,37.47654342651367,0.0001442870416212827,-0.0007435416919179261,-0.0008722628117538989,0.001155212288722396,-5.935556606360478,1.7992564106243663,37.47567116370192
53,-11.725245475769043,1.7999999523162842,36.08659362792969,0.0002801493101287633,-0.0007488051778636873,-0.0008461428224109113,0.0011641093296930194,-11.724965326458914,1.7992511471384205,36.08574748510728
54,-17.22607421875,1.7999999523162842,33.80807876586914,0.0004114164912607521,-0.0007547346176579595,-0.000799717556219548,0.0011740680783987045,-17.22566280225874,1.7992452176986262,33.80727904831292
55,-22.30274200439453,1.7999999523162842,30.69709014892578,0.0005345063400454819,-0.0007603979902341962,-0.000732707791030407,0.001183538231998682,-22.302207498054486,1.79923955432605,30.69635744113475
56,-26.830242156982422,1.7999999523162842,26.830242156982422,0.0006430639186874032,-0.0007626420701853931,-0.0006429363274946809,0.0011868113651871681,-26.829599093063734,1.7992373102460988,26.829599220654927
57,-30.69709014892578,1.7999999523162842,22.30274200439453,0.0007342128083109856,-0.0007625719881616533,-0.0005346487741917372,0.001185931614600122,-30.69635593611747,1.7992373803281225,22.30220735562034
58,-33.80807876586914,1.7999999523162842,17.22607421875,0.0008089289767667651,-0.0007633452769368887,-0.0004136522766202688,0.001186663517728448,-33.807269836892374,1.7992366070393473,17.22566056647338
59,-36.08659362792969,1.7999999523162842,11.725245475769043,0.0008645635680295527,-0.0007644646684639156,-0.0002821168745867908,0.0011880514211952686,-36.08572906436166,1.7992354876478203,11.724963358894456
60,-37.47654342651367,1.7999999523162842,5.9357008934021,0.000898570055142045,-0.0007651637424714863,-0.0001429922558600083,0.00118884420953691,-37.47564485645853,1.7992347885738127,5.93555790114624
61,-37.94369125366211,1.7999999523162842,0.0,0.0009101151954382658,-0.0007654578075744212,7.9146515090149e-20,0.001189216272905469,-37.94278113846667,1.7992344945087098,7.9146515090149e-20
62,-37.47654342651367,1.7999999523162842,-5.9357008934021,0.000898570055142045,-0.0007651637424714863,0.0001429922558600083,0.00118884420953691,-37.47564485645853,1.7992347885738127,-5.93555790114624
63,-36.08659362792969,1.7999999523162842,-11.725245475769043,0.0008645635680295527,-0.0007644646684639156,0.0002821168745867908,0.0011880514211952686,-36.08572906436166,1.7992354876478203,-11.724963358894456
64,-33.80807876586914,1.7999999523162842,-17.22607421875,0.0008089289767667651,-0.0007633452769368887,0.0004136522766202688,0.001186663517728448,-33.807269836892374,1.7992366070393473,-17.22566056647338
65,-30.69709014892578,1.7999999523162842,-22.30274200439453,0.0007342128083109856,-0.0007625719881616533,0.0005346487741917372,0.001185931614600122,-30.69635593611747,1.7992373803281225,-22.30220735562034
66,-26.830242156982422,1.7999999523162842,-26.830242156982422,0.0006430639186874032,-0.0007626420701853931,0.0006429363274946809,0.0011868113651871681,-26.829599093063734,1.7992373102460988,-26.829599220654927
67,-22.30274200439453,1.7999999523162842,-30.69709014892578,0.0005345063400454819,-0.0007603979902341962,0.000732707791030407,0.001183538231998682,-22.302207498054486,1.79923955432605,-30.69635744113475
68,-17.22607421875,1.7999999523162842,-33.80807876586914,0.0004114164912607521,-0.0007547346176579595,0.000799717556219548,0.0011740680783987045,-17.22566280225874,1.7992452176986262,-33.80727904831292
69,-11.725245475769043,1.7999999523162842,-36.08659362792969,0.0002801493101287633,-0.0007488051778636873,0.0008461428224109113,0.0011641093296930194,-11.724965326458914,1.7992511471384205,-36.08574748510728
70,-5.9357008934021,1.7999999523162842,-37.47654342651367,0.0001442870416212827,-0.0007435416919179261,0.0008722628117538989,0.001155212288722396,-5.935556606360478,1.7992564106243663,-37.47567116370192
71,-0.0,1.7999999523162842,-37.94369125366211,6.851051693956833e-06,-0.0007384108612313867,0.0008768796687945724,0.0011463924311101437,6.851051693956833e-06,1.7992615414550528,-37.942814373993315
72,5.9357008934021,1.7999999523162842,-37.47654342651367,-0.0001288673229282722,-0.0007334862020798028,0.0008603432215750217,0.0011378924828022718,5.935572026079171,1.7992664661142044,-37.4756830832921
73,11.725245475769043,1.7999999523162842,-36.08659362792969,-0.0002596996782813221,-0.0007287565967999399,0.0008232517866417766,0.001129722804762423,11.724985776090762,1.7992711957194842,-36.085770376143046
74,17.22607421875,1.7999999523162842,-33.80807876586914,-0.0003826043684966862,-0.0007242636638693511,0.0007667362806387246,0.0011219752486795187,17.225691614381503,1.7992756886524148,-33.8073120295885
75,22.30274200439453,1.7999999523162842,-30.69709014892578,-0.0004948238492943347,-0.0007201125263236463,0.0006924249464645982,0.0011148385237902403,22.302247180545237,1.7992798397899605,-30.696397723979317
76,26.830242156982422,1.7999999523162842,-26.830242156982422,-0.0005939106922596693,-0.0007163977716118097,0.0006022837478667498,0.0011084680445492268,26.829648246290162,1.7992835545446724,-26.829639873234555
77,30.69709014892578,1.7999999523162842,-22.30274200439453,-0.0006777923554182053,-0.0007132200989872217,0.0004985842388123274,0.0011030284222215414,30.696412356570363,1.799286732217297,-22.30224342015572
78,33.80807876586914,1.7999999523162842,-17.22607421875,-0.0007447768002748489,-0.0007106625707820058,0.0003838122938759625,0.0010986562119796872,33.807333989068866,1.7992892897455022,-17.225690406456124
79,36.08659362792969,1.7999999523162842,-11.725245475769043,-0.000793551909737289,-0.0007087905541993678,0.00026061071548610926,0.0010954573517665267,36.08580007601995,1.7992911617620848,-11.724984865053557
80,37.47654342651367,1.7999999523162842,-5.9357008934021,-0.0008231904939748347,-0.0007076510810293257,0.00013173316256143153,0.0010935110040009022,37.4757202360197,1.7992923012352549,-5.935569160239538
81,36.58738327026367,3.5999999046325684,0.0,-0.0019257179228588939,-0.0015902210725471377,-2.9064487501971465e-19,0.0024974371772259474,36.58545755234081,3.598409683560021,-2.9064487501971465e-19
82,36.136932373046875,3.5999999046325684,5.723527908325195,-0.0019028403330594301,-0.0015911321388557553,-0.00030408703605644405,0.002498994115740061,36.135029532713816,3.5984087724937126,5.723223821289139
83,34.796669006347656,3.5999999046325684,11.306122779846191,-0.001834624563343823,-0.0015938450815156102,-0.0006016487022861838,0.002503631403669715,34.79483438178431,3.5984060595510527,11.305521131143905
84,32.5995979309082,3.5999999046325684,16.61032485961914,-0.001722330809570849,-0.001598307746462524,-0.0008862354443408549,0.0025112596340477467,32.59787560009863,3.598401596886106,16.6094386241748
85,29.599815368652344,3.5999999046325684,21.505523681640625,-0.001568061881698668,-0.0016044244403019547,-0.0011515498626977205,0.002521718153730035,29.598247306770645,3.5983954801922664,21.504372131777927
86,25.871187210083008,3.5999999046325684,25.871187210083008,-0.0013747806660830975,-0.0016120639629662037,-0.0013915414456278086,0.002534789964556694,25.869812429416925,3.598387840669602,25.86979566863738
87,21.505523681640625,3.5999999046325684,29.599815368652344,-0.0011463162954896688,-0.001621057977899909,-0.0016005117213353515,0.002550197532400489,21.504377365345135,3.5983788466546685,29.59821485693101
88,16.61032485961914,3.5999999046325684,32.5995979309082,-0.0008873525657691061,-0.0016312035731971264,-0.0017732379492372274,0.0025676044169813395,16.60943750705337,3.5983687010593712,32.597824692958966
89,11.306122779846191,3.5999999046325684,34.796669006347656,-0.0006034194375388324,-0.0016423002816736698,-0.001905161770991981,0.002586678834632039,11.305519360408653,3.5983576043508947,34.794763844576664
90,5.723527908325195,3.5999999046325684,36.136932373046875,-0.000300772488117218,-0.0016540949000045657,-0.001992439152672887,0.0026069728191941977,5.723227135837078,3.598345809732564,36.1349399338942
91,0.0,3.5999999046325684,36.58738327026367,1.3674251022166573e-05,-0.001666427357122302,-0.002032277639955282,0.002628177870064974,1.3674251022166573e-05,3.598333477275446,36.58535099262372
92,-5.723527908325195,3.5999999046325684,36.136932373046875,0.0003325645811855793,-0.0016792028909549117,-0.0020230142399668694,0.002650076989084482,-5.72319534374401,3.5983207017416134,36.13490935880691
93,-11.306122779846191,3.5999999046325684,34.796669006347656,0.0006482161115854979,-0.001692115911282599,-0.001963642193004489,0.0026719525922089815,-11.305474563734606,3.5983077887212858,34.79470536415465
94,-16.61032485961914,3.5999999046325684,32.5995979309082,0.0009534356649965048,-0.001706105307675898,-0.0018562962068244815,0.002695490838959813,-16.609371423954144,3.5982937993248925,32.59774163470138
95,-21.505523681640625,3.5999999046325684,29.599815368652344,0.0012390215415507555,-0.0017185542965307832,-0.0016999469371512532,0.0027163252234458923,-21.504284660099074,3.5982813503360376,29.598115421715192
96,-25.871187210083008,3.5999999046325684,25.871187210083008,0.0014901839895173907,-0.0017224012408405542,-0.0014905931893736124,0.002721981378272176,-25.86969702609349,3.598277503391728,25.869696616893634
97,-29.599815368652344,3.5999999046325684,21.505523681640625,0.0017001964151859283,-0.001720302738249302,-0.001238204538822174,0.002717215334996581,-29.598115172237158,3.598279601894319,21.504285477101803
98,-32.5995979309082,3.5999999046325684,16.61032485961914,0.0018709555733948946,-0.001719796098768711,-0.0009566398803144693,0.002715388312935829,-32.59772697533481,3.5982801085337996,16.609368219738826
99,-34.796669006347656,3.5999999046325684,11.306122779846191,0.0019974790047854185,-0.0017204632749781013,-0.0006517572910524905,0.00271564070135355,-34.79467152734287,3.5982794413575903,11.305471022555139
100,-36.136932373046875,3.5999999046325684,5.723527908325195,0.0020746332593262196,-0.0017208162462338805,-0.0003301126998849213,0.0027155636344105005,-36.13485773978755,3.5982790883863345,5.72319779562531
101,-36.58738327026367,3.5999999046325684,0.0,0.002100762678310275,-0.0017210424412041903,2.261400642325166e-19,0.0027157303411513567,-36.58528250758536,3.598278862191364,2.261400642325166e-19
102,-36.136932373046875,3.5999999046325684,-5.723527908325195,0.0020746332593262196,-0.0017208162462338805,0.0003301126998849213,0.0027155636344105005,-36.13485773978755,3.5982790883863345,-5.72319779562531
103,-34.796669006347656,3.5999999046325684,-11.306122779846191,0.0019974790047854185,-0.0017204632749781013,0.0006517572910524905,0.00271564070135355,-34.79467152734287,3.5982794413575903,-11.305471022555139
104,-32.5995979309082,3.5999999046325684,-16.61032485961914,0.0018709555733948946,-0.001719796098768711,0.0009566398803144693,0.002715388312935829,-32.59772697533481,3.5982801085337996,-16.609368219738826
105,-29.599815368652344,3.5999999046325684,-21.505523681640625,0.0017001964151859283,-0.001720302738249302,0.001238204538822174,0.002717215334996581,-29.598115172237158,3.598279601894319,-21.504285477101803
106,-25.871187210083008,3.5999999046325684,-25.871187210083008,0.0014901839895173907,-0.0017224012408405542,0.0014905931893736124,0.002721981378272176,-25.86969702609349,3.598277503391728,-25.869696616893634
107,-21.505523681640625,3.5999999046325684,-29.599815368652344,0.0012390215415507555,-0.0017185542965307832,0.0016999469371512532,0.0027163252234458923,-21.504284660099074,3.5982813503360376,-29.598115421715192
108,-16.61032485961914,3.5999999046325684,-32.5995979309082,0.0009534356649965048,-0.001706105307675898,0.0018562962068244815,0.002695490838959813,-16.609371423954144,3.5982937993248925,-32.59774163470138
109,-11.306122779846191,3.5999999046325684,-34.796669006347656,0.0006482161115854979,-0.001692115911282599,0.001963642193004489,0.0026719525922089815,-11.305474563734606,3.5983077887212858,-34.79470536415465
110,-5.723527908325195,3.5999999046325684,-36.136932373046875,0.0003325645811855793,-0.0016792028909549117,0.0020230142399668694,0.002650076989084482,-5.72319534374401,3.5983207017416134,-36.13490935880691
111,-0.0,3.5999999046325684,-36.58738327026367,1.3674251022166573e-05,-0.001666427357122302,0.002032277639955282,0.002628177870064974,1.3674251022166573e-05,3.598333477275446,-36.58535099262372
112,5.723527908325195,3.5999999046325684,-36.136932373046875,-0.000300772488117218,-0.0016540949000045657,0.001992439152672887,0.0026069728191941977,5.723227135837078,3.598345809732564,-36.1349399338942
113,11.306122779846191,3.5999999046325684,-34.796669006347656,-0.0006034194375388324,-0.0016423002816736698,0.001905161770991981,0.002586678834632039,11.305519360408653,3.5983576043508947,-34.794763844576664
114,16.61032485961914,3.5999999046325684,-32.5995979309082,-0.0008873525657691061,-0.0016312035731971264,0.0017732379492372274,0.0025676044169813395,16.60943750705337,3.5983687010593712,-32.597824692958966
115,21.505523681640625,3.5999999046325684,-29.599815368652344,-0.0011463162954896688,-0.001621057977899909,0.0016005117213353515,0.002550197532400489,21.504377365345135,3.5983788466546685,-29.59821485693101
116,25.871187210083008,3.5999999046325684,-25.871187210083008,-0.0013747806660830975,-0.0016120639629662037,0.0013915414456278086,0.002534789964556694,25.869812429416925,3.598387840669602,-25.86979566863738
117,29.599815368652344,3.5999999046325684,-21.505523681640625,-0.001568061881698668,-0.0016044244403019547,0.0011515498626977205,0.002521718153730035,29.598247306770645,3.5983954801922664,-21.504372131777927
118,32.5995979309082,3.5999999046325684,-16.61032485961914,-0.001722330809570849,-0.001598307746462524,0.0008862354443408549,0.0025112596340477467,32.59787560009863,3.598401596886106,-16.6094386241748
119,34.796669006347656,3.5999999046325684,-11.306122779846191,-0.001834624563343823,-0.0015938450815156102,0.0006016487022861838,0.002503631403669715,34.79483438178431,3.5984060595510527,-11.305521131143905
120,36.136932373046875,3.5999999046325684,-5.723527908325195,-0.0019028403330594301,-0.0015911321388557553,0.00030408703605644405,0.002498994115740061,36.135029532713816,3.5984087724937126,-5.723223821289139
121,35.53632354736328,5.449999809265137,0.0,-0.0013322083977982402,-0.001302564051002264,-1.7785503741126163e-19,0.001863183337263763,35.53499133896548,5.4486972452141345,-1.7785503741126163e-19
122,35.098812103271484,5.449999809265137,5.55910587310791,-0.0013167215511202812,-0.0013036011951044202,-0.00021239937632344663,0.0018650053534656763,35.097495381720364,5.448696208070032,5.558893473731587
123,33.797054290771484,5.449999809265137,10.981328010559082,-0.001270483247935772,-0.0013066957471892238,-0.00042069036862812936,0.0018704442773014307,33.79578380752355,5.4486931135179475,10.980907320190454
124,31.663097381591797,5.449999809265137,16.133153915405273,-0.0011941574048250914,-0.0013117959024384618,-0.0006207746337167919,0.0018794098868966103,31.661903224186972,5.448688013362698,16.132533140771557
125,28.74949073791504,5.449999809265137,20.887727737426758,-0.0010888896649703383,-0.001318819704465568,-0.0008085896843113005,0.0018917672568932176,28.74840184825007,5.448680989560671,20.886919147742447
126,25.127975463867188,5.449999809265137,25.127975463867188,-0.0009563393541611731,-0.0013276569079607725,-0.0009801508858799934,0.0019073419971391559,25.127019124513026,5.448672152357176,25.126995312981308
127,20.887727737426758,5.449999809265137,28.74949073791504,-0.0007987034623511136,-0.0013381722383201122,-0.0011316045420244336,0.0019259181572124362,20.886929033964407,5.448661637026817,28.748359133373015
128,16.133153915405273,5.449999809265137,31.663097381591797,-0.0006187355029396713,-0.0013501901412382722,-0.001259290031157434,0.0019472180865705013,16.132535179902334,5.4486496191238984,31.66183809156064
129,10.981328010559082,5.449999809265137,33.797054290771484,-0.0004197646921966225,-0.0013635167852044106,-0.0013598274672403932,0.001970916287973523,10.980908245866885,5.448636292479932,33.795694463304244
130,5.55910587310791,5.449999809265137,35.098812103271484,-0.0002056545636150986,-0.00137783691752702,-0.0014300530310720205,0.0019964417442679405,5.558900218544295,5.44862197234761,35.09738205024041
131,0.0,5.449999809265137,35.53632354736328,1.9106937543256208e-05,-0.0013928255066275597,-0.0014672352699562907,0.00202314299531281,1.9106937543256208e-05,5.448606983758509,35.534856312093325
132,-5.55910587310791,5.449999809265137,35.098812103271484,0.000249416014412418,-0.0014080660184845328,-0.0014690861571580172,0.002050139708444476,-5.558856457093498,5.448591743246652,35.097343017114326
133,-10.981328010559082,5.449999809265137,33.797054290771484,0.0004794672131538391,-0.0014229405205696821,-0.0014336659805849195,0.002076065167784691,-10.980848543345928,5.448576868744567,33.7956206247909
134,-16.133153915405273,5.449999809265137,31.663097381591797,0.0007033549482002854,-0.0014377577463164926,-0.0013614672934636474,0.002101296791806817,-16.132450560457073,5.44856205151882,31.661735914298333
135,-20.887727737426758,5.449999809265137,28.74949073791504,0.0009125687065534294,-0.001449231756851077,-0.0012497887946665287,0.002120147692039609,-20.886815168720204,5.448550577508286,28.748240949120373
136,-25.127975463867188,5.449999809265137,25.127975463867188,0.0010933411540463567,-0.0014506177976727486,-0.001094546401873231,0.002120782621204853,-25.12688212271314,5.448549191467464,25.126880917465314
137,-28.74949073791504,5.449999809265137,20.887727737426758,0.0012401685817167163,-0.001444848021492362,-0.0009056840208359063,0.002108522690832615,-28.748250569333322,5.448554961243644,20.886822053405922
138,-31.663097381591797,5.449999809265137,16.133153915405273,0.001357062254101038,-0.001439969171769917,-0.0006967821391299367,0.0020977689418941736,-31.661740319337696,5.448559840093367,16.132457133266144
139,-33.797054290771484,5.449999809265137,10.981328010559082,0.001442469540052116,-0.0014368286356329918,-0.0004730639047920704,0.0020902114920318127,-33.79561182123143,5.448562980629504,10.98085494665429
140,-35.098812103271484,5.449999809265137,5.55910587310791,0.0014938391977921128,-0.0014346397947520018,-0.00023903712281025946,0.0020849185530096292,-35.09731826407369,5.448565169470385,5.5588668359851
141,-35.53632354736328,5.449999809265137,0.0,0.0015111247776076198,-0.0014339456101879478,1.6537264932328916e-19,0.0020831942092627287,-35.534812422585674,5.448565863654949,1.6537264932328916e-19
142,-35.098812103271484,5.449999809265137,-5.55910587310791,0.0014938391977921128,-0.0014346397947520018,0.00023903712281025946,0.0020849185530096292,-35.09731826407369,5.448565169470385,-5.5588668359851
143,-33.797054290771484,5.449999809265137,-10.981328010559082,0.001442469540052116,-0.0014368286356329918,0.0004730639047920704,0.0020902114920318127,-33.79561182123143,5.448562980629504,-10.98085494665429
144,-31.663097381591797,5.449999809265137,-16.133153915405273,0.001357062254101038,-0.001439969171769917,0.0006967821391299367,0.0020977689418941736,-31.661740319337696,5.448559840093367,-16.132457133266144
145,-28.74949073791504,5.449999809265137,-20.887727737426758,0.0012401685817167163,-0.001444848021492362,0.0009056840208359063,0.002108522690832615,-28.748250569333322,5.448554961243644,-20.886822053405922
146,-25.127975463867188,5.449999809265137,-25.127975463867188,0.0010933411540463567,-0.0014506177976727486,0.001094546401873231,0.002120782621204853,-25.12688212271314,5.448549191467464,-25.126880917465314
147,-20.887727737426758,5.449999809265137,-28.74949073791504,0.0009125687065534294,-0.001449231756851077,0.0012497887946665287,0.002120147692039609,-20.886815168720204,5.448550577508286,-28.748240949120373
148,-16.133153915405273,5.449999809265137,-31.663097381591797,0.0007033549482002854,-0.0014377577463164926,0.0013614672934636474,0.002101296791806817,-16.132450560457073,5.44856205151882,-31.661735914298333
149,-10.981328010559082,5.449999809265137,-33.797054290771484,0.0004794672131538391,-0.0014229405205696821,0.0014336659805849195,0.002076065167784691,-10.980848543345928,5.448576868744567,-33.7956206247909
150,-5.55910587310791,5.449999809265137,-35.098812103271484,0.000249416014412418,-0.0014080660184845328,0.0014690861571580172,0.002050139708444476,-5.558856457093498,5.448591743246652,-35.097343017114326
151,-0.0,5.449999809265137,-35.53632354736328,1.9106937543256208e-05,-0.0013928255066275597,0.0014672352699562907,0.00202314299531281,1.9106937543256208e-05,5.448606983758509,-35.534856312093325
152,5.55910587310791,5.449999809265137,-35.098812103271484,-0.0002056545636150986,-0.00137783691752702,0.0014300530310720205,0.0019964417442679405,5.558900218544295,5.44862197234761,-35.09738205024041
153,10.981328010559082,5.449999809265137,-33.797054290771484,-0.0004197646921966225,-0.0013635167852044106,0.0013598274672403932,0.001970916287973523,10.980908245866885,5.448636292479932,-33.795694463304244
154,16.133153915405273,5.449999809265137,-31.663097381591797,-0.0006187355029396713,-0.0013501901412382722,0.001259290031157434,0.0019472180865705013,16.132535179902334,5.4486496191238984,-31.66183809156064
155,20.887727737426758,5.449999809265137,-28.74949073791504,-0.0007987034623511136,-0.0013381722383201122,0.0011316045420244336,0.0019259181572124362,20.886929033964407,5.448661637026817,-28.748359133373015
156,25.127975463867188,5.449999809265137,-25.127975463867188,-0.0009563393541611731,-0.0013276569079607725,0.0009801508858799934,0.0019073419971391559,25.127019124513026,5.448672152357176,-25.126995312981308
157,28.74949073791504,5.449999809265137,-20.887727737426758,-0.0010888896649703383,-0.001318819704465568,0.0008085896843113005,0.0018917672568932176,28.74840184825007,5.448680989560671,-20.886919147742447
158,31.663097381591797,5.449999809265137,-16.133153915405273,-0.0011941574048250914,-0.0013117959024384618,0.0006207746337167919,0.0018794098868966103,31.661903224186972,5.448688013362698,-16.132533140771557
159,33.797054290771484,5.449999809265137,-10.981328010559082,-0.001270483247935772,-0.0013066957471892238,0.00042069036862812936,0.0018704442773014307,33.79578380752355,5.4486931135179475,-10.980907320190454
160,35.098812103271484,5.449999809265137,-5.55910587310791,-0.0013167215511202812,-0.0013036011951044202,0.00021239937632344663,0.0018650053534656763,35.097495381720364,5.448696208070032,-5.558893473731587
161,34.485267639160156,7.300000190734863,0.0,0.0010084526147693396,-4.4474760215962306e-05,-7.648707513706332e-19,0.0010094328317791224,34.486276091774926,7.299955715974647,-7.648707513706332e-19
162,34.06069564819336,7.300000190734863,5.394683837890625,0.0009950661333277822,-4.561558671412058e-05,0.00015267659910023212,0.0010077437618747354,34.06169071432669,7.299954575148149,5.394836514489725
163,32.79743576049805,7.300000190734863,10.656533241271973,0.0009554130956530571,-4.901550346403383e-05,0.00030034693190827966,0.0010027087992057204,32.7983911735937,7.299951175231399,10.656833588203881
164,30.72659683227539,7.300000190734863,15.655982971191406,0.0008909924072213471,-5.462135959533043e-05,0.0004382271727081388,0.0009944315534085035,30.727487824682612,7.299945569375268,15.656421198364114
165,27.899166107177734,7.300000190734863,20.26993179321289,0.0008041979745030403,-6.234730972209945e-05,0.000561955152079463,0.0009830641793087125,27.899970305152237,7.299937843425141,20.27049374836497
166,24.384765625,7.300000190734863,24.384765625,0.0006981841870583594,-7.208647730294615e-05,0.000667749613057822,0.0009687864221632481,24.38546380918706,7.29992810425756,24.385433374613058
167,20.26993179321289,7.300000190734863,27.899166107177734,0.000576722202822566,-8.371411968255416e-05,0.0007525433320552111,0.0009518077713437378,20.270508515415713,7.299916476615181,27.89991865050979
168,15.655982971191406,7.300000190734863,30.72659683227539,0.00044405664084479213,-9.705820411909372e-05,0.0008141185389831662,0.0009324137936346233,15.656427027832251,7.299903132530744,30.727410950814374
169,10.656533241271973,7.300000190734863,32.79743576049805,0.00030472021899186075,-0.00011187995551154017,0.000851236458402127,0.0009110296959988773,10.656837961490965,7.299888310779352,32.79828699695645
170,5.394683837890625,7.300000190734863,34.06069564819336,0.0001633128704270348,-0.00012777200026903301,0.0008638336439616978,0.0008883723057806492,5.394847150761052,7.299872418734594,34.06155948183732
171,0.0,7.300000190734863,34.485267639160156,2.4142971597029828e-05,-0.00014412995369639248,0.000853120582178235,0.0008655466372147202,2.4142971597029828e-05,7.299856060781167,34.486120759742334
172,-5.394683837890625,7.300000190734863,34.06069564819336,-0.00010920506611000746,-0.00016016385052353144,0.0008214452536776662,0.0008440085803158581,-5.394793042956735,7.29984002688434,34.06151709344704
173,-10.656533241271973,7.300000190734863,32.79743576049805,-0.00023426463303621858,-0.00017481732356827706,0.0007721245056018233,0.0008256011642515659,-10.656767505905009,7.299825373411295,32.79820788500365
174,-15.655982971191406,7.300000190734863,30.72659683227539,-0.00034942248021252453,-0.00018768738664221019,0.0007076839101500809,0.0008112577488645911,-15.656332393671619,7.299812503348221,30.72730451618554
175,-20.26993179321289,7.300000190734863,27.899166107177734,-0.0004553082399070263,-0.00019597970822360367,0.0006329899770207703,0.0008039837703108788,-20.270387101452798,7.29980421102664,27.899799097154755
176,-24.384765625,7.300000190734863,24.384765625,-0.0005564201273955405,-0.00019465807417873293,0.0005538517143577337,0.0008088552858680487,-24.385322045127396,7.2998055326606845,24.385319476714358
177,-27.899166107177734,7.300000190734863,20.26993179321289,-0.0006513831904157996,-0.00018639935296960175,0.00046645067050121725,0.0008225697092711926,-27.89981749036815,7.299813791381894,20.270398243883392
178,-30.72659683227539,7.300000190734863,15.655982971191406,-0.0007318024290725589,-0.0001780875027179718,0.00036519221612252295,0.0008370276773348451,-30.727328634704463,7.299822103232145,15.656348163407529
179,-32.79743576049805,7.300000190734863,10.656533241271973,-0.000793095794506371,-0.00017137694521807134,0.00025140270008705556,0.0008494553039781749,-32.79822885629255,7.299828813789645,10.65678464397206
180,-34.06069564819336,7.300000190734863,5.394683837890625,-0.0008320376509800553,-0.00016669131582602859,0.00012829186744056642,0.0008582141017541289,-34.06152768584434,7.299833499419037,5.394812129758066
181,-34.485267639160156,7.300000190734863,0.0,-0.000845305563416332,-0.00016507985128555447,7.591431977129512e-19,0.0008612739620730281,-34.48611294472357,7.299835110883578,7.591431977129512e-19
182,-34.06069564819336,7.300000190734863,-5.394683837890625,-0.0008320376509800553,-0.00016669131582602859,-0.00012829186744056642,0.0008582141017541289,-34.06152768584434,7.299833499419037,-5.394812129758066
183,-32.79743576049805,7.300000190734863,-10.656533241271973,-0.000793095794506371,-0.00017137694521807134,-0.00025140270008705556,0.0008494553039781749,-32.79822885629255,7.299828813789645,-10.65678464397206
184,-30.72659683227539,7.300000190734863,-15.655982971191406,-0.0007318024290725589,-0.0001780875027179718,-0.00036519221612252295,0.0008370276773348451,-30.727328634704463,7.299822103232145,-15.656348163407529
185,-27.899166107177734,7.300000190734863,-20.26993179321289,-0.0006513831904157996,-0.00018639935296960175,-0.00046645067050121725,0.0008225697092711926,-27.89981749036815,7.299813791381894,-20.270398243883392
186,-24.384765625,7.300000190734863,-24.384765625,-0.0005564201273955405,-0.00019465807417873293,-0.0005538517143577337,0.0008088552858680487,-24.385322045127396,7.2998055326606845,-24.385319476714358
187,-20.26993179321289,7.300000190734863,-27.899166107177734,-0.0004553082399070263,-0.00019597970822360367,-0.0006329899770207703,0.0008039837703108788,-20.270387101452798,7.29980421102664,-27.899799097154755
188,-15.655982971191406,7.300000190734863,-30.72659683227539,-0.00034942248021252453,-0.00018768738664221019,-0.0007076839101500809,0.0008112577488645911,-15.656332393671619,7.299812503348221,-30.72730451618554
189,-10.656533241271973,7.300000190734863,-32.79743576049805,-0.00023426463303621858,-0.00017481732356827706,-0.0007721245056018233,0.0008256011642515659,-10.656767505905009,7.299825373411295,-32.79820788500365
190,-5.394683837890625,7.300000190734863,-34.06069564819336,-0.00010920506611000746,-0.00016016385052353144,-0.0008214452536776662,0.0008440085803158581,-5.394793042956735,7.29984002688434,-34.06151709344704
191,-0.0,7.300000190734863,-34.485267639160156,2.4142971597029828e-05,-0.00014412995369639248,-0.000853120582178235,0.0008655466372147202,2.4142971597029828e-05,7.299856060781167,-34.486120759742334
192,5.394683837890625,7.300000190734863,-34.06069564819336,0.0001633128704270348,-0.00012777200026903301,-0.0008638336439616978,0.0008883723057806492,5.394847150761052,7.299872418734594,-34.06155948183732
193,10.656533241271973,7.300000190734863,-32.79743576049805,0.00030472021899186075,-0.00011187995551154017,-0.000851236458402127,0.0009110296959988773,10.656837961490965,7.299888310779352,-32.79828699695645
194,15.655982971191406,7.300000190734863,-30.72659683227539,0.00044405664084479213,-9.705820411909372e-05,-0.0008141185389831662,0.0009324137936346233,15.656427027832251,7.299903132530744,-30.727410950814374
195,20.26993179321289,7.300000190734863,-27.899166107177734,0.000576722202822566,-8.371411968255416e-05,-0.0007525433320552111,0.0009518077713437378,20.270508515415713,7.299916476615181,-27.89991865050979
196,24.384765625,7.300000190734863,-24.384765625,0.0006981841870583594,-7.208647730294615e-05,-0.000667749613057822,0.0009687864221632481,24.38546380918706,7.29992810425756,-24.385433374613058
197,27.899166107177734,7.300000190734863,-20.26993179321289,0.0008041979745030403,-6.234730972209945e-05,-0.000561955152079463,0.0009830641793087125,27.899970305152237,7.299937843425141,-20.27049374836497
198,30.72659683227539,7.300000190734863,-15.655982971191406,0.0008909924072213471,-5.462135959533043e-05,-0.0004382271727081388,0.0009944315534085035,30.727487824682612,7.299945569375268,-15.656421198364114
199,32.79743576049805,7.300000190734863,-10.656533241271973,0.0009554130956530571,-4.901550346403383e-05,-0.00030034693190827966,0.0010027087992057204,32.7983911735937,7.299951175231399,-10.656833588203881
200,34.06069564819336,7.300000190734863,-5.394683837890625,0.0009950661333277822,-4.561558671412058e-05,-0.00015267659910023212,0.0010077437618747354,34.06169071432669,7.299954575148149,-5.394836514489725
201,33.1723747253418,9.100000381469727,0.0,0.005196928977966309,0.0028652066830545664,7.755162039626727e-19,0.005934431683272123,33.17757165431976,9.102865588152781,7.755162039626727e-19
202,32.76396942138672,9.100000381469727,5.189302921295166,0.0051313359290361404,0.002863505156710744,0.0008066674927249551,0.005931355524808168,32.769100757315755,9.102863886626437,5.190109588787891
203,31.548803329467773,9.100000381469727,10.25082778930664,0.004936483222991228,0.002858452731743455,0.0015915589174255729,0.005922218784689903,31.553739812690765,9.10285883420147,10.252419348224066
204,29.55680274963379,9.100000381469727,15.059944152832031,0.0046180556528270245,0.002850194228813052,0.002333633601665497,0.005907274782657623,29.561420805286616,9.10285057569854,15.062277786433697
205,26.83701515197754,9.100000381469727,19.498233795166016,0.004185242112725973,0.002838956657797098,0.003013266483321786,0.005886909086257219,26.841200394090265,9.102839338127524,19.501247061649337
206,23.456411361694336,9.100000381469727,23.456411361694336,0.0036503372248262167,0.0028250140603631735,0.0036128265783190727,0.0058615850284695625,23.460061698919162,9.10282539553009,23.460024188272655
207,19.498233795166016,9.100000381469727,26.83701515197754,0.003028277074918151,0.002808676101267338,0.004117152187973261,0.0058318148367106915,19.501262072240934,9.102809057570994,26.841132304165512
208,15.059944152832031,9.100000381469727,29.55680274963379,0.002336149336770177,0.0027903213631361723,0.004513981752097607,0.005798234138637781,15.062280302168801,9.102790702832863,29.561316731385887
209,10.25082778930664,9.100000381469727,31.548803329467773,0.0015926241176202893,0.0027704439125955105,0.004794320557266474,0.0057617113925516605,10.252420413424261,9.102770825382322,31.55359765002504
210,5.189302921295166,9.100000381469727,32.76396942138672,0.0008172924281097949,0.0027497317641973495,0.004952763207256794,0.0057235355488955975,5.190120213723276,9.102750113233924,32.768922184593976
211,0.0,9.100000381469727,33.1723747253418,2.9892415113863535e-05,0.0027292107697576284,0.004987762775272131,0.005685706622898579,2.9892415113863535e-05,9.102729592239484,33.17736248811707
212,-5.189302921295166,9.100000381469727,32.76396942138672,-0.0007505971589125693,0.002710124710574746,0.004901356995105743,0.005650793667882681,-5.190053518454079,9.102710506180301,32.768870778381824
213,-10.25082778930664,9.100000381469727,31.548803329467773,-0.00150670378934592,0.002694056835025549,0.004698856733739376,0.005622041877359152,-10.252334493095987,9.102694438304752,31.553502186201513
214,-15.059944152832031,9.100000381469727,29.55680274963379,-0.0022225144784897566,0.0026820162311196327,0.004387080203741789,0.00560171902179718,-15.062166667310521,9.102682397700846,29.56118982983753
215,-19.498233795166016,9.100000381469727,26.83701515197754,-0.0028838126454502344,0.00267530488781631,0.003974745981395245,0.005592158529907465,-19.501117607811466,9.102675686357543,26.840989897958934
216,-23.456411361694336,9.100000381469727,23.456411361694336,-0.0034785305615514517,0.002676155185326934,0.0034728485625237226,0.005596665199846029,-23.459889892255887,9.102676536655053,23.45988421025686
217,-26.83701515197754,9.100000381469727,19.498233795166016,-0.0039927782490849495,0.0026826877146959305,0.0028901291079819202,0.005611767992377281,-26.841007930226624,9.102683069184422,19.501123924273998
218,-29.55680274963379,9.100000381469727,15.059944152832031,-0.004411108326166868,0.0026907348074018955,0.0022360547445714474,0.00563008664175868,-29.561213857959956,9.102691116277128,15.062180207576603
219,-31.548803329467773,9.100000381469727,10.25082778930664,-0.004721092991530895,0.0026984780561178923,0.0015247042756527662,0.005647585727274418,-31.553524422459304,9.102698859525844,10.252352493582293
220,-32.76396942138672,9.100000381469727,5.189302921295166,-0.004912129137665033,0.0027041579596698284,0.0007729024509899318,0.005660288035869598,-32.768881550524384,9.102704539429396,5.190075823746156
221,-33.1723747253418,9.100000381469727,0.0,-0.004976622294634581,0.0027061710134148598,-7.327301833807908e-19,0.005664815194904804,-33.17735134763643,9.102706552483141,-7.327301833807908e-19
222,-32.76396942138672,9.100000381469727,-5.189302921295166,-0.004912129137665033,0.0027041579596698284,-0.0007729024509899318,0.005660288035869598,-32.768881550524384,9.102704539429396,-5.190075823746156
223,-31.548803329467773,9.100000381469727,-10.25082778930664,-0.004721092991530895,0.0026984780561178923,-0.0015247042756527662,0.005647585727274418,-31.553524422459304,9.102698859525844,-10.252352493582293
224,-29.55680274963379,9.100000381469727,-15.059944152832031,-0.004411108326166868,0.0026907348074018955,-0.0022360547445714474,0.00563008664175868,-29.561213857959956,9.102691116277128,-15.062180207576603
225,-26.83701515197754,9.100000381469727,-19.498233795166016,-0.0039927782490849495,0.0026826877146959305,-0.0028901291079819202,0.005611767992377281,-26.841007930226624,9.102683069184422,-19.501123924273998
226,-23.456411361694336,9.100000381469727,-23.456411361694336,-0.0034785305615514517,0.002676155185326934,-0.0034728485625237226,0.005596665199846029,-23.459889892255887,9.102676536655053,-23.45988421025686
227,-19.498233795166016,9.100000381469727,-26.83701515197754,-0.0028838126454502344,0.00267530488781631,-0.003974745981395245,0.005592158529907465,-19.501117607811466,9.102675686357543,-26.840989897958934
228,-15.059944152832031,9.100000381469727,-29.55680274963379,-0.0022225144784897566,0.0026820162311196327,-0.004387080203741789,0.00560171902179718,-15.062166667310521,9.102682397700846,-29.56118982983753
229,-10.25082778930664,9.100000381469727,-31.548803329467773,-0.00150670378934592,0.002694056835025549,-0.004698856733739376,0.005622041877359152,-10.252334493095987,9.102694438304752,-31.553502186201513
230,-5.189302921295166,9.100000381469727,-32.76396942138672,-0.0007505971589125693,0.002710124710574746,-0.004901356995105743,0.005650793667882681,-5.190053518454079,9.102710506180301,-32.768870778381824
231,-0.0,9.100000381469727,-33.1723747253418,2.9892415113863535e-05,0.0027292107697576284,-0.004987762775272131,0.005685706622898579,2.9892415113863535e-05,9.102729592239484,-33.17736248811707
232,5.189302921295166,9.100000381469727,-32.76396942138672,0.0008172924281097949,0.0027497317641973495,-0.004952763207256794,0.0057235355488955975,5.190120213723276,9.102750113233924,-32.768922184593976
233,10.25082778930664,9.100000381469727,-31.548803329467773,0.0015926241176202893,0.0027704439125955105,-0.004794320557266474,0.0057617113925516605,10.252420413424261,9.102770825382322,-31.55359765002504
234,15.059944152832031,9.100000381469727,-29.55680274963379,0.002336149336770177,0.0027903213631361723,-0.004513981752097607,0.005798234138637781,15.062280302168801,9.102790702832863,-29.561316731385887
235,19.498233795166016,9.100000381469727,-26.83701515197754,0.003028277074918151,0.002808676101267338,-0.004117152187973261,0.0058318148367106915,19.501262072240934,9.102809057570994,-26.841132304165512
236,23.456411361694336,9.100000381469727,-23.456411361694336,0.0036503372248262167,0.0028250140603631735,-0.0036128265783190727,0.0058615850284695625,23.460061698919162,9.10282539553009,-23.460024188272655
237,26.83701515197754,9.100000381469727,-19.498233795166016,0.004185242112725973,0.002838956657797098,-0.003013266483321786,0.005886909086257219,26.841200394090265,9.102839338127524,-19.501247061649337
238,29.55680274963379,9.100000381469727,-15.059944152832031,0.0046180556528270245,0.002850194228813052,-0.002333633601665497,0.005907274782657623,29.561420805286616,9.10285057569854,-15.062277786433697
239,31.548803329467773,9.100000381469727,-10.25082778930664,0.004936483222991228,0.002858452731743455,-0.0015915589174255729,0.005922218784689903,31.553739812690765,9.10285883420147,-10.252419348224066
240,32.76396942138672,9.100000381469727,-5.189302921295166,0.0051313359290361404,0.002863505156710744,-0.0008066674927249551,0.005931355524808168,32.769100757315755,9.102863886626437,-5.190109588787891
241,31.859485626220703,10.899999618530273,0.0,0.007448562420904636,0.004300770815461874,-1.0723579800895108e-18,0.008601030334830284,31.866934188641608,10.904300389345735,-1.0723579800895108e-18
242,31.467241287231445,10.899999618530273,4.983922004699707,0.007354317232966423,0.004298340063542128,0.001157856429927051,0.008596647530794144,31.47459560446441,10.904297958593816,4.985079861129634
243,30.3001708984375,10.899999618530273,9.845122337341309,0.007074406836181879,0.0042911493219435215,0.002284369198605418,0.008583678863942623,30.307245305273682,10.904290767852217,9.847406706539914
244,28.387008666992188,10.899999618530273,14.46390438079834,0.006617152132093906,0.004279490560293198,0.0033493265509605408,0.008562635630369186,28.39362581912428,10.904279109090567,14.4672537073493
245,25.774864196777344,10.899999618530273,18.72653579711914,0.005995914805680513,0.004263788927346468,0.00432465597987175,0.008534257300198078,25.780860111583024,10.90426340745762,18.730860453099012
246,22.528057098388672,10.899999618530273,22.528057098388672,0.005228444002568722,0.004244523122906685,0.005185230635106564,0.00849936529994011,22.53328554239124,10.90424414165318,22.53324232902378
247,18.72653579711914,10.899999618530273,25.774864196777344,0.004336162935942411,0.004222172778099775,0.005909488536417484,0.008458789438009262,18.730871960055083,10.904221791308373,25.78077368531376
248,14.46390438079834,10.899999618530273,28.387008666992188,0.0033434382639825344,0.00419721519574523,0.006479914765805006,0.008413352072238922,14.467247819062322,10.904196833726019,28.393488581757993
249,9.845122337341309,10.899999618530273,30.3001708984375,0.002276844810694456,0.004170175641775131,0.00688347639515996,0.00836400780826807,9.847399182152003,10.904169794172049,30.30705437483266
250,4.983922004699707,10.899999618530273,31.467241287231445,0.0011643478646874428,0.004141724202781916,0.007112008053809404,0.008312053978443146,4.9850863525643945,10.904141342733055,31.474353295285255
251,0.0,10.899999618530273,31.859485626220703,3.43560786859598e-05,0.004112880676984787,0.0071625858545303345,0.008259516209363937,3.43560786859598e-05,10.904112499207258,31.866648212075233
252,-4.983922004699707,10.899999618530273,31.467241287231445,-0.0010854280553758144,0.004085130989551544,0.007037621457129717,0.008209419436752796,-4.985007432755083,10.904084749519825,31.474278908688575
253,-9.845122337341309,10.899999618530273,30.3001708984375,-0.0021692404989153147,0.004060706589370966,0.006744666490703821,0.008166116662323475,-9.847291577840224,10.904060325119644,30.306915564928204
254,-14.46390438079834,10.899999618530273,28.387008666992188,-0.0031943367794156075,0.004042304120957851,0.0062952712178230286,0.008134768344461918,-14.467098717577755,10.904041922651231,28.39330393821001
255,-18.72653579711914,10.899999618530273,25.774864196777344,-0.0041411267593503,0.0040327999740839005,0.005703320726752281,0.008120361715555191,-18.73067692387849,10.904032418504357,25.780567517504096
256,-22.528057098388672,10.899999618530273,22.528057098388672,-0.004991951864212751,0.004034173674881458,0.00498295808210969,0.008125515654683113,-22.533049050252885,10.904033792205155,22.53304005647078
257,-25.774864196777344,10.899999618530273,18.72653579711914,-0.005727901589125395,0.004044163506478071,0.004146835766732693,0.008146187290549278,-25.78059209836647,10.904043782036752,18.730682632885873
258,-28.387008666992188,10.899999618530273,14.46390438079834,-0.006328153889626265,0.004057662095874548,0.003209038870409131,0.008173621259629726,-28.393336820881814,10.904057280626148,14.467113419668749
259,-30.3001708984375,10.899999618530273,9.845122337341309,-0.006773179862648249,0.004070480819791555,0.002188539830967784,0.008199663832783699,-30.30694407830015,10.904070099350065,9.847310877172276
260,-31.467241287231445,10.899999618530273,4.983922004699707,-0.007047073449939489,0.004079441539943218,0.0011094531510025263,0.008217905648052692,-31.474288360681385,10.904079060070217,4.98503145785071
261,-31.859485626220703,10.899999618530273,0.0,-0.007139529567211866,0.0040826047770679,1.040530551660308e-18,0.008224387653172016,-31.866625155787915,10.904082223307341,1.040530551660308e-18
262,-31.467241287231445,10.899999618530273,-4.983922004699707,-0.007047073449939489,0.004079441539943218,-0.0011094531510025263,0.008217905648052692,-31.474288360681385,10.904079060070217,-4.98503145785071
263,-30.3001708984375,10.899999618530273,-9.845122337341309,-0.006773179862648249,0.004070480819791555,-0.002188539830967784,0.008199663832783699,-30.30694407830015,10.904070099350065,-9.847310877172276
264,-28.387008666992188,10.899999618530273,-14.46390438079834,-0.006328153889626265,0.004057662095874548,-0.003209038870409131,0.008173621259629726,-28.393336820881814,10.904057280626148,-14.467113419668749
265,-25.774864196777344,10.899999618530273,-18.72653579711914,-0.005727901589125395,0.004044163506478071,-0.004146835766732693,0.008146187290549278,-25.78059209836647,10.904043782036752,-18.730682632885873
266,-22.528057098388672,10.899999618530273,-22.528057098388672,-0.004991951864212751,0.004034173674881458,-0.00498295808210969,0.008125515654683113,-22.533049050252885,10.904033792205155,-22.53304005647078
267,-18.72653579711914,10.899999618530273,-25.774864196777344,-0.0041411267593503,0.0040327999740839005,-0.005703320726752281,0.008120361715555191,-18.73067692387849,10.904032418504357,-25.780567517504096
268,-14.46390438079834,10.899999618530273,-28.387008666992188,-0.0031943367794156075,0.004042304120957851,-0.0062952712178230286,0.008134768344461918,-14.467098717577755,10.904041922651231,-28.39330393821001
269,-9.845122337341309,10.899999618530273,-30.3001708984375,-0.0021692404989153147,0.004060706589370966,-0.006744666490703821,0.008166116662323475,-9.847291577840224,10.904060325119644,-30.306915564928204
270,-4.983922004699707,10.899999618530273,-31.467241287231445,-0.0010854280553758144,0.004085130989551544,-0.007037621457129717,0.008209419436752796,-4.985007432755083,10.904084749519825,-31.474278908688575
271,-0.0,10.899999618530273,-31.859485626220703,3.43560786859598e-05,0.004112880676984787,-0.0071625858545303345,0.008259516209363937,3.43560786859598e-05,10.904112499207258,-31.866648212075233
272,4.983922004699707,10.899999618530273,-31.467241287231445,0.0011643478646874428,0.004141724202781916,-0.007112008053809404,0.008312053978443146,4.9850863525643945,10.904141342733055,-31.474353295285255
273,9.845122337341309,10.899999618530273,-30.3001708984375,0.002276844810694456,0.004170175641775131,-0.00688347639515996,0.00836400780826807,9.847399182152003,10.904169794172049,-30.30705437483266
274,14.46390438079834,10.899999618530273,-28.387008666992188,0.0033434382639825344,0.00419721519574523,-0.006479914765805006,0.008413352072238922,14.467247819062322,10.904196833726019,-28.393488581757993
275,18.72653579711914,10.899999618530273,-25.774864196777344,0.004336162935942411,0.004222172778099775,-0.005909488536417484,0.008458789438009262,18.730871960055083,10.904221791308373,-25.78077368531376
276,22.528057098388672,10.899999618530273,-22.528057098388672,0.005228444002568722,0.004244523122906685,-0.005185230635106564,0.00849936529994011,22.53328554239124,10.90424414165318,-22.53324232902378
277,25.774864196777344,10.899999618530273,-18.72653579711914,0.005995914805680513,0.004263788927346468,-0.00432465597987175,0.008534257300198078,25.780860111583024,10.90426340745762,-18.730860453099012
278,28.387008666992188,10.899999618530273,-14.46390438079834,0.006617152132093906,0.004279490560293198,-0.0033493265509605408,0.008562635630369186,28.39362581912428,10.904279109090567,-14.4672537073493
279,30.3001708984375,10.899999618530273,-9.845122337341309,0.007074406836181879,0.0042911493219435215,-0.002284369198605418,0.008583678863942623,30.307245305273682,10.904290767852217,-9.847406706539914
280,31.467241287231445,10.899999618530273,-4.983922004699707,0.007354317232966423,0.004298340063542128,-0.001157856429927051,0.008596647530794144,31.47459560446441,10.904297958593816,-4.985079861129634
281,26.89017105102539,12.75,0.0,0.0012874582316726446,-0.013361901976168156,2.9703334598682654e-19,0.013423784635961056,26.891458509257063,12.736638098023832,2.9703334598682654e-19
282,26.55910873413086,12.75,4.206550121307373,0.0012701288796961308,-0.013363429345190525,0.00018839443509932607,0.013424975797533989,26.560378863010556,12.73663657065481,4.206738515742472
283,25.574073791503906,12.75,8.30951976776123,0.001219002646394074,-0.01336782518774271,0.0003699642838910222,0.01342838816344738,25.5752927941503,12.736632174812257,8.309889732045121
284,23.959318161010742,12.75,12.20788288116455,0.0011365402024239302,-0.013374639675021172,0.0005383580573834479,0.013433635234832764,23.960454701213166,12.736625360324979,12.208421239221934
285,21.754606246948242,12.75,15.805645942687988,0.0010264393640682101,-0.013383481651544571,0.0006880208384245634,0.013440405949950218,21.75563268631231,12.736616518348455,15.806333963526413
286,19.014223098754883,12.75,19.014223098754883,0.0008932085474953055,-0.013394484296441078,0.0008142963633872569,0.013448907062411308,19.015116307302378,12.736605515703559,19.01503739511827
287,15.805645942687988,12.75,21.754606246948242,0.0007418293389491737,-0.013408728875219822,0.0009133373387157917,0.013460256159305573,15.806387772026937,12.73659127112478,21.755519584286958
288,12.20788288116455,12.75,23.959318161010742,0.0005776231992058456,-0.01342850923538208,0.000981988268904388,0.013476750813424587,12.208460504363757,12.736571490764618,23.960300149279647
289,8.30951976776123,12.75,25.574073791503906,0.0004062670632265508,-0.013457411900162697,0.0010177454678341746,0.013501955196261406,8.309926034824457,12.736542588099837,25.57509153697174
290,4.206550121307373,12.75,26.55910873413086,0.0002338997001061216,-0.013499889522790909,0.0010190473403781652,0.013540317304432392,4.206784021007479,12.736500110477209,26.560127781471238
291,0.0,12.75,26.89017105102539,6.704522093059495e-05,-0.013559825718402863,0.0009860321879386902,0.013595794327557087,6.704522093059495e-05,12.736440174281597,26.89115708321333
292,-4.206550121307373,12.75,26.55910873413086,-8.804265962680802e-05,-0.013637693598866463,0.0009218601626344025,0.013669099658727646,-4.206638163967,12.736362306401134,26.560030594293494
293,-8.30951976776123,12.75,25.574073791503906,-0.00022714005899615586,-0.013726018369197845,0.0008341749780811369,0.01375321764498949,-8.309746907820227,12.736273981630802,25.574907966481987
294,-12.20788288116455,12.75,23.959318161010742,-0.0003509855014272034,-0.013803917914628983,0.0007357961731031537,0.013827969320118427,-12.208233866665978,12.736196082085371,23.960053957183845
295,-15.805645942687988,12.75,21.754606246948242,-0.00046812850632704794,-0.013836042955517769,0.000642035563942045,0.013858839869499207,-15.806114071194315,12.736163957044482,21.755248282512184
296,-19.014223098754883,12.75,19.014223098754883,-0.0005902003613300622,-0.013795861043035984,0.0005596919800154865,0.013819818384945393,-19.014813299116213,12.736204138956964,19.0147827907349
297,-21.754606246948242,12.75,15.805645942687988,-0.00071790034417063,-0.013699053786695004,0.00047892675502225757,0.013726209290325642,-21.755324147292413,12.736300946213305,15.80612486944301
298,-23.959318161010742,12.75,12.20788288116455,-0.0008375663892365992,-0.013589859940111637,0.00038457452319562435,0.013621076010167599,-23.96015572739998,12.736410140059888,12.208267455687746
299,-25.574073791503906,12.75,8.30951976776123,-0.0009332263725809753,-0.013501114211976528,0.0002705012448132038,0.013536032289266586,-25.575007017876487,12.736498885788023,8.309790269006044
300,-26.55910873413086,12.75,4.206550121307373,-0.000994257046841085,-0.013445835560560226,0.00013980425137560815,0.013483270071446896,-26.5601029911777,12.73655416443944,4.206689925558749
301,-26.89017105102539,12.75,0.0,-0.0010151388123631477,-0.013427330181002617,8.536085161362141e-19,0.01346564944833517,-26.891186189837754,12.736572669818997,8.536085161362141e-19
302,-26.55910873413086,12.75,-4.206550121307373,-0.000994257046841085,-0.013445835560560226,-0.00013980425137560815,0.013483270071446896,-26.5601029911777,12.73655416443944,-4.206689925558749
303,-25.574073791503906,12.75,-8.30951976776123,-0.0009332263725809753,-0.013501114211976528,-0.0002705012448132038,0.013536032289266586,-25.575007017876487,12.736498885788023,-8.309790269006044
304,-23.959318161010742,12.75,-12.20788288116455,-0.0008375663892365992,-0.013589859940111637,-0.00038457452319562435,0.013621076010167599,-23.96015572739998,12.736410140059888,-12.208267455687746
305,-21.754606246948242,12.75,-15.805645942687988,-0.00071790034417063,-0.013699053786695004,-0.00047892675502225757,0.013726209290325642,-21.755324147292413,12.736300946213305,-15.80612486944301
306,-19.014223098754883,12.75,-19.014223098754883,-0.0005902003613300622,-0.013795861043035984,-0.0005596919800154865,0.013819818384945393,-19.014813299116213,12.736204138956964,-19.0147827907349
307,-15.805645942687988,12.75,-21.754606246948242,-0.00046812850632704794,-0.013836042955517769,-0.000642035563942045,0.013858839869499207,-15.806114071194315,12.736163957044482,-21.755248282512184
308,-12.20788288116455,12.75,-23.959318161010742,-0.0003509855014272034,-0.013803917914628983,-0.0007357961731031537,0.013827969320118427,-12.208233866665978,12.736196082085371,-23.960053957183845
309,-8.30951976776123,12.75,-25.574073791503906,-0.00022714005899615586,-0.013726018369197845,-0.0008341749780811369,0.01375321764498949,-8.309746907820227,12.736273981630802,-25.574907966481987
310,-4.206550121307373,12.75,-26.55910873413086,-8.804265962680802e-05,-0.013637693598866463,-0.0009218601626344025,0.013669099658727646,-4.206638163967,12.736362306401134,-26.560030594293494
311,-0.0,12.75,-26.89017105102539,6.704522093059495e-05,-0.013559825718402863,-0.0009860321879386902,0.013595794327557087,6.704522093059495e-05,12.736440174281597,-26.89115708321333
312,4.206550121307373,12.75,-26.55910873413086,0.0002338997001061216,-0.013499889522790909,-0.0010190473403781652,0.013540317304432392,4.206784021007479,12.736500110477209,-26.560127781471238
313,8.30951976776123,12.75,-25.574073791503906,0.0004062670632265508,-0.013457411900162697,-0.0010177454678341746,0.013501955196261406,8.309926034824457,12.736542588099837,-25.57509153697174
314,12.20788288116455,12.75,-23.959318161010742,0.0005776231992058456,-0.01342850923538208,-0.000981988268904388,0.013476750813424587,12.208460504363757,12.736571490764618,-23.960300149279647
315,15.805645942687988,12.75,-21.754606246948242,0.0007418293389491737,-0.013408728875219822,-0.0009133373387157917,0.013460256159305573,15.806387772026937,12.73659127112478,-21.755519584286958
316,19.014223098754883,12.75,-19.014223098754883,0.0008932085474953055,-0.013394484296441078,-0.0008142963633872569,0.013448907062411308,19.015116307302378,12.736605515703559,-19.01503739511827
317,21.754606246948242,12.75,-15.805645942687988,0.0010264393640682101,-0.013383481651544571,-0.0006880208384245634,0.013440405949950218,21.75563268631231,12.736616518348455,-15.806333963526413
318,23.959318161010742,12.75,-12.20788288116455,0.0011365402024239302,-0.013374639675021172,-0.0005383580573834479,0.013433635234832764,23.960454701213166,12.736625360324979,-12.208421239221934
319,25.574073791503906,12.75,-8.30951976776123,0.001219002646394074,-0.01336782518774271,-0.0003699642838910222,0.01342838816344738,25.5752927941503,12.736632174812257,-8.309889732045121
320,26.55910873413086,12.75,-4.206550121307373,0.0012701288796961308,-0.013363429345190525,-0.00018839443509932607,0.013424975797533989,26.560378863010556,12.73663657065481,-4.206738515742472
321,21.92085838317871,14.600000381469727,0.0,-0.002681812969967723,-0.02489939145743847,-9.523556833015694e-19,0.025043398141860962,21.918176570208743,14.575100990012288,-9.523556833015694e-19
322,21.650976181030273,14.600000381469727,3.42917799949646,-0.0026490343734622,-0.024898571893572807,-0.0004363562329672277,0.02504289709031582,21.64832714665681,14.575101809576154,3.4287416432634927
323,20.84797477722168,14.600000381469727,6.773918151855469,-0.002551110927015543,-0.0248956810683012,-0.0008631873060949147,0.02504093013703823,20.845423666294664,14.575104700401425,6.773054964549374
324,19.531627655029297,14.600000381469727,9.951861381530762,-0.0023894538171589375,-0.024889707565307617,-0.0012708817375823855,0.025036416947841644,19.529238201212138,14.575110673904419,9.95059049979318
325,17.734346389770508,14.600000381469727,12.884757041931152,-0.0021668849512934685,-0.02487984672188759,-0.0016498967306688428,0.025028469040989876,17.732179504819214,14.575120534747839,12.883107145200484
326,15.500387191772461,14.600000381469727,15.500387191772461,-0.0018880325369536877,-0.024866560474038124,-0.0019912668503820896,0.02501750737428665,15.498499159235507,14.575133820995688,15.498395924922079
327,12.884757041931152,14.600000381469727,17.734346389770508,-0.00155941816046834,-0.024852603673934937,-0.0022873603738844395,0.025006312876939774,12.883197623770684,14.575147777795792,17.732059029396623
328,9.951861381530762,14.600000381469727,19.531627655029297,-0.0011890570167452097,-0.024843623861670494,-0.0025326083414256573,0.025000670924782753,9.950672324514017,14.575156757608056,19.52909504668787
329,6.773918151855469,14.600000381469727,20.84797477722168,-0.0007856262382119894,-0.02484813891351223,-0.0027238375041633844,0.02500932849943638,6.773132525617257,14.575152242556214,20.845250939717516
330,3.42917799949646,14.600000381469727,21.650976181030273,-0.00035745929926633835,-0.02487616240978241,-0.0028597868513315916,0.02504255622625351,3.4288205401971936,14.575124219059944,21.648116394178942
331,0.0,14.600000381469727,21.92085838317871,8.805628021946177e-05,-0.024935869500041008,-0.002939480822533369,0.02510868012905121,8.805628021946177e-05,14.575064511969686,21.917918902356178
332,-3.42917799949646,14.600000381469727,21.650976181030273,0.0005438003572635353,-0.025027461349964142,-0.002959477948024869,0.025207696482539177,-3.4286341991391964,14.574972920119762,21.64801670308225
333,-6.773918151855469,14.600000381469727,20.84797477722168,0.0010001404443755746,-0.02513483166694641,-0.002910926239565015,0.02532259002327919,-6.772918011411093,14.57486554980278,20.845063850982115
334,-9.951861381530762,14.600000381469727,19.531627655029297,0.0014401182997971773,-0.025218280032277107,-0.0027787669096142054,0.025411751121282578,-9.950421263230965,14.57478210143745,19.528848888119683
335,-12.884757041931152,14.600000381469727,17.734346389770508,0.001836678828112781,-0.025221209973096848,-0.0025480412878096104,0.025416044518351555,-12.88292036310304,14.57477917149663,17.731798348482698
336,-15.500387191772461,14.600000381469727,15.500387191772461,0.002160941483452916,-0.02510799653828144,-0.0022195056080818176,0.02529836632311344,-15.498226250289008,14.574892384931445,15.49816768616438
337,-17.734346389770508,14.600000381469727,12.884757041931152,0.0024004196748137474,-0.024903597310185432,-0.0018180152401328087,0.025084983557462692,-17.731945970095694,14.575096784159541,12.88293902669102
338,-19.531627655029297,14.600000381469727,9.951861381530762,0.0025644919369369745,-0.024676421657204628,-0.0013774692779406905,0.02484752982854843,-19.52906316309236,14.575323959812522,9.950483912252821
339,-20.84797477722168,14.600000381469727,6.773918151855469,0.0026701362803578377,-0.02448687143623829,-0.0009216735488735139,0.024649258702993393,-20.845304640941322,14.575513510033488,6.772996478306595
340,-21.650976181030273,14.600000381469727,3.42917799949646,0.0027296387124806643,-0.024366101250052452,-0.00046135185402818024,0.02452286146581173,-21.648246542317793,14.575634280219674,3.428716647642432
341,-21.92085838317871,14.600000381469727,0.0,0.0027489352505654097,-0.02432510070502758,1.4251454448621252e-18,0.024479933083057404,-21.918109447928146,14.575675280764699,1.4251454448621252e-18
342,-21.650976181030273,14.600000381469727,-3.42917799949646,0.0027296387124806643,-0.024366101250052452,0.00046135185402818024,0.02452286146581173,-21.648246542317793,14.575634280219674,-3.428716647642432
343,-20.84797477722168,14.600000381469727,-6.773918151855469,0.0026701362803578377,-0.02448687143623829,0.0009216735488735139,0.024649258702993393,-20.845304640941322,14.575513510033488,-6.772996478306595
344,-19.531627655029297,14.600000381469727,-9.951861381530762,0.0025644919369369745,-0.024676421657204628,0.0013774692779406905,0.02484752982854843,-19.52906316309236,14.575323959812522,-9.950483912252821
345,-17.734346389770508,14.600000381469727,-12.884757041931152,0.0024004196748137474,-0.024903597310185432,0.0018180152401328087,0.025084983557462692,-17.731945970095694,14.575096784159541,-12.88293902669102
346,-15.500387191772461,14.600000381469727,-15.500387191772461,0.002160941483452916,-0.02510799653828144,0.0022195056080818176,0.02529836632311344,-15.498226250289008,14.574892384931445,-15.49816768616438
347,-12.884757041931152,14.600000381469727,-17.734346389770508,0.001836678828112781,-0.025221209973096848,0.0025480412878096104,0.025416044518351555,-12.88292036310304,14.57477917149663,-17.731798348482698
348,-9.951861381530762,14.600000381469727,-19.531627655029297,0.0014401182997971773,-0.025218280032277107,0.0027787669096142054,0.025411751121282578,-9.950421263230965,14.57478210143745,-19.528848888119683
349,-6.773918151855469,14.600000381469727,-20.84797477722168,0.0010001404443755746,-0.02513483166694641,0.002910926239565015,0.02532259002327919,-6.772918011411093,14.57486554980278,-20.845063850982115
350,-3.42917799949646,14.600000381469727,-21.650976181030273,0.0005438003572635353,-0.025027461349964142,0.002959477948024869,0.025207696482539177,-3.4286341991391964,14.574972920119762,-21.64801670308225
351,-0.0,14.600000381469727,-21.92085838317871,8.805628021946177e-05,-0.024935869500041008,0.002939480822533369,0.02510868012905121,8.805628021946177e-05,14.575064511969686,-21.917918902356178
352,3.42917799949646,14.600000381469727,-21.650976181030273,-0.00035745929926633835,-0.02487616240978241,0.0028597868513315916,0.02504255622625351,3.4288205401971936,14.575124219059944,-21.648116394178942
353,6.773918151855469,14.600000381469727,-20.84797477722168,-0.0007856262382119894,-0.02484813891351223,0.0027238375041633844,0.02500932849943638,6.773132525617257,14.575152242556214,-20.845250939717516
354,9.951861381530762,14.600000381469727,-19.531627655029297,-0.0011890570167452097,-0.024843623861670494,0.0025326083414256573,0.025000670924782753,9.950672324514017,14.575156757608056,-19.52909504668787
355,12.884757041931152,14.600000381469727,-17.734346389770508,-0.00155941816046834,-0.024852603673934937,0.0022873603738844395,0.025006312876939774,12.883197623770684,14.575147777795792,-17.732059029396623
356,15.500387191772461,14.600000381469727,-15.500387191772461,-0.0018880325369536877,-0.024866560474038124,0.0019912668503820896,0.02501750737428665,15.498499159235507,14.575133820995688,-15.498395924922079
357,17.734346389770508,14.600000381469727,-12.884757041931152,-0.0021668849512934685,-0.02487984672188759,0.0016498967306688428,0.025028469040989876,17.732179504819214,14.575120534747839,-12.883107145200484
358,19.531627655029297,14.600000381469727,-9.951861381530762,-0.0023894538171589375,-0.024889707565307617,0.0012708817375823855,0.025036416947841644,19.529238201212138,14.575110673904419,-9.95059049979318
359,20.84797477722168,14.600000381469727,-6.773918151855469,-0.002551110927015543,-0.0248956810683012,0.0008631873060949147,0.02504093013703823,20.845423666294664,14.575104700401425,-6.773054964549374
360,21.650976181030273,14.600000381469727,-3.42917799949646,-0.0026490343734622,-0.024898571893572807,0.0004363562329672277,0.02504289709031582,21.64832714665681,14.575101809576154,-3.4287416432634927
361,17.455846786499023,16.399999618530273,0.0,-0.0005081624840386212,-0.020180517807602882,3.673098353475075e-19,0.02018691599369049,17.455338624014985,16.37981910072267,3.673098353475075e-19
362,17.240934371948242,16.399999618530273,2.730695962905884,-0.0005012157489545643,-0.020177612081170082,-9.878705168375745e-05,0.020184077322483063,17.240433156199288,16.379822006449103,2.7305971758542
363,16.60149574279785,16.399999618530273,5.394153118133545,-0.0004801228060387075,-0.02016816847026348,-0.0001956016494659707,0.02017483115196228,16.601015619991813,16.37983145006001,5.393957516484079
364,15.55327320098877,16.399999618530273,7.924787998199463,-0.00044442180660553277,-0.02015049010515213,-0.0002880882821045816,0.020157448947429657,15.552828779182164,16.37984912842512,7.924499909917358
365,14.122076034545898,16.399999618530273,10.260289192199707,-0.00039415183709934354,-0.020123191177845,-0.0003735272621270269,0.020130516961216927,14.121681882708799,16.37987642735243,10.25991566493758
366,12.343147277832031,16.399999618530273,12.343147277832031,-0.0003305248683318496,-0.02008681371808052,-0.0004494085442274809,0.020094558596611023,12.3428167529637,16.379912804812193,12.342697869287804
367,10.260289192199707,16.399999618530273,14.122076034545898,-0.000256100669503212,-0.0200452022254467,-0.0005143728922121227,0.02005343697965145,10.260033091530204,16.379954416304827,14.121561661653686
368,7.924787998199463,16.399999618530273,15.55327320098877,-0.0001742093008942902,-0.020006010308861732,-0.0005689907702617347,0.02001485787332058,7.924613788898569,16.37999360822141,15.552704210218508
369,5.394153118133545,16.399999618530273,16.60149574279785,-8.777628681855276e-05,-0.019979676231741905,-0.0006157478783279657,0.01998935453593731,5.394065341846726,16.38001994229853,16.600879994919524
370,2.730695962905884,16.399999618530273,17.240934371948242,1.8403184185444843e-06,-0.019976532086730003,-0.0006577653111889958,0.019987357780337334,2.7306978032243023,16.380023086443543,17.240276606637053
371,0.0,16.399999618530273,17.455846786499023,9.508779476163909e-05,-0.02000182308256626,-0.0006962536717765033,0.020014163106679916,9.508779476163909e-05,16.379997795447707,17.455150532827247
372,-2.730695962905884,16.399999618530273,17.240934371948242,0.00019268208416178823,-0.02004927769303322,-0.0007274597883224487,0.02006339654326439,-2.730503280821722,16.37995034083724,17.24020691215992
373,-5.394153118133545,16.399999618530273,16.60149574279785,0.0002920408151112497,-0.020095162093639374,-0.0007407816010527313,0.020110931247472763,-5.393861077318434,16.379904456436634,16.6007549611968
374,-7.924787998199463,16.399999618530273,15.55327320098877,0.0003833214286714792,-0.020098326727747917,-0.0007208803435787559,0.020114904269576073,-7.924404676770791,16.379901291802526,15.55255232064519
375,-10.260289192199707,16.399999618530273,14.122076034545898,0.00044924687244929373,-0.020014556124806404,-0.0006560019101016223,0.020030342042446136,-10.259839945327258,16.379985062405467,14.121420032635797
376,-12.343147277832031,16.399999618530273,12.343147277832031,0.00047313934192061424,-0.019823944196105003,-0.0005485662841238081,0.01983717642724514,-12.34267413849011,16.38017567433417,12.342598711547907
377,-14.122076034545898,16.399999618530273,10.260289192199707,0.0004512503510341048,-0.019550545141100883,-0.0004173432826064527,0.019560204818844795,-14.121624784194864,16.380449073389173,10.2598718489171
378,-15.55327320098877,16.399999618530273,7.924787998199463,0.00039746236870996654,-0.019253037869930267,-0.0002868197625502944,0.019259275868535042,-15.55287573862006,16.380746580660343,7.924501178436913
379,-16.60149574279785,16.399999618530273,5.394153118133545,0.0003357873356435448,-0.018995271995663643,-0.00017347540415357798,0.01899903081357479,-16.601159955462208,16.38100434653461,5.393979642729391
380,-17.240934371948242,16.399999618530273,2.730695962905884,0.0002889427705667913,-0.018824009224772453,-8.037527732085437e-05,0.018826398998498917,-17.240645429177675,16.3811756093055,2.730615587628563
381,-17.455846786499023,16.399999618530273,0.0,0.0002716730523388833,-0.018764393404126167,1.270845267197409e-19,0.018766360357403755,-17.455575113446685,16.381235225126147,1.270845267197409e-19
382,-17.240934371948242,16.399999618530273,-2.730695962905884,0.0002889427705667913,-0.018824009224772453,8.037527732085437e-05,0.018826398998498917,-17.240645429177675,16.3811756093055,-2.730615587628563
383,-16.60149574279785,16.399999618530273,-5.394153118133545,0.0003357873356435448,-0.018995271995663643,0.00017347540415357798,0.01899903081357479,-16.601159955462208,16.38100434653461,-5.393979642729391
384,-15.55327320098877,16.399999618530273,-7.924787998199463,0.00039746236870996654,-0.019253037869930267,0.0002868197625502944,0.019259275868535042,-15.55287573862006,16.380746580660343,-7.924501178436913
385,-14.122076034545898,16.399999618530273,-10.260289192199707,0.0004512503510341048,-0.019550545141100883,0.0004173432826064527,0.019560204818844795,-14.121624784194864,16.380449073389173,-10.2598718489171
386,-12.343147277832031,16.399999618530273,-12.343147277832031,0.00047313934192061424,-0.019823944196105003,0.0005485662841238081,0.01983717642724514,-12.34267413849011,16.38017567433417,-12.342598711547907
387,-10.260289192199707,16.399999618530273,-14.122076034545898,0.00044924687244929373,-0.020014556124806404,0.0006560019101016223,0.020030342042446136,-10.259839945327258,16.379985062405467,-14.121420032635797
388,-7.924787998199463,16.399999618530273,-15.55327320098877,0.0003833214286714792,-0.020098326727747917,0.0007208803435787559,0.020114904269576073,-7.924404676770791,16.379901291802526,-15.55255232064519
389,-5.394153118133545,16.399999618530273,-16.60149574279785,0.0002920408151112497,-0.020095162093639374,0.0007407816010527313,0.020110931247472763,-5.393861077318434,16.379904456436634,-16.6007549611968
390,-2.730695962905884,16.399999618530273,-17.240934371948242,0.00019268208416178823,-0.02004927769303322,0.0007274597883224487,0.02006339654326439,-2.730503280821722,16.37995034083724,-17.24020691215992
391,-0.0,16.399999618530273,-17.455846786499023,9.508779476163909e-05,-0.02000182308256626,0.0006962536717765033,0.020014163106679916,9.508779476163909e-05,16.379997795447707,-17.455150532827247
392,2.730695962905884,16.399999618530273,-17.240934371948242,1.8403184185444843e-06,-0.019976532086730003,0.0006577653111889958,0.019987357780337334,2.7306978032243023,16.380023086443543,-17.240276606637053
393,5.394153118133545,16.399999618530273,-16.60149574279785,-8.777628681855276e-05,-0.019979676231741905,0.0006157478783279657,0.01998935453593731,5.394065341846726,16.38001994229853,-16.600879994919524
394,7.924787998199463,16.399999618530273,-15.55327320098877,-0.0001742093008942902,-0.020006010308861732,0.0005689907702617347,0.02001485787332058,7.924613788898569,16.37999360822141,-15.552704210218508
395,10.260289192199707,16.399999618530273,-14.122076034545898,-0.000256100669503212,-0.0200452022254467,0.0005143728922121227,0.02005343697965145,10.260033091530204,16.379954416304827,-14.121561661653686
396,12.343147277832031,16.399999618530273,-12.343147277832031,-0.0003305248683318496,-0.02008681371808052,0.0004494085442274809,0.020094558596611023,12.3428167529637,16.379912804812193,-12.342697869287804
397,14.122076034545898,16.399999618530273,-10.260289192199707,-0.00039415183709934354,-0.020123191177845,0.0003735272621270269,0.020130516961216927,14.121681882708799,16.37987642735243,-10.25991566493758
398,15.55327320098877,16.399999618530273,-7.924787998199463,-0.00044442180660553277,-0.02015049010515213,0.0002880882821045816,0.020157448947429657,15.552828779182164,16.37984912842512,-7.924499909917358
399,16.60149574279785,16.399999618530273,-5.394153118133545,-0.0004801228060387075,-0.02016816847026348,0.0001956016494659707,0.02017483115196228,16.601015619991813,16.37983145006001,-5.393957516484079
400,17.240934371948242,16.399999618530273,-2.730695962905884,-0.0005012157489545643,-0.020177612081170082,9.878705168375745e-05,0.020184077322483063,17.240433156199288,16.379822006449103,-2.7305971758542
401,12.99083423614502,18.200000762939453,0.0,0.0009170876583084464,-0.017586734145879745,1.2426761484247984e-19,0.01761063002049923,12.991751323803328,18.182414028793573,1.2426761484247984e-19
402,12.83089542388916,18.200000762939453,2.0322139263153076,0.0009051149827428162,-0.01758670248091221,0.0001221827114932239,0.017610402777791023,12.831800538871903,18.18241406045854,2.032336109026801
403,12.355016708374023,18.200000762939453,4.014388084411621,0.0008698925375938416,-0.017586350440979004,0.00023960125690791756,0.017609480768442154,12.355886600911617,18.182414412498474,4.014627685668529
404,11.574917793273926,18.200000762939453,5.897715091705322,0.0008132729562930763,-0.017585380002856255,0.0003478216822259128,0.017607612535357475,11.575731066230219,18.182415382936597,5.898062913387548
405,10.509804725646973,18.200000762939453,7.6358208656311035,0.000737727852538228,-0.017584586516022682,0.00044275601976551116,0.017605623230338097,10.51054245349951,18.18241617642343,7.636263621650869
406,9.185907363891602,18.200000762939453,9.185907363891602,0.0006459048017859459,-0.01758721098303795,0.0005202859756536782,0.01760675571858883,9.186553268693388,18.182413551956415,9.186427649867255
407,7.6358208656311035,18.200000762939453,10.509804725646973,0.0005406794953159988,-0.017599662765860558,0.0005758012412115932,0.017617378383874893,7.6363615451264195,18.182401100173593,10.510380526888184
408,5.897715091705322,18.200000762939453,11.574917793273926,0.00042578898137435317,-0.01763092167675495,0.0006042003515176475,0.017646407708525658,5.898140880686697,18.182369841262698,11.575521993625443
409,4.014388084411621,18.200000762939453,12.355016708374023,0.000306665082462132,-0.017690155655145645,0.0006008975324220955,0.017703015357255936,4.014694749494083,18.182310607284307,12.355617605906446
410,2.0322139263153076,18.200000762939453,12.83089542388916,0.0001906836114358157,-0.01778266951441765,0.0005639191367663443,0.017792630940675735,2.0324046099267434,18.182218093425035,12.831459343025927
411,0.0,18.200000762939453,12.99083423614502,8.60512736835517e-05,-0.017905134707689285,0.0004964354448020458,0.01791222207248211,8.60512736835517e-05,18.182095628231764,12.991330671589822
412,-2.0322139263153076,18.200000762939453,12.83089542388916,-9.033701644511893e-07,-0.01804189570248127,0.00040834469837136567,0.018046515062451363,-2.032214829685472,18.181958867236972,12.831303768587532
413,-4.014388084411621,18.200000762939453,12.355016708374023,-6.907483475515619e-05,-0.018164927139878273,0.00031525103258900344,0.01816779375076294,-4.014457159246376,18.181835835799575,12.355331959406612
414,-5.897715091705322,18.200000762939453,11.574917793273926,-0.00012463255552574992,-0.018239451572299004,0.00023414597671944648,0.018241381272673607,-5.897839724260848,18.181761311367154,11.575151939250645
415,-7.6358208656311035,18.200000762939453,10.509804725646973,-0.00017956271767616272,-0.018234921619296074,0.00017712271073833108,0.018236666917800903,-7.63600042834878,18.181765841320157,10.509981848357711
416,-9.185907363891602,18.200000762939453,9.185907363891602,-0.0002459735260345042,-0.018139109015464783,0.00014576826652046293,0.018141362816095352,-9.186153337417636,18.18186165392399,9.186053132158122
417,-10.509804725646973,18.200000762939453,7.6358208656311035,-0.0003283530822955072,-0.01796790212392807,0.00013026651868131012,0.017971374094486237,-10.510133078729268,18.182032860815525,7.635951132149785
418,-11.574917793273926,18.200000762939453,5.897715091705322,-0.0004197068919893354,-0.01776106096804142,0.00011564082524273545,0.017766395583748817,-11.575337500165915,18.18223970197141,5.897830732530565
419,-12.355016708374023,18.200000762939453,4.014388084411621,-0.0005044731078669429,-0.017567481845617294,9.01170787983574e-05,0.01757495477795601,-12.35552118148189,18.182433281093836,4.0144782014904195
420,-12.83089542388916,18.200000762939453,2.0322139263153076,-0.000564706395380199,-0.01743130013346672,4.999611701350659e-05,0.017440516501665115,-12.83146013028454,18.182569462805986,2.032263922432321
421,-12.99083423614502,18.200000762939453,0.0,-0.0005865084822289646,-0.01738242246210575,-7.488408570540593e-20,0.017392313107848167,-12.991420744627248,18.182618340477347,-7.488408570540593e-20
422,-12.83089542388916,18.200000762939453,-2.0322139263153076,-0.000564706395380199,-0.01743130013346672,-4.999611701350659e-05,0.017440516501665115,-12.83146013028454,18.182569462805986,-2.032263922432321
423,-12.355016708374023,18.200000762939453,-4.014388084411621,-0.0005044731078669429,-0.017567481845617294,-9.01170787983574e-05,0.01757495477795601,-12.35552118148189,18.182433281093836,-4.0144782014904195
424,-11.574917793273926,18.200000762939453,-5.897715091705322,-0.0004197068919893354,-0.01776106096804142,-0.00011564082524273545,0.017766395583748817,-11.575337500165915,18.18223970197141,-5.897830732530565
425,-10.509804725646973,18.200000762939453,-7.6358208656311035,-0.0003283530822955072,-0.01796790212392807,-0.00013026651868131012,0.017971374094486237,-10.510133078729268,18.182032860815525,-7.635951132149785
426,-9.185907363891602,18.200000762939453,-9.185907363891602,-0.0002459735260345042,-0.018139109015464783,-0.00014576826652046293,0.018141362816095352,-9.186153337417636,18.18186165392399,-9.186053132158122
427,-7.6358208656311035,18.200000762939453,-10.509804725646973,-0.00017956271767616272,-0.018234921619296074,-0.00017712271073833108,0.018236666917800903,-7.63600042834878,18.181765841320157,-10.509981848357711
428,-5.897715091705322,18.200000762939453,-11.574917793273926,-0.00012463255552574992,-0.018239451572299004,-0.00023414597671944648,0.018241381272673607,-5.897839724260848,18.181761311367154,-11.575151939250645
429,-4.014388084411621,18.200000762939453,-12.355016708374023,-6.907483475515619e-05,-0.018164927139878273,-0.00031525103258900344,0.01816779375076294,-4.014457159246376,18.181835835799575,-12.355331959406612
430,-2.0322139263153076,18.200000762939453,-12.83089542388916,-9.033701644511893e-07,-0.01804189570248127,-0.00040834469837136567,0.018046515062451363,-2.032214829685472,18.181958867236972,-12.831303768587532
431,-0.0,18.200000762939453,-12.99083423614502,8.60512736835517e-05,-0.017905134707689285,-0.0004964354448020458,0.01791222207248211,8.60512736835517e-05,18.182095628231764,-12.991330671589822
432,2.0322139263153076,18.200000762939453,-12.83089542388916,0.0001906836114358157,-0.01778266951441765,-0.0005639191367663443,0.017792630940675735,2.0324046099267434,18.182218093425035,-12.831459343025927
433,4.014388084411621,18.200000762939453,-12.355016708374023,0.000306665082462132,-0.017690155655145645,-0.0006008975324220955,0.017703015357255936,4.014694749494083,18.182310607284307,-12.355617605906446
434,5.897715091705322,18.200000762939453,-11.574917793273926,0.00042578898137435317,-0.01763092167675495,-0.0006042003515176475,0.017646407708525658,5.898140880686697,18.182369841262698,-11.575521993625443
435,7.6358208656311035,18.200000762939453,-10.509804725646973,0.0005406794953159988,-0.017599662765860558,-0.0005758012412115932,0.017617378383874893,7.6363615451264195,18.182401100173593,-10.510380526888184
436,9.185907363891602,18.200000762939453,-9.185907363891602,0.0006459048017859459,-0.01758721098303795,-0.0005202859756536782,0.01760675571858883,9.186553268693388,18.182413551956415,-9.186427649867255
437,10.509804725646973,18.200000762939453,-7.6358208656311035,0.000737727852538228,-0.017584586516022682,-0.00044275601976551116,0.017605623230338097,10.51054245349951,18.18241617642343,-7.636263621650869
438,11.574917793273926,18.200000762939453,-5.897715091705322,0.0008132729562930763,-0.017585380002856255,-0.0003478216822259128,0.017607612535357475,11.575731066230219,18.182415382936597,-5.898062913387548
439,12.355016708374023,18.200000762939453,-4.014388084411621,0.0008698925375938416,-0.017586350440979004,-0.00023960125690791756,0.017609480768442154,12.355886600911617,18.182414412498474,-4.014627685668529
440,12.83089542388916,18.200000762939453,-2.0322139263153076,0.0009051149827428162,-0.01758670248091221,-0.0001221827114932239,0.017610402777791023,12.831800538871903,18.18241406045854,-2.032336109026801
441,8.995416641235352,20.049999237060547,0.0,-0.00036070984788239,-0.02135440893471241,1.9585784020683577e-18,0.021357456222176552,8.99505593138747,20.028644828125834,1.9585784020683577e-18
442,8.884668350219727,20.049999237060547,1.4071929454803467,-0.0003577981551643461,-0.02135452628135681,-7.741698937024921e-05,0.021357662975788116,8.884310552064562,20.02864471077919,1.4071155284909764
443,8.555150032043457,20.049999237060547,2.7797369956970215,-0.00034862110624089837,-0.021354321390390396,-0.0001549221051391214,0.02135773003101349,8.554801410937216,20.028644915670156,2.7795820735918824
444,8.014974594116211,20.049999237060547,4.083834171295166,-0.0003320579417049885,-0.021352393552660942,-0.00023215208784677088,0.021356238052248955,8.014642536174506,20.028646843507886,4.083602019207319
445,7.277444839477539,20.049999237060547,5.287373065948486,-0.0003068027726840228,-0.021347161382436752,-0.0003080680326092988,0.021351588889956474,7.277138036704855,20.02865207567811,5.287064997915877
446,6.360720157623291,20.049999237060547,6.360720157623291,-0.00027191461413167417,-0.021337643265724182,-0.00038104751729406416,0.021342776715755463,6.360448243009159,20.028661593794823,6.360339110105997
447,5.287373065948486,20.049999237060547,7.277444839477539,-0.0002271473640576005,-0.02132388949394226,-0.000449180108262226,0.021329829469323158,5.287145918584429,20.028675347566605,7.276995659369277
448,4.083834171295166,20.049999237060547,8.014974594116211,-0.00017295927682425827,-0.02130669169127941,-0.0005104831652715802,0.021313507109880447,4.083661212018342,20.028692545369267,8.01446411095094
449,2.7797369956970215,20.049999237060547,8.555150032043457,-0.00011033295595552772,-0.021286435425281525,-0.0005627891514450312,0.021294159814715385,2.779626662741066,20.028712801635265,8.554587242892012
450,1.4071929454803467,20.049999237060547,8.884668350219727,-4.073071977472864e-05,-0.021261369809508324,-0.0006032978999428451,0.021269965916872025,1.407152214760572,20.02873786725104,8.884065052319784
451,0.0,20.049999237060547,8.995416641235352,3.353055217303336e-05,-0.021226031705737114,-0.0006281416863203049,0.021235350519418716,3.353055217303336e-05,20.02877320535481,8.994788499549031
452,-1.4071929454803467,20.049999237060547,8.884668350219727,0.00010857211600523442,-0.021170886233448982,-0.000632569775916636,0.021180612966418266,-1.4070843733643414,20.028828350827098,8.88403578044381
453,-2.7797369956970215,20.049999237060547,8.555150032043457,0.00017836941697169095,-0.021083887666463852,-0.000612101168371737,0.021093524992465973,-2.77955862628005,20.028915349394083,8.554537930875085
454,-4.083834171295166,20.049999237060547,8.014974594116211,0.00023508780577685684,-0.020954011008143425,-0.0005644833436235785,0.020962931215763092,-4.083599083489389,20.029045226052403,8.014410110772587
455,-5.287373065948486,20.049999237060547,7.277444839477539,0.00027075267280451953,-0.020776113495230675,-0.0004917355836369097,0.020783694460988045,-5.287102313275682,20.029223123565316,7.276953103893902
456,-6.360720157623291,20.049999237060547,6.360720157623291,0.0002802370290737599,-0.020555607974529266,-0.0004010434204246849,0.020561428740620613,-6.360439920594217,20.029443629086018,6.360319114202866
457,-7.277444839477539,20.049999237060547,5.287373065948486,0.00026417660410515964,-0.020310476422309875,-0.0003033208486158401,0.02031445875763893,-7.277180662873434,20.029688760638237,5.2870697450998705
458,-8.014974594116211,20.049999237060547,4.083834171295166,0.0002300157502759248,-0.02006913535296917,-0.00020983150170650333,0.020071549341082573,-8.014744578365935,20.029930101707578,4.0836243397934595
459,-8.555150032043457,20.049999237060547,2.7797369956970215,0.0001904252276290208,-0.01986469142138958,-0.00012819052790291607,0.019866017624735832,-8.554959606815828,20.030134545639157,2.7796088051691186
460,-8.884668350219727,20.049999237060547,1.4071929454803467,0.00015939037257339805,-0.019727660343050957,-5.982489892630838e-05,0.019728394225239754,-8.884508959847153,20.030271576717496,1.4071331205814204
461,-8.995416641235352,20.049999237060547,0.0,0.00014769563858862966,-0.019679417833685875,-3.5611280838326e-19,0.019679972901940346,-8.995268945596763,20.03031981922686,-3.5611280838326e-19
462,-8.884668350219727,20.049999237060547,-1.4071929454803467,0.00015939037257339805,-0.019727660343050957,5.982489892630838e-05,0.019728394225239754,-8.884508959847153,20.030271576717496,-1.4071331205814204
463,-8.555150032043457,20.049999237060547,-2.7797369956970215,0.0001904252276290208,-0.01986469142138958,0.00012819052790291607,0.019866017624735832,-8.554959606815828,20.030134545639157,-2.7796088051691186
464,-8.014974594116211,20.049999237060547,-4.083834171295166,0.0002300157502759248,-0.02006913535296917,0.00020983150170650333,0.020071549341082573,-8.014744578365935,20.029930101707578,-4.0836243397934595
465,-7.277444839477539,20.049999237060547,-5.287373065948486,0.00026417660410515964,-0.020310476422309875,0.0003033208486158401,0.02031445875763893,-7.277180662873434,20.029688760638237,-5.2870697450998705
466,-6.360720157623291,20.049999237060547,-6.360720157623291,0.0002802370290737599,-0.020555607974529266,0.0004010434204246849,0.020561428740620613,-6.360439920594217,20.029443629086018,-6.360319114202866
467,-5.287373065948486,20.049999237060547,-7.277444839477539,0.00027075267280451953,-0.020776113495230675,0.0004917355836369097,0.020783694460988045,-5.287102313275682,20.029223123565316,-7.276953103893902
468,-4.083834171295166,20.049999237060547,-8.014974594116211,0.00023508780577685684,-0.020954011008143425,0.0005644833436235785,0.020962931215763092,-4.083599083489389,20.029045226052403,-8.014410110772587
469,-2.7797369956970215,20.049999237060547,-8.555150032043457,0.00017836941697169095,-0.021083887666463852,0.000612101168371737,0.021093524992465973,-2.77955862628005,20.028915349394083,-8.554537930875085
470,-1.4071929454803467,20.049999237060547,-8.884668350219727,0.00010857211600523442,-0.021170886233448982,0.000632569775916636,0.021180612966418266,-1.4070843733643414,20.028828350827098,-8.88403578044381
471,-0.0,20.049999237060547,-8.995416641235352,3.353055217303336e-05,-0.021226031705737114,0.0006281416863203049,0.021235350519418716,3.353055217303336e-05,20.02877320535481,-8.994788499549031
472,1.4071929454803467,20.049999237060547,-8.884668350219727,-4.073071977472864e-05,-0.021261369809508324,0.0006032978999428451,0.021269965916872025,1.407152214760572,20.02873786725104,-8.884065052319784
473,2.7797369956970215,20.049999237060547,-8.555150032043457,-0.00011033295595552772,-0.021286435425281525,0.0005627891514450312,0.021294159814715385,2.779626662741066,20.028712801635265,-8.554587242892012
474,4.083834171295166,20.049999237060547,-8.014974594116211,-0.00017295927682425827,-0.02130669169127941,0.0005104831652715802,0.021313507109880447,4.083661212018342,20.028692545369267,-8.01446411095094
475,5.287373065948486,20.049999237060547,-7.277444839477539,-0.0002271473640576005,-0.02132388949394226,0.000449180108262226,0.021329829469323158,5.287145918584429,20.028675347566605,-7.276995659369277
476,6.360720157623291,20.049999237060547,-6.360720157623291,-0.00027191461413167417,-0.021337643265724182,0.00038104751729406416,0.021342776715755463,6.360448243009159,20.028661593794823,-6.360339110105997
477,7.277444839477539,20.049999237060547,-5.287373065948486,-0.0003068027726840228,-0.021347161382436752,0.0003080680326092988,0.021351588889956474,7.277138036704855,20.02865207567811,-5.287064997915877
478,8.014974594116211,20.049999237060547,-4.083834171295166,-0.0003320579417049885,-0.021352393552660942,0.00023215208784677088,0.021356238052248955,8.014642536174506,20.028646843507886,-4.083602019207319
479,8.555150032043457,20.049999237060547,-2.7797369956970215,-0.00034862110624089837,-0.021354321390390396,0.0001549221051391214,0.02135773003101349,8.554801410937216,20.028644915670156,-2.7795820735918824
480,8.884668350219727,20.049999237060547,-1.4071929454803467,-0.0003577981551643461,-0.02135452628135681,7.741698937024921e-05,0.021357662975788116,8.884310552064562,20.02864471077919,-1.4071155284909764
481,5.0,21.899999618530273,0.0,-0.0011661486933007836,-0.02399073727428913,8.901827205105525e-19,0.024019062519073486,4.998833851306699,21.876008881255984,8.901827205105525e-19
482,4.938442230224609,21.899999618530273,0.7821720242500305,-0.0011523013236001134,-0.02398659847676754,-0.0002024895220529288,0.024015111848711967,4.937289928901009,21.876013020053506,0.7819695347279776
483,4.755282878875732,21.899999618530273,1.5450849533081055,-0.0011107188183814287,-0.02397342398762703,-0.0004005866649094969,0.02400248311460018,4.754172160057351,21.876026194542646,1.544684366643196
484,4.455032825469971,21.899999618530273,2.2699520587921143,-0.0010414194548502564,-0.023949021473526955,-0.0005894836504012346,0.023978902027010918,4.4539914060151204,21.876050597056746,2.269362575141713
485,4.0450849533081055,21.899999618530273,2.9389259815216064,-0.0009448588825762272,-0.023910019546747208,-0.0007636860245838761,0.023940864950418472,4.044140094425529,21.876089598983526,2.9381622954970226
486,3.535533905029297,21.899999618530273,3.535533905029297,-0.0008224640041589737,-0.0238522756844759,-0.0009170082048512995,0.023884061723947525,3.534711441025138,21.876147342845798,3.5346168968244456
487,2.9389259815216064,21.899999618530273,4.0450849533081055,-0.0006771838525310159,-0.02377139963209629,-0.001042905612848699,0.02380390092730522,2.9382487976690754,21.876228218898177,4.044042047695257
488,2.2699520587921143,21.899999618530273,4.455032825469971,-0.0005138764390721917,-0.023663371801376343,-0.0011351516004651785,0.023696154356002808,2.269438182353042,21.876336246728897,4.4538976738695055
489,1.5450849533081055,21.899999618530273,4.755282878875732,-0.00033936614636331797,-0.023525185883045197,-0.001188760157674551,0.023557646200060844,1.5447455871617422,21.87647443264723,4.754094118718058
490,0.7821720242500305,21.899999618530273,4.938442230224609,-0.00016205798601731658,-0.023355476558208466,-0.0012009590864181519,0.023386895656585693,0.7820099662640132,21.876644141972065,4.937241271138191
491,0.0,21.899999618530273,5.0,8.907870324037503e-06,-0.02315504662692547,-0.0011719539761543274,0.02318468689918518,8.907870324037503e-06,21.876844571903348,4.998828046023846
492,-0.7821720242500305,21.899999618530273,4.938442230224609,0.00016479492478538305,-0.022927243262529373,-0.0011052173795178533,0.022954458370804787,-0.7820072293252451,21.877072375267744,4.9373370128450915
493,-1.5450849533081055,21.899999618530273,4.755282878875732,0.00029850596911273897,-0.02267806977033615,-0.0010071711149066687,0.02270238660275936,-1.5447864473389927,21.877321548759937,4.754275707760826
494,-2.2699520587921143,21.899999618530273,4.455032825469971,0.00040555946179665625,-0.022416070103645325,-0.00088631542166695,0.02243725210428238,-2.2695464993303176,21.877583548426628,4.454146510048304
495,-2.9389259815216064,21.899999618530273,4.0450849533081055,0.00048466859152540565,-0.022151973098516464,-0.0007519599748775363,0.02217003144323826,-2.938441312930081,21.877847645431757,4.044332993333228
496,-3.535533905029297,21.899999618530273,3.535533905029297,0.00053764833137393,-0.02189803309738636,-0.0006128654931671917,0.021913204342126846,-3.534996256697923,21.878101585432887,3.5349210395361297
497,-4.0450849533081055,21.899999618530273,2.9389259815216064,0.0005688240635208786,-0.021667173132300377,-0.00047610595356673,0.021679867058992386,-4.044516129244585,21.878332445397973,2.9384498755680397
498,-4.455032825469971,21.899999618530273,2.2699520587921143,0.0005840841331519186,-0.021471969783306122,-0.0003461390151642263,0.02148270048201084,-4.454448741336819,21.878527648746967,2.26960591977695
499,-4.755282878875732,21.899999618530273,1.5450849533081055,0.0005895638023503125,-0.021323591470718384,-0.00022452436678577214,0.02133292146027088,-4.754693315073382,21.878676027059555,1.5448604289413197
500,-4.938442230224609,21.899999618530273,0.7821720242500305,0.0005905118305236101,-0.021230828016996384,-0.00011017851647920907,0.021239323541522026,-4.937851718394086,21.878768790513277,0.7820618457335513
501,-5.0,21.899999618530273,0.0,0.0005904218414798379,-0.021199271082878113,2.034948058917469e-19,0.02120749093592167,-4.99940957815852,21.878800347447395,2.034948058917469e-19
502,-4.938442230224609,21.899999618530273,-0.7821720242500305,0.0005905118305236101,-0.021230828016996384,0.00011017851647920907,0.021239323541522026,-4.937851718394086,21.878768790513277,-0.7820618457335513
503,-4.755282878875732,21.899999618530273,-1.5450849533081055,0.0005895638023503125,-0.021323591470718384,0.00022452436678577214,0.02133292146027088,-4.754693315073382,21.878676027059555,-1.5448604289413197
504,-4.455032825469971,21.899999618530273,-2.2699520587921143,0.0005840841331519186,-0.021471969783306122,0.0003461390151642263,0.02148270048201084,-4.454448741336819,21.878527648746967,-2.26960591977695
505,-4.0450849533081055,21.899999618530273,-2.9389259815216064,0.0005688240635208786,-0.021667173132300377,0.00047610595356673,0.021679867058992386,-4.044516129244585,21.878332445397973,-2.9384498755680397
506,-3.535533905029297,21.899999618530273,-3.535533905029297,0.00053764833137393,-0.02189803309738636,0.0006128654931671917,0.021913204342126846,-3.534996256697923,21.878101585432887,-3.5349210395361297
507,-2.9389259815216064,21.899999618530273,-4.0450849533081055,0.00048466859152540565,-0.022151973098516464,0.0007519599748775363,0.02217003144323826,-2.938441312930081,21.877847645431757,-4.044332993333228
508,-2.2699520587921143,21.899999618530273,-4.455032825469971,0.00040555946179665625,-0.022416070103645325,0.00088631542166695,0.02243725210428238,-2.2695464993303176,21.877583548426628,-4.454146510048304
509,-1.5450849533081055,21.899999618530273,-4.755282878875732,0.00029850596911273897,-0.02267806977033615,0.0010071711149066687,0.02270238660275936,-1.5447864473389927,21.877321548759937,-4.754275707760826
510,-0.7821720242500305,21.899999618530273,-4.938442230224609,0.00016479492478538305,-0.022927243262529373,0.0011052173795178533,0.022954458370804787,-0.7820072293252451,21.877072375267744,-4.9373370128450915
511,-0.0,21.899999618530273,-5.0,8.907870324037503e-06,-0.02315504662692547,0.0011719539761543274,0.02318468689918518,8.907870324037503e-06,21.876844571903348,-4.998828046023846
512,0.7821720242500305,21.899999618530273,-4.938442230224609,-0.00016205798601731658,-0.023355476558208466,0.0012009590864181519,0.023386895656585693,0.7820099662640132,21.876644141972065,-4.937241271138191
513,1.5450849533081055,21.899999618530273,-4.755282878875732,-0.00033936614636331797,-0.023525185883045197,0.001188760157674551,0.023557646200060844,1.5447455871617422,21.87647443264723,-4.754094118718058
514,2.2699520587921143,21.899999618530273,-4.455032825469971,-0.0005138764390721917,-0.023663371801376343,0.0011351516004651785,0.023696154356002808,2.269438182353042,21.876336246728897,-4.4538976738695055
515,2.9389259815216064,21.899999618530273,-4.0450849533081055,-0.0006771838525310159,-0.02377139963209629,0.001042905612848699,0.02380390092730522,2.9382487976690754,21.876228218898177,-4.044042047695257
516,3.535533905029297,21.899999618530273,-3.535533905029297,-0.0008224640041589737,-0.0238522756844759,0.0009170082048512995,0.023884061723947525,3.534711441025138,21.876147342845798,-3.5346168968244456
517,4.0450849533081055,21.899999618530273,-2.9389259815216064,-0.0009448588825762272,-0.023910019546747208,0.0007636860245838761,0.023940864950418472,4.044140094425529,21.876089598983526,-2.9381622954970226
518,4.455032825469971,21.899999618530273,-2.2699520587921143,-0.0010414194548502564,-0.023949021473526955,0.0005894836504012346,0.023978902027010918,4.4539914060151204,21.876050597056746,-2.269362575141713
519,4.755282878875732,21.899999618530273,-1.5450849533081055,-0.0011107188183814287,-0.02397342398762703,0.0004005866649094969,0.02400248311460018,4.754172160057351,21.876026194542646,-1.544684366643196
520,4.938442230224609,21.899999618530273,-0.7821720242500305,-0.0011523013236001134,-0.02398659847676754,0.0002024895220529288,0.024015111848711967,4.937289928901009,21.876013020053506,-0.7819695347279776
521,5.0,23.700000762939453,0.0,-0.0003364001458976418,-0.024071989580988884,1.8826682440495194e-18,0.024074340239167213,4.999663599854102,23.675928773358464,1.8826682440495194e-18
522,4.938442230224609,23.700000762939453,0.7821720242500305,-0.0003151222481392324,-0.024067768827080727,-8.239140879595652e-05,0.024069972336292267,4.93812710797647,23.675932994112372,0.7820896328412346
523,4.755282878875732,23.700000762939453,1.5450849533081055,-0.0002540057466831058,-0.02405434101819992,-0.00015216328029055148,0.02405616268515587,4.755028873129049,23.675946421921253,1.544932790027815
524,4.455032825469971,23.700000762939453,2.2699520587921143,-0.0001607171871000901,-0.02402949519455433,-0.0001988324656849727,0.024030854925513268,4.454872108282871,23.6759712677449,2.2697532263264293
525,4.0450849533081055,23.700000762939453,2.9389259815216064,-4.655301745515317e-05,-0.023989833891391754,-0.00021579112217295915,0.023990849032998085,4.04503840029065,23.67601092904806,2.9387101903994335
526,3.535533905029297,23.700000762939453,3.535533905029297,7.543998799519613e-05,-0.023931169882416725,-0.0002013572957366705,0.023932136595249176,3.535609345017292,23.676069593057036,3.53533254773356
527,2.9389259815216064,23.700000762939453,4.0450849533081055,0.0001925993710756302,-0.02384907566010952,-0.00015898299170657992,0.02385038323700428,2.939118580892682,23.676151687279344,4.044925970316399
528,2.2699520587921143,23.700000762939453,4.455032825469971,0.0002946580352727324,-0.02373948134481907,-9.659867646405473e-05,0.023741506040096283,2.270246716827387,23.676261281594634,4.454936226793507
529,1.5450849533081055,23.700000762939453,4.755282878875732,0.00037529622204601765,-0.023599356412887573,-2.526189746276941e-05,0.023602353408932686,1.5454602495301515,23.676401406526566,4.75525761697827
530,0.7821720242500305,23.700000762939453,4.938442230224609,0.00043304942664690316,-0.023427320644259453,4.271711804904044e-05,0.023431360721588135,0.7826050736766774,23.676573442295194,4.938484947342658
531,0.0,23.700000762939453,5.0,0.0004713937232736498,-0.02322419546544552,9.593876166036353e-05,0.02322917804121971,0.0004713937232736498,23.676776567474008,5.00009593876166
532,-0.7821720242500305,23.700000762939453,4.938442230224609,0.0004979545483365655,-0.022993357852101326,0.0001259967393707484,0.022999094799160957,-0.781674069701694,23.677007405087352,4.93856822696398
533,-1.5450849533081055,23.700000762939453,4.755282878875732,0.0005228347727097571,-0.022740891203284264,0.0001291085936827585,0.022747265174984932,-1.5445621185353957,23.67725987173617,4.755411987469415
534,-2.2699520587921143,23.700000762939453,4.455032825469971,0.0005563173326663673,-0.022475454956293106,0.0001069996360456571,0.02248259261250496,-2.269395741459448,23.67752530798316,4.455139825106016
535,-2.9389259815216064,23.700000762939453,4.0450849533081055,0.0006061830790713429,-0.02220788411796093,6.67949061607942e-05,0.022216256707906723,-2.938319798442535,23.677792878821492,4.045151748214266
536,-3.535533905029297,23.700000762939453,3.535533905029297,0.0006751979235559702,-0.021950576454401016,1.980298475245945e-05,0.021960966289043427,-3.534858707105741,23.678050186485052,3.5355537080140493
537,-4.0450849533081055,23.700000762939453,2.9389259815216064,0.0007593430345878005,-0.021716633811593056,-2.1053701857454143e-05,0.021729914471507072,-4.044325610273518,23.67828412912786,2.938904927819749
538,-4.455032825469971,23.700000762939453,2.2699520587921143,0.0008479891694150865,-0.02151881903409958,-4.5115521061234176e-05,0.021535567939281464,-4.454184836300556,23.678481943905354,2.269906943271053
539,-4.755282878875732,23.700000762939453,1.5450849533081055,0.0009266597917303443,-0.021368468180298805,-4.731124499812722e-05,0.021388603374361992,-4.754356219084002,23.678632294759154,1.5450376420631073
540,-4.938442230224609,23.700000762939453,0.7821720242500305,0.000980945653282106,-0.021274467930197716,-2.9554179491242394e-05,0.021297091618180275,-4.937461284571327,23.678726295009255,0.7821424700705393
541,-5.0,23.700000762939453,0.0,0.0010003232164308429,-0.02124248445034027,3.5144195210872035e-18,0.021266024559736252,-4.998999676783569,23.678758278489113,3.5144195210872035e-18
542,-4.938442230224609,23.700000762939453,-0.7821720242500305,0.000980945653282106,-0.021274467930197716,2.9554179491242394e-05,0.021297091618180275,-4.937461284571327,23.678726295009255,-0.7821424700705393
543,-4.755282878875732,23.700000762939453,-1.5450849533081055,0.0009266597917303443,-0.021368468180298805,4.731124499812722e-05,0.021388603374361992,-4.754356219084002,23.678632294759154,-1.5450376420631073
544,-4.455032825469971,23.700000762939453,-2.2699520587921143,0.0008479891694150865,-0.02151881903409958,4.5115521061234176e-05,0.021535567939281464,-4.454184836300556,23.678481943905354,-2.269906943271053
545,-4.0450849533081055,23.700000762939453,-2.9389259815216064,0.0007593430345878005,-0.021716633811593056,2.1053701857454143e-05,0.021729914471507072,-4.044325610273518,23.67828412912786,-2.938904927819749
546,-3.535533905029297,23.700000762939453,-3.535533905029297,0.0006751979235559702,-0.021950576454401016,-1.980298475245945e-05,0.021960966289043427,-3.534858707105741,23.678050186485052,-3.5355537080140493
547,-2.9389259815216064,23.700000762939453,-4.0450849533081055,0.0006061830790713429,-0.02220788411796093,-6.67949061607942e-05,0.022216256707906723,-2.938319798442535,23.677792878821492,-4.045151748214266
548,-2.2699520587921143,23.700000762939453,-4.455032825469971,0.0005563173326663673,-0.022475454956293106,-0.0001069996360456571,0.02248259261250496,-2.269395741459448,23.67752530798316,-4.455139825106016
549,-1.5450849533081055,23.700000762939453,-4.755282878875732,0.0005228347727097571,-0.022740891203284264,-0.0001291085936827585,0.022747265174984932,-1.5445621185353957,23.67725987173617,-4.755411987469415
550,-0.7821720242500305,23.700000762939453,-4.938442230224609,0.0004979545483365655,-0.022993357852101326,-0.0001259967393707484,0.022999094799160957,-0.781674069701694,23.677007405087352,-4.93856822696398
551,-0.0,23.700000762939453,-5.0,0.0004713937232736498,-0.02322419546544552,-9.593876166036353e-05,0.02322917804121971,0.0004713937232736498,23.676776567474008,-5.00009593876166
552,0.7821720242500305,23.700000762939453,-4.938442230224609,0.00043304942664690316,-0.023427320644259453,-4.271711804904044e-05,0.023431360721588135,0.7826050736766774,23.676573442295194,-4.938484947342658
553,1.5450849533081055,23.700000762939453,-4.755282878875732,0.00037529622204601765,-0.023599356412887573,2.526189746276941e-05,0.023602353408932686,1.5454602495301515,23.676401406526566,-4.75525761697827
554,2.2699520587921143,23.700000762939453,-4.455032825469971,0.0002946580352727324,-0.02373948134481907,9.659867646405473e-05,0.023741506040096283,2.270246716827387,23.676261281594634,-4.454936226793507
555,2.9389259815216064,23.700000762939453,-4.0450849533081055,0.0001925993710756302,-0.02384907566010952,0.00015898299170657992,0.02385038323700428,2.939118580892682,23.676151687279344,-4.044925970316399
556,3.535533905029297,23.700000762939453,-3.535533905029297,7.543998799519613e-05,-0.023931169882416725,0.0002013572957366705,0.023932136595249176,3.535609345017292,23.676069593057036,-3.53533254773356
557,4.0450849533081055,23.700000762939453,-2.9389259815216064,-4.655301745515317e-05,-0.023989833891391754,0.00021579112217295915,0.023990849032998085,4.04503840029065,23.67601092904806,-2.9387101903994335
558,4.455032825469971,23.700000762939453,-2.2699520587921143,-0.0001607171871000901,-0.02402949519455433,0.0001988324656849727,0.024030854925513268,4.454872108282871,23.6759712677449,-2.2697532263264293
559,4.755282878875732,23.700000762939453,-1.5450849533081055,-0.0002540057466831058,-0.02405434101819992,0.00015216328029055148,0.02405616268515587,4.755028873129049,23.675946421921253,-1.544932790027815
560,4.938442230224609,23.700000762939453,-0.7821720242500305,-0.0003151222481392324,-0.024067768827080727,8.239140879595652e-05,0.024069972336292267,4.93812710797647,23.675932994112372,-0.7820896328412346
561,5.0,25.5,0.0,-0.002309438306838274,-0.024102428928017616,-5.0823391314105486e-18,0.02421281859278679,4.997690561693162,25.475897571071982,-5.0823391314105486e-18
562,4.938442230224609,25.5,0.7821720242500305,-0.0022533442825078964,-0.02409793809056282,-0.00041620866977609694,0.02420664019882679,4.9361888859421015,25.475902061909437,0.7817558155802544
563,4.755282878875732,25.5,1.5450849533081055,-0.002089270856231451,-0.024083707481622696,-0.0008079460239969194,0.024187657982110977,4.753193608019501,25.475916292518377,1.5442770072841085
564,4.455032825469971,25.5,2.2699520587921143,-0.001829245942644775,-0.024057557806372643,-0.0011536967940628529,0.02415456995368004,4.453203579527326,25.475942442193627,2.2687983619980514
565,4.0450849533081055,25.5,2.9389259815216064,-0.0014914090279489756,-0.024016132578253746,-0.0014373683370649815,0.024105289950966835,4.0435935442801565,25.475983867421746,2.9374886131845415
566,3.535533905029297,25.5,3.535533905029297,-0.0010975042823702097,-0.023955319076776505,-0.0016498600598424673,0.024037135764956474,3.5344364007469267,25.476044680923223,3.5338840449694544
567,2.9389259815216064,25.5,4.0450849533081055,-0.0006700088270008564,-0.02387077733874321,-0.001789485919289291,0.023947132751345634,2.9382559726946056,25.476129222661257,4.043295467388816
568,2.2699520587921143,25.5,4.455032825469971,-0.00022939458722248673,-0.02375856600701809,-0.001861207652837038,0.02383246086537838,2.2697226642048918,25.476241433992982,4.453171617817134
569,1.5450849533081055,25.5,4.755282878875732,0.00020798828336410224,-0.02361578866839409,-0.0018748570000752807,0.023691007867455482,1.5452929415914696,25.476384211331606,4.753408021875657
570,0.7821720242500305,25.5,4.938442230224609,0.0006310543394647539,-0.02344122715294361,-0.0018427075119689107,0.023522010073065758,0.7828030785894953,25.476558772847056,4.9365995227126405
571,0.0,25.5,5.0,0.0010339906439185143,-0.023235836997628212,-0.0017768945544958115,0.023326607421040535,0.0010339906439185143,25.476764163002372,4.998223105445504
572,-0.7821720242500305,25.5,4.938442230224609,0.0014151690993458033,-0.023003118112683296,-0.0016872017877176404,0.023108283057808876,-0.7807568551506847,25.476996881887317,4.936755028436892
573,-1.5450849533081055,25.5,4.755282878875732,0.0017753161955624819,-0.022749247029423714,-0.0015796577790752053,0.02287302538752556,-1.543309637112543,25.477250752970576,4.753703221096657
574,-2.2699520587921143,25.5,4.455032825469971,0.002115366281941533,-0.02248295024037361,-0.0014561919961124659,0.0226291473954916,-2.2678366925101727,25.477517049759626,4.453576633473858
575,-2.9389259815216064,25.5,4.0450849533081055,0.0024345172569155693,-0.02221508137881756,-0.0013152861502021551,0.02238675393164158,-2.936491464264691,25.477784918621182,4.043769667157903
576,-3.535533905029297,25.5,3.535533905029297,0.00272880750708282,-0.02195795066654682,-0.001153509016148746,0.022156909108161926,-3.532805097522214,25.478042049333453,3.534380396013148
577,-4.0450849533081055,25.5,2.9389259815216064,0.002990907058119774,-0.021724525839090347,-0.000967531290370971,0.021950777620077133,-4.042094046249986,25.47827547416091,2.9379584502312355
578,-4.455032825469971,25.5,2.2699520587921143,0.003211050061509013,-0.021527394652366638,-0.0007557923090644181,0.02177867852151394,-4.451821775408462,25.478472605347633,2.26919626648305
579,-4.755282878875732,25.5,1.5450849533081055,0.0033784827683120966,-0.021377678960561752,-0.0005198729922994971,0.02164923958480358,-4.75190439610742,25.47862232103944,1.544565080315806
580,-4.938442230224609,25.5,0.7821720242500305,0.0034834761172533035,-0.021284116432070732,-0.0002651028335094452,0.02156892418861389,-4.934958754107356,25.47871588356793,0.7819069214165211
581,-5.0,25.5,0.0,0.00351927918381989,-0.021252289414405823,5.0471310158178415e-18,0.02154170721769333,-4.99648072081618,25.478747710585594,5.0471310158178415e-18
582,-4.938442230224609,25.5,-0.7821720242500305,0.0034834761172533035,-0.021284116432070732,0.0002651028335094452,0.02156892418861389,-4.934958754107356,25.47871588356793,-0.7819069214165211
583,-4.755282878875732,25.5,-1.5450849533081055,0.0033784827683120966,-0.021377678960561752,0.0005198729922994971,0.02164923958480358,-4.75190439610742,25.47862232103944,-1.544565080315806
584,-4.455032825469971,25.5,-2.2699520587921143,0.003211050061509013,-0.021527394652366638,0.0007557923090644181,0.02177867852151394,-4.451821775408462,25.478472605347633,-2.26919626648305
585,-4.0450849533081055,25.5,-2.9389259815216064,0.002990907058119774,-0.021724525839090347,0.000967531290370971,0.021950777620077133,-4.042094046249986,25.47827547416091,-2.9379584502312355
586,-3.535533905029297,25.5,-3.535533905029297,0.00272880750708282,-0.02195795066654682,0.001153509016148746,0.022156909108161926,-3.532805097522214,25.478042049333453,-3.534380396013148
587,-2.9389259815216064,25.5,-4.0450849533081055,0.0024345172569155693,-0.02221508137881756,0.0013152861502021551,0.02238675393164158,-2.936491464264691,25.477784918621182,-4.043769667157903
588,-2.2699520587921143,25.5,-4.455032825469971,0.002115366281941533,-0.02248295024037361,0.0014561919961124659,0.0226291473954916,-2.2678366925101727,25.477517049759626,-4.453576633473858
589,-1.5450849533081055,25.5,-4.755282878875732,0.0017753161955624819,-0.022749247029423714,0.0015796577790752053,0.02287302538752556,-1.543309637112543,25.477250752970576,-4.753703221096657
590,-0.7821720242500305,25.5,-4.938442230224609,0.0014151690993458033,-0.023003118112683296,0.0016872017877176404,0.023108283057808876,-0.7807568551506847,25.476996881887317,-4.936755028436892
591,-0.0,25.5,-5.0,0.0010339906439185143,-0.023235836997628212,0.0017768945544958115,0.023326607421040535,0.0010339906439185143,25.476764163002372,-4.998223105445504
592,0.7821720242500305,25.5,-4.938442230224609,0.0006310543394647539,-0.02344122715294361,0.0018427075119689107,0.023522010073065758,0.7828030785894953,25.476558772847056,-4.9365995227126405
593,1.5450849533081055,25.5,-4.755282878875732,0.00020798828336410224,-0.02361578866839409,0.0018748570000752807,0.023691007867455482,1.5452929415914696,25.476384211331606,-4.753408021875657
594,2.2699520587921143,25.5,-4.455032825469971,-0.00022939458722248673,-0.02375856600701809,0.001861207652837038,0.02383246086537838,2.2697226642048918,25.476241433992982,-4.453171617817134
595,2.9389259815216064,25.5,-4.0450849533081055,-0.0006700088270008564,-0.02387077733874321,0.001789485919289291,0.023947132751345634,2.9382559726946056,25.476129222661257,-4.043295467388816
596,3.535533905029297,25.5,-3.535533905029297,-0.0010975042823702097,-0.023955319076776505,0.0016498600598424673,0.024037135764956474,3.5344364007469267,25.476044680923223,-3.5338840449694544
597,4.0450849533081055,25.5,-2.9389259815216064,-0.0014914090279489756,-0.024016132578253746,0.0014373683370649815,0.024105289950966835,4.0435935442801565,25.475983867421746,-2.9374886131845415
598,4.455032825469971,25.5,-2.2699520587921143,-0.001829245942644775,-0.024057557806372643,0.0011536967940628529,0.02415456995368004,4.453203579527326,25.475942442193627,-2.2687983619980514
599,4.755282878875732,25.5,-1.5450849533081055,-0.002089270856231451,-0.024083707481622696,0.0008079460239969194,0.024187657982110977,4.753193608019501,25.475916292518377,-1.5442770072841085
600,4.938442230224609,25.5,-0.7821720242500305,-0.0022533442825078964,-0.02409793809056282,0.00041620866977609694,0.02420664019882679,4.9361888859421015,25.475902061909437,-0.7817558155802544
601,11.007916450500488,27.299999237060547,0.0,0.003808818757534027,-0.04667758569121361,3.58294274944079e-18,0.046832725405693054,11.011725269258022,27.253321651369333,3.58294274944079e-18
602,10.872389793395996,27.299999237060547,1.7220170497894287,0.003790734801441431,-0.04642506688833237,6.849811325082555e-05,0.046579621732234955,10.876180528197438,27.253574170172215,1.7220855479026795
603,10.469149589538574,27.299999237060547,3.4016330242156982,0.003737800056114793,-0.045682113617658615,0.00013004575157538056,0.04583496227860451,10.472887389594689,27.25431712344289,3.4017630699672736
604,9.808124542236328,27.299999237060547,4.997488975524902,0.0036538082640618086,-0.04449165612459183,0.0001786494831321761,0.04464179277420044,9.81177835050039,27.255507580935955,4.9976676250080345
605,8.905591011047363,27.299999237060547,6.4702911376953125,0.0035445732064545155,-0.042922571301460266,0.000210137281101197,0.04306919127702713,8.909135584253818,27.257076665759087,6.470501274976414
606,7.783771991729736,27.299999237060547,7.783771991729736,0.003417187137529254,-0.04106561467051506,0.00022282938880380243,0.04120814800262451,7.787189178867266,27.258933622390032,7.78399482111854
607,6.4702911376953125,27.299999237060547,8.905591011047363,0.0032790512777864933,-0.03902793303132057,0.00021789164748042822,0.03916604816913605,6.473570188973099,27.260971304029226,8.905808902694844
608,4.997488975524902,27.299999237060547,9.808124542236328,0.003136772196739912,-0.036926109343767166,0.00019924630760215223,0.037059634923934937,5.000625747721642,27.26307312771678,9.80832378854393
609,3.4016330242156982,27.299999237060547,10.469149589538574,0.0029951247852295637,-0.03487812355160713,0.00017297061276622117,0.035006918013095856,3.404628149000928,27.26512111350894,10.46932256015134
610,1.7220170497894287,27.299999237060547,10.872389793395996,0.0028563085943460464,-0.032994553446769714,0.00014617429405916482,0.03311828151345253,1.7248733583837748,27.267004683613777,10.872535967690055
611,0.0,27.299999237060547,11.007916450500488,0.0027197387535125017,-0.03136976808309555,0.00012552949192468077,0.03148769587278366,0.0027197387535125017,27.26862946897745,11.008041979992413
612,-1.7220170497894287,27.299999237060547,10.872389793395996,0.0025825609918683767,-0.030073896050453186,0.00011576364340726286,0.030184801667928696,-1.7194344887975603,27.269925341010094,10.872505557039403
613,-3.4016330242156982,27.299999237060547,10.469149589538574,0.0024407983291894197,-0.029146699234843254,0.0001185258079203777,0.029248958453536034,-3.399192225886509,27.270852537825704,10.469268115346495
614,-4.997488975524902,27.299999237060547,9.808124542236328,0.0022909343242645264,-0.028594011440873146,0.00013189059973228723,0.02868594229221344,-4.995198041200638,27.271405225619674,9.80825643283606
615,-6.4702911376953125,27.299999237060547,8.905591011047363,0.00213170750066638,-0.028386779129505157,0.00015044213796500117,0.028467103838920593,-6.468159430194646,27.27161245793104,8.905741453185328
616,-7.783771991729736,27.299999237060547,7.783771991729736,0.0019660477992147207,-0.02846255712211132,0.0001660819980315864,0.02853086218237877,-7.781805943930522,27.271536679938436,7.783938073727768
617,-8.905591011047363,27.299999237060547,6.4702911376953125,0.001802091603167355,-0.028731368482112885,0.0001699585118331015,0.028788330033421516,-8.903788919444196,27.271267868578434,6.470461096207146
618,-9.808124542236328,27.299999237060547,4.997488975524902,0.0016523671802133322,-0.029088428243994713,0.0001550972374388948,0.02913573384284973,-9.806472175056115,27.270910808816552,4.997644072762341
619,-10.469149589538574,27.299999237060547,3.4016330242156982,0.0015314334305003285,-0.029431043192744255,0.00011899300443474203,0.029471099376678467,-10.467618156108074,27.270568193867803,3.401752017220133
620,-10.872389793395996,27.299999237060547,1.7220170497894287,0.00145264295861125,-0.029674092307686806,6.470481457654387e-05,0.029709696769714355,-10.870937150437385,27.27032514475286,1.7220817546040053
621,-11.007916450500488,27.299999237060547,0.0,0.0014252730179578066,-0.02976161241531372,6.11033272691185e-18,0.029795721173286438,-11.00649117748253,27.270237624645233,6.11033272691185e-18
622,-10.872389793395996,27.299999237060547,-1.7220170497894287,0.00145264295861125,-0.029674092307686806,-6.470481457654387e-05,0.029709696769714355,-10.870937150437385,27.27032514475286,-1.7220817546040053
623,-10.469149589538574,27.299999237060547,-3.4016330242156982,0.0015314334305003285,-0.029431043192744255,-0.00011899300443474203,0.029471099376678467,-10.467618156108074,27.270568193867803,-3.401752017220133
624,-9.808124542236328,27.299999237060547,-4.997488975524902,0.0016523671802133322,-0.029088428243994713,-0.0001550972374388948,0.02913573384284973,-9.806472175056115,27.270910808816552,-4.997644072762341
625,-8.905591011047363,27.299999237060547,-6.4702911376953125,0.001802091603167355,-0.028731368482112885,-0.0001699585118331015,0.028788330033421516,-8.903788919444196,27.271267868578434,-6.470461096207146
626,-7.783771991729736,27.299999237060547,-7.783771991729736,0.0019660477992147207,-0.02846255712211132,-0.0001660819980315864,0.02853086218237877,-7.781805943930522,27.271536679938436,-7.783938073727768
627,-6.4702911376953125,27.299999237060547,-8.905591011047363,0.00213170750066638,-0.028386779129505157,-0.00015044213796500117,0.028467103838920593,-6.468159430194646,27.27161245793104,-8.905741453185328
628,-4.997488975524902,27.299999237060547,-9.808124542236328,0.0022909343242645264,-0.028594011440873146,-0.00013189059973228723,0.02868594229221344,-4.995198041200638,27.271405225619674,-9.80825643283606
629,-3.4016330242156982,27.299999237060547,-10.469149589538574,0.0024407983291894197,-0.029146699234843254,-0.0001185258079203777,0.029248958453536034,-3.399192225886509,27.270852537825704,-10.469268115346495
630,-1.7220170497894287,27.299999237060547,-10.872389793395996,0.0025825609918683767,-0.030073896050453186,-0.00011576364340726286,0.030184801667928696,-1.7194344887975603,27.269925341010094,-10.872505557039403
631,-0.0,27.299999237060547,-11.007916450500488,0.0027197387535125017,-0.03136976808309555,-0.00012552949192468077,0.03148769587278366,0.0027197387535125017,27.26862946897745,-11.008041979992413
632,1.7220170497894287,27.299999237060547,-10.872389793395996,0.0028563085943460464,-0.032994553446769714,-0.00014617429405916482,0.03311828151345253,1.7248733583837748,27.267004683613777,-10.872535967690055
633,3.4016330242156982,27.299999237060547,-10.469149589538574,0.0029951247852295637,-0.03487812355160713,-0.00017297061276622117,0.035006918013095856,3.404628149000928,27.26512111350894,-10.46932256015134
634,4.997488975524902,27.299999237060547,-9.808124542236328,0.003136772196739912,-0.036926109343767166,-0.00019924630760215223,0.037059634923934937,5.000625747721642,27.26307312771678,-9.80832378854393
635,6.4702911376953125,27.299999237060547,-8.905591011047363,0.0032790512777864933,-0.03902793303132057,-0.00021789164748042822,0.03916604816913605,6.473570188973099,27.260971304029226,-8.905808902694844
636,7.783771991729736,27.299999237060547,-7.783771991729736,0.003417187137529254,-0.04106561467051506,-0.00022282938880380243,0.04120814800262451,7.787189178867266,27.258933622390032,-7.78399482111854
637,8.905591011047363,27.299999237060547,-6.4702911376953125,0.0035445732064545155,-0.042922571301460266,-0.000210137281101197,0.04306919127702713,8.909135584253818,27.257076665759087,-6.470501274976414
638,9.808124542236328,27.299999237060547,-4.997488975524902,0.0036538082640618086,-0.04449165612459183,-0.0001786494831321761,0.04464179277420044,9.81177835050039,27.255507580935955,-4.9976676250080345
639,10.469149589538574,27.299999237060547,-3.4016330242156982,0.003737800056114793,-0.045682113617658615,-0.00013004575157538056,0.04583496227860451,10.472887389594689,27.25431712344289,-3.4017630699672736
640,10.872389793395996,27.299999237060547,-1.7220170497894287,0.003790734801441431,-0.04642506688833237,-6.849811325082555e-05,0.046579621732234955,10.876180528197438,27.253574170172215,-1.7220855479026795
641,17.015832901000977,29.100000381469727,0.0,0.01014277245849371,-0.06997346132993698,5.531585885171773e-18,0.07070474326610565,17.02597567345947,29.03002692013979,5.531585885171773e-18
642,16.806339263916016,29.100000381469727,2.661863088607788,0.010016917251050472,-0.06936600804328918,0.0005754341254942119,0.07008789479732513,16.816356181167066,29.030634373426437,2.6624385227332823
643,16.18301773071289,29.100000381469727,5.258181095123291,0.00965261459350586,-0.06758003681898117,0.001083456096239388,0.06827450543642044,16.192670345306396,29.032420344650745,5.25926455121953
644,15.16121768951416,29.100000381469727,7.7250261306762695,0.009087775833904743,-0.06472291052341461,0.0014666960341855884,0.06537426263093948,15.170305465348065,29.035277470946312,7.726492826710455
645,13.766097068786621,29.100000381469727,10.001654624938965,0.00837952084839344,-0.06096762418746948,0.0016865427605807781,0.0615638867020607,13.774476589635015,29.039032757282257,10.003341167699546
646,12.032010078430176,29.100000381469727,12.032010078430176,0.007595786824822426,-0.05654371157288551,0.0017292790580540895,0.05707782134413719,12.039605865254998,29.04345666989684,12.03373935748823
647,10.001654624938965,29.100000381469727,13.766097068786621,0.006805030163377523,-0.05172459036111832,0.0016086213290691376,0.05219510570168495,10.008459655102342,29.04827579110861,13.76770569011569
648,7.7250261306762695,29.100000381469727,15.16121768951416,0.006065424531698227,-0.046811264008283615,0.0013639504322782159,0.047222282737493515,7.731091555207968,29.053189117461443,15.162581639946438
649,5.258181095123291,29.100000381469727,16.18301773071289,0.0054152668453752995,-0.04211270809173584,0.0010540541261434555,0.042472537606954575,5.263596361968666,29.05788767337799,16.184071784839034
650,2.661863088607788,29.100000381469727,16.806339263916016,0.004866424947977066,-0.03792349621653557,0.000746899051591754,0.03824175149202347,2.666729513555765,29.06207688525319,16.807086162967607
651,0.0,29.100000381469727,17.015832901000977,0.004402536433190107,-0.034499749541282654,0.0005067816819064319,0.03478321060538292,0.004402536433190107,29.065500631928444,17.016339682682883
652,-2.661863088607788,29.100000381469727,16.806339263916016,0.00398301100358367,-0.03203481063246727,0.00038089160807430744,0.0322837196290493,-2.6578800776042044,29.06796557083726,16.80672015552409
653,-5.258181095123291,29.100000381469727,16.18301773071289,0.0035531038884073496,-0.030636735260486603,0.0003879880241584033,0.030844522640109062,-5.254627991234884,29.06936364620924,16.18340571873705
654,-7.7250261306762695,29.100000381469727,15.16121768951416,0.00305886659771204,-0.03031098283827305,0.000512278638780117,0.030469242483377457,-7.7219672640785575,29.069689398631454,15.16172996815294
655,-10.001654624938965,29.100000381469727,13.766097068786621,0.002464084420353174,-0.030952515080571175,0.0007051098509691656,0.03105844557285309,-9.999190540518612,29.069047866389155,13.76680217863759
656,-12.032010078430176,29.100000381469727,12.032010078430176,0.001765419146977365,-0.032348670065402985,0.000894618162419647,0.03240915760397911,-12.030244659283198,29.067651711404324,12.032904696592595
657,-13.766097068786621,29.100000381469727,10.001654624938965,0.0010015546577051282,-0.0341968834400177,0.0010030354605987668,0.03422624617815018,-13.765095514128916,29.06580349802971,10.002657660399564
658,-15.16121768951416,29.100000381469727,7.7250261306762695,0.0002499791735317558,-0.03614410385489464,0.0009697620407678187,0.03615797311067581,-15.160967710340628,29.063856277614832,7.725995892717037
659,-16.18301773071289,29.100000381469727,5.258181095123291,-0.00039007162558846176,-0.03784024715423584,0.0007709422498010099,0.03785010799765587,-16.18340780233848,29.06216013431549,5.258952037373092
660,-16.806339263916016,29.100000381469727,2.661863088607788,-0.0008215825655497611,-0.03899002820253372,0.0004274670500308275,0.03900102525949478,-16.807160846481565,29.061010353267193,2.662290555657819
661,-17.015832901000977,29.100000381469727,0.0,-0.0009740098030306399,-0.03939635306596756,5.126543249755076e-18,0.03940838947892189,-17.016806910804007,29.06060402840376,5.126543249755076e-18
662,-16.806339263916016,29.100000381469727,-2.661863088607788,-0.0008215825655497611,-0.03899002820253372,-0.0004274670500308275,0.03900102525949478,-16.807160846481565,29.061010353267193,-2.662290555657819
663,-16.18301773071289,29.100000381469727,-5.258181095123291,-0.00039007162558846176,-0.03784024715423584,-0.0007709422498010099,0.03785010799765587,-16.18340780233848,29.06216013431549,-5.258952037373092
664,-15.16121768951416,29.100000381469727,-7.7250261306762695,0.0002499791735317558,-0.03614410385489464,-0.0009697620407678187,0.03615797311067581,-15.160967710340628,29.063856277614832,-7.725995892717037
665,-13.766097068786621,29.100000381469727,-10.001654624938965,0.0010015546577051282,-0.0341968834400177,-0.0010030354605987668,0.03422624617815018,-13.765095514128916,29.06580349802971,-10.002657660399564
666,-12.032010078430176,29.100000381469727,-12.032010078430176,0.001765419146977365,-0.032348670065402985,-0.000894618162419647,0.03240915760397911,-12.030244659283198,29.067651711404324,-12.032904696592595
667,-10.001654624938965,29.100000381469727,-13.766097068786621,0.002464084420353174,-0.030952515080571175,-0.0007051098509691656,0.03105844557285309,-9.999190540518612,29.069047866389155,-13.76680217863759
668,-7.7250261306762695,29.100000381469727,-15.16121768951416,0.00305886659771204,-0.03031098283827305,-0.000512278638780117,0.030469242483377457,-7.7219672640785575,29.069689398631454,-15.16172996815294
669,-5.258181095123291,29.100000381469727,-16.18301773071289,0.0035531038884073496,-0.030636735260486603,-0.0003879880241584033,0.030844522640109062,-5.254627991234884,29.06936364620924,-16.18340571873705
670,-2.661863088607788,29.100000381469727,-16.806339263916016,0.00398301100358367,-0.03203481063246727,-0.00038089160807430744,0.0322837196290493,-2.6578800776042044,29.06796557083726,-16.80672015552409
671,-0.0,29.100000381469727,-17.015832901000977,0.004402536433190107,-0.034499749541282654,-0.0005067816819064319,0.03478321060538292,0.004402536433190107,29.065500631928444,-17.016339682682883
672,2.661863088607788,29.100000381469727,-16.806339263916016,0.004866424947977066,-0.03792349621653557,-0.000746899051591754,0.03824175149202347,2.666729513555765,29.06207688525319,-16.807086162967607
673,5.258181095123291,29.100000381469727,-16.18301773071289,0.0054152668453752995,-0.04211270809173584,-0.0010540541261434555,0.042472537606954575,5.263596361968666,29.05788767337799,-16.184071784839034
674,7.7250261306762695,29.100000381469727,-15.16121768951416,0.006065424531698227,-0.046811264008283615,-0.0013639504322782159,0.047222282737493515,7.731091555207968,29.053189117461443,-15.162581639946438
675,10.001654624938965,29.100000381469727,-13.766097068786621,0.006805030163377523,-0.05172459036111832,-0.0016086213290691376,0.05219510570168495,10.008459655102342,29.04827579110861,-13.76770569011569
676,12.032010078430176,29.100000381469727,-12.032010078430176,0.007595786824822426,-0.05654371157288551,-0.0017292790580540895,0.05707782134413719,12.039605865254998,29.04345666989684,-12.03373935748823
677,13.766097068786621,29.100000381469727,-10.001654624938965,0.00837952084839344,-0.06096762418746948,-0.0016865427605807781,0.0615638867020607,13.774476589635015,29.039032757282257,-10.003341167699546
678,15.16121768951416,29.100000381469727,-7.7250261306762695,0.009087775833904743,-0.06472291052341461,-0.0014666960341855884,0.06537426263093948,15.170305465348065,29.035277470946312,-7.726492826710455
679,16.18301773071289,29.100000381469727,-5.258181095123291,0.00965261459350586,-0.06758003681898117,-0.001083456096239388,0.06827450543642044,16.192670345306396,29.032420344650745,-5.25926455121953
680,16.806339263916016,29.100000381469727,-2.661863088607788,0.010016917251050472,-0.06936600804328918,-0.0005754341254942119,0.07008789479732513,16.816356181167066,29.030634373426437,-2.6624385227332823
681,20.019067764282227,30.950000762939453,0.0,0.0108915651217103,-0.07151709496974945,2.1077819322382226e-17,0.07234169542789459,20.029959329403937,30.878483667969704,2.1077819322382226e-17
682,19.772600173950195,30.950000762939453,3.131671905517578,0.010756545700132847,-0.07073943316936493,2.487883102730848e-05,0.071552574634552,19.783356719650328,30.879261329770088,3.1316967843486054
683,19.039264678955078,30.950000762939453,6.186232089996338,0.010369030758738518,-0.06845254451036453,-3.0318264180095866e-05,0.06923343241214752,19.049633709713817,30.88154821842909,6.186201771732158
684,17.837120056152344,30.950000762939453,9.08846664428711,0.009779183194041252,-0.06479282677173615,-0.0002318285987712443,0.0655270665884018,17.846899239346385,30.885207936167717,9.088234815688338
685,16.19576644897461,30.950000762939453,11.766913414001465,0.009062573313713074,-0.05998096987605095,-0.0006198198534548283,0.060664910823106766,16.204829022288322,30.890019793063402,11.76629359414801
686,14.155617713928223,30.950000762939453,14.155617713928223,0.008308821357786655,-0.0543118491768837,-0.001199347316287458,0.054956819862127304,14.16392653528601,30.89568891376257,14.154418366611935
687,11.766913414001465,30.950000762939453,16.19576644897461,0.007607234641909599,-0.04813997447490692,-0.0019359961152076721,0.04877576604485512,11.774520648643374,30.901860788464546,16.1938304528594
688,9.08846664428711,30.950000762939453,17.837120056152344,0.007031114771962166,-0.04186033457517624,-0.002757424721494317,0.04253619164228439,9.095497759059072,30.908140428364277,17.83436263143085
689,6.186232089996338,30.950000762939453,19.039264678955078,0.00662298034876585,-0.035884562879800797,-0.0035615575034171343,0.03666402027010918,6.192855070345104,30.914116200059652,19.03570312145166
690,3.131671905517578,30.950000762939453,19.772600173950195,0.006383481435477734,-0.030612727627158165,-0.004231290891766548,0.03155616670846939,3.138055386953056,30.919388035312295,19.76836888305843
691,0.0,30.950000762939453,20.019067764282227,0.006266877055168152,-0.02640150859951973,-0.00465443404391408,0.02753138542175293,0.006266877055168152,30.923599254339933,20.014413330238312
692,-3.131671905517578,30.950000762939453,19.772600173950195,0.0061856540851294994,-0.023529954254627228,-0.004746405873447657,0.024788090959191322,-3.1254862514324486,30.926470808684826,19.767853768076748
693,-6.186232089996338,30.950000762939453,19.039264678955078,0.0060259378515183926,-0.022164611145853996,-0.004471971187740564,0.023400437086820602,-6.1802061521448195,30.9278361517936,19.034792707767338
694,-9.08846664428711,30.950000762939453,17.837120056152344,0.0056734271347522736,-0.022328782826662064,-0.0038600850384682417,0.023359421640634537,-9.082793217152357,30.92767198011279,17.833259971113876
695,-11.766913414001465,30.950000762939453,16.19576644897461,0.005045915953814983,-0.02388274483382702,-0.0030054692178964615,0.024594299495220184,-11.76186749804765,30.926118018105626,16.192760979756713
696,-14.155617713928223,30.950000762939453,14.155617713928223,0.004126271698623896,-0.026518091559410095,-0.002054799348115921,0.026915747672319412,-14.151491442229599,30.923482671380043,14.153562914580107
697,-16.19576644897461,30.950000762939453,11.766913414001465,0.0029850078281015158,-0.02977684512734413,-0.001175068668089807,0.02994914911687374,-16.192781441146508,30.92022391781211,11.765738345333375
698,-17.837120056152344,30.950000762939453,9.08846664428711,0.001775633543729782,-0.0331118181347847,-0.000505894364323467,0.03316325321793556,-17.835344422608614,30.91688894480467,9.087960749922786
699,-19.039264678955078,30.950000762939453,6.186232089996338,0.0006996364099904895,-0.03597453609108925,-0.00011558306141523644,0.03598152473568916,-19.038565042545088,30.914026226848364,6.186116506934923
700,-19.772600173950195,30.950000762939453,3.131671905517578,-4.3930194806307554e-05,-0.0379004180431366,1.834154136304278e-05,0.037900447845458984,-19.772644104145,30.912100344896317,3.131690247058941
701,-20.019067764282227,30.950000762939453,0.0,-0.0003095469728577882,-0.038578763604164124,5.111302550366363e-19,0.03858000412583351,-20.019377311255084,30.91142199933529,5.111302550366363e-19
702,-19.772600173950195,30.950000762939453,-3.131671905517578,-4.3930194806307554e-05,-0.0379004180431366,-1.834154136304278e-05,0.037900447845458984,-19.772644104145,30.912100344896317,-3.131690247058941
703,-19.039264678955078,30.950000762939453,-6.186232089996338,0.0006996364099904895,-0.03597453609108925,0.00011558306141523644,0.03598152473568916,-19.038565042545088,30.914026226848364,-6.186116506934923
704,-17.837120056152344,30.950000762939453,-9.08846664428711,0.001775633543729782,-0.0331118181347847,0.000505894364323467,0.03316325321793556,-17.835344422608614,30.91688894480467,-9.087960749922786
705,-16.19576644897461,30.950000762939453,-11.766913414001465,0.0029850078281015158,-0.02977684512734413,0.001175068668089807,0.02994914911687374,-16.192781441146508,30.92022391781211,-11.765738345333375
706,-14.155617713928223,30.950000762939453,-14.155617713928223,0.004126271698623896,-0.026518091559410095,0.002054799348115921,0.026915747672319412,-14.151491442229599,30.923482671380043,-14.153562914580107
707,-11.766913414001465,30.950000762939453,-16.19576644897461,0.005045915953814983,-0.02388274483382702,0.0030054692178964615,0.024594299495220184,-11.76186749804765,30.926118018105626,-16.192760979756713
708,-9.08846664428711,30.950000762939453,-17.837120056152344,0.0056734271347522736,-0.022328782826662064,0.0038600850384682417,0.023359421640634537,-9.082793217152357,30.92767198011279,-17.833259971113876
709,-6.186232089996338,30.950000762939453,-19.039264678955078,0.0060259378515183926,-0.022164611145853996,0.004471971187740564,0.023400437086820602,-6.1802061521448195,30.9278361517936,-19.034792707767338
710,-3.131671905517578,30.950000762939453,-19.772600173950195,0.0061856540851294994,-0.023529954254627228,0.004746405873447657,0.024788090959191322,-3.1254862514324486,30.926470808684826,-19.767853768076748
711,-0.0,30.950000762939453,-20.019067764282227,0.006266877055168152,-0.02640150859951973,0.00465443404391408,0.02753138542175293,0.006266877055168152,30.923599254339933,-20.014413330238312
712,3.131671905517578,30.950000762939453,-19.772600173950195,0.006383481435477734,-0.030612727627158165,0.004231290891766548,0.03155616670846939,3.138055386953056,30.919388035312295,-19.76836888305843
713,6.186232089996338,30.950000762939453,-19.039264678955078,0.00662298034876585,-0.035884562879800797,0.0035615575034171343,0.03666402027010918,6.192855070345104,30.914116200059652,-19.03570312145166
714,9.08846664428711,30.950000762939453,-17.837120056152344,0.007031114771962166,-0.04186033457517624,0.002757424721494317,0.04253619164228439,9.095497759059072,30.908140428364277,-17.83436263143085
715,11.766913414001465,30.950000762939453,-16.19576644897461,0.007607234641909599,-0.04813997447490692,0.0019359961152076721,0.04877576604485512,11.774520648643374,30.901860788464546,-16.1938304528594
716,14.155617713928223,30.950000762939453,-14.155617713928223,0.008308821357786655,-0.0543118491768837,0.001199347316287458,0.054956819862127304,14.16392653528601,30.89568891376257,-14.154418366611935
717,16.19576644897461,30.950000762939453,-11.766913414001465,0.009062573313713074,-0.05998096987605095,0.0006198198534548283,0.060664910823106766,16.204829022288322,30.890019793063402,-11.76629359414801
718,17.837120056152344,30.950000762939453,-9.08846664428711,0.009779183194041252,-0.06479282677173615,0.0002318285987712443,0.0655270665884018,17.846899239346385,30.885207936167717,-9.088234815688338
719,19.039264678955078,30.950000762939453,-6.186232089996338,0.010369030758738518,-0.06845254451036453,3.0318264180095866e-05,0.06923343241214752,19.049633709713817,30.88154821842909,-6.186201771732158
720,19.772600173950195,30.950000762939453,-3.131671905517578,0.010756545700132847,-0.07073943316936493,-2.487883102730848e-05,0.071552574634552,19.783356719650328,30.879261329770088,-3.1316967843486054
721,23.022302627563477,32.79999923706055,0.0,0.015349743887782097,-0.07884079962968826,2.910487924827031e-17,0.08032114803791046,23.03765237145126,32.72115843743086,2.910487924827031e-17
722,22.738859176635742,32.79999923706055,3.6014819145202637,0.015134690329432487,-0.07785332947969437,5.4488071327796206e-05,0.07931079715490341,22.753993866965175,32.72214590758085,3.6015364025915915
723,21.895511627197266,32.79999923706055,7.114283084869385,0.0145169198513031,-0.07494793832302094,-2.1238876797724515e-05,0.07634091377258301,21.91002854704857,32.725051298737526,7.114261845992587
724,20.51302146911621,32.79999923706055,10.45190715789795,0.013575076125562191,-0.07029366493225098,-0.00033631533733569086,0.0715932622551918,20.526596545241773,32.729705572128296,10.451570842560614
725,18.62543487548828,32.79999923706055,13.532170295715332,0.01242862455546856,-0.06416533887386322,-0.0009597848984412849,0.06536499410867691,18.63786350004375,32.735833898186684,13.53121051081689
726,16.279226303100586,32.79999923706055,16.279226303100586,0.011221136897802353,-0.056932732462882996,-0.0019058376783505082,0.05805929750204086,16.29044743999839,32.743066504597664,16.277320465422235
727,13.532170295715332,32.79999923706055,18.62543487548828,0.01009853184223175,-0.049044616520404816,-0.0031255355570465326,0.05017094314098358,13.542268827557564,32.75095462054014,18.622309339931235
728,10.45190715789795,32.79999923706055,20.51302146911621,0.009184387512505054,-0.04100707545876503,-0.004507157485932112,0.042264021933078766,10.461091545410454,32.75899216160178,20.50851431163028
729,7.114283084869385,32.79999923706055,21.895511627197266,0.008555511012673378,-0.03335561975836754,-0.0058867838233709335,0.034934915602207184,7.122838595882058,32.76664361730218,21.889624843373895
730,3.6014819145202637,32.79999923706055,22.738859176635742,0.008221902884542942,-0.026620950549840927,-0.0070696487091481686,0.028744645416736603,3.6097038174048066,32.773378286510706,22.731789527926594
731,0.0,32.79999923706055,23.022302627563477,0.008115943521261215,-0.02128877490758896,-0.007861103862524033,0.02410139888525009,0.008115943521261215,32.77871046215296,23.014441523700953
732,-3.6014819145202637,32.79999923706055,22.738859176635742,0.00809552427381277,-0.017754526808857918,-0.008104005828499794,0.021129023283720016,-3.593386390246451,32.78224471025169,22.730755170807242
733,-7.114283084869385,32.79999923706055,21.895511627197266,0.00796499103307724,-0.01627482660114765,-0.007717008236795664,0.019694244489073753,-7.1063180938363075,32.7837244104594,21.88779461896047
734,-10.45190715789795,32.79999923706055,20.51302146911621,0.0075154476799070835,-0.01691923849284649,-0.006725481245666742,0.019697071984410286,-10.444391710218042,32.7830799985677,20.506295987870544
735,-13.532170295715332,32.79999923706055,18.62543487548828,0.006581792142242193,-0.019528215751051903,-0.005274978931993246,0.021271968260407448,-13.52558850357309,32.780471021309495,18.620159896556288
736,-16.279226303100586,32.79999923706055,16.279226303100586,0.005108658690005541,-0.02368529886007309,-0.0036181691102683544,0.024498630315065384,-16.27411764441058,32.776313938200474,16.275608133990318
737,-18.62543487548828,32.79999923706055,13.532170295715332,0.003203313099220395,-0.028731293976306915,-0.0020611437503248453,0.028982697054743767,-18.62223156238906,32.77126794308424,13.530109151965007
738,-20.51302146911621,32.79999923706055,10.45190715789795,0.0011353340232744813,-0.033854320645332336,-0.0008691993425600231,0.033884502947330475,-20.511886135092936,32.766144916415215,10.45103795855539
739,-21.895511627197266,32.79999923706055,7.114283084869385,-0.0007293675444088876,-0.038232073187828064,-0.00017725274665281177,0.03823944181203842,-21.896240994741675,32.76176716387272,7.114105832122732
740,-22.738859176635742,32.79999923706055,3.6014819145202637,-0.002026872942224145,-0.04116883873939514,4.988145883544348e-05,0.04121873155236244,-22.740886049577966,32.75883039832115,3.601531795979099
741,-23.022302627563477,32.79999923706055,0.0,-0.002491696272045374,-0.04220176488161087,-3.2656298558157013e-18,0.04227525740861893,-23.024794323835522,32.757797472178936,-3.2656298558157013e-18
742,-22.738859176635742,32.79999923706055,-3.6014819145202637,-0.002026872942224145,-0.04116883873939514,-4.988145883544348e-05,0.04121873155236244,-22.740886049577966,32.75883039832115,-3.601531795979099
743,-21.895511627197266,32.79999923706055,-7.114283084869385,-0.0007293675444088876,-0.038232073187828064,0.00017725274665281177,0.03823944181203842,-21.896240994741675,32.76176716387272,-7.114105832122732
744,-20.51302146911621,32.79999923706055,-10.45190715789795,0.0011353340232744813,-0.033854320645332336,0.0008691993425600231,0.033884502947330475,-20.511886135092936,32.766144916415215,-10.45103795855539
745,-18.62543487548828,32.79999923706055,-13.532170295715332,0.003203313099220395,-0.028731293976306915,0.0020611437503248453,0.028982697054743767,-18.62223156238906,32.77126794308424,-13.530109151965007
746,-16.279226303100586,32.79999923706055,-16.279226303100586,0.005108658690005541,-0.02368529886007309,0.0036181691102683544,0.024498630315065384,-16.27411764441058,32.776313938200474,-16.275608133990318
747,-13.532170295715332,32.79999923706055,-18.62543487548828,0.006581792142242193,-0.019528215751051903,0.005274978931993246,0.021271968260407448,-13.52558850357309,32.780471021309495,-18.620159896556288
748,-10.45190715789795,32.79999923706055,-20.51302146911621,0.0075154476799070835,-0.01691923849284649,0.006725481245666742,0.019697071984410286,-10.444391710218042,32.7830799985677,-20.506295987870544
749,-7.114283084869385,32.79999923706055,-21.895511627197266,0.00796499103307724,-0.01627482660114765,0.007717008236795664,0.019694244489073753,-7.1063180938363075,32.7837244104594,-21.88779461896047
750,-3.6014819145202637,32.79999923706055,-22.738859176635742,0.00809552427381277,-0.017754526808857918,0.008104005828499794,0.021129023283720016,-3.593386390246451,32.78224471025169,-22.730755170807242
751,-0.0,32.79999923706055,-23.022302627563477,0.008115943521261215,-0.02128877490758896,0.007861103862524033,0.02410139888525009,0.008115943521261215,32.77871046215296,-23.014441523700953
752,3.6014819145202637,32.79999923706055,-22.738859176635742,0.008221902884542942,-0.026620950549840927,0.0070696487091481686,0.028744645416736603,3.6097038174048066,32.773378286510706,-22.731789527926594
753,7.114283084869385,32.79999923706055,-21.895511627197266,0.008555511012673378,-0.03335561975836754,0.0058867838233709335,0.034934915602207184,7.122838595882058,32.76664361730218,-21.889624843373895
754,10.45190715789795,32.79999923706055,-20.51302146911621,0.009184387512505054,-0.04100707545876503,0.004507157485932112,0.042264021933078766,10.461091545410454,32.75899216160178,-20.50851431163028
755,13.532170295715332,32.79999923706055,-18.62543487548828,0.01009853184223175,-0.049044616520404816,0.0031255355570465326,0.05017094314098358,13.542268827557564,32.75095462054014,-18.622309339931235
756,16.279226303100586,32.79999923706055,-16.279226303100586,0.011221136897802353,-0.056932732462882996,0.0019058376783505082,0.05805929750204086,16.29044743999839,32.743066504597664,-16.277320465422235
757,18.62543487548828,32.79999923706055,-13.532170295715332,0.01242862455546856,-0.06416533887386322,0.0009597848984412849,0.06536499410867691,18.63786350004375,32.735833898186684,-13.53121051081689
758,20.51302146911621,32.79999923706055,-10.45190715789795,0.013575076125562191,-0.07029366493225098,0.00033631533733569086,0.0715932622551918,20.526596545241773,32.729705572128296,-10.451570842560614
759,21.895511627197266,32.79999923706055,-7.114283084869385,0.0145169198513031,-0.07494793832302094,2.1238876797724515e-05,0.07634091377258301,21.91002854704857,32.725051298737526,-7.114261845992587
760,22.738859176635742,32.79999923706055,-3.6014819145202637,0.015134690329432487,-0.07785332947969437,-5.4488071327796206e-05,0.07931079715490341,22.753993866965175,32.72214590758085,-3.6015364025915915
761,25.211151123046875,34.650001525878906,0.0,0.020586203783750534,-0.08508306741714478,5.014265972028252e-17,0.08753810822963715,25.231737326830626,34.56491845846176,5.014265972028252e-17
762,24.900760650634766,34.650001525878906,3.9438929557800293,0.02028704807162285,-0.08393152803182602,0.00011160324356751516,0.08634858578443527,24.92104769870639,34.56606999784708,3.944004559023597
763,23.977230072021484,34.650001525878906,7.790674209594727,0.019426114857196808,-0.08054200559854507,4.333016840973869e-05,0.08285161852836609,23.99665618687868,34.56945952028036,7.790717539763136
764,22.463300704956055,34.650001525878906,11.445623397827148,0.018108569085597992,-0.07510776072740555,-0.0003570016415324062,0.07726074755191803,22.481409274041653,34.5748937651515,11.445266396185616
765,20.396249771118164,34.650001525878906,14.818742752075195,0.016495034098625183,-0.0679439976811409,-0.0011885951971635222,0.06992772221565247,20.41274480521679,34.582057528197765,14.817554156878032
766,17.826976776123047,34.650001525878906,17.826976776123047,0.014780191704630852,-0.05947684869170189,-0.002477416070178151,0.06133585795760155,17.841756967827678,34.590524677187204,17.82449936005287
767,14.818742752075195,34.650001525878906,20.396249771118164,0.013164439238607883,-0.05022679269313812,-0.004163884092122316,0.052090030163526535,14.831907191313803,34.59977473318577,20.39208588702604
768,11.445623397827148,34.650001525878906,22.463300704956055,0.011820975691080093,-0.040785547345876694,-0.0061014872044324875,0.042900167405605316,11.457444373518229,34.60921597853303,22.457199217751622
769,7.790674209594727,34.650001525878906,23.977230072021484,0.010862220078706741,-0.03178564831614494,-0.008068827912211418,0.034545931965112686,7.801536429673433,34.61821587756276,23.969161244109273
770,3.9438929557800293,34.650001525878906,24.900760650634766,0.010310964658856392,-0.023862220346927643,-0.009796353057026863,0.027779310941696167,3.9542039204388857,34.62613930553198,24.89096429757774
771,0.0,34.650001525878906,25.211151123046875,0.01008277665823698,-0.01760682836174965,-0.01100695040076971,0.023082802072167397,0.01008277665823698,34.63239469751716,25.200144172646105
772,-3.9438929557800293,34.650001525878906,24.900760650634766,0.00998653843998909,-0.013514271005988121,-0.011466659605503082,0.020343322306871414,-3.93390641734004,34.63648725487292,24.889293991029263
773,-7.790674209594727,34.650001525878906,23.977230072021484,0.009749033488333225,-0.011923772282898426,-0.011038566939532757,0.01894914172589779,-7.780925176106393,34.63807775359601,23.96619150508195
774,-11.445623397827148,34.650001525878906,22.463300704956055,0.00906717125326395,-0.012957235798239708,-0.009729850105941296,0.01856807805597782,-11.436556226573884,34.63704429008067,22.453570854850113
775,-14.818742752075195,34.650001525878906,20.396249771118164,0.007688372861593962,-0.01645629107952118,-0.007721007335931063,0.019736628979444504,-14.811054379213601,34.633545234799385,20.388528763782233
776,-17.826976776123047,34.650001525878906,17.826976776123047,0.005514826625585556,-0.021925311535596848,-0.0053627388551831245,0.023235566914081573,-17.82146194949746,34.62807621434331,17.821614037267864
777,-20.396249771118164,34.650001525878906,14.818742752075195,0.002695381874218583,-0.02853085845708847,-0.0031057975720614195,0.028825698420405388,-20.393554389243945,34.62147066742182,14.815636954503134
778,-22.463300704956055,34.650001525878906,11.445623397827148,-0.0003697718493640423,-0.035221025347709656,-0.0013542873784899712,0.03524899482727051,-22.46367047680542,34.6147805005312,11.444269110448658
779,-23.977230072021484,34.650001525878906,7.790674209594727,-0.003133797785267234,-0.040926821529865265,-0.0003198738268110901,0.041047871112823486,-23.98036386980675,34.60907470434904,7.7903543357679155
780,-24.900760650634766,34.650001525878906,3.9438929557800293,-0.0050559802912175655,-0.04474885016679764,4.127610009163618e-05,0.045033589005470276,-24.905816630925983,34.60525267571211,3.943934231880121
781,-25.211151123046875,34.650001525878906,0.0,-0.005744285881519318,-0.046092089265584946,-1.1179829879312513e-17,0.04644865542650223,-25.216895408928394,34.60390943661332,-1.1179829879312513e-17
782,-24.900760650634766,34.650001525878906,-3.9438929557800293,-0.0050559802912175655,-0.04474885016679764,-4.127610009163618e-05,0.045033589005470276,-24.905816630925983,34.60525267571211,-3.943934231880121
783,-23.977230072021484,34.650001525878906,-7.790674209594727,-0.003133797785267234,-0.040926821529865265,0.0003198738268110901,0.041047871112823486,-23.98036386980675,34.60907470434904,-7.7903543357679155
784,-22.463300704956055,34.650001525878906,-11.445623397827148,-0.0003697718493640423,-0.035221025347709656,0.0013542873784899712,0.03524899482727051,-22.46367047680542,34.6147805005312,-11.444269110448658
785,-20.396249771118164,34.650001525878906,-14.818742752075195,0.002695381874218583,-0.02853085845708847,0.0031057975720614195,0.028825698420405388,-20.393554389243945,34.62147066742182,-14.815636954503134
786,-17.826976776123047,34.650001525878906,-17.826976776123047,0.005514826625585556,-0.021925311535596848,0.0053627388551831245,0.023235566914081573,-17.82146194949746,34.62807621434331,-17.821614037267864
787,-14.818742752075195,34.650001525878906,-20.396249771118164,0.007688372861593962,-0.01645629107952118,0.007721007335931063,0.019736628979444504,-14.811054379213601,34.633545234799385,-20.388528763782233
788,-11.445623397827148,34.650001525878906,-22.463300704956055,0.00906717125326395,-0.012957235798239708,0.009729850105941296,0.01856807805597782,-11.436556226573884,34.63704429008067,-22.453570854850113
789,-7.790674209594727,34.650001525878906,-23.977230072021484,0.009749033488333225,-0.011923772282898426,0.011038566939532757,0.01894914172589779,-7.780925176106393,34.63807775359601,-23.96619150508195
790,-3.9438929557800293,34.650001525878906,-24.900760650634766,0.00998653843998909,-0.013514271005988121,0.011466659605503082,0.020343322306871414,-3.93390641734004,34.63648725487292,-24.889293991029263
791,-0.0,34.650001525878906,-25.211151123046875,0.01008277665823698,-0.01760682836174965,0.01100695040076971,0.023082802072167397,0.01008277665823698,34.63239469751716,-25.200144172646105
792,3.9438929557800293,34.650001525878906,-24.900760650634766,0.010310964658856392,-0.023862220346927643,0.009796353057026863,0.027779310941696167,3.9542039204388857,34.62613930553198,-24.89096429757774
793,7.790674209594727,34.650001525878906,-23.977230072021484,0.010862220078706741,-0.03178564831614494,0.008068827912211418,0.034545931965112686,7.801536429673433,34.61821587756276,-23.969161244109273
794,11.445623397827148,34.650001525878906,-22.463300704956055,0.011820975691080093,-0.040785547345876694,0.0061014872044324875,0.042900167405605316,11.457444373518229,34.60921597853303,-22.457199217751622
795,14.818742752075195,34.650001525878906,-20.396249771118164,0.013164439238607883,-0.05022679269313812,0.004163884092122316,0.052090030163526535,14.831907191313803,34.59977473318577,-20.39208588702604
796,17.826976776123047,34.650001525878906,-17.826976776123047,0.014780191704630852,-0.05947684869170189,0.002477416070178151,0.06133585795760155,17.841756967827678,34.590524677187204,-17.82449936005287
797,20.396249771118164,34.650001525878906,-14.818742752075195,0.016495034098625183,-0.0679439976811409,0.0011885951971635222,0.06992772221565247,20.41274480521679,34.582057528197765,-14.817554156878032
798,22.463300704956055,34.650001525878906,-11.445623397827148,0.018108569085597992,-0.07510776072740555,0.0003570016415324062,0.07726074755191803,22.481409274041653,34.5748937651515,-11.445266396185616
799,23.977230072021484,34.650001525878906,-7.790674209594727,0.019426114857196808,-0.08054200559854507,-4.333016840973869e-05,0.08285161852836609,23.99665618687868,34.56945952028036,-7.790717539763136
800,24.900760650634766,34.650001525878906,-3.9438929557800293,0.02028704807162285,-0.08393152803182602,-0.00011160324356751516,0.08634858578443527,24.92104769870639,34.56606999784708,-3.944004559023597
801,27.399999618530273,36.5,0.0,0.02521655336022377,-0.09059653431177139,6.229927988799869e-17,0.09404045343399048,27.425216171890497,36.40940346568823,6.229927988799869e-17
802,27.062660217285156,36.5,4.286303997039795,0.024838784709572792,-0.08927871286869049,7.409391400869936e-05,0.09266962110996246,27.08749900199473,36.41072128713131,4.286378090953804
803,26.058948516845703,36.5,8.467065811157227,0.023751109838485718,-0.08539822697639465,-8.086967136478052e-05,0.08863960206508636,26.08269962668419,36.414601773023605,8.466984941485862
804,24.4135799407959,36.5,12.439339637756348,0.02208516374230385,-0.07917208224534988,-0.0006597675383090973,0.08219737559556961,24.435665104538202,36.42082791775465,12.438679870218039
805,22.16706657409668,36.5,16.105316162109375,0.02004288136959076,-0.07095521688461304,-0.0017917195800691843,0.07375343888998032,22.18710945546627,36.42904478311539,16.103524442529306
806,19.374725341796875,36.5,19.374725341796875,0.017870673909783363,-0.06122959032654762,-0.0035141294356435537,0.06388092786073685,19.39259601570666,36.43877040967345,19.37121121236123
807,16.105316162109375,36.5,22.16706657409668,0.01582459919154644,-0.05058729276061058,-0.00575588783249259,0.05331624671816826,16.12114076130092,36.44941270723939,22.161310686264187
808,12.439339637756348,36.5,24.4135799407959,0.014129053801298141,-0.03970637544989586,-0.008333663456141949,0.04296133667230606,12.453468691557646,36.460293624550104,24.405246277339756
809,8.467065811157227,36.5,26.058948516845703,0.012933501973748207,-0.02931833826005459,-0.01096480991691351,0.03386838361620903,8.479999313130975,36.470681661739945,26.04798370692879
810,4.286303997039795,36.5,27.062660217285156,0.012273825705051422,-0.02016618475317955,-0.013299130834639072,0.027095917612314224,4.298577822744846,36.47983381524682,27.049361086450517
811,0.0,36.5,27.399999618530273,0.01204667892307043,-0.012952790595591068,-0.014969135634601116,0.023172663524746895,0.01204667892307043,36.48704720940441,27.385030482895672
812,-4.286303997039795,36.5,27.062660217285156,0.01200599130243063,-0.00827984418720007,-0.01565488427877426,0.02139567770063877,-4.274298005737364,36.4917201558128,27.047005333006382
813,-8.467065811157227,36.5,26.058948516845703,0.011790040880441666,-0.006578761152923107,-0.015155132859945297,0.02029687725007534,-8.455275770276785,36.49342123884708,26.043793383985758
814,-12.439339637756348,36.5,24.4135799407959,0.010985137894749641,-0.008035152219235897,-0.013452836312353611,0.019136764109134674,-12.428354499861598,36.491964847780764,24.400127104483545
815,-16.105316162109375,36.5,22.16706657409668,0.009230860508978367,-0.012503102421760559,-0.010763883590698242,0.01890496164560318,-16.096085301600397,36.48749689757824,22.15630269050598
816,-19.374725341796875,36.5,19.374725341796875,0.006369587499648333,-0.01941045932471752,-0.0075509329326450825,0.021779673174023628,-19.368355754297227,36.48058954067528,19.36717440886423
817,-22.16706657409668,36.5,16.105316162109375,0.0025910893455147743,-0.02773336134850979,-0.004438451956957579,0.028205547481775284,-22.164475484751165,36.47226663865149,16.100877710152417
818,-24.4135799407959,36.5,12.439339637756348,-0.001553207985125482,-0.036150481551885605,-0.0019987584091722965,0.03623899444937706,-24.415133148781024,36.463849518448114,12.437340879347175
819,-26.058948516845703,36.5,8.467065811157227,-0.005305176135152578,-0.04331844672560692,-0.0005349452840164304,0.043645378202199936,-26.064253692980856,36.45668155327439,8.46653086587321
820,-27.062660217285156,36.5,4.286303997039795,-0.007918717339634895,-0.048114243894815445,8.029129276110325e-06,0.048761527985334396,-27.07057893462479,36.451885756105185,4.286312026169071
821,-27.399999618530273,36.5,0.0,-0.008855145424604416,-0.04979865252971649,-1.732367334720011e-17,0.05057983100414276,-27.408854763954878,36.45020134747028,-1.732367334720011e-17
822,-27.062660217285156,36.5,-4.286303997039795,-0.007918717339634895,-0.048114243894815445,-8.029129276110325e-06,0.048761527985334396,-27.07057893462479,36.451885756105185,-4.286312026169071
823,-26.058948516845703,36.5,-8.467065811157227,-0.005305176135152578,-0.04331844672560692,0.0005349452840164304,0.043645378202199936,-26.064253692980856,36.45668155327439,-8.46653086587321
824,-24.4135799407959,36.5,-12.439339637756348,-0.001553207985125482,-0.036150481551885605,0.0019987584091722965,0.03623899444937706,-24.415133148781024,36.463849518448114,-12.437340879347175
825,-22.16706657409668,36.5,-16.105316162109375,0.0025910893455147743,-0.02773336134850979,0.004438451956957579,0.028205547481775284,-22.164475484751165,36.47226663865149,-16.100877710152417
826,-19.374725341796875,36.5,-19.374725341796875,0.006369587499648333,-0.01941045932471752,0.0075509329326450825,0.021779673174023628,-19.368355754297227,36.48058954067528,-19.36717440886423
827,-16.105316162109375,36.5,-22.16706657409668,0.009230860508978367,-0.012503102421760559,0.010763883590698242,0.01890496164560318,-16.096085301600397,36.48749689757824,-22.15630269050598
828,-12.439339637756348,36.5,-24.4135799407959,0.010985137894749641,-0.008035152219235897,0.013452836312353611,0.019136764109134674,-12.428354499861598,36.491964847780764,-24.400127104483545
829,-8.467065811157227,36.5,-26.058948516845703,0.011790040880441666,-0.006578761152923107,0.015155132859945297,0.02029687725007534,-8.455275770276785,36.49342123884708,-26.043793383985758
830,-4.286303997039795,36.5,-27.062660217285156,0.01200599130243063,-0.00827984418720007,0.01565488427877426,0.02139567770063877,-4.274298005737364,36.4917201558128,-27.047005333006382
831,-0.0,36.5,-27.399999618530273,0.01204667892307043,-0.012952790595591068,0.014969135634601116,0.023172663524746895,0.01204667892307043,36.48704720940441,-27.385030482895672
832,4.286303997039795,36.5,-27.062660217285156,0.012273825705051422,-0.02016618475317955,0.013299130834639072,0.027095917612314224,4.298577822744846,36.47983381524682,-27.049361086450517
833,8.467065811157227,36.5,-26.058948516845703,0.012933501973748207,-0.02931833826005459,0.01096480991691351,0.03386838361620903,8.479999313130975,36.470681661739945,-26.04798370692879
834,12.439339637756348,36.5,-24.4135799407959,0.014129053801298141,-0.03970637544989586,0.008333663456141949,0.04296133667230606,12.453468691557646,36.460293624550104,-24.405246277339756
835,16.105316162109375,36.5,-22.16706657409668,0.01582459919154644,-0.05058729276061058,0.00575588783249259,0.05331624671816826,16.12114076130092,36.44941270723939,-22.161310686264187
836,19.374725341796875,36.5,-19.374725341796875,0.017870673909783363,-0.06122959032654762,0.0035141294356435537,0.06388092786073685,19.39259601570666,36.43877040967345,-19.37121121236123
837,22.16706657409668,36.5,-16.105316162109375,0.02004288136959076,-0.07095521688461304,0.0017917195800691843,0.07375343888998032,22.18710945546627,36.42904478311539,-16.103524442529306
838,24.4135799407959,36.5,-12.439339637756348,0.02208516374230385,-0.07917208224534988,0.0006597675383090973,0.08219737559556961,24.435665104538202,36.42082791775465,-12.438679870218039
839,26.058948516845703,36.5,-8.467065811157227,0.023751109838485718,-0.08539822697639465,8.086967136478052e-05,0.08863960206508636,26.08269962668419,36.414601773023605,-8.466984941485862
840,27.062660217285156,36.5,-4.286303997039795,0.024838784709572792,-0.08927871286869049,-7.409391400869936e-05,0.09266962110996246,27.08749900199473,36.41072128713131,-4.286378090953804
