node_label,x,y,z,ux,uy,uz,umag,deformed_x,deformed_y,deformed_z
1,39.29999923706055,0.0,0.0,9.16134687850079e-31,-4.74376340627444e-31,4.2463087731363985e-31,0.0,39.29999923706055,-4.74376340627444e-31,4.2463087731363985e-31
2,38.8161506652832,0.0,6.147873878479004,9.7223990474025e-31,-4.747686736219745e-31,-2.7790158172366106e-31,0.0,38.8161506652832,-4.747686736219745e-31,6.147873878479004
3,37.376522064208984,0.0,12.144368171691895,1.0045840549810915e-30,-4.750498048509171e-31,-1.2442077555501692e-31,0.0,37.376522064208984,-4.750498048509171e-31,12.144368171691895
4,35.01655578613281,0.0,17.841827392578125,1.0127352149283374e-30,-4.753173473651643e-31,3.197475407983151e-32,0.0,35.01655578613281,-4.753173473651643e-31,17.841827392578125
5,31.794368743896484,0.0,23.099960327148438,9.968554147233051e-31,-4.756681148794497e-31,1.8757621964828423e-31,0.0,31.794368743896484,-4.756681148794497e-31,23.099960327148438
6,27.789297103881836,0.0,27.789297103881836,9.575387021911261e-31,-4.761621516452133e-31,3.388563005581494e-31,0.0,27.789297103881836,-4.761621516452133e-31,27.789297103881836
7,23.099960327148438,0.0,31.794368743896484,8.95690960298318e-31,-4.767946616455037e-31,4.824326616904656e-31,0.0,23.099960327148438,-4.767946616455037e-31,31.794368743896484
8,17.841827392578125,0.0,35.01655578613281,8.125108171245275e-31,-4.774917297955413e-31,6.149948523445602e-31,0.0,17.841827392578125,-4.774917297955413e-31,35.01655578613281
9,12.144368171691895,0.0,37.376522064208984,7.095692503399673e-31,-4.7812405171673565e-31,7.332604926248579e-31,0.0,12.144368171691895,-4.7812405171673565e-31,37.376522064208984
10,6.147873878479004,0.0,38.8161506652832,5.889333432506715e-31,-4.7852132178753956e-31,8.339897320213965e-31,0.0,6.147873878479004,-4.7852132178753956e-31,38.8161506652832
11,0.0,0.0,39.29999923706055,4.533483453635504e-31,-4.785335469287881e-31,9.141789473689549e-31,0.0,4.533483453635504e-31,-4.785335469287881e-31,39.29999923706055
12,-6.147873878479004,0.0,38.8161506652832,3.061276226052669e-31,-4.779874122533961e-31,9.711373850787267e-31,0.0,-6.147873878479004,-4.779874122533961e-31,38.8161506652832
13,-12.144368171691895,0.0,37.376522064208984,1.514049184099225e-31,-4.767308558121411e-31,1.0027815989633146e-30,0.0,-12.144368171691895,-4.767308558121411e-31,37.376522064208984
14,-17.841827392578125,0.0,35.01655578613281,-6.223532882889703e-33,-4.751256007266582e-31,1.0089688369887548e-30,0.0,-17.841827392578125,-4.751256007266582e-31,35.01655578613281
15,-23.099960327148438,0.0,31.794368743896484,-1.6345779096136129e-31,-4.738955164181837e-31,9.911719465568534e-31,0.0,-23.099960327148438,-4.738955164181837e-31,31.794368743896484
16,-27.789297103881836,0.0,27.789297103881836,-3.1728226465841183e-31,-4.7323672236420885e-31,9.503610396454572e-31,0.0,-27.789297103881836,-4.7323672236420885e-31,27.789297103881836
17,-31.794368743896484,0.0,23.099960327148438,-4.6303051617308135e-31,-4.730264969545078e-31,8.868503023846538e-31,0.0,-31.794368743896484,-4.730264969545078e-31,23.099960327148438
18,-35.01655578613281,0.0,17.841827392578125,-5.963611039744214e-31,-4.728442012905823e-31,8.019359759049821e-31,0.0,-35.01655578613281,-4.728442012905823e-31,17.841827392578125
19,-37.376522064208984,0.0,12.144368171691895,-7.144065976726972e-31,-4.72695148606898e-31,6.978699312244254e-31,0.0,-37.376522064208984,-4.72695148606898e-31,12.144368171691895
20,-38.8161506652832,0.0,6.147873878479004,-8.147180193571795e-31,-4.726376904430298e-31,5.771364581040113e-31,0.0,-38.8161506652832,-4.726376904430298e-31,6.147873878479004
21,-39.29999923706055,0.0,0.0,-8.948114084052588e-31,-4.725668316435622e-31,4.423641499912747e-31,0.0,-39.29999923706055,-4.725668316435622e-31,4.423641499912747e-31
22,-38.8161506652832,0.0,-6.147873878479004,-9.525263942792199e-31,-4.72380633338392e-31,2.9664284080712604e-31,0.0,-38.8161506652832,-4.72380633338392e-31,-6.147873878479004
23,-37.376522064208984,0.0,-12.144368171691895,-9.860018402832928e-31,-4.719553865020385e-31,1.4340185899593666e-31,0.0,-37.376522064208984,-4.719553865020385e-31,-12.144368171691895
24,-35.01655578613281,0.0,-17.841827392578125,-9.93578700710501e-31,-4.710124519535829e-31,-1.33539405556556e-32,0.0,-35.01655578613281,-4.710124519535829e-31,-17.841827392578125
25,-31.794368743896484,0.0,-23.099960327148438,-9.750478316059462e-31,-4.695681925743886e-31,-1.689012231813751e-31,0.0,-31.794368743896484,-4.695681925743886e-31,-23.099960327148438
26,-27.789297103881836,0.0,-27.789297103881836,-9.32161189750094e-31,-4.682646633788748e-31,-3.1968253008324287e-31,0.0,-27.789297103881836,-4.682646633788748e-31,-27.789297103881836
27,-23.099960327148438,0.0,-31.794368743896484,-8.668842957370671e-31,-4.674842291694768e-31,-4.633483228257697e-31,0.0,-23.099960327148438,-4.674842291694768e-31,-31.794368743896484
28,-17.841827392578125,0.0,-35.01655578613281,-7.804871066437201e-31,-4.672974196072442e-31,-5.960463536070452e-31,0.0,-17.841827392578125,-4.672974196072442e-31,-35.01655578613281
29,-12.144368171691895,0.0,-37.376522064208984,-6.747972340669374e-31,-4.672812448049768e-31,-7.133140462032689e-31,0.0,-12.144368171691895,-4.672812448049768e-31,-37.376522064208984
30,-6.147873878479004,0.0,-38.8161506652832,-5.5258329634132375e-31,-4.672811037456547e-31,-8.12126947689323e-31,0.0,-6.147873878479004,-4.672811037456547e-31,-38.8161506652832
31,-0.0,0.0,-39.29999923706055,-4.169817004739691e-31,-4.67390142601637e-31,-8.905232990530072e-31,0.0,-4.169817004739691e-31,-4.67390142601637e-31,-39.29999923706055
32,6.147873878479004,0.0,-38.8161506652832,-2.7123043969376143e-31,-4.676454129548616e-31,-9.468805419319945e-31,0.0,6.147873878479004,-4.676454129548616e-31,-38.8161506652832
33,12.144368171691895,0.0,-37.376522064208984,-1.1869966805945187e-31,-4.6806036246070185e-31,-9.800105806760218e-31,0.0,12.144368171691895,-4.6806036246070185e-31,-37.376522064208984
34,17.841827392578125,0.0,-35.01655578613281,3.7138365747103835e-32,-4.686464169242478e-31,-9.891620392960434e-31,0.0,17.841827392578125,-4.686464169242478e-31,-35.01655578613281
35,23.099960327148438,0.0,-31.794368743896484,1.9269240599597263e-31,-4.693907399471885e-31,-9.74015371407732e-31,0.0,23.099960327148438,-4.693907399471885e-31,-31.794368743896484
36,27.789297103881836,0.0,-27.789297103881836,3.4426907588549377e-31,-4.702643203289456e-31,-9.347495342710565e-31,0.0,27.789297103881836,-4.702643203289456e-31,-27.789297103881836
37,31.794368743896484,0.0,-23.099960327148438,4.881214901111571e-31,-4.712165647926597e-31,-8.721079105134772e-31,0.0,31.794368743896484,-4.712165647926597e-31,-23.099960327148438
38,35.01655578613281,0.0,-17.841827392578125,6.205466651437198e-31,-4.721770377168296e-31,-7.874528510678228e-31,0.0,35.01655578613281,-4.721770377168296e-31,-17.841827392578125
39,37.376522064208984,0.0,-12.144368171691895,7.380307897598169e-31,-4.730656644262772e-31,-6.827999525875615e-31,0.0,37.376522064208984,-4.730656644262772e-31,-12.144368171691895
40,38.8161506652832,0.0,-6.147873878479004,8.37426971542749e-31,-4.738118682401792e-31,-5.6079544093549035e-31,0.0,38.8161506652832,-4.738118682401792e-31,-6.147873878479004
41,35.618080139160156,1.8250000476837158,0.0,-0.0019741214346140623,-0.004358514677733183,6.093495129501209e-20,0.004784747026860714,35.61610601772554,1.8206415330059826,6.093495129501209e-20
42,35.179561614990234,1.8250000476837158,5.571895122528076,-0.0019502846989780664,-0.004359574522823095,-0.0003098023298662156,0.00478596705943346,35.177611330291256,1.8206404731608927,5.57158532019821
43,33.87480545043945,1.8250000476837158,11.006591796875,-0.0018792946357280016,-0.004362801089882851,-0.0006125104846432805,0.004789670929312706,33.872926155803725,1.820637246593833,11.005979286390357
44,31.735942840576172,1.8250000476837158,16.170270919799805,-0.0017627131892368197,-0.0043683466501533985,-0.000901196151971817,0.004796015564352274,31.734180127386935,1.8206317010335624,16.169369723647833
45,28.815631866455078,1.8250000476837158,20.935781478881836,-0.0016031324630603194,-0.004376545548439026,-0.0011692778207361698,0.004805350676178932,28.814028733992018,1.8206235021352768,20.9346122010611
46,25.1857852935791,1.8250000476837158,25.1857852935791,-0.0014040967216715217,-0.004387877881526947,-0.00141068734228611,0.004818194545805454,25.18438119685743,1.8206121698021889,25.184374606236815
47,20.935781478881836,1.8250000476837158,28.815631866455078,-0.0011699484894052148,-0.0044028195552527905,-0.0016199551755562425,0.004835064988583326,20.93461153039243,1.820597228128463,28.814011911279522
48,16.170270919799805,1.8250000476837158,31.735942840576172,-0.0009056915296241641,-0.004421605262905359,-0.0017922096885740757,0.004856221377849579,16.16936522827018,1.8205784424208105,31.734150630887598
49,11.006591796875,1.8250000476837158,33.87480545043945,-0.000616926234215498,-0.004444039426743984,-0.0019231360638514161,0.004881448112428188,11.005974870640785,1.8205560082569718,33.8728823143756
50,5.571895122528076,1.8250000476837158,35.179561614990234,-0.00030987983336672187,-0.004469406325370073,-0.0020089957397431135,0.00490995729342103,5.5715852426947095,1.8205306413583457,35.17755261925049
51,0.0,1.8250000476837158,35.618080139160156,8.536799214198254e-06,-0.004496529698371887,-0.0020467534195631742,0.00494045065715909,8.536799214198254e-06,1.820503517985344,35.61603338574059
52,-5.571895122528076,1.8250000476837158,35.179561614990234,0.0003307404986117035,-0.004524001851677895,-0.0020343258511275053,0.004971364047378302,-5.5715643820294645,1.820476045832038,35.17752728913911
53,-11.006591796875,1.8250000476837158,33.87480545043945,0.0006485070334747434,-0.004549846053123474,-0.0019706462044268847,0.005000510718673468,-11.005943289841525,1.8204502016305923,33.872834804235026
54,-16.170270919799805,1.8250000476837158,31.735942840576172,0.0009534446289762855,-0.004573204554617405,-0.0018566257786005735,0.005026958882808685,-16.16931747517083,1.8204268431290984,31.73408621479757
55,-20.935781478881836,1.8250000476837158,28.815631866455078,0.0012366246664896607,-0.0045911697670817375,-0.0016933571314439178,0.005047330167144537,-20.934544854215346,1.820408877916634,28.813938509323634
56,-25.1857852935791,1.8250000476837158,25.1857852935791,0.0014873944455757737,-0.0045972601510584354,-0.0014823974343016744,0.005054171197116375,-25.184297899133526,1.8204027875326574,25.1843028961448
57,-28.815631866455078,1.8250000476837158,20.935781478881836,0.0016986867412924767,-0.0045944079756736755,-0.0012315746862441301,0.005050831474363804,-28.813933179713786,1.8204056397080421,20.934549904195592
58,-31.735942840576172,1.8250000476837158,16.170270919799805,0.0018679739441722631,-0.004590481519699097,-0.000950604269746691,0.00504633504897356,-31.734074866632,1.8204095661640167,16.169320315530058
59,-33.87480545043945,1.8250000476837158,11.006591796875,0.001991568598896265,-0.0045865862630307674,-0.0006466354243457317,0.005041949450969696,-33.87281388184056,1.820413461420685,11.005945161450654
60,-35.179561614990234,1.8250000476837158,5.571895122528076,0.002066550077870488,-0.004583408124744892,-0.00032716678106226027,0.005038382485508919,-35.177495064912364,1.820416639558971,5.571567955747014
61,-35.618080139160156,1.8250000476837158,0.0,0.0020917411893606186,-0.004582350607961416,-5.923738926994575e-20,0.005037193652242422,-35.615988397970796,1.8204176970757544,-5.923738926994575e-20
62,-35.179561614990234,1.8250000476837158,-5.571895122528076,0.002066550077870488,-0.004583408124744892,0.00032716678106226027,0.005038382485508919,-35.177495064912364,1.820416639558971,-5.571567955747014
63,-33.87480545043945,1.8250000476837158,-11.006591796875,0.001991568598896265,-0.0045865862630307674,0.0006466354243457317,0.005041949450969696,-33.87281388184056,1.820413461420685,-11.005945161450654
64,-31.735942840576172,1.8250000476837158,-16.170270919799805,0.0018679739441722631,-0.004590481519699097,0.000950604269746691,0.00504633504897356,-31.734074866632,1.8204095661640167,-16.169320315530058
65,-28.815631866455078,1.8250000476837158,-20.935781478881836,0.0016986867412924767,-0.0045944079756736755,0.0012315746862441301,0.005050831474363804,-28.813933179713786,1.8204056397080421,-20.934549904195592
66,-25.1857852935791,1.8250000476837158,-25.1857852935791,0.0014873944455757737,-0.0045972601510584354,0.0014823974343016744,0.005054171197116375,-25.184297899133526,1.8204027875326574,-25.1843028961448
67,-20.935781478881836,1.8250000476837158,-28.815631866455078,0.0012366246664896607,-0.0045911697670817375,0.0016933571314439178,0.005047330167144537,-20.934544854215346,1.820408877916634,-28.813938509323634
68,-16.170270919799805,1.8250000476837158,-31.735942840576172,0.0009534446289762855,-0.004573204554617405,0.0018566257786005735,0.005026958882808685,-16.16931747517083,1.8204268431290984,-31.73408621479757
69,-11.006591796875,1.8250000476837158,-33.87480545043945,0.0006485070334747434,-0.004549846053123474,0.0019706462044268847,0.005000510718673468,-11.005943289841525,1.8204502016305923,-33.872834804235026
70,-5.571895122528076,1.8250000476837158,-35.179561614990234,0.0003307404986117035,-0.004524001851677895,0.0020343258511275053,0.004971364047378302,-5.5715643820294645,1.820476045832038,-35.17752728913911
71,-0.0,1.8250000476837158,-35.618080139160156,8.536799214198254e-06,-0.004496529698371887,0.0020467534195631742,0.00494045065715909,8.536799214198254e-06,1.820503517985344,-35.61603338574059
72,5.571895122528076,1.8250000476837158,-35.179561614990234,-0.00030987983336672187,-0.004469406325370073,0.0020089957397431135,0.00490995729342103,5.5715852426947095,1.8205306413583457,-35.17755261925049
73,11.006591796875,1.8250000476837158,-33.87480545043945,-0.000616926234215498,-0.004444039426743984,0.0019231360638514161,0.004881448112428188,11.005974870640785,1.8205560082569718,-33.8728823143756
74,16.170270919799805,1.8250000476837158,-31.735942840576172,-0.0009056915296241641,-0.004421605262905359,0.0017922096885740757,0.004856221377849579,16.16936522827018,1.8205784424208105,-31.734150630887598
75,20.935781478881836,1.8250000476837158,-28.815631866455078,-0.0011699484894052148,-0.0044028195552527905,0.0016199551755562425,0.004835064988583326,20.93461153039243,1.820597228128463,-28.814011911279522
76,25.1857852935791,1.8250000476837158,-25.1857852935791,-0.0014040967216715217,-0.004387877881526947,0.00141068734228611,0.004818194545805454,25.18438119685743,1.8206121698021889,-25.184374606236815
77,28.815631866455078,1.8250000476837158,-20.935781478881836,-0.0016031324630603194,-0.004376545548439026,0.0011692778207361698,0.004805350676178932,28.814028733992018,1.8206235021352768,-20.9346122010611
78,31.735942840576172,1.8250000476837158,-16.170270919799805,-0.0017627131892368197,-0.0043683466501533985,0.000901196151971817,0.004796015564352274,31.734180127386935,1.8206317010335624,-16.169369723647833
79,33.87480545043945,1.8250000476837158,-11.006591796875,-0.0018792946357280016,-0.004362801089882851,0.0006125104846432805,0.004789670929312706,33.872926155803725,1.820637246593833,-11.005979286390357
80,35.179561614990234,1.8250000476837158,-5.571895122528076,-0.0019502846989780664,-0.004359574522823095,0.0003098023298662156,0.00478596705943346,35.177611330291256,1.8206404731608927,-5.57158532019821
81,31.936159133911133,3.6500000953674316,0.0,-0.003932207822799683,-0.008543236181139946,1.309733612732941e-19,0.009404740296304226,31.932226926088333,3.6414568591862917,1.309733612732941e-19
82,31.542972564697266,3.6500000953674316,4.99591588973999,-0.0038844554219394922,-0.008544777520000935,-0.0006171452114358544,0.009406544268131256,31.539088109275326,3.6414553178474307,4.995298744528554
83,30.373092651367188,3.6500000953674316,9.868816375732422,-0.003742279252037406,-0.00854946207255125,-0.0012198665644973516,0.009412014856934547,30.36935037211515,3.6414506332948804,9.867596509167925
84,28.455326080322266,3.6500000953674316,14.498712539672852,-0.0035089266020804644,-0.008557556197047234,-0.0017941073747351766,0.00942142028361559,28.451817153720185,3.6414425391703844,14.496918432298116
85,25.836896896362305,3.6500000953674316,18.771604537963867,-0.00318976235575974,-0.008569655008614063,-0.0023265646304935217,0.009435384534299374,25.833707134006545,3.6414304403588176,18.769277973333374
86,22.582275390625,3.6500000953674316,22.582275390625,-0.0027920971624553204,-0.008586698211729527,-0.002805039519444108,0.00945491623133421,22.579483293462545,3.641413397155702,22.579470351105556
87,18.771604537963867,3.6500000953674316,25.836896896362305,-0.0023248945362865925,-0.008609754033386707,-0.003218657337129116,0.009481178596615791,18.76927964342758,3.641390341334045,25.833678239025176
88,14.498712539672852,3.6500000953674316,28.455326080322266,-0.0017984313890337944,-0.008639543317258358,-0.003557866672053933,0.009514960460364819,14.496914108283818,3.6413605520501733,28.45176821365021
89,9.868816375732422,3.6500000953674316,30.373092651367188,-0.001224131090566516,-0.008676060475409031,-0.003814380383118987,0.009556255303323269,9.867592244641855,3.6413240348920226,30.36927827098407
90,4.99591588973999,3.6500000953674316,31.542972564697266,-0.0006145408842712641,-0.008718280121684074,-0.003981126472353935,0.009603927843272686,4.995301348855719,3.6412818152457476,31.53899143822491
91,0.0,3.6500000953674316,31.936159133911133,1.6566618796787225e-05,-0.008764293044805527,-0.004052496049553156,0.009655870497226715,1.6566618796787225e-05,3.641235802322626,31.93210663786158
92,-4.99591588973999,3.6500000953674316,31.542972564697266,0.0006541730253957212,-0.008811313658952713,-0.004024578258395195,0.00970898661762476,-4.9952617167145945,3.641188781708479,31.53894798643887
93,-9.868816375732422,3.6500000953674316,30.373092651367188,0.001282168785110116,-0.008855939842760563,-0.003895661560818553,0.00975949876010418,-9.867534206947312,3.641144155524671,30.36919698980637
94,-14.498712539672852,3.6500000953674316,28.455326080322266,0.001883982215076685,-0.008896066807210445,-0.0036675843875855207,0.009805128909647465,-14.496828557457775,3.641104028560221,28.45165849593468
95,-18.771604537963867,3.6500000953674316,25.836896896362305,0.0024416574742645025,-0.008925741538405418,-0.0033429402392357588,0.009838994592428207,-18.769162880489603,3.6410743538290262,25.83355395612307
96,-22.582275390625,3.6500000953674316,22.582275390625,0.002935804193839431,-0.008935881778597832,-0.002926215995103121,0.009850465692579746,-22.57933958643116,3.641064213588834,22.579349174629897
97,-25.836896896362305,3.6500000953674316,18.771604537963867,0.003353181993588805,-0.008930743671953678,-0.002431365894153714,0.009844467975199223,-25.833543714368716,3.641069351695478,18.769173172069713
98,-28.455326080322266,3.6500000953674316,14.498712539672852,0.0036872816272079945,-0.008922131732106209,-0.0018764042761176825,0.009834702126681805,-28.451638798695058,3.6410779636353254,14.496836135396734
99,-30.373092651367188,3.6500000953674316,9.868816375732422,0.003931032028049231,-0.008913698606193066,-0.0012762786354869604,0.009825269691646099,-30.36916161933914,3.6410863967612386,9.867540097096935
100,-31.542972564697266,3.6500000953674316,4.99591588973999,0.004078874830156565,-0.008907006122171879,-0.0006457090494222939,0.009817785583436489,-31.53889368986711,3.6410930892452598,4.995270180690568
101,-31.936159133911133,3.6500000953674316,0.0,0.004128454718738794,-0.008904579095542431,-7.113433381703527e-20,0.009815073572099209,-31.932030679192394,3.641095516271889,-7.113433381703527e-20
102,-31.542972564697266,3.6500000953674316,-4.99591588973999,0.004078874830156565,-0.008907006122171879,0.0006457090494222939,0.009817785583436489,-31.53889368986711,3.6410930892452598,-4.995270180690568
103,-30.373092651367188,3.6500000953674316,-9.868816375732422,0.003931032028049231,-0.008913698606193066,0.0012762786354869604,0.009825269691646099,-30.36916161933914,3.6410863967612386,-9.867540097096935
104,-28.455326080322266,3.6500000953674316,-14.498712539672852,0.0036872816272079945,-0.008922131732106209,0.0018764042761176825,0.009834702126681805,-28.451638798695058,3.6410779636353254,-14.496836135396734
105,-25.836896896362305,3.6500000953674316,-18.771604537963867,0.003353181993588805,-0.008930743671953678,0.002431365894153714,0.009844467975199223,-25.833543714368716,3.641069351695478,-18.769173172069713
106,-22.582275390625,3.6500000953674316,-22.582275390625,0.002935804193839431,-0.008935881778597832,0.002926215995103121,0.009850465692579746,-22.57933958643116,3.641064213588834,-22.579349174629897
107,-18.771604537963867,3.6500000953674316,-25.836896896362305,0.0024416574742645025,-0.008925741538405418,0.0033429402392357588,0.009838994592428207,-18.769162880489603,3.6410743538290262,-25.83355395612307
108,-14.498712539672852,3.6500000953674316,-28.455326080322266,0.001883982215076685,-0.008896066807210445,0.0036675843875855207,0.009805128909647465,-14.496828557457775,3.641104028560221,-28.45165849593468
109,-9.868816375732422,3.6500000953674316,-30.373092651367188,0.001282168785110116,-0.008855939842760563,0.003895661560818553,0.00975949876010418,-9.867534206947312,3.641144155524671,-30.36919698980637
110,-4.99591588973999,3.6500000953674316,-31.542972564697266,0.0006541730253957212,-0.008811313658952713,0.004024578258395195,0.00970898661762476,-4.9952617167145945,3.641188781708479,-31.53894798643887
111,-0.0,3.6500000953674316,-31.936159133911133,1.6566618796787225e-05,-0.008764293044805527,0.004052496049553156,0.009655870497226715,1.6566618796787225e-05,3.641235802322626,-31.93210663786158
112,4.99591588973999,3.6500000953674316,-31.542972564697266,-0.0006145408842712641,-0.008718280121684074,0.003981126472353935,0.009603927843272686,4.995301348855719,3.6412818152457476,-31.53899143822491
113,9.868816375732422,3.6500000953674316,-30.373092651367188,-0.001224131090566516,-0.008676060475409031,0.003814380383118987,0.009556255303323269,9.867592244641855,3.6413240348920226,-30.36927827098407
114,14.498712539672852,3.6500000953674316,-28.455326080322266,-0.0017984313890337944,-0.008639543317258358,0.003557866672053933,0.009514960460364819,14.496914108283818,3.6413605520501733,-28.45176821365021
115,18.771604537963867,3.6500000953674316,-25.836896896362305,-0.0023248945362865925,-0.008609754033386707,0.003218657337129116,0.009481178596615791,18.76927964342758,3.641390341334045,-25.833678239025176
116,22.582275390625,3.6500000953674316,-22.582275390625,-0.0027920971624553204,-0.008586698211729527,0.002805039519444108,0.00945491623133421,22.579483293462545,3.641413397155702,-22.579470351105556
117,25.836896896362305,3.6500000953674316,-18.771604537963867,-0.00318976235575974,-0.008569655008614063,0.0023265646304935217,0.009435384534299374,25.833707134006545,3.6414304403588176,-18.769277973333374
118,28.455326080322266,3.6500000953674316,-14.498712539672852,-0.0035089266020804644,-0.008557556197047234,0.0017941073747351766,0.00942142028361559,28.451817153720185,3.6414425391703844,-14.496918432298116
119,30.373092651367188,3.6500000953674316,-9.868816375732422,-0.003742279252037406,-0.00854946207255125,0.0012198665644973516,0.009412014856934547,30.36935037211515,3.6414506332948804,-9.867596509167925
120,31.542972564697266,3.6500000953674316,-4.99591588973999,-0.0038844554219394922,-0.008544777520000935,0.0006171452114358544,0.009406544268131256,31.539088109275326,3.6414553178474307,-4.995298744528554
121,29.55205726623535,5.474999904632568,0.0,-0.002639106009155512,-0.00694875605404377,-4.3082606190512814e-19,0.0074330405332148075,29.549418160226196,5.468051148578525,-4.3082606190512814e-19
122,29.188222885131836,5.474999904632568,4.622960090637207,-0.002607070142403245,-0.006949974689632654,-0.0004151850298512727,0.007434469647705555,29.185615814989433,5.468049929942936,4.622544905607356
123,28.10567855834961,5.474999904632568,9.132087707519531,-0.002511609112843871,-0.006953575648367405,-0.0008206606726162136,0.007438674569129944,28.103166949236766,5.468046328984201,9.131267046846915
124,26.331077575683594,5.474999904632568,13.416354179382324,-0.0023547259625047445,-0.006959505379199982,-0.0012068693758919835,0.007445534225553274,26.32872284972109,5.468040399253368,13.415147310006432
125,23.908117294311523,5.474999904632568,17.370264053344727,-0.002139836782589555,-0.006967865861952305,-0.0015646211104467511,0.007455071900039911,23.905977457528934,5.468032038770616,17.36869943223428
126,20.896461486816406,5.474999904632568,20.896461486816406,-0.0018718205392360687,-0.0069791036657989025,-0.0018854053923860192,0.007467687129974365,20.89458966627717,5.4680208009667695,20.89457608142402
127,17.370264053344727,5.474999904632568,23.908117294311523,-0.0015569074312224984,-0.0069940099492669106,-0.0021617210004478693,0.007484194822609425,17.368707145913504,5.4680058946833014,23.905955573311076
128,13.416354179382324,5.474999904632568,26.331077575683594,-0.0012023838935419917,-0.00701344246044755,-0.002387244487181306,0.007505533751100302,13.415151795488782,5.467986462172121,26.328690331196412
129,9.132087707519531,5.474999904632568,28.10567855834961,-0.0008162871235981584,-0.007037922739982605,-0.0025568080600351095,0.007532326504588127,9.131271420395933,5.467961981892586,28.103121750289574
130,4.622960090637207,5.474999904632568,29.188222885131836,-0.0004072111623827368,-0.007067244965583086,-0.002666234504431486,0.007564428728073835,4.622552879474824,5.467932659666985,29.185556650627404
131,0.0,5.474999904632568,29.55205726623535,1.5677474948461168e-05,-0.007100429851561785,-0.0027123265899717808,0.007600859738886356,1.5677474948461168e-05,5.467899474781007,29.54934493964538
132,-4.622960090637207,5.474999904632568,29.188222885131836,0.0004426112864166498,-0.0071354578249156475,-0.002692735753953457,0.007639469113200903,-4.62251747935079,5.467864446807653,29.185530149377882
133,-9.132087707519531,5.474999904632568,28.10567855834961,0.0008630878292024136,-0.007169771008193493,-0.0026064086705446243,0.007677493151277304,-9.131224619690329,5.467830133624375,28.103072149679065
134,-13.416354179382324,5.474999904632568,26.331077575683594,0.0012662342051044106,-0.0072012352757155895,-0.002454431029036641,0.007712675724178553,-13.41508794517722,5.467798669356853,26.328623144654557
135,-17.370264053344727,5.474999904632568,23.908117294311523,0.0016400733729824424,-0.0072244564071297646,-0.002237627049908042,0.007738836109638214,-17.368623979971744,5.467775448225439,23.905879667261615
136,-20.896461486816406,5.474999904632568,20.896461486816406,0.0019708890467882156,-0.007232562638819218,-0.001958320150151849,0.007747863419353962,-20.894490597769618,5.467767341993749,20.894503166666254
137,-23.908117294311523,5.474999904632568,17.370264053344727,0.002249266719445586,-0.007228365167975426,-0.0016264519654214382,0.0077429842203855515,-23.905868027592078,5.467771539464593,17.368637601379305
138,-26.331077575683594,5.474999904632568,13.416354179382324,0.002471462357789278,-0.007220505736768246,-0.0012546549551188946,0.007734209299087524,-26.328606113325804,5.4677793988958,13.415099524427205
139,-28.10567855834961,5.474999904632568,9.132087707519531,0.002633308060467243,-0.0072126612067222595,-0.0008530073682777584,0.007725568953901529,-28.103045250289142,5.467787243425846,9.131234700151253
140,-29.188222885131836,5.474999904632568,4.622960090637207,0.002731240587309003,-0.0072064874693751335,-0.00043142351205460727,0.007718760520219803,-29.185491644544527,5.467793417163193,4.622528667125152
141,-29.55205726623535,5.474999904632568,0.0,0.0027640052139759064,-0.007204166613519192,3.2075621387059968e-19,0.007716199848800898,-29.549293261021376,5.467795738019049,3.2075621387059968e-19
142,-29.188222885131836,5.474999904632568,-4.622960090637207,0.002731240587309003,-0.0072064874693751335,0.00043142351205460727,0.007718760520219803,-29.185491644544527,5.467793417163193,-4.622528667125152
143,-28.10567855834961,5.474999904632568,-9.132087707519531,0.002633308060467243,-0.0072126612067222595,0.0008530073682777584,0.007725568953901529,-28.103045250289142,5.467787243425846,-9.131234700151253
144,-26.331077575683594,5.474999904632568,-13.416354179382324,0.002471462357789278,-0.007220505736768246,0.0012546549551188946,0.007734209299087524,-26.328606113325804,5.4677793988958,-13.415099524427205
145,-23.908117294311523,5.474999904632568,-17.370264053344727,0.002249266719445586,-0.007228365167975426,0.0016264519654214382,0.0077429842203855515,-23.905868027592078,5.467771539464593,-17.368637601379305
146,-20.896461486816406,5.474999904632568,-20.896461486816406,0.0019708890467882156,-0.007232562638819218,0.001958320150151849,0.007747863419353962,-20.894490597769618,5.467767341993749,-20.894503166666254
147,-17.370264053344727,5.474999904632568,-23.908117294311523,0.0016400733729824424,-0.0072244564071297646,0.002237627049908042,0.007738836109638214,-17.368623979971744,5.467775448225439,-23.905879667261615
148,-13.416354179382324,5.474999904632568,-26.331077575683594,0.0012662342051044106,-0.0072012352757155895,0.002454431029036641,0.007712675724178553,-13.41508794517722,5.467798669356853,-26.328623144654557
149,-9.132087707519531,5.474999904632568,-28.10567855834961,0.0008630878292024136,-0.007169771008193493,0.0026064086705446243,0.007677493151277304,-9.131224619690329,5.467830133624375,-28.103072149679065
150,-4.622960090637207,5.474999904632568,-29.188222885131836,0.0004426112864166498,-0.0071354578249156475,0.002692735753953457,0.007639469113200903,-4.62251747935079,5.467864446807653,-29.185530149377882
151,-0.0,5.474999904632568,-29.55205726623535,1.5677474948461168e-05,-0.007100429851561785,0.0027123265899717808,0.007600859738886356,1.5677474948461168e-05,5.467899474781007,-29.54934493964538
152,4.622960090637207,5.474999904632568,-29.188222885131836,-0.0004072111623827368,-0.007067244965583086,0.002666234504431486,0.007564428728073835,4.622552879474824,5.467932659666985,-29.185556650627404
153,9.132087707519531,5.474999904632568,-28.10567855834961,-0.0008162871235981584,-0.007037922739982605,0.0025568080600351095,0.007532326504588127,9.131271420395933,5.467961981892586,-28.103121750289574
154,13.416354179382324,5.474999904632568,-26.331077575683594,-0.0012023838935419917,-0.00701344246044755,0.002387244487181306,0.007505533751100302,13.415151795488782,5.467986462172121,-26.328690331196412
155,17.370264053344727,5.474999904632568,-23.908117294311523,-0.0015569074312224984,-0.0069940099492669106,0.0021617210004478693,0.007484194822609425,17.368707145913504,5.4680058946833014,-23.905955573311076
156,20.896461486816406,5.474999904632568,-20.896461486816406,-0.0018718205392360687,-0.0069791036657989025,0.0018854053923860192,0.007467687129974365,20.89458966627717,5.4680208009667695,-20.89457608142402
157,23.908117294311523,5.474999904632568,-17.370264053344727,-0.002139836782589555,-0.006967865861952305,0.0015646211104467511,0.007455071900039911,23.905977457528934,5.468032038770616,-17.36869943223428
158,26.331077575683594,5.474999904632568,-13.416354179382324,-0.0023547259625047445,-0.006959505379199982,0.0012068693758919835,0.007445534225553274,26.32872284972109,5.468040399253368,-13.415147310006432
159,28.10567855834961,5.474999904632568,-9.132087707519531,-0.002511609112843871,-0.006953575648367405,0.0008206606726162136,0.007438674569129944,28.103166949236766,5.468046328984201,-9.131267046846915
160,29.188222885131836,5.474999904632568,-4.622960090637207,-0.002607070142403245,-0.006949974689632654,0.0004151850298512727,0.007434469647705555,29.185615814989433,5.468049929942936,-4.622544905607356
161,27.16795539855957,7.300000190734863,0.0,-0.0012231459841132164,-0.005203913897275925,-1.1332624614111776e-18,0.0053457277826964855,27.166732252575457,7.294796276837587,-1.1332624614111776e-18
162,26.833473205566406,7.300000190734863,4.250004768371582,-0.001208620611578226,-0.005205193534493446,-0.00019407035142648965,0.005347192287445068,26.832264584954828,7.29479499720037,4.2498106980201555
163,25.8382625579834,7.300000190734863,8.395359992980957,-0.001165206776931882,-0.005208886694163084,-0.0003838657576125115,0.005351407453417778,25.837097351206467,7.2947913040407,8.394976127223345
164,24.206825256347656,7.300000190734863,12.333993911743164,-0.0010934494202956557,-0.005214613862335682,-0.0005650267703458667,0.005357899237424135,24.20573180692736,7.294785576872528,12.333428884972818
165,21.979337692260742,7.300000190734863,15.968923568725586,-0.0009944213088601828,-0.005221913103014231,-0.0007330985390581191,0.005366067867726088,21.978343270951882,7.294778277631849,15.968190470186528
166,19.21064567565918,7.300000190734863,19.21064567565918,-0.0008699626196175814,-0.005230502691119909,-0.0008836975903250277,0.005375491920858622,19.209775713039562,7.294769688043743,19.209761978068855
167,15.968923568725586,7.300000190734863,21.979337692260742,-0.0007228507893159986,-0.0052405232563614845,-0.001012866385281086,0.005386231932789087,15.96820071793627,7.294759667478502,21.97832482587546
168,12.333993911743164,7.300000190734863,24.206825256347656,-0.0005567100015468895,-0.005252552218735218,-0.0011174356332048774,0.005398878827691078,12.333437201741617,7.294747638516128,24.20570782071445
169,8.395359992980957,7.300000190734863,25.8382625579834,-0.000375696225091815,-0.005267355591058731,-0.0011951869819313288,0.005414301063865423,8.394984296755865,7.2947328351438046,25.837067371001467
170,4.250004768371582,7.300000190734863,26.833473205566406,-0.00018413420184515417,-0.005285447463393211,-0.0012446957407519221,0.0054331510327756405,4.249820634169737,7.29471474327147,26.832228509825654
171,0.0,7.300000190734863,27.16795539855957,1.3662239325640257e-05,-0.005306805018335581,-0.0012651134748011827,0.0054555367678403854,1.3662239325640257e-05,7.294693385716528,27.16669028508477
172,-4.250004768371582,7.300000190734863,26.833473205566406,0.0002133603411493823,-0.00533053744584322,-0.001255800947546959,0.0054806191474199295,-4.249791408030433,7.29466965328902,26.83221740461886
173,-8.395359992980957,7.300000190734863,25.8382625579834,0.00041038906783796847,-0.005354847759008408,-0.0012162125203758478,0.005506540182977915,-8.394949603913119,7.294645342975855,25.837046345463023
174,-12.333993911743164,7.300000190734863,24.206825256347656,0.0006000569555908442,-0.005378032103180885,-0.0011468239827081561,0.005531591363251209,-12.333393854787573,7.294622158631682,24.205678432364948
175,-15.968923568725586,7.300000190734863,21.979337692260742,0.0007765975315123796,-0.005396299995481968,-0.0010473565198481083,0.005551586393266916,-15.968146971194074,7.294603890739381,21.978290335740894
176,-19.21064567565918,7.300000190734863,19.21064567565918,0.0009324843995273113,-0.005404369905591011,-0.0009174252627417445,0.005560432560741901,-19.209713191259652,7.294595820829272,19.209728250396438
177,-21.979337692260742,7.300000190734863,15.968923568725586,0.0010631948243826628,-0.005403733812272549,-0.000761910923756659,0.0055597866885364056,-21.97827449743636,7.294596456922591,15.96816165780183
178,-24.206825256347656,7.300000190734863,12.333993911743164,0.0011676468420773745,-0.0054000187665224075,-0.000587733113206923,0.005555990617722273,-24.20565760950558,7.294600171968341,12.333406178629957
179,-25.8382625579834,7.300000190734863,8.395359992980957,0.001243602018803358,-0.0053954473696649075,-0.0003995781880803406,0.005551311653107405,-25.837018955964595,7.294604743365198,8.394960414792877
180,-26.833473205566406,7.300000190734863,4.250004768371582,0.0012893719831481576,-0.0053915237076580524,-0.0002020579413510859,0.005547236651182175,-26.832183833583258,7.294608667027205,4.249802710430231
181,-27.16795539855957,7.300000190734863,0.0,0.0013046885142102838,-0.005390047561377287,9.227588507916924e-19,0.00554570322856307,-27.16665071004536,7.294610143173486,9.227588507916924e-19
182,-26.833473205566406,7.300000190734863,-4.250004768371582,0.0012893719831481576,-0.0053915237076580524,0.0002020579413510859,0.005547236651182175,-26.832183833583258,7.294608667027205,-4.249802710430231
183,-25.8382625579834,7.300000190734863,-8.395359992980957,0.001243602018803358,-0.0053954473696649075,0.0003995781880803406,0.005551311653107405,-25.837018955964595,7.294604743365198,-8.394960414792877
184,-24.206825256347656,7.300000190734863,-12.333993911743164,0.0011676468420773745,-0.0054000187665224075,0.000587733113206923,0.005555990617722273,-24.20565760950558,7.294600171968341,-12.333406178629957
185,-21.979337692260742,7.300000190734863,-15.968923568725586,0.0010631948243826628,-0.005403733812272549,0.000761910923756659,0.0055597866885364056,-21.97827449743636,7.294596456922591,-15.96816165780183
186,-19.21064567565918,7.300000190734863,-19.21064567565918,0.0009324843995273113,-0.005404369905591011,0.0009174252627417445,0.005560432560741901,-19.209713191259652,7.294595820829272,-19.209728250396438
187,-15.968923568725586,7.300000190734863,-21.979337692260742,0.0007765975315123796,-0.005396299995481968,0.0010473565198481083,0.005551586393266916,-15.968146971194074,7.294603890739381,-21.978290335740894
188,-12.333993911743164,7.300000190734863,-24.206825256347656,0.0006000569555908442,-0.005378032103180885,0.0011468239827081561,0.005531591363251209,-12.333393854787573,7.294622158631682,-24.205678432364948
189,-8.395359992980957,7.300000190734863,-25.8382625579834,0.00041038906783796847,-0.005354847759008408,0.0012162125203758478,0.005506540182977915,-8.394949603913119,7.294645342975855,-25.837046345463023
190,-4.250004768371582,7.300000190734863,-26.833473205566406,0.0002133603411493823,-0.00533053744584322,0.001255800947546959,0.0054806191474199295,-4.249791408030433,7.29466965328902,-26.83221740461886
191,-0.0,7.300000190734863,-27.16795539855957,1.3662239325640257e-05,-0.005306805018335581,0.0012651134748011827,0.0054555367678403854,1.3662239325640257e-05,7.294693385716528,-27.16669028508477
192,4.250004768371582,7.300000190734863,-26.833473205566406,-0.00018413420184515417,-0.005285447463393211,0.0012446957407519221,0.0054331510327756405,4.249820634169737,7.29471474327147,-26.832228509825654
193,8.395359992980957,7.300000190734863,-25.8382625579834,-0.000375696225091815,-0.005267355591058731,0.0011951869819313288,0.005414301063865423,8.394984296755865,7.2947328351438046,-25.837067371001467
194,12.333993911743164,7.300000190734863,-24.206825256347656,-0.0005567100015468895,-0.005252552218735218,0.0011174356332048774,0.005398878827691078,12.333437201741617,7.294747638516128,-24.20570782071445
195,15.968923568725586,7.300000190734863,-21.979337692260742,-0.0007228507893159986,-0.0052405232563614845,0.001012866385281086,0.005386231932789087,15.96820071793627,7.294759667478502,-21.97832482587546
196,19.21064567565918,7.300000190734863,-19.21064567565918,-0.0008699626196175814,-0.005230502691119909,0.0008836975903250277,0.005375491920858622,19.209775713039562,7.294769688043743,-19.209761978068855
197,21.979337692260742,7.300000190734863,-15.968923568725586,-0.0009944213088601828,-0.005221913103014231,0.0007330985390581191,0.005366067867726088,21.978343270951882,7.294778277631849,-15.968190470186528
198,24.206825256347656,7.300000190734863,-12.333993911743164,-0.0010934494202956557,-0.005214613862335682,0.0005650267703458667,0.005357899237424135,24.20573180692736,7.294785576872528,-12.333428884972818
199,25.8382625579834,7.300000190734863,-8.395359992980957,-0.001165206776931882,-0.005208886694163084,0.0003838657576125115,0.005351407453417778,25.837097351206467,7.2947913040407,-8.394976127223345
200,26.833473205566406,7.300000190734863,-4.250004768371582,-0.001208620611578226,-0.005205193534493446,0.00019407035142648965,0.005347192287445068,26.832264584954828,7.29479499720037,-4.2498106980201555
201,25.451955795288086,9.125,0.0,-0.0009083087788894773,-0.004981630481779575,-6.500910144764102e-19,0.005063760094344616,25.451047486509196,9.12001836951822,-6.500910144764102e-19
202,25.138599395751953,9.125,3.981563091278076,-0.0008978088735602796,-0.004982990678399801,-0.00014494650531560183,0.00506530050188303,25.137701586878393,9.1200170093216,3.9814181447727606
203,24.206247329711914,9.125,7.865087032318115,-0.0008663870394229889,-0.004986940883100033,-0.0002869302988983691,0.0050697666592895985,24.20538094267249,9.1200130591169,7.864800102019217
204,22.677858352661133,9.125,11.554945945739746,-0.0008142796577885747,-0.004993097390979528,-0.0004228688485454768,0.005076700821518898,22.677044073003344,9.12000690260902,11.5545230768912
205,20.591064453125,9.125,14.960284233093262,-0.0007419406319968402,-0.005000865552574396,-0.0005494396900758147,0.005085372366011143,20.590322512493003,9.119999134447426,14.959734793403186
206,17.997249603271484,9.125,17.997249603271484,-0.0006502900505438447,-0.0050096274353563786,-0.0006630859570577741,0.005094990599900484,17.99659931322094,9.119990372564644,17.996586517314427
207,14.960284233093262,9.125,20.591064453125,-0.0005410549929365516,-0.005019036121666431,-0.0007603062549605966,0.0051050493493676186,14.959743178100325,9.119980963878334,20.59030414687004
208,11.554945945739746,9.125,22.677858352661133,-0.0004169241583440453,-0.005029229912906885,-0.0008381668012589216,0.005115613341331482,11.554529021581402,9.119970770087093,22.677020185859874
209,7.865087032318115,9.125,24.206247329711914,-0.00028133613523095846,-0.005040797404944897,-0.0008947498281486332,0.005127315409481525,7.864805696182884,9.119959202595055,24.205352579883765
210,3.981563091278076,9.125,25.138599395751953,-0.0001379910099785775,-0.0050544124096632,-0.0009291848982684314,0.005140963941812515,3.9814251002680976,9.119945587590337,25.137670210853685
211,0.0,9.125,25.451955795288086,9.540487553749699e-06,-0.005070450250059366,-0.0009413867956027389,0.005157108418643475,9.540487553749699e-06,9.11992954974994,25.451014408492483
212,-3.981563091278076,9.125,25.138599395751953,0.0001579528470756486,-0.005088473670184612,-0.0009314050548709929,0.005175425671041012,-3.9814051384310005,9.119911526329815,25.137667990697082
213,-7.865087032318115,9.125,24.206247329711914,0.0003039650619029999,-0.00510721281170845,-0.0008992795483209193,0.005194682162255049,-7.864783067256212,9.119892787188292,24.205348050163593
214,-11.554945945739746,9.125,22.677858352661133,0.00044445841922424734,-0.0051255859434604645,-0.0008460321696475148,0.0052139186300337315,-11.554501487320522,9.11987441405654,22.677012320491485
215,-14.960284233093262,9.125,20.591064453125,0.0005759901832789183,-0.0051412200555205345,-0.0007719725836068392,0.005230664275586605,-14.959708242909983,9.11985877994448,20.590292480541393
216,-17.997249603271484,9.125,17.997249603271484,0.0006936223362572491,-0.005150620359927416,-0.0006767508457414806,0.005240991711616516,-17.996555980935227,9.119849379640073,17.996572852425743
217,-20.591064453125,9.125,14.960284233093262,0.0007939049392007291,-0.005154354032129049,-0.0005633658147417009,0.0052454774267971516,-20.5902705481858,9.119845645967871,14.95972086727852
218,-22.677858352661133,9.125,11.554945945739746,0.0008753883303143084,-0.0051554725505411625,-0.0004358741280157119,0.005247398279607296,-22.67698296433082,9.119844527449459,11.55451007161173
219,-24.206247329711914,9.125,7.865087032318115,0.0009353282512165606,-0.005154953338205814,-0.00029706195346079767,0.005247535649687052,-24.205312001460698,9.119845046661794,7.864789970364654
220,-25.138599395751953,9.125,3.981563091278076,0.0009716300992295146,-0.005153715144842863,-0.0001504507235949859,0.005246663466095924,-25.137627765652724,9.119846284855157,3.981412640554481
221,-25.451955795288086,9.125,0.0,0.0009838009718805552,-0.00515315867960453,6.959201808330865e-19,0.005246228072792292,-25.450971994316205,9.119846841320395,6.959201808330865e-19
222,-25.138599395751953,9.125,-3.981563091278076,0.0009716300992295146,-0.005153715144842863,0.0001504507235949859,0.005246663466095924,-25.137627765652724,9.119846284855157,-3.981412640554481
223,-24.206247329711914,9.125,-7.865087032318115,0.0009353282512165606,-0.005154953338205814,0.00029706195346079767,0.005247535649687052,-24.205312001460698,9.119845046661794,-7.864789970364654
224,-22.677858352661133,9.125,-11.554945945739746,0.0008753883303143084,-0.0051554725505411625,0.0004358741280157119,0.005247398279607296,-22.67698296433082,9.119844527449459,-11.55451007161173
225,-20.591064453125,9.125,-14.960284233093262,0.0007939049392007291,-0.005154354032129049,0.0005633658147417009,0.0052454774267971516,-20.5902705481858,9.119845645967871,-14.95972086727852
226,-17.997249603271484,9.125,-17.997249603271484,0.0006936223362572491,-0.005150620359927416,0.0006767508457414806,0.005240991711616516,-17.996555980935227,9.119849379640073,-17.996572852425743
227,-14.960284233093262,9.125,-20.591064453125,0.0005759901832789183,-0.0051412200555205345,0.0007719725836068392,0.005230664275586605,-14.959708242909983,9.11985877994448,-20.590292480541393
228,-11.554945945739746,9.125,-22.677858352661133,0.00044445841922424734,-0.0051255859434604645,0.0008460321696475148,0.0052139186300337315,-11.554501487320522,9.11987441405654,-22.677012320491485
229,-7.865087032318115,9.125,-24.206247329711914,0.0003039650619029999,-0.00510721281170845,0.0008992795483209193,0.005194682162255049,-7.864783067256212,9.119892787188292,-24.205348050163593
230,-3.981563091278076,9.125,-25.138599395751953,0.0001579528470756486,-0.005088473670184612,0.0009314050548709929,0.005175425671041012,-3.9814051384310005,9.119911526329815,-25.137667990697082
231,-0.0,9.125,-25.451955795288086,9.540487553749699e-06,-0.005070450250059366,0.0009413867956027389,0.005157108418643475,9.540487553749699e-06,9.11992954974994,-25.451014408492483
232,3.981563091278076,9.125,-25.138599395751953,-0.0001379910099785775,-0.0050544124096632,0.0009291848982684314,0.005140963941812515,3.9814251002680976,9.119945587590337,-25.137670210853685
233,7.865087032318115,9.125,-24.206247329711914,-0.00028133613523095846,-0.005040797404944897,0.0008947498281486332,0.005127315409481525,7.864805696182884,9.119959202595055,-24.205352579883765
234,11.554945945739746,9.125,-22.677858352661133,-0.0004169241583440453,-0.005029229912906885,0.0008381668012589216,0.005115613341331482,11.554529021581402,9.119970770087093,-22.677020185859874
235,14.960284233093262,9.125,-20.591064453125,-0.0005410549929365516,-0.005019036121666431,0.0007603062549605966,0.0051050493493676186,14.959743178100325,9.119980963878334,-20.59030414687004
236,17.997249603271484,9.125,-17.997249603271484,-0.0006502900505438447,-0.0050096274353563786,0.0006630859570577741,0.005094990599900484,17.99659931322094,9.119990372564644,-17.996586517314427
237,20.591064453125,9.125,-14.960284233093262,-0.0007419406319968402,-0.005000865552574396,0.0005494396900758147,0.005085372366011143,20.590322512493003,9.119999134447426,-14.959734793403186
238,22.677858352661133,9.125,-11.554945945739746,-0.0008142796577885747,-0.004993097390979528,0.0004228688485454768,0.005076700821518898,22.677044073003344,9.12000690260902,-11.5545230768912
239,24.206247329711914,9.125,-7.865087032318115,-0.0008663870394229889,-0.004986940883100033,0.0002869302988983691,0.0050697666592895985,24.20538094267249,9.1200130591169,-7.864800102019217
240,25.138599395751953,9.125,-3.981563091278076,-0.0008978088735602796,-0.004982990678399801,0.00014494650531560183,0.00506530050188303,25.137701586878393,9.1200170093216,-3.9814181447727606
241,23.73595428466797,10.949999809265137,0.0,-0.0008454135386273265,-0.004989943467080593,-8.766220249459347e-19,0.005061053205281496,23.73510887112934,10.945009865798056,-8.766220249459347e-19
242,23.4437255859375,10.949999809265137,3.713120937347412,-0.0008357309270650148,-0.00499130180105567,-0.0001353014085907489,0.0050625926814973354,23.442889855010435,10.945008507464081,3.7129856359388214
243,22.574234008789062,10.949999809265137,7.334813117980957,-0.0008067924063652754,-0.004995287861675024,-0.00026790419360622764,0.005067108199000359,22.573427216382697,10.945004521403462,7.334545213787351
244,21.148889541625977,10.949999809265137,10.775897979736328,-0.0007588746375404298,-0.005001598037779331,-0.0003950222453568131,0.005074240267276764,21.148130666988436,10.944998211227357,10.775502957490971
245,19.202789306640625,10.949999809265137,13.951643943786621,-0.0006923680775798857,-0.00500965490937233,-0.0005136250983923674,0.005083288997411728,19.202096938563045,10.944990154355764,13.951130318688229
246,16.78385353088379,10.949999809265137,16.78385353088379,-0.0006079329759813845,-0.005018675699830055,-0.0006203246302902699,0.005093279294669628,16.783245597907808,10.944981133565307,16.7832332062535
247,13.951643943786621,10.949999809265137,19.202789306640625,-0.0005068817408755422,-0.005027926992624998,-0.0007115348125807941,0.005103259813040495,13.951137062045746,10.944971882272512,19.202077771828044
248,10.775897979736328,10.949999809265137,21.148889541625977,-0.00039152943645603955,-0.005037061404436827,-0.0007840074831619859,0.005112724378705025,10.775506450299872,10.9449627478607,21.148105534142815
249,7.334813117980957,10.949999809265137,22.574234008789062,-0.0002651653194334358,-0.005046287085860968,-0.0008354720193892717,0.00512184901162982,7.334547952661524,10.944953522179276,22.573398536769673
250,3.713120937347412,10.949999809265137,23.4437255859375,-0.00013160302478354424,-0.005056203808635473,-0.0008649598457850516,0.0051313419826328754,3.7129893343226286,10.944943605456501,23.442860626091715
251,0.0,10.949999809265137,23.73595428466797,5.386219527281355e-06,-0.005067394580692053,-0.0008726221276447177,0.005141982808709145,5.386219527281355e-06,10.944932414684445,23.735081662540324
252,-3.713120937347412,10.949999809265137,23.4437255859375,0.000142390257678926,-0.0050798398442566395,-0.0008590139332227409,0.0051539260894060135,-3.712978547089733,10.94491996942088,23.442866572004277
253,-7.334813117980957,10.949999809265137,22.574234008789062,0.00027632128330878913,-0.005092948209494352,-0.0008249594829976559,0.005166723858565092,-7.334536796697648,10.944906861055642,22.573409049306065
254,-10.775897979736328,10.949999809265137,21.148889541625977,0.00040476195863448083,-0.0051065110601484776,-0.0007724381284788251,0.005180438980460167,-10.775493217777694,10.944893298204988,21.148117103497498
255,-13.951643943786621,10.949999809265137,19.202789306640625,0.0005254498682916164,-0.00511962128803134,-0.0007028653635643423,0.005194289144128561,-13.95111849391833,10.944880187977105,19.20208644127706
256,-16.78385353088379,10.949999809265137,16.78385353088379,0.0006350213661789894,-0.005130171310156584,-0.0006162712234072387,0.005205929279327393,-16.78321850951761,10.94486963795498,16.783237259660382
257,-19.202789306640625,10.949999809265137,13.951643943786621,0.0007308084168471396,-0.00513810757547617,-0.0005143777816556394,0.005215248558670282,-19.202058498223778,10.94486170168966,13.951129566004965
258,-21.148889541625977,10.949999809265137,10.775897979736328,0.0008105877204798162,-0.00514444662258029,-0.0003995135484728962,0.005223216954618692,-21.148078953905497,10.944855362642556,10.775498466187855
259,-22.574234008789062,10.949999809265137,7.334813117980957,0.0008704399806447327,-0.005148675292730331,-0.00027331995079293847,0.005228884052485228,-22.573363568808418,10.944851133972406,7.334539798030164
260,-23.4437255859375,10.949999809265137,3.713120937347412,0.0009072126704268157,-0.005150731187313795,-0.00013878726167604327,0.0052318568341434,-23.442818373267073,10.944849078077823,3.712982150085736
261,-23.73595428466797,10.949999809265137,0.0,0.0009196206228807569,-0.0051513309590518475,1.0151334185179392e-18,0.0052327727898955345,-23.735034664045088,10.944848478306085,1.0151334185179392e-18
262,-23.4437255859375,10.949999809265137,-3.713120937347412,0.0009072126704268157,-0.005150731187313795,0.00013878726167604327,0.0052318568341434,-23.442818373267073,10.944849078077823,-3.712982150085736
263,-22.574234008789062,10.949999809265137,-7.334813117980957,0.0008704399806447327,-0.005148675292730331,0.00027331995079293847,0.005228884052485228,-22.573363568808418,10.944851133972406,-7.334539798030164
264,-21.148889541625977,10.949999809265137,-10.775897979736328,0.0008105877204798162,-0.00514444662258029,0.0003995135484728962,0.005223216954618692,-21.148078953905497,10.944855362642556,-10.775498466187855
265,-19.202789306640625,10.949999809265137,-13.951643943786621,0.0007308084168471396,-0.00513810757547617,0.0005143777816556394,0.005215248558670282,-19.202058498223778,10.94486170168966,-13.951129566004965
266,-16.78385353088379,10.949999809265137,-16.78385353088379,0.0006350213661789894,-0.005130171310156584,0.0006162712234072387,0.005205929279327393,-16.78321850951761,10.94486963795498,-16.783237259660382
267,-13.951643943786621,10.949999809265137,-19.202789306640625,0.0005254498682916164,-0.00511962128803134,0.0007028653635643423,0.005194289144128561,-13.95111849391833,10.944880187977105,-19.20208644127706
268,-10.775897979736328,10.949999809265137,-21.148889541625977,0.00040476195863448083,-0.0051065110601484776,0.0007724381284788251,0.005180438980460167,-10.775493217777694,10.944893298204988,-21.148117103497498
269,-7.334813117980957,10.949999809265137,-22.574234008789062,0.00027632128330878913,-0.005092948209494352,0.0008249594829976559,0.005166723858565092,-7.334536796697648,10.944906861055642,-22.573409049306065
270,-3.713120937347412,10.949999809265137,-23.4437255859375,0.000142390257678926,-0.0050798398442566395,0.0008590139332227409,0.0051539260894060135,-3.712978547089733,10.94491996942088,-23.442866572004277
271,-0.0,10.949999809265137,-23.73595428466797,5.386219527281355e-06,-0.005067394580692053,0.0008726221276447177,0.005141982808709145,5.386219527281355e-06,10.944932414684445,-23.735081662540324
272,3.713120937347412,10.949999809265137,-23.4437255859375,-0.00013160302478354424,-0.005056203808635473,0.0008649598457850516,0.0051313419826328754,3.7129893343226286,10.944943605456501,-23.442860626091715
273,7.334813117980957,10.949999809265137,-22.574234008789062,-0.0002651653194334358,-0.005046287085860968,0.0008354720193892717,0.00512184901162982,7.334547952661524,10.944953522179276,-22.573398536769673
274,10.775897979736328,10.949999809265137,-21.148889541625977,-0.00039152943645603955,-0.005037061404436827,0.0007840074831619859,0.005112724378705025,10.775506450299872,10.9449627478607,-21.148105534142815
275,13.951643943786621,10.949999809265137,-19.202789306640625,-0.0005068817408755422,-0.005027926992624998,0.0007115348125807941,0.005103259813040495,13.951137062045746,10.944971882272512,-19.202077771828044
276,16.78385353088379,10.949999809265137,-16.78385353088379,-0.0006079329759813845,-0.005018675699830055,0.0006203246302902699,0.005093279294669628,16.783245597907808,10.944981133565307,-16.7832332062535
277,19.202789306640625,10.949999809265137,-13.951643943786621,-0.0006923680775798857,-0.00500965490937233,0.0005136250983923674,0.005083288997411728,19.202096938563045,10.944990154355764,-13.951130318688229
278,21.148889541625977,10.949999809265137,-10.775897979736328,-0.0007588746375404298,-0.005001598037779331,0.0003950222453568131,0.005074240267276764,21.148130666988436,10.944998211227357,-10.775502957490971
279,22.574234008789062,10.949999809265137,-7.334813117980957,-0.0008067924063652754,-0.004995287861675024,0.00026790419360622764,0.005067108199000359,22.573427216382697,10.945004521403462,-7.334545213787351
280,23.4437255859375,10.949999809265137,-3.713120937347412,-0.0008357309270650148,-0.00499130180105567,0.0001353014085907489,0.0050625926814973354,23.442889855010435,10.945008507464081,-3.7129856359388214
281,22.552061080932617,12.774999618530273,0.0,-0.0008505517616868019,-0.005037426482886076,-3.3994602860000565e-19,0.00510872807353735,22.55121052917093,12.769962192047387,-3.3994602860000565e-19
282,22.2744083404541,12.774999618530273,3.5279200077056885,-0.0008406878332607448,-0.005038651637732983,-0.00013599894009530544,0.00511011341586709,22.27356765262084,12.76996096689254,3.527784008765593
283,21.448284149169922,12.774999618530273,6.968969821929932,-0.0008112770156003535,-0.005042269825935364,-0.0002691736735869199,0.005114206578582525,21.44747287215432,12.769957348704338,6.968700648256345
284,20.09403419494629,12.774999618530273,10.238422393798828,-0.0007627762970514596,-0.005048058461397886,-0.00039668448152951896,0.005120750050991774,20.093271418649238,12.769951560068876,10.238025709317299
285,18.2450008392334,12.774999618530273,13.255768775939941,-0.0006957696750760078,-0.005055530928075314,-0.0005155359976924956,0.0051291584968566895,18.244305069558322,12.769944087602198,13.255253239942249
286,15.94671630859375,12.774999618530273,15.94671630859375,-0.0006109955138526857,-0.005063918419182301,-0.0006223666714504361,0.005138474982231855,15.946105313079897,12.769935700111091,15.9460939419223
287,13.255768775939941,12.774999618530273,18.2450008392334,-0.0005096910754218698,-0.005072345025837421,-0.0007134411716833711,0.0051475693471729755,13.25525908486452,12.769927273504436,18.244287398061715
288,10.238422393798828,12.774999618530273,20.09403419494629,-0.0003940712194889784,-0.005080164410173893,-0.000785092415753752,0.005155553575605154,10.23802832257934,12.7699194541201,20.093249102530535
289,6.968969821929932,12.774999618530273,21.448284149169922,-0.00026751417317427695,-0.0050872499123215675,-0.0008345118840225041,0.005162178538739681,6.968702307756757,12.769912368617952,21.4474496372859
290,3.5279200077056885,12.774999618530273,22.2744083404541,-0.00013420675531961024,-0.0050940075889229774,-0.0008604039321653545,0.005167902912944555,3.527785800950369,12.76990561094135,22.273547936521936
291,0.0,12.774999618530273,22.552061080932617,1.5624087836840772e-06,-0.005101092625409365,-0.0008631084347143769,0.005173596553504467,1.5624087836840772e-06,12.769898525904864,22.551197972497903
292,-3.5279200077056885,12.774999618530273,22.2744083404541,0.00013603211846202612,-0.005108901299536228,-0.0008439940284006298,0.005179932806640863,-3.5277839755872265,12.769890717230737,22.2735643464257
293,-6.968969821929932,12.774999618530273,21.448284149169922,0.0002661698672454804,-0.005117463879287243,-0.0008050180622376502,0.005187228322029114,-6.968703652062686,12.769882154650986,21.447479131107684
294,-10.238422393798828,12.774999618530273,20.09403419494629,0.00039002925041131675,-0.005127121228724718,-0.000749208324123174,0.00519623002037406,-10.238032364548417,12.769872497301549,20.093284986622166
295,-13.255768775939941,12.774999618530273,18.2450008392334,0.000506569049321115,-0.005137867294251919,-0.0006790292100049555,0.0052072424441576,-13.25526220689062,12.769861751236022,18.244321810023393
296,-15.94671630859375,12.774999618530273,15.94671630859375,0.0006140661425888538,-0.005148674361407757,-0.0005950641352683306,0.005219197832047939,-15.946102242451161,12.769850944168866,15.946121244458482
297,-18.2450008392334,12.774999618530273,13.255768775939941,0.0007104341057129204,-0.005159100517630577,-0.0004980244557373226,0.005231545306742191,-18.244290405127686,12.769840518012643,13.255270751484204
298,-20.09403419494629,12.774999618530273,10.238422393798828,0.0007927892729640007,-0.005168795585632324,-0.00038843145011924207,0.0052436478435993195,-20.093241405673325,12.769830822944641,10.238033962348709
299,-21.448284149169922,12.774999618530273,6.968969821929932,0.0008561344002373517,-0.005176377948373556,-0.0002668538654688746,0.005253481213003397,-21.447428014769685,12.7698232405819,6.968702968064463
300,-22.2744083404541,12.774999618530273,3.5279200077056885,0.0008959376136772335,-0.005180990789085627,-0.00013594327901955694,0.00525964330881834,-22.273512402840424,12.769818627741188,3.527784064426669
301,-22.552061080932617,12.774999618530273,0.0,0.0009095462155528367,-0.0051825447008013725,7.46087857803815e-19,0.005261753220111132,-22.551151534717064,12.769817073829472,7.46087857803815e-19
302,-22.2744083404541,12.774999618530273,-3.5279200077056885,0.0008959376136772335,-0.005180990789085627,0.00013594327901955694,0.00525964330881834,-22.273512402840424,12.769818627741188,-3.527784064426669
303,-21.448284149169922,12.774999618530273,-6.968969821929932,0.0008561344002373517,-0.005176377948373556,0.0002668538654688746,0.005253481213003397,-21.447428014769685,12.7698232405819,-6.968702968064463
304,-20.09403419494629,12.774999618530273,-10.238422393798828,0.0007927892729640007,-0.005168795585632324,0.00038843145011924207,0.0052436478435993195,-20.093241405673325,12.769830822944641,-10.238033962348709
305,-18.2450008392334,12.774999618530273,-13.255768775939941,0.0007104341057129204,-0.005159100517630577,0.0004980244557373226,0.005231545306742191,-18.244290405127686,12.769840518012643,-13.255270751484204
306,-15.94671630859375,12.774999618530273,-15.94671630859375,0.0006140661425888538,-0.005148674361407757,0.0005950641352683306,0.005219197832047939,-15.946102242451161,12.769850944168866,-15.946121244458482
307,-13.255768775939941,12.774999618530273,-18.2450008392334,0.000506569049321115,-0.005137867294251919,0.0006790292100049555,0.0052072424441576,-13.25526220689062,12.769861751236022,-18.244321810023393
308,-10.238422393798828,12.774999618530273,-20.09403419494629,0.00039002925041131675,-0.005127121228724718,0.000749208324123174,0.00519623002037406,-10.238032364548417,12.769872497301549,-20.093284986622166
309,-6.968969821929932,12.774999618530273,-21.448284149169922,0.0002661698672454804,-0.005117463879287243,0.0008050180622376502,0.005187228322029114,-6.968703652062686,12.769882154650986,-21.447479131107684
310,-3.5279200077056885,12.774999618530273,-22.2744083404541,0.00013603211846202612,-0.005108901299536228,0.0008439940284006298,0.005179932806640863,-3.5277839755872265,12.769890717230737,-22.2735643464257
311,-0.0,12.774999618530273,-22.552061080932617,1.5624087836840772e-06,-0.005101092625409365,0.0008631084347143769,0.005173596553504467,1.5624087836840772e-06,12.769898525904864,-22.551197972497903
312,3.5279200077056885,12.774999618530273,-22.2744083404541,-0.00013420675531961024,-0.0050940075889229774,0.0008604039321653545,0.005167902912944555,3.527785800950369,12.76990561094135,-22.273547936521936
313,6.968969821929932,12.774999618530273,-21.448284149169922,-0.00026751417317427695,-0.0050872499123215675,0.0008345118840225041,0.005162178538739681,6.968702307756757,12.769912368617952,-21.4474496372859
314,10.238422393798828,12.774999618530273,-20.09403419494629,-0.0003940712194889784,-0.005080164410173893,0.000785092415753752,0.005155553575605154,10.23802832257934,12.7699194541201,-20.093249102530535
315,13.255768775939941,12.774999618530273,-18.2450008392334,-0.0005096910754218698,-0.005072345025837421,0.0007134411716833711,0.0051475693471729755,13.25525908486452,12.769927273504436,-18.244287398061715
316,15.94671630859375,12.774999618530273,-15.94671630859375,-0.0006109955138526857,-0.005063918419182301,0.0006223666714504361,0.005138474982231855,15.946105313079897,12.769935700111091,-15.9460939419223
317,18.2450008392334,12.774999618530273,-13.255768775939941,-0.0006957696750760078,-0.005055530928075314,0.0005155359976924956,0.0051291584968566895,18.244305069558322,12.769944087602198,-13.255253239942249
318,20.09403419494629,12.774999618530273,-10.238422393798828,-0.0007627762970514596,-0.005048058461397886,0.00039668448152951896,0.005120750050991774,20.093271418649238,12.769951560068876,-10.238025709317299
319,21.448284149169922,12.774999618530273,-6.968969821929932,-0.0008112770156003535,-0.005042269825935364,0.0002691736735869199,0.005114206578582525,21.44747287215432,12.769957348704338,-6.968700648256345
320,22.2744083404541,12.774999618530273,-3.5279200077056885,-0.0008406878332607448,-0.005038651637732983,0.00013599894009530544,0.00511011341586709,22.27356765262084,12.76996096689254,-3.527784008765593
321,21.3681697845459,14.600000381469727,0.0,-0.0008023988921195269,-0.005044045392423868,-9.709645716717188e-20,0.00510746892541647,21.36736738565378,14.594956336077303,-9.709645716717188e-20
322,21.105091094970703,14.600000381469727,3.3427178859710693,-0.000792965292930603,-0.005045123863965273,-0.00012844731099903584,0.005108675453811884,21.104298129677773,14.594955257605761,3.3425894386600703
323,20.322336196899414,14.600000381469727,6.6031270027160645,-0.00076487404294312,-0.005048316437751055,-0.00025412358809262514,0.005112250801175833,20.32157132285647,14.594952065031976,6.602872879127972
324,19.0391788482666,14.600000381469727,9.700945854187012,-0.0007186850416474044,-0.005053456407040358,-0.00037427738425321877,0.005118008702993393,19.038460163224954,14.594946925062686,9.700571576802758
325,17.287212371826172,14.600000381469727,12.559894561767578,-0.0006551529513671994,-0.005060161929577589,-0.0004860814369749278,0.005125498864799738,17.286557218874805,14.594940219540149,12.559408480330603
326,15.109577178955078,14.600000381469727,15.109577178955078,-0.0005751605494879186,-0.0050677708350121975,-0.0005864235572516918,0.005133907310664654,15.10900201840559,14.594932610634714,15.108990755397826
327,12.559894561767578,14.600000381469727,17.287212371826172,-0.00047992891632020473,-0.005075422115623951,-0.0006717857904732227,0.005142133682966232,12.559414632851258,14.594924959354103,17.2865405860357
328,9.700945854187012,14.600000381469727,19.0391788482666,-0.00037145690293982625,-0.005082304123789072,-0.0007385119679383934,0.005149096716195345,9.700574397284072,14.594918077345937,19.038440336298663
329,6.6031270027160645,14.600000381469727,20.322336196899414,-0.0002528441254980862,-0.005087964236736298,-0.0007835141150280833,0.005154144484549761,6.602874158590566,14.59491241723299,20.321552682784386
330,3.3427178859710693,14.600000381469727,21.105091094970703,-0.0001281518052564934,-0.0050924839451909065,-0.0008051187614910305,0.005157328210771084,3.342589734165813,14.594907897524536,21.104285976209212
331,0.0,14.600000381469727,21.3681697845459,-1.768006882230111e-06,-0.005096426699310541,-0.0008036043145693839,0.005159393884241581,-1.768006882230111e-06,14.594903954770416,21.36736618023133
332,-3.3427178859710693,14.600000381469727,21.105091094970703,0.00012243245146237314,-0.005100532900542021,-0.0007809526287019253,0.005161425564438105,-3.342595453519607,14.594899848569185,21.104310142342
333,-6.6031270027160645,14.600000381469727,20.322336196899414,0.00024166813818737864,-0.005105477292090654,-0.000740150804631412,0.005164506379514933,-6.602885334577877,14.594894904177636,20.321596046094783
334,-9.700945854187012,14.600000381469727,19.0391788482666,0.00035464609391056,-0.0051120673306286335,-0.0006849539349786937,0.005169929005205631,-9.700591208093101,14.594888314139098,19.038493894331623
335,-12.559894561767578,14.600000381469727,17.287212371826172,0.0004611398617271334,-0.005120840389281511,-0.0006183548248372972,0.005178611725568771,-12.559433421905851,14.594879541080445,17.286594017001335
336,-15.109577178955078,14.600000381469727,15.109577178955078,0.0005605209735222161,-0.005131450481712818,-0.0005411807796917856,0.00519026443362236,-15.109016657981556,14.594868930988014,15.109035998175386
337,-17.287212371826172,14.600000381469727,12.559894561767578,0.0006514257402159274,-0.00514327734708786,-0.00045342097291722894,0.005204156972467899,-17.286560946085956,14.594857104122639,12.559441140794661
338,-19.0391788482666,14.600000381469727,9.700945854187012,0.0007308516651391983,-0.005155213642865419,-0.0003546014486346394,0.005218822974711657,-19.038447996601462,14.594845167826861,9.700591252738377
339,-20.322336196899414,14.600000381469727,6.6031270027160645,0.0007934077875688672,-0.005165355745702982,-0.0002444600104354322,0.005231649614870548,-20.321542789111845,14.594835025724024,6.602882542705629
340,-21.105091094970703,14.600000381469727,3.3427178859710693,0.0008336117607541382,-0.005172098521143198,-0.0001248951448360458,0.005240335129201412,-21.10425748320995,14.594828282948583,3.3425929908262333
341,-21.3681697845459,14.600000381469727,0.0,0.0008475373615510762,-0.005174476653337479,7.882244382072663e-19,0.005243427120149136,-21.367322247184347,14.594825904816389,7.882244382072663e-19
342,-21.105091094970703,14.600000381469727,-3.3427178859710693,0.0008336117607541382,-0.005172098521143198,0.0001248951448360458,0.005240335129201412,-21.10425748320995,14.594828282948583,-3.3425929908262333
343,-20.322336196899414,14.600000381469727,-6.6031270027160645,0.0007934077875688672,-0.005165355745702982,0.0002444600104354322,0.005231649614870548,-20.321542789111845,14.594835025724024,-6.602882542705629
344,-19.0391788482666,14.600000381469727,-9.700945854187012,0.0007308516651391983,-0.005155213642865419,0.0003546014486346394,0.005218822974711657,-19.038447996601462,14.594845167826861,-9.700591252738377
345,-17.287212371826172,14.600000381469727,-12.559894561767578,0.0006514257402159274,-0.00514327734708786,0.00045342097291722894,0.005204156972467899,-17.286560946085956,14.594857104122639,-12.559441140794661
346,-15.109577178955078,14.600000381469727,-15.109577178955078,0.0005605209735222161,-0.005131450481712818,0.0005411807796917856,0.00519026443362236,-15.109016657981556,14.594868930988014,-15.109035998175386
347,-12.559894561767578,14.600000381469727,-17.287212371826172,0.0004611398617271334,-0.005120840389281511,0.0006183548248372972,0.005178611725568771,-12.559433421905851,14.594879541080445,-17.286594017001335
348,-9.700945854187012,14.600000381469727,-19.0391788482666,0.00035464609391056,-0.0051120673306286335,0.0006849539349786937,0.005169929005205631,-9.700591208093101,14.594888314139098,-19.038493894331623
349,-6.6031270027160645,14.600000381469727,-20.322336196899414,0.00024166813818737864,-0.005105477292090654,0.000740150804631412,0.005164506379514933,-6.602885334577877,14.594894904177636,-20.321596046094783
350,-3.3427178859710693,14.600000381469727,-21.105091094970703,0.00012243245146237314,-0.005100532900542021,0.0007809526287019253,0.005161425564438105,-3.342595453519607,14.594899848569185,-21.104310142342
351,-0.0,14.600000381469727,-21.3681697845459,-1.768006882230111e-06,-0.005096426699310541,0.0008036043145693839,0.005159393884241581,-1.768006882230111e-06,14.594903954770416,-21.36736618023133
352,3.3427178859710693,14.600000381469727,-21.105091094970703,-0.0001281518052564934,-0.0050924839451909065,0.0008051187614910305,0.005157328210771084,3.342589734165813,14.594907897524536,-21.104285976209212
353,6.6031270027160645,14.600000381469727,-20.322336196899414,-0.0002528441254980862,-0.005087964236736298,0.0007835141150280833,0.005154144484549761,6.602874158590566,14.59491241723299,-20.321552682784386
354,9.700945854187012,14.600000381469727,-19.0391788482666,-0.00037145690293982625,-0.005082304123789072,0.0007385119679383934,0.005149096716195345,9.700574397284072,14.594918077345937,-19.038440336298663
355,12.559894561767578,14.600000381469727,-17.287212371826172,-0.00047992891632020473,-0.005075422115623951,0.0006717857904732227,0.005142133682966232,12.559414632851258,14.594924959354103,-17.2865405860357
356,15.109577178955078,14.600000381469727,-15.109577178955078,-0.0005751605494879186,-0.0050677708350121975,0.0005864235572516918,0.005133907310664654,15.10900201840559,14.594932610634714,-15.108990755397826
357,17.287212371826172,14.600000381469727,-12.559894561767578,-0.0006551529513671994,-0.005060161929577589,0.0004860814369749278,0.005125498864799738,17.286557218874805,14.594940219540149,-12.559408480330603
358,19.0391788482666,14.600000381469727,-9.700945854187012,-0.0007186850416474044,-0.005053456407040358,0.00037427738425321877,0.005118008702993393,19.038460163224954,14.594946925062686,-9.700571576802758
359,20.322336196899414,14.600000381469727,-6.6031270027160645,-0.00076487404294312,-0.005048316437751055,0.00025412358809262514,0.005112250801175833,20.32157132285647,14.594952065031976,-6.602872879127972
360,21.105091094970703,14.600000381469727,-3.3427178859710693,-0.000792965292930603,-0.005045123863965273,0.00012844731099903584,0.005108675453811884,21.104298129677773,14.594955257605761,-3.3425894386600703
361,20.78870391845703,16.424999237060547,0.0,-0.0005233752308413386,-0.004983453080058098,8.025946075494496e-20,0.005010860972106457,20.78818054322619,16.42001578398049,8.025946075494496e-20
362,20.532758712768555,16.424999237060547,3.2520699501037598,-0.0005174222169443965,-0.004984503611922264,-8.455908391624689e-05,0.005012000910937786,20.53224129055161,16.420014733448625,3.2519853910198435
363,19.771230697631836,16.424999237060547,6.4240617752075195,-0.0004996813950128853,-0.004987614694982767,-0.0001674768718658015,0.005015379283577204,19.770731016236823,16.420011622365564,6.423894298335654
364,18.522869110107422,16.424999237060547,9.437873840332031,-0.0004704803286585957,-0.004992638248950243,-0.00024713220773264766,0.0050208428874611855,18.522398629778763,16.420006598811597,9.437626708124299
365,16.81841468811035,16.424999237060547,12.219292640686035,-0.00043024925980716944,-0.004999252036213875,-0.0003218744823243469,0.005028045270591974,16.817984438850544,16.419999985024333,12.21897076620371
366,14.699832916259766,16.424999237060547,14.699832916259766,-0.00037940003676339984,-0.00500689959153533,-0.0003898319264408201,0.005036363378167152,14.699453516223002,16.41999233746901,14.699443084333325
367,12.219292640686035,16.424999237060547,16.81841468811035,-0.00031838048016652465,-0.005014813970774412,-0.0004486546677071601,0.005044900346547365,12.218974260205869,16.419984423089772,16.817966033442644
368,9.437873840332031,16.424999237060547,18.522869110107422,-0.00024800971732474864,-0.005022178404033184,-0.0004954424221068621,0.005052647553384304,9.437625830614707,16.419977058656514,18.522373667685315
369,6.4240617752075195,16.424999237060547,19.771230697631836,-0.00016995634359773248,-0.0050283800810575485,-0.0005271391128189862,0.005058791022747755,6.423891818863922,16.41997085697949,19.770703558519017
370,3.2520699501037598,16.424999237060547,20.532758712768555,-8.700555918039754e-05,-0.005033246241509914,-0.0005414782790467143,0.00506303645670414,3.2519829445445794,16.419965990819037,20.532217234489508
371,0.0,16.424999237060547,20.78870391845703,-2.703938207559986e-06,-0.005037151742726564,-0.0005381325026974082,0.00506581598892808,-2.703938207559986e-06,16.41996208531782,20.788165785954334
372,-3.2520699501037598,16.424999237060547,20.532758712768555,7.966432895045727e-05,-0.005040866322815418,-0.000519059132784605,0.00506814569234848,-3.2519902857748093,16.41995837073773,20.53223965363577
373,-6.4240617752075195,16.424999237060547,19.771230697631836,0.00015806558076292276,-0.005045297555625439,-0.0004877936153206974,0.005071287043392658,-6.423903709626757,16.41995393950492,19.770742904016515
374,-9.437873840332031,16.424999237060547,18.522869110107422,0.0002322234067833051,-0.005051427986472845,-0.0004484999808482826,0.0050766137428581715,-9.437641616925248,16.419947809074074,18.522420610126574
375,-12.219292640686035,16.424999237060547,16.81841468811035,0.00030292346491478384,-0.0050598084926605225,-0.0004037003091070801,0.005084918811917305,-12.21898971722112,16.419939428567886,16.818010987801244
376,-14.699832916259766,16.424999237060547,14.699832916259766,0.00037026737118139863,-0.0050701601430773735,-0.00035341191687621176,0.005095931701362133,-14.699462648888584,16.41992907691747,14.69947950434289
377,-16.81841468811035,16.424999237060547,12.219292640686035,0.0004339059814810753,-0.005081935785710812,-0.00029730837559327483,0.005109083838760853,-16.81798078212887,16.419917301274836,12.218995332310442
378,-18.522869110107422,16.424999237060547,9.437873840332031,0.0004922766820527613,-0.005094105843454599,-0.00023437803611159325,0.005123200360685587,-18.52237683342537,16.419905131217092,9.43763946229592
379,-19.771230697631836,16.424999237060547,6.4240617752075195,0.0005406109266914427,-0.005104781594127417,-0.00016309917555190623,0.005135918501764536,-19.770690086705144,16.41989445546642,6.423898676031968
380,-20.532758712768555,16.424999237060547,3.2520699501037598,0.0005728859105147421,-0.005112078972160816,-8.394956967094913e-05,0.005144764203578234,-20.53218582685804,16.419887158088386,3.251986000534089
381,-20.78870391845703,16.424999237060547,0.0,0.000584302528295666,-0.005114684347063303,6.9763404736350805e-19,0.005147951655089855,-20.788119615928736,16.419884552713484,6.9763404736350805e-19
382,-20.532758712768555,16.424999237060547,-3.2520699501037598,0.0005728859105147421,-0.005112078972160816,8.394956967094913e-05,0.005144764203578234,-20.53218582685804,16.419887158088386,-3.251986000534089
383,-19.771230697631836,16.424999237060547,-6.4240617752075195,0.0005406109266914427,-0.005104781594127417,0.00016309917555190623,0.005135918501764536,-19.770690086705144,16.41989445546642,-6.423898676031968
384,-18.522869110107422,16.424999237060547,-9.437873840332031,0.0004922766820527613,-0.005094105843454599,0.00023437803611159325,0.005123200360685587,-18.52237683342537,16.419905131217092,-9.43763946229592
385,-16.81841468811035,16.424999237060547,-12.219292640686035,0.0004339059814810753,-0.005081935785710812,0.00029730837559327483,0.005109083838760853,-16.81798078212887,16.419917301274836,-12.218995332310442
386,-14.699832916259766,16.424999237060547,-14.699832916259766,0.00037026737118139863,-0.0050701601430773735,0.00035341191687621176,0.005095931701362133,-14.699462648888584,16.41992907691747,-14.69947950434289
387,-12.219292640686035,16.424999237060547,-16.81841468811035,0.00030292346491478384,-0.0050598084926605225,0.0004037003091070801,0.005084918811917305,-12.21898971722112,16.419939428567886,-16.818010987801244
388,-9.437873840332031,16.424999237060547,-18.522869110107422,0.0002322234067833051,-0.005051427986472845,0.0004484999808482826,0.0050766137428581715,-9.437641616925248,16.419947809074074,-18.522420610126574
389,-6.4240617752075195,16.424999237060547,-19.771230697631836,0.00015806558076292276,-0.005045297555625439,0.0004877936153206974,0.005071287043392658,-6.423903709626757,16.41995393950492,-19.770742904016515
390,-3.2520699501037598,16.424999237060547,-20.532758712768555,7.966432895045727e-05,-0.005040866322815418,0.000519059132784605,0.00506814569234848,-3.2519902857748093,16.41995837073773,-20.53223965363577
391,-0.0,16.424999237060547,-20.78870391845703,-2.703938207559986e-06,-0.005037151742726564,0.0005381325026974082,0.00506581598892808,-2.703938207559986e-06,16.41996208531782,-20.788165785954334
392,3.2520699501037598,16.424999237060547,-20.532758712768555,-8.700555918039754e-05,-0.005033246241509914,0.0005414782790467143,0.00506303645670414,3.2519829445445794,16.419965990819037,-20.532217234489508
393,6.4240617752075195,16.424999237060547,-19.771230697631836,-0.00016995634359773248,-0.0050283800810575485,0.0005271391128189862,0.005058791022747755,6.423891818863922,16.41997085697949,-19.770703558519017
394,9.437873840332031,16.424999237060547,-18.522869110107422,-0.00024800971732474864,-0.005022178404033184,0.0004954424221068621,0.005052647553384304,9.437625830614707,16.419977058656514,-18.522373667685315
395,12.219292640686035,16.424999237060547,-16.81841468811035,-0.00031838048016652465,-0.005014813970774412,0.0004486546677071601,0.005044900346547365,12.218974260205869,16.419984423089772,-16.817966033442644
396,14.699832916259766,16.424999237060547,-14.699832916259766,-0.00037940003676339984,-0.00500689959153533,0.0003898319264408201,0.005036363378167152,14.699453516223002,16.41999233746901,-14.699443084333325
397,16.81841468811035,16.424999237060547,-12.219292640686035,-0.00043024925980716944,-0.004999252036213875,0.0003218744823243469,0.005028045270591974,16.817984438850544,16.419999985024333,-12.21897076620371
398,18.522869110107422,16.424999237060547,-9.437873840332031,-0.0004704803286585957,-0.004992638248950243,0.00024713220773264766,0.0050208428874611855,18.522398629778763,16.420006598811597,-9.437626708124299
399,19.771230697631836,16.424999237060547,-6.4240617752075195,-0.0004996813950128853,-0.004987614694982767,0.0001674768718658015,0.005015379283577204,19.770731016236823,16.420011622365564,-6.423894298335654
400,20.532758712768555,16.424999237060547,-3.2520699501037598,-0.0005174222169443965,-0.004984503611922264,8.455908391624689e-05,0.005012000910937786,20.53224129055161,16.420014733448625,-3.2519853910198435
401,20.20923614501953,18.25,0.0,-0.00027832272462546825,-0.004935032222419977,6.716837759605857e-20,0.004942874424159527,20.208957822294906,18.24506496777758,6.716837759605857e-20
402,19.960426330566406,18.25,3.161421060562134,-0.0002754158922471106,-0.004936052020639181,-4.604907735483721e-05,0.004943944048136473,19.96015091467416,18.24506394797936,3.161375011484779
403,19.220125198364258,18.25,6.244997978210449,-0.00026671431260183454,-0.0049390667118132114,-9.14486518013291e-05,0.004947108216583729,19.219858484051656,18.245060933288187,6.244906529558648
404,18.006561279296875,18.25,9.174800872802734,-0.0002522961003705859,-0.004943931009620428,-0.00013554551696870476,0.004952219780534506,18.006308983196504,18.24505606899038,9.174665327285766
405,16.3496150970459,18.25,11.878690719604492,-0.000232283171499148,-0.004950367845594883,-0.00017766848031897098,0.004958998411893845,16.3493828138744,18.245049632154405,11.878513051124173
406,14.290087699890137,18.25,14.290087699890137,-0.0002067376917693764,-0.004957924131304026,-0.00021701054356526583,0.0049669756554067135,14.289880962198367,18.245042075868696,14.289870689346571
407,11.878690719604492,18.25,16.3496150970459,-0.00017557581304572523,-0.004965965636074543,-0.0002523349830880761,0.004975471179932356,11.878515143791446,18.245034034363925,16.34936276206281
408,9.174800872802734,18.25,18.006561279296875,-0.00013870929251424968,-0.0049737440422177315,-0.0002816356427501887,0.004983642138540745,9.17466216351022,18.245026255957782,18.006279643654125
409,6.244997978210449,18.25,19.220125198364258,-9.653496817918494e-05,-0.0049805669113993645,-0.00030216044979169965,0.004990657791495323,6.24490144324227,18.2450194330886,19.219823037914466
410,3.161421060562134,18.25,19.960426330566406,-5.0503553211456165e-05,-0.004986053332686424,-0.00031126217800192535,0.004996014758944511,3.1613705570089223,18.245013946667314,19.960115068388404
411,0.0,18.25,20.20923614501953,-3.1114773264562245e-06,-0.0049903662875294685,-0.00030793301993981004,0.004999858792871237,-3.1114773264562245e-06,18.24500963371247,20.20892821199959
412,-3.161421060562134,18.25,19.960426330566406,4.306909249862656e-05,-0.004994213115423918,-0.0002937094832304865,0.005003027617931366,-3.161377991469635,18.245005786884576,19.960132621083176
413,-6.244997978210449,18.25,19.220125198364258,8.664698543725535e-05,-0.004998624324798584,-0.00027219014009460807,0.005006779450923204,-6.244911331225012,18.2450013756752,19.219853008224163
414,-9.174800872802734,18.25,18.006561279296875,0.00012808253814000636,-0.00500466488301754,-0.0002475597138982266,0.005012420937418938,-9.174672790264594,18.244995335116982,18.006313719582977
415,-11.878690719604492,18.25,16.3496150970459,0.0001685415190877393,-0.005012814886868,-0.00022171201999299228,0.005020545329898596,-11.878522178085404,18.244987185113132,16.349393385025905
416,-14.290087699890137,18.25,14.290087699890137,0.00020825043611694127,-0.005022762808948755,-0.0001939438661793247,0.0050308178178966045,-14.28987944945402,18.24497723719105,14.289893756023957
417,-16.3496150970459,18.25,11.878690719604492,0.00024760590167716146,-0.005034058354794979,-0.00016390386736020446,0.005042808596044779,-16.34936749114422,18.244965941645205,11.878526815737132
418,-18.006561279296875,18.25,9.174800872802734,0.00028633943293243647,-0.005045870319008827,-0.00013076122559141368,0.005055679474025965,-18.006274939863943,18.24495412968099,9.174670111577143
419,-19.220125198364258,18.25,6.244997978210449,0.0003206043620593846,-0.005056448746472597,-9.238834900315851e-05,0.005067444872111082,-19.2198045940022,18.244943551253527,6.244905589861446
420,-19.960426330566406,18.25,3.161421060562134,0.00034453696571290493,-0.005063805729150772,-4.812467159354128e-05,0.005075741093605757,-19.960081793600693,18.24493619427085,3.1613729358905402
421,-20.20923614501953,18.25,0.0,0.0003531952970661223,-0.005066452082246542,8.818414312135677e-19,0.00507874833419919,-20.208882949722465,18.244933547917753,8.818414312135677e-19
422,-19.960426330566406,18.25,-3.161421060562134,0.00034453696571290493,-0.005063805729150772,4.812467159354128e-05,0.005075741093605757,-19.960081793600693,18.24493619427085,-3.1613729358905402
423,-19.220125198364258,18.25,-6.244997978210449,0.0003206043620593846,-0.005056448746472597,9.238834900315851e-05,0.005067444872111082,-19.2198045940022,18.244943551253527,-6.244905589861446
424,-18.006561279296875,18.25,-9.174800872802734,0.00028633943293243647,-0.005045870319008827,0.00013076122559141368,0.005055679474025965,-18.006274939863943,18.24495412968099,-9.174670111577143
425,-16.3496150970459,18.25,-11.878690719604492,0.00024760590167716146,-0.005034058354794979,0.00016390386736020446,0.005042808596044779,-16.34936749114422,18.244965941645205,-11.878526815737132
426,-14.290087699890137,18.25,-14.290087699890137,0.00020825043611694127,-0.005022762808948755,0.0001939438661793247,0.0050308178178966045,-14.28987944945402,18.24497723719105,-14.289893756023957
427,-11.878690719604492,18.25,-16.3496150970459,0.0001685415190877393,-0.005012814886868,0.00022171201999299228,0.005020545329898596,-11.878522178085404,18.244987185113132,-16.349393385025905
428,-9.174800872802734,18.25,-18.006561279296875,0.00012808253814000636,-0.00500466488301754,0.0002475597138982266,0.005012420937418938,-9.174672790264594,18.244995335116982,-18.006313719582977
429,-6.244997978210449,18.25,-19.220125198364258,8.664698543725535e-05,-0.004998624324798584,0.00027219014009460807,0.005006779450923204,-6.244911331225012,18.2450013756752,-19.219853008224163
430,-3.161421060562134,18.25,-19.960426330566406,4.306909249862656e-05,-0.004994213115423918,0.0002937094832304865,0.005003027617931366,-3.161377991469635,18.245005786884576,-19.960132621083176
431,-0.0,18.25,-20.20923614501953,-3.1114773264562245e-06,-0.0049903662875294685,0.00030793301993981004,0.004999858792871237,-3.1114773264562245e-06,18.24500963371247,-20.20892821199959
432,3.161421060562134,18.25,-19.960426330566406,-5.0503553211456165e-05,-0.004986053332686424,0.00031126217800192535,0.004996014758944511,3.1613705570089223,18.245013946667314,-19.960115068388404
433,6.244997978210449,18.25,-19.220125198364258,-9.653496817918494e-05,-0.0049805669113993645,0.00030216044979169965,0.004990657791495323,6.24490144324227,18.2450194330886,-19.219823037914466
434,9.174800872802734,18.25,-18.006561279296875,-0.00013870929251424968,-0.0049737440422177315,0.0002816356427501887,0.004983642138540745,9.17466216351022,18.245026255957782,-18.006279643654125
435,11.878690719604492,18.25,-16.3496150970459,-0.00017557581304572523,-0.004965965636074543,0.0002523349830880761,0.004975471179932356,11.878515143791446,18.245034034363925,-16.34936276206281
436,14.290087699890137,18.25,-14.290087699890137,-0.0002067376917693764,-0.004957924131304026,0.00021701054356526583,0.0049669756554067135,14.289880962198367,18.245042075868696,-14.289870689346571
437,16.3496150970459,18.25,-11.878690719604492,-0.000232283171499148,-0.004950367845594883,0.00017766848031897098,0.004958998411893845,16.3493828138744,18.245049632154405,-11.878513051124173
438,18.006561279296875,18.25,-9.174800872802734,-0.0002522961003705859,-0.004943931009620428,0.00013554551696870476,0.004952219780534506,18.006308983196504,18.24505606899038,-9.174665327285766
439,19.220125198364258,18.25,-6.244997978210449,-0.00026671431260183454,-0.0049390667118132114,9.14486518013291e-05,0.004947108216583729,19.219858484051656,18.245060933288187,-6.244906529558648
440,19.960426330566406,18.25,-3.161421060562134,-0.0002754158922471106,-0.004936052020639181,4.604907735483721e-05,0.004943944048136473,19.96015091467416,18.24506394797936,-3.161375011484779
441,19.97308921813965,20.075000762939453,0.0,-0.000296030513709411,-0.004963313229382038,5.5933270596830375e-19,0.004972133785486221,19.97279318762594,20.07003744971007,5.5933270596830375e-19
442,19.72718620300293,20.075000762939453,3.1244800090789795,-0.000292758020805195,-0.004964278545230627,-4.8489189794054255e-05,0.004973140079528093,19.726893444982124,20.070036484394222,3.1244315198891854
443,18.99553680419922,20.075000762939453,6.172023773193359,-0.0002829567820299417,-0.004967127926647663,-9.613492147764191e-05,0.004976109601557255,18.99525384741719,20.070033635012805,6.171927638271882
444,17.796152114868164,20.075000762939453,9.06759262084961,-0.00026673279353417456,-0.004971712827682495,-0.0001420824119122699,0.004980889614671469,17.79588538207463,20.07002905011177,9.067450538437697
445,16.1585693359375,20.075000762939453,11.739887237548828,-0.0002443514240439981,-0.004977764096111059,-0.00018550668028183281,0.004987209569662809,16.158324984513456,20.070022998843342,11.739701730868546
446,14.123106956481934,20.075000762939453,14.123106956481934,-0.00021617469610646367,-0.004984860308468342,-0.00022561292280443013,0.00499464338645339,14.122890781785827,20.070015902630985,14.12288134355913
447,11.739887237548828,20.075000762939453,16.1585693359375,-0.00018247491971123964,-0.004992420319467783,-0.0002614201221149415,0.005002588964998722,11.739704762629117,20.070008342619985,16.158307915815385
448,9.06759262084961,20.075000762939453,17.796152114868164,-0.00014338344044517726,-0.0049997493624687195,-0.0002913211064878851,0.005010281223803759,9.067449237409164,20.070001013576984,17.795860793761676
449,6.172023773193359,20.075000762939453,18.99553680419922,-9.925965423462912e-05,-0.005006181076169014,-0.00031282962299883366,0.005016927607357502,6.171924513539125,20.069994581863284,18.99522397457622
450,3.1244800090789795,20.075000762939453,19.72718620300293,-5.136317849974148e-05,-0.005011321976780891,-0.0003231692826375365,0.00502199400216341,3.1244286459004798,20.069989440962672,19.726863033720292
451,0.0,20.075000762939453,19.97308921813965,-2.1017640392528847e-06,-0.0050152940675616264,-0.0003208625712431967,0.005025547929108143,-2.1017640392528847e-06,20.06998546887189,19.972768355568405
452,-3.1244800090789795,20.075000762939453,19.72718620300293,4.5817840145900846e-05,-0.005018786992877722,-0.00030705792596563697,0.0050283800810575485,-3.1244341912388336,20.069981975946575,19.726879145076964
453,-6.172023773193359,20.075000762939453,18.99553680419922,9.079500887310132e-05,-0.0050228433683514595,-0.0002852905308827758,0.005031757988035679,-6.171932978184486,20.0699779195711,18.995251513668336
454,-9.06759262084961,20.075000762939453,17.796152114868164,0.0001331185339950025,-0.005028493236750364,-0.00025980902137234807,0.005036959890276194,-9.067459502315614,20.069972269702703,17.79589230584679
455,-11.739887237548828,20.075000762939453,16.1585693359375,0.000173951979377307,-0.005036249756813049,-0.00023264045012183487,0.005044620018452406,-11.73971328556945,20.06996451318264,16.158336695487378
456,-14.123106956481934,20.075000762939453,14.123106956481934,0.00021360487153287977,-0.005045943893492222,-0.0002032898919424042,0.005054553039371967,-14.1228933516104,20.06995481904596,14.122903666589991
457,-16.1585693359375,20.075000762939453,11.739887237548828,0.0002524055016692728,-0.005057073663920164,-0.0001714852114673704,0.005066271871328354,-16.15831693043583,20.069943689275533,11.73971575233736
458,-17.796152114868164,20.075000762939453,9.06759262084961,0.00029011323931626976,-0.005068676546216011,-0.00013638712698593736,0.005078804213553667,-17.795862001628848,20.069932086393237,9.067456233722623
459,-18.99553680419922,20.075000762939453,6.172023773193359,0.0003232044691685587,-0.005079061258584261,-9.603302896721289e-05,0.005090240389108658,-18.99521359973005,20.06992170168087,6.171927740164392
460,-19.72718620300293,20.075000762939453,3.1244800090789795,0.00034622583189047873,-0.0050863055512309074,-4.9904258048627526e-05,0.005098320078104734,-19.72683997717104,20.069914457388222,3.124430104820931
461,-19.97308921813965,20.075000762939453,0.0,0.0003545389336068183,-0.005088913720101118,6.591467293286994e-19,0.0051012490876019,-19.97273467920604,20.069911849219352,6.591467293286994e-19
462,-19.72718620300293,20.075000762939453,-3.1244800090789795,0.00034622583189047873,-0.0050863055512309074,4.9904258048627526e-05,0.005098320078104734,-19.72683997717104,20.069914457388222,-3.124430104820931
463,-18.99553680419922,20.075000762939453,-6.172023773193359,0.0003232044691685587,-0.005079061258584261,9.603302896721289e-05,0.005090240389108658,-18.99521359973005,20.06992170168087,-6.171927740164392
464,-17.796152114868164,20.075000762939453,-9.06759262084961,0.00029011323931626976,-0.005068676546216011,0.00013638712698593736,0.005078804213553667,-17.795862001628848,20.069932086393237,-9.067456233722623
465,-16.1585693359375,20.075000762939453,-11.739887237548828,0.0002524055016692728,-0.005057073663920164,0.0001714852114673704,0.005066271871328354,-16.15831693043583,20.069943689275533,-11.73971575233736
466,-14.123106956481934,20.075000762939453,-14.123106956481934,0.00021360487153287977,-0.005045943893492222,0.0002032898919424042,0.005054553039371967,-14.1228933516104,20.06995481904596,-14.122903666589991
467,-11.739887237548828,20.075000762939453,-16.1585693359375,0.000173951979377307,-0.005036249756813049,0.00023264045012183487,0.005044620018452406,-11.73971328556945,20.06996451318264,-16.158336695487378
468,-9.06759262084961,20.075000762939453,-17.796152114868164,0.0001331185339950025,-0.005028493236750364,0.00025980902137234807,0.005036959890276194,-9.067459502315614,20.069972269702703,-17.79589230584679
469,-6.172023773193359,20.075000762939453,-18.99553680419922,9.079500887310132e-05,-0.0050228433683514595,0.0002852905308827758,0.005031757988035679,-6.171932978184486,20.0699779195711,-18.995251513668336
470,-3.1244800090789795,20.075000762939453,-19.72718620300293,4.5817840145900846e-05,-0.005018786992877722,0.00030705792596563697,0.0050283800810575485,-3.1244341912388336,20.069981975946575,-19.726879145076964
471,-0.0,20.075000762939453,-19.97308921813965,-2.1017640392528847e-06,-0.0050152940675616264,0.0003208625712431967,0.005025547929108143,-2.1017640392528847e-06,20.06998546887189,-19.972768355568405
472,3.1244800090789795,20.075000762939453,-19.72718620300293,-5.136317849974148e-05,-0.005011321976780891,0.0003231692826375365,0.00502199400216341,3.1244286459004798,20.069989440962672,-19.726863033720292
473,6.172023773193359,20.075000762939453,-18.99553680419922,-9.925965423462912e-05,-0.005006181076169014,0.00031282962299883366,0.005016927607357502,6.171924513539125,20.069994581863284,-18.99522397457622
474,9.06759262084961,20.075000762939453,-17.796152114868164,-0.00014338344044517726,-0.0049997493624687195,0.0002913211064878851,0.005010281223803759,9.067449237409164,20.070001013576984,-17.795860793761676
475,11.739887237548828,20.075000762939453,-16.1585693359375,-0.00018247491971123964,-0.004992420319467783,0.0002614201221149415,0.005002588964998722,11.739704762629117,20.070008342619985,-16.158307915815385
476,14.123106956481934,20.075000762939453,-14.123106956481934,-0.00021617469610646367,-0.004984860308468342,0.00022561292280443013,0.00499464338645339,14.122890781785827,20.070015902630985,-14.12288134355913
477,16.1585693359375,20.075000762939453,-11.739887237548828,-0.0002443514240439981,-0.004977764096111059,0.00018550668028183281,0.004987209569662809,16.158324984513456,20.070022998843342,-11.739701730868546
478,17.796152114868164,20.075000762939453,-9.06759262084961,-0.00026673279353417456,-0.004971712827682495,0.0001420824119122699,0.004980889614671469,17.79588538207463,20.07002905011177,-9.067450538437697
479,18.99553680419922,20.075000762939453,-6.172023773193359,-0.0002829567820299417,-0.004967127926647663,9.613492147764191e-05,0.004976109601557255,18.99525384741719,20.070033635012805,-6.171927638271882
480,19.72718620300293,20.075000762939453,-3.1244800090789795,-0.000292758020805195,-0.004964278545230627,4.8489189794054255e-05,0.004973140079528093,19.726893444982124,20.070036484394222,-3.1244315198891854
481,19.736942291259766,21.899999618530273,0.0,-0.0003417840925976634,-0.004991934634745121,2.3672045389949994e-19,0.005003621336072683,19.736600507167168,21.89500768389553,2.3672045389949994e-19
482,19.493946075439453,21.899999618530273,3.087538003921509,-0.0003377726243343204,-0.004992845468223095,-5.535580203286372e-05,0.005004563834518194,19.49360830281512,21.89500677306205,3.087482648119476
483,18.770946502685547,21.899999618530273,6.099050045013428,-0.00032577200909145176,-0.0049955290742218494,-0.00010954195022350177,0.005007338244467974,18.770620730676455,21.89500408945605,6.098940503063204
484,17.585744857788086,21.899999618530273,8.960384368896484,-0.00030595058342441916,-0.004999835975468159,-0.0001613807398825884,0.005011787172406912,17.58543890720466,21.894999782554805,8.960222988156602
485,15.967520713806152,21.899999618530273,11.601082801818848,-0.0002787224657367915,-0.005005498416721821,-0.00020975095685571432,0.005017638672143221,15.967241991340416,21.89499412011355,11.600873050861992
486,13.956125259399414,21.899999618530273,13.956125259399414,-0.00024473792291246355,-0.005012113135308027,-0.00025366019690409303,0.005024491809308529,13.955880521476502,21.894987505394965,13.95587159920251
487,11.601082801818848,21.899999618530273,15.967520713806152,-0.00020470739400479943,-0.005019136238843203,-0.0002921399427577853,0.005031796637922525,11.600878094424843,21.89498048229143,15.967228573863395
488,8.960384368896484,21.899999618530273,17.585744857788086,-0.00015925591287668794,-0.005025933962315321,-0.00032389455009251833,0.00503887701779604,8.960225112983608,21.894973684567958,17.585420963237993
489,6.099050045013428,21.899999618530273,18.770946502685547,-0.00010909495904343203,-0.005031910724937916,-0.0003469803195912391,0.00504503957927227,6.098940950054384,21.894967707805336,18.770599522365956
490,3.087538003921509,21.899999618530273,19.493946075439453,-5.550595233216882e-05,-0.0050367205403745174,-0.00035907363053411245,0.005049808882176876,3.0874824979691766,21.8949628979899,19.49358700180892
491,0.0,21.899999618530273,19.736942291259766,-6.41568021819694e-07,-0.005040477029979229,-0.0003586525854188949,0.00505322078242898,-6.41568021819694e-07,21.894959141500294,19.736583638674347
492,-3.087538003921509,21.899999618530273,19.493946075439453,5.299350232235156e-05,-0.005043815355747938,-0.00034624620457179844,0.0050559635274112225,-3.0874850104191864,21.894955803174525,19.49359982923488
493,-6.099050045013428,21.899999618530273,18.770946502685547,0.00010364912304794416,-0.005047702696174383,-0.00032453786116093397,0.005059186834841967,-6.09894639589038,21.8949519158341,18.770621964824386
494,-8.960384368896484,21.899999618530273,17.585744857788086,0.00015113539120648056,-0.005053069908171892,-0.0002972491492982954,0.005064060911536217,-8.960233233505278,21.8949465486221,17.585447608638788
495,-11.601082801818848,21.899999618530273,15.967520713806152,0.0001961443485924974,-0.005060464609414339,-0.00026665348559617996,0.005071280058473349,-11.600886657470255,21.89493915392086,15.967254060320556
496,-13.956125259399414,21.899999618530273,13.956125259399414,0.00023885535483714193,-0.005069884937256575,-0.00023277605941984802,0.005080843344330788,-13.955886404044577,21.894929733593017,13.955892483339994
497,-15.967520713806152,21.899999618530273,11.601082801818848,0.0002793355961330235,-0.005080761853605509,-0.00019540895300451666,0.005092185456305742,-15.96724137821002,21.894918856676668,11.600887392865843
498,-17.585744857788086,21.899999618530273,8.960384368896484,0.0003168504626955837,-0.0050919619388878345,-0.0001539466466056183,0.00510413246229291,-17.58542800732539,21.894907656591386,8.960230422249879
499,-18.770946502685547,21.899999618530273,6.099050045013428,0.0003482025640551001,-0.005101881455630064,-0.00010717374971136451,0.005114872939884663,-18.77059830012149,21.894897737074643,6.098942871263716
500,-19.493946075439453,21.899999618530273,3.087538003921509,0.00036922708386555314,-0.005108768120408058,-5.518968100659549e-05,0.005122390575706959,-19.493576848355588,21.894890850409865,3.087482814240502
501,-19.736942291259766,21.899999618530273,0.0,0.00037667431752197444,-0.005111239850521088,6.337197659854904e-19,0.00512510072439909,-19.736565616942244,21.894888378679752,6.337197659854904e-19
502,-19.493946075439453,21.899999618530273,-3.087538003921509,0.00036922708386555314,-0.005108768120408058,5.518968100659549e-05,0.005122390575706959,-19.493576848355588,21.894890850409865,-3.087482814240502
503,-18.770946502685547,21.899999618530273,-6.099050045013428,0.0003482025640551001,-0.005101881455630064,0.00010717374971136451,0.005114872939884663,-18.77059830012149,21.894897737074643,-6.098942871263716
504,-17.585744857788086,21.899999618530273,-8.960384368896484,0.0003168504626955837,-0.0050919619388878345,0.0001539466466056183,0.00510413246229291,-17.58542800732539,21.894907656591386,-8.960230422249879
505,-15.967520713806152,21.899999618530273,-11.601082801818848,0.0002793355961330235,-0.005080761853605509,0.00019540895300451666,0.005092185456305742,-15.96724137821002,21.894918856676668,-11.600887392865843
506,-13.956125259399414,21.899999618530273,-13.956125259399414,0.00023885535483714193,-0.005069884937256575,0.00023277605941984802,0.005080843344330788,-13.955886404044577,21.894929733593017,-13.955892483339994
507,-11.601082801818848,21.899999618530273,-15.967520713806152,0.0001961443485924974,-0.005060464609414339,0.00026665348559617996,0.005071280058473349,-11.600886657470255,21.89493915392086,-15.967254060320556
508,-8.960384368896484,21.899999618530273,-17.585744857788086,0.00015113539120648056,-0.005053069908171892,0.0002972491492982954,0.005064060911536217,-8.960233233505278,21.8949465486221,-17.585447608638788
509,-6.099050045013428,21.899999618530273,-18.770946502685547,0.00010364912304794416,-0.005047702696174383,0.00032453786116093397,0.005059186834841967,-6.09894639589038,21.8949519158341,-18.770621964824386
510,-3.087538003921509,21.899999618530273,-19.493946075439453,5.299350232235156e-05,-0.005043815355747938,0.00034624620457179844,0.0050559635274112225,-3.0874850104191864,21.894955803174525,-19.49359982923488
511,-0.0,21.899999618530273,-19.736942291259766,-6.41568021819694e-07,-0.005040477029979229,0.0003586525854188949,0.00505322078242898,-6.41568021819694e-07,21.894959141500294,-19.736583638674347
512,3.087538003921509,21.899999618530273,-19.493946075439453,-5.550595233216882e-05,-0.0050367205403745174,0.00035907363053411245,0.005049808882176876,3.0874824979691766,21.8949628979899,-19.49358700180892
513,6.099050045013428,21.899999618530273,-18.770946502685547,-0.00010909495904343203,-0.005031910724937916,0.0003469803195912391,0.00504503957927227,6.098940950054384,21.894967707805336,-18.770599522365956
514,8.960384368896484,21.899999618530273,-17.585744857788086,-0.00015925591287668794,-0.005025933962315321,0.00032389455009251833,0.00503887701779604,8.960225112983608,21.894973684567958,-17.585420963237993
515,11.601082801818848,21.899999618530273,-15.967520713806152,-0.00020470739400479943,-0.005019136238843203,0.0002921399427577853,0.005031796637922525,11.600878094424843,21.89498048229143,-15.967228573863395
516,13.956125259399414,21.899999618530273,-13.956125259399414,-0.00024473792291246355,-0.005012113135308027,0.00025366019690409303,0.005024491809308529,13.955880521476502,21.894987505394965,-13.95587159920251
517,15.967520713806152,21.899999618530273,-11.601082801818848,-0.0002787224657367915,-0.005005498416721821,0.00020975095685571432,0.005017638672143221,15.967241991340416,21.89499412011355,-11.600873050861992
518,17.585744857788086,21.899999618530273,-8.960384368896484,-0.00030595058342441916,-0.004999835975468159,0.0001613807398825884,0.005011787172406912,17.58543890720466,21.894999782554805,-8.960222988156602
519,18.770946502685547,21.899999618530273,-6.099050045013428,-0.00032577200909145176,-0.0049955290742218494,0.00010954195022350177,0.005007338244467974,18.770620730676455,21.89500408945605,-6.098940503063204
520,19.493946075439453,21.899999618530273,-3.087538003921509,-0.0003377726243343204,-0.004992845468223095,5.535580203286372e-05,0.005004563834518194,19.49360830281512,21.89500677306205,-3.087482648119476
521,19.96538734436035,23.725000381469727,0.0,-0.00023536068329121917,-0.0050258636474609375,7.047444402102256e-19,0.0050313714891672134,19.96515198367706,23.719974517822266,7.047444402102256e-19
522,19.719579696655273,23.725000381469727,3.1232750415802,-0.0002326403628103435,-0.005026758648455143,-3.8368627429008484e-05,0.0050322855822741985,19.719347056292463,23.71997362282127,3.123236672952771
523,18.98821258544922,23.725000381469727,6.169643878936768,-0.00022446636285167187,-0.005029397085309029,-7.597992953378707e-05,0.005034977104514837,18.987988119086367,23.719970984384418,6.169567899007234
524,17.789289474487305,23.725000381469727,9.064096450805664,-0.0002108608023263514,-0.005033636465668678,-0.00011203128087799996,0.005039296578615904,17.78907861368498,23.719966745004058,9.063984419524786
525,16.1523380279541,23.725000381469727,11.735360145568848,-0.0001920073409564793,-0.005039222072809935,-0.00014570716302841902,0.005044983234256506,16.152146020613145,23.719961159396917,11.73521443840582
526,14.117661476135254,23.725000381469727,14.117661476135254,-0.00016831608081702143,-0.005045759025961161,-0.00017627455235924572,0.005051641725003719,14.117493160054437,23.719954622443765,14.117485201582895
527,11.735360145568848,23.725000381469727,16.1523380279541,-0.000140345175168477,-0.005052684340626001,-0.00020312050764914602,0.0050587123259902,11.73521980039368,23.7199476971291,16.152134907446452
528,9.064096450805664,23.725000381469727,17.789289474487305,-0.00010866127558983862,-0.005059293936938047,-0.00022562600497622043,0.005065488163381815,9.063987789530074,23.71994108753279,17.78906384848233
529,6.169643878936768,23.725000381469727,18.98821258544922,-7.380039460258558e-05,-0.005064873956143856,-0.00024290870351251215,0.005071232561022043,6.169570078542165,23.719935507513583,18.987969676745706
530,3.1232750415802,23.725000381469727,19.719579696655273,-3.64564657502342e-05,-0.005068973638117313,-0.00025367364287376404,0.00507544819265604,3.12323858511445,23.71993140783161,19.7193260230124
531,0.0,23.725000381469727,19.96538734436035,2.214208507211879e-06,-0.005071710329502821,-0.00025656245998106897,0.005078196059912443,2.214208507211879e-06,23.719928671140224,19.96513078190037
532,-3.1232750415802,23.725000381469727,19.719579696655273,4.058717604493722e-05,-0.005073898006230593,-0.00025091919815167785,0.005080260802060366,-3.1232344544041553,23.719926483463496,19.71932877745712
533,-6.169643878936768,23.725000381469727,18.98821258544922,7.71006743889302e-05,-0.005076778121292591,-0.00023758375027682632,0.0050829192623496056,-6.169566778262379,23.719923603348434,18.987975001698942
534,-9.064096450805664,23.725000381469727,17.789289474487305,0.00011119108239654452,-0.005081439856439829,-0.0002190572995459661,0.005087374709546566,-9.063985259723268,23.719918941613287,17.78907041718776
535,-11.735360145568848,23.725000381469727,16.1523380279541,0.00014322588685899973,-0.005088523030281067,-0.0001973042672034353,0.005094360560178757,-11.735216919681989,23.719911858439445,16.152140723686898
536,-14.117661476135254,23.725000381469727,14.117661476135254,0.00017310009570792317,-0.005098163150250912,-0.0001724447647575289,0.005104014649987221,-14.117488376039546,23.719902218319476,14.117489031370496
537,-16.1523380279541,23.725000381469727,11.735360145568848,0.00020057495567016304,-0.005109731107950211,-0.00014454397023655474,0.00511570880189538,-16.15213745299843,23.719890650361776,11.735215601598611
538,-17.789289474487305,23.725000381469727,9.064096450805664,0.0002249836252303794,-0.005121905356645584,-0.00011334566806908697,0.005128096789121628,-17.789064490862074,23.71987847611308,9.063983105137595
539,-18.98821258544922,23.725000381469727,6.169643878936768,0.00024404922442045063,-0.00513292895630002,-7.82660354161635e-05,0.00513932341709733,-18.9879685362248,23.719867452513427,6.169565612901351
540,-19.719579696655273,23.725000381469727,3.1232750415802,0.0002558533160481602,-0.00514073483645916,-3.9971306250663474e-05,0.005147253163158894,-19.719323843339225,23.719859646633267,3.1232350702739495
541,-19.96538734436035,23.725000381469727,0.0,0.00025982665829360485,-0.005143563263118267,5.480080346957817e-19,0.005150121636688709,-19.965127517702058,23.71985681820661,5.480080346957817e-19
542,-19.719579696655273,23.725000381469727,-3.1232750415802,0.0002558533160481602,-0.00514073483645916,3.9971306250663474e-05,0.005147253163158894,-19.719323843339225,23.719859646633267,-3.1232350702739495
543,-18.98821258544922,23.725000381469727,-6.169643878936768,0.00024404922442045063,-0.00513292895630002,7.82660354161635e-05,0.00513932341709733,-18.9879685362248,23.719867452513427,-6.169565612901351
544,-17.789289474487305,23.725000381469727,-9.064096450805664,0.0002249836252303794,-0.005121905356645584,0.00011334566806908697,0.005128096789121628,-17.789064490862074,23.71987847611308,-9.063983105137595
545,-16.1523380279541,23.725000381469727,-11.735360145568848,0.00020057495567016304,-0.005109731107950211,0.00014454397023655474,0.00511570880189538,-16.15213745299843,23.719890650361776,-11.735215601598611
546,-14.117661476135254,23.725000381469727,-14.117661476135254,0.00017310009570792317,-0.005098163150250912,0.0001724447647575289,0.005104014649987221,-14.117488376039546,23.719902218319476,-14.117489031370496
547,-11.735360145568848,23.725000381469727,-16.1523380279541,0.00014322588685899973,-0.005088523030281067,0.0001973042672034353,0.005094360560178757,-11.735216919681989,23.719911858439445,-16.152140723686898
548,-9.064096450805664,23.725000381469727,-17.789289474487305,0.00011119108239654452,-0.005081439856439829,0.0002190572995459661,0.005087374709546566,-9.063985259723268,23.719918941613287,-17.78907041718776
549,-6.169643878936768,23.725000381469727,-18.98821258544922,7.71006743889302e-05,-0.005076778121292591,0.00023758375027682632,0.0050829192623496056,-6.169566778262379,23.719923603348434,-18.987975001698942
550,-3.1232750415802,23.725000381469727,-19.719579696655273,4.058717604493722e-05,-0.005073898006230593,0.00025091919815167785,0.005080260802060366,-3.1232344544041553,23.719926483463496,-19.71932877745712
551,-0.0,23.725000381469727,-19.96538734436035,2.214208507211879e-06,-0.005071710329502821,0.00025656245998106897,0.005078196059912443,2.214208507211879e-06,23.719928671140224,-19.96513078190037
552,3.1232750415802,23.725000381469727,-19.719579696655273,-3.64564657502342e-05,-0.005068973638117313,0.00025367364287376404,0.00507544819265604,3.12323858511445,23.71993140783161,-19.7193260230124
553,6.169643878936768,23.725000381469727,-18.98821258544922,-7.380039460258558e-05,-0.005064873956143856,0.00024290870351251215,0.005071232561022043,6.169570078542165,23.719935507513583,-18.987969676745706
554,9.064096450805664,23.725000381469727,-17.789289474487305,-0.00010866127558983862,-0.005059293936938047,0.00022562600497622043,0.005065488163381815,9.063987789530074,23.71994108753279,-17.78906384848233
555,11.735360145568848,23.725000381469727,-16.1523380279541,-0.000140345175168477,-0.005052684340626001,0.00020312050764914602,0.0050587123259902,11.73521980039368,23.7199476971291,-16.152134907446452
556,14.117661476135254,23.725000381469727,-14.117661476135254,-0.00016831608081702143,-0.005045759025961161,0.00017627455235924572,0.005051641725003719,14.117493160054437,23.719954622443765,-14.117485201582895
557,16.1523380279541,23.725000381469727,-11.735360145568848,-0.0001920073409564793,-0.005039222072809935,0.00014570716302841902,0.005044983234256506,16.152146020613145,23.719961159396917,-11.73521443840582
558,17.789289474487305,23.725000381469727,-9.064096450805664,-0.0002108608023263514,-0.005033636465668678,0.00011203128087799996,0.005039296578615904,17.78907861368498,23.719966745004058,-9.063984419524786
559,18.98821258544922,23.725000381469727,-6.169643878936768,-0.00022446636285167187,-0.005029397085309029,7.597992953378707e-05,0.005034977104514837,18.987988119086367,23.719970984384418,-6.169567899007234
560,19.719579696655273,23.725000381469727,-3.1232750415802,-0.0002326403628103435,-0.005026758648455143,3.8368627429008484e-05,0.0050322855822741985,19.719347056292463,23.71997362282127,-3.123236672952771
561,20.193832397460938,25.549999237060547,0.0,-0.00011700821050908417,-0.005060879047960043,4.2861583530838645e-19,0.005062231328338385,20.19371538925043,25.544938358012587,4.2861583530838645e-19
562,19.945213317871094,25.549999237060547,3.159010887145996,-0.00011573601659620181,-0.005061756819486618,-1.953636274265591e-05,0.005063117481768131,19.945097581854498,25.54493748024106,3.1589913507832534
563,19.205476760864258,25.549999237060547,6.240238189697266,-0.00011186645861016586,-0.005064345430582762,-3.878294592141174e-05,0.00506572937592864,19.205364894405648,25.544934891629964,6.240199406751344
564,17.99283790588379,25.549999237060547,9.167807579040527,-0.00010527821723371744,-0.005068507511168718,-5.7381032092962414e-05,0.00506992544978857,17.992732627666555,25.544930729549378,9.167750198008434
565,16.337154388427734,25.549999237060547,11.869636535644531,-9.58863747655414e-05,-0.00507400231435895,-7.488724077120423e-05,0.0050754607655107975,16.33705850205297,25.544925234746188,11.86956164840376
566,14.279195785522461,25.549999237060547,14.279195785522461,-8.376558253075927e-05,-0.005080448929220438,-9.084827615879476e-05,0.005081951152533293,14.27911201993993,25.544918788131326,14.279104937246302
567,11.869636535644531,25.549999237060547,16.337154388427734,-6.922095053596422e-05,-0.005087277851998806,-0.00010496064351173118,0.005088831298053265,11.869567314693995,25.544911959208548,16.337049427784223
568,9.167807579040527,25.549999237060547,17.99283790588379,-5.272529961075634e-05,-0.005093722138553858,-0.00011722634371835738,0.005095343571156263,9.167754853740917,25.544905514921993,17.99272067954007
569,6.240238189697266,25.549999237060547,19.205476760864258,-3.46950619132258e-05,-0.005098944995552301,-0.00012787288869731128,0.005100666079670191,6.240203494635352,25.544900292064995,19.20534888797556
570,3.159010887145996,25.549999237060547,19.945213317871094,-1.529730980109889e-05,-0.005102360621094704,-0.00013688349281437695,0.005104219540953636,3.158995589836195,25.544896876439452,19.94507643437828
571,0.0,25.549999237060547,20.193832397460938,5.3948251661495306e-06,-0.005104039795696735,-0.00014343191287480295,0.00510605750605464,5.3948251661495306e-06,25.54489519726485,20.193688965548063
572,-3.159010887145996,25.549999237060547,19.945213317871094,2.6911173335975036e-05,-0.005104945972561836,-0.0001458180049667135,0.005107099190354347,-3.15898397597266,25.544894291087985,19.945067499866127
573,-6.240238189697266,25.549999237060547,19.205476760864258,4.814301792066544e-05,-0.005106623284518719,-0.00014266915968619287,0.005108842626214027,-6.240190046679345,25.544892613776028,19.20533409170457
574,-9.167807579040527,25.549999237060547,17.99283790588379,6.815240340074524e-05,-0.005110395140945911,-0.00013460313493851572,0.00511262146756053,-9.167739426637127,25.5448888419196,17.99270330274885
575,-11.869636535644531,25.549999237060547,16.337154388427734,8.653933764435351e-05,-0.005117074120789766,-0.0001228745823027566,0.00511928042396903,-11.869549996306887,25.544882162939757,16.33703151384543
576,-14.279195785522461,25.549999237060547,14.279195785522461,0.00010253332584397867,-0.005126965697854757,-0.00010768875654321164,0.005129121709614992,-14.279093252196617,25.544872271362692,14.279088096765918
577,-16.337154388427734,25.549999237060547,11.869636535644531,0.00011554879893083125,-0.005139362066984177,-8.955183875514194e-05,0.005141440778970718,-16.337038839628804,25.544859874993563,11.869546983805776
578,-17.99283790588379,25.549999237060547,9.167807579040527,0.00012505572522059083,-0.005152693949639797,-6.903779285494238e-05,0.005154673475772142,-17.99271285015857,25.544846543110907,9.167738541247672
579,-19.205476760864258,25.549999237060547,6.240238189697266,0.00013010854308959097,-0.005164977628737688,-4.653881842386909e-05,0.0051668258383870125,-19.205346652321168,25.54483425943181,6.240191650878842
580,-19.945213317871094,25.549999237060547,3.159010887145996,0.0001315283152507618,-0.005173793062567711,-2.3228791178553365e-05,0.005175516940653324,-19.945081789555843,25.54482544399798,3.1589876583548175
581,-20.193832397460938,25.549999237060547,0.0,0.000131632958073169,-0.005177006125450134,5.306393097836995e-19,0.005178679246455431,-20.193700764502864,25.544822230935097,5.306393097836995e-19
582,-19.945213317871094,25.549999237060547,-3.159010887145996,0.0001315283152507618,-0.005173793062567711,2.3228791178553365e-05,0.005175516940653324,-19.945081789555843,25.54482544399798,-3.1589876583548175
583,-19.205476760864258,25.549999237060547,-6.240238189697266,0.00013010854308959097,-0.005164977628737688,4.653881842386909e-05,0.0051668258383870125,-19.205346652321168,25.54483425943181,-6.240191650878842
584,-17.99283790588379,25.549999237060547,-9.167807579040527,0.00012505572522059083,-0.005152693949639797,6.903779285494238e-05,0.005154673475772142,-17.99271285015857,25.544846543110907,-9.167738541247672
585,-16.337154388427734,25.549999237060547,-11.869636535644531,0.00011554879893083125,-0.005139362066984177,8.955183875514194e-05,0.005141440778970718,-16.337038839628804,25.544859874993563,-11.869546983805776
586,-14.279195785522461,25.549999237060547,-14.279195785522461,0.00010253332584397867,-0.005126965697854757,0.00010768875654321164,0.005129121709614992,-14.279093252196617,25.544872271362692,-14.279088096765918
587,-11.869636535644531,25.549999237060547,-16.337154388427734,8.653933764435351e-05,-0.005117074120789766,0.0001228745823027566,0.00511928042396903,-11.869549996306887,25.544882162939757,-16.33703151384543
588,-9.167807579040527,25.549999237060547,-17.99283790588379,6.815240340074524e-05,-0.005110395140945911,0.00013460313493851572,0.00511262146756053,-9.167739426637127,25.5448888419196,-17.99270330274885
589,-6.240238189697266,25.549999237060547,-19.205476760864258,4.814301792066544e-05,-0.005106623284518719,0.00014266915968619287,0.005108842626214027,-6.240190046679345,25.544892613776028,-19.20533409170457
590,-3.159010887145996,25.549999237060547,-19.945213317871094,2.6911173335975036e-05,-0.005104945972561836,0.0001458180049667135,0.005107099190354347,-3.15898397597266,25.544894291087985,-19.945067499866127
591,-0.0,25.549999237060547,-20.193832397460938,5.3948251661495306e-06,-0.005104039795696735,0.00014343191287480295,0.00510605750605464,5.3948251661495306e-06,25.54489519726485,-20.193688965548063
592,3.159010887145996,25.549999237060547,-19.945213317871094,-1.529730980109889e-05,-0.005102360621094704,0.00013688349281437695,0.005104219540953636,3.158995589836195,25.544896876439452,-19.94507643437828
593,6.240238189697266,25.549999237060547,-19.205476760864258,-3.46950619132258e-05,-0.005098944995552301,0.00012787288869731128,0.005100666079670191,6.240203494635352,25.544900292064995,-19.20534888797556
594,9.167807579040527,25.549999237060547,-17.99283790588379,-5.272529961075634e-05,-0.005093722138553858,0.00011722634371835738,0.005095343571156263,9.167754853740917,25.544905514921993,-17.99272067954007
595,11.869636535644531,25.549999237060547,-16.337154388427734,-6.922095053596422e-05,-0.005087277851998806,0.00010496064351173118,0.005088831298053265,11.869567314693995,25.544911959208548,-16.337049427784223
596,14.279195785522461,25.549999237060547,-14.279195785522461,-8.376558253075927e-05,-0.005080448929220438,9.084827615879476e-05,0.005081951152533293,14.27911201993993,25.544918788131326,-14.279104937246302
597,16.337154388427734,25.549999237060547,-11.869636535644531,-9.58863747655414e-05,-0.00507400231435895,7.488724077120423e-05,0.0050754607655107975,16.33705850205297,25.544925234746188,-11.86956164840376
598,17.99283790588379,25.549999237060547,-9.167807579040527,-0.00010527821723371744,-0.005068507511168718,5.7381032092962414e-05,0.00506992544978857,17.992732627666555,25.544930729549378,-9.167750198008434
599,19.205476760864258,25.549999237060547,-6.240238189697266,-0.00011186645861016586,-0.005064345430582762,3.878294592141174e-05,0.00506572937592864,19.205364894405648,25.544934891629964,-6.240199406751344
600,19.945213317871094,25.549999237060547,-3.159010887145996,-0.00011573601659620181,-0.005061756819486618,1.953636274265591e-05,0.005063117481768131,19.945097581854498,25.54493748024106,-3.1589913507832534
601,20.809261322021484,27.375,0.0,-7.700396963628009e-05,-0.005095251835882664,6.098712183473975e-19,0.005095833912491798,20.809184318051848,27.369904748164117,6.098712183473975e-19
602,20.55306625366211,27.375,3.2552859783172607,-7.614561764057726e-05,-0.005096150562167168,-1.2917267667944543e-05,0.0050967358984053135,20.55299010804447,27.369903849437833,3.255273061049593
603,19.79078483581543,27.375,6.430416107177734,-7.351275417022407e-05,-0.005098799243569374,-2.5655823264969513e-05,0.005099393893033266,19.79071132306126,27.36990120075643,6.430390451354469
604,18.541187286376953,27.375,9.4472074508667,-6.894799298606813e-05,-0.005103064700961113,-3.7958354369038716e-05,0.005103671457618475,18.541118338383967,27.36989693529904,9.44716949251233
605,16.835046768188477,27.375,12.231376647949219,-6.227698759175837e-05,-0.005108723416924477,-4.9441488954471424e-05,0.005109342280775309,16.834984491200885,27.369891276583076,12.231327206460264
606,14.714369773864746,27.375,14.714369773864746,-5.348160266294144e-05,-0.005115416832268238,-5.966439130133949e-05,0.005116044078022242,14.714316292262083,27.36988458316773,14.714310109473445
607,12.231376647949219,27.375,16.835046768188477,-4.288212221581489e-05,-0.0051225521601736546,-6.839803972980008e-05,0.005123188253492117,12.231333765827003,27.369877447839826,16.834978370148747
608,9.4472074508667,27.375,18.541187286376953,-3.1122934160521254e-05,-0.005129226949065924,-7.601633842568845e-05,0.0051298849284648895,9.447176327932539,27.369870773050934,18.541111270038527
609,6.430416107177734,27.375,19.79078483581543,-1.8778964658849873e-05,-0.005134327337145805,-8.359588537132367e-05,0.005135042127221823,6.4303973282130755,27.369865672662854,19.79070123993006
610,3.2552859783172607,27.375,20.55306625366211,-5.830730970046716e-06,-0.005136922001838684,-9.227603732142597e-05,0.005137754138559103,3.2552801475862907,27.36986307799816,20.552973977624788
611,0.0,27.375,20.809261322021484,8.374260687560309e-06,-0.005136857740581036,-0.00010201636177953333,0.0051378775388002396,8.374260687560309e-06,27.36986314225942,20.809159305659705
612,-3.2552859783172607,27.375,20.55306625366211,2.4310347725986503e-05,-0.0051352703012526035,-0.00011062741396017373,0.005136519204825163,-3.2552616679695348,27.369864729698747,20.55295562624815
613,-6.430416107177734,27.375,19.79078483581543,4.119594450457953e-05,-0.0051343715749681,-0.0001147778530139476,0.005135819315910339,-6.43037491123323,27.369865628425032,19.790670057962416
614,-9.4472074508667,27.375,18.541187286376953,5.735353988711722e-05,-0.005136263091117144,-0.00011292570707155392,0.0051378244534134865,-9.447150097326812,27.369863736908883,18.54107436066988
615,-12.231376647949219,27.375,16.835046768188477,7.132822793209925e-05,-0.005142285022884607,-0.00010537818889133632,0.0051438589580357075,-12.231305319721287,27.369857714977115,16.834941389999585
616,-14.714369773864746,27.375,14.714369773864746,8.155895193340257e-05,-0.0051529863849282265,-9.254310862161219e-05,0.005154462531208992,-14.714288214912813,27.36984701361507,14.714277230756124
617,-16.835046768188477,27.375,12.231376647949219,8.690865070093423e-05,-0.005167522933334112,-7.561911479569972e-05,0.00516880676150322,-16.834959859537776,27.369832477066666,12.231301028834423
618,-18.541187286376953,27.375,9.4472074508667,8.701054321136326e-05,-0.005183843430131674,-5.621068339678459e-05,0.005184878129512072,-18.54110027583374,27.36981615656987,9.447151240183302
619,-19.79078483581543,27.375,6.430416107177734,8.24342860141769e-05,-0.0051992349326610565,-3.6098965210840106e-05,0.005200013518333435,-19.790702401529416,27.36980076506734,6.4303800082125235
620,-20.55306625366211,27.375,3.2552859783172607,7.659181574126706e-05,-0.0052103702910244465,-1.7262776964344084e-05,0.005210961680859327,-20.552989661846368,27.369789629708976,3.2552687155402964
621,-20.809261322021484,27.375,0.0,7.401197217404842e-05,-0.0052144271321594715,3.1702979106044243e-19,0.005214952398091555,-20.80918731004931,27.36978557286784,3.1702979106044243e-19
622,-20.55306625366211,27.375,-3.2552859783172607,7.659181574126706e-05,-0.0052103702910244465,1.7262776964344084e-05,0.005210961680859327,-20.552989661846368,27.369789629708976,-3.2552687155402964
623,-19.79078483581543,27.375,-6.430416107177734,8.24342860141769e-05,-0.0051992349326610565,3.6098965210840106e-05,0.005200013518333435,-19.790702401529416,27.36980076506734,-6.4303800082125235
624,-18.541187286376953,27.375,-9.4472074508667,8.701054321136326e-05,-0.005183843430131674,5.621068339678459e-05,0.005184878129512072,-18.54110027583374,27.36981615656987,-9.447151240183302
625,-16.835046768188477,27.375,-12.231376647949219,8.690865070093423e-05,-0.005167522933334112,7.561911479569972e-05,0.00516880676150322,-16.834959859537776,27.369832477066666,-12.231301028834423
626,-14.714369773864746,27.375,-14.714369773864746,8.155895193340257e-05,-0.0051529863849282265,9.254310862161219e-05,0.005154462531208992,-14.714288214912813,27.36984701361507,-14.714277230756124
627,-12.231376647949219,27.375,-16.835046768188477,7.132822793209925e-05,-0.005142285022884607,0.00010537818889133632,0.0051438589580357075,-12.231305319721287,27.369857714977115,-16.834941389999585
628,-9.4472074508667,27.375,-18.541187286376953,5.735353988711722e-05,-0.005136263091117144,0.00011292570707155392,0.0051378244534134865,-9.447150097326812,27.369863736908883,-18.54107436066988
629,-6.430416107177734,27.375,-19.79078483581543,4.119594450457953e-05,-0.0051343715749681,0.0001147778530139476,0.005135819315910339,-6.43037491123323,27.369865628425032,-19.790670057962416
630,-3.2552859783172607,27.375,-20.55306625366211,2.4310347725986503e-05,-0.0051352703012526035,0.00011062741396017373,0.005136519204825163,-3.2552616679695348,27.369864729698747,-20.55295562624815
631,-0.0,27.375,-20.809261322021484,8.374260687560309e-06,-0.005136857740581036,0.00010201636177953333,0.0051378775388002396,8.374260687560309e-06,27.36986314225942,-20.809159305659705
632,3.2552859783172607,27.375,-20.55306625366211,-5.830730970046716e-06,-0.005136922001838684,9.227603732142597e-05,0.005137754138559103,3.2552801475862907,27.36986307799816,-20.552973977624788
633,6.430416107177734,27.375,-19.79078483581543,-1.8778964658849873e-05,-0.005134327337145805,8.359588537132367e-05,0.005135042127221823,6.4303973282130755,27.369865672662854,-19.79070123993006
634,9.4472074508667,27.375,-18.541187286376953,-3.1122934160521254e-05,-0.005129226949065924,7.601633842568845e-05,0.0051298849284648895,9.447176327932539,27.369870773050934,-18.541111270038527
635,12.231376647949219,27.375,-16.835046768188477,-4.288212221581489e-05,-0.0051225521601736546,6.839803972980008e-05,0.005123188253492117,12.231333765827003,27.369877447839826,-16.834978370148747
636,14.714369773864746,27.375,-14.714369773864746,-5.348160266294144e-05,-0.005115416832268238,5.966439130133949e-05,0.005116044078022242,14.714316292262083,27.36988458316773,-14.714310109473445
637,16.835046768188477,27.375,-12.231376647949219,-6.227698759175837e-05,-0.005108723416924477,4.9441488954471424e-05,0.005109342280775309,16.834984491200885,27.369891276583076,-12.231327206460264
638,18.541187286376953,27.375,-9.4472074508667,-6.894799298606813e-05,-0.005103064700961113,3.7958354369038716e-05,0.005103671457618475,18.541118338383967,27.36989693529904,-9.44716949251233
639,19.79078483581543,27.375,-6.430416107177734,-7.351275417022407e-05,-0.005098799243569374,2.5655823264969513e-05,0.005099393893033266,19.79071132306126,27.36990120075643,-6.430390451354469
640,20.55306625366211,27.375,-3.2552859783172607,-7.614561764057726e-05,-0.005096150562167168,1.2917267667944543e-05,0.0050967358984053135,20.55299010804447,27.369903849437833,-3.255273061049593
641,21.424692153930664,29.200000762939453,0.0,-4.5613669499289244e-05,-0.005124437157064676,5.041896410106453e-19,0.0051246401853859425,21.424646540261165,29.19487632578239,5.041896410106453e-19
642,21.160917282104492,29.200000762939453,3.351560115814209,-4.503987656789832e-05,-0.005125368479639292,-7.614223704877077e-06,0.005125571973621845,21.160872242227924,29.194875394459814,3.351552501590504
643,20.3760929107666,29.200000762939453,6.620594024658203,-4.3261810787953436e-05,-0.005128114018589258,-1.5103543773875572e-05,0.005128318909555674,20.376049648955814,29.194872648920864,6.620578921114429
644,19.089540481567383,29.200000762939453,9.726606369018555,-4.012048157164827e-05,-0.00513253640383482,-2.226442302344367e-05,0.0051327417604625225,19.08950036108581,29.19486822653562,9.726584104595531
645,17.33293914794922,29.200000762939453,12.593117713928223,-3.5434837627690285e-05,-0.005138407927006483,-2.8769449272658676e-05,0.005138610489666462,17.33290371311159,29.194862355012447,12.59308894447895
646,15.149544715881348,29.200000762939453,15.149544715881348,-2.9193199225119315e-05,-0.0051453509368002415,-3.4262255212524906e-05,0.005145547911524773,15.149515522682123,29.194855412002653,15.149510453626135
647,12.593117713928223,29.200000762939453,17.33293914794922,-2.1756262867711484e-05,-0.0051527200266718864,-3.8693171518389136e-05,0.00515291141346097,12.593095957665355,29.19484804291278,17.3329004547777
648,9.726606369018555,29.200000762939453,19.089540481567383,-1.3815316378895659e-05,-0.005159503314644098,-4.278177584637888e-05,0.005159699358046055,9.726592553702176,29.19484125962481,19.089497699791536
649,6.620594024658203,29.200000762939453,20.3760929107666,-5.92836022406118e-06,-0.005164421163499355,-4.8144840548047796e-05,0.005164648871868849,6.620588096297979,29.194836341775954,20.376044765926054
650,3.351560115814209,29.200000762939453,21.160917282104492,2.1038204067735933e-06,-0.005166336428374052,-5.6597753427922726e-05,0.005166646558791399,3.3515622196346158,29.19483442651108,21.160860684351064
651,0.0,29.200000762939453,21.424692153930664,1.1350785825925414e-05,-0.005164904985576868,-6.871109508210793e-05,0.0051653748378157616,1.1350785825925414e-05,29.194835857953876,21.424623442835582
652,-3.351560115814209,29.200000762939453,21.160917282104492,2.2882173652760684e-05,-0.005161247216165066,-8.236848225351423e-05,0.0051619550213217735,-3.3515372336405562,29.194839515723288,21.16083491362224
653,-6.620594024658203,29.200000762939453,20.3760929107666,3.6348406865727156e-05,-0.005157947540283203,-9.319090895587578e-05,0.005158917047083378,-6.620557676251337,29.19484281539917,20.375999719857646
654,-9.726606369018555,29.200000762939453,19.089540481567383,4.979106961400248e-05,-0.005157808773219585,-9.761564433574677e-05,0.005158972926437855,-9.72655657794894,29.194842954166234,19.089442865923047
655,-12.593117713928223,29.200000762939453,17.33293914794922,6.050258161849342e-05,-0.0051629915833473206,-9.417434921488166e-05,0.005164204631000757,-12.593057211346604,29.194837771356106,17.332844973600004
656,-15.149544715881348,29.200000762939453,15.149544715881348,6.555195432156324e-05,-0.005174604244530201,-8.287549280794337e-05,0.005175683181732893,-15.149479163927026,29.194826158694923,15.14946184038854
657,-17.33293914794922,29.200000762939453,12.593117713928223,6.346302689053118e-05,-0.005191508214920759,-6.59777142573148e-05,0.0051923152059316635,-17.332875684922328,29.194809254724532,12.593051736213965
658,-19.089540481567383,29.200000762939453,9.726606369018555,5.4912452469579875e-05,-0.005210738629102707,-4.68686266685836e-05,0.005211238749325275,-19.089485569114913,29.19479002431035,9.726559500391886
659,-20.3760929107666,29.200000762939453,6.620594024658203,4.249352787155658e-05,-0.005228736437857151,-2.85395908576902e-05,0.005228986963629723,-20.37605041723873,29.194772026501596,6.620565485067345
660,-21.160917282104492,29.200000762939453,3.351560115814209,3.14235185214784e-05,-0.005241588689386845,-1.3032756214670371e-05,0.005241699051111937,-21.16088585858597,29.194759174250066,3.3515470830579943
661,-21.424692153930664,29.200000762939453,0.0,2.7050562493968755e-05,-0.00524622667580843,5.855694274324138e-19,0.005246296525001526,-21.42466510336817,29.194754536263645,5.855694274324138e-19
662,-21.160917282104492,29.200000762939453,-3.351560115814209,3.14235185214784e-05,-0.005241588689386845,1.3032756214670371e-05,0.005241699051111937,-21.16088585858597,29.194759174250066,-3.3515470830579943
663,-20.3760929107666,29.200000762939453,-6.620594024658203,4.249352787155658e-05,-0.005228736437857151,2.85395908576902e-05,0.005228986963629723,-20.37605041723873,29.194772026501596,-6.620565485067345
664,-19.089540481567383,29.200000762939453,-9.726606369018555,5.4912452469579875e-05,-0.005210738629102707,4.68686266685836e-05,0.005211238749325275,-19.089485569114913,29.19479002431035,-9.726559500391886
665,-17.33293914794922,29.200000762939453,-12.593117713928223,6.346302689053118e-05,-0.005191508214920759,6.59777142573148e-05,0.0051923152059316635,-17.332875684922328,29.194809254724532,-12.593051736213965
666,-15.149544715881348,29.200000762939453,-15.149544715881348,6.555195432156324e-05,-0.005174604244530201,8.287549280794337e-05,0.005175683181732893,-15.149479163927026,29.194826158694923,-15.14946184038854
667,-12.593117713928223,29.200000762939453,-17.33293914794922,6.050258161849342e-05,-0.0051629915833473206,9.417434921488166e-05,0.005164204631000757,-12.593057211346604,29.194837771356106,-17.332844973600004
668,-9.726606369018555,29.200000762939453,-19.089540481567383,4.979106961400248e-05,-0.005157808773219585,9.761564433574677e-05,0.005158972926437855,-9.72655657794894,29.194842954166234,-19.089442865923047
669,-6.620594024658203,29.200000762939453,-20.3760929107666,3.6348406865727156e-05,-0.005157947540283203,9.319090895587578e-05,0.005158917047083378,-6.620557676251337,29.19484281539917,-20.375999719857646
670,-3.351560115814209,29.200000762939453,-21.160917282104492,2.2882173652760684e-05,-0.005161247216165066,8.236848225351423e-05,0.0051619550213217735,-3.3515372336405562,29.194839515723288,-21.16083491362224
671,-0.0,29.200000762939453,-21.424692153930664,1.1350785825925414e-05,-0.005164904985576868,6.871109508210793e-05,0.0051653748378157616,1.1350785825925414e-05,29.194835857953876,-21.424623442835582
672,3.351560115814209,29.200000762939453,-21.160917282104492,2.1038204067735933e-06,-0.005166336428374052,5.6597753427922726e-05,0.005166646558791399,3.3515622196346158,29.19483442651108,-21.160860684351064
673,6.620594024658203,29.200000762939453,-20.3760929107666,-5.92836022406118e-06,-0.005164421163499355,4.8144840548047796e-05,0.005164648871868849,6.620588096297979,29.194836341775954,-20.376044765926054
674,9.726606369018555,29.200000762939453,-19.089540481567383,-1.3815316378895659e-05,-0.005159503314644098,4.278177584637888e-05,0.005159699358046055,9.726592553702176,29.19484125962481,-19.089497699791536
675,12.593117713928223,29.200000762939453,-17.33293914794922,-2.1756262867711484e-05,-0.0051527200266718864,3.8693171518389136e-05,0.00515291141346097,12.593095957665355,29.19484804291278,-17.3329004547777
676,15.149544715881348,29.200000762939453,-15.149544715881348,-2.9193199225119315e-05,-0.0051453509368002415,3.4262255212524906e-05,0.005145547911524773,15.149515522682123,29.194855412002653,-15.149510453626135
677,17.33293914794922,29.200000762939453,-12.593117713928223,-3.5434837627690285e-05,-0.005138407927006483,2.8769449272658676e-05,0.005138610489666462,17.33290371311159,29.194862355012447,-12.59308894447895
678,19.089540481567383,29.200000762939453,-9.726606369018555,-4.012048157164827e-05,-0.00513253640383482,2.226442302344367e-05,0.0051327417604625225,19.08950036108581,29.19486822653562,-9.726584104595531
679,20.3760929107666,29.200000762939453,-6.620594024658203,-4.3261810787953436e-05,-0.005128114018589258,1.5103543773875572e-05,0.005128318909555674,20.376049648955814,29.194872648920864,-6.620578921114429
680,21.160917282104492,29.200000762939453,-3.351560115814209,-4.503987656789832e-05,-0.005125368479639292,7.614223704877077e-06,0.005125571973621845,21.160872242227924,29.194875394459814,-3.351552501590504
681,22.56036949157715,31.024999618530273,0.0,3.887892671627924e-05,-0.005197266582399607,3.501520931904146e-19,0.005197411868721247,22.560408370503865,31.019802351947874,3.501520931904146e-19
682,22.28261375427246,31.024999618530273,3.529218912124634,3.8496116758324206e-05,-0.005198262631893158,5.982820766803343e-06,0.005198408849537373,22.28265225038922,31.01980135589838,3.5292248949454006
683,21.456186294555664,31.024999618530273,6.971538066864014,3.7426259950734675e-05,-0.005201196763664484,1.1796883882198017e-05,0.005201344843953848,21.456223720815615,31.01979842176661,6.971549863747896
684,20.101436614990234,31.024999618530273,10.242193222045898,3.587289756978862e-05,-0.005205904599279165,1.7349510017083958e-05,0.005206056870520115,20.101472487887804,31.019793713930994,10.242210571555916
685,18.25172233581543,31.024999618530273,13.260652542114258,3.405354800634086e-05,-0.0052120801992714405,2.264467184431851e-05,0.005212240852415562,18.251756389363436,31.019787538331002,13.260675186786102
686,15.952589988708496,31.024999618530273,15.952589988708496,3.200691571692005e-05,-0.005219210404902697,2.7651843993226066e-05,0.005219381768256426,15.952621995624213,31.01978040812537,15.95261764055249
687,13.260652542114258,31.024999618530273,18.25172233581543,2.945366759377066e-05,-0.005226482171565294,3.197353726136498e-05,0.00522666284814477,13.260681995781852,31.019773136358708,18.25175430935269
688,10.242193222045898,31.024999618530273,20.101436614990234,2.5930987249012105e-05,-0.005232759285718203,3.4469179809093475e-05,0.005232937168329954,10.242219153033147,31.019766859244555,20.101471084170043
689,6.971538066864014,31.024999618530273,21.456186294555664,2.1286625269567594e-05,-0.005236729048192501,3.322948032291606e-05,0.005236877594143152,6.971559353489283,31.01976288948208,21.456219524035987
690,3.529218912124634,31.024999618530273,22.28261375427246,1.6237618183367886e-05,-0.005237250123172998,2.6240169972879812e-05,0.0052373409271240234,3.529235149742817,31.0197623684071,22.282639994442434
691,0.0,31.024999618530273,22.56036949157715,1.2453623639885336e-05,-0.005233827047049999,1.2610938028956298e-05,0.005233856849372387,1.2453623639885336e-05,31.019765791483223,22.560382102515177
692,-3.529218912124634,31.024999618530273,22.28261375427246,1.179689024866093e-05,-0.005227257963269949,-5.997291737003252e-06,0.005227274727076292,-3.529207115234385,31.019772360567003,22.282607756980724
693,-6.971538066864014,31.024999618530273,21.456186294555664,1.474027885706164e-05,-0.005220104940235615,-2.4998744265758432e-05,0.005220185499638319,-6.971523326585157,31.019779513590038,21.4561612958114
694,-10.242193222045898,31.024999618530273,20.101436614990234,1.9339084246894345e-05,-0.00521612074226141,-3.902678145095706e-05,0.005216302815824747,-10.242173882961652,31.019783497788012,20.101397588208783
695,-13.260652542114258,31.024999618530273,18.25172233581543,2.1500885850400664e-05,-0.005219460465013981,-4.384530984680168e-05,0.005219689104706049,-13.260631041228407,31.01978015806526,18.251678490505583
696,-15.952589988708496,31.024999618530273,15.952589988708496,1.6295907698804513e-05,-0.005232784431427717,-3.822671715170145e-05,0.005232949275523424,-15.952573692800797,31.019766834098846,15.952551761991344
697,-18.25172233581543,31.024999618530273,13.260652542114258,1.9765234355872963e-06,-0.005254118237644434,-2.615867560962215e-05,0.005254183430224657,-18.251720359291994,31.01974550029263,13.260626383438648
698,-20.101436614990234,31.024999618530273,10.242193222045898,-1.8460143110132776e-05,-0.005278045777231455,-1.3603674233308993e-05,0.005278095602989197,-20.101455075133345,31.019721572753042,10.242179618371665
699,-21.456186294555664,31.024999618530273,6.971538066864014,-3.983638816862367e-05,-0.005299326032400131,-4.603020897775423e-06,0.0052994778379797935,-21.456226130943833,31.019700292497873,6.971533463843116
700,-22.28261375427246,31.024999618530273,3.529218912124634,-5.598912321147509e-05,-0.0053138029761612415,-5.849126978318964e-07,0.005314097739756107,-22.282669743395672,31.019685815554112,3.529218327211936
701,-22.56036949157715,31.024999618530273,0.0,-6.193845183588564e-05,-0.00531888147816062,1.2960550180816403e-19,0.005319241899996996,-22.560431430028984,31.019680737052113,1.2960550180816403e-19
702,-22.28261375427246,31.024999618530273,-3.529218912124634,-5.598912321147509e-05,-0.0053138029761612415,5.849126978318964e-07,0.005314097739756107,-22.282669743395672,31.019685815554112,-3.529218327211936
703,-21.456186294555664,31.024999618530273,-6.971538066864014,-3.983638816862367e-05,-0.005299326032400131,4.603020897775423e-06,0.0052994778379797935,-21.456226130943833,31.019700292497873,-6.971533463843116
704,-20.101436614990234,31.024999618530273,-10.242193222045898,-1.8460143110132776e-05,-0.005278045777231455,1.3603674233308993e-05,0.005278095602989197,-20.101455075133345,31.019721572753042,-10.242179618371665
705,-18.25172233581543,31.024999618530273,-13.260652542114258,1.9765234355872963e-06,-0.005254118237644434,2.615867560962215e-05,0.005254183430224657,-18.251720359291994,31.01974550029263,-13.260626383438648
706,-15.952589988708496,31.024999618530273,-15.952589988708496,1.6295907698804513e-05,-0.005232784431427717,3.822671715170145e-05,0.005232949275523424,-15.952573692800797,31.019766834098846,-15.952551761991344
707,-13.260652542114258,31.024999618530273,-18.25172233581543,2.1500885850400664e-05,-0.005219460465013981,4.384530984680168e-05,0.005219689104706049,-13.260631041228407,31.01978015806526,-18.251678490505583
708,-10.242193222045898,31.024999618530273,-20.101436614990234,1.9339084246894345e-05,-0.00521612074226141,3.902678145095706e-05,0.005216302815824747,-10.242173882961652,31.019783497788012,-20.101397588208783
709,-6.971538066864014,31.024999618530273,-21.456186294555664,1.474027885706164e-05,-0.005220104940235615,2.4998744265758432e-05,0.005220185499638319,-6.971523326585157,31.019779513590038,-21.4561612958114
710,-3.529218912124634,31.024999618530273,-22.28261375427246,1.179689024866093e-05,-0.005227257963269949,5.997291737003252e-06,0.005227274727076292,-3.529207115234385,31.019772360567003,-22.282607756980724
711,-0.0,31.024999618530273,-22.56036949157715,1.2453623639885336e-05,-0.005233827047049999,-1.2610938028956298e-05,0.005233856849372387,1.2453623639885336e-05,31.019765791483223,-22.560382102515177
712,3.529218912124634,31.024999618530273,-22.28261375427246,1.6237618183367886e-05,-0.005237250123172998,-2.6240169972879812e-05,0.0052373409271240234,3.529235149742817,31.0197623684071,-22.282639994442434
713,6.971538066864014,31.024999618530273,-21.456186294555664,2.1286625269567594e-05,-0.005236729048192501,-3.322948032291606e-05,0.005236877594143152,6.971559353489283,31.01976288948208,-21.456219524035987
714,10.242193222045898,31.024999618530273,-20.101436614990234,2.5930987249012105e-05,-0.005232759285718203,-3.4469179809093475e-05,0.005232937168329954,10.242219153033147,31.019766859244555,-20.101471084170043
715,13.260652542114258,31.024999618530273,-18.25172233581543,2.945366759377066e-05,-0.005226482171565294,-3.197353726136498e-05,0.00522666284814477,13.260681995781852,31.019773136358708,-18.25175430935269
716,15.952589988708496,31.024999618530273,-15.952589988708496,3.200691571692005e-05,-0.005219210404902697,-2.7651843993226066e-05,0.005219381768256426,15.952621995624213,31.01978040812537,-15.95261764055249
717,18.25172233581543,31.024999618530273,-13.260652542114258,3.405354800634086e-05,-0.0052120801992714405,-2.264467184431851e-05,0.005212240852415562,18.251756389363436,31.019787538331002,-13.260675186786102
718,20.101436614990234,31.024999618530273,-10.242193222045898,3.587289756978862e-05,-0.005205904599279165,-1.7349510017083958e-05,0.005206056870520115,20.101472487887804,31.019793713930994,-10.242210571555916
719,21.456186294555664,31.024999618530273,-6.971538066864014,3.7426259950734675e-05,-0.005201196763664484,-1.1796883882198017e-05,0.005201344843953848,21.456223720815615,31.01979842176661,-6.971549863747896
720,22.28261375427246,31.024999618530273,-3.529218912124634,3.8496116758324206e-05,-0.005198262631893158,-5.982820766803343e-06,0.005198408849537373,22.28265225038922,31.01980135589838,-3.5292248949454006
721,23.696046829223633,32.849998474121094,0.0,0.00017336092423647642,-0.005299001932144165,3.327258275269717e-19,0.0053018368780612946,23.69622019014787,32.84469947218895,3.327258275269717e-19
722,23.40431022644043,32.849998474121094,3.706878900527954,0.0001713743549771607,-0.005300052929669619,2.7478154152049683e-05,0.005302893929183483,23.404481600795407,32.844698421191424,3.706906378682106
723,22.536279678344727,32.849998474121094,7.322481155395508,0.00016551677254028618,-0.0053031365387141705,5.427068390417844e-05,0.005305996164679527,22.536445195117267,32.84469533758238,7.322535426079412
724,21.113332748413086,32.849998474121094,10.757780075073242,0.00015604097279720008,-0.005308019462972879,7.974423351697624e-05,0.0053109112195670605,21.113488789385883,32.84469045465812,10.75785981930676
725,19.17050552368164,32.849998474121094,13.928187370300293,0.00014321529306471348,-0.005314247217029333,0.00010328421922167763,0.005317179951816797,19.170648738974705,32.844684226904064,13.928290654519515
726,16.75563621520996,32.849998474121094,16.75563621520996,0.00012719475489575416,-0.005321084521710873,0.0001241303252754733,0.0053240517154335976,16.755763409964857,32.84467738959938,16.755760345535236
727,13.928187370300293,32.849998474121094,19.17050552368164,0.0001080361835192889,-0.005327514838427305,0.0001411444100085646,0.005330479238182306,13.928295406483812,32.844670959282666,19.17064666809165
728,10.757780075073242,32.849998474121094,21.113332748413086,8.594289101893082e-05,-0.0053323665633797646,0.00015270056610461324,0.005335244815796614,10.757866017964261,32.844666107557714,21.11348544897919
729,7.322481155395508,32.849998474121094,22.536279678344727,6.164325895952061e-05,-0.0053345332853496075,0.0001569013111293316,0.00533719640225172,7.322542798654467,32.844663940835744,22.536436579655856
730,3.706878900527954,32.849998474121094,23.40431022644043,3.66462190868333e-05,-0.005333217326551676,0.00015215088205877692,0.005335513036698103,3.706915546747041,32.84466525679454,23.40446237732249
731,0.0,32.849998474121094,23.696046829223633,1.3120390576659702e-05,-0.0053281052969396114,0.00013788792421109974,0.005329905543476343,1.3120390576659702e-05,32.844670368824154,23.696184717147844
732,-3.706878900527954,32.849998474121094,23.40431022644043,-6.718786607962102e-06,-0.005319752264767885,0.00011546332098077983,0.005321009550243616,-3.706885619314562,32.844678721856326,23.40442568976141
733,-7.322481155395508,32.849998474121094,22.536279678344727,-2.182955176976975e-05,-0.00531025743111968,8.88218346517533e-05,0.005311044864356518,-7.322502984947278,32.844688216689974,22.53636850017938
734,-10.757780075073242,32.849998474121094,21.113332748413086,-3.370592821738683e-05,-0.005303546786308289,6.385077722370625e-05,0.005304038058966398,-10.75781378100146,32.844694927334785,21.11339659919031
735,-13.928187370300293,32.849998474121094,19.17050552368164,-4.716004696092568e-05,-0.005305316764861345,4.691495269071311e-05,0.005305733997374773,-13.928234530347254,32.84469315735623,19.17055243863433
736,-16.75563621520996,32.849998474121094,16.75563621520996,-6.821998977102339e-05,-0.005319798830896616,4.083055682713166e-05,0.005320393014699221,-16.755704435199732,32.8446786752902,16.755677045766788
737,-19.17050552368164,32.849998474121094,13.928187370300293,-9.792744822334498e-05,-0.005344152916222811,4.081954466528259e-05,0.0053452057763934135,-19.170603451129864,32.84465432120487,13.928228189844958
738,-21.113332748413086,32.849998474121094,10.757780075073242,-0.0001309156941715628,-0.005370610859245062,3.9132213714765385e-05,0.005372348707169294,-21.113463664107258,32.84462786326185,10.757819207286957
739,-22.536279678344727,32.849998474121094,7.322481155395508,-0.00016036463784985244,-0.005392914637923241,3.1501269404543564e-05,0.005395390558987856,-22.536440042982576,32.84460555948317,7.322512656664912
740,-23.40431022644043,32.849998474121094,3.706878900527954,-0.0001805123029043898,-0.005407437216490507,1.7644928448135033e-05,0.005410477984696627,-23.404490738743334,32.8445910369046,3.7068965454564022
741,-23.696046829223633,32.849998474121094,0.0,-0.00018761084356810898,-0.005412411876022816,7.741104622104271e-19,0.005415662657469511,-23.6962344400672,32.84458606224507,7.741104622104271e-19
742,-23.40431022644043,32.849998474121094,-3.706878900527954,-0.0001805123029043898,-0.005407437216490507,-1.7644928448135033e-05,0.005410477984696627,-23.404490738743334,32.8445910369046,-3.7068965454564022
743,-22.536279678344727,32.849998474121094,-7.322481155395508,-0.00016036463784985244,-0.005392914637923241,-3.1501269404543564e-05,0.005395390558987856,-22.536440042982576,32.84460555948317,-7.322512656664912
744,-21.113332748413086,32.849998474121094,-10.757780075073242,-0.0001309156941715628,-0.005370610859245062,-3.9132213714765385e-05,0.005372348707169294,-21.113463664107258,32.84462786326185,-10.757819207286957
745,-19.17050552368164,32.849998474121094,-13.928187370300293,-9.792744822334498e-05,-0.005344152916222811,-4.081954466528259e-05,0.0053452057763934135,-19.170603451129864,32.84465432120487,-13.928228189844958
746,-16.75563621520996,32.849998474121094,-16.75563621520996,-6.821998977102339e-05,-0.005319798830896616,-4.083055682713166e-05,0.005320393014699221,-16.755704435199732,32.8446786752902,-16.755677045766788
747,-13.928187370300293,32.849998474121094,-19.17050552368164,-4.716004696092568e-05,-0.005305316764861345,-4.691495269071311e-05,0.005305733997374773,-13.928234530347254,32.84469315735623,-19.17055243863433
748,-10.757780075073242,32.849998474121094,-21.113332748413086,-3.370592821738683e-05,-0.005303546786308289,-6.385077722370625e-05,0.005304038058966398,-10.75781378100146,32.844694927334785,-21.11339659919031
749,-7.322481155395508,32.849998474121094,-22.536279678344727,-2.182955176976975e-05,-0.00531025743111968,-8.88218346517533e-05,0.005311044864356518,-7.322502984947278,32.844688216689974,-22.53636850017938
750,-3.706878900527954,32.849998474121094,-23.40431022644043,-6.718786607962102e-06,-0.005319752264767885,-0.00011546332098077983,0.005321009550243616,-3.706885619314562,32.844678721856326,-23.40442568976141
751,-0.0,32.849998474121094,-23.696046829223633,1.3120390576659702e-05,-0.0053281052969396114,-0.00013788792421109974,0.005329905543476343,1.3120390576659702e-05,32.844670368824154,-23.696184717147844
752,3.706878900527954,32.849998474121094,-23.40431022644043,3.66462190868333e-05,-0.005333217326551676,-0.00015215088205877692,0.005335513036698103,3.706915546747041,32.84466525679454,-23.40446237732249
753,7.322481155395508,32.849998474121094,-22.536279678344727,6.164325895952061e-05,-0.0053345332853496075,-0.0001569013111293316,0.00533719640225172,7.322542798654467,32.844663940835744,-22.536436579655856
754,10.757780075073242,32.849998474121094,-21.113332748413086,8.594289101893082e-05,-0.0053323665633797646,-0.00015270056610461324,0.005335244815796614,10.757866017964261,32.844666107557714,-21.11348544897919
755,13.928187370300293,32.849998474121094,-19.17050552368164,0.0001080361835192889,-0.005327514838427305,-0.0001411444100085646,0.005330479238182306,13.928295406483812,32.844670959282666,-19.17064666809165
756,16.75563621520996,32.849998474121094,-16.75563621520996,0.00012719475489575416,-0.005321084521710873,-0.0001241303252754733,0.0053240517154335976,16.755763409964857,32.84467738959938,-16.755760345535236
757,19.17050552368164,32.849998474121094,-13.928187370300293,0.00014321529306471348,-0.005314247217029333,-0.00010328421922167763,0.005317179951816797,19.170648738974705,32.844684226904064,-13.928290654519515
758,21.113332748413086,32.849998474121094,-10.757780075073242,0.00015604097279720008,-0.005308019462972879,-7.974423351697624e-05,0.0053109112195670605,21.113488789385883,32.84469045465812,-10.75785981930676
759,22.536279678344727,32.849998474121094,-7.322481155395508,0.00016551677254028618,-0.0053031365387141705,-5.427068390417844e-05,0.005305996164679527,22.536445195117267,32.84469533758238,-7.322535426079412
760,23.40431022644043,32.849998474121094,-3.706878900527954,0.0001713743549771607,-0.005300052929669619,-2.7478154152049683e-05,0.005302893929183483,23.404481600795407,32.844698421191424,-3.706906378682106
761,25.548023223876953,34.67499923706055,0.0,0.0004509884456638247,-0.0056041451171040535,4.032723655082571e-19,0.005622262135148048,25.548474212322617,34.66939509194344,4.032723655082571e-19
762,25.233484268188477,34.67499923706055,3.996591091156006,0.0004455302550923079,-0.0056051830761134624,7.134122279239818e-05,0.005623314063996077,25.23392979844357,34.66939405398443,3.9966624323787983
763,24.2976131439209,34.67499923706055,7.894773960113525,0.0004293175006750971,-0.005608171224594116,0.00014080991968512535,0.005626342259347439,24.298042461421574,34.66939106583595,7.8949147700332105
764,22.763456344604492,34.67499923706055,11.598560333251953,0.0004027661052532494,-0.005612689536064863,0.00020656407286878675,0.005630912259221077,22.763859110709745,34.66938654752448,11.598766897324822
765,20.668785095214844,34.67499923706055,15.016752243041992,0.00036641216138377786,-0.005617943592369556,0.00026672345120459795,0.005636194720864296,20.669151507376228,34.66938129346818,15.017018966493197
766,18.065181732177734,34.67499923706055,18.065181732177734,0.0003208781417924911,-0.0056227827444672585,0.0003192194562871009,0.005640970543026924,18.065502610319527,34.66937645431608,18.06550095163402
767,15.016752243041992,34.67499923706055,20.668785095214844,0.0002670596295502037,-0.005625917110592127,0.0003617317706812173,0.0056438567116856575,15.017019302671542,34.669373319949955,20.669146826985525
768,11.598560333251953,34.67499923706055,22.763456344604492,0.00020644828327931464,-0.005626299884170294,0.000391896755900234,0.005643709562718868,11.598766781535232,34.66937293717638,22.763848241360392
769,7.894773960113525,34.67499923706055,24.2976131439209,0.0001413396093994379,-0.00562346400693059,0.0004077876219525933,0.005640001501888037,7.894915299722925,34.669375773053616,24.29802093154285
770,3.996591091156006,34.67499923706055,25.233484268188477,7.471271237591282e-05,-0.005617570132017136,0.00040841917507350445,0.005632892716675997,3.9966658038683818,34.66938166692853,25.23389268736355
771,0.0,34.67499923706055,25.548023223876953,9.818648322834633e-06,-0.005609122104942799,0.0003940204333048314,0.005622952710837126,9.818648322834633e-06,34.669390114955604,25.548417244310258
772,-3.996591091156006,34.67499923706055,25.233484268188477,-5.033667548559606e-05,-0.005598778370767832,0.00036624318454414606,0.005610969848930836,-3.9966414278314915,34.66940045868978,25.23385051137302
773,-7.894773960113525,34.67499923706055,24.2976131439209,-0.00010367910726927221,-0.005587420426309109,0.00032824563095346093,0.00559801422059536,-7.894877639220795,34.66941181663424,24.297941389551852
774,-11.598560333251953,34.67499923706055,22.763456344604492,-0.00015021585568320006,-0.005577458068728447,0.000285259447991848,0.005586768500506878,-11.598710549107636,34.66942177899182,22.763741604052484
775,-15.016752243041992,34.67499923706055,20.668785095214844,-0.00019452536071185023,-0.0055762347765266895,0.00024589101667515934,0.005585042294114828,-15.016946768402704,34.66942300228402,20.66903098623152
776,-18.065181732177734,34.67499923706055,18.065181732177734,-0.00024440468405373394,-0.005591217428445816,0.00021559155720751733,0.0056007071398198605,-18.065426136861788,34.6694080196321,18.065397323734942
777,-20.668785095214844,34.67499923706055,15.016752243041992,-0.0003004041500389576,-0.005617931019514799,0.00018807030573952943,0.005629099905490875,-20.669085499364883,34.66938130604103,15.016940313347732
778,-22.763456344604492,34.67499923706055,11.598560333251953,-0.00035365374060347676,-0.0056444620713591576,0.00015358685050159693,0.005657615140080452,-22.763809998345096,34.66935477498919,11.598713920102455
779,-24.2976131439209,34.67499923706055,7.894773960113525,-0.0003961308393627405,-0.005664513446390629,0.00010920537170022726,0.005679397378116846,-24.29800927476026,34.669334723614156,7.894883165485226
780,-25.233484268188477,34.67499923706055,3.996591091156006,-0.0004234614607412368,-0.005676846951246262,5.680479807779193e-05,0.005692902486771345,-25.233907729649218,34.6693223901093,3.9966478959540837
781,-25.548023223876953,34.67499923706055,0.0,-0.00043288146844133735,-0.005680994130671024,3.5981477766655866e-19,0.00569746270775795,-25.548456105345394,34.669318242929876,3.5981477766655866e-19
782,-25.233484268188477,34.67499923706055,-3.996591091156006,-0.0004234614607412368,-0.005676846951246262,-5.680479807779193e-05,0.005692902486771345,-25.233907729649218,34.6693223901093,-3.9966478959540837
783,-24.2976131439209,34.67499923706055,-7.894773960113525,-0.0003961308393627405,-0.005664513446390629,-0.00010920537170022726,0.005679397378116846,-24.29800927476026,34.669334723614156,-7.894883165485226
784,-22.763456344604492,34.67499923706055,-11.598560333251953,-0.00035365374060347676,-0.0056444620713591576,-0.00015358685050159693,0.005657615140080452,-22.763809998345096,34.66935477498919,-11.598713920102455
785,-20.668785095214844,34.67499923706055,-15.016752243041992,-0.0003004041500389576,-0.005617931019514799,-0.00018807030573952943,0.005629099905490875,-20.669085499364883,34.66938130604103,-15.016940313347732
786,-18.065181732177734,34.67499923706055,-18.065181732177734,-0.00024440468405373394,-0.005591217428445816,-0.00021559155720751733,0.0056007071398198605,-18.065426136861788,34.6694080196321,-18.065397323734942
787,-15.016752243041992,34.67499923706055,-20.668785095214844,-0.00019452536071185023,-0.0055762347765266895,-0.00024589101667515934,0.005585042294114828,-15.016946768402704,34.66942300228402,-20.66903098623152
788,-11.598560333251953,34.67499923706055,-22.763456344604492,-0.00015021585568320006,-0.005577458068728447,-0.000285259447991848,0.005586768500506878,-11.598710549107636,34.66942177899182,-22.763741604052484
789,-7.894773960113525,34.67499923706055,-24.2976131439209,-0.00010367910726927221,-0.005587420426309109,-0.00032824563095346093,0.00559801422059536,-7.894877639220795,34.66941181663424,-24.297941389551852
790,-3.996591091156006,34.67499923706055,-25.233484268188477,-5.033667548559606e-05,-0.005598778370767832,-0.00036624318454414606,0.005610969848930836,-3.9966414278314915,34.66940045868978,-25.23385051137302
791,-0.0,34.67499923706055,-25.548023223876953,9.818648322834633e-06,-0.005609122104942799,-0.0003940204333048314,0.005622952710837126,9.818648322834633e-06,34.669390114955604,-25.548417244310258
792,3.996591091156006,34.67499923706055,-25.233484268188477,7.471271237591282e-05,-0.005617570132017136,-0.00040841917507350445,0.005632892716675997,3.9966658038683818,34.66938166692853,-25.23389268736355
793,7.894773960113525,34.67499923706055,-24.2976131439209,0.0001413396093994379,-0.00562346400693059,-0.0004077876219525933,0.005640001501888037,7.894915299722925,34.669375773053616,-24.29802093154285
794,11.598560333251953,34.67499923706055,-22.763456344604492,0.00020644828327931464,-0.005626299884170294,-0.000391896755900234,0.005643709562718868,11.598766781535232,34.66937293717638,-22.763848241360392
795,15.016752243041992,34.67499923706055,-20.668785095214844,0.0002670596295502037,-0.005625917110592127,-0.0003617317706812173,0.0056438567116856575,15.017019302671542,34.669373319949955,-20.669146826985525
796,18.065181732177734,34.67499923706055,-18.065181732177734,0.0003208781417924911,-0.0056227827444672585,-0.0003192194562871009,0.005640970543026924,18.065502610319527,34.66937645431608,-18.06550095163402
797,20.668785095214844,34.67499923706055,-15.016752243041992,0.00036641216138377786,-0.005617943592369556,-0.00026672345120459795,0.005636194720864296,20.669151507376228,34.66938129346818,-15.017018966493197
798,22.763456344604492,34.67499923706055,-11.598560333251953,0.0004027661052532494,-0.005612689536064863,-0.00020656407286878675,0.005630912259221077,22.763859110709745,34.66938654752448,-11.598766897324822
799,24.2976131439209,34.67499923706055,-7.894773960113525,0.0004293175006750971,-0.005608171224594116,-0.00014080991968512535,0.005626342259347439,24.298042461421574,34.66939106583595,-7.8949147700332105
800,25.233484268188477,34.67499923706055,-3.996591091156006,0.0004455302550923079,-0.0056051830761134624,-7.134122279239818e-05,0.005623314063996077,25.23392979844357,34.66939405398443,-3.9966624323787983
801,27.399999618530273,36.5,0.0,0.0008118630503304303,-0.00599130941554904,3.612537358902771e-19,0.006046065595000982,27.400811481580604,36.49400869058445,3.612537358902771e-19
802,27.062660217285156,36.5,4.286303997039795,0.0008017997024580836,-0.005992259830236435,0.00012843475269619375,0.006047028582543135,27.063462016987614,36.494007740169764,4.286432431792491
803,26.058948516845703,36.5,8.467065811157227,0.0007718544220551848,-0.005994913633912802,0.000253394857281819,0.006049707066267729,26.05972037126776,36.49400508636609,8.467319206014508
804,24.4135799407959,36.5,12.439339637756348,0.0007226906600408256,-0.005998623091727495,0.0003714095219038427,0.006053404416888952,24.41430263145594,36.49400137690827,12.439711047278251
805,22.16706657409668,36.5,16.105316162109375,0.0006552812992595136,-0.0060022128745913506,0.0004789198574144393,0.006056840531527996,22.16772185539594,36.49399778712541,16.10579508196679
806,19.374725341796875,36.5,19.374725341796875,0.0005709988181479275,-0.006004105322062969,0.000572185788769275,0.006058276630938053,19.375296340615023,36.49399589467794,19.375297527585644
807,16.105316162109375,36.5,22.16706657409668,0.0004719657590612769,-0.006002785172313452,0.0006474530673585832,0.00605602003633976,16.105788127868436,36.49399721482769,22.16771402716404
808,12.439339637756348,36.5,24.4135799407959,0.000361402053385973,-0.005997436586767435,0.0007015190203674138,0.006049131043255329,12.439701039809734,36.49400256341323,24.414281459816266
809,8.467065811157227,36.5,26.058948516845703,0.00024358523660339415,-0.005988378077745438,0.0007324739126488566,0.006037923973053694,8.46730939639383,36.494011621922255,26.059680990758352
810,4.286303997039795,36.5,27.062660217285156,0.0001232961512869224,-0.005976885091513395,0.0007400941685773432,0.006023793946951628,4.286427293191082,36.49402311490849,27.063400311453734
811,0.0,36.5,27.399999618530273,5.104739557282301e-06,-0.0059645208530128,0.0007256839890033007,0.006008506286889315,5.104739557282301e-06,36.49403547914699,27.400725302519277
812,-4.286303997039795,36.5,27.062660217285156,-0.00010713031224440783,-0.005952256266027689,0.0006914737750776112,0.005993243772536516,-4.286411127352039,36.49404774373397,27.063351691060234
813,-8.467065811157227,36.5,26.058948516845703,-0.00021027681941632181,-0.005939640570431948,0.0006397636607289314,0.005977695342153311,-8.467276087976643,36.49406035942957,26.059588280506432
814,-12.439339637756348,36.5,24.4135799407959,-0.0003024691832251847,-0.005927036516368389,0.0005746345268562436,0.00596250407397747,-12.439642106939573,36.49407296348363,24.414154575322755
815,-16.105316162109375,36.5,22.16706657409668,-0.0003875206457450986,-0.005922773387283087,0.0005064792349003255,0.00595700740814209,-16.10570368275512,36.49407722661272,22.16757305333158
816,-19.374725341796875,36.5,19.374725341796875,-0.00047454083687625825,-0.005937374662607908,0.00044361979234963655,0.005972805432975292,-19.37519988263375,36.49406262533739,19.375168961589225
817,-22.16706657409668,36.5,16.105316162109375,-0.0005630771047435701,-0.0059648011811077595,0.0003787929890677333,0.006003282032907009,-22.167629651201423,36.49403519881889,16.105694955098443
818,-24.4135799407959,36.5,12.439339637756348,-0.0006407708860933781,-0.005989378783851862,0.0003007883788086474,0.006031062453985214,-24.414220711681992,36.49401062121615,12.439640426135156
819,-26.058948516845703,36.5,8.467065811157227,-0.0006989793037064373,-0.006005499977618456,0.00020867964485660195,0.006049640476703644,-26.05964749614941,36.49399450002238,8.467274490802083
820,-27.062660217285156,36.5,4.286303997039795,-0.0007351181120611727,-0.006014679558575153,0.00010684533481253311,0.00606037862598896,-27.063395335397217,36.493985320441425,4.2864108423746075
821,-27.399999618530273,36.5,0.0,-0.0007474287995137274,-0.006017711013555527,1.1419632640818932e-18,0.006063950248062611,-27.400747047329787,36.493982288986444,1.1419632640818932e-18
822,-27.062660217285156,36.5,-4.286303997039795,-0.0007351181120611727,-0.006014679558575153,-0.00010684533481253311,0.00606037862598896,-27.063395335397217,36.493985320441425,-4.2864108423746075
823,-26.058948516845703,36.5,-8.467065811157227,-0.0006989793037064373,-0.006005499977618456,-0.00020867964485660195,0.006049640476703644,-26.05964749614941,36.49399450002238,-8.467274490802083
824,-24.4135799407959,36.5,-12.439339637756348,-0.0006407708860933781,-0.005989378783851862,-0.0003007883788086474,0.006031062453985214,-24.414220711681992,36.49401062121615,-12.439640426135156
825,-22.16706657409668,36.5,-16.105316162109375,-0.0005630771047435701,-0.0059648011811077595,-0.0003787929890677333,0.006003282032907009,-22.167629651201423,36.49403519881889,-16.105694955098443
826,-19.374725341796875,36.5,-19.374725341796875,-0.00047454083687625825,-0.005937374662607908,-0.00044361979234963655,0.005972805432975292,-19.37519988263375,36.49406262533739,-19.375168961589225
827,-16.105316162109375,36.5,-22.16706657409668,-0.0003875206457450986,-0.005922773387283087,-0.0005064792349003255,0.00595700740814209,-16.10570368275512,36.49407722661272,-22.16757305333158
828,-12.439339637756348,36.5,-24.4135799407959,-0.0003024691832251847,-0.005927036516368389,-0.0005746345268562436,0.00596250407397747,-12.439642106939573,36.49407296348363,-24.414154575322755
829,-8.467065811157227,36.5,-26.058948516845703,-0.00021027681941632181,-0.005939640570431948,-0.0006397636607289314,0.005977695342153311,-8.467276087976643,36.49406035942957,-26.059588280506432
830,-4.286303997039795,36.5,-27.062660217285156,-0.00010713031224440783,-0.005952256266027689,-0.0006914737750776112,0.005993243772536516,-4.286411127352039,36.49404774373397,-27.063351691060234
831,-0.0,36.5,-27.399999618530273,5.104739557282301e-06,-0.0059645208530128,-0.0007256839890033007,0.006008506286889315,5.104739557282301e-06,36.49403547914699,-27.400725302519277
832,4.286303997039795,36.5,-27.062660217285156,0.0001232961512869224,-0.005976885091513395,-0.0007400941685773432,0.006023793946951628,4.286427293191082,36.49402311490849,-27.063400311453734
833,8.467065811157227,36.5,-26.058948516845703,0.00024358523660339415,-0.005988378077745438,-0.0007324739126488566,0.006037923973053694,8.46730939639383,36.494011621922255,-26.059680990758352
834,12.439339637756348,36.5,-24.4135799407959,0.000361402053385973,-0.005997436586767435,-0.0007015190203674138,0.006049131043255329,12.439701039809734,36.49400256341323,-24.414281459816266
835,16.105316162109375,36.5,-22.16706657409668,0.0004719657590612769,-0.006002785172313452,-0.0006474530673585832,0.00605602003633976,16.105788127868436,36.49399721482769,-22.16771402716404
836,19.374725341796875,36.5,-19.374725341796875,0.0005709988181479275,-0.006004105322062969,-0.000572185788769275,0.006058276630938053,19.375296340615023,36.49399589467794,-19.375297527585644
837,22.16706657409668,36.5,-16.105316162109375,0.0006552812992595136,-0.0060022128745913506,-0.0004789198574144393,0.006056840531527996,22.16772185539594,36.49399778712541,-16.10579508196679
838,24.4135799407959,36.5,-12.439339637756348,0.0007226906600408256,-0.005998623091727495,-0.0003714095219038427,0.006053404416888952,24.41430263145594,36.49400137690827,-12.439711047278251
839,26.058948516845703,36.5,-8.467065811157227,0.0007718544220551848,-0.005994913633912802,-0.000253394857281819,0.006049707066267729,26.05972037126776,36.49400508636609,-8.467319206014508
840,27.062660217285156,36.5,-4.286303997039795,0.0008017997024580836,-0.005992259830236435,-0.00012843475269619375,0.006047028582543135,27.063462016987614,36.494007740169764,-4.286432431792491
