node_label,x,y,z,ux,uy,uz,umag,scale_factor,scaled_x,scaled_y,scaled_z
1,39.29999923706055,0.0,0.0,0.0,0.0,0.0,0.0,3.2501366877708615,39.29999923706055,0.0,0.0
2,38.8161506652832,0.0,6.147873878479004,0.0,0.0,0.0,0.0,3.2501366877708615,38.8161506652832,0.0,6.147873878479004
3,37.376522064208984,0.0,12.144368171691895,0.0,0.0,0.0,0.0,3.2501366877708615,37.376522064208984,0.0,12.144368171691895
4,35.01655578613281,0.0,17.841827392578125,0.0,0.0,0.0,0.0,3.2501366877708615,35.01655578613281,0.0,17.841827392578125
5,31.794368743896484,0.0,23.099960327148438,0.0,0.0,0.0,0.0,3.2501366877708615,31.794368743896484,0.0,23.099960327148438
6,27.789297103881836,0.0,27.789297103881836,0.0,0.0,0.0,0.0,3.2501366877708615,27.789297103881836,0.0,27.789297103881836
7,23.099960327148438,0.0,31.794368743896484,0.0,0.0,0.0,0.0,3.2501366877708615,23.099960327148438,0.0,31.794368743896484
8,17.841827392578125,0.0,35.01655578613281,0.0,0.0,0.0,0.0,3.2501366877708615,17.841827392578125,0.0,35.01655578613281
9,12.144368171691895,0.0,37.376522064208984,0.0,0.0,0.0,0.0,3.2501366877708615,12.144368171691895,0.0,37.376522064208984
10,6.147873878479004,0.0,38.8161506652832,0.0,0.0,0.0,0.0,3.2501366877708615,6.147873878479004,0.0,38.8161506652832
11,0.0,0.0,39.29999923706055,0.0,0.0,0.0,0.0,3.2501366877708615,0.0,0.0,39.29999923706055
12,-6.147873878479004,0.0,38.8161506652832,0.0,0.0,0.0,0.0,3.2501366877708615,-6.147873878479004,0.0,38.8161506652832
13,-12.144368171691895,0.0,37.376522064208984,0.0,0.0,0.0,0.0,3.2501366877708615,-12.144368171691895,0.0,37.376522064208984
14,-17.841827392578125,0.0,35.01655578613281,0.0,0.0,0.0,0.0,3.2501366877708615,-17.841827392578125,0.0,35.01655578613281
15,-23.099960327148438,0.0,31.794368743896484,0.0,0.0,0.0,0.0,3.2501366877708615,-23.099960327148438,0.0,31.794368743896484
16,-27.789297103881836,0.0,27.789297103881836,0.0,0.0,0.0,0.0,3.2501366877708615,-27.789297103881836,0.0,27.789297103881836
17,-31.794368743896484,0.0,23.099960327148438,0.0,0.0,0.0,0.0,3.2501366877708615,-31.794368743896484,0.0,23.099960327148438
18,-35.01655578613281,0.0,17.841827392578125,0.0,0.0,0.0,0.0,3.2501366877708615,-35.01655578613281,0.0,17.841827392578125
19,-37.376522064208984,0.0,12.144368171691895,0.0,0.0,0.0,0.0,3.2501366877708615,-37.376522064208984,0.0,12.144368171691895
20,-38.8161506652832,0.0,6.147873878479004,0.0,0.0,0.0,0.0,3.2501366877708615,-38.8161506652832,0.0,6.147873878479004
21,-39.29999923706055,0.0,0.0,0.0,0.0,0.0,0.0,3.2501366877708615,-39.29999923706055,0.0,0.0
22,-38.8161506652832,0.0,-6.147873878479004,0.0,0.0,0.0,0.0,3.2501366877708615,-38.8161506652832,0.0,-6.147873878479004
23,-37.376522064208984,0.0,-12.144368171691895,0.0,0.0,0.0,0.0,3.2501366877708615,-37.376522064208984,0.0,-12.144368171691895
24,-35.01655578613281,0.0,-17.841827392578125,0.0,0.0,0.0,0.0,3.2501366877708615,-35.01655578613281,0.0,-17.841827392578125
25,-31.794368743896484,0.0,-23.099960327148438,0.0,0.0,0.0,0.0,3.2501366877708615,-31.794368743896484,0.0,-23.099960327148438
26,-27.789297103881836,0.0,-27.789297103881836,0.0,0.0,0.0,0.0,3.2501366877708615,-27.789297103881836,0.0,-27.789297103881836
27,-23.099960327148438,0.0,-31.794368743896484,0.0,0.0,0.0,0.0,3.2501366877708615,-23.099960327148438,0.0,-31.794368743896484
28,-17.841827392578125,0.0,-35.01655578613281,0.0,0.0,0.0,0.0,3.2501366877708615,-17.841827392578125,0.0,-35.01655578613281
29,-12.144368171691895,0.0,-37.376522064208984,0.0,0.0,0.0,0.0,3.2501366877708615,-12.144368171691895,0.0,-37.376522064208984
30,-6.147873878479004,0.0,-38.8161506652832,0.0,0.0,0.0,0.0,3.2501366877708615,-6.147873878479004,0.0,-38.8161506652832
31,-0.0,0.0,-39.29999923706055,0.0,0.0,0.0,0.0,3.2501366877708615,0.0,0.0,-39.29999923706055
32,6.147873878479004,0.0,-38.8161506652832,0.0,0.0,0.0,0.0,3.2501366877708615,6.147873878479004,0.0,-38.8161506652832
33,12.144368171691895,0.0,-37.376522064208984,0.0,0.0,0.0,0.0,3.2501366877708615,12.144368171691895,0.0,-37.376522064208984
34,17.841827392578125,0.0,-35.01655578613281,0.0,0.0,0.0,0.0,3.2501366877708615,17.841827392578125,0.0,-35.01655578613281
35,23.099960327148438,0.0,-31.794368743896484,0.0,0.0,0.0,0.0,3.2501366877708615,23.099960327148438,0.0,-31.794368743896484
36,27.789297103881836,0.0,-27.789297103881836,0.0,0.0,0.0,0.0,3.2501366877708615,27.789297103881836,0.0,-27.789297103881836
37,31.794368743896484,0.0,-23.099960327148438,0.0,0.0,0.0,0.0,3.2501366877708615,31.794368743896484,0.0,-23.099960327148438
38,35.01655578613281,0.0,-17.841827392578125,0.0,0.0,0.0,0.0,3.2501366877708615,35.01655578613281,0.0,-17.841827392578125
39,37.376522064208984,0.0,-12.144368171691895,0.0,0.0,0.0,0.0,3.2501366877708615,37.376522064208984,0.0,-12.144368171691895
40,38.8161506652832,0.0,-6.147873878479004,0.0,0.0,0.0,0.0,3.2501366877708615,38.8161506652832,0.0,-6.147873878479004
41,36.94819259643555,1.265373945236206,0.0,-0.1399988979101181,-0.24990488588809967,-3.540559789794173e-10,0.2864474356174469,3.2501366877708615,36.49317704209039,0.45314890715810263,-1.1507303268056332e-09
42,36.4932975769043,1.265373945236206,5.779971122741699,-0.10043416917324066,-0.17717710137367249,0.0001442130742361769,0.20366336405277252,3.2501366877708615,36.16687279896856,0.6895241478287361,5.78043983494513
43,35.13982009887695,1.265373945236206,11.417618751525879,-0.007402052637189627,-0.0013150613522157073,0.02109905332326889,0.022398432716727257,3.2501366877708615,35.11576241603601,1.2610998160887001,11.486193558809068
44,32.92108154296875,1.265373945236206,16.77412986755371,0.08040270954370499,0.17499713599681854,0.05857180431485176,0.2012939453125,3.2501366877708615,33.18240133905293,1.8341385571942928,16.964496237626346
45,29.89171600341797,1.265373945236206,21.71760368347168,0.1126062422990799,0.24836786091327667,0.08160915225744247,0.28465208411216736,3.2501366877708615,30.257701682786223,2.0726034420536172,21.982844583281473
46,26.126317977905273,1.265373945236206,26.126317977905273,0.08059050142765045,0.17596577107906342,0.05824626237154007,0.20211730897426605,3.2501366877708615,26.38824812328113,1.8372867536121589,26.315626292164545
47,21.71760368347168,1.265373945236206,29.89171600341797,0.01797981560230255,0.0014128352049738169,-0.012718417681753635,0.02206871099770069,3.2501366877708615,21.77604054180008,1.2699658527696658,29.850379407500107
48,16.77412986755371,1.265373945236206,32.92108154296875,-0.030155066400766373,-0.17169515788555145,-0.09286078065633774,0.19751374423503876,3.2501366877708615,16.676121779922415,0.7073412134797648,32.61927131290254
49,11.417618751525879,1.265373945236206,35.13982009887695,-0.04215903580188751,-0.242381751537323,-0.12883231043815613,0.2777121961116791,3.2501366877708615,11.28059612254512,0.47760012211859115,34.72109748015162
50,5.779971122741699,1.265373945236206,36.4932975769043,-0.030256474390625954,-0.17152667045593262,-0.09193533658981323,0.19694912433624268,3.2501366877708615,5.681633445282126,0.7078888206561972,36.194495166551185
51,0.0,1.265373945236206,36.94819259643555,-0.021535292267799377,-0.0023400019854307175,-0.0008175221737474203,0.021677471697330475,3.2501366877708615,-0.0699926434814429,1.257768618933901,36.94553553762558
52,-5.779971122741699,1.265373945236206,36.4932975769043,-0.029440581798553467,0.16668714582920074,0.08999824523925781,0.1917055994272232,3.2501366877708615,-5.875657037754497,1.8071299532755032,36.78580417559141
53,-11.417618751525879,1.265373945236206,35.13982009887695,-0.040928393602371216,0.23808060586452484,0.126618891954422,0.2727450430393219,3.2501366877708615,-11.550641625144472,2.0391684570032127,35.551348804982915
54,-16.77412986755371,1.265373945236206,32.92108154296875,-0.02959299646317959,0.17050044238567352,0.091562919318676,0.19578027725219727,3.2501366877708615,-16.870311151059763,1.8195236883150456,33.218673546285785
55,-21.71760368347168,1.265373945236206,29.89171600341797,0.01638190448284149,0.003161828964948654,0.013668748550117016,0.02156846411526203,3.2501366877708615,-21.66436025469644,1.2756503215556423,29.936141304556617
56,-26.126317977905273,1.265373945236206,26.126317977905273,0.076276995241642,-0.16592851281166077,-0.05514395982027054,0.19076506793498993,3.2501366877708615,-25.87840731723749,0.72608359819977,25.94709257098445
57,-29.89171600341797,1.265373945236206,21.71760368347168,0.10714651644229889,-0.23713475465774536,-0.07797104120254517,0.27164819836616516,3.2501366877708615,-29.54347517936201,0.4946535791775257,21.464187141875595
58,-32.92108154296875,1.265373945236206,16.77412986755371,0.07692825049161911,-0.16847974061965942,-0.05608484148979187,0.19351714849472046,3.2501366877708615,-32.67105421371991,0.7177917591021323,16.591846466599925
59,-35.13982009887695,1.265373945236206,11.417618751525879,-0.0062154075130820274,-0.0008707955712452531,-0.020252281799912453,0.021202465519309044,3.2501366877708615,-35.16002102286467,1.2625437406025535,11.35179606743691
60,-36.4932975769043,1.265373945236206,5.779971122741699,-0.09437751024961472,0.16670772433280945,-0.00018695887411013246,0.19156882166862488,3.2501366877708615,-36.80003738546704,1.8071968362250612,5.779363480845849
61,-36.94819259643555,1.265373945236206,0.0,-0.1318662315607071,0.23604539036750793,-3.3444694236273165e-10,0.27038145065307617,3.2501366877708615,-37.37677587350909,2.032553728448838,-1.0869982774859008e-09
62,-36.4932975769043,1.265373945236206,-5.779971122741699,-0.09437751770019531,0.16670772433280945,0.00018695794278755784,0.19156882166862488,3.2501366877708615,-36.800037409682446,1.8071968362250612,-5.779363483872776
63,-35.13982009887695,1.265373945236206,-11.417618751525879,-0.006215411704033613,-0.0008707881206646562,0.020252281799912453,0.021202465519309044,3.2501366877708615,-35.16002103648583,1.2625437648179587,-11.35179606743691
64,-32.92108154296875,1.265373945236206,-16.77412986755371,0.07692825049161911,-0.16847974061965942,0.05608484148979187,0.19351714849472046,3.2501366877708615,-32.67105421371991,0.7177917591021323,-16.591846466599925
65,-29.89171600341797,1.265373945236206,-21.71760368347168,0.10714651644229889,-0.23713475465774536,0.07797104120254517,0.27164819836616516,3.2501366877708615,-29.54347517936201,0.4946535791775257,-21.464187141875595
66,-26.126317977905273,1.265373945236206,-26.126317977905273,0.0762770026922226,-0.16592851281166077,0.05514396354556084,0.19076506793498993,3.2501366877708615,-25.878407293022082,0.72608359819977,-25.947092558876747
67,-21.71760368347168,1.265373945236206,-29.89171600341797,0.01638190820813179,0.0031618215143680573,-0.013668745756149292,0.02156846411526203,3.2501366877708615,-21.664360242588735,1.2756502973402368,-29.936141295475842
68,-16.77412986755371,1.265373945236206,-32.92108154296875,-0.02959299460053444,0.17050044238567352,-0.091562919318676,0.19578027725219727,3.2501366877708615,-16.870311145005914,1.8195236883150456,-33.218673546285785
69,-11.417618751525879,1.265373945236206,-35.13982009887695,-0.040928393602371216,0.23808060586452484,-0.126618891954422,0.2727450430393219,3.2501366877708615,-11.550641625144472,2.0391684570032127,-35.551348804982915
70,-5.779971122741699,1.265373945236206,-36.4932975769043,-0.029440581798553467,0.16668714582920074,-0.08999825268983841,0.1917055994272232,3.2501366877708615,-5.875657037754497,1.8071299532755032,-36.78580419980681
71,-0.0,1.265373945236206,-36.94819259643555,-0.021535292267799377,-0.002339994302019477,0.0008175179245881736,0.021677469834685326,3.2501366877708615,-0.0699926434814429,1.2577686439060378,-36.94553555143593
72,5.779971122741699,1.265373945236206,-36.4932975769043,-0.030256474390625954,-0.17152667045593262,0.09193533658981323,0.19694912433624268,3.2501366877708615,5.681633445282126,0.7078888206561972,-36.194495166551185
73,11.417618751525879,1.265373945236206,-35.13982009887695,-0.04215903952717781,-0.242381751537323,0.12883231043815613,0.2777121961116791,3.2501366877708615,11.280596110437417,0.47760012211859115,-34.72109748015162
74,16.77412986755371,1.265373945236206,-32.92108154296875,-0.030155068263411522,-0.17169515788555145,0.09286078065633774,0.19751374423503876,3.2501366877708615,16.676121773868562,0.7073412134797648,-32.61927131290254
75,21.71760368347168,1.265373945236206,-29.89171600341797,0.017979811877012253,0.0014128274051472545,0.01271842047572136,0.022068709135055542,3.2501366877708615,21.776040529692377,1.2699658274191632,-29.85037939841933
76,26.126317977905273,1.265373945236206,-26.126317977905273,0.08059050142765045,0.17596575617790222,-0.05824625864624977,0.20211729407310486,3.2501366877708615,26.38824812328113,1.8372867051813482,-26.31562628005684
77,29.89171600341797,1.265373945236206,-21.71760368347168,0.1126062422990799,0.24836786091327667,-0.08160915225744247,0.28465208411216736,3.2501366877708615,30.257701682786223,2.0726034420536172,-21.982844583281473
78,32.92108154296875,1.265373945236206,-16.77412986755371,0.08040271699428558,0.17499713599681854,-0.05857180431485176,0.2012939453125,3.2501366877708615,33.18240136326833,1.8341385571942928,-16.964496237626346
79,35.13982009887695,1.265373945236206,-11.417618751525879,-0.007402048446238041,-0.001315053435973823,-0.02109905518591404,0.022398432716727257,3.2501366877708615,35.11576242965718,1.2610998418175685,-11.486193564862921
80,36.4932975769043,1.265373945236206,-5.779971122741699,-0.10043416172266006,-0.17717710137367249,-0.0001442140492144972,0.20366336405277252,3.2501366877708615,36.166872823183965,0.6895241478287361,-5.780439838113943
81,34.59638595581055,2.530747890472412,0.0,-0.37568819522857666,-0.6820475459098816,-6.712320144153239e-10,0.7786722779273987,3.2501366877708615,33.37534796933573,0.3140001387066249,-2.181595796057584e-09
82,34.170448303222656,2.530747890472412,5.41206693649292,-0.26706060767173767,-0.48245730996131897,-0.011809424497187138,0.5515667796134949,3.2501366877708615,33.30246482437036,0.962695687083891,5.373684692673152
83,32.90311813354492,2.530747890472412,10.690871238708496,-0.013235100544989109,-0.0008891986217349768,0.0402594693005085,0.04238848388195038,3.2501366877708615,32.86010224769732,2.527857873409196,10.821720016912263
84,30.825605392456055,2.530747890472412,15.706430435180664,0.2221931666135788,0.4795397222042084,0.1464066356420517,0.5484187006950378,3.2501366877708615,31.54776355503883,4.089317534851757,16.182272013013996
85,27.989063262939453,2.530747890472412,20.33524513244629,0.3016483187675476,0.6763704419136047,0.21842791140079498,0.7721266150474548,3.2501366877708615,28.96946153057026,4.729044278259609,21.045165700923175
86,24.46333885192871,2.530747890472412,24.46333885192871,0.20606330037117004,0.4755425453186035,0.16342495381832123,0.5434247851371765,3.2501366877708615,25.133072744468198,4.076326163608343,24.994492290030895
87,20.33524513244629,2.530747890472412,27.989063262939453,0.03290298208594322,-0.0010074959136545658,-0.02560179866850376,0.04170219972729683,3.2501366877708615,20.442184321660882,2.5274733910406644,27.905853917814024
88,15.706430435180664,2.530747890472412,30.825605392456055,-0.0922463983297348,-0.47027871012687683,-0.2441113144159317,0.537830650806427,3.2501366877708615,15.406617031654468,1.0022778012114915,30.032210253572867
89,10.690871238708496,2.530747890472412,32.90311813354492,-0.11286516487598419,-0.6586784720420837,-0.34435373544692993,0.7517814636230469,3.2501366877708615,10.324044025573752,0.38995282304358225,31.783921424397914
90,5.41206693649292,2.530747890472412,34.170448303222656,-0.06883404403924942,-0.46195244789123535,-0.24578814208507538,0.5277783870697021,3.2501366877708615,5.1883468845933205,1.029339291575551,33.37160324521292
91,0.0,2.530747890472412,34.59638595581055,-0.040641821920871735,-0.0001689334021648392,0.0006634072051383555,0.040647588670253754,3.2501366877708615,-0.13209147648287525,2.530198833824246,34.598542119906895
92,-5.41206693649292,2.530747890472412,34.170448303222656,-0.06712168455123901,0.4570218622684479,0.24435175955295563,0.5225725769996643,3.2501366877708615,-5.630221585997885,4.016131412144456,34.96462492166708
93,-10.690871238708496,2.530747890472412,32.90311813354492,-0.10906807333230972,0.6456080675125122,0.33788901567459106,0.7368002533912659,3.2501366877708615,-11.045357385310318,4.629062356615675,34.00130361978369
94,-15.706430435180664,2.530747890472412,30.825605392456055,-0.08827584236860275,0.45736584067344666,0.23684845864772797,0.522564172744751,3.2501366877708615,-15.993338989106737,4.017249388978343,31.595395257349015
95,-20.33524513244629,2.530747890472412,27.989063262939453,0.03189403563737869,0.002753273583948612,0.024417834356427193,0.04026214778423309,3.2501366877708615,-20.231585157100174,2.5396964059590736,28.06842456221719
96,-24.46333885192871,2.530747890472412,24.46333885192871,0.19594842195510864,-0.4523908495903015,-0.15629449486732483,0.5171858668327332,3.2501366877708615,-23.826479696821607,1.0604157930071436,23.955360380063805
97,-27.989063262939453,2.530747890472412,20.33524513244629,0.285154789686203,-0.6414669156074524,-0.2076306939125061,0.7320543527603149,3.2501366877708615,-27.062271219286743,0.4458927340654162,19.660416996653932
98,-30.825605392456055,2.530747890472412,15.706430435180664,0.2092064917087555,-0.45378249883651733,-0.13856057822704315,0.518541157245636,3.2501366877708615,-30.145655698433597,1.055892742735509,15.256089616406207
99,-32.90311813354492,2.530747890472412,10.690871238708496,-0.012228894978761673,-0.0006117746233940125,-0.03801555559039116,0.03993873670697212,3.2501366877708615,-32.94286371376629,2.528759539324272,10.567315486778174
100,-34.170448303222656,2.530747890472412,5.41206693649292,-0.24967284500598907,0.45153188705444336,0.011058898642659187,0.5160812735557556,3.2501366877708615,-34.98191917671675,3.9982882422864674,5.448009868697766
101,-34.59638595581055,2.530747890472412,0.0,-0.3510335385799408,0.6385092735290527,-6.30324403783078e-10,0.7286416292190552,3.2501366877708615,-35.73729293818724,4.6059903058511065,-2.048640469932676e-09
102,-34.170448303222656,2.530747890472412,-5.41206693649292,-0.24967284500598907,0.45153191685676575,-0.011058900505304337,0.5160812735557556,3.2501366877708615,-34.98191917671675,3.998288339148089,-5.448009874751618
103,-32.90311813354492,2.530747890472412,-10.690871238708496,-0.012228905223309994,-0.0006117544253356755,0.03801555186510086,0.039938732981681824,3.2501366877708615,-32.942863747062475,2.5287596049707224,-10.567315498885876
104,-30.825605392456055,2.530747890472412,-15.706430435180664,0.2092064917087555,-0.45378249883651733,0.13856057822704315,0.518541157245636,3.2501366877708615,-30.145655698433597,1.055892742735509,-15.256089616406207
105,-27.989063262939453,2.530747890472412,-20.33524513244629,0.285154789686203,-0.6414669156074524,0.2076307088136673,0.7320543527603149,3.2501366877708615,-27.062271219286743,0.4458927340654162,-19.66041694822312
106,-24.46333885192871,2.530747890472412,-24.46333885192871,0.19594842195510864,-0.4523908793926239,0.15629449486732483,0.5171859264373779,3.2501366877708615,-23.826479696821607,1.0604156961455222,-23.955360380063805
107,-20.33524513244629,2.530747890472412,-27.989063262939453,0.03189403936266899,0.0027532533276826143,-0.024417826905846596,0.04026214778423309,3.2501366877708615,-20.231585144992472,2.5396963401234407,-28.068424538001782
108,-15.706430435180664,2.530747890472412,-30.825605392456055,-0.08827584236860275,0.45736581087112427,-0.23684844374656677,0.522564172744751,3.2501366877708615,-15.993338989106737,4.017249292116722,-31.595395208918205
109,-10.690871238708496,2.530747890472412,-32.90311813354492,-0.10906807333230972,0.6456080675125122,-0.33788901567459106,0.7368002533912659,3.2501366877708615,-11.045357385310318,4.629062356615675,-34.00130361978369
110,-5.41206693649292,2.530747890472412,-34.170448303222656,-0.06712168455123901,0.4570218622684479,-0.24435175955295563,0.5225725769996643,3.2501366877708615,-5.630221585997885,4.016131412144456,-34.96462492166708
111,-0.0,2.530747890472412,-34.59638595581055,-0.040641821920871735,-0.00016891285486053675,-0.0006634185556322336,0.040647588670253754,3.2501366877708615,-0.13209147648287525,2.530198900605794,-34.598542156797556
112,5.41206693649292,2.530747890472412,-34.170448303222656,-0.06883404403924942,-0.46195241808891296,0.24578814208507538,0.5277783274650574,3.2501366877708615,5.1883468845933205,1.0293393884371722,-33.37160324521292
113,10.690871238708496,2.530747890472412,-32.90311813354492,-0.11286516487598419,-0.6586784720420837,0.34435373544692993,0.7517814636230469,3.2501366877708615,10.324044025573752,0.38995282304358225,-31.783921424397914
114,15.706430435180664,2.530747890472412,-30.825605392456055,-0.0922464057803154,-0.4702787399291992,0.2441113293170929,0.537830650806427,3.2501366877708615,15.406617007439063,1.00227770434987,-30.032210205142057
115,20.33524513244629,2.530747890472412,-27.989063262939453,0.032902974635362625,-0.0010075171012431383,0.025601807981729507,0.04170219972729683,3.2501366877708615,20.442184297445475,2.527473322178105,-27.90585388754477
116,24.46333885192871,2.530747890472412,-24.46333885192871,0.20606330037117004,0.47554251551628113,-0.16342495381832123,0.5434247851371765,3.2501366877708615,25.133072744468198,4.076326066746722,-24.994492290030895
117,27.989063262939453,2.530747890472412,-20.33524513244629,0.3016483187675476,0.6763704419136047,-0.21842791140079498,0.7721266150474548,3.2501366877708615,28.96946153057026,4.729044278259609,-21.045165700923175
118,30.825605392456055,2.530747890472412,-15.706430435180664,0.22219318151474,0.4795397222042084,-0.1464066356420517,0.5484187006950378,3.2501366877708615,31.54776360346964,4.089317534851757,-16.182272013013996
119,32.90311813354492,2.530747890472412,-10.690871238708496,-0.013235089369118214,-0.0008891770849004388,-0.0402594730257988,0.04238848388195038,3.2501366877708615,32.86010228402043,2.527857943406852,-10.821720029019966
120,34.170448303222656,2.530747890472412,-5.41206693649292,-0.26706060767173767,-0.48245730996131897,0.011809421703219414,0.5515667796134949,3.2501366877708615,33.30246482437036,0.962695687083891,-5.373684701753929
121,33.058956146240234,3.6159470081329346,0.0,-0.4346476197242737,-0.7628268003463745,-4.521551744129937e-10,0.8779653906822205,3.2501366877708615,31.646291971122096,1.1366556379123245,-1.4695661209251035e-09
122,32.65194320678711,3.6159470081329346,5.171559810638428,-0.30581480264663696,-0.5383363962173462,-0.02781263366341591,0.6197598576545715,3.2501366877708615,31.65800329704187,1.866280136424587,5.081164949585429
123,31.440935134887695,3.6159470081329346,10.215779304504395,-0.006835058331489563,0.002137689618393779,0.027756288647651672,0.028665298596024513,3.2501366877708615,31.418720261041468,3.622894791588743,10.305991036554484
124,29.455745697021484,3.6159470081329346,15.008452415466309,0.26520398259162903,0.538710355758667,0.15714071691036224,0.6206731796264648,3.2501366877708615,30.317694890585482,5.366829299466271,15.519181224639292
125,26.745256423950195,3.6159470081329346,19.43156623840332,0.34827274084091187,0.7551020979881287,0.2519708275794983,0.8688856959342957,3.2501366877708615,27.877190436307757,6.070132039816899,20.250505869367434
126,23.376211166381836,3.6159470081329346,23.376211166381836,0.22571466863155365,0.5267884135246277,0.1965658813714981,0.6058805584907532,3.2501366877708615,24.109814691869293,5.328081357621935,24.015077148991356
127,19.43156623840332,3.6159470081329346,26.745256423950195,0.019323697313666344,-0.006745469756424427,-0.020988795906305313,0.029316142201423645,3.2501366877708615,19.494370895985845,3.5940233094013307,26.677039968342978
128,15.008452415466309,3.6159470081329346,29.455745697021484,-0.12030351161956787,-0.5285689830780029,-0.2775301933288574,0.6090000867843628,3.2501366877708615,14.617449558683884,1.8980255642133816,28.553734633719223
129,10.215779304504395,3.6159470081329346,31.440935134887695,-0.13022629916667938,-0.7345097064971924,-0.39677244424819946,0.8449211716651917,3.2501366877708615,9.792526031870146,1.2286900635226021,30.151370457140104
130,5.171559810638428,3.6159470081329346,32.65194320678711,-0.06523251533508301,-0.510399580001831,-0.28203365206718445,0.5867759585380554,3.2501366877708615,4.959545219312299,1.9570786077461446,31.73529528701755
131,0.0,3.6159470081329346,33.058956146240234,-0.027333779260516167,0.006997250020503998,0.0058968691155314445,0.0288248173892498,3.2501366877708615,-0.08883851879003388,3.63868902713808,33.07812177689561
132,-5.171559810638428,3.6159470081329346,32.65194320678711,-0.06413133442401886,0.5145600438117981,0.28722506761550903,0.5927757620811462,3.2501366877708615,-5.379995413485634,5.288337484586641,33.58546393669174
133,-10.215779304504395,3.6159470081329346,31.440935134887695,-0.1251087486743927,0.7186925411224365,0.3886169195175171,0.826555609703064,3.2501366877708615,-10.622399838532143,5.951796003262234,32.703993242500076
134,-15.008452415466309,3.6159470081329346,29.455745697021484,-0.11154446005821228,0.5033490061759949,0.26257893443107605,0.5785759091377258,3.2501366877708615,-15.370987157419096,5.251900079858538,30.309163125251704
135,-19.43156623840332,3.6159470081329346,26.745256423950195,0.024014923721551895,-0.003831574460491538,0.012797684408724308,0.027480507269501686,3.2501366877708615,-19.353514453761886,3.603493867406965,26.786850647565505
136,-23.376211166381836,3.6159470081329346,23.376211166381836,0.21710774302482605,-0.506659209728241,-0.19099128246307373,0.5833669900894165,3.2501366877708615,-22.67058132557772,1.9692353223981873,22.75546339220419
137,-26.745256423950195,3.6159470081329346,19.43156623840332,0.32674968242645264,-0.7123401761054993,-0.23818421363830566,0.8191004395484924,3.2501366877708615,-25.683275293378504,1.300744067599295,18.65743498720961
138,-29.455745697021484,3.6159470081329346,15.008452415466309,0.2443380057811737,-0.5015062689781189,-0.1461525857448578,0.5766889452934265,3.2501366877708615,-28.661613780215323,1.9859830841800685,14.53343653452437
139,-31.440935134887695,3.6159470081329346,10.215779304504395,-0.009613331407308578,0.0014717697631567717,-0.025023484602570534,0.02684691920876503,3.2501366877708615,-31.472179775986287,3.620730461036122,10.13444955914171
140,-32.65194320678711,3.6159470081329346,5.171559810638428,-0.2846413552761078,0.502202570438385,0.026053661480545998,0.5778467655181885,3.2501366877708615,-33.577066518426804,5.2481740070075595,5.256237771667113
141,-33.058956146240234,3.6159470081329346,0.0,-0.4024461805820465,0.7091580629348755,-4.226681504793106e-10,0.815394401550293,3.2501366877708615,-34.3669612426032,5.920807645906091,-1.3737292626250626e-09
142,-32.65194320678711,3.6159470081329346,-5.171559810638428,-0.2846413552761078,0.502202570438385,-0.026053663343191147,0.5778467655181885,3.2501366877708615,-33.577066518426804,5.2481740070075595,-5.256237777720964
143,-31.440935134887695,3.6159470081329346,-10.215779304504395,-0.009613343514502048,0.0014717922313138843,0.025023480877280235,0.02684692107141018,3.2501366877708615,-31.47217981533632,3.620730534060704,-10.134449571249414
144,-29.455745697021484,3.6159470081329346,-15.008452415466309,0.2443379908800125,-0.5015062689781189,0.1461525857448578,0.5766889452934265,3.2501366877708615,-28.661613828646132,1.9859830841800685,-14.53343653452437
145,-26.745256423950195,3.6159470081329346,-19.43156623840332,0.32674968242645264,-0.7123401761054993,0.23818421363830566,0.8191004395484924,3.2501366877708615,-25.683275293378504,1.300744067599295,-18.65743498720961
146,-23.376211166381836,3.6159470081329346,-23.376211166381836,0.21710775792598724,-0.506659209728241,0.19099129736423492,0.5833669900894165,3.2501366877708615,-22.67058127714691,1.9692353223981873,-22.755463343773382
147,-19.43156623840332,3.6159470081329346,-26.745256423950195,0.024014931172132492,-0.0038315970450639725,-0.012797673232853413,0.027480510994791985,3.2501366877708615,-19.35351442954648,3.603493794004018,-26.786850611242397
148,-15.008452415466309,3.6159470081329346,-29.455745697021484,-0.11154445260763168,0.5033490061759949,-0.26257890462875366,0.5785759091377258,3.2501366877708615,-15.370987133203691,5.251900079858538,-30.30916302839008
149,-10.215779304504395,3.6159470081329346,-31.440935134887695,-0.1251087486743927,0.7186925411224365,-0.3886169195175171,0.826555609703064,3.2501366877708615,-10.622399838532143,5.951796003262234,-32.703993242500076
150,-5.171559810638428,3.6159470081329346,-32.65194320678711,-0.06413133442401886,0.5145600438117981,-0.28722506761550903,0.5927757620811462,3.2501366877708615,-5.379995413485634,5.288337484586641,-33.58546393669174
151,-0.0,3.6159470081329346,-33.058956146240234,-0.027333779260516167,0.006997272837907076,-0.005896882154047489,0.0288248248398304,3.2501366877708615,-0.08883851879003388,3.638689101297759,-33.07812181927257
152,5.171559810638428,3.6159470081329346,-32.65194320678711,-0.06523251533508301,-0.5103995203971863,0.28203365206718445,0.5867758989334106,3.2501366877708615,4.959545219312299,1.9570788014693874,-31.73529528701755
153,10.215779304504395,3.6159470081329346,-31.440935134887695,-0.13022629916667938,-0.7345097064971924,0.39677244424819946,0.8449211716651917,3.2501366877708615,9.792526031870146,1.2286900635226021,-30.151370457140104
154,15.008452415466309,3.6159470081329346,-29.455745697021484,-0.12030351907014847,-0.5285689830780029,0.2775301933288574,0.6090000867843628,3.2501366877708615,14.617449534468477,1.8980255642133816,-28.553734633719223
155,19.43156623840332,3.6159470081329346,-26.745256423950195,0.019323689863085747,-0.006745493039488792,0.02098880708217621,0.02931615151464939,3.2501366877708615,19.494370871770442,3.594023233728189,-26.67703993201987
156,23.376211166381836,3.6159470081329346,-23.376211166381836,0.22571466863155365,0.5267884135246277,-0.19656586647033691,0.6058805584907532,3.2501366877708615,24.109814691869293,5.328081357621935,-24.015077100560546
157,26.745256423950195,3.6159470081329346,-19.43156623840332,0.34827274084091187,0.7551020979881287,-0.2519708275794983,0.8688856959342957,3.2501366877708615,27.877190436307757,6.070132039816899,-20.250505869367434
158,29.455745697021484,3.6159470081329346,-15.008452415466309,0.26520398259162903,0.538710355758667,-0.15714071691036224,0.6206731796264648,3.2501366877708615,30.317694890585482,5.366829299466271,-15.519181224639292
159,31.440935134887695,3.6159470081329346,-10.215779304504395,-0.006835045292973518,0.002137713599950075,-0.02775629423558712,0.02866530232131481,3.2501366877708615,31.418720303418425,3.622894869532079,-10.305991054716038
160,32.65194320678711,3.6159470081329346,-5.171559810638428,-0.3058147728443146,-0.5383363962173462,0.02781263180077076,0.6197598576545715,3.2501366877708615,31.658003393903492,1.866280136424587,-5.08116495563928
161,31.521526336669922,4.701147079467773,0.0,-0.26332899928092957,-0.5200278162956238,-2.136185950352143e-10,0.5828988552093506,3.2501366877708615,30.665671095152987,3.0109855950640005,-6.942896329140164e-10
162,31.13344383239746,4.701147079467773,4.931053161621094,-0.18383696675300598,-0.36571022868156433,-0.01919974945485592,0.4097665548324585,3.2501366877708615,30.535948562185006,3.5125388481367494,4.868651351521858
163,29.97875213623047,4.701147079467773,9.740687370300293,-0.0004256087704561651,0.004664263222366571,0.013950875028967857,0.014716093428432941,3.2501366877708615,29.977368849550974,4.716306572488207,9.786029621058448
164,28.085886001586914,4.701147079467773,14.310473442077637,0.16401010751724243,0.369787335395813,0.0932726338505745,0.41514068841934204,3.2501366877708615,28.618941269193947,5.903006464910733,14.613622251320407
165,25.501449584960938,4.701147079467773,18.52788734436035,0.21068423986434937,0.5136435031890869,0.1514209359884262,0.5754526853561401,3.2501366877708615,26.186202162479177,6.370558673617774,19.02002608371294
166,22.289085388183594,4.701147079467773,22.289085388183594,0.13228173553943634,0.35426583886146545,0.11768601834774017,0.39604640007019043,3.2501366877708615,22.71901910998232,5.852559479575342,22.671581034053258
167,18.52788734436035,4.701147079467773,25.501449584960938,0.005635388661175966,-0.010301109403371811,-0.014269369654357433,0.018479323014616966,3.2501366877708615,18.546203127797888,4.667667065871133,25.455072183135947
168,14.310473442077637,4.701147079467773,28.085886001586914,-0.07721217721700668,-0.36355525255203247,-0.16880162060260773,0.40820106863975525,3.2501366877708615,14.059523312161978,3.5195428151166115,27.5372576615112
169,9.740687370300293,4.701147079467773,29.97875213623047,-0.07950685918331146,-0.499591201543808,-0.23882439732551575,0.5594191551208496,3.2501366877708615,9.48227921033918,3.0774073864427165,29.202540200548043
170,4.931053161621094,4.701147079467773,31.13344383239746,-0.03676788881421089,-0.3425273001194,-0.1664440929889679,0.3825969994068146,3.2501366877708615,4.811552497254147,3.5878865347866107,30.59247777931127
171,0.0,4.701147079467773,31.521526336669922,-0.012637761421501637,0.012040823698043823,0.009539837948977947,0.019892284646630287,3.2501366877708615,-0.0410744520473177,4.740281402319766,31.552532113983283
172,-4.931053161621094,4.701147079467773,31.13344383239746,-0.03590242937207222,0.355400949716568,0.17793922126293182,0.3990754187107086,3.2501366877708615,-5.047740964503368,5.856248745010198,31.711770623617493
173,-9.740687370300293,4.701147079467773,29.97875213623047,-0.07422883063554764,0.48824018239974976,0.23400776088237762,0.5464869737625122,3.2501366877708615,-9.981941216039216,6.287994408729137,30.739309345097396
174,-14.310473442077637,4.701147079467773,28.085886001586914,-0.06668289750814438,0.33597511053085327,0.1526988297700882,0.375023752450943,3.2501366877708615,-14.527201973715721,5.79311211238197,28.582178070402357
175,-18.52788734436035,4.701147079467773,25.501449584960938,0.014772149734199047,-0.009945633821189404,0.0006624913075938821,0.01782052032649517,3.2501366877708615,-18.479875838551987,4.668822410102391,25.50360277226508
176,-22.289085388183594,4.701147079467773,22.289085388183594,0.13023237884044647,-0.34773337841033936,-0.11917150020599365,0.3899754285812378,3.2501366877708615,-21.865812355778584,3.5709660687338216,21.901761723227402
177,-25.501449584960938,4.701147079467773,18.52788734436035,0.19510623812675476,-0.4823339283466339,-0.14298948645591736,0.5395910143852234,3.2501366877708615,-24.867327642412214,3.1334958831917366,18.06315196846446
178,-28.085886001586914,4.701147079467773,14.310473442077637,0.14525620639324188,-0.3368191719055176,-0.08431947976350784,0.3763725459575653,3.2501366877708615,-27.613783476061823,3.60643873171305,14.036423607404506
179,-29.97875213623047,4.701147079467773,9.740687370300293,-0.006515467073768377,0.003510808339342475,-0.010710395872592926,0.013018819503486156,3.2501366877708615,-29.999928294804885,4.712557686455202,9.705877119734229
180,-31.13344383239746,4.701147079467773,4.931053161621094,-0.1705496460199356,0.3409843146800995,0.018477821722626686,0.38170528411865234,3.2501366877708615,-31.687753494013187,5.809392710563969,4.991108607911892
181,-31.521526336669922,4.701147079467773,0.0,-0.2407805174589157,0.4803084433078766,-1.9264795314555272e-10,0.5372815728187561,3.2501366877708615,-32.3040959301636,6.262215172508814,-6.261321803423229e-10
182,-31.13344383239746,4.701147079467773,-4.931053161621094,-0.1705496609210968,0.3409843146800995,-0.018477821722626686,0.38170528411865234,3.2501366877708615,-31.687753542444,5.809392710563969,-4.991108607911892
183,-29.97875213623047,4.701147079467773,-9.740687370300293,-0.006515474524348974,0.003510823706164956,0.010710393078625202,0.013018825091421604,3.2501366877708615,-29.99992831902029,4.712557736399476,-9.705877128815006
184,-28.085886001586914,4.701147079467773,-14.310473442077637,0.14525620639324188,-0.3368191719055176,0.08431947976350784,0.3763725459575653,3.2501366877708615,-27.613783476061823,3.60643873171305,-14.036423607404506
185,-25.501449584960938,4.701147079467773,-18.52788734436035,0.19510623812675476,-0.4823339283466339,0.14298948645591736,0.5395910143852234,3.2501366877708615,-24.867327642412214,3.1334958831917366,-18.06315196846446
186,-22.289085388183594,4.701147079467773,-22.289085388183594,0.13023237884044647,-0.34773337841033936,0.11917150020599365,0.3899754285812378,3.2501366877708615,-21.865812355778584,3.5709660687338216,-21.901761723227402
187,-18.52788734436035,4.701147079467773,-25.501449584960938,0.014772153459489346,-0.009945648722350597,-0.0006624850793741643,0.017820531502366066,3.2501366877708615,-18.479875826444285,4.66882236167158,-25.503602752022513
188,-14.310473442077637,4.701147079467773,-28.085886001586914,-0.06668289005756378,0.33597511053085327,-0.1526988297700882,0.375023752450943,3.2501366877708615,-14.527201949500316,5.79311211238197,-28.582178070402357
189,-9.740687370300293,4.701147079467773,-29.97875213623047,-0.07422883063554764,0.48824018239974976,-0.23400776088237762,0.5464869737625122,3.2501366877708615,-9.981941216039216,6.287994408729137,-30.739309345097396
190,-4.931053161621094,4.701147079467773,-31.13344383239746,-0.03590242937207222,0.3554009795188904,-0.17793923616409302,0.399075448513031,3.2501366877708615,-5.047740964503368,5.856248841871819,-31.711770672048303
191,-0.0,4.701147079467773,-31.521526336669922,-0.012637761421501637,0.012040839530527592,-0.009539845399558544,0.019892297685146332,3.2501366877708615,-0.0410744520473177,4.740281453777503,-31.55253213819869
192,4.931053161621094,4.701147079467773,-31.13344383239746,-0.03676788881421089,-0.34252727031707764,0.1664440929889679,0.3825969994068146,3.2501366877708615,4.811552497254147,3.5878866316482325,-30.59247777931127
193,9.740687370300293,4.701147079467773,-29.97875213623047,-0.07950685918331146,-0.499591201543808,0.23882439732551575,0.5594191551208496,3.2501366877708615,9.48227921033918,3.0774073864427165,-29.202540200548043
194,14.310473442077637,4.701147079467773,-28.085886001586914,-0.07721217721700668,-0.36355528235435486,0.16880162060260773,0.4082011282444,3.2501366877708615,14.059523312161978,3.51954271825499,-27.5372576615112
195,18.52788734436035,4.701147079467773,-25.501449584960938,0.005635384004563093,-0.010301126167178154,0.014269376173615456,0.01847933605313301,3.2501366877708615,18.54620311266326,4.667667011386471,-25.455072161947466
196,22.289085388183594,4.701147079467773,-22.289085388183594,0.13228172063827515,0.35426580905914307,-0.11768601089715958,0.39604637026786804,3.2501366877708615,22.719019061551506,5.8525593827137214,-22.671581009837855
197,25.501449584960938,4.701147079467773,-18.52788734436035,0.21068423986434937,0.5136435031890869,-0.1514209359884262,0.5754526853561401,3.2501366877708615,26.186202162479177,6.370558673617774,-19.02002608371294
198,28.085886001586914,4.701147079467773,-14.310473442077637,0.16401012241840363,0.369787335395813,-0.0932726338505745,0.41514068841934204,3.2501366877708615,28.618941317624756,5.903006464910733,-14.613622251320407
199,29.97875213623047,4.701147079467773,-9.740687370300293,-0.00042560085421428084,0.004664279520511627,-0.013950876891613007,0.014716099947690964,3.2501366877708615,29.97736887527984,4.716306625459406,-9.786029627112299
200,31.13344383239746,4.701147079467773,-4.931053161621094,-0.18383696675300598,-0.36571019887924194,0.01919974759221077,0.4097665250301361,3.2501366877708615,30.535948562185006,3.5125389449983713,-4.868651357575709
201,29.819461822509766,6.663549900054932,0.0,0.3556506633758545,0.014109735377132893,1.0478000689317923e-09,0.3559304177761078,3.2501366877708615,30.975375091577675,6.709408468658889,3.405493445484056e-09
202,29.452335357666016,6.663549900054932,4.664792060852051,0.2568230628967285,0.011554018594324589,-0.006603550631552935,0.25716760754585266,3.2501366877708615,30.287045416652358,6.701102039779533,4.643329618674888
203,28.359994888305664,6.663549900054932,9.214720726013184,0.0234348326921463,0.003976142033934593,-0.06193618103861809,0.06634072214365005,3.2501366877708615,28.43616129781018,6.676472905155211,9.013419671719152
204,26.5693359375,6.663549900054932,13.537752151489258,-0.19949617981910706,-0.006771931890398264,-0.15445013344287872,0.2523874342441559,3.2501366877708615,25.920946084399787,6.641540195770863,13.035768106355452
205,24.124452590942383,6.663549900054932,17.52743911743164,-0.28574904799461365,-0.015427949838340282,-0.20845924317836761,0.35404208302497864,3.2501366877708615,23.195729126559492,6.613406954268253,16.84991808327268
206,21.08554458618164,6.663549900054932,21.08554458618164,-0.21082261204719543,-0.01602139137685299,-0.14619693160057068,0.25705328583717346,3.2501366877708615,20.400342280155368,6.611478188151886,20.610384575147098
207,17.52743911743164,6.663549900054932,24.124452590942383,-0.05542232468724251,-0.00727715902030468,0.034337855875492096,0.06560243666172028,3.2501366877708615,17.347308986644084,6.639898138540297,24.236055316102707
208,13.537752151489258,6.663549900054932,26.5693359375,0.06877925246953964,0.005578210111707449,0.23695549368858337,0.24679872393608093,3.2501366877708615,13.761294123297963,6.681679845391087,27.33947368090612
209,9.214720726013184,6.663549900054932,28.359994888305664,0.10567939281463623,0.01497257687151432,0.32814353704452515,0.3450659215450287,3.2501366877708615,9.558193197741382,6.71221282145551,29.42650623690897
210,4.664792060852051,6.663549900054932,29.452335357666016,0.08231707662343979,0.016255229711532593,0.23579852283000946,0.2502824068069458,3.2501366877708615,4.932333811615938,6.716381618508526,30.218712787638005
211,0.0,6.663549900054932,29.819461822509766,0.06333611160516739,0.009199745021760464,0.006289195269346237,0.06430903822183609,3.2501366877708615,0.20585101998870436,6.693450328868293,29.839902566791224
212,-4.664792060852051,6.663549900054932,29.452335357666016,0.08125496655702591,-0.0029728305526077747,-0.22406689822673798,0.23836354911327362,3.2501366877708615,-4.400702312981466,6.653887794409375,28.724087311224274
213,-9.214720726013184,6.663549900054932,28.359994888305664,0.10499398410320282,-0.014238432981073856,-0.32019492983818054,0.3372703194618225,3.2501366877708615,-8.873475926284133,6.617273046646777,27.319317599600378
214,-13.537752151489258,6.663549900054932,26.5693359375,0.07170843333005905,-0.01750720478594303,-0.236721932888031,0.24796345829963684,3.2501366877708615,-13.304689941500662,6.60664909147982,25.79995729862058
215,-17.52743911743164,6.663549900054932,24.124452590942383,-0.04587675631046295,-0.009515064768493176,-0.04286381974816322,0.06350212544202805,3.2501366877708615,-17.6765448462322,6.632624638964336,23.98513931780088
216,-21.08554458618164,6.663549900054932,21.08554458618164,-0.19574089348316193,0.004886172711849213,0.1328829675912857,0.23663528263568878,3.2501366877708615,-21.721729245388314,6.679430629248498,21.517432394329944
217,-24.124452590942383,6.663549900054932,17.52743911743164,-0.271475613117218,0.015456647612154484,0.19653862714767456,0.3355076014995575,3.2501366877708615,-25.006785440969743,6.713786117529141,18.166216520088415
218,-26.5693359375,6.663549900054932,13.537752151489258,-0.1939435601234436,0.01471825409680605,0.14765778183937073,0.24419981241226196,3.2501366877708615,-27.1996790176141,6.711386237674895,14.017660125480262
219,-28.359994888305664,6.663549900054932,9.214720726013184,0.016284601762890816,0.0035601872950792313,0.059796761721372604,0.062076691538095474,3.2501366877708615,-28.307067706670356,6.675120995398005,9.409068375093709
220,-29.452335357666016,6.663549900054932,4.664792060852051,0.2391609102487564,-0.009715309366583824,0.006510820239782333,0.23944668471813202,3.2501366877708615,-28.675029708985857,6.631973816649554,4.685953116580849
221,-29.819461822509766,6.663549900054932,0.0,0.33402177691459656,-0.015516644343733788,9.77295910864484e-10,0.33438196778297424,3.2501366877708615,-28.73384539084522,6.61311868500227,3.1763452947091016e-09
222,-29.452335357666016,6.663549900054932,-4.664792060852051,0.2391609102487564,-0.009715309366583824,-0.0065108174458146095,0.23944668471813202,3.2501366877708615,-28.675029708985857,6.631973816649554,-4.6859531075000715
223,-28.359994888305664,6.663549900054932,-9.214720726013184,0.016284611076116562,0.0035601865965873003,-0.059796757996082306,0.062076691538095474,3.2501366877708615,-28.307067676401097,6.67512099312781,-9.409068362986007
224,-26.5693359375,6.663549900054932,-13.537752151489258,-0.1939435601234436,0.01471825409680605,-0.14765778183937073,0.24419981241226196,3.2501366877708615,-27.1996790176141,6.711386237674895,-14.017660125480262
225,-24.124452590942383,6.663549900054932,-17.52743911743164,-0.271475613117218,0.015456647612154484,-0.19653864204883575,0.3355076014995575,3.2501366877708615,-25.006785440969743,6.713786117529141,-18.166216568519225
226,-21.08554458618164,6.663549900054932,-21.08554458618164,-0.19574089348316193,0.0048861731775105,-0.1328829824924469,0.23663529753684998,3.2501366877708615,-21.721729245388314,6.679430630761961,-21.517432442760754
227,-17.52743911743164,6.663549900054932,-24.124452590942383,-0.04587676376104355,-0.009515064768493176,0.042863812297582626,0.06350213289260864,3.2501366877708615,-17.676544870447604,6.632624638964336,-23.985139342016286
228,-13.537752151489258,6.663549900054932,-26.5693359375,0.07170843333005905,-0.01750720478594303,0.236721932888031,0.24796345829963684,3.2501366877708615,-13.304689941500662,6.60664909147982,-25.79995729862058
229,-9.214720726013184,6.663549900054932,-28.359994888305664,0.10499398410320282,-0.014238432981073856,0.32019492983818054,0.3372703194618225,3.2501366877708615,-8.873475926284133,6.617273046646777,-27.319317599600378
230,-4.664792060852051,6.663549900054932,-29.452335357666016,0.08125496655702591,-0.002972831018269062,0.22406691312789917,0.23836356401443481,3.2501366877708615,-4.400702312981466,6.653887792895913,-28.724087262793464
231,-0.0,6.663549900054932,-29.819461822509766,0.06333611160516739,0.009199744090437889,-0.006289184559136629,0.06430903822183609,3.2501366877708615,0.20585101998870436,6.693450325841367,-29.83990253198158
232,4.664792060852051,6.663549900054932,-29.452335357666016,0.08231707662343979,0.016255227848887444,-0.23579850792884827,0.2502823770046234,3.2501366877708615,4.932333811615938,6.716381612454676,-30.218712739207195
233,9.214720726013184,6.663549900054932,-28.359994888305664,0.10567939281463623,0.014972577802836895,-0.32814353704452515,0.3450659215450287,3.2501366877708615,9.558193197741382,6.712212824482435,-29.42650623690897
234,13.537752151489258,6.663549900054932,-26.5693359375,0.06877925992012024,0.005578210577368736,-0.23695549368858337,0.24679872393608093,3.2501366877708615,13.761294147513368,6.681679846904549,-27.33947368090612
235,17.52743911743164,6.663549900054932,-24.124452590942383,-0.05542232096195221,-0.0072771585546433926,-0.03433786332607269,0.06560243666172028,3.2501366877708615,17.34730899875179,6.639898140053759,-24.236055340318114
236,21.08554458618164,6.663549900054932,-21.08554458618164,-0.21082261204719543,-0.01602139137685299,0.14619693160057068,0.25705328583717346,3.2501366877708615,20.400342280155368,6.611478188151886,-20.610384575147098
237,24.124452590942383,6.663549900054932,-17.52743911743164,-0.28574904799461365,-0.015427949838340282,0.20845922827720642,0.35404208302497864,3.2501366877708615,23.195729126559492,6.613406954268253,-16.84991813170349
238,26.5693359375,6.663549900054932,-13.537752151489258,-0.19949619472026825,-0.006771932356059551,0.15445013344287872,0.25238746404647827,3.2501366877708615,25.920946035968978,6.6415401942573995,-13.035768106355452
239,28.359994888305664,6.663549900054932,-9.214720726013184,0.023434823378920555,0.003976141568273306,0.061936184763908386,0.06634072214365005,3.2501366877708615,28.436161267540925,6.676472903641748,-9.01341965961145
240,29.452335357666016,6.663549900054932,-4.664792060852051,0.2568230628967285,0.011554018594324589,0.006603552959859371,0.25716760754585266,3.2501366877708615,30.287045416652358,6.701102039779533,-4.643329611107574
241,28.11739730834961,8.625953674316406,0.0,0.8845365643501282,0.4685499966144562,2.4208663962355104e-09,1.0009715557098389,3.2501366877708615,30.992262047818752,10.148805208367964,7.868146690596664e-09
242,27.77122688293457,8.625953674316406,4.398530006408691,0.6342335939407349,0.3315121829509735,-0.009093829430639744,0.7157061100006104,3.2501366877708615,29.83257275521812,9.703413582568372,4.368973817743838
243,26.741233825683594,8.625953674316406,8.688754081726074,0.0467822328209877,0.0008862324175424874,-0.14542998373508453,0.15277186036109924,3.2501366877708615,26.893282476910922,8.628834050810553,8.216086756086757
244,25.052785873413086,8.625953674316406,12.765030860900879,-0.5061609745025635,-0.32905834913253784,-0.3787998855113983,0.7127185463905334,3.2501366877708615,23.407693520264452,7.5564690613834316,11.533879455676882
245,22.747453689575195,8.625953674316406,16.526992797851562,-0.7091541290283203,-0.46466439962387085,-0.5152074694633484,0.9920943975448608,3.2501366877708615,20.44260583753606,7.115730861597843,14.852498099535149
246,19.882003784179688,8.625953674316406,19.882003784179688,-0.5103796124458313,-0.32755038142204285,-0.3593737781047821,0.7049298882484436,3.2501366877708615,18.22320028107922,7.561370162563286,18.71398988333851
247,16.526992797851562,8.625953674316406,22.747453689575195,-0.11973978579044342,-0.0007853858987800777,0.09045311063528061,0.15006664395332336,3.2501366877708615,16.13782212706822,8.623401062792723,23.041438662973917
248,12.765030860900879,8.625953674316406,25.052785873413086,0.18336379528045654,0.32188740372657776,0.5917774438858032,0.6981649994850159,3.2501366877708615,13.360988259150796,9.672131734499468,26.976143454781596
249,8.688754081726074,8.625953674316406,26.741233825683594,0.26401588320732117,0.4523761570453644,0.8119550347328186,0.9662399291992188,3.2501366877708615,9.546841789892415,10.096238019002339,29.38019867288899
250,4.398530006408691,8.625953674316406,27.77122688293457,0.19628959894180298,0.31835252046585083,0.5736717581748962,0.6848191022872925,3.2501366877708615,5.036498033357274,9.660642880726792,29.635738510916813
251,0.0,8.625953674316406,28.11739730834961,0.14620758593082428,0.001999421278014779,-0.002137255622074008,0.1462368667125702,3.2501366877708615,0.47519463906418286,8.632452066766392,28.11045093544116
252,-4.398530006408691,8.625953674316406,27.77122688293457,0.194271057844162,-0.31129732728004456,-0.5694804787635803,0.6774623990058899,3.2501366877708615,-3.7671225139373252,7.61419481011852,25.920337485935743
253,-8.688754081726074,8.625953674316406,26.741233825683594,0.2575133740901947,-0.4407478868961334,-0.7925472259521484,0.9427103996276855,3.2501366877708615,-7.85180041700387,7.193462797057801,24.165347009825492
254,-12.765030860900879,8.625953674316406,25.052785873413086,0.1758090853691101,-0.3129929006099701,-0.569646954536438,0.6733283400535583,3.2501366877708615,-12.193627302499294,7.608683965032124,23.20135540739727
255,-16.526992797851562,8.625953674316406,22.747453689575195,-0.115872822701931,-0.0035752695985138416,-0.0852009728550911,0.14386972784996033,3.2501366877708615,-16.903595310030678,8.614333559425605,22.470538881865096
256,-19.882003784179688,8.625953674316406,19.882003784179688,-0.4843449890613556,0.3065551519393921,0.3407854735851288,0.666858971118927,3.2501366877708615,-21.456191202665977,9.622299820459796,20.98960315453808
257,-22.747453689575195,8.625953674316406,16.526992797851562,-0.6672219634056091,0.43606385588645935,0.4846811592578888,0.9328733682632446,3.2501366877708615,-24.91601627172627,10.043220810543813,18.10227281542694
258,-25.052785873413086,8.625953674316406,12.765030860900879,-0.4734606444835663,0.3094388246536255,0.3546834886074066,0.6676209568977356,3.2501366877708615,-26.591597684264762,9.63167215094385,13.91780067977037
259,-26.741233825683594,8.625953674316406,8.688754081726074,0.04358925670385361,0.0014648502692580223,0.13602732121944427,0.1428481638431549,3.2501366877708615,-26.599562783277737,8.630714637918613,9.130861468960582
260,-27.77122688293457,8.625953674316406,4.398530006408691,0.5896399617195129,-0.3068307042121887,0.008810970932245255,0.6647540926933289,3.2501366877708615,-25.854816410774173,7.628711945621802,4.427166866290464
261,-28.11739730834961,8.625953674316406,0.0,0.8217453360557556,-0.4345526695251465,2.2552728573543845e-09,0.9295705556869507,3.2501366877708615,-25.446612643630203,7.213598100323961,7.329945054621306e-09
262,-27.77122688293457,8.625953674316406,-4.398530006408691,0.5896399617195129,-0.3068307042121887,-0.008810965344309807,0.6647540926933289,3.2501366877708615,-25.854816410774173,7.628711945621802,-4.42716684812891
263,-26.741233825683594,8.625953674316406,-8.688754081726074,0.0435892790555954,0.0014648365322500467,-0.13602730631828308,0.1428481638431549,3.2501366877708615,-26.59956271063152,8.63071459327146,-9.13086142052977
264,-25.052785873413086,8.625953674316406,-12.765030860900879,-0.4734606146812439,0.3094388246536255,-0.3546834886074066,0.6676208972930908,3.2501366877708615,-26.59159758740314,9.63167215094385,-13.91780067977037
265,-22.747453689575195,8.625953674316406,-16.526992797851562,-0.6672219634056091,0.43606385588645935,-0.4846811592578888,0.9328733682632446,3.2501366877708615,-24.91601627172627,10.043220810543813,-18.10227281542694
266,-19.882003784179688,8.625953674316406,-19.882003784179688,-0.4843449890613556,0.3065551519393921,-0.3407854735851288,0.666858971118927,3.2501366877708615,-21.456191202665977,9.622299820459796,-20.98960315453808
267,-16.526992797851562,8.625953674316406,-22.747453689575195,-0.1158728376030922,-0.0035752556286752224,0.0852009505033493,0.14386972784996033,3.2501366877708615,-16.903595358461487,8.61433360482949,-22.470538954511312
268,-12.765030860900879,8.625953674316406,-25.052785873413086,0.1758090853691101,-0.3129928708076477,0.5696468949317932,0.6733282804489136,3.2501366877708615,-12.193627302499294,7.6086840618937455,-23.20135560112051
269,-8.688754081726074,8.625953674316406,-26.741233825683594,0.2575133740901947,-0.4407478868961334,0.7925472259521484,0.9427103996276855,3.2501366877708615,-7.85180041700387,7.193462797057801,-24.165347009825492
270,-4.398530006408691,8.625953674316406,-27.77122688293457,0.194271057844162,-0.31129735708236694,0.5694805383682251,0.6774624586105347,3.2501366877708615,-3.7671225139373252,7.614194713256899,-25.9203372922125
271,-0.0,8.625953674316406,-28.11739730834961,0.14620758593082428,0.00199940730817616,0.0021372821647673845,0.1462368667125702,3.2501366877708615,0.47519463906418286,8.632452021362507,-28.11045084917378
272,4.398530006408691,8.625953674316406,-27.77122688293457,0.19628959894180298,0.31835252046585083,-0.5736716985702515,0.6848190426826477,3.2501366877708615,5.036498033357274,9.660642880726792,-29.63573831719357
273,8.688754081726074,8.625953674316406,-26.741233825683594,0.26401588320732117,0.4523761570453644,-0.8119550347328186,0.9662399291992188,3.2501366877708615,9.546841789892415,10.096238019002339,-29.38019867288899
274,12.765030860900879,8.625953674316406,-25.052785873413086,0.18336381018161774,0.32188740372657776,-0.591777503490448,0.6981650590896606,3.2501366877708615,13.360988307581607,9.672131734499468,-26.97614364850484
275,16.526992797851562,8.625953674316406,-22.747453689575195,-0.11973977088928223,-0.0007853713468648493,-0.0904531329870224,0.15006664395332336,3.2501366877708615,16.13782217549903,8.623401110088437,-23.041438735620133
276,19.882003784179688,8.625953674316406,-19.882003784179688,-0.5103796124458313,-0.32755038142204285,0.3593737781047821,0.7049298882484436,3.2501366877708615,18.22320028107922,7.561370162563286,-18.71398988333851
277,22.747453689575195,8.625953674316406,-16.526992797851562,-0.7091541290283203,-0.46466439962387085,0.5152074694633484,0.9920943975448608,3.2501366877708615,20.44260583753606,7.115730861597843,-14.852498099535149
278,25.052785873413086,8.625953674316406,-12.765030860900879,-0.5061609745025635,-0.32905834913253784,0.3787998855113983,0.7127185463905334,3.2501366877708615,23.407693520264452,7.5564690613834316,-11.533879455676882
279,26.741233825683594,8.625953674316406,-8.688754081726074,0.046782203018665314,0.0008862176910042763,0.14542998373508453,0.15277186036109924,3.2501366877708615,26.893282380049303,8.628834002947292,-8.216086756086757
280,27.77122688293457,8.625953674316406,-4.398530006408691,0.6342335939407349,0.3315121531486511,0.009093835949897766,0.7157061100006104,3.2501366877708615,29.83257275521812,9.70341348570675,-4.368973796555359
281,27.35163116455078,9.695416450500488,0.0,1.0,0.5493581891059875,2.826990641580096e-09,1.14096200466156,3.2501366877708615,30.601767852321643,11.480905655641221,9.188106000184355e-09
282,27.014888763427734,9.695416450500488,4.278738021850586,0.7169888019561768,0.38813015818595886,-0.014435105957090855,0.8154301643371582,3.2501366877708615,29.34520037338638,10.956892517250981,4.231821954387585
283,26.01294708251953,9.695416450500488,8.452118873596191,0.053049638867378235,-0.00031910170218907297,-0.1702994555234909,0.17837116122245789,3.2501366877708615,26.18536566007539,9.694379326351074,7.898622365291891
284,24.3704833984375,9.695416450500488,12.417381286621094,-0.5716128945350647,-0.3868056535720825,-0.43212494254112244,0.814304530620575,3.2501366877708615,22.51266335870619,8.438245204788677,11.012916157167316
285,22.1279354095459,9.695416450500488,16.076885223388672,-0.8013690114021301,-0.544227659702301,-0.581714928150177,1.129941701889038,3.2501366877708615,19.52337658514517,7.926602167202364,14.186232193583791
286,19.340524673461914,9.695416450500488,19.340524673461914,-0.5782692432403564,-0.3820527493953705,-0.40158262848854065,0.8010169863700867,3.2501366877708615,17.46107059059694,8.453692793026867,18.03532623943985
287,16.076885223388672,9.695416450500488,22.1279354095459,-0.13829723000526428,0.001236750977113843,0.10757501423358917,0.1752142608165741,3.2501366877708615,15.627400322331477,9.699436060224842,22.47756890999396
288,12.417381286621094,9.695416450500488,24.3704833984375,0.2048235982656479,0.3786512315273285,0.6718965172767639,0.7979814410209656,3.2501366877708615,13.083085977865515,10.926084709957077,26.55423891962418
289,8.452118873596191,9.695416450500488,26.01294708251953,0.2989322245121002,0.5302956700325012,0.9176108837127686,1.101173758506775,3.2501366877708615,9.423689463639924,11.41894986303915,28.99530788077224
290,4.278738021850586,9.695416450500488,27.014888763427734,0.22581720352172852,0.3716786801815033,0.6460362076759338,0.7787818908691406,3.2501366877708615,5.012674799746375,10.903422965020646,29.11459474362364
291,0.0,9.695416450500488,27.35163116455078,0.17073488235473633,-0.00034088100073859096,-0.005521727260202169,0.17082448303699493,3.2501366877708615,0.5549117050233704,9.694308540653823,27.333684796202533
292,-4.278738021850586,9.695416450500488,27.014888763427734,0.2234123796224594,-0.36733439564704895,-0.6458667516708374,0.7758811116218567,3.2501366877708615,-3.5526172503374394,8.501529454527878,24.915733538410954
293,-8.452118873596191,9.695416450500488,26.01294708251953,0.29055047035217285,-0.5169113278388977,-0.8961331248283386,1.0745563507080078,3.2501366877708615,-7.507790130255515,8.015383979566936,23.100391936388203
294,-12.417381286621094,9.695416450500488,24.3704833984375,0.19360633194446564,-0.3645026981830597,-0.6431303024291992,0.764174222946167,3.2501366877708615,-11.788134244183642,8.510732858344257,22.28022200749519
295,-16.076885223388672,9.695416450500488,22.1279354095459,-0.1375962793827057,-0.0009073108085431159,-0.09631416201591492,0.16795825958251953,3.2501366877708615,-16.524091939111173,9.69246756635443,21.814901218026066
296,-19.340524673461914,9.695416450500488,19.340524673461914,-0.5512024164199829,0.3611006736755371,0.38405126333236694,0.7627012729644775,3.2501366877708615,-21.13200786945645,10.869042997992125,20.588743774403188
297,-22.1279354095459,9.695416450500488,16.076885223388672,-0.7530165314674377,0.5105030536651611,0.5474656820297241,1.0617748498916626,3.2501366877708615,-24.57534206496618,11.354621154436686,17.856223521848975
298,-24.3704833984375,9.695416450500488,12.417381286621094,-0.5310701131820679,0.3608037531375885,0.4032557010650635,0.7581754326820374,3.2501366877708615,-26.09653385706916,10.868077965658387,13.728017435205416
299,-26.01294708251953,9.695416450500488,8.452118873596191,0.052474938333034515,0.00034941505873575807,0.15828289091587067,0.16675494611263275,3.2501366877708615,-25.84239636025482,9.696552097202146,8.966559904408296
300,-27.014888763427734,9.695416450500488,4.278738021850586,0.6667525172233582,-0.359632283449173,0.01363956555724144,0.7576808333396912,3.2501366877708615,-24.847851945536526,8.52656237195552,4.323068474273432
301,-27.35163116455078,9.695416450500488,0.0,0.9275655746459961,-0.5086419582366943,2.6329030067273607e-09,1.0578726530075073,3.2501366877708615,-24.336916260080567,8.042260561095794,8.557294657506807e-09
302,-27.014888763427734,9.695416450500488,-4.278738021850586,0.6667525172233582,-0.35963231325149536,-0.013639559037983418,0.7576808929443359,3.2501366877708615,-24.847851945536526,8.5265622750939,-4.323068453084953
303,-26.01294708251953,9.695416450500488,-8.452118873596191,0.052474964410066605,0.0003493989643175155,-0.15828287601470947,0.16675494611263275,3.2501366877708615,-25.842396275500903,9.696552044893085,-8.966559855977485
304,-24.3704833984375,9.695416450500488,-12.417381286621094,-0.5310701131820679,0.3608037531375885,-0.4032557010650635,0.7581754326820374,3.2501366877708615,-26.09653385706916,10.868077965658387,-13.728017435205416
305,-22.1279354095459,9.695416450500488,-16.076885223388672,-0.7530165314674377,0.5105030536651611,-0.5474656820297241,1.0617748498916626,3.2501366877708615,-24.57534206496618,11.354621154436686,-17.856223521848975
306,-19.340524673461914,9.695416450500488,-19.340524673461914,-0.5512024164199829,0.3611006736755371,-0.38405126333236694,0.7627012729644775,3.2501366877708615,-21.13200786945645,10.869042997992125,-20.588743774403188
307,-16.076885223388672,9.695416450500488,-22.1279354095459,-0.13759629428386688,-0.0009072946268133819,0.09631413966417313,0.16795825958251953,3.2501366877708615,-16.524091987541983,9.692467618947266,-21.81490129067228
308,-12.417381286621094,9.695416450500488,-24.3704833984375,0.19360631704330444,-0.3645026683807373,0.6431303024291992,0.764174222946167,3.2501366877708615,-11.788134292614453,8.510732955205878,-22.28022200749519
309,-8.452118873596191,9.695416450500488,-26.01294708251953,0.29055047035217285,-0.5169113278388977,0.8961331248283386,1.0745563507080078,3.2501366877708615,-7.507790130255515,8.015383979566936,-23.100391936388203
310,-4.278738021850586,9.695416450500488,-27.014888763427734,0.2234123796224594,-0.36733439564704895,0.6458667516708374,0.7758811116218567,3.2501366877708615,-3.5526172503374394,8.501529454527878,-24.915733538410954
311,-0.0,9.695416450500488,-27.35163116455078,0.17073488235473633,-0.0003408975317142904,0.005521757062524557,0.17082448303699493,3.2501366877708615,0.5549117050233704,9.694308486925893,-27.333684699340914
312,4.278738021850586,9.695416450500488,-27.014888763427734,0.22581720352172852,0.3716786801815033,-0.6460362076759338,0.7787818908691406,3.2501366877708615,5.012674799746375,10.903422965020646,-29.11459474362364
313,8.452118873596191,9.695416450500488,-26.01294708251953,0.2989322245121002,0.5302956700325012,-0.9176108837127686,1.101173758506775,3.2501366877708615,9.423689463639924,11.41894986303915,-28.99530788077224
314,12.417381286621094,9.695416450500488,-24.3704833984375,0.20482361316680908,0.3786512315273285,-0.6718965768814087,0.7979815006256104,3.2501366877708615,13.083086026296327,10.926084709957077,-26.55423911334742
315,16.076885223388672,9.695416450500488,-22.1279354095459,-0.1382972151041031,0.0012367679737508297,-0.10757504403591156,0.1752142608165741,3.2501366877708615,15.627400370762288,9.699436115466236,-22.477569006855582
316,19.340524673461914,9.695416450500488,-19.340524673461914,-0.5782692432403564,-0.3820527195930481,0.40158262848854065,0.8010169863700867,3.2501366877708615,17.46107059059694,8.45369288988849,-18.03532623943985
317,22.1279354095459,9.695416450500488,-16.076885223388672,-0.8013690114021301,-0.544227659702301,0.581714928150177,1.129941701889038,3.2501366877708615,19.52337658514517,7.926602167202364,-14.186232193583791
318,24.3704833984375,9.695416450500488,-12.417381286621094,-0.5716128945350647,-0.3868056535720825,0.43212494254112244,0.814304530620575,3.2501366877708615,22.51266335870619,8.438245204788677,-11.012916157167316
319,26.01294708251953,9.695416450500488,-8.452118873596191,0.05304960906505585,-0.0003191190480720252,0.1702994704246521,0.17837117612361908,3.2501366877708615,26.18536556321377,9.694379269974583,-7.898622316861081
320,27.014888763427734,9.695416450500488,-4.278738021850586,0.7169888019561768,0.3881301283836365,0.014435113407671452,0.8154301643371582,3.2501366877708615,29.34520037338638,10.95689242038936,-4.23182193017218
321,26.585866928100586,10.764878273010254,0.0,0.9662705659866333,0.5254489779472351,3.309470697487882e-09,1.0998979806900024,3.2501366877708615,29.726378344926857,12.472659273788265,1.0756232131007987e-08
322,26.2585506439209,10.764878273010254,4.1589460372924805,0.6964422464370728,0.3709503710269928,-0.03964165225625038,0.7900679707527161,3.2501366877708615,28.522083139979586,11.970517683227296,4.030105248930586
323,25.2846622467041,10.764878273010254,8.215484619140625,0.0615159347653389,-0.0010068506235256791,-0.1995212584733963,0.20879165828227997,3.2501366877708615,25.48459744316745,10.761605870859627,7.5670132569860264
324,23.688180923461914,10.764878273010254,12.069730758666992,-0.5415638089179993,-0.3704929053783417,-0.44044896960258484,0.7902858257293701,3.2501366877708615,21.928024519328595,9.560725688681288,10.638211403470759
325,21.5084171295166,10.764878273010254,15.626781463623047,-0.7744196057319641,-0.5202797055244446,-0.5613458156585693,1.0888185501098633,3.2501366877708615,18.9914475571981,9.073898114182636,13.802330833624472
326,18.799047470092773,10.764878273010254,18.799047470092773,-0.576037585735321,-0.36445188522338867,-0.3686589002609253,0.774954080581665,3.2501366877708615,16.926846579159452,9.580359829918464,17.60085565308148
327,15.626781463623047,10.764878273010254,21.5084171295166,-0.1614372730255127,0.0023170430213212967,0.12633904814720154,0.2050095647573471,3.2501366877708615,15.102088259789147,10.772408979540995,21.91903630499787
328,12.069730758666992,10.764878273010254,23.688180923461914,0.17676661908626556,0.36303842067718506,0.6614946126937866,0.7749958038330078,3.2501366877708615,12.644246432532482,11.944802763123565,25.838128832940768
329,8.215484619140625,10.764878273010254,25.2846622467041,0.2898675203323364,0.5075852274894714,0.8868039846420288,1.0621144771575928,3.2501366877708615,9.157593681565917,12.414599643044303,28.166896412050548
330,4.1589460372924805,10.764878273010254,26.2585506439209,0.24313536286354065,0.35506555438041687,0.6194615364074707,0.754267156124115,3.2501366877708615,4.949169200229755,11.918889857865747,28.271885310061723
331,0.0,10.764878273010254,26.585866928100586,0.1997293382883072,-0.0017065714346244931,-0.007491460535675287,0.199877068400383,3.2501366877708615,0.6491476499950246,10.75933168258028,26.5615186573686
332,-4.1589460372924805,10.764878273010254,26.2585506439209,0.23978789150714874,-0.35303574800491333,-0.6227894425392151,0.7549828886985779,3.2501366877708615,-3.379602613821877,9.617463836324855,24.234399827967835
333,-8.215484619140625,10.764878273010254,25.2846622467041,0.280271977186203,-0.4951973855495453,-0.8671506643295288,1.0371707677841187,3.2501366877708615,-7.304562383533669,9.155419082547464,22.466304058741827
334,-12.069730758666992,10.764878273010254,23.688180923461914,0.16441713273525238,-0.3478478491306305,-0.6315558552742004,0.7395228147506714,3.2501366877708615,-11.535352603466057,9.634325216788609,21.635538067858732
335,-15.626781463623047,10.764878273010254,21.5084171295166,-0.16213813424110413,0.0008928405586630106,-0.1110159158706665,0.19650472700595856,3.2501366877708615,-16.153752562206776,10.767780126866294,21.147600228418867
336,-18.799047470092773,10.764878273010254,18.799047470092773,-0.5508226752281189,0.3468080163002014,0.3558295667171478,0.741819441318512,3.2501366877708615,-20.589296455307778,11.892051730400574,19.955542199473786
337,-21.5084171295166,10.764878273010254,15.626781463623047,-0.7276397347450256,0.48855826258659363,0.5296127796173096,1.0240304470062256,3.2501366877708615,-23.873345726891266,12.352759406356531,17.34809538896957
338,-23.688180923461914,10.764878273010254,12.069730758666992,-0.5012767910957336,0.3444520831108093,0.41083237528800964,0.7339679598808289,3.2501366877708615,-25.317399012930206,11.884394625507793,13.4049921341146
339,-25.2846622467041,10.764878273010254,8.215484619140625,0.062301818281412125,-0.0004644184373319149,0.18482258915901184,0.19504132866859436,3.2501366877708615,-25.082172821392852,10.763368849608604,8.816183296895131
340,-26.2585506439209,10.764878273010254,4.1589460372924805,0.6486503481864929,-0.34443774819374084,0.036645907908678055,0.7353418469429016,3.2501366877708615,-24.150348349744633,9.645408510952596,4.278050247043147
341,-26.585866928100586,10.764878273010254,0.0,0.8966213464736938,-0.4867490231990814,3.0795810346262442e-09,1.020222783088684,3.2501366877708615,-23.671724994887924,9.182877414974289,1.0009059303602105e-08
342,-26.2585506439209,10.764878273010254,-4.1589460372924805,0.6486503481864929,-0.34443774819374084,-0.03664590045809746,0.7353417873382568,3.2501366877708615,-24.150348349744633,9.645408510952596,-4.278050222827742
343,-25.2846622467041,10.764878273010254,-8.215484619140625,0.06230184808373451,-0.0004644338332582265,-0.18482257425785065,0.19504132866859436,3.2501366877708615,-25.08217272453123,10.76336879956974,-8.81618324846432
344,-23.688180923461914,10.764878273010254,-12.069730758666992,-0.5012767314910889,0.34445205330848694,-0.41083237528800964,0.7339678406715393,3.2501366877708615,-25.317398819206964,11.884394528646173,-13.4049921341146
345,-21.5084171295166,10.764878273010254,-15.626781463623047,-0.7276397347450256,0.48855826258659363,-0.5296127796173096,1.0240304470062256,3.2501366877708615,-23.873345726891266,12.352759406356531,-17.34809538896957
346,-18.799047470092773,10.764878273010254,-18.799047470092773,-0.5508226752281189,0.3468080163002014,-0.3558295965194702,0.7418195009231567,3.2501366877708615,-20.589296455307778,11.892051730400574,-19.955542296335405
347,-15.626781463623047,10.764878273010254,-21.5084171295166,-0.16213814914226532,0.0008928561001084745,0.11101589351892471,0.19650472700595856,3.2501366877708615,-16.153752610637586,10.767780177378116,-21.14760030106508
348,-12.069730758666992,10.764878273010254,-23.688180923461914,0.1644171178340912,-0.3478478491306305,0.6315558552742004,0.7395228147506714,3.2501366877708615,-11.535352651896869,9.634325216788609,-21.635538067858732
349,-8.215484619140625,10.764878273010254,-25.2846622467041,0.280271977186203,-0.4951973855495453,0.8671506643295288,1.0371707677841187,3.2501366877708615,-7.304562383533669,9.155419082547464,-22.466304058741827
350,-4.1589460372924805,10.764878273010254,-26.2585506439209,0.23978787660598755,-0.35303574800491333,0.6227894425392151,0.7549828290939331,3.2501366877708615,-3.379602662252688,9.617463836324855,-24.234399827967835
351,-0.0,10.764878273010254,-26.585866928100586,0.1997293382883072,-0.0017065872671082616,0.007491489872336388,0.199877068400383,3.2501366877708615,0.6491476499950246,10.759331631122542,-26.561518562020442
352,4.1589460372924805,10.764878273010254,-26.2585506439209,0.24313536286354065,0.3550655245780945,-0.6194615364074707,0.754267156124115,3.2501366877708615,4.949169200229755,11.918889761004126,-28.271885310061723
353,8.215484619140625,10.764878273010254,-25.2846622467041,0.2898675203323364,0.5075852274894714,-0.8868039846420288,1.0621144771575928,3.2501366877708615,9.157593681565917,12.414599643044303,-28.166896412050548
354,12.069730758666992,10.764878273010254,-23.688180923461914,0.17676661908626556,0.36303845047950745,-0.6614946722984314,0.7749958038330078,3.2501366877708615,12.644246432532482,11.944802859985186,-25.83812902666401
355,15.626781463623047,10.764878273010254,-21.5084171295166,-0.1614372581243515,0.0023170593194663525,-0.12633906304836273,0.2050095498561859,3.2501366877708615,15.102088308219958,10.772409032512194,-21.91903635342868
356,18.799047470092773,10.764878273010254,-18.799047470092773,-0.576037585735321,-0.3644518554210663,0.3686589002609253,0.774954080581665,3.2501366877708615,16.926846579159452,9.580359926780085,-17.60085565308148
357,21.5084171295166,10.764878273010254,-15.626781463623047,-0.7744196057319641,-0.5202797055244446,0.5613458156585693,1.0888185501098633,3.2501366877708615,18.9914475571981,9.073898114182636,-13.802330833624472
358,23.688180923461914,10.764878273010254,-12.069730758666992,-0.541563868522644,-0.3704929053783417,0.44044896960258484,0.7902858257293701,3.2501366877708615,21.928024325605353,9.560725688681288,-10.638211403470759
359,25.2846622467041,10.764878273010254,-8.215484619140625,0.06151590496301651,-0.0010068672709167004,0.1995212584733963,0.20879164338111877,3.2501366877708615,25.484597346305826,10.761605816753331,-7.5670132569860264
360,26.2585506439209,10.764878273010254,-4.1589460372924805,0.696442186832428,0.3709503710269928,0.03964165970683098,0.7900679707527161,3.2501366877708615,28.52208294625634,11.970517683227296,-4.030105224715181
361,26.117219924926758,12.54702091217041,0.0,0.6760761141777039,0.44867080450057983,1.928506909720795e-09,0.8114088773727417,3.2501366877708615,28.314559707341274,14.005262354609412,6.267911059903165e-09
362,25.795673370361328,12.54702091217041,4.085632801055908,0.4838990867137909,0.3166173994541168,-0.01069894339889288,0.5783764719963074,3.2501366877708615,27.368411545268632,13.576070738122837,4.050859772594783
363,24.838951110839844,12.54702091217041,8.07066535949707,0.033727098256349564,-0.001213173265568912,-0.11691524088382721,0.12168879061937332,3.2501366877708615,24.948568790254857,12.543077933231363,7.6906748457409755
364,23.270612716674805,12.54702091217041,11.856968879699707,-0.3883093595504761,-0.3167019486427307,-0.2937251329421997,0.580825924873352,3.2501366877708615,22.008554220994995,11.517696289798147,10.90232204900389
365,21.129274368286133,12.54702091217041,15.351316452026367,-0.5415701270103455,-0.4442240595817566,-0.3927924633026123,0.8030685782432556,3.2501366877708615,19.369097429489084,11.103231998533234,14.074687256366657
366,18.467662811279297,12.54702091217041,18.467662811279297,-0.38868844509124756,-0.31062623858451843,-0.26794204115867615,0.5651196837425232,3.2501366877708615,17.204372235775622,11.537443177962603,17.596814553113273
367,15.351316452026367,12.54702091217041,21.129274368286133,-0.09080665558576584,0.0028656634967774153,0.07808355987071991,0.11979608982801437,3.2501366877708615,15.056182409213298,12.556334710236092,21.38305661093371
368,11.856968879699707,12.54702091217041,23.270612716674805,0.1401839405298233,0.3107204735279083,0.458448588848114,0.5712913870811462,3.2501366877708615,12.312585847851974,13.556904922825,24.76063329474684
369,8.07066535949707,12.54702091217041,24.838951110839844,0.2027754783630371,0.43357497453689575,0.6207605004310608,0.7838678359985352,3.2501366877708615,8.729713381105064,13.956198843812093,26.856507587609833
370,4.085632801055908,12.54702091217041,25.795673370361328,0.1532301902770996,0.30266323685646057,0.4326792359352112,0.5498144030570984,3.2501366877708615,4.58365186414962,13.530717802317074,27.20194002911102
371,0.0,12.54702091217041,26.117219924926758,0.11658136546611786,-0.0024001908022910357,-0.010471507906913757,0.11707530915737152,3.2501366877708615,0.3789053730118526,12.539219963986234,26.083186092902213
372,-4.085632801055908,12.54702091217041,25.795673370361328,0.15233059227466583,-0.3023329973220825,-0.44258108735084534,0.5572143793106079,3.2501366877708615,-3.5905375544341522,11.56439734565018,24.357224341048827
373,-8.07066535949707,12.54702091217041,24.838951110839844,0.19633454084396362,-0.4232131540775299,-0.608001708984375,0.7663698196411133,3.2501366877708615,-7.4325512652234575,11.171520313355808,22.862862450242343
374,-11.856968879699707,12.54702091217041,23.270612716674805,0.1281980276107788,-0.2967236340045929,-0.43275976181030273,0.5401487350463867,3.2501366877708615,-11.440307766862054,11.58262854316339,21.86408433782416
375,-15.351316452026367,12.54702091217041,21.129274368286133,-0.09767080843448639,0.0015232281293720007,-0.06106479838490486,0.1151990294456482,3.2501366877708615,-15.668759929843532,12.551971611797526,20.93080542672402
376,-18.467662811279297,12.54702091217041,18.467662811279297,-0.3768278956413269,0.29691949486732483,0.263033002614975,0.5471259355545044,3.2501366877708615,-19.692404979878663,13.512049855753094,19.322556023172755
377,-21.129274368286133,12.54702091217041,15.351316452026367,-0.5105307698249817,0.4175986051559448,0.3718112111091614,0.7571485042572021,3.2501366877708615,-22.788569153530208,13.904273459549685,16.55975371017677
378,-23.270612716674805,12.54702091217041,11.856968879699707,-0.3574962615966797,0.2940864562988281,0.27331382036209106,0.5375787019729614,3.2501366877708615,-24.4325244322311,13.502842093163753,12.745276154533354
379,-24.838951110839844,12.54702091217041,8.07066535949707,0.03839121758937836,-0.0007454081787727773,0.1076103001832962,0.11425592750310898,3.2501366877708615,-24.714174406064412,12.544598233701215,8.420413544104838
380,-25.795673370361328,12.54702091217041,4.085632801055908,0.45347997546195984,-0.29457440972328186,0.00975552387535572,0.5408450365066528,3.2501366877708615,-24.321801464942983,11.589613815850326,4.117339587111626
381,-26.117219924926758,12.54702091217041,0.0,0.6294598579406738,-0.41610831022262573,1.8038358584604453e-09,0.7545633316040039,3.2501366877708615,-24.07138934715474,11.194612027029516,5.86271310229894e-09
382,-25.795673370361328,12.54702091217041,-4.085632801055908,0.4534800052642822,-0.29457440972328186,-0.009755519218742847,0.5408450365066528,3.2501366877708615,-24.32180136808136,11.589613815850326,-4.117339571976998
383,-24.838951110839844,12.54702091217041,-8.07066535949707,0.03839123621582985,-0.0007454213337041438,-0.1076102927327156,0.11425593495368958,3.2501366877708615,-24.714174345525898,12.54459819094589,-8.420413519889431
384,-23.270612716674805,12.54702091217041,-11.856968879699707,-0.3574962317943573,0.2940864562988281,-0.27331382036209106,0.5375787019729614,3.2501366877708615,-24.432524335369482,13.502842093163753,-12.745276154533354
385,-21.129274368286133,12.54702091217041,-15.351316452026367,-0.5105307698249817,0.4175986051559448,-0.3718112111091614,0.7571485042572021,3.2501366877708615,-22.788569153530208,13.904273459549685,-16.55975371017677
386,-18.467662811279297,12.54702091217041,-18.467662811279297,-0.3768278956413269,0.2969195246696472,-0.263033002614975,0.5471259951591492,3.2501366877708615,-19.692404979878663,13.512049952614715,-19.322556023172755
387,-15.351316452026367,12.54702091217041,-21.129274368286133,-0.09767081588506699,0.001523241400718689,0.06106478348374367,0.1151990294456482,3.2501366877708615,-15.668759954058936,12.551971654931217,-20.930805475154834
388,-11.856968879699707,12.54702091217041,-23.270612716674805,0.1281980276107788,-0.2967236340045929,0.43275973200798035,0.5401486754417419,3.2501366877708615,-11.440307766862054,11.58262854316339,-21.864084434685783
389,-8.07066535949707,12.54702091217041,-24.838951110839844,0.19633454084396362,-0.4232131540775299,0.608001708984375,0.7663698196411133,3.2501366877708615,-7.4325512652234575,11.171520313355808,-22.862862450242343
390,-4.085632801055908,12.54702091217041,-25.795673370361328,0.15233059227466583,-0.3023330271244049,0.4425811171531677,0.5572144389152527,3.2501366877708615,-3.5905375544341522,11.56439724878856,-24.357224244187204
391,-0.0,12.54702091217041,-26.117219924926758,0.11658136546611786,-0.0024002043064683676,0.010471528396010399,0.11707531660795212,3.2501366877708615,0.3789053730118526,12.539219920095812,-26.08318602630985
392,4.085632801055908,12.54702091217041,-25.795673370361328,0.1532301902770996,0.30266323685646057,-0.4326792359352112,0.5498144030570984,3.2501366877708615,4.58365186414962,13.530717802317074,-27.20194002911102
393,8.07066535949707,12.54702091217041,-24.838951110839844,0.2027754932641983,0.43357497453689575,-0.6207605004310608,0.7838678359985352,3.2501366877708615,8.729713429535874,13.956198843812093,-26.856507587609833
394,11.856968879699707,12.54702091217041,-23.270612716674805,0.1401839554309845,0.3107204735279083,-0.4584486186504364,0.571291446685791,3.2501366877708615,12.312585896282785,13.556904922825,-24.76063339160846
395,15.351316452026367,12.54702091217041,-21.129274368286133,-0.09080664813518524,0.0028656774666160345,-0.0780835747718811,0.11979609727859497,3.2501366877708615,15.056182433428702,12.556334755639977,-21.383056659364524
396,18.467662811279297,12.54702091217041,-18.467662811279297,-0.38868841528892517,-0.31062623858451843,0.26794204115867615,0.5651196837425232,3.2501366877708615,17.204372332637245,11.537443177962603,-17.596814553113273
397,21.129274368286133,12.54702091217041,-15.351316452026367,-0.5415701270103455,-0.4442240595817566,0.3927924633026123,0.8030685782432556,3.2501366877708615,19.369097429489084,11.103231998533234,-14.074687256366657
398,23.270612716674805,12.54702091217041,-11.856968879699707,-0.3883093595504761,-0.3167019784450531,0.2937251627445221,0.580825924873352,3.2501366877708615,22.008554220994995,11.517696192936526,-10.90232195214227
399,24.838951110839844,12.54702091217041,-8.07066535949707,0.03372707962989807,-0.001213187351822853,0.1169152483344078,0.12168879806995392,3.2501366877708615,24.948568729716346,12.543077887449112,-7.690674821525571
400,25.795673370361328,12.54702091217041,-4.085632801055908,0.4838990867137909,0.3166173994541168,0.010698948055505753,0.5783764719963074,3.2501366877708615,27.368411545268632,13.576070738122837,-4.050859757460154
401,25.648571014404297,14.3291654586792,0.0,0.262611985206604,0.33893176913261414,6.22799145588715e-10,0.4287654459476471,3.2501366877708615,26.50209586217262,15.430740036188192,2.0241823521902285e-09
402,25.332794189453125,14.3291654586792,4.0123209953308105,0.1862921416759491,0.2391163855791092,0.0013236220693215728,0.303122341632843,3.2501366877708615,25.938269113757535,15.106326396097025,4.016622947979056
403,24.39324188232422,14.3291654586792,7.925844192504883,0.008515020832419395,-0.0010956852929666638,-0.038473546504974365,0.03941979259252548,3.2501366877708615,24.4209168639288,14.325604331710277,7.800799907500407
404,22.853044509887695,14.3291654586792,11.644207954406738,-0.1554289013147354,-0.23944690823554993,-0.11007487028837204,0.3059566020965576,3.2501366877708615,22.347879335384757,13.550930277449536,11.286449580080882
405,20.75012969970703,14.3291654586792,15.075852394104004,-0.21025945246219635,-0.3355918824672699,-0.1524665802717209,0.42435482144355774,3.2501366877708615,20.066757739309033,13.238445969354238,14.580315167903922
406,18.13627815246582,14.3291654586792,18.13627815246582,-0.14428088068962097,-0.23431845009326935,-0.10526512563228607,0.2946232557296753,3.2501366877708615,17.667345568792594,13.567598467409459,17.794152105705518
407,15.075852394104004,14.3291654586792,20.75012969970703,-0.025265492498874664,0.002771186176687479,0.03068779781460762,0.03984677419066429,3.2501366877708615,14.993736089998812,14.338172192540695,20.84986923725118
408,11.644207954406738,14.3291654586792,22.853044509887695,0.06165236979722977,0.23526602983474731,0.17975977063179016,0.3024313151836395,3.2501366877708615,11.844586583372731,15.093812213631306,23.437288335403352
409,7.925844192504883,14.3291654586792,24.39324188232422,0.07906539738178253,0.32764869928359985,0.24112902581691742,0.41442516446113586,3.2501366877708615,8.182817541268596,15.39406851692123,25.176944175618228
410,4.0123209953308105,14.3291654586792,25.332794189453125,0.053724270313978195,0.22823083400726318,0.16393977403640747,0.2860976457595825,3.2501366877708615,4.18693221730199,15.070946865566746,25.86562086363372
411,0.0,14.3291654586792,25.648571014404297,0.03785381093621254,-0.002522971946746111,-0.011432795785367489,0.03962303698062897,3.2501366877708615,0.12303005969572624,14.320965454992862,25.611412865378483
412,-4.0123209953308105,14.3291654586792,25.332794189453125,0.054604753851890564,-0.22903737425804138,-0.1785685420036316,0.2955106198787689,3.2501366877708615,-3.8348480815100836,13.584762685732434,24.75242201980537
413,-7.925844192504883,14.3291654586792,24.39324188232422,0.07618191838264465,-0.3200048804283142,-0.23789475858211517,0.40595656633377075,3.2501366877708615,-7.678242544624684,13.289105856533407,23.620051399628093
414,-11.644207954406738,14.3291654586792,22.853044509887695,0.05247156322002411,-0.22399598360061646,-0.1633920520544052,0.28217801451683044,3.2501366877708615,-11.473668201720649,13.601147894465516,22.321998007015505
415,-15.075852394104004,14.3291654586792,20.75012969970703,-0.03573670983314514,0.0016854718560352921,-0.015022901818156242,0.03880258649587631,3.2501366877708615,-15.19200158583293,14.334643472594705,20.70130321535106
416,-18.13627815246582,14.3291654586792,18.13627815246582,-0.1467030942440033,0.22497080266475677,0.1098136380314827,0.29015976190567017,3.2501366877708615,-18.61308326127776,15.060351318097183,18.493187486249532
417,-20.75012969970703,14.3291654586792,15.075852394104004,-0.20062877237796783,0.31596264243125916,0.1466355323791504,0.4019779562950134,3.2501366877708615,-21.402200633435093,15.356087234810062,15.552437917620292
418,-22.853044509887695,14.3291654586792,11.644207954406738,-0.1409020870923996,0.2222883403301239,0.10216782987117767,0.2823185622692108,3.2501366877708615,-23.310995552530187,15.05163294884983,11.976267366580984
419,-24.39324188232422,14.3291654586792,7.925844192504883,0.015089107677340508,-0.0008133298251777887,0.03477257117629051,0.03791403770446777,3.2501366877708615,-24.34420021987637,14.32652202557513,8.038859801813068
420,-25.332794189453125,14.3291654586792,4.0123209953308105,0.17874956130981445,-0.22302989661693573,-0.0014283152995631099,0.2858247458934784,3.2501366877708615,-24.75183368231715,13.604287809214753,4.007678775373996
421,-25.648571014404297,14.3291654586792,0.0,0.24811811745166779,-0.31492236256599426,5.969966188068554e-10,0.4009222984313965,3.2501366877708615,-24.84215321797399,13.305624734303985,1.9403206132593164e-09
422,-25.332794189453125,14.3291654586792,-4.0123209953308105,0.17874956130981445,-0.22302991151809692,0.0014283169293776155,0.2858247458934784,3.2501366877708615,-24.75183368231715,13.604287760783944,-4.007678770076876
423,-24.39324188232422,14.3291654586792,-7.925844192504883,0.015089115127921104,-0.0008133397786878049,-0.034772567451000214,0.03791403770446777,3.2501366877708615,-24.344200195660964,14.326521993224862,-8.038859789705366
424,-22.853044509887695,14.3291654586792,-11.644207954406738,-0.1409020870923996,0.2222883403301239,-0.10216782987117767,0.2823185622692108,3.2501366877708615,-23.310995552530187,15.05163294884983,-11.976267366580984
425,-20.75012969970703,14.3291654586792,-15.075852394104004,-0.20062875747680664,0.31596264243125916,-0.1466355323791504,0.4019779562950134,3.2501366877708615,-21.402200585004284,15.356087234810062,-15.552437917620292
426,-18.13627815246582,14.3291654586792,-18.13627815246582,-0.1467030942440033,0.22497081756591797,-0.1098136454820633,0.29015979170799255,3.2501366877708615,-18.61308326127776,15.060351366527994,-18.49318751046494
427,-15.075852394104004,14.3291654586792,-20.75012969970703,-0.03573671355843544,0.0016854818677529693,0.01502289529889822,0.03880259022116661,3.2501366877708615,-15.192001597940633,14.334643505134157,-20.70130323653954
428,-11.644207954406738,14.3291654586792,-22.853044509887695,0.05247155949473381,-0.22399598360061646,0.1633920520544052,0.28217801451683044,3.2501366877708615,-11.473668213828352,13.601147894465516,-22.321998007015505
429,-7.925844192504883,14.3291654586792,-24.39324188232422,0.07618191838264465,-0.3200048804283142,0.23789475858211517,0.40595656633377075,3.2501366877708615,-7.678242544624684,13.289105856533407,-23.620051399628093
430,-4.0123209953308105,14.3291654586792,-25.332794189453125,0.054604753851890564,-0.22903737425804138,0.1785685420036316,0.2955106198787689,3.2501366877708615,-3.8348480815100836,13.584762685732434,-24.75242201980537
431,-0.0,14.3291654586792,-25.648571014404297,0.03785381093621254,-0.0025229821912944317,0.011432803235948086,0.039623044431209564,3.2501366877708615,0.12303005969572624,14.32096542169668,-25.611412841163077
432,4.0123209953308105,14.3291654586792,-25.332794189453125,0.053724270313978195,0.228230819106102,-0.16393977403640747,0.2860976457595825,3.2501366877708615,4.18693221730199,15.070946817135937,-25.86562086363372
433,7.925844192504883,14.3291654586792,-24.39324188232422,0.07906539738178253,0.32764869928359985,-0.24112902581691742,0.41442516446113586,3.2501366877708615,8.182817541268596,15.39406851692123,-25.176944175618228
434,11.644207954406738,14.3291654586792,-22.853044509887695,0.06165236979722977,0.23526602983474731,-0.17975977063179016,0.3024313151836395,3.2501366877708615,11.844586583372731,15.093812213631306,-23.437288335403352
435,15.075852394104004,14.3291654586792,-20.75012969970703,-0.025265486910939217,0.002771196886897087,-0.030687805265188217,0.03984677791595459,3.2501366877708615,14.993736108160366,14.33817222735034,-20.849869261466587
436,18.13627815246582,14.3291654586792,-18.13627815246582,-0.14428088068962097,-0.23431845009326935,0.10526511818170547,0.2946232259273529,3.2501366877708615,17.667345568792594,13.567598467409459,-17.794152129920924
437,20.75012969970703,14.3291654586792,-15.075852394104004,-0.21025945246219635,-0.3355918824672699,0.1524665802717209,0.42435482144355774,3.2501366877708615,20.066757739309033,13.238445969354238,-14.580315167903922
438,22.853044509887695,14.3291654586792,-11.644207954406738,-0.1554289013147354,-0.23944692313671112,0.11007487028837204,0.30595663189888,3.2501366877708615,22.347879335384757,13.550930229018725,-11.286449580080882
439,24.39324188232422,14.3291654586792,-7.925844192504883,0.008515012450516224,-0.001095696003176272,0.038473550230264664,0.03941979259252548,3.2501366877708615,24.420916836686466,14.325604296900632,-7.8007998953927045
440,25.332794189453125,14.3291654586792,-4.0123209953308105,0.1862921416759491,0.2391163855791092,-0.0013236202066764235,0.303122341632843,3.2501366877708615,25.938269113757535,15.106326396097025,-4.016622941925204
441,24.91899299621582,15.596503257751465,0.0,-0.0033196050208061934,0.1858258992433548,-6.103475364005462e-12,0.18585555255413055,3.2501366877708615,24.90820382614879,16.200462830420303,-1.9837129203459764e-11
442,24.612199783325195,15.596503257751465,3.898189067840576,-0.0034170758444815874,0.13109897077083588,-0.00033146367059089243,0.13114391267299652,3.2501366877708615,24.60109381975815,16.02259283238276,3.8971117656041256
443,23.699371337890625,15.596503257751465,7.70039176940918,-0.002992178313434124,-0.0006060739397071302,-0.0004522630188148469,0.003086259588599205,3.2501366877708615,23.68964634937778,15.594533434604521,7.698921852779208
444,22.202985763549805,15.596503257751465,11.312986373901367,-0.0009258283535018563,-0.1312927007675171,0.00037289829924702644,0.13129650056362152,3.2501366877708615,22.19997669485151,15.169784034150435,11.314198344344558
445,20.159889221191406,15.596503257751465,14.647016525268555,0.002477599075064063,-0.18399891257286072,0.0026869240682572126,0.18403521180152893,3.2501366877708615,20.167941756842858,14.998481641488468,14.655749395760052
446,17.620389938354492,15.596503257751465,17.620389938354492,0.005200045648962259,-0.1284158080816269,0.005506547633558512,0.12863895297050476,3.2501366877708615,17.637290797496266,15.179134328615627,17.63828697084128
447,14.647016525268555,15.596503257751465,20.159889221191406,0.005339024122804403,0.0017001306405290961,0.006311285775154829,0.008439665660262108,3.2501366877708615,14.664369083446974,15.602028914720252,20.180401762636244
448,11.312986373901367,15.596503257751465,22.202985763549805,0.0030758294742554426,0.1292886883020401,0.0031087487004697323,0.12936262786388397,3.2501366877708615,11.322983240120971,16.016709166915696,22.21308962175426
449,7.70039176940918,15.596503257751465,23.699371337890625,0.0005028798477724195,0.1798846572637558,-0.0032358875032514334,0.1799144595861435,3.2501366877708615,7.702026197651965,16.181152981891486,23.68885426119881
450,3.898189067840576,15.596503257751465,24.612199783325195,-0.0005481461412273347,0.12505404651165009,-0.009027532301843166,0.12538066506385803,3.2501366877708615,3.896407517956713,16.002946002273184,24.58285906939094
451,0.0,15.596503257751465,24.91899299621582,-0.00025392728275619447,-0.0019098481861874461,-0.010487640276551247,0.010663142427802086,3.2501366877708615,-0.0008252983777118729,15.590295990093464,24.88490673178486
452,-3.898189067840576,15.596503257751465,24.612199783325195,-0.00029632984660565853,-0.12634187936782837,-0.006713506765663624,0.12652046978473663,3.2501366877708615,-3.899152180346711,15.185874880416165,24.590379968682512
453,-7.70039176940918,15.596503257751465,23.699371337890625,-0.0018580472096800804,-0.17600171267986298,-0.000221245049033314,0.17601165175437927,3.2501366877708615,-7.706430676812971,15.024473634260136,23.698652261239776
454,-11.312986373901367,15.596503257751465,22.202985763549805,-0.0042710984125733376,-0.122770294547081,0.00510345958173275,0.12295053154230118,3.2501366877708615,-11.326868027549152,15.197483019275563,22.21957270477095
455,-14.647016525268555,15.596503257751465,20.159889221191406,-0.00555021408945322,0.0015789917670190334,0.006754238158464432,0.00888357125222683,3.2501366877708615,-14.66505547970567,15.60163519682314,20.181841418428174
456,-17.620389938354492,15.596503257751465,17.620389938354492,-0.004228292964398861,0.12427931278944016,0.004989044740796089,0.12445126473903656,3.2501366877708615,-17.63413246844473,16.000428011779373,17.636605015703484
457,-20.159889221191406,15.596503257751465,14.647016525268555,-0.0008407785790041089,0.17399179935455322,0.00207757530733943,0.17400623857975006,3.2501366877708615,-20.162621866497318,16.162000388204966,14.653768928996545
458,-22.202985763549805,15.596503257751465,11.312986373901367,0.0023909511510282755,0.12214211374521255,0.000186061835847795,0.12216565757989883,3.2501366877708615,-22.19521484549518,15.993481822756662,11.31359110030025
459,-23.699371337890625,15.596503257751465,7.70039176940918,0.0036125716287642717,-0.0007418945315293968,-0.00022196526697371155,0.0036946379113942385,3.2501366877708615,-23.687629986302777,15.594091999116085,7.6996703519515775
460,-24.612199783325195,15.596503257751465,3.898189067840576,0.0030679625924676657,-0.12300138920545578,-4.243792136549018e-05,0.12303964793682098,3.2501366877708615,-24.602228485546707,15.19673193004803,3.8980511387953936
461,-24.91899299621582,15.596503257751465,0.0,0.0025423718616366386,-0.17353877425193787,1.586341648318612e-11,0.17355740070343018,3.2501366877708615,-24.910729940154358,15.032478520804457,5.155827190539223e-11
462,-24.612199783325195,15.596503257751465,-3.898189067840576,0.0030679625924676657,-0.12300138920545578,4.243795410729945e-05,0.12303964793682098,3.2501366877708615,-24.602228485546707,15.19673193004803,-3.8980511386889782
463,-23.699371337890625,15.596503257751465,-7.70039176940918,0.0036125716287642717,-0.0007419000030495226,0.00022196531062945724,0.0036946390755474567,3.2501366877708615,-23.687629986302777,15.594091981332896,-7.69967035180969
464,-22.202985763549805,15.596503257751465,-11.312986373901367,0.002390951383858919,0.12214210629463196,-0.00018606174853630364,0.12216565012931824,3.2501366877708615,-22.195214844738448,15.993481798541257,-11.313591100016476
465,-20.159889221191406,15.596503257751465,-14.647016525268555,-0.0008407784043811262,0.17399179935455322,-0.002077575074508786,0.17400623857975006,3.2501366877708615,-20.162621865929772,16.162000388204966,-14.653768928239813
466,-17.620389938354492,15.596503257751465,-17.620389938354492,-0.004228292498737574,0.12427931278944016,-0.004989044740796089,0.12445126473903656,3.2501366877708615,-17.634132466931266,16.000428011779373,-17.636605015703484
467,-14.647016525268555,15.596503257751465,-20.159889221191406,-0.00555021408945322,0.0015789973549544811,-0.006754238158464432,0.00888357125222683,3.2501366877708615,-14.66505547970567,15.601635214984695,-20.181841418428174
468,-11.312986373901367,15.596503257751465,-22.202985763549805,-0.0042710984125733376,-0.1227702870965004,-0.00510345958173275,0.12295052409172058,3.2501366877708615,-11.326868027549152,15.197483043490967,-22.21957270477095
469,-7.70039176940918,15.596503257751465,-23.699371337890625,-0.0018580473260954022,-0.17600171267986298,0.00022124475799500942,0.17601165175437927,3.2501366877708615,-7.706430677191337,15.024473634260136,-23.69865226218569
470,-3.898189067840576,15.596503257751465,-24.612199783325195,-0.0002963299339171499,-0.12634187936782837,0.0067135063000023365,0.12652046978473663,3.2501366877708615,-3.899152180630485,15.185874880416165,-24.590379970195976
471,-0.0,15.596503257751465,-24.91899299621582,-0.0002539273409638554,-0.0019098537741228938,0.010487640276551247,0.01066314335912466,3.2501366877708615,-0.0008252985668947271,15.59029597193191,-24.88490673178486
472,3.898189067840576,15.596503257751465,-24.612199783325195,-0.0005481461994349957,0.1250540316104889,0.009027532301843166,0.12538065016269684,3.2501366877708615,3.89640751776753,16.00294595384237,-24.58285906939094
473,7.70039176940918,15.596503257751465,-23.699371337890625,0.0005028797313570976,0.1798846572637558,0.003235887736082077,0.1799144595861435,3.2501366877708615,7.7020261972736,16.181152981891486,-23.688854260442078
474,11.312986373901367,15.596503257751465,-22.202985763549805,0.0030758294742554426,0.1292886883020401,-0.0031087484676390886,0.12936262786388397,3.2501366877708615,11.322983240120971,16.016709166915696,-22.21308962099753
475,14.647016525268555,15.596503257751465,-20.159889221191406,0.005339024122804403,0.0017001364612951875,-0.006311285775154829,0.008439666591584682,3.2501366877708615,14.664369083446974,15.602028933638538,-20.180401762636244
476,17.620389938354492,15.596503257751465,-17.620389938354492,0.005200045648962259,-0.1284157931804657,-0.005506547633558512,0.12863893806934357,3.2501366877708615,17.637290797496266,15.179134377046438,-17.63828697084128
477,20.159889221191406,15.596503257751465,-14.647016525268555,0.0024775993078947067,-0.18399891257286072,-0.0026869240682572126,0.18403521180152893,3.2501366877708615,20.16794175759959,14.998481641488468,-14.655749395760052
478,22.202985763549805,15.596503257751465,-11.312986373901367,-0.0009258281788788736,-0.1312927007675171,-0.0003728983865585178,0.13129650056362152,3.2501366877708615,22.199976695419057,15.169784034150435,-11.314198344628332
479,23.699371337890625,15.596503257751465,-7.70039176940918,-0.0029921780806034803,-0.0006060797604732215,0.0004522629897110164,0.0030862605199217796,3.2501366877708615,23.689646350134513,15.594533415686236,-7.698921852873799
480,24.612199783325195,15.596503257751465,-3.898189067840576,-0.0034170758444815874,0.13109897077083588,0.00033146367059089243,0.13114391267299652,3.2501366877708615,24.60109381975815,16.02259283238276,-3.8971117656041256
481,24.189414978027344,16.863840103149414,0.0,-0.19918742775917053,0.07308418303728104,-6.84577061704772e-10,0.21217192709445953,3.2501366877708615,23.542028611324554,17.101373687734643,-2.2249690238530563e-09
482,23.891603469848633,16.863840103149414,3.784058094024658,-0.14460758864879608,0.05157811939716339,0.007951879873871803,0.1537364274263382,3.2501366877708615,23.421609040651102,17.03147604128836,3.809902790539476
483,23.00550079345703,16.863840103149414,7.474939823150635,-0.015537160448729992,-0.00018036541587207466,0.04051307588815689,0.04339061304926872,3.2501366877708615,22.955002898258833,16.863253890894082,7.6066128574291785
484,21.55292510986328,16.863840103149414,10.98176383972168,0.10868880897760391,-0.051551453769207,0.09036315977573395,0.15045367181301117,3.2501366877708615,21.90617859547151,16.69629083194619,11.275456460531693
485,19.56964683532715,16.863840103149414,14.218180656433105,0.15924930572509766,-0.07229649275541306,0.11706475913524628,0.21045494079589844,3.2501366877708615,20.087228846366326,16.628866619647887,14.598657124943628
486,17.10449981689453,16.863840103149414,17.10449981689453,0.12191376090049744,-0.05047367140650749,0.08031919598579407,0.15447242558002472,3.2501366877708615,17.50073620394136,16.699793771944634,17.36554818250022
487,14.218180656433105,16.863840103149414,19.56964683532715,0.0384320430457592,0.0007012019050307572,-0.019837286323308945,0.04325542226433754,3.2501366877708615,14.343090049522116,16.86611910518649,19.505172943261947
488,10.98176383972168,16.863840103149414,21.55292510986328,-0.031946972012519836,0.05092241242527962,-0.13182111084461212,0.144881010055542,3.2501366877708615,10.8779318139206,17.029344904002613,21.124488481284498
489,7.474939823150635,16.863840103149414,23.00550079345703,-0.0574343204498291,0.07079204171895981,-0.18369293212890625,0.20506903529167175,3.2501366877708615,7.288270431119457,17.093923915142412,22.40847365546067
490,3.784058094024658,16.863840103149414,23.891603469848633,-0.04959533363580704,0.0490204356610775,-0.13501861691474915,0.15196292102336884,3.2501366877708615,3.6228664806326853,17.023163219541992,23.452774509481927
491,0.0,16.863840103149414,24.189414978027344,-0.041310522705316544,-0.0012141754850745201,-0.009299512021243572,0.04236171022057533,3.2501366877708615,-0.1342648454355405,16.85989386685998,24.159190292828733
492,-3.784058094024658,16.863840103149414,23.891603469848633,-0.04995764419436455,-0.05027582123875618,0.11920402944087982,0.13868318498134613,3.2501366877708615,-3.946427266255365,16.700436812033523,24.279032859264554
493,-7.474939823150635,16.863840103149414,23.00550079345703,-0.059672195464372635,-0.06955095380544662,0.17543669044971466,0.19792962074279785,3.2501366877708615,-7.668882614869227,16.637789996516876,23.57569401746875
494,-10.98176383972168,16.863840103149414,21.55292510986328,-0.038192011415958405,-0.04808061942458153,0.1334419995546341,0.14689159393310547,3.2501366877708615,-11.105893097204449,16.707571517986832,21.986629848305302
495,-14.218180656433105,16.863840103149414,19.56964683532715,0.0272012148052454,0.001302194083109498,0.02995988167822361,0.04048698768019676,3.2501366877708615,-14.12977299024264,16.868072411913527,19.667020545930818
496,-17.10449981689453,16.863840103149414,17.10449981689453,0.10765120387077332,0.04969152435660362,-0.06636153161525726,0.13587450981140137,3.2501366877708615,-16.75461868971143,17.02534434953207,16.888815768335117
497,-19.56964683532715,16.863840103149414,14.218180656433105,0.1469791680574417,0.06899971514940262,-0.10475794225931168,0.19323059916496277,3.2501366877708615,-19.091944448885616,17.088098608802227,13.877703024960734
498,-21.55292510986328,16.863840103149414,10.98176383972168,0.1042335033416748,0.04816820099949837,-0.08300210535526276,0.14168326556682587,3.2501366877708615,-21.214151976557616,17.020393340401803,10.711995651944317
499,-23.00550079345703,16.863840103149414,7.474939823150635,-0.008916998282074928,-0.0005869036540389061,-0.037928834557533264,0.03896734118461609,3.2501366877708615,-23.03448225671839,16.861932586051235,7.351665926430805
500,-23.891603469848633,16.863840103149414,3.784058094024658,-0.12838324904441833,-0.04895655810832977,-0.007733132224529982,0.13761833310127258,3.2501366877708615,-24.30886657766312,16.704724597534547,3.75892435727033
501,-24.189414978027344,16.863840103149414,0.0,-0.17918448150157928,-0.06893094629049301,-6.111462447222493e-10,0.1919858157634735,3.2501366877708615,-24.771789035234825,16.63980510568792,-1.9863088315651716e-09
502,-23.891603469848633,16.863840103149414,-3.784058094024658,-0.12838326394557953,-0.04895656183362007,0.00773313082754612,0.13761834800243378,3.2501366877708615,-24.30886662609393,16.704724585426842,-3.7589243618107187
503,-23.00550079345703,16.863840103149414,-7.474939823150635,-0.008917003870010376,-0.0005869058659300208,0.037928834557533264,0.03896734490990639,3.2501366877708615,-23.034482274879945,16.861932578862287,-7.351665926430805
504,-21.55292510986328,16.863840103149414,-10.98176383972168,0.1042335033416748,0.04816820099949837,0.08300210535526276,0.14168326556682587,3.2501366877708615,-21.214151976557616,17.020393340401803,-10.711995651944317
505,-19.56964683532715,16.863840103149414,-14.218180656433105,0.1469791680574417,0.06899971514940262,0.10475794225931168,0.19323059916496277,3.2501366877708615,-19.091944448885616,17.088098608802227,-13.877703024960734
506,-17.10449981689453,16.863840103149414,-17.10449981689453,0.10765120387077332,0.04969152435660362,0.06636153161525726,0.13587450981140137,3.2501366877708615,-16.75461868971143,17.02534434953207,-16.888815768335117
507,-14.218180656433105,16.863840103149414,-19.56964683532715,0.027201218530535698,0.0013021962950006127,-0.029959876090288162,0.04048698768019676,3.2501366877708615,-14.12977297813494,16.868072419102475,-19.667020527769264
508,-10.98176383972168,16.863840103149414,-21.55292510986328,-0.038192007690668106,-0.04808061569929123,-0.1334419995546341,0.14689159393310547,3.2501366877708615,-11.105893085096747,16.707571530094537,-21.986629848305302
509,-7.474939823150635,16.863840103149414,-23.00550079345703,-0.059672191739082336,-0.06955095380544662,-0.17543669044971466,0.19792962074279785,3.2501366877708615,-7.668882602761523,16.637789996516876,-23.57569401746875
510,-3.784058094024658,16.863840103149414,-23.891603469848633,-0.04995764419436455,-0.05027582496404648,-0.11920402944087982,0.13868318498134613,3.2501366877708615,-3.946427266255365,16.70043679992582,-24.279032859264554
511,-0.0,16.863840103149414,-24.189414978027344,-0.041310522705316544,-0.0012141776969656348,0.00929950550198555,0.04236171022057533,3.2501366877708615,-0.1342648454355405,16.859893859671033,-24.159190314017213
512,3.784058094024658,16.863840103149414,-23.891603469848633,-0.04959533363580704,0.0490204356610775,0.13501861691474915,0.15196292102336884,3.2501366877708615,3.6228664806326853,17.023163219541992,-23.452774509481927
513,7.474939823150635,16.863840103149414,-23.00550079345703,-0.0574343241751194,0.07079204171895981,0.18369293212890625,0.20506903529167175,3.2501366877708615,7.288270419011754,17.093923915142412,-22.40847365546067
514,10.98176383972168,16.863840103149414,-21.55292510986328,-0.031946975737810135,0.050922416150569916,0.13182111084461212,0.144881010055542,3.2501366877708615,10.877931801812897,17.02934491611032,-21.124488481284498
515,14.218180656433105,16.863840103149414,-19.56964683532715,0.0384320393204689,0.0007012041751295328,0.019837290048599243,0.04325542226433754,3.2501366877708615,14.343090037414413,16.866119112564622,-19.505172931154245
516,17.10449981689453,16.863840103149414,-17.10449981689453,0.12191375344991684,-0.050473667681217194,-0.08031918853521347,0.15447241067886353,3.2501366877708615,17.50073617972596,16.699793784052336,-17.365548158284813
517,19.56964683532715,16.863840103149414,-14.218180656433105,0.15924930572509766,-0.07229649275541306,-0.11706475913524628,0.21045494079589844,3.2501366877708615,20.087228846366326,16.628866619647887,-14.598657124943628
518,21.55292510986328,16.863840103149414,-10.98176383972168,0.10868880897760391,-0.051551453769207,-0.09036315977573395,0.15045367181301117,3.2501366877708615,21.90617859547151,16.69629083194619,-11.275456460531693
519,23.00550079345703,16.863840103149414,-7.474939823150635,-0.015537154860794544,-0.00018036772962659597,-0.04051307961344719,0.04339061304926872,3.2501366877708615,22.955002916420387,16.863253883374064,-7.606612869536881
520,23.891603469848633,16.863840103149414,-3.784058094024658,-0.14460758864879608,0.05157811939716339,-0.007951881736516953,0.1537364274263382,3.2501366877708615,23.421609040651102,17.03147604128836,-3.809902796593327
521,24.20526885986328,18.792909622192383,0.0,-0.38301923871040344,0.07511500269174576,-1.0528783400687303e-09,0.3903152644634247,3.2501366877708615,22.960403980008532,19.037043648242832,-3.421998520816666e-09
522,23.90726089477539,18.792909622192383,3.7865378856658936,-0.2752237617969513,0.05301102623343468,0.00397347891703248,0.28031066060066223,3.2501366877708615,23.01274604921281,18.965202703410053,3.799452235272225
523,23.020578384399414,18.792909622192383,7.479838848114014,-0.02195049449801445,-0.00018689957505557686,0.06285487860441208,0.0665777325630188,3.2501366877708615,22.949236276916704,18.792302173026567,7.684125795071597
524,21.567052841186523,18.792909622192383,10.988962173461914,0.21734532713890076,-0.0529874712228775,0.16395892202854156,0.277361124753952,3.2501366877708615,22.273454862836225,18.620693097978705,11.521851081234239
525,19.582473754882812,18.792909622192383,14.227499961853027,0.3069535195827484,-0.0743110179901123,0.22408261895179749,0.387241005897522,3.2501366877708615,20.580114650319096,18.55138865631712,14.955799102800043
526,17.11570930480957,18.792909622192383,17.11570930480957,0.22349756956100464,-0.05188186839222908,0.15865255892276764,0.2789507508277893,3.2501366877708615,17.84210695526741,18.6242864583007,17.631351807173186
527,14.227499961853027,18.792909622192383,19.582473754882812,0.05574411526322365,0.0007183025008998811,-0.034876301884651184,0.06575924903154373,3.2501366877708615,14.408675955997358,18.795244203503476,19.469121006593735
528,10.988962173461914,18.792909622192383,21.567052841186523,-0.07636046409606934,0.05234026536345482,-0.2537856698036194,0.27014365792274475,3.2501366877708615,10.74078022760807,18.96302263889781,20.74221472492728
529,7.479838848114014,18.792909622192383,23.020578384399414,-0.11321341246366501,0.07276487350463867,-0.35396215319633484,0.37868350744247437,3.2501366877708615,7.1118797827181215,19.029405407150815,21.870153004213638
530,3.7865378856658936,18.792909622192383,23.90726089477539,-0.08511746674776077,0.05038856342434883,-0.2554069459438324,0.27389177680015564,3.2501366877708615,3.5098944842188797,18.95667934082193,23.07715340945183
531,0.0,18.792909622192383,24.20526885986328,-0.06371859461069107,-0.0012392066419124603,-0.007085337303578854,0.06412329524755478,3.2501366877708615,-0.20709414203740575,18.788882031221775,24.18224054514769
532,-3.7865378856658936,18.792909622192383,23.90726089477539,-0.0849197506904602,-0.0516565702855587,0.24151837825775146,0.2611721456050873,3.2501366877708615,-4.062538682901313,18.625018707942875,24.69222863672183
533,-7.479838848114014,18.792909622192383,23.020578384399414,-0.11339455842971802,-0.07146362960338593,0.34257400035858154,0.3678618371486664,3.2501366877708615,-7.848386662660017,18.56064305777715,24.133990711241267
534,-10.988962173461914,18.792909622192383,21.567052841186523,-0.0793585404753685,-0.049410123378038406,0.24960651993751526,0.2665380835533142,3.2501366877708615,-11.246888277348859,18.632319967454137,22.37830814914225
535,-14.227499961853027,18.792909622192383,19.582473754882812,0.04612745717167854,0.0013146769488230348,0.041485439985990524,0.062052495777606964,3.2501366877708615,-14.077579420985776,18.79718250197632,19.717307105389597
536,-17.11570930480957,18.792909622192383,17.11570930480957,0.20599699020385742,0.05102989077568054,-0.14317992329597473,0.2560064494609833,3.2501366877708615,-16.44619092937764,18.95876374237536,16.650354983153104
537,-19.582473754882812,18.792909622192383,14.227499961853027,0.2868301570415497,0.07088923454284668,-0.2069072723388672,0.36070406436920166,3.2501366877708615,-18.650236538322993,19.023309324148084,13.555023045057878
538,-21.567052841186523,18.792909622192383,10.988962173461914,0.20533673465251923,0.04950903728604317,-0.15221135318279266,0.26035094261169434,3.2501366877708615,-20.8996803865453,18.95382076065197,10.494254470187272
539,-23.020578384399414,18.792909622192383,7.479838848114014,-0.01642618328332901,-0.0005845226696692407,-0.058537088334560394,0.06080091744661331,3.2501366877708615,-23.07396572532861,18.791009843618856,7.289585309722575
540,-23.90726089477539,18.792909622192383,3.7865378856658936,-0.2516726851463318,-0.05029993876814842,-0.003797887358814478,0.25667810440063477,3.2501366877708615,-24.725231522079287,18.629427945809397,3.7741942326249895
541,-24.20526885986328,18.792909622192383,0.0,-0.35183683037757874,-0.07083357125520706,-9.569086634186874e-10,0.35889628529548645,3.2501366877708615,-25.348786650382465,18.562690833530002,-3.110083953822855e-09
542,-23.90726089477539,18.792909622192383,-3.7865378856658936,-0.2516726851463318,-0.05029994249343872,0.0037978847976773977,0.25667810440063477,3.2501366877708615,-24.725231522079287,18.62942793370169,-3.774194240949035
543,-23.020578384399414,18.792909622192383,-7.479838848114014,-0.016426194459199905,-0.0005845249397680163,0.058537084609270096,0.06080091744661331,3.2501366877708615,-23.073965761651717,18.791009836240725,-7.289585321830278
544,-21.567052841186523,18.792909622192383,-10.988962173461914,0.20533671975135803,0.04950903728604317,0.15221135318279266,0.26035094261169434,3.2501366877708615,-20.899680434976112,18.95382076065197,-10.494254470187272
545,-19.582473754882812,18.792909622192383,-14.227499961853027,0.2868301570415497,0.07088923454284668,0.2069072723388672,0.36070406436920166,3.2501366877708615,-18.650236538322993,19.023309324148084,-13.555023045057878
546,-17.11570930480957,18.792909622192383,-17.11570930480957,0.20599699020385742,0.05102989077568054,0.14317992329597473,0.2560064494609833,3.2501366877708615,-16.44619092937764,18.95876374237536,-16.650354983153104
547,-14.227499961853027,18.792909622192383,-19.582473754882812,0.04612746462225914,0.0013146791607141495,-0.04148543253540993,0.06205249950289726,3.2501366877708615,-14.077579396770371,18.797182509165268,-19.71730708117419
548,-10.988962173461914,18.792909622192383,-21.567052841186523,-0.0793585330247879,-0.04941011965274811,-0.24960651993751526,0.2665380835533142,3.2501366877708615,-11.246888253133452,18.63231997956184,-22.37830814914225
549,-7.479838848114014,18.792909622192383,-23.020578384399414,-0.11339455842971802,-0.07146362960338593,-0.34257400035858154,0.3678618371486664,3.2501366877708615,-7.848386662660017,18.56064305777715,-24.133990711241267
550,-3.7865378856658936,18.792909622192383,-23.90726089477539,-0.0849197506904602,-0.0516565702855587,-0.24151837825775146,0.2611721456050873,3.2501366877708615,-4.062538682901313,18.625018707942875,-24.69222863672183
551,-0.0,18.792909622192383,-24.20526885986328,-0.06371859461069107,-0.001239208853803575,0.007085325662046671,0.06412329524755478,3.2501366877708615,-0.20709414203740575,18.788882024032826,-24.18224058298426
552,3.7865378856658936,18.792909622192383,-23.90726089477539,-0.08511746674776077,0.05038856342434883,0.2554069459438324,0.27389177680015564,3.2501366877708615,3.5098944842188797,18.95667934082193,-23.07715340945183
553,7.479838848114014,18.792909622192383,-23.020578384399414,-0.1132134199142456,0.07276487350463867,0.35396215319633484,0.37868350744247437,3.2501366877708615,7.111879758502716,19.029405407150815,-21.870153004213638
554,10.988962173461914,18.792909622192383,-21.567052841186523,-0.07636047154664993,0.05234026536345482,0.2537856698036194,0.27014365792274475,3.2501366877708615,10.740780203392664,18.96302263889781,-20.74221472492728
555,14.227499961853027,18.792909622192383,-19.582473754882812,0.05574410781264305,0.0007183048292063177,0.03487631306052208,0.06575924903154373,3.2501366877708615,14.408675931781953,18.795244211070788,-19.469120970270627
556,17.11570930480957,18.792909622192383,-17.11570930480957,0.22349756956100464,-0.05188186466693878,-0.15865254402160645,0.2789507508277893,3.2501366877708615,17.84210695526741,18.624286470408403,-17.631351758742376
557,19.582473754882812,18.792909622192383,-14.227499961853027,0.3069535195827484,-0.0743110179901123,-0.22408261895179749,0.387241005897522,3.2501366877708615,20.580114650319096,18.55138865631712,-14.955799102800043
558,21.567052841186523,18.792909622192383,-10.988962173461914,0.21734532713890076,-0.0529874749481678,-0.16395892202854156,0.277361124753952,3.2501366877708615,22.273454862836225,18.620693085871004,-11.521851081234239
559,23.020578384399414,18.792909622192383,-7.479838848114014,-0.021950483322143555,-0.00018690194701775908,-0.06285487860441208,0.0665777325630188,3.2501366877708615,22.949236313239812,18.792302165317366,-7.684125795071597
560,23.90726089477539,18.792909622192383,-3.7865378856658936,-0.2752237617969513,0.05301102250814438,-0.003973481711000204,0.28031066060066223,3.2501366877708615,23.01274604921281,18.96520269130235,-3.799452244353002
561,24.22112274169922,20.72197723388672,0.0,-0.4490724503993988,0.07620233297348022,-1.4889729449407696e-09,0.45549190044403076,3.2501366877708615,22.761575895188972,20.96964523197756,-4.839365595450218e-09
562,23.92292022705078,20.72197723388672,3.789017915725708,-0.3240810036659241,0.053776029497385025,0.01601722091436386,0.32890257239341736,3.2501366877708615,22.86961266722656,20.896756680278816,3.841076073055613
563,23.035655975341797,20.72197723388672,7.484737873077393,-0.029633695259690285,-0.00019639769743662328,0.08928390592336655,0.09407342970371246,3.2501366877708615,22.939342415184058,20.721338914524885,7.774922771346408
564,21.5811767578125,20.72197723388672,10.996158599853516,0.2508292496204376,-0.05376247689127922,0.20262224972248077,0.3268967568874359,3.2501366877708615,22.39640610436992,20.54724183531694,11.65470860743522
565,19.595298767089844,20.72197723388672,14.236818313598633,0.3601655960083008,-0.0753890797495842,0.26240405440330505,0.4519498348236084,3.2501366877708615,20.76588618434928,20.476952419935312,15.089667357834635
566,17.12691879272461,20.72197723388672,17.12691879272461,0.26897525787353516,-0.05262466147542,0.1765873283147812,0.3260370194911957,3.2501366877708615,18.001125146442014,20.550939890943933,17.70085174707592
567,14.236818313598633,20.72197723388672,19.595298767089844,0.07629763334989548,0.0007457208703272045,-0.052651435136795044,0.09270414710044861,3.2501366877708615,14.484796050939218,20.724400928646205,19.424174406087957
568,10.996158599853516,20.72197723388672,21.5811767578125,-0.08139053732156754,0.05311310663819313,-0.30492377281188965,0.3200373947620392,3.2501366877708615,10.731628228467306,20.894602090372995,20.590132816823072
569,7.484737873077393,20.72197723388672,23.035655975341797,-0.13374701142311096,0.0738186165690422,-0.41556641459465027,0.4427560269832611,3.2501366877708615,7.050041804371431,20.961897827838254,21.685008325062327
570,3.789017915725708,20.72197723388672,23.92292022705078,-0.11093804985284805,0.05110079050064087,-0.29549139738082886,0.31974005699157715,3.2501366877708615,3.4284540898292137,20.888061787866945,22.96253279550267
571,0.0,20.72197723388672,24.22112274169922,-0.09025774151086807,-0.0012767772423103452,-0.003806279506534338,0.09034698456525803,3.2501366877708615,-0.29334999703981135,20.717827533329373,24.20875181303112
572,-3.789017915725708,20.72197723388672,23.92292022705078,-0.11047866195440292,-0.05240532010793686,0.28607138991355896,0.3111088275909424,3.2501366877708615,-4.148088668159548,20.551652780369537,24.852691346730442
573,-7.484737873077393,20.72197723388672,23.035655975341797,-0.13272511959075928,-0.0724753737449646,0.40392741560935974,0.431307315826416,3.2501366877708615,-7.916112653648095,20.486422362718304,24.348475288010246
574,-10.996158599853516,20.72197723388672,21.5811767578125,-0.08202778548002243,-0.05010141804814339,0.29653826355934143,0.3117268979549408,3.2501366877708615,-11.262760114858734,20.559140776979103,22.54496664753458
575,-14.236818313598633,20.72197723388672,19.595298767089844,0.06906317919492722,0.0013298398116603494,0.05437910929322243,0.08791233599185944,3.2501366877708615,-14.012353541123106,20.726299395047455,19.772038305252046
576,-17.12691879272461,20.72197723388672,17.12691879272461,0.25203803181648254,0.05174025520682335,-0.16360217332839966,0.3049030900001526,3.2501366877708615,-16.3077607388043,20.89014013556904,16.59518936699093
577,-19.595298767089844,20.72197723388672,14.236818313598633,0.3380570411682129,0.07189544290304184,-0.24460020661354065,0.4234156012535095,3.2501366877708615,-18.49656717502977,20.95564725054943,13.44183420824763
578,-21.5811767578125,20.72197723388672,10.996158599853516,0.23576956987380981,0.05023018643260002,-0.1885969638824463,0.3060705363750458,3.2501366877708615,-20.814893428905677,20.885232205644883,10.383192688336981
579,-23.035655975341797,20.72197723388672,7.484737873077393,-0.02561119943857193,-0.0005793090676888824,-0.08288345485925674,0.08675215393304825,3.2501366877708615,-23.118895874254918,20.720094400232266,7.215355315630122
580,-23.92292022705078,20.72197723388672,3.789017915725708,-0.29920902848243713,-0.051024120301008224,-0.014796238392591476,0.30388885736465454,3.2501366877708615,-24.895390467833828,20.556141868535178,3.7409281184849426
581,-24.22112274169922,20.72197723388672,0.0,-0.415170818567276,-0.07186248898506165,-1.3672101228934253e-09,0.4213443100452423,3.2501366877708615,-25.57048465081658,20.48841432196184,-4.44361978030763e-09
582,-23.92292022705078,20.72197723388672,-3.789017915725708,-0.29920902848243713,-0.051024120301008224,0.014796234667301178,0.30388885736465454,3.2501366877708615,-24.895390467833828,20.556141868535178,-3.7409281305926454
583,-23.035655975341797,20.72197723388672,-7.484737873077393,-0.025611212477087975,-0.000579311337787658,0.08288345485925674,0.08675216138362885,3.2501366877708615,-23.118895916631875,20.720094392854133,-7.215355315630122
584,-21.5811767578125,20.72197723388672,-10.996158599853516,0.23576955497264862,0.05023018270730972,0.1885969638824463,0.3060705363750458,3.2501366877708615,-20.814893477336486,20.88523219353718,-10.383192688336981
585,-19.595298767089844,20.72197723388672,-14.236818313598633,0.3380570411682129,0.07189544290304184,0.24460020661354065,0.4234156012535095,3.2501366877708615,-18.49656717502977,20.95564725054943,-13.44183420824763
586,-17.12691879272461,20.72197723388672,-17.12691879272461,0.25203806161880493,0.05174025893211365,0.16360218822956085,0.304903119802475,3.2501366877708615,-16.30776064194268,20.890140147676746,-16.59518931856012
587,-14.236818313598633,20.72197723388672,-19.595298767089844,0.06906318664550781,0.001329842139966786,-0.05437909811735153,0.08791233599185944,3.2501366877708615,-14.012353516907702,20.726299402614767,-19.772038268928938
588,-10.996158599853516,20.72197723388672,-21.5811767578125,-0.08202778548002243,-0.05010141804814339,-0.29653826355934143,0.3117268979549408,3.2501366877708615,-11.262760114858734,20.559140776979103,-22.54496664753458
589,-7.484737873077393,20.72197723388672,-23.035655975341797,-0.13272511959075928,-0.0724753737449646,-0.40392741560935974,0.431307315826416,3.2501366877708615,-7.916112653648095,20.486422362718304,-24.348475288010246
590,-3.789017915725708,20.72197723388672,-23.92292022705078,-0.11047866195440292,-0.05240532383322716,-0.28607138991355896,0.3111088275909424,3.2501366877708615,-4.148088668159548,20.551652768261835,-24.852691346730442
591,-0.0,20.72197723388672,-24.22112274169922,-0.09025774151086807,-0.0012767795706167817,0.003806266002357006,0.09034698456525803,3.2501366877708615,-0.29334999703981135,20.71782752576206,-24.208751856921545
592,3.789017915725708,20.72197723388672,-23.92292022705078,-0.11093804985284805,0.05110079050064087,0.29549139738082886,0.31974005699157715,3.2501366877708615,3.4284540898292137,20.888061787866945,-22.96253279550267
593,7.484737873077393,20.72197723388672,-23.035655975341797,-0.13374701142311096,0.0738186165690422,0.41556641459465027,0.4427560269832611,3.2501366877708615,7.050041804371431,20.961897827838254,-21.685008325062327
594,10.996158599853516,20.72197723388672,-21.5811767578125,-0.08139053732156754,0.05311310663819313,0.30492380261421204,0.3200373947620392,3.2501366877708615,10.731628228467306,20.894602090372995,-20.59013271996145
595,14.236818313598633,20.72197723388672,-19.595298767089844,0.07629762589931488,0.0007457232568413019,0.05265144631266594,0.09270414710044861,3.2501366877708615,14.484796026723812,20.724400936402702,-19.42417436976485
596,17.12691879272461,20.72197723388672,-17.12691879272461,0.26897522807121277,-0.05262466147542,-0.1765873283147812,0.3260369896888733,3.2501366877708615,18.00112504958039,20.550939890943933,-17.70085174707592
597,19.595298767089844,20.72197723388672,-14.236818313598633,0.3601655960083008,-0.0753890797495842,-0.26240405440330505,0.4519498348236084,3.2501366877708615,20.76588618434928,20.476952419935312,-15.089667357834635
598,21.5811767578125,20.72197723388672,-10.996158599853516,0.2508292496204376,-0.05376247689127922,-0.20262224972248077,0.3268967568874359,3.2501366877708615,22.39640610436992,20.54724183531694,-11.65470860743522
599,23.035655975341797,20.72197723388672,-7.484737873077393,-0.02963368222117424,-0.00019640009850263596,-0.08928391337394714,0.09407342970371246,3.2501366877708615,22.939342457561015,20.721338906721094,-7.774922795561814
600,23.92292022705078,20.72197723388672,-3.789017915725708,-0.3240809738636017,0.05377602577209473,-0.01601722463965416,0.32890257239341736,3.2501366877708615,22.86961276408818,20.896756668171115,-3.8410760851633152
601,24.99814224243164,23.494470596313477,0.0,-0.3947395980358124,0.061708468943834305,-1.1056446869162073e-09,0.39953383803367615,3.2501366877708615,23.715184592739526,23.695031555174,-3.593496360585293e-09
602,24.690372467041016,23.494470596313477,3.9105710983276367,-0.2830348014831543,0.043401021510362625,0.005197418387979269,0.2863902449607849,3.2501366877708615,23.770470674824672,23.63552984861104,3.927463418512103
603,23.774646759033203,23.494470596313477,7.724851131439209,-0.020975250750780106,-0.0005558392149396241,0.06661278009414673,0.06983933597803116,3.2501366877708615,23.7064743270329,23.4926640428885,7.941351771897608
604,22.27350616455078,23.494470596313477,11.348918914794922,0.2256658673286438,-0.04391069337725639,0.17042534053325653,0.286178320646286,3.2501366877708615,23.006951079133238,23.351754840782597,11.902824566587901
605,20.223920822143555,23.494470596313477,14.693538665771484,0.3166027367115021,-0.06095346808433533,0.23036770522594452,0.3962599039077759,3.2501366877708615,21.252922992178267,23.296363493445707,15.442265196203909
606,17.676355361938477,23.494470596313477,17.676355361938477,0.2287437468767166,-0.04183828830718994,0.15997633337974548,0.2822526693344116,3.2501366877708615,18.419803805760665,23.358490440532744,18.19630031223105
607,14.693538665771484,23.494470596313477,20.223920822143555,0.05488865450024605,0.0017705794889479876,-0.04144014045596123,0.06879814714193344,3.2501366877708615,14.871934295505113,23.500225221669123,20.089234701301258
608,11.348918914794922,23.494470596313477,22.27350616455078,-0.08095334470272064,0.04388228431344032,-0.2660980820655823,0.28157997131347656,3.2501366877708615,11.085809479178849,23.63709401850378,21.40865102548397
609,7.724851131439209,23.494470596313477,23.774646759033203,-0.1181015819311142,0.05969808250665665,-0.3651263415813446,0.3883672058582306,3.2501366877708615,7.341004847121118,23.688497524457933,22.58793624058812
610,3.9105710983276367,23.494470596313477,24.690372467041016,-0.08880893886089325,0.04019779711961746,-0.258027046918869,0.275827556848526,3.2501366877708615,3.6219299079338483,23.625118931499514,23.851749295412827
611,0.0,23.494470596313477,24.99814224243164,-0.06704036891460419,-0.002771602710708976,0.0013739776331931353,0.06711170077323914,3.2501366877708615,-0.21789036257104827,23.485462508659477,25.00260785754546
612,-3.9105710983276367,23.494470596313477,24.690372467041016,-0.08868227154016495,-0.04376067593693733,0.2565755546092987,0.2749737501144409,3.2501366877708615,-4.198800602615185,23.352242417969187,25.524278090261852
613,-7.724851131439209,23.494470596313477,23.774646759033203,-0.11613675951957703,-0.05884695053100586,0.35585343837738037,0.37892264127731323,3.2501366877708615,-8.102311474352607,23.303209963429218,24.931219074572933
614,-11.348918914794922,23.494470596313477,22.27350616455078,-0.07793676853179932,-0.03955153748393059,0.25468969345092773,0.26926809549331665,3.2501366877708615,-11.602224065526428,23.36592269327921,23.101282481232754
615,-14.693538665771484,23.494470596313477,20.223920822143555,0.053543560206890106,0.002587946830317378,0.037560008466243744,0.06545505672693253,3.2501366877708615,-14.519514776349203,23.502881777252693,20.345995983652678
616,-17.676355361938477,23.494470596313477,17.676355361938477,0.21758662164211273,0.043079253286123276,-0.15221799910068512,0.26901689171791077,3.2501366877708615,-16.969169100171328,23.63448405790048,17.18162605852227
617,-20.223920822143555,23.494470596313477,14.693538665771484,0.29765912890434265,0.058656178414821625,-0.21607449650764465,0.3724643588066101,3.2501366877708615,-19.256487966841636,23.68511119374392,13.991267017380371
618,-22.27350616455078,23.494470596313477,11.348918914794922,0.21015624701976776,0.04046119377017021,-0.1584576964378357,0.2662923336029053,3.2501366877708615,-21.5904696359476,23.625975006616912,10.833909742142653
619,-23.774646759033203,23.494470596313477,7.724851131439209,-0.020320963114500046,-0.0010049886768683791,-0.06148552522063255,0.0647643506526947,3.2501366877708615,-23.840692666782477,23.491204245743994,7.5250147701527705
620,-24.690372467041016,23.494470596313477,3.9105710983276367,-0.263074666261673,-0.04191664606332779,-0.004679292440414429,0.2664341926574707,3.2501366877708615,-25.545401091481153,23.35823576711475,3.8953627582942367
621,-24.99814224243164,23.494470596313477,0.0,-0.3661753237247467,-0.05878134444355965,-1.020598383583149e-09,0.3708633482456207,3.2501366877708615,-26.188262096225813,23.30342319218097,-3.317084249963231e-09
622,-24.690372467041016,23.494470596313477,-3.9105710983276367,-0.263074666261673,-0.04191664978861809,0.004679289646446705,0.2664341926574707,3.2501366877708615,-25.545401091481153,23.358235755007048,-3.8953627673750137
623,-23.774646759033203,23.494470596313477,-7.724851131439209,-0.02032097429037094,-0.0010049904230982065,0.06148552522063255,0.0647643581032753,3.2501366877708615,-23.840692703105585,23.491204240068505,-7.5250147701527705
624,-22.27350616455078,23.494470596313477,-11.348918914794922,0.21015624701976776,0.04046119377017021,0.1584576964378357,0.2662923336029053,3.2501366877708615,-21.5904696359476,23.625975006616912,-10.833909742142653
625,-20.223920822143555,23.494470596313477,-14.693538665771484,0.29765912890434265,0.058656178414821625,0.21607449650764465,0.3724643588066101,3.2501366877708615,-19.256487966841636,23.68511119374392,-13.991267017380371
626,-17.676355361938477,23.494470596313477,-17.676355361938477,0.21758663654327393,0.043079257011413574,0.1522180140018463,0.26901689171791077,3.2501366877708615,-16.96916905174052,23.63448407000818,-17.181626010091456
627,-14.693538665771484,23.494470596313477,-20.223920822143555,0.0535435676574707,0.0025879486929625273,-0.03756000101566315,0.06545505672693253,3.2501366877708615,-14.519514752133798,23.50288178330654,-20.34599595943727
628,-11.348918914794922,23.494470596313477,-22.27350616455078,-0.07793676853179932,-0.03955153748393059,-0.25468969345092773,0.26926809549331665,3.2501366877708615,-11.602224065526428,23.36592269327921,-23.101282481232754
629,-7.724851131439209,23.494470596313477,-23.774646759033203,-0.11613675951957703,-0.05884695053100586,-0.35585343837738037,0.37892264127731323,3.2501366877708615,-8.102311474352607,23.303209963429218,-24.931219074572933
630,-3.9105710983276367,23.494470596313477,-24.690372467041016,-0.08868227154016495,-0.04376067593693733,-0.2565755546092987,0.2749737501144409,3.2501366877708615,-4.198800602615185,23.352242417969187,-25.524278090261852
631,-0.0,23.494470596313477,-24.99814224243164,-0.06704036891460419,-0.002771604573354125,-0.0013739896239712834,0.06711170077323914,3.2501366877708615,-0.21789036257104827,23.485462502605625,-25.002607896517127
632,3.9105710983276367,23.494470596313477,-24.690372467041016,-0.08880893886089325,0.04019779711961746,0.25802701711654663,0.2758275270462036,3.2501366877708615,3.6219299079338483,23.625118931499514,-23.851749392274446
633,7.724851131439209,23.494470596313477,-23.774646759033203,-0.1181015819311142,0.05969808250665665,0.3651263415813446,0.3883672058582306,3.2501366877708615,7.341004847121118,23.688497524457933,-22.58793624058812
634,11.348918914794922,23.494470596313477,-22.27350616455078,-0.08095335215330124,0.04388228803873062,0.26609811186790466,0.28158003091812134,3.2501366877708615,11.085809454963444,23.637094030611483,-21.40865092862235
635,14.693538665771484,23.494470596313477,-20.223920822143555,0.05488864704966545,0.0017705813515931368,0.04144015163183212,0.06879814714193344,3.2501366877708615,14.871934271289708,23.50022522772297,-20.08923466497815
636,17.676355361938477,23.494470596313477,-17.676355361938477,0.2287437468767166,-0.04183828458189964,-0.1599763184785843,0.2822526693344116,3.2501366877708615,18.419803805760665,23.358490452640446,-18.19630026380024
637,20.223920822143555,23.494470596313477,-14.693538665771484,0.3166027367115021,-0.06095346808433533,-0.23036770522594452,0.3962599039077759,3.2501366877708615,21.252922992178267,23.296363493445707,-15.442265196203909
638,22.27350616455078,23.494470596313477,-11.348918914794922,0.225665882229805,-0.04391069710254669,-0.17042534053325653,0.286178320646286,3.2501366877708615,23.006951127564047,23.351754828674895,-11.902824566587901
639,23.774646759033203,23.494470596313477,-7.724851131439209,-0.02097523771226406,-0.0005558411357924342,-0.06661278754472733,0.06983933597803116,3.2501366877708615,23.706474369409857,23.492664036645465,-7.941351796113013
640,24.690372467041016,23.494470596313477,-3.9105710983276367,-0.2830348014831543,0.04340101778507233,-0.005197421181946993,0.2863902449607849,3.2501366877708615,23.770470674824672,23.635529836503334,-3.92746342759288
641,25.775161743164062,26.26696014404297,0.0,-0.2455831915140152,0.02101588435471058,-7.918206645918247e-10,0.2464807778596878,3.2501366877708615,24.976982802524503,26.335264640810163,-2.5735253921249954e-09
642,25.457826614379883,26.26696014404297,4.032124042510986,-0.17653565108776093,0.014578625559806824,0.007912904024124146,0.17731323838233948,3.2501366877708615,24.884061618080036,26.314342669832172,4.057842062186602
643,24.513635635375977,26.26696014404297,7.964962959289551,-0.014323616400361061,-0.0007276178803294897,0.04789082705974579,0.04999226704239845,3.2501366877708615,24.467081924211605,26.264595286475434,8.12061469332412
644,22.965837478637695,26.26696014404297,11.701679229736328,0.13904254138469696,-0.015425325371325016,0.11028885096311569,0.1781415194272995,3.2501366877708615,23.417744743552998,26.21682572813282,12.060133070503642
645,20.8525447845459,26.26696014404297,15.150259971618652,0.1969902664422989,-0.020516986027359962,0.14292508363723755,0.24424105882644653,3.2501366877708615,21.49279007664377,26.200277135032962,15.614786029550757
646,18.225791931152344,26.26696014404297,18.225791931152344,0.14459267258644104,-0.013018867000937462,0.09501959383487701,0.1735086590051651,3.2501366877708615,18.695737881108375,26.224647046770013,18.534618599132163
647,15.150259971618652,26.26696014404297,20.8525447845459,0.03789288178086281,0.002336909295991063,-0.03136550635099411,0.049245577305555344,3.2501366877708615,15.273417016899998,26.274555418681864,20.750602601624024
648,11.701679229736328,26.26696014404297,22.965837478637695,-0.04754638671875,0.016122877597808838,-0.16882717609405518,0.17613409459590912,3.2501366877708615,11.547146973890777,26.319361700036048,22.417126079721655
649,7.964962959289551,26.26696014404297,24.513635635375977,-0.07402138411998749,0.019990915432572365,-0.22659683227539062,0.23921732604503632,3.2501366877708615,7.7243833430816,26.331933351712497,23.777164957465068
650,4.032124042510986,26.26696014404297,25.457826614379883,-0.0597006119787693,0.011687911115586758,-0.15718117356300354,0.16854284703731537,3.2501366877708615,3.8380888932364154,26.30494745276314,24.946966315555887
651,0.0,26.26696014404297,25.775161743164062,-0.047870852053165436,-0.0036831432953476906,0.0044452473521232605,0.04821767657995224,3.2501366877708615,-0.15558681253284407,26.254989424892443,25.789609404669413
652,-4.032124042510986,26.26696014404297,25.457826614379883,-0.05924692749977112,-0.016875818371772766,0.16147595643997192,0.17282788455486298,3.2501366877708615,-4.224684655215693,26.212111427616712,25.982645544598324
653,-7.964962959289551,26.26696014404297,24.513635635375977,-0.07136751711368561,-0.020134776830673218,0.2215012013912201,0.23358406126499176,3.2501366877708615,-8.196917144975854,26.20151936716552,25.233544816402905
654,-11.701679229736328,26.26696014404297,22.965837478637695,-0.042903248220682144,-0.011716185137629509,0.15840040147304535,0.16452550888061523,3.2501366877708615,-11.841120650802907,26.228880940886445,23.480660434822873
655,-15.150259971618652,26.26696014404297,20.8525447845459,0.04022122547030449,0.0033989788498729467,0.024342328310012817,0.047136493027210236,3.2501366877708615,-15.019535491090512,26.278007289903897,20.931660678852033
656,-18.225791931152344,26.26696014404297,18.225791931152344,0.13962747156620026,0.016668172553181648,-0.09349687397480011,0.16886481642723083,3.2501366877708615,-17.771983563194354,26.32113398317616,17.92191431085496
657,-20.8525447845459,26.26696014404297,15.150259971618652,0.1851227581501007,0.02077505737543106,-0.13516898453235626,0.2301579862833023,3.2501366877708615,-20.250870516540925,26.334481920209402,14.71094229594131
658,-22.965837478637695,26.26696014404297,11.701679229736328,0.12778212130069733,0.013463743031024933,-0.10248337686061859,0.16435444355010986,3.2501366877708615,-22.55052811815711,26.310719149222823,11.368594246714984
659,-24.513635635375977,26.26696014404297,7.964962959289551,-0.015754617750644684,-0.0012959965970367193,-0.04393213614821434,0.04668961465358734,3.2501366877708615,-24.56484029652915,26.262747977955712,7.822177511822095
660,-25.457826614379883,26.26696014404297,4.032124042510986,-0.1653304398059845,-0.015439048409461975,-0.007099021226167679,0.1662014275789261,3.2501366877708615,-25.995173142398606,26.216781126383108,4.009051253176555
661,-25.775161743164062,26.26696014404297,0.0,-0.22863216698169708,-0.021210040897130966,-7.353151421085613e-10,0.22961387038230896,3.2501366877708615,-26.51824753707583,26.198024611974084,-2.38987472044048e-09
662,-25.457826614379883,26.26696014404297,-4.032124042510986,-0.1653304398059845,-0.01543904934078455,0.00709901936352253,0.1662014275789261,3.2501366877708615,-25.995173142398606,26.21678112335618,-4.009051259230406
663,-24.513635635375977,26.26696014404297,-7.964962959289551,-0.01575462520122528,-0.0012959972955286503,0.04393213614821434,0.04668961837887764,3.2501366877708615,-24.56484032074456,26.26274797568552,-7.822177511822095
664,-22.965837478637695,26.26696014404297,-11.701679229736328,0.12778212130069733,0.013463743031024933,0.10248337686061859,0.16435444355010986,3.2501366877708615,-22.55052811815711,26.310719149222823,-11.368594246714984
665,-20.8525447845459,26.26696014404297,-15.150259971618652,0.1851227581501007,0.02077505737543106,0.13516899943351746,0.2301579862833023,3.2501366877708615,-20.250870516540925,26.334481920209402,-14.710942247510499
666,-18.225791931152344,26.26696014404297,-18.225791931152344,0.13962748646736145,0.016668172553181648,0.09349687397480011,0.16886483132839203,3.2501366877708615,-17.771983514763544,26.32113398317616,-17.92191431085496
667,-15.150259971618652,26.26696014404297,-20.8525447845459,0.04022122919559479,0.0033989795483648777,-0.02434232085943222,0.047136493027210236,3.2501366877708615,-15.019535478982808,26.27800729217409,-20.93166065463663
668,-11.701679229736328,26.26696014404297,-22.965837478637695,-0.042903244495391846,-0.011716185137629509,-0.15840040147304535,0.16452550888061523,3.2501366877708615,-11.841120638695205,26.228880940886445,-23.480660434822873
669,-7.964962959289551,26.26696014404297,-24.513635635375977,-0.07136751711368561,-0.020134776830673218,-0.2215012013912201,0.23358406126499176,3.2501366877708615,-8.196917144975854,26.20151936716552,-25.233544816402905
670,-4.032124042510986,26.26696014404297,-25.457826614379883,-0.05924692749977112,-0.016875818371772766,-0.16147597134113312,0.17282789945602417,3.2501366877708615,-4.224684655215693,26.212111427616712,-25.982645593029137
671,-0.0,26.26696014404297,-25.775161743164062,-0.047870852053165436,-0.0036831439938396215,-0.004445254802703857,0.04821767657995224,3.2501366877708615,-0.15558681253284407,26.25498942262225,-25.78960942888482
672,4.032124042510986,26.26696014404297,-25.457826614379883,-0.0597006119787693,0.011687910184264183,0.15718115866184235,0.16854283213615417,3.2501366877708615,3.8380888932364154,26.304947449736215,-24.946966363986697
673,7.964962959289551,26.26696014404297,-24.513635635375977,-0.07402138411998749,0.019990915432572365,0.22659683227539062,0.23921732604503632,3.2501366877708615,7.7243833430816,26.331933351712497,-23.777164957465068
674,11.701679229736328,26.26696014404297,-22.965837478637695,-0.0475463904440403,0.016122877597808838,0.16882717609405518,0.17613409459590912,3.2501366877708615,11.547146961783074,26.319361700036048,-22.417126079721655
675,15.150259971618652,26.26696014404297,-20.8525447845459,0.03789287805557251,0.002336909994482994,0.03136551380157471,0.049245577305555344,3.2501366877708615,15.273417004792297,26.274555420952055,-20.750602577408618
676,18.225791931152344,26.26696014404297,-18.225791931152344,0.14459265768527985,-0.013018867000937462,-0.09501959383487701,0.1735086441040039,3.2501366877708615,18.695737832677565,26.224647046770013,-18.534618599132163
677,20.8525447845459,26.26696014404297,-15.150259971618652,0.1969902664422989,-0.020516986027359962,-0.14292506873607635,0.24424104392528534,3.2501366877708615,21.49279007664377,26.200277135032962,-15.614785981119946
678,22.965837478637695,26.26696014404297,-11.701679229736328,0.13904254138469696,-0.015425325371325016,-0.11028885096311569,0.1781415194272995,3.2501366877708615,23.417744743552998,26.21682572813282,-12.060133070503642
679,24.513635635375977,26.26696014404297,-7.964962959289551,-0.014323608949780464,-0.0007276185206137598,-0.04789082705974579,0.049992263317108154,3.2501366877708615,24.467081948427012,26.26459528439442,-8.12061469332412
680,25.457826614379883,26.26696014404297,-4.032124042510986,-0.17653565108776093,0.014578625559806824,-0.00791290681809187,0.17731323838233948,3.2501366877708615,24.884061618080036,26.314342669832172,-4.057842071267379
681,26.590810775756836,28.196523666381836,0.0,-0.12717975676059723,-0.028713643550872803,-3.7987515910664627e-10,0.13038083910942078,3.2501366877708615,26.177459182367446,28.10320040003757,-1.2346461913853042e-09
682,26.2634334564209,28.196523666381836,4.159718990325928,-0.09094386547803879,-0.02059643529355526,0.002830138197168708,0.09328991919755936,3.2501366877708615,25.967853462703026,28.129582436396955,4.168917326312007
683,25.289363861083984,28.196523666381836,8.217013359069824,-0.006131016183644533,-0.0007999311783351004,0.023177048191428185,0.023987596854567528,3.2501366877708615,25.269437220452204,28.193923780711437,8.292341933711018
684,23.69258689880371,28.196523666381836,12.071975708007812,0.0732254758477211,0.01954268105328083,0.056048836559057236,0.09426218271255493,3.2501366877708615,23.93057970433587,28.26004005105051,12.254142088015277
685,21.512418746948242,28.196523666381836,15.629687309265137,0.10182773321866989,0.02893926575779915,0.07360280305147171,0.12893308699131012,3.2501366877708615,21.843372798514785,28.29058023573841,15.868906479785498
686,18.80254364013672,28.196523666381836,18.80254364013672,0.0728127583861351,0.022023586556315422,0.048873171210289,0.09041748940944672,3.2501366877708615,19.039195057505292,28.268103333044813,18.961388126934985
687,15.629687309265137,28.196523666381836,21.512418746948242,0.0166639257222414,0.002651821356266737,-0.01681351102888584,0.0238204263150692,3.2501366877708615,15.683847345617282,28.205142448261252,21.457772537903022
688,12.071975708007812,28.196523666381836,23.69258689880371,-0.026754282414913177,-0.018218956887722015,-0.08765619248151779,0.09344158321619034,3.2501366877708615,11.98502063317612,28.137309566188137,23.407692291709225
689,8.217013359069824,28.196523666381836,25.289363861083984,-0.03853227570652962,-0.0287396889179945,-0.11619915813207626,0.12574955821037292,3.2501366877708615,8.091778196132731,28.10311574903434,24.911700714150836
690,4.159718990325928,28.196523666381836,26.2634334564209,-0.029425669461488724,-0.022944891825318336,-0.07857571542263031,0.0869855210185051,3.2501366877708615,4.0640815424469245,28.121949631663433,26.008051640957966
691,0.0,28.196523666381836,26.590810775756836,-0.022739911451935768,-0.0042085493914783,0.0056562540121376514,0.023807743564248085,3.2501366877708615,-0.0739078204865972,28.182845305602296,26.609194374437035
692,-4.159718990325928,28.196523666381836,26.2634334564209,-0.02903166227042675,0.016636168584227562,0.08552030473947525,0.09183312207460403,3.2501366877708615,-4.2540758609780145,28.250593488241375,26.54138613640401
693,-8.217013359069824,28.196523666381836,25.289363861083984,-0.03591054305434227,0.027515247464179993,0.11383450776338577,0.12249469757080078,3.2501366877708615,-8.333727532528517,28.285951981638263,25.6593415711001
694,-12.071975708007812,28.196523666381836,23.69258689880371,-0.021529782563447952,0.022170156240463257,0.07882775366306305,0.08466913551092148,3.2501366877708615,-12.141950444197004,28.26857970455258,23.948787872998597
695,-15.629687309265137,28.196523666381836,21.512418746948242,0.02121296525001526,0.003941034898161888,0.008934772573411465,0.023352768272161484,3.2501366877708615,-15.560742272649653,28.209332568492137,21.541457979085976
696,-18.80254364013672,28.196523666381836,18.80254364013672,0.07214623689651489,-0.016119206324219704,-0.05068536847829819,0.08963210880756378,3.2501366877708615,-18.56805850871475,28.144134042529743,18.637809264512217
697,-21.512418746948242,28.196523666381836,15.629687309265137,0.09506683051586151,-0.02591751515865326,-0.07013888657093048,0.12094992399215698,3.2501366877708615,-21.203438553298547,28.11228819950884,15.401726340781556
698,-23.69258689880371,28.196523666381836,12.071975708007812,0.06509172171354294,-0.019713500514626503,-0.05162939429283142,0.08538822829723358,3.2501366877708615,-23.481029905992354,28.132452095114857,11.904173119449293
699,-25.289363861083984,28.196523666381836,8.217013359069824,-0.008937474340200424,-0.0015572787960991263,-0.020890770480036736,0.022775596007704735,3.2501366877708615,-25.31841187433308,28.191462297433546,8.149115499496856
700,-26.2634334564209,28.196523666381836,4.159718990325928,-0.08581412583589554,0.0172679852694273,-0.0024600864853709936,0.08756882697343826,3.2501366877708615,-26.542341095129128,28.252646978829887,4.151723372984734
701,-26.590810775756836,28.196523666381836,0.0,-0.11830668896436691,0.025159811601042747,-3.566075768013377e-10,0.12095242738723755,3.2501366877708615,-26.975323685968622,28.278296493123786,-1.1590233684990929e-09
702,-26.2634334564209,28.196523666381836,-4.159718990325928,-0.08581413328647614,0.0172679852694273,0.002460085554048419,0.08756883442401886,3.2501366877708615,-26.542341119344535,28.252646978829887,-4.15172337601166
703,-25.289363861083984,28.196523666381836,-8.217013359069824,-0.008937478065490723,-0.0015572779811918736,0.020890770480036736,0.022775599732995033,3.2501366877708615,-25.31841188644078,28.191462300082108,-8.149115499496856
704,-23.69258689880371,28.196523666381836,-12.071975708007812,0.06509172171354294,-0.019713498651981354,0.05162939056754112,0.08538822084665298,3.2501366877708615,-23.481029905992354,28.13245210116871,-11.904173131556997
705,-21.512418746948242,28.196523666381836,-15.629687309265137,0.09506683051586151,-0.02591751515865326,0.07013888657093048,0.12094992399215698,3.2501366877708615,-21.203438553298547,28.11228819950884,-15.401726340781556
706,-18.80254364013672,28.196523666381836,-18.80254364013672,0.07214624434709549,-0.016119208186864853,0.05068536847829819,0.08963210880756378,3.2501366877708615,-18.568058484499343,28.14413403647589,-18.637809264512217
707,-15.629687309265137,28.196523666381836,-21.512418746948242,0.021212967112660408,0.0039410339668393135,-0.00893476977944374,0.023352768272161484,3.2501366877708615,-15.560742266595803,28.20933256546521,-21.541457970005197
708,-12.071975708007812,28.196523666381836,-23.69258689880371,-0.021529780700802803,0.022170156240463257,-0.07882774621248245,0.08466912806034088,3.2501366877708615,-12.141950438143153,28.26857970455258,-23.94878784878319
709,-8.217013359069824,28.196523666381836,-25.289363861083984,-0.03591053932905197,0.027515247464179993,-0.11383450776338577,0.12249469757080078,3.2501366877708615,-8.333727520420814,28.285951981638263,-25.6593415711001
710,-4.159718990325928,28.196523666381836,-26.2634334564209,-0.02903166227042675,0.016636168584227562,-0.08552030473947525,0.09183312207460403,3.2501366877708615,-4.2540758609780145,28.250593488241375,-26.54138613640401
711,-0.0,28.196523666381836,-26.590810775756836,-0.022739911451935768,-0.0042085484601557255,-0.00565625773742795,0.023807745426893234,3.2501366877708615,-0.0739078204865972,28.182845308629222,-26.60919438654474
712,4.159718990325928,28.196523666381836,-26.2634334564209,-0.029425669461488724,-0.022944889962673187,0.07857570797204971,0.0869855135679245,3.2501366877708615,4.0640815424469245,28.121949637717286,-26.00805166517337
713,8.217013359069824,28.196523666381836,-25.289363861083984,-0.038532279431819916,-0.0287396889179945,0.11619915813207626,0.12574955821037292,3.2501366877708615,8.091778184025028,28.10311574903434,-24.911700714150836
714,12.071975708007812,28.196523666381836,-23.69258689880371,-0.026754284277558327,-0.018218956887722015,0.08765619993209839,0.09344159811735153,3.2501366877708615,11.98502062712227,28.137309566188137,-23.40769226749382
715,15.629687309265137,28.196523666381836,-21.512418746948242,0.016663923859596252,0.0026518204249441624,0.01681351289153099,0.0238204263150692,3.2501366877708615,15.68384733956343,28.205142445234326,-21.45777253184917
716,18.80254364013672,28.196523666381836,-18.80254364013672,0.0728127583861351,0.022023586556315422,-0.0488731674849987,0.09041748940944672,3.2501366877708615,19.039195057505292,28.268103333044813,-18.961388114827283
717,21.512418746948242,28.196523666381836,-15.629687309265137,0.10182773321866989,0.02893926575779915,-0.07360280305147171,0.12893308699131012,3.2501366877708615,21.843372798514785,28.29058023573841,-15.868906479785498
718,23.69258689880371,28.196523666381836,-12.071975708007812,0.0732254758477211,0.01954268291592598,-0.056048836559057236,0.09426218271255493,3.2501366877708615,23.93057970433587,28.26004005710436,-12.254142088015277
719,25.289363861083984,28.196523666381836,-8.217013359069824,-0.006131012458354235,-0.0007999303052201867,-0.023177050054073334,0.023987596854567528,3.2501366877708615,25.269437232559905,28.19392378354918,-8.292341939764869
720,26.2634334564209,28.196523666381836,-4.159718990325928,-0.09094386547803879,-0.02059643529355526,-0.002830139361321926,0.09328991919755936,3.2501366877708615,25.967853462703026,28.129582436396955,-4.168917330095664
721,27.40645980834961,30.12608528137207,0.0,-0.0022601508535444736,-0.08112724125385284,2.300177062708464e-11,0.08115871995687485,3.2501366877708615,27.399114009140607,29.862410658195284,7.475889859877796e-11
722,27.069040298461914,30.12608528137207,4.2873148918151855,-0.0007164276903495193,-0.05773210525512695,-0.0011136358371004462,0.057747289538383484,3.2501366877708615,27.066711810541374,29.938448048020135,4.283695423124209
723,26.065092086791992,30.12608528137207,8.469061851501465,0.00226601236499846,-0.0010405443608760834,-0.0008693086565472186,0.0026406897231936455,3.2501366877708615,26.072456936714417,30.122703369969535,8.466236479543824
724,24.419334411621094,30.12608528137207,12.442273139953613,0.0034324682783335447,0.05625826120376587,0.00025236836518161,0.05636344105005264,3.2501366877708615,24.430490402702116,30.308932320100627,12.443093371636122
725,22.172292709350586,30.12608528137207,16.109113693237305,0.001243951148353517,0.08114920556545258,0.00037628953577950597,0.08115960657596588,3.2501366877708615,22.176335720615644,30.38983129156381,16.110336685662766
726,19.37929344177246,30.12608528137207,19.37929344177246,-0.002576651517301798,0.059331733733415604,-0.001416897401213646,0.059404559433460236,3.2501366877708615,19.370918972144477,30.318921525928097,19.37468833154597
727,16.109113693237305,30.12608528137207,22.172292709350586,-0.004779312759637833,0.0034491457045078278,-0.003525249194353819,0.0068677375093102455,3.2501366877708615,16.093580273494876,30.137295476367758,22.160835167610482
728,12.442273139953613,30.12608528137207,24.419334411621094,-0.0037342552095651627,-0.054224107414484024,-0.0030766327399760485,0.05443954840302467,3.2501366877708615,12.430136300095507,29.949849520502628,24.4093349346781
729,8.469061851501465,30.12608528137207,26.065092086791992,-0.0007809453527443111,-0.08042337000370026,0.0009872143855318427,0.08043321967124939,3.2501366877708615,8.466523672359367,29.864698335968875,26.068300668485104
730,4.2873148918151855,30.12608528137207,27.069040298461914,0.0014551542699337006,-0.06013824790716171,0.006192660424858332,0.06047375872731209,3.2501366877708615,4.292044342094264,29.930627755510745,27.089167291303653
731,0.0,30.12608528137207,27.40645980834961,0.0018149513052776456,-0.0053416406735777855,0.008307822048664093,0.010042265057563782,3.2501366877708615,0.005898839823800489,30.108724219045985,27.433461365585444
732,-4.2873148918151855,30.12608528137207,27.069040298461914,0.0014242808101698756,0.05194168910384178,0.005183142144232988,0.05221908167004585,3.2501366877708615,-4.282685784500364,30.294902870753255,27.085886218902818
733,-8.469061851501465,30.12608528137207,26.065092086791992,0.0018655341118574142,0.07833024114370346,-0.0011320975609123707,0.07836063206195831,3.2501366877708615,-8.462998610642229,30.38066927187516,26.061412614975136
734,-12.442273139953613,30.12608528137207,24.419334411621094,0.003040419891476631,0.05867081880569458,-0.0061849551275372505,0.05907421559095383,3.2501366877708615,-12.432391359718096,30.316773462074014,24.399232462048868
735,-16.109113693237305,30.12608528137207,22.172292709350586,0.0032954297494143248,0.004937443882226944,-0.006990086752921343,0.00917057879269123,3.2501366877708615,-16.09840309610676,30.142132648877507,22.149573971944214
736,-19.37929344177246,30.12608528137207,19.37929344177246,0.001548439497128129,-0.050896238535642624,-0.004149899818003178,0.0510886125266552,3.2501366877708615,-19.37426080175405,29.96066554923784,19.365805700123396
737,-22.172292709350586,30.12608528137207,16.109113693237305,-0.001243835547938943,-0.07581689953804016,-0.0005365870310924947,0.07582899928092957,3.2501366877708615,-22.176335344898497,29.879669994630447,16.10736971204137
738,-24.419334411621094,30.12608528137207,12.442273139953613,-0.0030007390305399895,-0.055326834321022034,0.0015330916503444314,0.055429358035326004,3.2501366877708615,-24.429087223634678,29.946265507327098,12.447255897372113
739,-26.065092086791992,30.12608528137207,8.469061851501465,-0.002655941294506192,-0.001983668189495802,0.0017226390773430467,0.003735833102837205,3.2501366877708615,-26.07372425903383,30.119638088613026,8.474660663966525
740,-27.069040298461914,30.12608528137207,4.2873148918151855,-0.0011420964729040861,0.052161332219839096,0.0009506106725893915,0.05218249186873436,3.2501366877708615,-27.072752268109472,30.295616740902773,4.290404506437955
741,-27.40645980834961,30.12608528137207,0.0,-0.00033031366183422506,0.07470017671585083,1.3140334306771528e-11,0.07470090687274933,3.2501366877708615,-27.40753337290041,30.368871066299224,4.270788262001223e-11
742,-27.069040298461914,30.12608528137207,-4.2873148918151855,-0.0011420964729040861,0.052161332219839096,-0.0009506106143817306,0.05218249186873436,3.2501366877708615,-27.072752268109472,30.295616740902773,-4.290404506248772
743,-26.065092086791992,30.12608528137207,-8.469061851501465,-0.002655941294506192,-0.0019836658611893654,-0.0017226390773430467,0.0037358319386839867,3.2501366877708615,-26.07372425903383,30.11963809618034,-8.474660663966525
744,-24.419334411621094,30.12608528137207,-12.442273139953613,-0.0030007390305399895,-0.055326830595731735,-0.0015330917667597532,0.055429354310035706,3.2501366877708615,-24.429087223634678,29.9462655194348,-12.447255897750479
745,-22.172292709350586,30.12608528137207,-16.109113693237305,-0.0012438356643542647,-0.07581689953804016,0.0005365869146771729,0.07582899928092957,3.2501366877708615,-22.17633534527686,29.879669994630447,-16.107369712419736
746,-19.37929344177246,30.12608528137207,-19.37929344177246,0.0015484393807128072,-0.05089624226093292,0.00414989935234189,0.051088616251945496,3.2501366877708615,-19.37426080213242,29.96066553713014,-19.36580570163686
747,-16.109113693237305,30.12608528137207,-22.172292709350586,0.003295429516583681,0.00493744108825922,0.006990086752921343,0.009170577861368656,3.2501366877708615,-16.098403096863493,30.142132639796728,-22.149573971944214
748,-12.442273139953613,30.12608528137207,-24.419334411621094,0.003040419891476631,0.05867081880569458,0.0061849551275372505,0.05907421559095383,3.2501366877708615,-12.432391359718096,30.316773462074014,-24.399232462048868
749,-8.469061851501465,30.12608528137207,-26.065092086791992,0.0018655341118574142,0.07833024114370346,0.0011320977937430143,0.07836063206195831,3.2501366877708615,-8.462998610642229,30.38066927187516,-26.061412614218405
750,-4.2873148918151855,30.12608528137207,-27.069040298461914,0.0014242809265851974,0.05194168910384178,-0.005183142144232988,0.05221908167004585,3.2501366877708615,-4.282685784121998,30.294902870753255,-27.085886218902818
751,-0.0,30.12608528137207,-27.40645980834961,0.0018149513052776456,-0.005341638345271349,-0.008307822048664093,0.010042263194918633,3.2501366877708615,0.005898839823800489,30.1087242266133,-27.433461365585444
752,4.2873148918151855,30.12608528137207,-27.069040298461914,0.0014551543863490224,-0.060138244181871414,-0.006192660424858332,0.06047375500202179,3.2501366877708615,4.29204434247263,29.930627767618446,-27.089167291303653
753,8.469061851501465,30.12608528137207,-26.065092086791992,-0.0007809451781213284,-0.08042337000370026,-0.0009872146183624864,0.08043321967124939,3.2501366877708615,8.466523672926915,29.864698335968875,-26.068300669241836
754,12.442273139953613,30.12608528137207,-24.419334411621094,-0.0037342552095651627,-0.05422411113977432,0.003076632507145405,0.05443955212831497,3.2501366877708615,12.430136300095507,29.949849508394927,-24.40933493543483
755,16.109113693237305,30.12608528137207,-22.172292709350586,-0.004779312759637833,0.0034491431433707476,0.003525249194353819,0.006867736112326384,3.2501366877708615,16.093580273494876,30.137295468043714,-22.160835167610482
756,19.37929344177246,30.12608528137207,-19.37929344177246,-0.002576651517301798,0.059331733733415604,0.0014168975176289678,0.059404559433460236,3.2501366877708615,19.370918972144477,30.318921525928097,-19.374688331167604
757,22.172292709350586,30.12608528137207,-16.109113693237305,0.0012439510319381952,0.08114920556545258,-0.0003762895066756755,0.08115960657596588,3.2501366877708615,22.17633572023728,30.38983129156381,-16.110336685568175
758,24.419334411621094,30.12608528137207,-12.442273139953613,0.0034324682783335447,0.05625826492905617,-0.00025236839428544044,0.05636344850063324,3.2501366877708615,24.430490402702116,30.30893233220833,-12.443093371730715
759,26.065092086791992,30.12608528137207,-8.469061851501465,0.00226601236499846,-0.0010405417997390032,0.0008693086565472186,0.002640688791871071,3.2501366877708615,26.072456936714417,30.12270337829358,-8.466236479543824
760,27.069040298461914,30.12608528137207,-4.2873148918151855,-0.0007164275739341974,-0.05773210525512695,0.0011136358371004462,0.057747289538383484,3.2501366877708615,27.066711810919738,29.938448048020135,-4.283695423124209
761,27.403230667114258,33.60445785522461,0.0,0.2399456948041916,-0.08057190477848053,7.348560648878788e-10,0.25311216711997986,3.2501366877708615,28.18308697287003,33.342588151500486,2.3883826567230196e-09
762,27.06585121154785,33.60445785522461,4.286809921264648,0.1742062121629715,-0.05733951926231384,-0.00546940928325057,0.18348170816898346,3.2501366877708615,27.63204521293632,33.41809658001102,4.269033593492721
763,26.062021255493164,33.60445785522461,8.468064308166504,0.01850978098809719,-0.0010397782316431403,-0.04301290586590767,0.046838052570819855,3.2501366877708615,26.12218057376518,33.6010784338468,8.328266484764082
764,24.41645622253418,33.60445785522461,12.44080638885498,-0.13182733952999115,0.055869828909635544,-0.10522263497114182,0.1776842325925827,3.2501366877708615,23.987999349876528,33.7860424359033,12.098818442551352
765,22.169679641723633,33.60445785522461,16.107215881347656,-0.1933925300836563,0.08060217648744583,-0.14264380931854248,0.2534652650356293,3.2501366877708615,21.54112748455791,33.86642594614064,15.643604003398071
766,19.377010345458984,33.60445785522461,19.377010345458984,-0.147939994931221,0.05894610285758972,-0.10336582362651825,0.18985620141029358,3.2501366877708615,18.896185140344386,33.79604074672318,19.041057289828785
767,16.107215881347656,33.60445785522461,22.169679641723633,-0.04547656327486038,0.0034452835097908974,0.01700144074857235,0.04867275059223175,3.2501366877708615,15.9594108346143,33.61565549755955,22.22493664804553
768,12.44080638885498,33.60445785522461,24.41645622253418,0.04100855812430382,-0.05385151132941246,0.15816780924797058,0.1720428466796875,3.2501366877708615,12.574089808127365,33.429433082560976,24.93052322219535
769,8.468064308166504,33.60445785522461,26.062021255493164,0.07094348222017288,-0.07989687472581863,0.22977274656295776,0.25340086221694946,3.2501366877708615,8.698640322488508,33.344782091439995,26.808814088947308
770,4.286809921264648,33.60445785522461,27.06585121154785,0.05832701921463013,-0.05976387858390808,0.1754915416240692,0.19434773921966553,3.2501366877708615,4.476380706302434,33.410217080835565,27.636222709373705
771,0.0,33.60445785522461,27.403230667114258,0.04630380868911743,-0.005331698339432478,0.018576502799987793,0.0501752533018589,3.2501366877708615,0.15049370740402376,33.58712910684349,27.463606840394977
772,-4.286809921264648,33.60445785522461,27.06585121154785,0.059488099068403244,0.05158809572458267,-0.1483898013830185,0.16798719763755798,3.2501366877708615,-4.093465467996683,33.77212621779131,26.583564073981872
773,-8.468064308166504,33.60445785522461,26.062021255493164,0.07770829647779465,0.07782293111085892,-0.2254801094532013,0.25087103247642517,3.2501366877708615,-8.215501722839848,33.85739301877788,25.329180079396725
774,-12.44080638885498,33.60445785522461,24.41645622253418,0.05592295527458191,0.058305658400058746,-0.17402569949626923,0.19186420738697052,3.2501366877708615,-12.259049140228493,33.79395921469528,23.85084891198637
775,-16.107215881347656,33.60445785522461,22.169679641723633,-0.026744261384010315,0.004925031680613756,-0.039725162088871,0.04814145714044571,3.2501366877708615,-16.194138386459162,33.620464881378204,22.040567434990948
776,-19.377010345458984,33.60445785522461,19.377010345458984,-0.13428503274917603,-0.05055209621787071,0.08620905876159668,0.16739171743392944,3.2501366877708615,-19.81345505701559,33.44015663266318,19.657201570158243
777,-22.169679641723633,33.60445785522461,16.107215881347656,-0.1909879893064499,-0.07532085478305817,0.13506260514259338,0.245746910572052,3.2501366877708615,-22.790416712692114,33.359654781739934,16.546187809467508
778,-24.41645622253418,33.60445785522461,12.44080638885498,-0.1394066959619522,-0.05497170612215996,0.10393163561820984,0.1823674887418747,3.2501366877708615,-24.869547039601038,33.42579229636762,12.778598410797757
779,-26.062021255493164,33.60445785522461,8.468064308166504,0.007237473968416452,-0.00197819946333766,0.043425124138593674,0.044068533927202225,3.2501366877708615,-26.038498475821626,33.59802843657309,8.609201897300352
780,-27.06585121154785,33.60445785522461,4.286809921264648,0.16417065262794495,0.05181540548801422,0.005633576773107052,0.17224569618701935,3.2501366877708615,-26.53227415038648,33.77286500559293,4.305119815818298
781,-27.403230667114258,33.60445785522461,0.0,0.23117993772029877,0.07420849055051804,6.871191393642562e-10,0.24279840290546417,3.2501366877708615,-26.651864270052933,33.84564559290695,2.2332311237173085e-09
782,-27.06585121154785,33.60445785522461,-4.286809921264648,0.16417065262794495,0.05181540548801422,-0.00563357537612319,0.17224569618701935,3.2501366877708615,-26.53227415038648,33.77286500559293,-4.305119811277909
783,-26.062021255493164,33.60445785522461,-8.468064308166504,0.007237480953335762,-0.0019781971350312233,-0.043425120413303375,0.044068530201911926,3.2501366877708615,-26.038498453119686,33.598028444140404,-8.609201885192649
784,-24.41645622253418,33.60445785522461,-12.44080638885498,-0.13940668106079102,-0.05497170612215996,-0.10393163561820984,0.1823674738407135,3.2501366877708615,-24.86954699117023,33.42579229636762,-12.778598410797757
785,-22.169679641723633,33.60445785522461,-16.107215881347656,-0.1909879893064499,-0.07532085478305817,-0.13506260514259338,0.245746910572052,3.2501366877708615,-22.790416712692114,33.359654781739934,-16.546187809467508
786,-19.377010345458984,33.60445785522461,-19.377010345458984,-0.13428504765033722,-0.05055209621787071,-0.08620906621217728,0.16739173233509064,3.2501366877708615,-19.813455105446405,33.44015663266318,-19.65720159437365
787,-16.107215881347656,33.60445785522461,-22.169679641723633,-0.026744266971945763,0.00492502935230732,0.039725154638290405,0.04814145341515541,3.2501366877708615,-16.194138404620716,33.62046487381089,-22.040567459206354
788,-12.44080638885498,33.60445785522461,-24.41645622253418,0.05592295154929161,0.058305658400058746,0.17402569949626923,0.19186420738697052,3.2501366877708615,-12.259049152336196,33.79395921469528,-23.85084891198637
789,-8.468064308166504,33.60445785522461,-26.062021255493164,0.07770829647779465,0.07782293111085892,0.2254801094532013,0.25087103247642517,3.2501366877708615,-8.215501722839848,33.85739301877788,-25.329180079396725
790,-4.286809921264648,33.60445785522461,-27.06585121154785,0.059488099068403244,0.05158809572458267,0.1483898162841797,0.16798721253871918,3.2501366877708615,-4.093465467996683,33.77212621779131,-26.583564025551063
791,-0.0,33.60445785522461,-27.403230667114258,0.04630380868911743,-0.005331696011126041,-0.018576495349407196,0.050175249576568604,3.2501366877708615,0.15049370740402376,33.58712911441081,-27.46360681617957
792,4.286809921264648,33.60445785522461,-27.06585121154785,0.05832701921463013,-0.05976387485861778,-0.17549152672290802,0.19434772431850433,3.2501366877708615,4.476380706302434,33.41021709294327,-27.636222660942895
793,8.468064308166504,33.60445785522461,-26.062021255493164,0.07094348222017288,-0.07989687472581863,-0.22977274656295776,0.25340086221694946,3.2501366877708615,8.698640322488508,33.344782091439995,-26.808814088947308
794,12.44080638885498,33.60445785522461,-24.41645622253418,0.041008561849594116,-0.05385151505470276,-0.15816782414913177,0.1720428615808487,3.2501366877708615,12.574089820235066,33.42943307045328,-24.930523270626164
795,16.107215881347656,33.60445785522461,-22.169679641723633,-0.045476555824279785,0.003445280948653817,-0.017001446336507797,0.04867274686694145,3.2501366877708615,15.959410858829704,33.61565548923551,-22.224936666207086
796,19.377010345458984,33.60445785522461,-19.377010345458984,-0.147939994931221,0.05894609913229942,0.10336581617593765,0.18985620141029358,3.2501366877708615,18.896185140344386,33.796040734615474,-19.041057314044192
797,22.169679641723633,33.60445785522461,-16.107215881347656,-0.1933925300836563,0.08060217648744583,0.14264380931854248,0.2534652650356293,3.2501366877708615,21.54112748455791,33.86642594614064,-15.643604003398071
798,24.41645622253418,33.60445785522461,-12.44080638885498,-0.13182733952999115,0.05586983263492584,0.10522264242172241,0.1776842474937439,3.2501366877708615,23.987999349876528,33.786042448011,-12.098818418335945
799,26.062021255493164,33.60445785522461,-8.468064308166504,0.018509773537516594,-0.0010397756705060601,0.04301290586590767,0.046838048845529556,3.2501366877708615,26.12218054954978,33.601078442170845,-8.328266484764082
800,27.06585121154785,33.60445785522461,-4.286809921264648,0.1742061972618103,-0.05733951926231384,0.0054694111458957195,0.18348169326782227,3.2501366877708615,27.63204516450551,33.41809658001102,-4.26903358743887
801,27.399999618530273,37.08282470703125,0.0,0.4787836968898773,-0.08026264607906342,1.458981713220453e-09,0.4854646623134613,3.2501366877708615,28.956112077298627,36.82196013635212,4.74188999292458e-09
802,27.062660217285156,37.08282470703125,4.286303997039795,0.34731850028038025,-0.057118840515613556,-0.010686486028134823,0.3521461486816406,3.2501366877708615,28.191492817387974,36.89718066790852,4.251571456736404
803,26.058948516845703,37.08282470703125,8.467065811157227,0.03615174815058708,-0.001033787615597248,-0.08551152795553207,0.09284523874521255,3.2501366877708615,26.17644663983698,37.079464755974435,8.189141656921608
804,24.4135799407959,37.08282470703125,12.439339637756348,-0.2637883722782135,0.05565812066197395,-0.2095593363046646,0.3414633870124817,3.2501366877708615,23.55623167424712,37.26372120696711,11.758243150567646
805,22.16706657409668,37.08282470703125,16.105316162109375,-0.38575199246406555,0.0802946388721466,-0.2838898301124573,0.4856390357017517,3.2501366877708615,20.91331987100851,37.343793258660924,15.182635409975841
806,19.374725341796875,37.08282470703125,19.374725341796875,-0.2938278913497925,0.058719005435705185,-0.2049972414970398,0.36305180191993713,3.2501366877708615,18.419744532230563,37.27366950086725,18.708456286315524
807,16.105316162109375,37.08282470703125,22.16706657409668,-0.08867911994457245,0.0034282251726835966,0.03527803719043732,0.095500148832798,3.2501366877708615,15.817096900938287,37.093966907438926,22.281725017041865
808,12.439339637756348,37.08282470703125,24.4135799407959,0.08358342200517654,-0.053649988025426865,0.315985769033432,0.33122727274894714,3.2501366877708615,12.710997184104807,36.908454912651344,25.440576881544946
809,8.467065811157227,37.08282470703125,26.058948516845703,0.14230190217494965,-0.0795937031507492,0.45691296458244324,0.48513340950012207,3.2501366877708615,8.929566444155611,36.82413429230546,27.54397810615325
810,4.286303997039795,37.08282470703125,27.062660217285156,0.11607811599969864,-0.059534452855587006,0.34674450755119324,0.3704729676246643,3.2501366877708615,4.663573740497737,36.88932959761894,28.18962726256033
811,0.0,37.08282470703125,27.399999618530273,0.0913940817117691,-0.005308643914759159,0.03322441130876541,0.0973905622959137,3.2501366877708615,0.2970432580165487,37.06557088868158,27.507983496654482
812,-4.286303997039795,37.08282470703125,27.062660217285156,0.11728065460920334,0.05139235779643059,-0.2983984351158142,0.32471150159835815,3.2501366877708615,-3.9051258387286403,37.249856894576475,26.092824515741835
813,-8.467065811157227,37.08282470703125,26.058948516845703,0.1532888561487198,0.07752449810504913,-0.4495235085487366,0.48122644424438477,3.2501366877708615,-7.968856075961843,37.33478992252349,24.597935669695975
814,-12.439339637756348,37.08282470703125,24.4135799407959,0.10961072146892548,0.05808139964938164,-0.3444884419441223,0.3661423921585083,3.2501366877708615,-12.08308981053716,37.271597194908786,23.293945417120284
815,-16.105316162109375,37.08282470703125,22.16706657409668,-0.05512038990855217,0.0049071949906647205,-0.0756232738494873,0.09370815008878708,3.2501366877708615,-16.284464963595394,37.098773761504454,21.921280597309117
816,-19.374725341796875,37.08282470703125,19.374725341796875,-0.26888221502304077,-0.0503547377884388,0.17492540180683136,0.3247031569480896,3.2501366877708615,-20.248629293532353,36.91916492634196,19.943256807832316
817,-22.16706657409668,37.08282470703125,16.105316162109375,-0.3808342218399048,-0.0750277116894722,0.27082741260528564,0.4732983410358429,3.2501366877708615,-23.404829850457222,36.838974388669804,16.98554227187187
818,-24.4135799407959,37.08282470703125,12.439339637756348,-0.2769078314304352,-0.054758913815021515,0.20732435584068298,0.35022830963134766,3.2501366877708615,-25.313568242859024,36.90485075225857,13.113172132942612
819,-26.058948516845703,37.08282470703125,8.467065811157227,0.016123004257678986,-0.00197229185141623,0.08597848564386368,0.08749938011169434,3.2501366877708615,-26.006546549190734,37.07641448892597,8.746507641707328
820,-27.062660217285156,37.08282470703125,4.286303997039795,0.32922470569610596,0.05161235108971596,0.010702919214963913,0.3334175944328308,3.2501366877708615,-25.99263492278168,37.25057190285005,4.3210899474465965
821,-27.399999618530273,37.08282470703125,0.0,0.4628482758998871,0.07391861081123352,1.3690165667767928e-09,0.468713641166687,3.2501366877708615,-25.89567945615656,37.323070295937896,4.449490969847362e-09
822,-27.062660217285156,37.08282470703125,-4.286303997039795,0.32922470569610596,0.05161235108971596,-0.010702915489673615,0.3334175944328308,3.2501366877708615,-25.99263492278168,37.25057190285005,-4.321089935338894
823,-26.058948516845703,37.08282470703125,-8.467065811157227,0.01612301915884018,-0.0019722895231097937,-0.08597848564386368,0.08749938011169434,3.2501366877708615,-26.006546500759924,37.076414496493285,-8.746507641707328
824,-24.4135799407959,37.08282470703125,-12.439339637756348,-0.2769078314304352,-0.054758913815021515,-0.20732435584068298,0.35022830963134766,3.2501366877708615,-25.313568242859024,36.90485075225857,-13.113172132942612
825,-22.16706657409668,37.08282470703125,-16.105316162109375,-0.3808342218399048,-0.0750277116894722,-0.27082741260528564,0.4732983410358429,3.2501366877708615,-23.404829850457222,36.838974388669804,-16.98554227187187
826,-19.374725341796875,37.08282470703125,-19.374725341796875,-0.26888221502304077,-0.050354741513729095,-0.17492540180683136,0.3247031569480896,3.2501366877708615,-20.248629293532353,36.91916491423426,-19.943256807832316
827,-16.105316162109375,37.08282470703125,-22.16706657409668,-0.05512039735913277,0.004907192196696997,0.07562325894832611,0.09370814263820648,3.2501366877708615,-16.2844649878108,37.098773752423675,-21.92128064573993
828,-12.439339637756348,37.08282470703125,-24.4135799407959,0.10961071401834488,0.05808139592409134,0.3444884419441223,0.3661423921585083,3.2501366877708615,-12.083089834752565,37.27159718280108,-23.293945417120284
829,-8.467065811157227,37.08282470703125,-26.058948516845703,0.1532888561487198,0.07752449810504913,0.4495235085487366,0.48122644424438477,3.2501366877708615,-7.968856075961843,37.33478992252349,-24.597935669695975
830,-4.286303997039795,37.08282470703125,-27.062660217285156,0.11728065460920334,0.05139235779643059,0.2983984351158142,0.32471150159835815,3.2501366877708615,-3.9051258387286403,37.249856894576475,-26.092824515741835
831,-0.0,37.08282470703125,-27.399999618530273,0.0913940817117691,-0.005308641120791435,-0.03322439640760422,0.0973905548453331,3.2501366877708615,0.2970432580165487,37.065570897762356,-27.50798344822367
832,4.286303997039795,37.08282470703125,-27.062660217285156,0.11607811599969864,-0.059534452855587006,-0.34674447774887085,0.3704729676246643,3.2501366877708615,4.663573740497737,36.88932959761894,-28.18962716569871
833,8.467065811157227,37.08282470703125,-26.058948516845703,0.14230190217494965,-0.0795937031507492,-0.45691296458244324,0.48513340950012207,3.2501366877708615,8.929566444155611,36.82413429230546,-27.54397810615325
834,12.439339637756348,37.08282470703125,-24.4135799407959,0.08358342945575714,-0.05364999175071716,-0.315985769033432,0.33122727274894714,3.2501366877708615,12.710997208320212,36.90845490054364,-25.440576881544946
835,16.105316162109375,37.08282470703125,-22.16706657409668,-0.08867911249399185,0.0034282226115465164,-0.03527804836630821,0.095500148832798,3.2501366877708615,15.817096925153693,37.09396689911488,-22.281725053364973
836,19.374725341796875,37.08282470703125,-19.374725341796875,-0.2938278913497925,0.058719005435705185,0.2049972414970398,0.36305180191993713,3.2501366877708615,18.419744532230563,37.27366950086725,-18.708456286315524
837,22.16706657409668,37.08282470703125,-16.105316162109375,-0.38575199246406555,0.0802946388721466,0.2838898301124573,0.4856390357017517,3.2501366877708615,20.91331987100851,37.343793258660924,-15.182635409975841
838,24.4135799407959,37.08282470703125,-12.439339637756348,-0.2637883722782135,0.05565812438726425,0.2095593363046646,0.3414633870124817,3.2501366877708615,23.55623167424712,37.26372121907481,-11.758243150567646
839,26.058948516845703,37.08282470703125,-8.467065811157227,0.03615173324942589,-0.0010337850544601679,0.08551153540611267,0.09284524619579315,3.2501366877708615,26.17644659140617,37.07946476429848,-8.189141632706203
840,27.062660217285156,37.08282470703125,-4.286303997039795,0.34731847047805786,-0.05711883679032326,0.010686489753425121,0.35214611887931824,3.2501366877708615,28.19149272052635,36.89718068001623,-4.2515714446287
