node_label,x,y,z,ux,uy,uz,umag,deformed_x,deformed_y,deformed_z
1,39.29999923706055,0.0,0.0,9.63565508747566e-31,-4.748104742010897e-31,6.634278527057843e-32,0.0,39.29999923706055,-4.748104742010897e-31,6.634278527057843e-32
2,38.8161506652832,0.0,6.147873878479004,9.624501056679578e-31,-4.749169739892742e-31,8.345044222229041e-32,0.0,38.8161506652832,-4.749169739892742e-31,6.147873878479004
3,37.376522064208984,0.0,12.144368171691895,9.376972979447266e-31,-4.748933700627097e-31,2.3100760909619456e-31,0.0,37.376522064208984,-4.748933700627097e-31,12.144368171691895
4,35.01655578613281,0.0,17.841827392578125,8.902332810867723e-31,-4.748240158960112e-31,3.7261986022760885e-31,0.0,35.01655578613281,-4.748240158960112e-31,17.841827392578125
5,31.794368743896484,0.0,23.099960327148438,8.215706812247331e-31,-4.748029040174704e-31,5.0488977596631494e-31,0.0,31.794368743896484,-4.748029040174704e-31,23.099960327148438
6,27.789297103881836,0.0,27.789297103881836,7.336328892351984e-31,-4.74900940246329e-31,6.248013434366341e-31,0.0,27.789297103881836,-4.74900940246329e-31,27.789297103881836
7,23.099960327148438,0.0,31.794368743896484,6.2859833124911215e-31,-4.751373556701664e-31,7.296959235554244e-31,0.0,23.099960327148438,-4.751373556701664e-31,31.794368743896484
8,17.841827392578125,0.0,35.01655578613281,5.088245317167094e-31,-4.754695503737088e-31,8.172064938780962e-31,0.0,17.841827392578125,-4.754695503737088e-31,35.01655578613281
9,12.144368171691895,0.0,37.376522064208984,3.768764193114844e-31,-4.758037669275346e-31,8.851956765364364e-31,0.0,12.144368171691895,-4.758037669275346e-31,37.376522064208984
10,6.147873878479004,0.0,38.8161506652832,2.356180860192157e-31,-4.7602062212537425e-31,9.31770925625621e-31,0.0,6.147873878479004,-4.7602062212537425e-31,38.8161506652832
11,0.0,0.0,39.29999923706055,8.826663065670545e-32,-4.75991704964344e-31,9.55352658856789e-31,0.0,8.826663065670545e-32,-4.75991704964344e-31,39.29999923706055
12,-6.147873878479004,0.0,38.8161506652832,-6.152974128355183e-32,-4.756077414895914e-31,9.548356294215232e-31,0.0,-6.147873878479004,-4.756077414895914e-31,38.8161506652832
13,-12.144368171691895,0.0,37.376522064208984,-2.0975220269519088e-31,-4.748231695400786e-31,9.298417042970514e-31,0.0,-12.144368171691895,-4.748231695400786e-31,37.376522064208984
14,-17.841827392578125,0.0,35.01655578613281,-3.5258866066332553e-31,-4.737967278729406e-31,8.809920146983478e-31,0.0,-17.841827392578125,-4.737967278729406e-31,35.01655578613281
15,-23.099960327148438,0.0,31.794368743896484,-4.867913007037666e-31,-4.729512182962811e-31,8.104265245811975e-31,0.0,-23.099960327148438,-4.729512182962811e-31,31.794368743896484
16,-27.789297103881836,0.0,27.789297103881836,-6.090477913248801e-31,-4.725481647932712e-31,7.210825122096611e-31,0.0,-27.789297103881836,-4.725481647932712e-31,27.789297103881836
17,-31.794368743896484,0.0,23.099960327148438,-7.156878865150935e-31,-4.725502336633286e-31,6.149889748728061e-31,0.0,-31.794368743896484,-4.725502336633286e-31,23.099960327148438
18,-35.01655578613281,0.0,17.841827392578125,-8.037782106515908e-31,-4.725962660221068e-31,4.941222947325568e-31,0.0,-35.01655578613281,-4.725962660221068e-31,17.841827392578125
19,-37.376522064208984,0.0,12.144368171691895,-8.714361860216433e-31,-4.726075977876488e-31,3.614689092267255e-31,0.0,-37.376522064208984,-4.726075977876488e-31,12.144368171691895
20,-38.8161506652832,0.0,6.147873878479004,-9.173062325398825e-31,-4.726095726181581e-31,2.203076952777217e-31,0.0,-38.8161506652832,-4.726095726181581e-31,6.147873878479004
21,-39.29999923706055,0.0,0.0,-9.403657641606412e-31,-4.725675369401727e-31,7.385304218786904e-32,0.0,-39.29999923706055,-4.725675369401727e-31,7.385304218786904e-32
22,-38.8161506652832,0.0,-6.147873878479004,-9.399088259965896e-31,-4.724197067706133e-31,-7.454074752540236e-32,0.0,-38.8161506652832,-4.724197067706133e-31,-6.147873878479004
23,-37.376522064208984,0.0,-12.144368171691895,-9.156027061266708e-31,-4.72093342519051e-31,-2.2131871445897694e-31,0.0,-37.376522064208984,-4.72093342519051e-31,-12.144368171691895
24,-35.01655578613281,0.0,-17.841827392578125,-8.677057311894217e-31,-4.7150841653008185e-31,-3.626137231749913e-31,0.0,-35.01655578613281,-4.7150841653008185e-31,-17.841827392578125
25,-31.794368743896484,0.0,-23.099960327148438,-7.971161669479666e-31,-4.706679380692439e-31,-4.946423334333606e-31,0.0,-31.794368743896484,-4.706679380692439e-31,-23.099960327148438
26,-27.789297103881836,0.0,-27.789297103881836,-7.059528654795496e-31,-4.698893846508073e-31,-6.1446903021155036e-31,0.0,-27.789297103881836,-4.698893846508073e-31,-27.789297103881836
27,-23.099960327148438,0.0,-31.794368743896484,-5.977308370117736e-31,-4.694916914020371e-31,-7.1967991235026e-31,0.0,-23.099960327148438,-4.694916914020371e-31,-31.794368743896484
28,-17.841827392578125,0.0,-35.01655578613281,-4.7559231900370865e-31,-4.695988964868321e-31,-8.07320774466777e-31,0.0,-17.841827392578125,-4.695988964868321e-31,-35.01655578613281
29,-12.144368171691895,0.0,-37.376522064208984,-3.4205886438730368e-31,-4.698792753993902e-31,-8.745745678592426e-31,0.0,-12.144368171691895,-4.698792753993902e-31,-37.376522064208984
30,-6.147873878479004,0.0,-38.8161506652832,-2.0022956997895356e-31,-4.701194524051502e-31,-9.197373429364791e-31,0.0,-6.147873878479004,-4.701194524051502e-31,-38.8161506652832
31,-0.0,0.0,-39.29999923706055,-5.364824561785628e-32,-4.703320288035529e-31,-9.42029323765925e-31,0.0,-5.364824561785628e-32,-4.703320288035529e-31,-39.29999923706055
32,6.147873878479004,0.0,-38.8161506652832,9.425458124737892e-32,-4.70555090611565e-31,-9.41208828709051e-31,0.0,6.147873878479004,-4.70555090611565e-31,-38.8161506652832
33,12.144368171691895,0.0,-37.376522064208984,2.4013560484897382e-31,-4.708233384224226e-31,-9.174645010992772e-31,0.0,12.144368171691895,-4.708233384224226e-31,-37.376522064208984
34,17.841827392578125,0.0,-35.01655578613281,3.807138441296308e-31,-4.711718019677804e-31,-8.713827715583419e-31,0.0,17.841827392578125,-4.711718019677804e-31,-35.01655578613281
35,23.099960327148438,0.0,-31.794368743896484,5.127669987100453e-31,-4.716243202730729e-31,-8.039632804821843e-31,0.0,23.099960327148438,-4.716243202730729e-31,-31.794368743896484
36,27.789297103881836,0.0,-27.789297103881836,6.3313183680204145e-31,-4.721836675049682e-31,-7.166451150748551e-31,0.0,27.789297103881836,-4.721836675049682e-31,-27.789297103881836
37,31.794368743896484,0.0,-23.099960327148438,7.387565869917886e-31,-4.728200331267294e-31,-6.113562741507989e-31,0.0,31.794368743896484,-4.728200331267294e-31,-23.099960327148438
38,35.01655578613281,0.0,-17.841827392578125,8.268073674983243e-31,-4.734731377880462e-31,-4.905351561715875e-31,0.0,35.01655578613281,-4.734731377880462e-31,-17.841827392578125
39,37.376522064208984,0.0,-12.144368171691895,8.948168626990466e-31,-4.740661981979231e-31,-3.5712221323602886e-31,0.0,37.376522064208984,-4.740661981979231e-31,-12.144368171691895
40,38.8161506652832,0.0,-6.147873878479004,9.408350215054895e-31,-4.745266628450272e-31,-2.144917488979323e-31,0.0,38.8161506652832,-4.745266628450272e-31,-6.147873878479004
41,37.119998931884766,1.0031499862670898,0.0,-0.0005471009062603116,-0.0014667564537376165,5.778751210058291e-22,0.0015654691960662603,37.119451830978505,1.0016832298133522,5.778751210058291e-22
42,36.66299057006836,1.0031499862670898,5.806847095489502,-0.0005409339792095125,-0.0014680473832413554,-8.613765385234728e-05,0.0015669052954763174,36.66244963608915,1.0016819388838485,5.80676095783565
43,35.303218841552734,1.0031499862670898,11.470710754394531,-0.0005224763881415129,-0.0014718645252287388,-0.00017072107584681362,0.001571150030940771,35.30269636516459,1.001678121741861,11.470540033318684
44,33.074161529541016,1.0031499862670898,16.852127075195312,-0.0004918797058053315,-0.0014780688798055053,-0.00025216268841177225,0.001578042865730822,33.07366964983521,1.0016719173872843,16.8518749125069
45,30.030710220336914,1.0031499862670898,21.818588256835938,-0.0004494577588047832,-0.0014864883851259947,-0.00032883131643757224,0.0015873846132308245,30.03026076257811,1.0016634978819638,21.8182594255195
46,26.247804641723633,1.0031499862670898,26.247804641723633,-0.00039575438131578267,-0.0014969980111345649,-0.0003990818513557315,0.001599028124473989,26.247408887342317,1.0016529882559553,26.247405559872277
47,21.818588256835938,1.0031499862670898,30.030710220336914,-0.0003315703652333468,-0.001509513589553535,-0.0004612940829247236,0.0016128738643601537,21.818256686470704,1.0016404726775363,30.03024892625399
48,16.852127075195312,1.0031499862670898,33.074161529541016,-0.00025797676062211394,-0.001523975282907486,-0.000513921317178756,0.0016288547776639462,16.85186909843469,1.0016260109841824,33.07364760822384
49,11.470710754394531,1.0031499862670898,35.303218841552734,-0.0001762961910571903,-0.0015402293065562844,-0.0005554969538934529,0.0016468040412291884,11.470534458203474,1.0016097569605336,35.30266334459884
50,5.806847095489502,1.0031499862670898,36.66299057006836,-8.811587031232193e-05,-0.001558001502417028,-0.0005846748244948685,0.001666426658630371,5.80675897961919,1.0015919847646728,36.662405895243865
51,0.0,1.0031499862670898,37.119998931884766,4.708114374807337e-06,-0.0015768437879160047,-0.0006002562586218119,0.0016872362466529012,4.708114374807337e-06,1.0015731424791738,37.119398675626144
52,-5.806847095489502,1.0031499862670898,36.66299057006836,0.00010003361967392266,-0.0015961691970005631,-0.0006012762896716595,0.0017085947329178452,-5.806747061869828,1.0015538170700893,36.66238929377869
53,-11.470710754394531,1.0031499862670898,35.303218841552734,0.00019546625844668597,-0.0016152330208569765,-0.0005870594177395105,0.0017296888399869204,-11.470515288136085,1.0015347532462329,35.302631782134995
54,-16.852127075195312,1.0031499862670898,33.074161529541016,0.00028852815739810467,-0.0016340127913281322,-0.0005576515104621649,0.0017504917923361063,-16.851838547037914,1.0015159734757617,33.07360387803055
55,-21.818588256835938,1.0031499862670898,30.030710220336914,0.0003758804814424366,-0.0016493272269144654,-0.0005122083239257336,0.0017674624687060714,-21.818212376354495,1.0015006590401754,30.03019801201299
56,-26.247804641723633,1.0031499862670898,26.247804641723633,0.0004524413088802248,-0.0016545624239370227,-0.00044957740465179086,0.0017732455162331462,-26.247352200414753,1.0014954238431528,26.24735506431898
57,-30.030710220336914,1.0031499862670898,21.818588256835938,0.0005157570703886449,-0.001652324222959578,-0.0003732496115844697,0.0017707331571727991,-30.030194463266525,1.0014976620441303,21.818215007224353
58,-33.074161529541016,1.0031499862670898,16.852127075195312,0.0005665178177878261,-0.0016501041827723384,-0.0002879611565731466,0.0017682500183582306,-33.07359501172323,1.0014998820843175,16.85183911403874
59,-35.303218841552734,1.0031499862670898,11.470710754394531,0.0006037817802280188,-0.001648646779358387,-0.00019590080773923546,0.0017666255589574575,-35.302615059772506,1.0015013394877315,11.470514853586792
60,-36.66299057006836,1.0031499862670898,5.806847095489502,0.0006263740942813456,-0.0016474209260195494,-9.912324458127841e-05,0.001765266410075128,-36.66236419597408,1.0015025653410703,5.806747972244921
61,-37.119998931884766,1.0031499862670898,0.0,0.0006339726969599724,-0.0016470138216391206,-6.603638739012829e-20,0.0017648161156103015,-37.119364959187806,1.0015029724454507,-6.603638739012829e-20
62,-36.66299057006836,1.0031499862670898,-5.806847095489502,0.0006263740942813456,-0.0016474209260195494,9.912324458127841e-05,0.001765266410075128,-36.66236419597408,1.0015025653410703,-5.806747972244921
63,-35.303218841552734,1.0031499862670898,-11.470710754394531,0.0006037817802280188,-0.001648646779358387,0.00019590080773923546,0.0017666255589574575,-35.302615059772506,1.0015013394877315,-11.470514853586792
64,-33.074161529541016,1.0031499862670898,-16.852127075195312,0.0005665178177878261,-0.0016501041827723384,0.0002879611565731466,0.0017682500183582306,-33.07359501172323,1.0014998820843175,-16.85183911403874
65,-30.030710220336914,1.0031499862670898,-21.818588256835938,0.0005157570703886449,-0.001652324222959578,0.0003732496115844697,0.0017707331571727991,-30.030194463266525,1.0014976620441303,-21.818215007224353
66,-26.247804641723633,1.0031499862670898,-26.247804641723633,0.0004524413088802248,-0.0016545624239370227,0.00044957740465179086,0.0017732455162331462,-26.247352200414753,1.0014954238431528,-26.24735506431898
67,-21.818588256835938,1.0031499862670898,-30.030710220336914,0.0003758804814424366,-0.0016493272269144654,0.0005122083239257336,0.0017674624687060714,-21.818212376354495,1.0015006590401754,-30.03019801201299
68,-16.852127075195312,1.0031499862670898,-33.074161529541016,0.00028852815739810467,-0.0016340127913281322,0.0005576515104621649,0.0017504917923361063,-16.851838547037914,1.0015159734757617,-33.07360387803055
69,-11.470710754394531,1.0031499862670898,-35.303218841552734,0.00019546625844668597,-0.0016152330208569765,0.0005870594177395105,0.0017296888399869204,-11.470515288136085,1.0015347532462329,-35.302631782134995
70,-5.806847095489502,1.0031499862670898,-36.66299057006836,0.00010003361967392266,-0.0015961691970005631,0.0006012762896716595,0.0017085947329178452,-5.806747061869828,1.0015538170700893,-36.66238929377869
71,-0.0,1.0031499862670898,-37.119998931884766,4.708114374807337e-06,-0.0015768437879160047,0.0006002562586218119,0.0016872362466529012,4.708114374807337e-06,1.0015731424791738,-37.119398675626144
72,5.806847095489502,1.0031499862670898,-36.66299057006836,-8.811587031232193e-05,-0.001558001502417028,0.0005846748244948685,0.001666426658630371,5.80675897961919,1.0015919847646728,-36.662405895243865
73,11.470710754394531,1.0031499862670898,-35.303218841552734,-0.0001762961910571903,-0.0015402293065562844,0.0005554969538934529,0.0016468040412291884,11.470534458203474,1.0016097569605336,-35.30266334459884
74,16.852127075195312,1.0031499862670898,-33.074161529541016,-0.00025797676062211394,-0.001523975282907486,0.000513921317178756,0.0016288547776639462,16.85186909843469,1.0016260109841824,-33.07364760822384
75,21.818588256835938,1.0031499862670898,-30.030710220336914,-0.0003315703652333468,-0.001509513589553535,0.0004612940829247236,0.0016128738643601537,21.818256686470704,1.0016404726775363,-30.03024892625399
76,26.247804641723633,1.0031499862670898,-26.247804641723633,-0.00039575438131578267,-0.0014969980111345649,0.0003990818513557315,0.001599028124473989,26.247408887342317,1.0016529882559553,-26.247405559872277
77,30.030710220336914,1.0031499862670898,-21.818588256835938,-0.0004494577588047832,-0.0014864883851259947,0.00032883131643757224,0.0015873846132308245,30.03026076257811,1.0016634978819638,-21.8182594255195
78,33.074161529541016,1.0031499862670898,-16.852127075195312,-0.0004918797058053315,-0.0014780688798055053,0.00025216268841177225,0.001578042865730822,33.07366964983521,1.0016719173872843,-16.8518749125069
79,35.303218841552734,1.0031499862670898,-11.470710754394531,-0.0005224763881415129,-0.0014718645252287388,0.00017072107584681362,0.001571150030940771,35.30269636516459,1.001678121741861,-11.470540033318684
80,36.66299057006836,1.0031499862670898,-5.806847095489502,-0.0005409339792095125,-0.0014680473832413554,8.613765385234728e-05,0.0015669052954763174,36.66244963608915,1.0016819388838485,-5.80676095783565
81,34.939998626708984,2.006300926208496,0.0,-0.0019786760676652193,-0.004814567975699902,-4.257983288950601e-20,0.0052053071558475494,34.93801995064132,2.001486358232796,-4.257983288950601e-20
82,34.509830474853516,2.006300926208496,5.465819835662842,-0.0019555254839360714,-0.00481727859005332,-0.00031065233633853495,0.005208335351198912,34.50787494936958,2.0014836476184428,5.465509183326503
83,33.229915618896484,2.006300926208496,10.797054290771484,-0.0018864204175770283,-0.00482530053704977,-0.0006148498505353928,0.005217293277382851,33.22802919847891,2.0014756256714463,10.796439440920949
84,31.13176727294922,2.006300926208496,15.862427711486816,-0.0017724302597343922,-0.004838339518755674,-0.0009061503224074841,0.00523183960467577,31.129994842689484,2.0014625866897404,15.861521561164409
85,28.267053604125977,2.006300926208496,20.537216186523438,-0.0016154733020812273,-0.00485612079501152,-0.001178205362521112,0.005251650232821703,28.265438130823895,2.0014448054134846,20.536037981160916
86,24.706310272216797,2.006300926208496,24.706310272216797,-0.001418408122844994,-0.004878580570220947,-0.0014249223750084639,0.005276631098240614,24.704891864093952,2.001422345638275,24.70488534984179
87,20.537216186523438,2.006300926208496,28.267053604125977,-0.0011850157752633095,-0.004905867390334606,-0.0016406374052166939,0.005306928418576717,20.536031170748174,2.0013950588181615,28.26541296672076
88,15.862427711486816,2.006300926208496,31.13176727294922,-0.0009198972256854177,-0.004938182886689901,-0.0018202145583927631,0.0053427559323608875,15.861507814261131,2.001362743321806,31.129947058390826
89,10.797054290771484,2.006300926208496,33.229915618896484,-0.0006283655529841781,-0.004975471645593643,-0.001959055196493864,0.005384055897593498,10.7964259252185,2.0013254545629025,33.22795656369999
90,5.465819835662842,2.006300926208496,34.509830474853516,-0.0003164134395774454,-0.005017148330807686,-0.0020530696492642164,0.005430192220956087,5.465503422223264,2.0012837778776884,34.50777740520425
91,0.0,2.006300926208496,34.939998626708984,9.223063898389228e-06,-0.005062112584710121,-0.002098802709951997,0.005479967221617699,9.223063898389228e-06,2.001238813623786,34.93789982399903
92,-5.465819835662842,2.006300926208496,34.509830474853516,0.00034103792859241366,-0.00510864844545722,-0.0020935439970344305,0.005531502887606621,-5.465478797734249,2.001192277763039,34.50773693085648
93,-10.797054290771484,2.006300926208496,33.229915618896484,0.0006707621505483985,-0.005154711659997702,-0.0020356865134090185,0.00558256171643734,-10.796383528620936,2.0011462145484984,33.227879932383075
94,-15.862427711486816,2.006300926208496,31.13176727294922,0.0009898663265630603,-0.005199685227125883,-0.0019256408559158444,0.005632464308291674,-15.861437845160253,2.00110124098137,31.129841632093303
95,-20.537216186523438,2.006300926208496,28.267053604125977,0.0012877200497314334,-0.005235414486378431,-0.0017621347215026617,0.00567211676388979,-20.535928466473706,2.0010655117221177,28.265291469404474
96,-24.706310272216797,2.006300926208496,24.706310272216797,0.0015502501046285033,-0.005247469991445541,-0.0015444953460246325,0.00568547984585166,-24.70476002211217,2.0010534562170506,24.704765776870772
97,-28.267053604125977,2.006300926208496,20.537216186523438,0.00176942627876997,-0.0052415719255805016,-0.0012825812445953488,0.0056789047084748745,-28.265284177847207,2.0010593542829156,20.535933605278842
98,-31.13176727294922,2.006300926208496,15.862427711486816,0.0019446691730991006,-0.005234529264271259,-0.0009894445538520813,0.005671069957315922,-31.12982260377612,2.001066396944225,15.861438266932964
99,-33.229915618896484,2.006300926208496,10.797054290771484,0.0020729093812406063,-0.0052292849868535995,-0.0006729498854838312,0.005665265955030918,-33.227842709515244,2.0010716412216425,10.796381340886
100,-34.509830474853516,2.006300926208496,5.465819835662842,0.0021506487391889095,-0.005225081462413073,-0.00034044397762045264,0.005660624243319035,-34.50767982611433,2.001075844746083,5.465479391685221
101,-34.939998626708984,2.006300926208496,0.0,0.00217673322185874,-0.005223603453487158,1.0948659522979908e-20,0.0056589930318295956,-34.937821893487126,2.001077322755009,1.0948659522979908e-20
102,-34.509830474853516,2.006300926208496,-5.465819835662842,0.0021506487391889095,-0.005225081462413073,0.00034044397762045264,0.005660624243319035,-34.50767982611433,2.001075844746083,-5.465479391685221
103,-33.229915618896484,2.006300926208496,-10.797054290771484,0.0020729093812406063,-0.0052292849868535995,0.0006729498854838312,0.005665265955030918,-33.227842709515244,2.0010716412216425,-10.796381340886
104,-31.13176727294922,2.006300926208496,-15.862427711486816,0.0019446691730991006,-0.005234529264271259,0.0009894445538520813,0.005671069957315922,-31.12982260377612,2.001066396944225,-15.861438266932964
105,-28.267053604125977,2.006300926208496,-20.537216186523438,0.00176942627876997,-0.0052415719255805016,0.0012825812445953488,0.0056789047084748745,-28.265284177847207,2.0010593542829156,-20.535933605278842
106,-24.706310272216797,2.006300926208496,-24.706310272216797,0.0015502501046285033,-0.005247469991445541,0.0015444953460246325,0.00568547984585166,-24.70476002211217,2.0010534562170506,-24.704765776870772
107,-20.537216186523438,2.006300926208496,-28.267053604125977,0.0012877200497314334,-0.005235414486378431,0.0017621347215026617,0.00567211676388979,-20.535928466473706,2.0010655117221177,-28.265291469404474
108,-15.862427711486816,2.006300926208496,-31.13176727294922,0.0009898663265630603,-0.005199685227125883,0.0019256408559158444,0.005632464308291674,-15.861437845160253,2.00110124098137,-31.129841632093303
109,-10.797054290771484,2.006300926208496,-33.229915618896484,0.0006707621505483985,-0.005154711659997702,0.0020356865134090185,0.00558256171643734,-10.796383528620936,2.0011462145484984,-33.227879932383075
110,-5.465819835662842,2.006300926208496,-34.509830474853516,0.00034103792859241366,-0.00510864844545722,0.0020935439970344305,0.005531502887606621,-5.465478797734249,2.001192277763039,-34.50773693085648
111,-0.0,2.006300926208496,-34.939998626708984,9.223063898389228e-06,-0.005062112584710121,0.002098802709951997,0.005479967221617699,9.223063898389228e-06,2.001238813623786,-34.93789982399903
112,5.465819835662842,2.006300926208496,-34.509830474853516,-0.0003164134395774454,-0.005017148330807686,0.0020530696492642164,0.005430192220956087,5.465503422223264,2.0012837778776884,-34.50777740520425
113,10.797054290771484,2.006300926208496,-33.229915618896484,-0.0006283655529841781,-0.004975471645593643,0.001959055196493864,0.005384055897593498,10.7964259252185,2.0013254545629025,-33.22795656369999
114,15.862427711486816,2.006300926208496,-31.13176727294922,-0.0009198972256854177,-0.004938182886689901,0.0018202145583927631,0.0053427559323608875,15.861507814261131,2.001362743321806,-31.129947058390826
115,20.537216186523438,2.006300926208496,-28.267053604125977,-0.0011850157752633095,-0.004905867390334606,0.0016406374052166939,0.005306928418576717,20.536031170748174,2.0013950588181615,-28.26541296672076
116,24.706310272216797,2.006300926208496,-24.706310272216797,-0.001418408122844994,-0.004878580570220947,0.0014249223750084639,0.005276631098240614,24.704891864093952,2.001422345638275,-24.70488534984179
117,28.267053604125977,2.006300926208496,-20.537216186523438,-0.0016154733020812273,-0.00485612079501152,0.001178205362521112,0.005251650232821703,28.265438130823895,2.0014448054134846,-20.536037981160916
118,31.13176727294922,2.006300926208496,-15.862427711486816,-0.0017724302597343922,-0.004838339518755674,0.0009061503224074841,0.00523183960467577,31.129994842689484,2.0014625866897404,-15.861521561164409
119,33.229915618896484,2.006300926208496,-10.797054290771484,-0.0018864204175770283,-0.00482530053704977,0.0006148498505353928,0.005217293277382851,33.22802919847891,2.0014756256714463,-10.796439440920949
120,34.509830474853516,2.006300926208496,-5.465819835662842,-0.0019555254839360714,-0.00481727859005332,0.00031065233633853495,0.005208335351198912,34.50787494936958,2.0014836476184428,-5.465509183326503
121,32.834999084472656,3.006300926208496,0.0,-0.0036901929415762424,-0.008575335144996643,1.1292829988817616e-19,0.009335624985396862,32.83130889153108,2.9977255910634995,1.1292829988817616e-19
122,32.430747985839844,3.006300926208496,5.136526107788086,-0.0036454861983656883,-0.008577021770179272,-0.000578783277887851,0.009337550960481167,32.42710249964148,2.997723904438317,5.135947324510198
123,31.227941513061523,3.006300926208496,10.146573066711426,-0.003512314986437559,-0.00858201552182436,-0.0011440836824476719,0.00934324786067009,31.224429198075086,2.9977189106866717,10.145428983028978
124,29.25619888305664,3.006300926208496,14.906778335571289,-0.003293548710644245,-0.008590183220803738,-0.0016826712526381016,0.009352544322609901,29.252905334345996,2.9977107429876924,14.905095664318651
125,26.56407356262207,3.006300926208496,19.299928665161133,-0.0029940546955913305,-0.008601631969213486,-0.0021819008979946375,0.00936552882194519,26.56107950792648,2.9976992942392826,19.297746764263138
126,23.217851638793945,3.006300926208496,23.217851638793945,-0.0026206697802990675,-0.008616969920694828,-0.002630122471600771,0.009382836520671844,23.215230969013646,2.9976839562878013,23.215221516322345
127,19.299928665161133,3.006300926208496,26.56407356262207,-0.002181953052058816,-0.008637246675789356,-0.003017015755176544,0.00940560083836317,19.297746712109074,2.9976636795327067,26.561056546866894
128,14.906778335571289,3.006300926208496,29.25619888305664,-0.001687819603830576,-0.008663606829941273,-0.0033337315544486046,0.009435071609914303,14.905090515967458,2.997637319378555,29.252865151502192
129,10.146573066711426,3.006300926208496,31.227941513061523,-0.0011492065386846662,-0.0086967246606946,-0.0035728130023926497,0.009471994824707508,10.145423860172741,2.9976042015478015,31.22436870005913
130,5.136526107788086,3.006300926208496,32.430747985839844,-0.0005779321654699743,-0.008736285381019115,-0.0037280311807990074,0.00951603427529335,5.135948175622616,2.997564640827477,32.427019954659045
131,0.0,3.006300926208496,32.834999084472656,1.3238771316537168e-05,-0.008780944161117077,-0.0037944570649415255,0.00956572312861681,1.3238771316537168e-05,2.997519982047379,32.831204627407715
132,-5.136526107788086,3.006300926208496,32.430747985839844,0.000610529154073447,-0.008828306570649147,-0.0037686252035200596,0.009618434123694897,-5.1359155786340125,2.997472619637847,32.426979360636324
133,-10.146573066711426,3.006300926208496,31.227941513061523,0.0011992091313004494,-0.008875453844666481,-0.0036490827333182096,0.009670966304838657,-10.145373857580125,2.9974254723638296,31.224292430328205
134,-14.906778335571289,3.006300926208496,29.25619888305664,0.001764013897627592,-0.008920060470700264,-0.0034371146466583014,0.009720750153064728,-14.905014321673661,2.997380865737796,29.252761768409982
135,-19.299928665161133,3.006300926208496,26.56407356262207,0.0022879266180098057,-0.008953752927482128,-0.003133971942588687,0.00975838489830494,-19.297640738543123,2.997347173281014,26.56093959067948
136,-23.217851638793945,3.006300926208496,23.217851638793945,0.002751869149506092,-0.008964566513895988,-0.0027432942297309637,0.009770460426807404,-23.21509976964444,2.9973363596946,23.215108344564214
137,-26.56407356262207,3.006300926208496,19.299928665161133,0.003142751520499587,-0.008957253769040108,-0.0022788371425122023,0.0097622936591506,-26.56093081110157,2.997343672439456,19.29764982801862
138,-29.25619888305664,3.006300926208496,14.906778335571289,0.0034550221171230078,-0.008946365676820278,-0.0017582254949957132,0.009750179015100002,-29.252743860939518,2.997354560531676,14.905020110076293
139,-31.227941513061523,3.006300926208496,10.146573066711426,0.0036827826406806707,-0.008936595171689987,-0.0011956524103879929,0.009739363566040993,-31.224258730420843,2.997364331036806,10.145377414301038
140,-32.430747985839844,3.006300926208496,5.136526107788086,0.0038209117483347654,-0.00892912782728672,-0.0006048459908924997,0.009731111116707325,-32.42692707409151,2.9973717983812094,5.135921261797193
141,-32.834999084472656,3.006300926208496,0.0,0.003867208259180188,-0.00892641395330429,-2.7610549554347595e-19,0.009728112258017063,-32.831131876213476,2.997374512255192,-2.7610549554347595e-19
142,-32.430747985839844,3.006300926208496,-5.136526107788086,0.0038209117483347654,-0.00892912782728672,0.0006048459908924997,0.009731111116707325,-32.42692707409151,2.9973717983812094,-5.135921261797193
143,-31.227941513061523,3.006300926208496,-10.146573066711426,0.0036827826406806707,-0.008936595171689987,0.0011956524103879929,0.009739363566040993,-31.224258730420843,2.997364331036806,-10.145377414301038
144,-29.25619888305664,3.006300926208496,-14.906778335571289,0.0034550221171230078,-0.008946365676820278,0.0017582254949957132,0.009750179015100002,-29.252743860939518,2.997354560531676,-14.905020110076293
145,-26.56407356262207,3.006300926208496,-19.299928665161133,0.003142751520499587,-0.008957253769040108,0.0022788371425122023,0.0097622936591506,-26.56093081110157,2.997343672439456,-19.29764982801862
146,-23.217851638793945,3.006300926208496,-23.217851638793945,0.002751869149506092,-0.008964566513895988,0.0027432942297309637,0.009770460426807404,-23.21509976964444,2.9973363596946,-23.215108344564214
147,-19.299928665161133,3.006300926208496,-26.56407356262207,0.0022879266180098057,-0.008953752927482128,0.003133971942588687,0.00975838489830494,-19.297640738543123,2.997347173281014,-26.56093959067948
148,-14.906778335571289,3.006300926208496,-29.25619888305664,0.001764013897627592,-0.008920060470700264,0.0034371146466583014,0.009720750153064728,-14.905014321673661,2.997380865737796,-29.252761768409982
149,-10.146573066711426,3.006300926208496,-31.227941513061523,0.0011992091313004494,-0.008875453844666481,0.0036490827333182096,0.009670966304838657,-10.145373857580125,2.9974254723638296,-31.224292430328205
150,-5.136526107788086,3.006300926208496,-32.430747985839844,0.000610529154073447,-0.008828306570649147,0.0037686252035200596,0.009618434123694897,-5.1359155786340125,2.997472619637847,-32.426979360636324
151,-0.0,3.006300926208496,-32.834999084472656,1.3238771316537168e-05,-0.008780944161117077,0.0037944570649415255,0.00956572312861681,1.3238771316537168e-05,2.997519982047379,-32.831204627407715
152,5.136526107788086,3.006300926208496,-32.430747985839844,-0.0005779321654699743,-0.008736285381019115,0.0037280311807990074,0.00951603427529335,5.135948175622616,2.997564640827477,-32.427019954659045
153,10.146573066711426,3.006300926208496,-31.227941513061523,-0.0011492065386846662,-0.0086967246606946,0.0035728130023926497,0.009471994824707508,10.145423860172741,2.9976042015478015,-31.22436870005913
154,14.906778335571289,3.006300926208496,-29.25619888305664,-0.001687819603830576,-0.008663606829941273,0.0033337315544486046,0.009435071609914303,14.905090515967458,2.997637319378555,-29.252865151502192
155,19.299928665161133,3.006300926208496,-26.56407356262207,-0.002181953052058816,-0.008637246675789356,0.003017015755176544,0.00940560083836317,19.297746712109074,2.9976636795327067,-26.561056546866894
156,23.217851638793945,3.006300926208496,-23.217851638793945,-0.0026206697802990675,-0.008616969920694828,0.002630122471600771,0.009382836520671844,23.215230969013646,2.9976839562878013,-23.215221516322345
157,26.56407356262207,3.006300926208496,-19.299928665161133,-0.0029940546955913305,-0.008601631969213486,0.0021819008979946375,0.00936552882194519,26.56107950792648,2.9976992942392826,-19.297746764263138
158,29.25619888305664,3.006300926208496,-14.906778335571289,-0.003293548710644245,-0.008590183220803738,0.0016826712526381016,0.009352544322609901,29.252905334345996,2.9977107429876924,-14.905095664318651
159,31.227941513061523,3.006300926208496,-10.146573066711426,-0.003512314986437559,-0.00858201552182436,0.0011440836824476719,0.00934324786067009,31.224429198075086,2.9977189106866717,-10.145428983028978
160,32.430747985839844,3.006300926208496,-5.136526107788086,-0.0036454861983656883,-0.008577021770179272,0.000578783277887851,0.009337550960481167,32.42710249964148,2.997723904438317,-5.135947324510198
161,30.729999542236328,4.006300926208496,0.0,-0.0044690207578241825,-0.010310285724699497,1.8031207402327383e-19,0.01123717613518238,30.725530521478504,3.9959906404837966,1.8031207402327383e-19
162,30.35166358947754,4.006300926208496,4.8072309494018555,-0.004413925111293793,-0.010310300625860691,-0.0007009742548689246,0.01123727671802044,30.347249664366245,3.9959906255826354,4.8065299751469865
163,29.225967407226562,4.006300926208496,9.496091842651367,-0.004249970894306898,-0.010310329496860504,-0.0013847257941961288,0.0112375533208251,29.221717436332256,3.9959905967116356,9.494707116857171
164,27.380630493164062,4.006300926208496,13.951128005981445,-0.00398115161806345,-0.010310439392924309,-0.0020344769582152367,0.011238052509725094,27.376649341546,3.995990486815572,13.94909352902323
165,24.86109161376953,4.006300926208496,18.062641143798828,-0.0036141180898994207,-0.010311073623597622,-0.0026344037614762783,0.011239225044846535,24.857477495679632,3.9959898525848985,18.060006740037352
166,21.72939109802246,4.006300926208496,21.72939109802246,-0.0031580247450619936,-0.010313313454389572,-0.0031701757106930017,0.011242222972214222,21.7262330732774,3.9959876127541065,21.726220922311768
167,18.062641143798828,4.006300926208496,24.86109161376953,-0.0026241398882120848,-0.010318825021386147,-0.0036293764133006334,0.011248850263655186,18.060017003910616,3.99598210118711,24.85746223735623
168,13.951128005981445,4.006300926208496,27.380630493164062,-0.0020253220573067665,-0.010329455137252808,-0.004001674707978964,0.011261126957833767,13.949102683924139,3.9959714710712433,27.376628818456084
169,9.496091842651367,4.006300926208496,29.225967407226562,-0.0013755399268120527,-0.010346573777496815,-0.004278708714991808,0.011280559934675694,9.494716302724555,3.9959543524309993,29.22168869851157
170,4.8072309494018555,4.006300926208496,30.35166358947754,-0.0006896188715472817,-0.01037047803401947,-0.004453870002180338,0.011307490058243275,4.806541330530308,3.9959304481744766,30.34720971947536
171,0.0,4.006300926208496,30.729999542236328,1.677494219620712e-05,-0.010400127619504929,-0.00452222628518939,0.011340787634253502,1.677494219620712e-05,3.995900798588991,30.72547731595114
172,-4.8072309494018555,4.006300926208496,30.35166358947754,0.0007270706701092422,-0.010433278046548367,-0.004480711650103331,0.011377992108464241,-4.806503878731746,3.9958676481619477,30.347182877827436
173,-9.496091842651367,4.006300926208496,29.225967407226562,0.0014238458825275302,-0.01046670787036419,-0.004328479524701834,0.01141556166112423,-9.49466799676884,3.995834218338132,29.22163892770186
174,-13.951128005981445,4.006300926208496,27.380630493164062,0.002089087152853608,-0.010496984235942364,-0.004067555535584688,0.011449715122580528,-13.949038918828592,3.9958039419725537,27.376562937628478
175,-18.062641143798828,4.006300926208496,24.86109161376953,0.0027039663400501013,-0.010518429800868034,-0.003701892914250493,0.01147400587797165,-18.059937177458778,3.995782496407628,24.85738972085528
176,-21.72939109802246,4.006300926208496,21.72939109802246,0.003249572357162833,-0.010524596087634563,-0.003238326869904995,0.011481010355055332,-21.726141525665298,3.9957763301208615,21.726152771152556
177,-24.86109161376953,4.006300926208496,18.062641143798828,0.0037115716841071844,-0.010517893359065056,-0.002690596040338278,0.011473497375845909,-24.857380042085424,3.995783032849431,18.05995054775849
178,-27.380630493164062,4.006300926208496,13.951128005981445,0.004080821759998798,-0.010506417602300644,-0.0020762099884450436,0.011460740119218826,-27.376549671404064,3.9957945086061954,13.949051795993
179,-29.225967407226562,4.006300926208496,9.496091842651367,0.004349662456661463,-0.010494671761989594,-0.0014118815306574106,0.011447755619883537,-29.2216177447699,3.9958062544465065,9.49467996112071
180,-30.35166358947754,4.006300926208496,4.8072309494018555,0.004512723069638014,-0.010485777631402016,-0.0007142291869968176,0.011437932960689068,-30.3471508664079,3.995815148577094,4.806516720214859
181,-30.729999542236328,4.006300926208496,0.0,0.004567375406622887,-0.010482530109584332,2.905696532827606e-19,0.011434350162744522,-30.725432166829705,3.9958183960989118,2.905696532827606e-19
182,-30.35166358947754,4.006300926208496,-4.8072309494018555,0.004512723069638014,-0.010485777631402016,0.0007142291869968176,0.011437932960689068,-30.3471508664079,3.995815148577094,-4.806516720214859
183,-29.225967407226562,4.006300926208496,-9.496091842651367,0.004349662456661463,-0.010494671761989594,0.0014118815306574106,0.011447755619883537,-29.2216177447699,3.9958062544465065,-9.49467996112071
184,-27.380630493164062,4.006300926208496,-13.951128005981445,0.004080821759998798,-0.010506417602300644,0.0020762099884450436,0.011460740119218826,-27.376549671404064,3.9957945086061954,-13.949051795993
185,-24.86109161376953,4.006300926208496,-18.062641143798828,0.0037115716841071844,-0.010517893359065056,0.002690596040338278,0.011473497375845909,-24.857380042085424,3.995783032849431,-18.05995054775849
186,-21.72939109802246,4.006300926208496,-21.72939109802246,0.003249572357162833,-0.010524596087634563,0.003238326869904995,0.011481010355055332,-21.726141525665298,3.9957763301208615,-21.726152771152556
187,-18.062641143798828,4.006300926208496,-24.86109161376953,0.0027039663400501013,-0.010518429800868034,0.003701892914250493,0.01147400587797165,-18.059937177458778,3.995782496407628,-24.85738972085528
188,-13.951128005981445,4.006300926208496,-27.380630493164062,0.002089087152853608,-0.010496984235942364,0.004067555535584688,0.011449715122580528,-13.949038918828592,3.9958039419725537,-27.376562937628478
189,-9.496091842651367,4.006300926208496,-29.225967407226562,0.0014238458825275302,-0.01046670787036419,0.004328479524701834,0.01141556166112423,-9.49466799676884,3.995834218338132,-29.22163892770186
190,-4.8072309494018555,4.006300926208496,-30.35166358947754,0.0007270706701092422,-0.010433278046548367,0.004480711650103331,0.011377992108464241,-4.806503878731746,3.9958676481619477,-30.347182877827436
191,-0.0,4.006300926208496,-30.729999542236328,1.677494219620712e-05,-0.010400127619504929,0.00452222628518939,0.011340787634253502,1.677494219620712e-05,3.995900798588991,-30.72547731595114
192,4.8072309494018555,4.006300926208496,-30.35166358947754,-0.0006896188715472817,-0.01037047803401947,0.004453870002180338,0.011307490058243275,4.806541330530308,3.9959304481744766,-30.34720971947536
193,9.496091842651367,4.006300926208496,-29.225967407226562,-0.0013755399268120527,-0.010346573777496815,0.004278708714991808,0.011280559934675694,9.494716302724555,3.9959543524309993,-29.22168869851157
194,13.951128005981445,4.006300926208496,-27.380630493164062,-0.0020253220573067665,-0.010329455137252808,0.004001674707978964,0.011261126957833767,13.949102683924139,3.9959714710712433,-27.376628818456084
195,18.062641143798828,4.006300926208496,-24.86109161376953,-0.0026241398882120848,-0.010318825021386147,0.0036293764133006334,0.011248850263655186,18.060017003910616,3.99598210118711,-24.85746223735623
196,21.72939109802246,4.006300926208496,-21.72939109802246,-0.0031580247450619936,-0.010313313454389572,0.0031701757106930017,0.011242222972214222,21.7262330732774,3.9959876127541065,-21.726220922311768
197,24.86109161376953,4.006300926208496,-18.062641143798828,-0.0036141180898994207,-0.010311073623597622,0.0026344037614762783,0.011239225044846535,24.857477495679632,3.9959898525848985,-18.060006740037352
198,27.380630493164062,4.006300926208496,-13.951128005981445,-0.00398115161806345,-0.010310439392924309,0.0020344769582152367,0.011238052509725094,27.376649341546,3.995990486815572,-13.94909352902323
199,29.225967407226562,4.006300926208496,-9.496091842651367,-0.004249970894306898,-0.010310329496860504,0.0013847257941961288,0.0112375533208251,29.221717436332256,3.9959905967116356,-9.494707116857171
200,30.35166358947754,4.006300926208496,-4.8072309494018555,-0.004413925111293793,-0.010310300625860691,0.0007009742548689246,0.01123727671802044,30.347249664366245,3.9959906255826354,-4.8065299751469865
201,28.8700008392334,5.504279136657715,0.0,-0.003141804365441203,-0.008720635436475277,2.4672913251623843e-19,0.00926932692527771,28.866859034867957,5.49555850122124,2.4672913251623843e-19
202,28.514562606811523,5.504279136657715,4.516263008117676,-0.0031029547099024057,-0.00872054509818554,-0.0004938472993671894,0.009269310161471367,28.51145965210162,5.495558591559529,4.515769160818309
203,27.457002639770508,5.504279136657715,8.921320915222168,-0.0029873407911509275,-0.008720246143639088,-0.000975480827037245,0.009269220754504204,27.454015298979357,5.495558890514076,8.92034543439513
204,25.723358154296875,5.504279136657715,13.106705665588379,-0.002797761932015419,-0.008719714358448982,-0.001432973425835371,0.009268996305763721,25.72056039236486,5.495559422299266,13.105272692162544
205,23.356321334838867,5.504279136657715,16.9693603515625,-0.0025388700887560844,-0.008719147183001041,-0.0018550019012764096,0.009268787689507008,23.35378246475011,5.495559989474714,16.967505349661224
206,20.414173126220703,5.504279136657715,20.414173126220703,-0.002217120723798871,-0.008719191886484623,-0.0022312295623123646,0.009269213303923607,20.411956005496904,5.49555994477123,20.41194189665839
207,16.9693603515625,5.504279136657715,23.356321334838867,-0.0018405772279947996,-0.008721024729311466,-0.0025526825338602066,0.009271470829844475,16.967519774334505,5.495558111928403,23.353768652305007
208,13.106705665588379,5.504279136657715,25.723358154296875,-0.0014185759937390685,-0.008726145140826702,-0.0028120195493102074,0.009277145378291607,13.10528708959464,5.495552991516888,25.720546134747565
209,8.921320915222168,5.504279136657715,27.457002639770508,-0.0009613114525564015,-0.00873596128076315,-0.0030036005191504955,0.009287774562835693,8.920359603769612,5.495543175376952,27.453999039251357
210,4.516263008117676,5.504279136657715,28.514562606811523,-0.00047948051360435784,-0.008751211687922478,-0.0031233076006174088,0.00930422730743885,4.515783527604071,5.495527924969792,28.511439299210906
211,0.0,5.504279136657715,28.8700008392334,1.586053622304462e-05,-0.00877164863049984,-0.0031683570705354214,0.009326336905360222,1.586053622304462e-05,5.495507488027215,28.866832482162863
212,-4.516263008117676,5.504279136657715,28.514562606811523,0.0005132948281243443,-0.008795752190053463,-0.0031370592769235373,0.009352532215416431,-4.515749713289551,5.495483384467661,28.5114255475346
213,-8.921320915222168,5.504279136657715,27.457002639770508,0.0010008176323026419,-0.008820684626698494,-0.0030287515837699175,0.00937973614782095,-8.920320097589865,5.495458452031016,27.453973888186738
214,-13.106705665588379,5.504279136657715,25.723358154296875,0.0014660379383713007,-0.0088435597717762,-0.002844991162419319,0.009404880926012993,-13.105239627650008,5.495435576885939,25.720513163134456
215,-16.9693603515625,5.504279136657715,23.356321334838867,0.0018962672911584377,-0.008860133588314056,-0.0025885808281600475,0.009423297829926014,-16.96746408427134,5.495419003069401,23.353732754010707
216,-20.414173126220703,5.504279136657715,20.414173126220703,0.002278107451274991,-0.008865430019795895,-0.002263861009851098,0.009429246187210083,-20.411895018769428,5.495413706637919,20.411909265210852
217,-23.356321334838867,5.504279136657715,16.9693603515625,0.002601295942440629,-0.00886098574846983,-0.0018806568114086986,0.009424472227692604,-23.353720038896427,5.495418150909245,16.96747969475109
218,-25.723358154296875,5.504279136657715,13.106705665588379,0.0028596767224371433,-0.008852530270814896,-0.0014511762419715524,0.009415463544428349,-25.720498477574438,5.4954266063869,13.105254489346407
219,-27.457002639770508,5.504279136657715,8.921320915222168,0.003047612262889743,-0.008843282237648964,-0.000986726488918066,0.009405595250427723,-27.453955027507618,5.495435854420066,8.92033418873325
220,-28.514562606811523,5.504279136657715,4.516263008117676,0.0031614084728062153,-0.008836041204631329,-0.0004990930901840329,0.009397830814123154,-28.511401198338717,5.4954430954530835,4.515763915027492
221,-28.8700008392334,5.504279136657715,0.0,0.003199553582817316,-0.008833392523229122,-6.155927749456385e-19,0.009394996799528599,-28.86680128565058,5.495445744134486,-6.155927749456385e-19
222,-28.514562606811523,5.504279136657715,-4.516263008117676,0.0031614084728062153,-0.008836041204631329,0.0004990930901840329,0.009397830814123154,-28.511401198338717,5.4954430954530835,-4.515763915027492
223,-27.457002639770508,5.504279136657715,-8.921320915222168,0.003047612262889743,-0.008843282237648964,0.000986726488918066,0.009405595250427723,-27.453955027507618,5.495435854420066,-8.92033418873325
224,-25.723358154296875,5.504279136657715,-13.106705665588379,0.0028596767224371433,-0.008852530270814896,0.0014511762419715524,0.009415463544428349,-25.720498477574438,5.4954266063869,-13.105254489346407
225,-23.356321334838867,5.504279136657715,-16.9693603515625,0.002601295942440629,-0.00886098574846983,0.0018806568114086986,0.009424472227692604,-23.353720038896427,5.495418150909245,-16.96747969475109
226,-20.414173126220703,5.504279136657715,-20.414173126220703,0.002278107451274991,-0.008865430019795895,0.002263861009851098,0.009429246187210083,-20.411895018769428,5.495413706637919,-20.411909265210852
227,-16.9693603515625,5.504279136657715,-23.356321334838867,0.0018962672911584377,-0.008860133588314056,0.0025885808281600475,0.009423297829926014,-16.96746408427134,5.495419003069401,-23.353732754010707
228,-13.106705665588379,5.504279136657715,-25.723358154296875,0.0014660379383713007,-0.0088435597717762,0.002844991162419319,0.009404880926012993,-13.105239627650008,5.495435576885939,-25.720513163134456
229,-8.921320915222168,5.504279136657715,-27.457002639770508,0.0010008176323026419,-0.008820684626698494,0.0030287515837699175,0.00937973614782095,-8.920320097589865,5.495458452031016,-27.453973888186738
230,-4.516263008117676,5.504279136657715,-28.514562606811523,0.0005132948281243443,-0.008795752190053463,0.0031370592769235373,0.009352532215416431,-4.515749713289551,5.495483384467661,-28.5114255475346
231,-0.0,5.504279136657715,-28.8700008392334,1.586053622304462e-05,-0.00877164863049984,0.0031683570705354214,0.009326336905360222,1.586053622304462e-05,5.495507488027215,-28.866832482162863
232,4.516263008117676,5.504279136657715,-28.514562606811523,-0.00047948051360435784,-0.008751211687922478,0.0031233076006174088,0.00930422730743885,4.515783527604071,5.495527924969792,-28.511439299210906
233,8.921320915222168,5.504279136657715,-27.457002639770508,-0.0009613114525564015,-0.00873596128076315,0.0030036005191504955,0.009287774562835693,8.920359603769612,5.495543175376952,-27.453999039251357
234,13.106705665588379,5.504279136657715,-25.723358154296875,-0.0014185759937390685,-0.008726145140826702,0.0028120195493102074,0.009277145378291607,13.10528708959464,5.495552991516888,-25.720546134747565
235,16.9693603515625,5.504279136657715,-23.356321334838867,-0.0018405772279947996,-0.008721024729311466,0.0025526825338602066,0.009271470829844475,16.967519774334505,5.495558111928403,-23.353768652305007
236,20.414173126220703,5.504279136657715,-20.414173126220703,-0.002217120723798871,-0.008719191886484623,0.0022312295623123646,0.009269213303923607,20.411956005496904,5.49555994477123,-20.41194189665839
237,23.356321334838867,5.504279136657715,-16.9693603515625,-0.0025388700887560844,-0.008719147183001041,0.0018550019012764096,0.009268787689507008,23.35378246475011,5.495559989474714,-16.967505349661224
238,25.723358154296875,5.504279136657715,-13.106705665588379,-0.002797761932015419,-0.008719714358448982,0.001432973425835371,0.009268996305763721,25.72056039236486,5.495559422299266,-13.105272692162544
239,27.457002639770508,5.504279136657715,-8.921320915222168,-0.0029873407911509275,-0.008720246143639088,0.000975480827037245,0.009269220754504204,27.454015298979357,5.495558890514076,-8.92034543439513
240,28.514562606811523,5.504279136657715,-4.516263008117676,-0.0031029547099024057,-0.00872054509818554,0.0004938472993671894,0.009269310161471367,28.51145965210162,5.495558591559529,-4.515769160818309
241,27.010000228881836,7.002257823944092,0.0,-0.0014889785088598728,-0.006740930490195751,1.2995805652499178e-18,0.006903419736772776,27.008511250372976,6.995516893453896,1.2995805652499178e-18
242,26.677461624145508,7.002257823944092,4.225295066833496,-0.001470899092964828,-0.0067414031364023685,-0.00023595616221427917,0.006904037669301033,26.675990725052543,6.995516420807689,4.225059110671282
243,25.688037872314453,7.002257823944092,8.346549034118652,-0.0014170388458296657,-0.006742783822119236,-0.0004664393491111696,0.006905845366418362,25.686620833468623,6.995515040121973,8.346082594769541
244,24.066085815429688,7.002257823944092,12.262283325195312,-0.00132849276997149,-0.006744961719959974,-0.0006860362482257187,0.006908693350851536,24.064757322659716,6.995512862224132,12.261597288947087
245,21.85154914855957,7.002257823944092,15.876079559326172,-0.001207040506415069,-0.006747808773070574,-0.0008894280181266367,0.00691237673163414,21.850342108053155,6.995510015171021,15.875190131308045
246,19.098953247070312,7.002257823944092,19.098953247070312,-0.001055203378200531,-0.006751314736902714,-0.001071467879228294,0.006916773039847612,19.097898043692112,6.995506509207189,19.097881779191084
247,15.876079559326172,7.002257823944092,21.85154914855957,-0.000876355916261673,-0.006755752023309469,-0.0012273892061784863,0.006922042462974787,15.87520320340991,6.995502071920782,21.850321759353392
248,12.262283325195312,7.002257823944092,24.066085815429688,-0.000674775626976043,-0.006761780008673668,-0.0013531610602512956,0.006928783375769854,12.261608549568336,6.995496043935418,24.064732654369436
249,8.346549034118652,7.002257823944092,25.688037872314453,-0.00045548356138169765,-0.006770361214876175,-0.0014458299847319722,0.006937988102436066,8.34609355055727,6.995487462729216,25.68659204232972
250,4.225295066833496,7.002257823944092,26.677461624145508,-0.00022387939679902047,-0.006782387848943472,-0.0015035811811685562,0.006950658746063709,4.225071187436697,6.995475436095148,26.67595804296434
251,0.0,7.002257823944092,27.010000228881836,1.4582486073777545e-05,-0.006798297166824341,-0.0015255804173648357,0.006967384833842516,1.4582486073777545e-05,6.9954595267772675,27.00847464846447
252,-4.225295066833496,7.002257823944092,26.677461624145508,0.0002545007155276835,-0.0068173883482813835,-0.0015113155823200941,0.006987533997744322,-4.225040566117968,6.99544043559581,26.675950308563188
253,-8.346549034118652,7.002257823944092,25.688037872314453,0.0004902417422272265,-0.00683757197111845,-0.0014602812007069588,0.007008933462202549,-8.346058792376425,6.995420251972973,25.686577591113746
254,-12.262283325195312,7.002257823944092,24.066085815429688,0.0007161247194744647,-0.006856848020106554,-0.0013733053347095847,0.007029592525213957,-12.261567200475838,6.995400975923985,24.064712510094978
255,-15.876079559326172,7.002257823944092,21.85154914855957,0.0009259651997126639,-0.006872101686894894,-0.0012513288529589772,0.007046205922961235,-15.87515359412646,6.995385722257197,21.85029781970661
256,-19.098953247070312,7.002257823944092,19.098953247070312,0.001112351892516017,-0.006879162974655628,-0.0010953040327876806,0.007054070010781288,-19.097840895177796,6.995378660969436,19.097857943037525
257,-21.85154914855957,7.002257823944092,15.876079559326172,0.0012702338863164186,-0.006879074033349752,-0.0009102808544412255,0.007054343819618225,-21.850278914673254,6.995378749910742,15.87516927847173
258,-24.066085815429688,7.002257823944092,12.262283325195312,0.0013971686130389571,-0.006876041181385517,-0.0007028908003121614,0.007051672320812941,-24.06468864681665,6.995381782762706,12.261580434395
259,-25.688037872314453,7.002257823944092,8.346549034118652,0.0014898359077051282,-0.006871802266687155,-0.0004782646428793669,0.0070476955734193325,-25.686548036406748,6.995386021677405,8.346070769475773
260,-26.677461624145508,7.002257823944092,4.225295066833496,0.001545966719277203,-0.00686806021258235,-0.00024199369363486767,0.007044062949717045,-26.67591565742623,6.9953897637315094,4.225053073139861
261,-27.010000228881836,7.002257823944092,0.0,0.0015648187836632133,-0.0068666646257042885,-6.109065382815842e-19,0.007042708341032267,-27.008435410098173,6.9953911593183875,-6.109065382815842e-19
262,-26.677461624145508,7.002257823944092,-4.225295066833496,0.001545966719277203,-0.00686806021258235,0.00024199369363486767,0.007044062949717045,-26.67591565742623,6.9953897637315094,-4.225053073139861
263,-25.688037872314453,7.002257823944092,-8.346549034118652,0.0014898359077051282,-0.006871802266687155,0.0004782646428793669,0.0070476955734193325,-25.686548036406748,6.995386021677405,-8.346070769475773
264,-24.066085815429688,7.002257823944092,-12.262283325195312,0.0013971686130389571,-0.006876041181385517,0.0007028908003121614,0.007051672320812941,-24.06468864681665,6.995381782762706,-12.261580434395
265,-21.85154914855957,7.002257823944092,-15.876079559326172,0.0012702338863164186,-0.006879074033349752,0.0009102808544412255,0.007054343819618225,-21.850278914673254,6.995378749910742,-15.87516927847173
266,-19.098953247070312,7.002257823944092,-19.098953247070312,0.001112351892516017,-0.006879162974655628,0.0010953040327876806,0.007054070010781288,-19.097840895177796,6.995378660969436,-19.097857943037525
267,-15.876079559326172,7.002257823944092,-21.85154914855957,0.0009259651997126639,-0.006872101686894894,0.0012513288529589772,0.007046205922961235,-15.87515359412646,6.995385722257197,-21.85029781970661
268,-12.262283325195312,7.002257823944092,-24.066085815429688,0.0007161247194744647,-0.006856848020106554,0.0013733053347095847,0.007029592525213957,-12.261567200475838,6.995400975923985,-24.064712510094978
269,-8.346549034118652,7.002257823944092,-25.688037872314453,0.0004902417422272265,-0.00683757197111845,0.0014602812007069588,0.007008933462202549,-8.346058792376425,6.995420251972973,-25.686577591113746
270,-4.225295066833496,7.002257823944092,-26.677461624145508,0.0002545007155276835,-0.0068173883482813835,0.0015113155823200941,0.006987533997744322,-4.225040566117968,6.99544043559581,-26.675950308563188
271,-0.0,7.002257823944092,-27.010000228881836,1.4582486073777545e-05,-0.006798297166824341,0.0015255804173648357,0.006967384833842516,1.4582486073777545e-05,6.9954595267772675,-27.00847464846447
272,4.225295066833496,7.002257823944092,-26.677461624145508,-0.00022387939679902047,-0.006782387848943472,0.0015035811811685562,0.006950658746063709,4.225071187436697,6.995475436095148,-26.67595804296434
273,8.346549034118652,7.002257823944092,-25.688037872314453,-0.00045548356138169765,-0.006770361214876175,0.0014458299847319722,0.006937988102436066,8.34609355055727,6.995487462729216,-25.68659204232972
274,12.262283325195312,7.002257823944092,-24.066085815429688,-0.000674775626976043,-0.006761780008673668,0.0013531610602512956,0.006928783375769854,12.261608549568336,6.995496043935418,-24.064732654369436
275,15.876079559326172,7.002257823944092,-21.85154914855957,-0.000876355916261673,-0.006755752023309469,0.0012273892061784863,0.006922042462974787,15.87520320340991,6.995502071920782,-21.850321759353392
276,19.098953247070312,7.002257823944092,-19.098953247070312,-0.001055203378200531,-0.006751314736902714,0.001071467879228294,0.006916773039847612,19.097898043692112,6.995506509207189,-19.097881779191084
277,21.85154914855957,7.002257823944092,-15.876079559326172,-0.001207040506415069,-0.006747808773070574,0.0008894280181266367,0.00691237673163414,21.850342108053155,6.995510015171021,-15.875190131308045
278,24.066085815429688,7.002257823944092,-12.262283325195312,-0.00132849276997149,-0.006744961719959974,0.0006860362482257187,0.006908693350851536,24.064757322659716,6.995512862224132,-12.261597288947087
279,25.688037872314453,7.002257823944092,-8.346549034118652,-0.0014170388458296657,-0.006742783822119236,0.0004664393491111696,0.006905845366418362,25.686620833468623,6.995515040121973,-8.346082594769541
280,26.677461624145508,7.002257823944092,-4.225295066833496,-0.001470899092964828,-0.0067414031364023685,0.00023595616221427917,0.006904037669301033,26.675990725052543,6.995516420807689,-4.225059110671282
281,25.389999389648438,8.78549861907959,0.0,-0.0008965246961452067,-0.006269550416618586,9.831034342362374e-19,0.006333325989544392,25.389102864952292,8.779229068662971,9.831034342362374e-19
282,25.077407836914062,8.78549861907959,3.9718708992004395,-0.0008859141380526125,-0.0062702009454369545,-0.00014391887816600502,0.006334112025797367,25.07652192277601,8.779228418134153,3.9717269803222734
283,24.14732551574707,8.78549861907959,7.845941066741943,-0.0008543052827008069,-0.0062721543945372105,-0.00028480918263085186,0.006336471531540155,24.14647121046437,8.779226464685053,7.8456562575593125
284,22.622655868530273,8.78549861907959,11.526819229125977,-0.0008022735710255802,-0.00627536466345191,-0.00041966556455008686,0.006340343970805407,22.621853594959248,8.779223254416138,11.526399563561426
285,20.54094123840332,8.78549861907959,14.923868179321289,-0.000730587518773973,-0.00627965247258544,-0.0005454071797430515,0.006345491390675306,20.540210650884546,8.779218966607004,14.923322772141546
286,17.953441619873047,8.78549861907959,17.953441619873047,-0.0006402170401997864,-0.006284698378294706,-0.0006587186944670975,0.006351473741233349,17.952801402832847,8.779213920701295,17.95278290117858
287,14.923868179321289,8.78549861907959,20.54094123840332,-0.0005326181999407709,-0.006290198769420385,-0.0007560787489637733,0.006357824895530939,14.923335561121348,8.77920842031017,20.540185159654357
288,11.526819229125977,8.78549861907959,22.622655868530273,-0.00041011147550307214,-0.006296155508607626,-0.0008341784123331308,0.006364402361214161,11.526409117650473,8.779202463570982,22.62182169011794
289,7.845941066741943,8.78549861907959,24.14732551574707,-0.0002759572525974363,-0.006303043570369482,-0.0008905580034479499,0.006371625233441591,7.845665109489346,8.77919557550922,24.146434957743622
290,3.9718708992004395,8.78549861907959,25.077407836914062,-0.00013398884038906544,-0.0063116601668298244,-0.0009240148356184363,0.006380345672369003,3.9717369103600504,8.77918695891276,25.076483822078444
291,0.0,8.78549861907959,25.389999389648438,1.1938667739741504e-05,-0.00632272195070982,-0.0009345365688204765,0.006391425151377916,1.1938667739741504e-05,8.77917589712888,25.389064853079617
292,-3.9718708992004395,8.78549861907959,25.077407836914062,0.00015831321070436388,-0.006336095277220011,-0.0009225054527632892,0.0064048562198877335,-3.971712585989735,8.77916252380237,25.0764853314613
293,-7.845941066741943,8.78549861907959,24.14732551574707,0.00030179074383340776,-0.006350523326545954,-0.0008882432011887431,0.006419438868761063,-7.84563927599811,8.779148095753044,24.14643727254588
294,-11.526819229125977,8.78549861907959,22.622655868530273,0.0004393352137412876,-0.006364903412759304,-0.0008331499993801117,0.006434217095375061,-11.526379893912235,8.77913371566683,22.621822718530893
295,-14.923868179321289,8.78549861907959,20.54094123840332,0.0005680691101588309,-0.0063775586895644665,-0.0007584306877106428,0.006447570864111185,-14.92330011021113,8.779121060390025,20.54018280771561
296,-17.953441619873047,8.78549861907959,17.953441619873047,0.0006840607966296375,-0.006385902874171734,-0.000664404418785125,0.006456711795181036,-17.952757559076417,8.779112716205418,17.95277721545426
297,-20.54094123840332,8.78549861907959,14.923868179321289,0.0007843546918593347,-0.006390302907675505,-0.0005536153330467641,0.00646201753988862,-20.54015688371146,8.779108316171914,14.923314563988242
298,-22.622655868530273,8.78549861907959,11.526819229125977,0.0008670752868056297,-0.006392783485352993,-0.000429109059041366,0.006465573329478502,-22.621788793243468,8.779105835594237,11.526390120066935
299,-24.14732551574707,8.78549861907959,7.845941066741943,0.0009287783177569509,-0.006393661256879568,-0.0002930188784375787,0.006467410363256931,-24.146396737429313,8.77910495782271,7.845648047863506
300,-25.077407836914062,8.78549861907959,3.9718708992004395,0.0009666808182373643,-0.00639354670420289,-0.00014863362594041973,0.006467921193689108,-25.076441156095825,8.779105072375387,3.971722265574499
301,-25.389999389648438,8.78549861907959,0.0,0.000979514210484922,-0.006393438205122948,-9.142500574206656e-19,0.00646803667768836,-25.389019875437953,8.779105180874467,-9.142500574206656e-19
302,-25.077407836914062,8.78549861907959,-3.9718708992004395,0.0009666808182373643,-0.00639354670420289,0.00014863362594041973,0.006467921193689108,-25.076441156095825,8.779105072375387,-3.971722265574499
303,-24.14732551574707,8.78549861907959,-7.845941066741943,0.0009287783177569509,-0.006393661256879568,0.0002930188784375787,0.006467410363256931,-24.146396737429313,8.77910495782271,-7.845648047863506
304,-22.622655868530273,8.78549861907959,-11.526819229125977,0.0008670752868056297,-0.006392783485352993,0.000429109059041366,0.006465573329478502,-22.621788793243468,8.779105835594237,-11.526390120066935
305,-20.54094123840332,8.78549861907959,-14.923868179321289,0.0007843546918593347,-0.006390302907675505,0.0005536153330467641,0.00646201753988862,-20.54015688371146,8.779108316171914,-14.923314563988242
306,-17.953441619873047,8.78549861907959,-17.953441619873047,0.0006840607966296375,-0.006385902874171734,0.000664404418785125,0.006456711795181036,-17.952757559076417,8.779112716205418,-17.95277721545426
307,-14.923868179321289,8.78549861907959,-20.54094123840332,0.0005680691101588309,-0.0063775586895644665,0.0007584306877106428,0.006447570864111185,-14.92330011021113,8.779121060390025,-20.54018280771561
308,-11.526819229125977,8.78549861907959,-22.622655868530273,0.0004393352137412876,-0.006364903412759304,0.0008331499993801117,0.006434217095375061,-11.526379893912235,8.77913371566683,-22.621822718530893
309,-7.845941066741943,8.78549861907959,-24.14732551574707,0.00030179074383340776,-0.006350523326545954,0.0008882432011887431,0.006419438868761063,-7.84563927599811,8.779148095753044,-24.14643727254588
310,-3.9718708992004395,8.78549861907959,-25.077407836914062,0.00015831321070436388,-0.006336095277220011,0.0009225054527632892,0.0064048562198877335,-3.971712585989735,8.77916252380237,-25.0764853314613
311,-0.0,8.78549861907959,-25.389999389648438,1.1938667739741504e-05,-0.00632272195070982,0.0009345365688204765,0.006391425151377916,1.1938667739741504e-05,8.77917589712888,-25.389064853079617
312,3.9718708992004395,8.78549861907959,-25.077407836914062,-0.00013398884038906544,-0.0063116601668298244,0.0009240148356184363,0.006380345672369003,3.9717369103600504,8.77918695891276,-25.076483822078444
313,7.845941066741943,8.78549861907959,-24.14732551574707,-0.0002759572525974363,-0.006303043570369482,0.0008905580034479499,0.006371625233441591,7.845665109489346,8.77919557550922,-24.146434957743622
314,11.526819229125977,8.78549861907959,-22.622655868530273,-0.00041011147550307214,-0.006296155508607626,0.0008341784123331308,0.006364402361214161,11.526409117650473,8.779202463570982,-22.62182169011794
315,14.923868179321289,8.78549861907959,-20.54094123840332,-0.0005326181999407709,-0.006290198769420385,0.0007560787489637733,0.006357824895530939,14.923335561121348,8.77920842031017,-20.540185159654357
316,17.953441619873047,8.78549861907959,-17.953441619873047,-0.0006402170401997864,-0.006284698378294706,0.0006587186944670975,0.006351473741233349,17.952801402832847,8.779213920701295,-17.95278290117858
317,20.54094123840332,8.78549861907959,-14.923868179321289,-0.000730587518773973,-0.00627965247258544,0.0005454071797430515,0.006345491390675306,20.540210650884546,8.779218966607004,-14.923322772141546
318,22.622655868530273,8.78549861907959,-11.526819229125977,-0.0008022735710255802,-0.00627536466345191,0.00041966556455008686,0.006340343970805407,22.621853594959248,8.779223254416138,-11.526399563561426
319,24.14732551574707,8.78549861907959,-7.845941066741943,-0.0008543052827008069,-0.0062721543945372105,0.00028480918263085186,0.006336471531540155,24.14647121046437,8.779226464685053,-7.8456562575593125
320,25.077407836914062,8.78549861907959,-3.9718708992004395,-0.0008859141380526125,-0.0062702009454369545,0.00014391887816600502,0.006334112025797367,25.07652192277601,8.779228418134153,-3.9717269803222734
321,23.770000457763672,10.568739891052246,0.0,-0.0009188148542307317,-0.006350469775497913,1.2274737836875985e-18,0.006416594609618187,23.76908164290944,10.562389421276748,1.2274737836875985e-18
322,23.477352142333984,10.568739891052246,3.718446969985962,-0.0009078434086404741,-0.006351080257445574,-0.00014811013534199446,0.006417346652597189,23.476444298925344,10.5623888107948,3.71829885985062
323,22.606613159179688,10.568739891052246,7.345334053039551,-0.0008752256399020553,-0.006352958735078573,-0.00029304373310878873,0.006419655866920948,22.605737933539785,10.562386932317168,7.345041009306442
324,21.17922592163086,10.568739891052246,10.791354179382324,-0.0008217145223170519,-0.006356161553412676,-0.00043169903801754117,0.006423579063266516,21.178404207108542,10.562383729498833,10.790922480344307
325,19.23033332824707,10.568739891052246,13.971654891967773,-0.0007482577348127961,-0.0063605839386582375,-0.000560948858037591,0.006428963970392942,19.229585070512258,10.562379307113588,13.971093943109736
326,16.80792808532715,10.568739891052246,16.80792808532715,-0.0006558987661264837,-0.00636583985760808,-0.0006774028297513723,0.006435292772948742,16.807272186561022,10.562374051194638,16.807250682497397
327,13.971654891967773,10.568739891052246,19.23033332824707,-0.0005460340180434287,-0.006371344439685345,-0.0007773141260258853,0.0064417701214551926,13.97110885794973,10.56236854661256,19.229556014121044
328,10.791354179382324,10.568739891052246,21.17922592163086,-0.0004208881873637438,-0.006376619916409254,-0.0008569296915084124,0.006447694264352322,10.79093329119496,10.562363271135837,21.17836899193935
329,7.345334053039551,10.568739891052246,22.606613159179688,-0.00028377262060530484,-0.006381608545780182,-0.0009132102131843567,0.006452860310673714,7.3450502804189455,10.562358282506466,22.605699948966503
330,3.718446969985962,10.568739891052246,23.477352142333984,-0.00013884798681829125,-0.006386732682585716,-0.0009444875176995993,0.006457684561610222,3.7183081219991436,10.56235315836966,23.476407654816285
331,0.0,10.568739891052246,23.770000457763672,9.47393800743157e-06,-0.006392635405063629,-0.0009506548522040248,0.0064629423432052135,9.47393800743157e-06,10.562347255647182,23.769049802911468
332,-3.718446969985962,10.568739891052246,23.477352142333984,0.0001571004540892318,-0.00639960216358304,-0.000932635273784399,0.006469110958278179,-3.7182898695318727,10.562340288888663,23.4764195070602
333,-7.345334053039551,10.568739891052246,22.606613159179688,0.0003004981845151633,-0.006407390348613262,-0.0008919995743781328,0.00647615734487772,-7.345033554855036,10.562332500703633,22.60572115960531
334,-10.791354179382324,10.568739891052246,21.17922592163086,0.00043713630293495953,-0.006416081450879574,-0.0008315672748722136,0.006484496407210827,-10.79091704307939,10.562323809601367,21.178394354355987
335,-13.971654891967773,10.568739891052246,19.23033332824707,0.0005651448154821992,-0.006425447296351194,-0.0007538326899521053,0.006494153290987015,-13.971089747152291,10.562314443755895,19.229579495557118
336,-16.80792808532715,10.568739891052246,16.80792808532715,0.0006820203270763159,-0.006434240844100714,-0.0006596700986847281,0.006503827404230833,-16.807246065000072,10.562305650208145,16.807268415228464
337,-19.23033332824707,10.568739891052246,13.971654891967773,0.0007855072035454214,-0.006442320998758078,-0.0005505590816028416,0.006513343192636967,-19.229547821043525,10.562297570053488,13.97110433288617
338,-21.17922592163086,10.568739891052246,10.791354179382324,0.0008729393011890352,-0.006449895910918713,-0.0004280560533516109,0.006522760726511478,-21.17835298232967,10.562289995141327,10.790926123328973
339,-22.606613159179688,10.568739891052246,7.345334053039551,0.0009396146633662283,-0.006455828435719013,-0.00029331163386814296,0.006530438549816608,-22.60567354451632,10.562284062616527,7.345040741405683
340,-23.477352142333984,10.568739891052246,3.718446969985962,0.0009813038632273674,-0.006459413096308708,-0.00014916210784576833,0.006535229738801718,-23.476370838470757,10.562280477955937,3.718297807878116
341,-23.770000457763672,10.568739891052246,0.0,0.0009955300483852625,-0.0064606331288814545,-4.520757631549443e-19,0.0065368846990168095,-23.769004927715287,10.562279257923365,-4.520757631549443e-19
342,-23.477352142333984,10.568739891052246,-3.718446969985962,0.0009813038632273674,-0.006459413096308708,0.00014916210784576833,0.006535229738801718,-23.476370838470757,10.562280477955937,-3.718297807878116
343,-22.606613159179688,10.568739891052246,-7.345334053039551,0.0009396146633662283,-0.006455828435719013,0.00029331163386814296,0.006530438549816608,-22.60567354451632,10.562284062616527,-7.345040741405683
344,-21.17922592163086,10.568739891052246,-10.791354179382324,0.0008729393011890352,-0.006449895910918713,0.0004280560533516109,0.006522760726511478,-21.17835298232967,10.562289995141327,-10.790926123328973
345,-19.23033332824707,10.568739891052246,-13.971654891967773,0.0007855072035454214,-0.006442320998758078,0.0005505590816028416,0.006513343192636967,-19.229547821043525,10.562297570053488,-13.97110433288617
346,-16.80792808532715,10.568739891052246,-16.80792808532715,0.0006820203270763159,-0.006434240844100714,0.0006596700986847281,0.006503827404230833,-16.807246065000072,10.562305650208145,-16.807268415228464
347,-13.971654891967773,10.568739891052246,-19.23033332824707,0.0005651448154821992,-0.006425447296351194,0.0007538326899521053,0.006494153290987015,-13.971089747152291,10.562314443755895,-19.229579495557118
348,-10.791354179382324,10.568739891052246,-21.17922592163086,0.00043713630293495953,-0.006416081450879574,0.0008315672748722136,0.006484496407210827,-10.79091704307939,10.562323809601367,-21.178394354355987
349,-7.345334053039551,10.568739891052246,-22.606613159179688,0.0003004981845151633,-0.006407390348613262,0.0008919995743781328,0.00647615734487772,-7.345033554855036,10.562332500703633,-22.60572115960531
350,-3.718446969985962,10.568739891052246,-23.477352142333984,0.0001571004540892318,-0.00639960216358304,0.000932635273784399,0.006469110958278179,-3.7182898695318727,10.562340288888663,-23.4764195070602
351,-0.0,10.568739891052246,-23.770000457763672,9.47393800743157e-06,-0.006392635405063629,0.0009506548522040248,0.0064629423432052135,9.47393800743157e-06,10.562347255647182,-23.769049802911468
352,3.718446969985962,10.568739891052246,-23.477352142333984,-0.00013884798681829125,-0.006386732682585716,0.0009444875176995993,0.006457684561610222,3.7183081219991436,10.56235315836966,-23.476407654816285
353,7.345334053039551,10.568739891052246,-22.606613159179688,-0.00028377262060530484,-0.006381608545780182,0.0009132102131843567,0.006452860310673714,7.3450502804189455,10.562358282506466,-22.605699948966503
354,10.791354179382324,10.568739891052246,-21.17922592163086,-0.0004208881873637438,-0.006376619916409254,0.0008569296915084124,0.006447694264352322,10.79093329119496,10.562363271135837,-21.17836899193935
355,13.971654891967773,10.568739891052246,-19.23033332824707,-0.0005460340180434287,-0.006371344439685345,0.0007773141260258853,0.0064417701214551926,13.97110885794973,10.56236854661256,-19.229556014121044
356,16.80792808532715,10.568739891052246,-16.80792808532715,-0.0006558987661264837,-0.00636583985760808,0.0006774028297513723,0.006435292772948742,16.807272186561022,10.562374051194638,-16.807250682497397
357,19.23033332824707,10.568739891052246,-13.971654891967773,-0.0007482577348127961,-0.0063605839386582375,0.000560948858037591,0.006428963970392942,19.229585070512258,10.562379307113588,-13.971093943109736
358,21.17922592163086,10.568739891052246,-10.791354179382324,-0.0008217145223170519,-0.006356161553412676,0.00043169903801754117,0.006423579063266516,21.178404207108542,10.562383729498833,-10.790922480344307
359,22.606613159179688,10.568739891052246,-7.345334053039551,-0.0008752256399020553,-0.006352958735078573,0.00029304373310878873,0.006419655866920948,22.605737933539785,10.562386932317168,-7.345041009306442
360,23.477352142333984,10.568739891052246,-3.718446969985962,-0.0009078434086404741,-0.006351080257445574,0.00014811013534199446,0.006417346652597189,23.476444298925344,10.5623888107948,-3.71829885985062
361,22.594999313354492,12.660958290100098,0.0,-0.0008312879363074899,-0.0063456944189965725,7.083499654039794e-19,0.006399912294000387,22.594168025418185,12.654612595681101,7.083499654039794e-19
362,22.316818237304688,12.660958290100098,3.534636974334717,-0.0008213670807890594,-0.006346291396766901,-0.0001349533995380625,0.006400646176189184,22.3159968702239,12.65461199870333,3.5345020209351787
363,21.48912239074707,12.660958290100098,6.98223876953125,-0.000791915284935385,-0.006348143331706524,-0.00026703780167736113,0.006402918137609959,21.488330475462135,12.654610146768391,6.981971731729573
364,20.132291793823242,12.660958290100098,10.257914543151855,-0.0007437136955559254,-0.0063513508066535,-0.0003935117565561086,0.006406841799616814,20.131548080127686,12.654606939293444,10.2575210313953
365,18.279739379882812,12.660958290100098,13.281007766723633,-0.0006776978843845427,-0.006355874240398407,-0.0005116827669553459,0.00641234964132309,18.279061681998428,12.6546024158597,13.280496083956677
366,15.977078437805176,12.660958290100098,15.977078437805176,-0.000594767858274281,-0.006361374631524086,-0.0006186112877912819,0.00641899649053812,15.976483669946902,12.654596915468574,15.976459826517384
367,13.281007766723633,12.660958290100098,18.279739379882812,-0.0004959528450854123,-0.006367208436131477,-0.0007108302088454366,0.006425931584089994,13.280511813878547,12.654591081663966,18.279028549673967
368,10.257914543151855,12.660958290100098,20.132291793823242,-0.00038292258977890015,-0.006372632924467325,-0.0007844358333386481,0.006432139780372381,10.257531620562077,12.65458565717563,20.131507357989904
369,6.98223876953125,12.660958290100098,21.48912239074707,-0.00025849416851997375,-0.006377127952873707,-0.0008357274928130209,0.006436848547309637,6.98198027536273,12.654581162147224,21.488286663254257
370,3.534636974334717,12.660958290100098,22.316818237304688,-0.0001267116895178333,-0.006380630657076836,-0.0008621781598776579,0.006439864169806242,3.534510262645199,12.65457765944302,22.31595605914481
371,0.0,12.660958290100098,22.594999313354492,7.683574949624017e-06,-0.006383561063557863,-0.0008632962708361447,0.006441676057875156,7.683574949624017e-06,12.65457472903654,22.594136017083656
372,-3.534636974334717,12.660958290100098,22.316818237304688,0.00014021917013451457,-0.006386543624103069,-0.0008407112909480929,0.006443166173994541,-3.5344967551645823,12.654571746475995,22.31597752601374
373,-6.98223876953125,12.660958290100098,21.48912239074707,0.0002675189753063023,-0.006390213966369629,-0.0007976723136380315,0.00644536130130291,-6.981971250555944,12.654568076133728,21.488324718433432
374,-10.257914543151855,12.660958290100098,20.132291793823242,0.00038795091677457094,-0.006395505275577307,-0.0007386448560282588,0.006449696607887745,-10.257526592235081,12.65456278482452,20.131553148967214
375,-13.281007766723633,12.660958290100098,18.279739379882812,0.0005011831526644528,-0.006402879487723112,-0.0006668813293799758,0.006456994917243719,-13.280506583570968,12.654555410612375,18.279072498553433
376,-15.977078437805176,12.660958290100098,15.977078437805176,0.0006062398897483945,-0.006411714479327202,-0.0005831305752508342,0.006466656923294067,-15.976472197915427,12.65454657562077,15.976495307229925
377,-18.279739379882812,12.660958290100098,13.281007766723633,0.0007018077303655446,-0.006421707104891539,-0.00048799117212183774,0.0064783478155732155,-18.279037572152447,12.654536582995206,13.280519775551511
378,-20.132291793823242,12.660958290100098,10.257914543151855,0.0007854977739043534,-0.0064323218539357185,-0.0003814068913925439,0.006491320673376322,-20.131506296049338,12.654525968246162,10.257533136260463
379,-21.48912239074707,12.660958290100098,6.98223876953125,0.0008517758105881512,-0.0064416746608912945,-0.0002629094524309039,0.006503061857074499,-21.488270614936482,12.654516615439206,6.981975860078819
380,-22.316818237304688,12.660958290100098,3.534636974334717,0.0008945141453295946,-0.006447992287576199,-0.00013433818821795285,0.006511129438877106,-22.315923723159358,12.654510297812521,3.534502636146499
381,-22.594999313354492,12.660958290100098,0.0,0.0009093436528928578,-0.00645024236291647,-3.5743702114638084e-19,0.00651402585208416,-22.5940899697016,12.654508047737181,-3.5743702114638084e-19
382,-22.316818237304688,12.660958290100098,-3.534636974334717,0.0008945141453295946,-0.006447992287576199,0.00013433818821795285,0.006511129438877106,-22.315923723159358,12.654510297812521,-3.534502636146499
383,-21.48912239074707,12.660958290100098,-6.98223876953125,0.0008517758105881512,-0.0064416746608912945,0.0002629094524309039,0.006503061857074499,-21.488270614936482,12.654516615439206,-6.981975860078819
384,-20.132291793823242,12.660958290100098,-10.257914543151855,0.0007854977739043534,-0.0064323218539357185,0.0003814068913925439,0.006491320673376322,-20.131506296049338,12.654525968246162,-10.257533136260463
385,-18.279739379882812,12.660958290100098,-13.281007766723633,0.0007018077303655446,-0.006421707104891539,0.00048799117212183774,0.0064783478155732155,-18.279037572152447,12.654536582995206,-13.280519775551511
386,-15.977078437805176,12.660958290100098,-15.977078437805176,0.0006062398897483945,-0.006411714479327202,0.0005831305752508342,0.006466656923294067,-15.976472197915427,12.65454657562077,-15.976495307229925
387,-13.281007766723633,12.660958290100098,-18.279739379882812,0.0005011831526644528,-0.006402879487723112,0.0006668813293799758,0.006456994917243719,-13.280506583570968,12.654555410612375,-18.279072498553433
388,-10.257914543151855,12.660958290100098,-20.132291793823242,0.00038795091677457094,-0.006395505275577307,0.0007386448560282588,0.006449696607887745,-10.257526592235081,12.65456278482452,-20.131553148967214
389,-6.98223876953125,12.660958290100098,-21.48912239074707,0.0002675189753063023,-0.006390213966369629,0.0007976723136380315,0.00644536130130291,-6.981971250555944,12.654568076133728,-21.488324718433432
390,-3.534636974334717,12.660958290100098,-22.316818237304688,0.00014021917013451457,-0.006386543624103069,0.0008407112909480929,0.006443166173994541,-3.5344967551645823,12.654571746475995,-22.31597752601374
391,-0.0,12.660958290100098,-22.594999313354492,7.683574949624017e-06,-0.006383561063557863,0.0008632962708361447,0.006441676057875156,7.683574949624017e-06,12.65457472903654,-22.594136017083656
392,3.534636974334717,12.660958290100098,-22.316818237304688,-0.0001267116895178333,-0.006380630657076836,0.0008621781598776579,0.006439864169806242,3.534510262645199,12.65457765944302,-22.31595605914481
393,6.98223876953125,12.660958290100098,-21.48912239074707,-0.00025849416851997375,-0.006377127952873707,0.0008357274928130209,0.006436848547309637,6.98198027536273,12.654581162147224,-21.488286663254257
394,10.257914543151855,12.660958290100098,-20.132291793823242,-0.00038292258977890015,-0.006372632924467325,0.0007844358333386481,0.006432139780372381,10.257531620562077,12.65458565717563,-20.131507357989904
395,13.281007766723633,12.660958290100098,-18.279739379882812,-0.0004959528450854123,-0.006367208436131477,0.0007108302088454366,0.006425931584089994,13.280511813878547,12.654591081663966,-18.279028549673967
396,15.977078437805176,12.660958290100098,-15.977078437805176,-0.000594767858274281,-0.006361374631524086,0.0006186112877912819,0.00641899649053812,15.976483669946902,12.654596915468574,-15.976459826517384
397,18.279739379882812,12.660958290100098,-13.281007766723633,-0.0006776978843845427,-0.006355874240398407,0.0005116827669553459,0.00641234964132309,18.279061681998428,12.6546024158597,-13.280496083956677
398,20.132291793823242,12.660958290100098,-10.257914543151855,-0.0007437136955559254,-0.0063513508066535,0.0003935117565561086,0.006406841799616814,20.131548080127686,12.654606939293444,-10.2575210313953
399,21.48912239074707,12.660958290100098,-6.98223876953125,-0.000791915284935385,-0.006348143331706524,0.00026703780167736113,0.006402918137609959,21.488330475462135,12.654610146768391,-6.981971731729573
400,22.316818237304688,12.660958290100098,-3.534636974334717,-0.0008213670807890594,-0.006346291396766901,0.0001349533995380625,0.006400646176189184,22.3159968702239,12.65461199870333,-3.5345020209351787
401,21.420000076293945,14.75317668914795,0.0,-0.0006126726511865854,-0.0062635247595608234,3.460793660469332e-19,0.006293417885899544,21.41938740364276,14.746913164388388,3.460793660469332e-19
402,21.15628433227539,14.75317668914795,3.3508260250091553,-0.000605506997089833,-0.0062641724944114685,-0.00010140558879356831,0.0062941862270236015,21.1556788252783,14.746912516653538,3.3507246194203617
403,20.371631622314453,14.75317668914795,6.619143962860107,-0.0005842061364091933,-0.006266152951866388,-0.00020084698917344213,0.006296531297266483,20.371047416178044,14.746910536196083,6.618943115870934
404,19.085359573364258,14.75317668914795,9.72447681427002,-0.0005492744967341423,-0.006269523408263922,-0.00029642690788023174,0.006300515495240688,19.084810298867524,14.746907165739685,9.72418038736214
405,17.329143524169922,14.75317668914795,12.590359687805176,-0.0005013152258470654,-0.006274237763136625,-0.0003862451412715018,0.006306073162704706,17.328642208944075,14.746902451384813,12.589973442663904
406,15.14622688293457,14.75317668914795,15.14622688293457,-0.00044086758862249553,-0.0062800077721476555,-0.00046815036330372095,0.006312846206128597,15.145786015345948,14.746896681375802,15.145758732571267
407,12.590359687805176,14.75317668914795,17.329143524169922,-0.0003684792900457978,-0.006286246702075005,-0.0005394289037212729,0.006320099346339703,12.58999120851513,14.746890442445874,17.3286040952662
408,9.72447681427002,14.75317668914795,19.085359573364258,-0.00028508284594863653,-0.006292149890214205,-0.0005966988974250853,0.006326805800199509,9.724191731424071,14.746884539257735,19.084762874466833
409,6.619143962860107,14.75317668914795,20.371631622314453,-0.0001925394026329741,-0.006296924781054258,-0.0006363046704791486,0.006331920623779297,6.6189514234574744,14.746879764366895,20.370995317643974
410,3.3508260250091553,14.75317668914795,21.15628433227539,-9.396384848514572e-05,-0.0063000931404531,-0.0006553043494932353,0.006334779318422079,3.35073206116067,14.746876596007496,21.155629027925897
411,0.0,14.75317668914795,21.420000076293945,6.56831025480642e-06,-0.0063017792999744415,-0.0006527964724227786,0.00633550388738513,6.56831025480642e-06,14.746874909847975,21.419347279821523
412,-3.3508260250091553,14.75317668914795,21.15628433227539,0.00010507371189305559,-0.006302758120000362,-0.0006306259310804307,0.006335099693387747,-3.350720951297262,14.746873931027949,21.15565370634431
413,-6.619143962860107,14.75317668914795,20.371631622314453,0.000198907611775212,-0.006304252427071333,-0.0005928804748691618,0.006335192825645208,-6.618945055248332,14.746872436720878,20.371038741839584
414,-9.72447681427002,14.75317668914795,19.085359573364258,0.00028751359786838293,-0.006307688076049089,-0.0005446455324999988,0.0063376836478710175,-9.724189300672151,14.7468690010719,19.084814927831758
415,-12.590359687805176,14.75317668914795,17.329143524169922,0.0003714975609909743,-0.006313844118267298,-0.0004892176948487759,0.0063436562195420265,-12.589988190244185,14.746862845029682,17.328654306475073
416,-15.14622688293457,14.75317668914795,15.14622688293457,0.00045086664613336325,-0.006322439759969711,-0.0004270094505045563,0.0063528623431921005,-15.145776016288437,14.74685424938798,15.145799873484066
417,-17.329143524169922,14.75317668914795,12.590359687805176,0.0005252939881756902,-0.006333105731755495,-0.000357865821570158,0.006364922039210796,-17.328618230181746,14.746843583416194,12.590001821983606
418,-19.085359573364258,14.75317668914795,9.72447681427002,0.0005929562612436712,-0.006344994530081749,-0.00028096410096623003,0.0063788313418626785,-19.084766617103014,14.746831694617867,9.724195850169053
419,-20.371631622314453,14.75317668914795,6.619143962860107,0.0006485312478616834,-0.0063559808768332005,-0.00019483322103042156,0.006391951348632574,-20.37098309106659,14.746820708271116,6.618949129639077
420,-21.15628433227539,14.75317668914795,3.3508260250091553,0.0006854029488749802,-0.0063637178391218185,-0.00010003553325077519,0.006401303689926863,-21.155598929326516,14.746812971308827,3.3507259894759045
421,-21.420000076293945,14.75317668914795,0.0,0.0006983888451941311,-0.006366518326103687,1.055516388947475e-19,0.0064047095365822315,-21.41930168744875,14.746810170821846,1.055516388947475e-19
422,-21.15628433227539,14.75317668914795,-3.3508260250091553,0.0006854029488749802,-0.0063637178391218185,0.00010003553325077519,0.006401303689926863,-21.155598929326516,14.746812971308827,-3.3507259894759045
423,-20.371631622314453,14.75317668914795,-6.619143962860107,0.0006485312478616834,-0.0063559808768332005,0.00019483322103042156,0.006391951348632574,-20.37098309106659,14.746820708271116,-6.618949129639077
424,-19.085359573364258,14.75317668914795,-9.72447681427002,0.0005929562612436712,-0.006344994530081749,0.00028096410096623003,0.0063788313418626785,-19.084766617103014,14.746831694617867,-9.724195850169053
425,-17.329143524169922,14.75317668914795,-12.590359687805176,0.0005252939881756902,-0.006333105731755495,0.000357865821570158,0.006364922039210796,-17.328618230181746,14.746843583416194,-12.590001821983606
426,-15.14622688293457,14.75317668914795,-15.14622688293457,0.00045086664613336325,-0.006322439759969711,0.0004270094505045563,0.0063528623431921005,-15.145776016288437,14.74685424938798,-15.145799873484066
427,-12.590359687805176,14.75317668914795,-17.329143524169922,0.0003714975609909743,-0.006313844118267298,0.0004892176948487759,0.0063436562195420265,-12.589988190244185,14.746862845029682,-17.328654306475073
428,-9.72447681427002,14.75317668914795,-19.085359573364258,0.00028751359786838293,-0.006307688076049089,0.0005446455324999988,0.0063376836478710175,-9.724189300672151,14.7468690010719,-19.084814927831758
429,-6.619143962860107,14.75317668914795,-20.371631622314453,0.000198907611775212,-0.006304252427071333,0.0005928804748691618,0.006335192825645208,-6.618945055248332,14.746872436720878,-20.371038741839584
430,-3.3508260250091553,14.75317668914795,-21.15628433227539,0.00010507371189305559,-0.006302758120000362,0.0006306259310804307,0.006335099693387747,-3.350720951297262,14.746873931027949,-21.15565370634431
431,-0.0,14.75317668914795,-21.420000076293945,6.56831025480642e-06,-0.0063017792999744415,0.0006527964724227786,0.00633550388738513,6.56831025480642e-06,14.746874909847975,-21.419347279821523
432,3.3508260250091553,14.75317668914795,-21.15628433227539,-9.396384848514572e-05,-0.0063000931404531,0.0006553043494932353,0.006334779318422079,3.35073206116067,14.746876596007496,-21.155629027925897
433,6.619143962860107,14.75317668914795,-20.371631622314453,-0.0001925394026329741,-0.006296924781054258,0.0006363046704791486,0.006331920623779297,6.6189514234574744,14.746879764366895,-20.370995317643974
434,9.72447681427002,14.75317668914795,-19.085359573364258,-0.00028508284594863653,-0.006292149890214205,0.0005966988974250853,0.006326805800199509,9.724191731424071,14.746884539257735,-19.084762874466833
435,12.590359687805176,14.75317668914795,-17.329143524169922,-0.0003684792900457978,-0.006286246702075005,0.0005394289037212729,0.006320099346339703,12.58999120851513,14.746890442445874,-17.3286040952662
436,15.14622688293457,14.75317668914795,-15.14622688293457,-0.00044086758862249553,-0.0062800077721476555,0.00046815036330372095,0.006312846206128597,15.145786015345948,14.746896681375802,-15.145758732571267
437,17.329143524169922,14.75317668914795,-12.590359687805176,-0.0005013152258470654,-0.006274237763136625,0.0003862451412715018,0.006306073162704706,17.328642208944075,14.746902451384813,-12.589973442663904
438,19.085359573364258,14.75317668914795,-9.72447681427002,-0.0005492744967341423,-0.006269523408263922,0.00029642690788023174,0.006300515495240688,19.084810298867524,14.746907165739685,-9.72418038736214
439,20.371631622314453,14.75317668914795,-6.619143962860107,-0.0005842061364091933,-0.006266152951866388,0.00020084698917344213,0.006296531297266483,20.371047416178044,14.746910536196083,-6.618943115870934
440,21.15628433227539,14.75317668914795,-3.3508260250091553,-0.000605506997089833,-0.0062641724944114685,0.00010140558879356831,0.0062941862270236015,21.1556788252783,14.746912516653538,-3.3507246194203617
441,20.78499984741211,17.503177642822266,0.0,-0.00022301536228042096,-0.006216764450073242,1.6823263921588833e-19,0.006220763083547354,20.78477683204983,17.496960878372192,1.6823263921588833e-19
442,20.529102325439453,17.503177642822266,3.2514901161193848,-0.00022092051221989095,-0.006217446178197861,-4.0866387280402705e-05,0.00622150395065546,20.528881404927233,17.496960196644068,3.2514492497321044
443,19.767709732055664,17.503177642822266,6.42291784286499,-0.0002145929611288011,-0.006219503469765186,-8.147733024088666e-05,0.006223737727850676,19.767495139094535,17.4969581393525,6.422836365534749
444,18.51957130432129,17.503177642822266,9.436193466186523,-0.00020392301667016,-0.006222948431968689,-0.00012152735143899918,0.00622747465968132,18.51936738130462,17.496954694390297,9.436071938835084
445,16.815418243408203,17.503177642822266,12.217116355895996,-0.00018872831424232572,-0.006227710749953985,-0.00016060184861999005,0.00623263930901885,16.81522951509396,17.49694993207231,12.216955754047376
446,14.697214126586914,17.503177642822266,14.697214126586914,-0.0001686998875811696,-0.0062335398979485035,-0.00019803596660494804,0.006238965783268213,14.697045426699333,17.496944102924317,14.69701609062031
447,12.217116355895996,17.503177642822266,16.815418243408203,-0.0001433719153283164,-0.0062399390153586864,-0.00023263265029527247,0.00624591950327158,12.216972983980668,17.496937703806907,16.815185610757908
448,9.436193466186523,17.503177642822266,18.51957130432129,-0.00011228754738112912,-0.006246184464544058,-0.0002623113105073571,0.006252698600292206,9.436081178639142,17.49693145835772,18.51930899301078
449,6.42291784286499,17.503177642822266,19.767709732055664,-7.550172449555248e-05,-0.006251469720155001,-0.0002840456727426499,0.006258375011384487,6.422842341140495,17.49692617310211,19.76742568638292
450,3.2514901161193848,17.503177642822266,20.529102325439453,-3.424138776608743e-05,-0.006255181040614843,-0.00029457511845976114,0.0062622069381177425,3.2514558747316187,17.49692246178165,20.528807750320993
451,0.0,17.503177642822266,20.78499984741211,8.907999472285155e-06,-0.006257237866520882,-0.00029200073913671076,0.006264053750783205,8.907999472285155e-06,17.496920404955745,20.784707846672973
452,-3.2514901161193848,17.503177642822266,20.529102325439453,5.089232945465483e-05,-0.006258279550820589,-0.0002772246953099966,0.006264623254537582,-3.25143922378993,17.496919363271445,20.528825100744143
453,-6.42291784286499,17.503177642822266,19.767709732055664,8.97698337212205e-05,-0.006259562447667122,-0.00025411209207959473,0.006265361327677965,-6.422828073031269,17.4969180803746,19.767455619963584
454,-9.436193466186523,17.503177642822266,18.51957130432129,0.00012594288273248821,-0.006262595299631357,-0.00022802036255598068,0.006268010474741459,-9.436067523303791,17.496915047522634,18.519343283958733
455,-12.217116355895996,17.503177642822266,16.815418243408203,0.0001613284257473424,-0.006268287543207407,-0.00020209501963108778,0.006273619364947081,-12.216955027470249,17.496909355279058,16.815216148388572
456,-14.697214126586914,17.503177642822266,14.697214126586914,0.0001970307930605486,-0.006276574917137623,-0.00017612287774682045,0.006282136309891939,-14.697017095793854,17.496901067905128,14.697038003709167
457,-16.815418243408203,17.503177642822266,12.217116355895996,0.00023369524569716305,-0.006287038326263428,-0.0001493415329605341,0.006293152458965778,-16.815184548162506,17.496890604496002,12.216967014363036
458,-18.51957130432129,17.503177642822266,9.436193466186523,0.00027070558280684054,-0.006298672407865524,-0.00011995737440884113,0.00630562799051404,-18.519300598738482,17.4968789704144,9.436073508812115
459,-19.767709732055664,17.503177642822266,6.42291784286499,0.00030362512916326523,-0.0063094100914895535,-8.523378346581012e-05,0.006317286752164364,-19.7674061069265,17.496868232730776,6.422832609081524
460,-20.529102325439453,17.503177642822266,3.2514901161193848,0.0003264441038481891,-0.006316965911537409,-4.4532163883559406e-05,0.006325552240014076,-20.528775881335605,17.496860676910728,3.251445583955501
461,-20.78499984741211,17.503177642822266,0.0,0.0003346349694766104,-0.006319691427052021,6.424406148613633e-20,0.006328545045107603,-20.784665212442633,17.496857951395214,6.424406148613633e-20
462,-20.529102325439453,17.503177642822266,-3.2514901161193848,0.0003264441038481891,-0.006316965911537409,4.4532163883559406e-05,0.006325552240014076,-20.528775881335605,17.496860676910728,-3.251445583955501
463,-19.767709732055664,17.503177642822266,-6.42291784286499,0.00030362512916326523,-0.0063094100914895535,8.523378346581012e-05,0.006317286752164364,-19.7674061069265,17.496868232730776,-6.422832609081524
464,-18.51957130432129,17.503177642822266,-9.436193466186523,0.00027070558280684054,-0.006298672407865524,0.00011995737440884113,0.00630562799051404,-18.519300598738482,17.4968789704144,-9.436073508812115
465,-16.815418243408203,17.503177642822266,-12.217116355895996,0.00023369524569716305,-0.006287038326263428,0.0001493415329605341,0.006293152458965778,-16.815184548162506,17.496890604496002,-12.216967014363036
466,-14.697214126586914,17.503177642822266,-14.697214126586914,0.0001970307930605486,-0.006276574917137623,0.00017612287774682045,0.006282136309891939,-14.697017095793854,17.496901067905128,-14.697038003709167
467,-12.217116355895996,17.503177642822266,-16.815418243408203,0.0001613284257473424,-0.006268287543207407,0.00020209501963108778,0.006273619364947081,-12.216955027470249,17.496909355279058,-16.815216148388572
468,-9.436193466186523,17.503177642822266,-18.51957130432129,0.00012594288273248821,-0.006262595299631357,0.00022802036255598068,0.006268010474741459,-9.436067523303791,17.496915047522634,-18.519343283958733
469,-6.42291784286499,17.503177642822266,-19.767709732055664,8.97698337212205e-05,-0.006259562447667122,0.00025411209207959473,0.006265361327677965,-6.422828073031269,17.4969180803746,-19.767455619963584
470,-3.2514901161193848,17.503177642822266,-20.529102325439453,5.089232945465483e-05,-0.006258279550820589,0.0002772246953099966,0.006264623254537582,-3.25143922378993,17.496919363271445,-20.528825100744143
471,-0.0,17.503177642822266,-20.78499984741211,8.907999472285155e-06,-0.006257237866520882,0.00029200073913671076,0.006264053750783205,8.907999472285155e-06,17.496920404955745,-20.784707846672973
472,3.2514901161193848,17.503177642822266,-20.529102325439453,-3.424138776608743e-05,-0.006255181040614843,0.00029457511845976114,0.0062622069381177425,3.2514558747316187,17.49692246178165,-20.528807750320993
473,6.42291784286499,17.503177642822266,-19.767709732055664,-7.550172449555248e-05,-0.006251469720155001,0.0002840456727426499,0.006258375011384487,6.422842341140495,17.49692617310211,-19.76742568638292
474,9.436193466186523,17.503177642822266,-18.51957130432129,-0.00011228754738112912,-0.006246184464544058,0.0002623113105073571,0.006252698600292206,9.436081178639142,17.49693145835772,-18.51930899301078
475,12.217116355895996,17.503177642822266,-16.815418243408203,-0.0001433719153283164,-0.0062399390153586864,0.00023263265029527247,0.00624591950327158,12.216972983980668,17.496937703806907,-16.815185610757908
476,14.697214126586914,17.503177642822266,-14.697214126586914,-0.0001686998875811696,-0.0062335398979485035,0.00019803596660494804,0.006238965783268213,14.697045426699333,17.496944102924317,-14.69701609062031
477,16.815418243408203,17.503177642822266,-12.217116355895996,-0.00018872831424232572,-0.006227710749953985,0.00016060184861999005,0.00623263930901885,16.81522951509396,17.49694993207231,-12.216955754047376
478,18.51957130432129,17.503177642822266,-9.436193466186523,-0.00020392301667016,-0.006222948431968689,0.00012152735143899918,0.00622747465968132,18.51936738130462,17.496954694390297,-9.436071938835084
479,19.767709732055664,17.503177642822266,-6.42291784286499,-0.0002145929611288011,-0.006219503469765186,8.147733024088666e-05,0.006223737727850676,19.767495139094535,17.4969581393525,-6.422836365534749
480,20.529102325439453,17.503177642822266,-3.2514901161193848,-0.00022092051221989095,-0.006217446178197861,4.0866387280402705e-05,0.00622150395065546,20.528881404927233,17.496960196644068,-3.2514492497321044
481,20.149999618530273,20.253177642822266,0.0,-0.0002270218828925863,-0.00625905767083168,-4.284935418246993e-19,0.006263173650950193,20.14977259664738,20.246918585151434,-4.284935418246993e-19
482,19.901920318603516,20.253177642822266,3.152153968811035,-0.00022483653447125107,-0.006259703077375889,-4.195216024527326e-05,0.006263880059123039,19.901695482069044,20.24691793974489,3.15211201665079
483,19.163789749145508,20.253177642822266,6.226692199707031,-0.00021815430955030024,-0.006261629518121481,-8.356190664926544e-05,0.006265985779464245,19.163571594835958,20.246916013304144,6.226608637800382
484,17.953781127929688,20.253177642822266,9.147909164428711,-0.00020668980141635984,-0.00626479322090745,-0.00012435710232239217,0.006269435398280621,17.95357443812827,20.246912849601358,9.147784807326389
485,16.30169105529785,20.253177642822266,11.843873023986816,-0.00019017650629393756,-0.006269076839089394,-0.0001636962842894718,0.006274096667766571,16.301500878791558,20.246908565983176,11.843709327702527
486,14.248202323913574,20.253177642822266,14.248202323913574,-0.00016846449580043554,-0.0062742349691689014,-0.0002007768489420414,0.006279706489294767,14.248033859417774,20.246903407853097,14.248001547064632
487,11.843873023986816,20.253177642822266,16.30169105529785,-0.00014147511683404446,-0.006279845256358385,-0.00023452192544937134,0.00628581503406167,11.843731548869982,20.246897797565907,16.301456533372402
488,9.147909164428711,20.253177642822266,17.953781127929688,-0.0001091788726625964,-0.006285307928919792,-0.00026328235981054604,0.006291767116636038,9.147799985556048,20.246892334893346,17.953517845569877
489,6.226692199707031,20.253177642822266,19.163789749145508,-7.18594019417651e-05,-0.006289942190051079,-0.0002846202696673572,0.006296788342297077,6.2266203403050895,20.246887700632215,19.16350512887584
490,3.152153968811035,20.253177642822266,19.901920318603516,-3.0631039408035576e-05,-0.006293205078691244,-0.0002956954122055322,0.006300222594290972,3.152123337771627,20.246884437743574,19.90162462319131
491,0.0,20.253177642822266,20.149999618530273,1.2278816939215176e-05,-0.00629498390480876,-0.0002945407759398222,0.006301882676780224,1.2278816939215176e-05,20.246882658917457,20.149705077754334
492,-3.152153968811035,20.253177642822266,19.901920318603516,5.410616722656414e-05,-0.006295799743384123,-0.0002814207400660962,0.006302319001406431,-3.1520998626438086,20.24688184307888,19.90163889786345
493,-6.226692199707031,20.253177642822266,19.163789749145508,9.286331624025479e-05,-0.006296759936958551,-0.0002593495592009276,0.00630278280004859,-6.226599336390791,20.246880882885307,19.163530399586307
494,-9.147909164428711,20.253177642822266,17.953781127929688,0.00012865393364336342,-0.006299244239926338,-0.00023326912196353078,0.006304874550551176,-9.147780510495068,20.24687839858234,17.953547858807724
495,-11.843873023986816,20.253177642822266,16.30169105529785,0.00016309261263813823,-0.006304280366748571,-0.00020666806085500866,0.006309775169938803,-11.843709931374178,20.246873362455517,16.301484387236997
496,-14.248202323913574,20.253177642822266,14.248202323913574,0.00019729194173123688,-0.006312069483101368,-0.0001797800068743527,0.006317710038274527,-14.248005031971843,20.246865573339164,14.2480225439067
497,-16.30169105529785,20.253177642822266,11.843873023986816,0.00023179272830020636,-0.0063220723532140255,-0.00015175614680629224,0.006328139919787645,-16.30145926256955,20.24685557046905,11.84372126784001
498,-17.953781127929688,20.253177642822266,9.147909164428711,0.0002655519056133926,-0.006332995370030403,-0.00012091780081391335,0.006339713931083679,-17.953515576024074,20.246844647452235,9.147788246627897
499,-19.163789749145508,20.253177642822266,6.226692199707031,0.000294467929052189,-0.006342878099530935,-8.510333282174543e-05,0.006350280251353979,-19.163495281216456,20.246834764722735,6.2266070963742095
500,-19.901920318603516,20.253177642822266,3.152153968811035,0.0003138864994980395,-0.006349751725792885,-4.4119216909166425e-05,0.006357658188790083,-19.901606432104018,20.246827891096473,3.152109849594126
501,-20.149999618530273,20.253177642822266,0.0,0.0003207401605322957,-0.0063522146083414555,4.558553064700639e-19,0.006360306870192289,-20.14967887836974,20.246825428213924,4.558553064700639e-19
502,-19.901920318603516,20.253177642822266,-3.152153968811035,0.0003138864994980395,-0.006349751725792885,4.4119216909166425e-05,0.006357658188790083,-19.901606432104018,20.246827891096473,-3.152109849594126
503,-19.163789749145508,20.253177642822266,-6.226692199707031,0.000294467929052189,-0.006342878099530935,8.510333282174543e-05,0.006350280251353979,-19.163495281216456,20.246834764722735,-6.2266070963742095
504,-17.953781127929688,20.253177642822266,-9.147909164428711,0.0002655519056133926,-0.006332995370030403,0.00012091780081391335,0.006339713931083679,-17.953515576024074,20.246844647452235,-9.147788246627897
505,-16.30169105529785,20.253177642822266,-11.843873023986816,0.00023179272830020636,-0.0063220723532140255,0.00015175614680629224,0.006328139919787645,-16.30145926256955,20.24685557046905,-11.84372126784001
506,-14.248202323913574,20.253177642822266,-14.248202323913574,0.00019729194173123688,-0.006312069483101368,0.0001797800068743527,0.006317710038274527,-14.248005031971843,20.246865573339164,-14.2480225439067
507,-11.843873023986816,20.253177642822266,-16.30169105529785,0.00016309261263813823,-0.006304280366748571,0.00020666806085500866,0.006309775169938803,-11.843709931374178,20.246873362455517,-16.301484387236997
508,-9.147909164428711,20.253177642822266,-17.953781127929688,0.00012865393364336342,-0.006299244239926338,0.00023326912196353078,0.006304874550551176,-9.147780510495068,20.24687839858234,-17.953547858807724
509,-6.226692199707031,20.253177642822266,-19.163789749145508,9.286331624025479e-05,-0.006296759936958551,0.0002593495592009276,0.00630278280004859,-6.226599336390791,20.246880882885307,-19.163530399586307
510,-3.152153968811035,20.253177642822266,-19.901920318603516,5.410616722656414e-05,-0.006295799743384123,0.0002814207400660962,0.006302319001406431,-3.1520998626438086,20.24688184307888,-19.90163889786345
511,-0.0,20.253177642822266,-20.149999618530273,1.2278816939215176e-05,-0.00629498390480876,0.0002945407759398222,0.006301882676780224,1.2278816939215176e-05,20.246882658917457,-20.149705077754334
512,3.152153968811035,20.253177642822266,-19.901920318603516,-3.0631039408035576e-05,-0.006293205078691244,0.0002956954122055322,0.006300222594290972,3.152123337771627,20.246884437743574,-19.90162462319131
513,6.226692199707031,20.253177642822266,-19.163789749145508,-7.18594019417651e-05,-0.006289942190051079,0.0002846202696673572,0.006296788342297077,6.2266203403050895,20.246887700632215,-19.16350512887584
514,9.147909164428711,20.253177642822266,-17.953781127929688,-0.0001091788726625964,-0.006285307928919792,0.00026328235981054604,0.006291767116636038,9.147799985556048,20.246892334893346,-17.953517845569877
515,11.843873023986816,20.253177642822266,-16.30169105529785,-0.00014147511683404446,-0.006279845256358385,0.00023452192544937134,0.00628581503406167,11.843731548869982,20.246897797565907,-16.301456533372402
516,14.248202323913574,20.253177642822266,-14.248202323913574,-0.00016846449580043554,-0.0062742349691689014,0.0002007768489420414,0.006279706489294767,14.248033859417774,20.246903407853097,-14.248001547064632
517,16.30169105529785,20.253177642822266,-11.843873023986816,-0.00019017650629393756,-0.006269076839089394,0.0001636962842894718,0.006274096667766571,16.301500878791558,20.246908565983176,-11.843709327702527
518,17.953781127929688,20.253177642822266,-9.147909164428711,-0.00020668980141635984,-0.00626479322090745,0.00012435710232239217,0.006269435398280621,17.95357443812827,20.246912849601358,-9.147784807326389
519,19.163789749145508,20.253177642822266,-6.226692199707031,-0.00021815430955030024,-0.006261629518121481,8.356190664926544e-05,0.006265985779464245,19.163571594835958,20.246916013304144,-6.226608637800382
520,19.901920318603516,20.253177642822266,-3.152153968811035,-0.00022483653447125107,-0.006259703077375889,4.195216024527326e-05,0.006263880059123039,19.901695482069044,20.24691793974489,-3.15211201665079
521,20.184999465942383,22.022422790527344,0.0,-0.0003568656393326819,-0.006277512293308973,-5.230541669641648e-19,0.0062876478768885136,20.18464260030305,22.016145278234035,-5.230541669641648e-19
522,19.93648910522461,22.022422790527344,3.15762996673584,-0.0003529695386532694,-0.006278136279433966,-6.225874676601961e-05,0.006288358476012945,19.936136135685956,22.01614465424791,3.157567707989074
523,19.19707679748535,22.022422790527344,6.2375078201293945,-0.0003411612124182284,-0.006279998924583197,-0.00012356195657048374,0.006290472578257322,19.196735636272933,22.01614279160276,6.237384258172824
524,17.984966278076172,22.022422790527344,9.163798332214355,-0.0003211974399164319,-0.006283062044531107,-0.00018278247443959117,0.006293921731412411,17.984645080636255,22.016139728482813,9.163615549739916
525,16.330007553100586,22.022422790527344,11.864444732666016,-0.0002929591864813119,-0.0062872134149074554,-0.0002385816042078659,0.006298555061221123,16.329714593914105,22.016135577112436,11.864206151061808
526,14.272950172424316,22.022422790527344,14.272950172424316,-0.0002566418843343854,-0.006292213220149279,-0.00028949123225174844,0.00630409549921751,14.272693530539982,22.016130577307194,14.272660681192065
527,11.864444732666016,22.022422790527344,16.330007553100586,-0.00021277362247928977,-0.006297638639807701,-0.00033397364313714206,0.0063100759871304035,11.864231959043536,22.016125151887536,16.32967357945745
528,9.163798332214355,22.022422790527344,17.984966278076172,-0.00016215446521528065,-0.006302880123257637,-0.0003703400434460491,0.006315832957625389,9.16363617774914,22.016119910404086,17.984595938032726
529,6.2375078201293945,22.022422790527344,19.19707679748535,-0.0001059088681358844,-0.006307240109890699,-0.0003966247895732522,0.006320585496723652,6.237401911261259,22.016115550417453,19.19668017269578
530,3.15762996673584,22.022422790527344,19.93648910522461,-4.5728476834483445e-05,-0.0063101621344685555,-0.00041072964086197317,0.006323680747300386,3.1575842382590054,22.016112628392875,19.936078375583747
531,0.0,22.022422790527344,20.184999465942383,1.594286732142791e-05,-0.006311534438282251,-0.00041117623914033175,0.0063249338418245316,1.594286732142791e-05,22.01611125608906,20.184588289703242
532,-3.15762996673584,22.022422790527344,19.93648910522461,7.626273873029277e-05,-0.006311911623924971,-0.0003980232577305287,0.006324908696115017,-3.1575537039971096,22.01611087890342,19.93609108196688
533,-6.2375078201293945,22.022422790527344,19.19707679748535,0.00013288352056406438,-0.006312467157840729,-0.000373377522919327,0.00632489612326026,-6.2373749366088305,22.016110323369503,19.196703419962432
534,-9.163798332214355,22.022422790527344,17.984966278076172,0.00018509442452341318,-0.006314603611826897,-0.00034131165011785924,0.006326529197394848,-9.163613237789832,22.016108186915517,17.984624966426054
535,-11.864444732666016,22.022422790527344,16.330007553100586,0.0002338801568839699,-0.006319407839328051,-0.00030531379161402583,0.006331100594252348,-11.864210852509132,22.016103382688016,16.329702239308972
536,-14.272950172424316,22.022422790527344,14.272950172424316,0.00028003851184621453,-0.0063272216357290745,-0.00026614608941599727,0.006339005194604397,-14.27267013391247,22.016095568891615,14.2726840263349
537,-16.330007553100586,22.022422790527344,11.864444732666016,0.00032351227127946913,-0.006337445229291916,-0.00022327764600049704,0.0063496241346001625,-16.329684040829306,22.016085345298052,11.864221455020015
538,-17.984966278076172,22.022422790527344,9.163798332214355,0.0003627162368502468,-0.00634861970320344,-0.00017539315740577877,0.006361390929669142,-17.98460356183932,22.01607417082414,9.16362293905695
539,-19.19707679748535,22.022422790527344,6.2375078201293945,0.0003939260495826602,-0.006358752492815256,-0.00012138486636104062,0.006372098810970783,-19.19668287143577,22.01606403803453,6.2373864352630335
540,-19.93648910522461,22.022422790527344,3.15762996673584,0.00041382521158084273,-0.006365827284753323,-6.214211316546425e-05,0.0063795666210353374,-19.93607528001303,22.01605696324259,3.1575678246226744
541,-20.184999465942383,22.022422790527344,0.0,0.0004206690355204046,-0.006368364207446575,4.357886285925635e-19,0.006382243242114782,-20.184578796906862,22.016054426319897,4.357886285925635e-19
542,-19.93648910522461,22.022422790527344,-3.15762996673584,0.00041382521158084273,-0.006365827284753323,6.214211316546425e-05,0.0063795666210353374,-19.93607528001303,22.01605696324259,-3.1575678246226744
543,-19.19707679748535,22.022422790527344,-6.2375078201293945,0.0003939260495826602,-0.006358752492815256,0.00012138486636104062,0.006372098810970783,-19.19668287143577,22.01606403803453,-6.2373864352630335
544,-17.984966278076172,22.022422790527344,-9.163798332214355,0.0003627162368502468,-0.00634861970320344,0.00017539315740577877,0.006361390929669142,-17.98460356183932,22.01607417082414,-9.16362293905695
545,-16.330007553100586,22.022422790527344,-11.864444732666016,0.00032351227127946913,-0.006337445229291916,0.00022327764600049704,0.0063496241346001625,-16.329684040829306,22.016085345298052,-11.864221455020015
546,-14.272950172424316,22.022422790527344,-14.272950172424316,0.00028003851184621453,-0.0063272216357290745,0.00026614608941599727,0.006339005194604397,-14.27267013391247,22.016095568891615,-14.2726840263349
547,-11.864444732666016,22.022422790527344,-16.330007553100586,0.0002338801568839699,-0.006319407839328051,0.00030531379161402583,0.006331100594252348,-11.864210852509132,22.016103382688016,-16.329702239308972
548,-9.163798332214355,22.022422790527344,-17.984966278076172,0.00018509442452341318,-0.006314603611826897,0.00034131165011785924,0.006326529197394848,-9.163613237789832,22.016108186915517,-17.984624966426054
549,-6.2375078201293945,22.022422790527344,-19.19707679748535,0.00013288352056406438,-0.006312467157840729,0.000373377522919327,0.00632489612326026,-6.2373749366088305,22.016110323369503,-19.196703419962432
550,-3.15762996673584,22.022422790527344,-19.93648910522461,7.626273873029277e-05,-0.006311911623924971,0.0003980232577305287,0.006324908696115017,-3.1575537039971096,22.01611087890342,-19.93609108196688
551,-0.0,22.022422790527344,-20.184999465942383,1.594286732142791e-05,-0.006311534438282251,0.00041117623914033175,0.0063249338418245316,1.594286732142791e-05,22.01611125608906,-20.184588289703242
552,3.15762996673584,22.022422790527344,-19.93648910522461,-4.5728476834483445e-05,-0.0063101621344685555,0.00041072964086197317,0.006323680747300386,3.1575842382590054,22.016112628392875,-19.936078375583747
553,6.2375078201293945,22.022422790527344,-19.19707679748535,-0.0001059088681358844,-0.006307240109890699,0.0003966247895732522,0.006320585496723652,6.237401911261259,22.016115550417453,-19.19668017269578
554,9.163798332214355,22.022422790527344,-17.984966278076172,-0.00016215446521528065,-0.006302880123257637,0.0003703400434460491,0.006315832957625389,9.16363617774914,22.016119910404086,-17.984595938032726
555,11.864444732666016,22.022422790527344,-16.330007553100586,-0.00021277362247928977,-0.006297638639807701,0.00033397364313714206,0.0063100759871304035,11.864231959043536,22.016125151887536,-16.32967357945745
556,14.272950172424316,22.022422790527344,-14.272950172424316,-0.0002566418843343854,-0.006292213220149279,0.00028949123225174844,0.00630409549921751,14.272693530539982,22.016130577307194,-14.272660681192065
557,16.330007553100586,22.022422790527344,-11.864444732666016,-0.0002929591864813119,-0.0062872134149074554,0.0002385816042078659,0.006298555061221123,16.329714593914105,22.016135577112436,-11.864206151061808
558,17.984966278076172,22.022422790527344,-9.163798332214355,-0.0003211974399164319,-0.006283062044531107,0.00018278247443959117,0.006293921731412411,17.984645080636255,22.016139728482813,-9.163615549739916
559,19.19707679748535,22.022422790527344,-6.2375078201293945,-0.0003411612124182284,-0.006279998924583197,0.00012356195657048374,0.006290472578257322,19.196735636272933,22.01614279160276,-6.237384258172824
560,19.93648910522461,22.022422790527344,-3.15762996673584,-0.0003529695386532694,-0.006278136279433966,6.225874676601961e-05,0.006288358476012945,19.936136135685956,22.01614465424791,-3.157567707989074
561,20.219999313354492,23.791669845581055,0.0,-0.00026652903761714697,-0.006297570653259754,-1.0140955136443383e-18,0.006303208414465189,20.219732784316875,23.785372274927795,-1.0140955136443383e-18
562,19.971057891845703,23.791669845581055,3.163105010986328,-0.000263738795183599,-0.006298172753304243,-4.8166093620238826e-05,0.006303876172751188,19.97079415305052,23.78537167282775,3.163056844892708
563,19.230363845825195,23.791669845581055,6.248323917388916,-0.0002552022342570126,-0.0062999725341796875,-9.571582631906494e-05,0.006305865477770567,19.23010864359094,23.785369873046875,6.248228201562597
564,18.016151428222656,23.791669845581055,9.179688453674316,-0.00024052735534496605,-0.006302934139966965,-0.000141829252243042,0.006309116259217262,18.01591090086731,23.785366911441088,9.179546624422073
565,16.35832405090332,23.791669845581055,11.885018348693848,-0.00021934993856120855,-0.0063069527968764305,-0.00018539947632234544,0.006313488818705082,16.35810470096476,23.78536289278418,11.884832949217525
566,14.297698974609375,23.791669845581055,14.297698974609375,-0.0001915919128805399,-0.0063117933459579945,-0.0002251059195259586,0.0063187116757035255,14.297507382696494,23.785358052235097,14.297473868689849
567,11.885018348693848,23.791669845581055,16.35832405090332,-0.00015760926180519164,-0.00631703482940793,-0.0002595810510683805,0.006324329879134893,11.884860739432042,23.785352810751647,16.358064469852252
568,9.179688453674316,23.791669845581055,18.016151428222656,-0.00011819669452961534,-0.006322058849036694,-0.00028757250402122736,0.006329699419438839,9.179570256979787,23.785347786732018,18.015863855718635
569,6.248323917388916,23.791669845581055,19.230363845825195,-7.449529221048579e-05,-0.006326150149106979,-0.0003080048190895468,0.006334081757813692,6.2482494220967055,23.785343695431948,19.230055841006106
570,3.163105010986328,23.791669845581055,19.971057891845703,-2.7901172870770097e-05,-0.006328732706606388,-0.0003199530183337629,0.006336876656860113,3.1630771098134574,23.78534111287445,19.97073793882737
571,0.0,23.791669845581055,20.219999313354492,1.9954130038968287e-05,-0.00632968544960022,-0.000322721985867247,0.006337938364595175,1.9954130038968287e-05,23.785340160131454,20.219676591368625
572,-3.163105010986328,23.791669845581055,19.971057891845703,6.727368599968031e-05,-0.006329587195068598,-0.0003160245541948825,0.00633782846853137,-3.1630377373003284,23.785340258385986,19.97074186729151
573,-6.248323917388916,23.791669845581055,19.230363845825195,0.00011234616249566898,-0.006329677067697048,-0.0003003847086802125,0.006337796803563833,-6.24821157122642,23.785340168513358,19.230063461116515
574,-9.179688453674316,23.791669845581055,18.016151428222656,0.00015423989680130035,-0.0063313934952020645,-0.00027775863418355584,0.006339359562844038,-9.179534213777515,23.785338452085853,18.015873669588473
575,-11.885018348693848,23.791669845581055,16.35832405090332,0.00019286251335870475,-0.006335918791592121,-0.00025013956474140286,0.006343786604702473,-11.884825486180489,23.785333926789463,16.35807391133858
576,-14.297698974609375,23.791669845581055,14.297698974609375,0.00022791851370129734,-0.0063437712378799915,-0.00021805141295772046,0.006351608317345381,-14.297471056095674,23.785326074343175,14.297480923196417
577,-16.35832405090332,23.791669845581055,11.885018348693848,0.00025902423658408225,-0.006354276090860367,-0.00018174562137573957,0.006362149957567453,-16.358065026666736,23.785315569490194,11.884836603072472
578,-18.016151428222656,23.791669845581055,9.179688453674316,0.000285276270005852,-0.006365759763866663,-0.00014130496128927916,0.006373715121299028,-18.01586615195265,23.785304085817188,9.179547148713027
579,-19.230363845825195,23.791669845581055,6.248323917388916,0.0003047548816539347,-0.006376178935170174,-9.673663589637727e-05,0.006384190637618303,-19.23005909094354,23.785293666645885,6.24822718075302
580,-19.971057891845703,23.791669845581055,3.163105010986328,0.0003163978108204901,-0.006383470259606838,-4.9107358790934086e-05,0.0063914950005710125,-19.970741494034883,23.785286375321448,3.163055903627537
581,-20.219999313354492,23.791669845581055,0.0,0.0003202581137884408,-0.006386084947735071,3.7379640476538935e-19,0.006394110154360533,-20.219679055240704,23.78528376063332,3.7379640476538935e-19
582,-19.971057891845703,23.791669845581055,-3.163105010986328,0.0003163978108204901,-0.006383470259606838,4.9107358790934086e-05,0.0063914950005710125,-19.970741494034883,23.785286375321448,-3.163055903627537
583,-19.230363845825195,23.791669845581055,-6.248323917388916,0.0003047548816539347,-0.006376178935170174,9.673663589637727e-05,0.006384190637618303,-19.23005909094354,23.785293666645885,-6.24822718075302
584,-18.016151428222656,23.791669845581055,-9.179688453674316,0.000285276270005852,-0.006365759763866663,0.00014130496128927916,0.006373715121299028,-18.01586615195265,23.785304085817188,-9.179547148713027
585,-16.35832405090332,23.791669845581055,-11.885018348693848,0.00025902423658408225,-0.006354276090860367,0.00018174562137573957,0.006362149957567453,-16.358065026666736,23.785315569490194,-11.884836603072472
586,-14.297698974609375,23.791669845581055,-14.297698974609375,0.00022791851370129734,-0.0063437712378799915,0.00021805141295772046,0.006351608317345381,-14.297471056095674,23.785326074343175,-14.297480923196417
587,-11.885018348693848,23.791669845581055,-16.35832405090332,0.00019286251335870475,-0.006335918791592121,0.00025013956474140286,0.006343786604702473,-11.884825486180489,23.785333926789463,-16.35807391133858
588,-9.179688453674316,23.791669845581055,-18.016151428222656,0.00015423989680130035,-0.0063313934952020645,0.00027775863418355584,0.006339359562844038,-9.179534213777515,23.785338452085853,-18.015873669588473
589,-6.248323917388916,23.791669845581055,-19.230363845825195,0.00011234616249566898,-0.006329677067697048,0.0003003847086802125,0.006337796803563833,-6.24821157122642,23.785340168513358,-19.230063461116515
590,-3.163105010986328,23.791669845581055,-19.971057891845703,6.727368599968031e-05,-0.006329587195068598,0.0003160245541948825,0.00633782846853137,-3.1630377373003284,23.785340258385986,-19.97074186729151
591,-0.0,23.791669845581055,-20.219999313354492,1.9954130038968287e-05,-0.00632968544960022,0.000322721985867247,0.006337938364595175,1.9954130038968287e-05,23.785340160131454,-20.219676591368625
592,3.163105010986328,23.791669845581055,-19.971057891845703,-2.7901172870770097e-05,-0.006328732706606388,0.0003199530183337629,0.006336876656860113,3.1630771098134574,23.78534111287445,-19.97073793882737
593,6.248323917388916,23.791669845581055,-19.230363845825195,-7.449529221048579e-05,-0.006326150149106979,0.0003080048190895468,0.006334081757813692,6.2482494220967055,23.785343695431948,-19.230055841006106
594,9.179688453674316,23.791669845581055,-18.016151428222656,-0.00011819669452961534,-0.006322058849036694,0.00028757250402122736,0.006329699419438839,9.179570256979787,23.785347786732018,-18.015863855718635
595,11.885018348693848,23.791669845581055,-16.35832405090332,-0.00015760926180519164,-0.00631703482940793,0.0002595810510683805,0.006324329879134893,11.884860739432042,23.785352810751647,-16.358064469852252
596,14.297698974609375,23.791669845581055,-14.297698974609375,-0.0001915919128805399,-0.0063117933459579945,0.0002251059195259586,0.0063187116757035255,14.297507382696494,23.785358052235097,-14.297473868689849
597,16.35832405090332,23.791669845581055,-11.885018348693848,-0.00021934993856120855,-0.0063069527968764305,0.00018539947632234544,0.006313488818705082,16.35810470096476,23.78536289278418,-11.884832949217525
598,18.016151428222656,23.791669845581055,-9.179688453674316,-0.00024052735534496605,-0.006302934139966965,0.000141829252243042,0.006309116259217262,18.01591090086731,23.785366911441088,-9.179546624422073
599,19.230363845825195,23.791669845581055,-6.248323917388916,-0.0002552022342570126,-0.0062999725341796875,9.571582631906494e-05,0.006305865477770567,19.23010864359094,23.785369873046875,-6.248228201562597
600,19.971057891845703,23.791669845581055,-3.163105010986328,-0.000263738795183599,-0.006298172753304243,4.8166093620238826e-05,0.006303876172751188,19.97079415305052,23.78537167282775,-3.163056844892708
601,20.899999618530273,26.119089126586914,0.0,-1.1369300409569405e-05,-0.006398139521479607,-7.656313439438757e-19,0.006398149766027927,20.899988249229864,26.112690987065434,-7.656313439438757e-19
602,20.64268684387207,26.119089126586914,3.269479990005493,-1.1816157893917989e-05,-0.006398696452379227,-7.972808816703036e-06,0.006398712284862995,20.642675027714176,26.112690430134535,3.2694720171966765
603,19.8770809173584,26.119089126586914,6.4584550857543945,-1.287439590669237e-05,-0.006400364451110363,-1.6443691492895596e-05,0.0064003984443843365,19.87706804296249,26.112688762135804,6.458438642062902
604,18.62203598022461,26.119089126586914,9.488401412963867,-1.3787771422357764e-05,-0.0064031281508505344,-2.5633487894083373e-05,0.006403194274753332,18.622022192453187,26.112685998436064,9.488375779475973
605,16.90845489501953,26.119089126586914,12.284711837768555,-1.3580626728071366e-05,-0.006406927015632391,-3.531246693455614e-05,0.006407039240002632,16.908441314392803,26.11268219957128,12.28467652530162
606,14.778532028198242,26.119089126586914,14.778532028198242,-1.142216115113115e-05,-0.0064115822315216064,-4.4832104322267696e-05,0.006411748938262463,14.778520606037091,26.112677544355392,14.77848719609392
607,12.284711837768555,26.119089126586914,16.90845489501953,-6.968086836423026e-06,-0.006416675169020891,-5.3423642384586856e-05,0.006416901480406523,12.284704869681718,26.112672451417893,16.908401471377147
608,9.488401412963867,26.119089126586914,18.62203598022461,-4.853205268773308e-07,-0.006421453785151243,-6.068708898965269e-05,0.0064217401668429375,9.48840092764334,26.112667672801763,18.62197529313562
609,6.4584550857543945,26.119089126586914,19.8770809173584,7.411383649014169e-06,-0.006424878723919392,-6.695448973914608e-05,0.006425231695175171,6.4584624971380435,26.112664247862995,19.87701396286866
610,3.269479990005493,26.119089126586914,20.64268684387207,1.6284719094983302e-05,-0.00642593065276742,-7.311899389605969e-05,0.0064263674430549145,3.269496274724588,26.112663195934147,20.642613724878174
611,0.0,26.119089126586914,20.899999618530273,2.622214742586948e-05,-0.006424154154956341,-7.981814997037873e-05,0.006424703169614077,2.622214742586948e-05,26.112664972431958,20.899919800380303
612,-3.269479990005493,26.119089126586914,20.64268684387207,3.7554804293904454e-05,-0.006420232821255922,-8.637480641482398e-05,0.006420923862606287,-3.2694424352011993,26.112668893765658,20.642600469065655
613,-6.4584550857543945,26.119089126586914,19.8770809173584,5.005386265111156e-05,-0.0064160581678152084,-9.085756755666807e-05,0.00641689682379365,-6.458405031891743,26.1126730684191,19.87699005979084
614,-9.488401412963867,26.119089126586914,18.62203598022461,6.26662076683715e-05,-0.0064140805043280125,-9.151634731097147e-05,0.006415039300918579,-9.488338746756199,26.112675046082586,18.6219444638773
615,-12.284711837768555,26.119089126586914,16.90845489501953,7.345158519456163e-05,-0.006416769698262215,-8.665228961035609e-05,0.006417775060981512,-12.28463838618336,26.112672356888652,16.90836824272992
616,-14.778532028198242,26.119089126586914,14.778532028198242,7.960336370160803e-05,-0.006425600964576006,-7.530397124355659e-05,0.006426535546779633,-14.77845242483454,26.112663525622338,14.778456724226999
617,-16.90845489501953,26.119089126586914,12.284711837768555,8.023402915569022e-05,-0.0064394366927444935,-5.975141539238393e-05,0.00644021388143301,-16.908374660990376,26.11264968989417,12.284652086353162
618,-18.62203598022461,26.119089126586914,9.488401412963867,7.706428004894406e-05,-0.006455153226852417,-4.3214953620918095e-05,0.0064557576552033424,-18.62195891594456,26.11263397336006,9.488358198010246
619,-19.8770809173584,26.119089126586914,6.4584550857543945,7.189912139438093e-05,-0.006469493266195059,-2.737241447903216e-05,0.006469950545579195,-19.877009018237004,26.11261963332072,6.4584277133399155
620,-20.64268684387207,26.119089126586914,3.269479990005493,6.706455314997584e-05,-0.006479536648839712,-1.3055007912043948e-05,0.006479897070676088,-20.64261977931892,26.112609589938074,3.269466934997581
621,-20.899999618530273,26.119089126586914,0.0,6.512075924547389e-05,-0.006483135744929314,1.9956951076775601e-19,0.006483463104814291,-20.899934497771028,26.112605990841985,1.9956951076775601e-19
622,-20.64268684387207,26.119089126586914,-3.269479990005493,6.706455314997584e-05,-0.006479536648839712,1.3055007912043948e-05,0.006479897070676088,-20.64261977931892,26.112609589938074,-3.269466934997581
623,-19.8770809173584,26.119089126586914,-6.4584550857543945,7.189912139438093e-05,-0.006469493266195059,2.737241447903216e-05,0.006469950545579195,-19.877009018237004,26.11261963332072,-6.4584277133399155
624,-18.62203598022461,26.119089126586914,-9.488401412963867,7.706428004894406e-05,-0.006455153226852417,4.3214953620918095e-05,0.0064557576552033424,-18.62195891594456,26.11263397336006,-9.488358198010246
625,-16.90845489501953,26.119089126586914,-12.284711837768555,8.023402915569022e-05,-0.0064394366927444935,5.975141539238393e-05,0.00644021388143301,-16.908374660990376,26.11264968989417,-12.284652086353162
626,-14.778532028198242,26.119089126586914,-14.778532028198242,7.960336370160803e-05,-0.006425600964576006,7.530397124355659e-05,0.006426535546779633,-14.77845242483454,26.112663525622338,-14.778456724226999
627,-12.284711837768555,26.119089126586914,-16.90845489501953,7.345158519456163e-05,-0.006416769698262215,8.665228961035609e-05,0.006417775060981512,-12.28463838618336,26.112672356888652,-16.90836824272992
628,-9.488401412963867,26.119089126586914,-18.62203598022461,6.26662076683715e-05,-0.0064140805043280125,9.151634731097147e-05,0.006415039300918579,-9.488338746756199,26.112675046082586,-18.6219444638773
629,-6.4584550857543945,26.119089126586914,-19.8770809173584,5.005386265111156e-05,-0.0064160581678152084,9.085756755666807e-05,0.00641689682379365,-6.458405031891743,26.1126730684191,-19.87699005979084
630,-3.269479990005493,26.119089126586914,-20.64268684387207,3.7554804293904454e-05,-0.006420232821255922,8.637480641482398e-05,0.006420923862606287,-3.2694424352011993,26.112668893765658,-20.642600469065655
631,-0.0,26.119089126586914,-20.899999618530273,2.622214742586948e-05,-0.006424154154956341,7.981814997037873e-05,0.006424703169614077,2.622214742586948e-05,26.112664972431958,-20.899919800380303
632,3.269479990005493,26.119089126586914,-20.64268684387207,1.6284719094983302e-05,-0.00642593065276742,7.311899389605969e-05,0.0064263674430549145,3.269496274724588,26.112663195934147,-20.642613724878174
633,6.4584550857543945,26.119089126586914,-19.8770809173584,7.411383649014169e-06,-0.006424878723919392,6.695448973914608e-05,0.006425231695175171,6.4584624971380435,26.112664247862995,-19.87701396286866
634,9.488401412963867,26.119089126586914,-18.62203598022461,-4.853205268773308e-07,-0.006421453785151243,6.068708898965269e-05,0.0064217401668429375,9.48840092764334,26.112667672801763,-18.62197529313562
635,12.284711837768555,26.119089126586914,-16.90845489501953,-6.968086836423026e-06,-0.006416675169020891,5.3423642384586856e-05,0.006416901480406523,12.284704869681718,26.112672451417893,-16.908401471377147
636,14.778532028198242,26.119089126586914,-14.778532028198242,-1.142216115113115e-05,-0.0064115822315216064,4.4832104322267696e-05,0.006411748938262463,14.778520606037091,26.112677544355392,-14.77848719609392
637,16.90845489501953,26.119089126586914,-12.284711837768555,-1.3580626728071366e-05,-0.006406927015632391,3.531246693455614e-05,0.006407039240002632,16.908441314392803,26.11268219957128,-12.28467652530162
638,18.62203598022461,26.119089126586914,-9.488401412963867,-1.3787771422357764e-05,-0.0064031281508505344,2.5633487894083373e-05,0.006403194274753332,18.622022192453187,26.112685998436064,-9.488375779475973
639,19.8770809173584,26.119089126586914,-6.4584550857543945,-1.287439590669237e-05,-0.006400364451110363,1.6443691492895596e-05,0.0064003984443843365,19.87706804296249,26.112688762135804,-6.458438642062902
640,20.64268684387207,26.119089126586914,-3.269479990005493,-1.1816157893917989e-05,-0.006398696452379227,7.972808816703036e-06,0.006398712284862995,20.642675027714176,26.112690430134535,-3.2694720171966765
641,21.579999923706055,28.446510314941406,0.0,0.00011417835776228458,-0.006460885982960463,-9.919274868182234e-19,0.0064618950709700584,21.580114102063817,28.440049428958446,-9.919274868182234e-19
642,21.314313888549805,28.446510314941406,3.3758559226989746,0.00011227273353142664,-0.006461453624069691,1.2009103556920309e-05,0.006462440360337496,21.314426161283336,28.440048861317337,3.3758679318025315
643,20.523799896240234,28.446510314941406,6.6685872077941895,0.00010687270696507767,-0.006463154684752226,2.3077551304595545e-05,0.006464079488068819,20.5239067689472,28.440047160256654,6.668610285345494
644,19.227920532226562,28.446510314941406,9.797115325927734,9.885757754091173e-05,-0.006465977989137173,3.256109630456194e-05,0.006466815248131752,19.228019389804103,28.44004433695227,9.797147887024039
645,17.458587646484375,28.446510314941406,12.684406280517578,8.942830754676834e-05,-0.006469880696386099,4.031937351101078e-05,0.006470624357461929,17.45867707479192,28.44004043424502,12.68444659989109
646,15.259364128112793,28.446510314941406,15.259364128112793,7.96936874394305e-05,-0.006474694237112999,4.668449400924146e-05,0.006475353147834539,15.259443821800232,28.440035620704293,15.259410812606802
647,12.684406280517578,28.446510314941406,17.458587646484375,7.022218778729439e-05,-0.006479966454207897,5.205132401897572e-05,0.006480555981397629,12.684476502705365,28.4400303484872,17.458639697808394
648,9.797115325927734,28.446510314941406,19.227920532226562,6.087923975428566e-05,-0.006484800484031439,5.616479757009074e-05,0.00648532947525382,9.797176205167489,28.440025514457375,19.227976697024133
649,6.6685872077941895,28.446510314941406,20.523799896240234,5.123192386236042e-05,-0.006487878039479256,5.7585290051065385e-05,0.006488335784524679,6.668638439718052,28.440022436901927,20.523857481530285
650,3.3758559226989746,28.446510314941406,21.314313888549805,4.137364521739073e-05,-0.006487812846899033,5.39874417881947e-05,0.00648816954344511,3.375897296344192,28.440022502094507,21.314367875991593
651,0.0,28.446510314941406,21.579999923706055,3.248188295401633e-05,-0.006483844015747309,4.356304998509586e-05,0.006484071724116802,3.248188295401633e-05,28.44002647092566,21.58004348675604
652,-3.3758559226989746,28.446510314941406,21.314313888549805,2.6332261768402532e-05,-0.0064766681753098965,2.7026093448512256e-05,0.006476778071373701,-3.375829590437206,28.440033646766096,21.314340914643253
653,-6.6685872077941895,28.446510314941406,20.523799896240234,2.3766662707203068e-05,-0.006468676496297121,8.121588507492561e-06,0.006468724925071001,-6.668563441131482,28.44004163844511,20.523808017828742
654,-9.797115325927734,28.446510314941406,19.227920532226562,2.3536147637059912e-05,-0.006463245954364538,-8.145912943291478e-06,0.006463293917477131,-9.797091789780097,28.44004706898704,19.22791238631362
655,-12.684406280517578,28.446510314941406,17.458587646484375,2.153883542632684e-05,-0.006464182864874601,-1.6481812053825706e-05,0.00646424014121294,-12.684384741682152,28.44004613207653,17.45857116467232
656,-15.259364128112793,28.446510314941406,15.259364128112793,1.2159433936176356e-05,-0.006474034395068884,-1.4321077287604567e-05,0.006474061403423548,-15.259351968678857,28.440036280546337,15.259349807035505
657,-17.458587646484375,28.446510314941406,12.684406280517578,-5.891674845770467e-06,-0.00649116700515151,-5.972657618258381e-06,0.006491172593086958,-17.45859353815922,28.440019147936255,12.68440030785996
658,-19.227920532226562,28.446510314941406,9.797115325927734,-2.832768404914532e-05,-0.00651089521124959,1.7788393051887397e-06,0.006510957144200802,-19.22794885991061,28.439999419730157,9.79711710476704
659,-20.523799896240234,28.446510314941406,6.6685872077941895,-4.995449125999585e-05,-0.006528776604682207,5.402343049354386e-06,0.00652896985411644,-20.523849850731494,28.439981538336724,6.668592610137239
660,-21.314313888549805,28.446510314941406,3.3758559226989746,-6.574982398888096e-05,-0.006541200913488865,4.278080723452149e-06,0.006541532464325428,-21.314379638373794,28.439969114027917,3.375860200779698
661,-21.579999923706055,28.446510314941406,0.0,-7.15181085979566e-05,-0.006545628421008587,-1.633608846812491e-20,0.006546019110828638,-21.580071441814653,28.439964686520398,-1.633608846812491e-20
662,-21.314313888549805,28.446510314941406,-3.3758559226989746,-6.574982398888096e-05,-0.006541200913488865,-4.278080723452149e-06,0.006541532464325428,-21.314379638373794,28.439969114027917,-3.375860200779698
663,-20.523799896240234,28.446510314941406,-6.6685872077941895,-4.995449125999585e-05,-0.006528776604682207,-5.402343049354386e-06,0.00652896985411644,-20.523849850731494,28.439981538336724,-6.668592610137239
664,-19.227920532226562,28.446510314941406,-9.797115325927734,-2.832768404914532e-05,-0.00651089521124959,-1.7788393051887397e-06,0.006510957144200802,-19.22794885991061,28.439999419730157,-9.79711710476704
665,-17.458587646484375,28.446510314941406,-12.684406280517578,-5.891674845770467e-06,-0.00649116700515151,5.972657618258381e-06,0.006491172593086958,-17.45859353815922,28.440019147936255,-12.68440030785996
666,-15.259364128112793,28.446510314941406,-15.259364128112793,1.2159433936176356e-05,-0.006474034395068884,1.4321077287604567e-05,0.006474061403423548,-15.259351968678857,28.440036280546337,-15.259349807035505
667,-12.684406280517578,28.446510314941406,-17.458587646484375,2.153883542632684e-05,-0.006464182864874601,1.6481812053825706e-05,0.00646424014121294,-12.684384741682152,28.44004613207653,-17.45857116467232
668,-9.797115325927734,28.446510314941406,-19.227920532226562,2.3536147637059912e-05,-0.006463245954364538,8.145912943291478e-06,0.006463293917477131,-9.797091789780097,28.44004706898704,-19.22791238631362
669,-6.6685872077941895,28.446510314941406,-20.523799896240234,2.3766662707203068e-05,-0.006468676496297121,-8.121588507492561e-06,0.006468724925071001,-6.668563441131482,28.44004163844511,-20.523808017828742
670,-3.3758559226989746,28.446510314941406,-21.314313888549805,2.6332261768402532e-05,-0.0064766681753098965,-2.7026093448512256e-05,0.006476778071373701,-3.375829590437206,28.440033646766096,-21.314340914643253
671,-0.0,28.446510314941406,-21.579999923706055,3.248188295401633e-05,-0.006483844015747309,-4.356304998509586e-05,0.006484071724116802,3.248188295401633e-05,28.44002647092566,-21.58004348675604
672,3.3758559226989746,28.446510314941406,-21.314313888549805,4.137364521739073e-05,-0.006487812846899033,-5.39874417881947e-05,0.00648816954344511,3.375897296344192,28.440022502094507,-21.314367875991593
673,6.6685872077941895,28.446510314941406,-20.523799896240234,5.123192386236042e-05,-0.006487878039479256,-5.7585290051065385e-05,0.006488335784524679,6.668638439718052,28.440022436901927,-20.523857481530285
674,9.797115325927734,28.446510314941406,-19.227920532226562,6.087923975428566e-05,-0.006484800484031439,-5.616479757009074e-05,0.00648532947525382,9.797176205167489,28.440025514457375,-19.227976697024133
675,12.684406280517578,28.446510314941406,-17.458587646484375,7.022218778729439e-05,-0.006479966454207897,-5.205132401897572e-05,0.006480555981397629,12.684476502705365,28.4400303484872,-17.458639697808394
676,15.259364128112793,28.446510314941406,-15.259364128112793,7.96936874394305e-05,-0.006474694237112999,-4.668449400924146e-05,0.006475353147834539,15.259443821800232,28.440035620704293,-15.259410812606802
677,17.458587646484375,28.446510314941406,-12.684406280517578,8.942830754676834e-05,-0.006469880696386099,-4.031937351101078e-05,0.006470624357461929,17.45867707479192,28.44004043424502,-12.68444659989109
678,19.227920532226562,28.446510314941406,-9.797115325927734,9.885757754091173e-05,-0.006465977989137173,-3.256109630456194e-05,0.006466815248131752,19.228019389804103,28.44004433695227,-9.797147887024039
679,20.523799896240234,28.446510314941406,-6.6685872077941895,0.00010687270696507767,-0.006463154684752226,-2.3077551304595545e-05,0.006464079488068819,20.5239067689472,28.440047160256654,-6.668610285345494
680,21.314313888549805,28.446510314941406,-3.3758559226989746,0.00011227273353142664,-0.006461453624069691,-1.2009103556920309e-05,0.006462440360337496,21.314426161283336,28.440048861317337,-3.3758679318025315
681,22.829999923706055,30.839998245239258,0.0,9.69642132986337e-05,-0.006478501483798027,-8.947937354376527e-19,0.0064792269840836525,22.830096887919353,30.83351974375546,-8.947937354376527e-19
682,22.548925399780273,30.839998245239258,3.571398973464966,9.553750714985654e-05,-0.006479236297309399,1.0041278073913418e-05,0.0064799487590789795,22.549020937287423,30.83351900894195,3.5714090147430397
683,21.71261978149414,30.839998245239258,7.054858207702637,9.155118459602818e-05,-0.006481432355940342,1.9375967895030044e-05,0.006482107564806938,21.712711332678737,30.833516812883317,7.054877583670532
684,20.341678619384766,30.839998245239258,10.364603042602539,8.580079884268343e-05,-0.006485061254352331,2.7583528208197095e-05,0.00648568756878376,20.34176442018361,30.833513183984905,10.364630626130747
685,18.469858169555664,30.839998245239258,13.419137001037598,7.930746505735442e-05,-0.006490020547062159,3.4702450648183e-05,0.00649059796705842,18.46993747702072,30.833508224692196,13.419171703488246
686,16.143247604370117,30.839998245239258,16.143247604370117,7.286700565600768e-05,-0.006496013607829809,4.112250462640077e-05,0.006496552377939224,16.143320471375773,30.833502231631428,16.143288726874744
687,13.419137001037598,30.839998245239258,18.469858169555664,6.662550731562078e-05,-0.0065023633651435375,4.707333937403746e-05,0.006502874661237001,13.419203626544913,30.833495881874114,18.469905242895038
688,10.364603042602539,30.839998245239258,20.341678619384766,6.003378439345397e-05,-0.0065078712068498135,5.1854651246685535e-05,0.006508355028927326,10.364663076386933,30.833490374032408,20.341730474036012
689,7.054858207702637,30.839998245239258,21.71261978149414,5.243222040007822e-05,-0.006510881241410971,5.3337942517828196e-05,0.006511311046779156,7.054910639923037,30.833487363997847,21.71267311943666
690,3.571398973464966,30.839998245239258,22.548925399780273,4.4034255552105606e-05,-0.006509691942483187,4.841048939852044e-05,0.006510020699352026,3.571443007720518,30.833488553296775,22.548973810269672
691,0.0,30.839998245239258,22.829999923706055,3.655741238617338e-05,-0.006503307726234198,3.4627570130396634e-05,0.006503502372652292,3.655741238617338e-05,30.833494937513024,22.830034551276185
692,-3.571398973464966,30.839998245239258,22.548925399780273,3.262699829065241e-05,-0.006492409855127335,1.2594758118211757e-05,0.006492504384368658,-3.571366346466675,30.83350583538413,22.54893799453839
693,-7.054858207702637,30.839998245239258,21.71261978149414,3.3682514185784385e-05,-0.0064799850806593895,-1.2694365977949928e-05,0.006480085197836161,-7.054824525188451,30.8335182601586,21.712607087128163
694,-10.364603042602539,30.839998245239258,20.341678619384766,3.784089858527295e-05,-0.006470779422670603,-3.351398481754586e-05,0.006470976863056421,-10.364565201703954,30.833527465816587,20.341645105399948
695,-13.419137001037598,30.839998245239258,18.469858169555664,3.920615199604072e-05,-0.006470177322626114,-4.226444798405282e-05,0.006470434367656708,-13.419097794885602,30.83352806791663,18.46981590510768
696,-16.143247604370117,30.839998245239258,16.143247604370117,3.015951551788021e-05,-0.006481590680778027,-3.623483644332737e-05,0.006481762044131756,-16.1432174448546,30.83351665455848,16.143211369533674
697,-18.469858169555664,30.839998245239258,13.419137001037598,8.37168590805959e-06,-0.00650293193757534,-2.1505415134015493e-05,0.006502972915768623,-18.469849797869756,30.833495313301682,13.419115495622464
698,-20.341678619384766,30.839998245239258,10.364603042602539,-2.0772291463799775e-05,-0.006527988240122795,-7.237116733449511e-06,0.006528025027364492,-20.34169939167623,30.833470256999135,10.364595805485806
699,-21.71261978149414,30.839998245239258,7.054858207702637,-4.9336209485773e-05,-0.006550608202815056,1.1796281569331768e-06,0.006550794001668692,-21.712669117703626,30.833447637036443,7.054859387330794
700,-22.548925399780273,30.839998245239258,3.571398973464966,-6.989420216996223e-05,-0.0065660797990858555,2.7567430151975714e-06,0.006566452328115702,-22.548995293982443,30.833432165440172,3.571401730207981
701,-22.829999923706055,30.839998245239258,0.0,-7.729549543000758e-05,-0.006571526173502207,-3.217797723304516e-19,0.006571980658918619,-22.830077219201485,30.833426719065756,-3.217797723304516e-19
702,-22.548925399780273,30.839998245239258,-3.571398973464966,-6.989420216996223e-05,-0.0065660797990858555,-2.7567430151975714e-06,0.006566452328115702,-22.548995293982443,30.833432165440172,-3.571401730207981
703,-21.71261978149414,30.839998245239258,-7.054858207702637,-4.9336209485773e-05,-0.006550608202815056,-1.1796281569331768e-06,0.006550794001668692,-21.712669117703626,30.833447637036443,-7.054859387330794
704,-20.341678619384766,30.839998245239258,-10.364603042602539,-2.0772291463799775e-05,-0.006527988240122795,7.237116733449511e-06,0.006528025027364492,-20.34169939167623,30.833470256999135,-10.364595805485806
705,-18.469858169555664,30.839998245239258,-13.419137001037598,8.37168590805959e-06,-0.00650293193757534,2.1505415134015493e-05,0.006502972915768623,-18.469849797869756,30.833495313301682,-13.419115495622464
706,-16.143247604370117,30.839998245239258,-16.143247604370117,3.015951551788021e-05,-0.006481590680778027,3.623483644332737e-05,0.006481762044131756,-16.1432174448546,30.83351665455848,-16.143211369533674
707,-13.419137001037598,30.839998245239258,-18.469858169555664,3.920615199604072e-05,-0.006470177322626114,4.226444798405282e-05,0.006470434367656708,-13.419097794885602,30.83352806791663,-18.46981590510768
708,-10.364603042602539,30.839998245239258,-20.341678619384766,3.784089858527295e-05,-0.006470779422670603,3.351398481754586e-05,0.006470976863056421,-10.364565201703954,30.833527465816587,-20.341645105399948
709,-7.054858207702637,30.839998245239258,-21.71261978149414,3.3682514185784385e-05,-0.0064799850806593895,1.2694365977949928e-05,0.006480085197836161,-7.054824525188451,30.8335182601586,-21.712607087128163
710,-3.571398973464966,30.839998245239258,-22.548925399780273,3.262699829065241e-05,-0.006492409855127335,-1.2594758118211757e-05,0.006492504384368658,-3.571366346466675,30.83350583538413,-22.54893799453839
711,-0.0,30.839998245239258,-22.829999923706055,3.655741238617338e-05,-0.006503307726234198,-3.4627570130396634e-05,0.006503502372652292,3.655741238617338e-05,30.833494937513024,-22.830034551276185
712,3.571398973464966,30.839998245239258,-22.548925399780273,4.4034255552105606e-05,-0.006509691942483187,-4.841048939852044e-05,0.006510020699352026,3.571443007720518,30.833488553296775,-22.548973810269672
713,7.054858207702637,30.839998245239258,-21.71261978149414,5.243222040007822e-05,-0.006510881241410971,-5.3337942517828196e-05,0.006511311046779156,7.054910639923037,30.833487363997847,-21.71267311943666
714,10.364603042602539,30.839998245239258,-20.341678619384766,6.003378439345397e-05,-0.0065078712068498135,-5.1854651246685535e-05,0.006508355028927326,10.364663076386933,30.833490374032408,-20.341730474036012
715,13.419137001037598,30.839998245239258,-18.469858169555664,6.662550731562078e-05,-0.0065023633651435375,-4.707333937403746e-05,0.006502874661237001,13.419203626544913,30.833495881874114,-18.469905242895038
716,16.143247604370117,30.839998245239258,-16.143247604370117,7.286700565600768e-05,-0.006496013607829809,-4.112250462640077e-05,0.006496552377939224,16.143320471375773,30.833502231631428,-16.143288726874744
717,18.469858169555664,30.839998245239258,-13.419137001037598,7.930746505735442e-05,-0.006490020547062159,-3.4702450648183e-05,0.00649059796705842,18.46993747702072,30.833508224692196,-13.419171703488246
718,20.341678619384766,30.839998245239258,-10.364603042602539,8.580079884268343e-05,-0.006485061254352331,-2.7583528208197095e-05,0.00648568756878376,20.34176442018361,30.833513183984905,-10.364630626130747
719,21.71261978149414,30.839998245239258,-7.054858207702637,9.155118459602818e-05,-0.006481432355940342,-1.9375967895030044e-05,0.006482107564806938,21.712711332678737,30.833516812883317,-7.054877583670532
720,22.548925399780273,30.839998245239258,-3.571398973464966,9.553750714985654e-05,-0.006479236297309399,-1.0041278073913418e-05,0.0064799487590789795,22.549020937287423,30.83351900894195,-3.5714090147430397
721,24.079999923706055,33.233489990234375,0.0,0.0001562358665978536,-0.0065294490195810795,-1.3772313180727208e-18,0.0065313177183270454,24.080156159572653,33.226960541214794,-1.3772313180727208e-18
722,23.78353500366211,33.233489990234375,3.766942024230957,0.00015440885908901691,-0.006530399434268475,2.0181896616122685e-05,0.0065322560258209705,23.7836894125212,33.22695959080011,3.766962206127573
723,22.90144157409668,33.233489990234375,7.441129207611084,0.00014917258522473276,-0.0065332199446856976,3.965231007896364e-05,0.006535043008625507,22.901590746681904,33.22695677028969,7.441168859921163
724,21.45543670654297,33.233489990234375,10.932090759277344,0.0001411571865901351,-0.006537786219269037,5.79101215407718e-05,0.006539566442370415,21.45557786372956,33.226952204015106,10.932148669398885
725,19.481128692626953,33.233489990234375,14.153868675231934,0.0001310875959461555,-0.006543796043843031,7.472252764273435e-05,0.006545535288751125,19.4812597802229,33.22694619419053,14.153943397759576
726,17.027130126953125,33.233489990234375,17.027130126953125,0.00011942668788833544,-0.006550634279847145,8.991138747660443e-05,0.006552339531481266,17.027249553641013,33.22693935595453,17.0272200383406
727,14.153868675231934,33.233489990234375,19.481128692626953,0.0001061707444023341,-0.006557254586368799,0.00010288023622706532,0.006558920722454786,14.153974845976336,33.226932735648006,19.48123157286318
728,10.932090759277344,33.233489990234375,21.45543670654297,9.1033689386677e-05,-0.006562176160514355,0.0001121265595429577,0.006563765462487936,10.93218179296673,33.22692781407386,21.45554883310251
729,7.441129207611084,33.233489990234375,22.90144157409668,7.404216012218967e-05,-0.006563703063875437,0.00011516605445649475,0.006565130781382322,7.441203249771206,33.2269262871705,22.901556740151136
730,3.766942024230957,33.233489990234375,23.78353500366211,5.6225137086585164e-05,-0.006560390815138817,0.00010923360241577029,0.006561540998518467,3.7669982493680436,33.226929599419236,23.783644237264525
731,0.0,33.233489990234375,24.079999923706055,3.9810776797821745e-05,-0.006551681086421013,9.274829062633216e-05,0.006552458740770817,3.9810776797821745e-05,33.226938309147954,24.08009267199668
732,-3.766942024230957,33.233489990234375,23.78353500366211,2.741184289334342e-05,-0.006538654211908579,6.710200977977365e-05,0.0065390560775995255,-3.7669146123880637,33.226951336022466,23.78360210567189
733,-7.441129207611084,33.233489990234375,22.90144157409668,2.011710239457898e-05,-0.0065246024169027805,3.772162017412484e-05,0.00652474258095026,-7.441109090508689,33.22696538781747,22.901479295716854
734,-10.932090759277344,33.233489990234375,21.45543670654297,1.5619531041011214e-05,-0.00651445472612977,1.2503305697464384e-05,0.006514485459774733,-10.932075139746303,33.226975535508245,21.455449209848666
735,-14.153868675231934,33.233489990234375,19.481128692626953,7.987192475411575e-06,-0.00651362631469965,-1.4251537550080684e-06,0.00651363143697381,-14.153860688039458,33.226976363919675,19.481127267473198
736,-17.027130126953125,33.233489990234375,17.027130126953125,-9.474224498262629e-06,-0.0065255556255578995,-1.7431442529414198e-06,0.006525563076138496,-17.027139601177623,33.22696443460882,17.027128383808872
737,-19.481128692626953,33.233489990234375,14.153868675231934,-3.8451162254204974e-05,-0.0065480489283800125,6.288600616244366e-06,0.006548164878040552,-19.481167143789207,33.226941941305995,14.15387496383255
738,-21.45543670654297,33.233489990234375,10.932090759277344,-7.389908569166437e-05,-0.00657463725656271,1.4071877558308188e-05,0.006575067527592182,-21.45551060562866,33.22691535297781,10.932104831154902
739,-22.90144157409668,33.233489990234375,7.441129207611084,-0.00010768321953946725,-0.006598824635148048,1.5815856386325322e-05,0.00659972196444869,-22.90154925731622,33.22689116559923,7.44114502346747
740,-23.78353500366211,33.233489990234375,3.766942024230957,-0.00013166782446205616,-0.006615439895540476,1.0253032087348402e-05,0.006616757716983557,-23.78366667148657,33.226874550338835,3.7669522772630444
741,-24.079999923706055,33.233489990234375,0.0,-0.00014026260760147125,-0.006621294654905796,-6.002037517333371e-19,0.006622780114412308,-24.080140186313656,33.22686869557947,-6.002037517333371e-19
742,-23.78353500366211,33.233489990234375,-3.766942024230957,-0.00013166782446205616,-0.006615439895540476,-1.0253032087348402e-05,0.006616757716983557,-23.78366667148657,33.226874550338835,-3.7669522772630444
743,-22.90144157409668,33.233489990234375,-7.441129207611084,-0.00010768321953946725,-0.006598824635148048,-1.5815856386325322e-05,0.00659972196444869,-22.90154925731622,33.22689116559923,-7.44114502346747
744,-21.45543670654297,33.233489990234375,-10.932090759277344,-7.389908569166437e-05,-0.00657463725656271,-1.4071877558308188e-05,0.006575067527592182,-21.45551060562866,33.22691535297781,-10.932104831154902
745,-19.481128692626953,33.233489990234375,-14.153868675231934,-3.8451162254204974e-05,-0.0065480489283800125,-6.288600616244366e-06,0.006548164878040552,-19.481167143789207,33.226941941305995,-14.15387496383255
746,-17.027130126953125,33.233489990234375,-17.027130126953125,-9.474224498262629e-06,-0.0065255556255578995,1.7431442529414198e-06,0.006525563076138496,-17.027139601177623,33.22696443460882,-17.027128383808872
747,-14.153868675231934,33.233489990234375,-19.481128692626953,7.987192475411575e-06,-0.00651362631469965,1.4251537550080684e-06,0.00651363143697381,-14.153860688039458,33.226976363919675,-19.481127267473198
748,-10.932090759277344,33.233489990234375,-21.45543670654297,1.5619531041011214e-05,-0.00651445472612977,-1.2503305697464384e-05,0.006514485459774733,-10.932075139746303,33.226975535508245,-21.455449209848666
749,-7.441129207611084,33.233489990234375,-22.90144157409668,2.011710239457898e-05,-0.0065246024169027805,-3.772162017412484e-05,0.00652474258095026,-7.441109090508689,33.22696538781747,-22.901479295716854
750,-3.766942024230957,33.233489990234375,-23.78353500366211,2.741184289334342e-05,-0.006538654211908579,-6.710200977977365e-05,0.0065390560775995255,-3.7669146123880637,33.226951336022466,-23.78360210567189
751,-0.0,33.233489990234375,-24.079999923706055,3.9810776797821745e-05,-0.006551681086421013,-9.274829062633216e-05,0.006552458740770817,3.9810776797821745e-05,33.226938309147954,-24.08009267199668
752,3.766942024230957,33.233489990234375,-23.78353500366211,5.6225137086585164e-05,-0.006560390815138817,-0.00010923360241577029,0.006561540998518467,3.7669982493680436,33.226929599419236,-23.783644237264525
753,7.441129207611084,33.233489990234375,-22.90144157409668,7.404216012218967e-05,-0.006563703063875437,-0.00011516605445649475,0.006565130781382322,7.441203249771206,33.2269262871705,-22.901556740151136
754,10.932090759277344,33.233489990234375,-21.45543670654297,9.1033689386677e-05,-0.006562176160514355,-0.0001121265595429577,0.006563765462487936,10.93218179296673,33.22692781407386,-21.45554883310251
755,14.153868675231934,33.233489990234375,-19.481128692626953,0.0001061707444023341,-0.006557254586368799,-0.00010288023622706532,0.006558920722454786,14.153974845976336,33.226932735648006,-19.48123157286318
756,17.027130126953125,33.233489990234375,-17.027130126953125,0.00011942668788833544,-0.006550634279847145,-8.991138747660443e-05,0.006552339531481266,17.027249553641013,33.22693935595453,-17.0272200383406
757,19.481128692626953,33.233489990234375,-14.153868675231934,0.0001310875959461555,-0.006543796043843031,-7.472252764273435e-05,0.006545535288751125,19.4812597802229,33.22694619419053,-14.153943397759576
758,21.45543670654297,33.233489990234375,-10.932090759277344,0.0001411571865901351,-0.006537786219269037,-5.79101215407718e-05,0.006539566442370415,21.45557786372956,33.226952204015106,-10.932148669398885
759,22.90144157409668,33.233489990234375,-7.441129207611084,0.00014917258522473276,-0.0065332199446856976,-3.965231007896364e-05,0.006535043008625507,22.901590746681904,33.22695677028969,-7.441168859921163
760,23.78353500366211,33.233489990234375,-3.766942024230957,0.00015440885908901691,-0.006530399434268475,-2.0181896616122685e-05,0.0065322560258209705,23.7836894125212,33.22695959080011,-3.766962206127573
761,25.739999771118164,34.865543365478516,0.0,0.0004312482487875968,-0.006826729513704777,-7.161019402133084e-19,0.0068403370678424835,25.74043101936695,34.85871663596481,-7.161019402133084e-19
762,25.423097610473633,34.865543365478516,4.026622772216797,0.0004261323483660817,-0.006827869918197393,6.391844362951815e-05,0.00684145325794816,25.423523742822,34.85871549556032,4.026686690660426
763,24.480194091796875,34.865543365478516,7.954096794128418,0.00041106354910880327,-0.006831179838627577,0.00012603114009834826,0.006844696588814259,24.480605155345984,34.85871218563989,7.954222825268516
764,22.934507369995117,34.865543365478516,11.685714721679688,0.0003867577761411667,-0.006836276035755873,0.00018470006762072444,0.006849698256701231,22.93489412777126,34.85870708944276,11.685899421747308
765,20.8240966796875,34.865543365478516,15.129591941833496,0.0003540808684192598,-0.006842390168458223,0.000238454740610905,0.006855693645775318,20.82445076055592,34.85870097531006,15.129830396574107
766,18.200929641723633,34.865543365478516,18.200929641723633,0.00031378777930513024,-0.006848302204161882,0.0002857627405319363,0.00686144083738327,18.201243429502938,34.858695063274354,18.201215404464165
767,15.129591941833496,34.865543365478516,20.8240966796875,0.0002665049396455288,-0.006852416321635246,0.00032468148856423795,0.006865278817713261,15.129858446773142,34.85869094915688,20.824421361176064
768,11.685714721679688,34.865543365478516,22.934507369995117,0.00021306546113919467,-0.006853065919131041,0.0003526810905896127,0.006865441799163818,11.685927787140827,34.858690299559385,22.934860051085707
769,7.954096794128418,34.865543365478516,24.480194091796875,0.0001550628658151254,-0.006848999764770269,0.0003669661527965218,0.00686057610437274,7.954251856994233,34.858694365713745,24.48056105794967
770,4.026622772216797,34.865543365478516,25.423097610473633,9.521954052615911e-05,-0.006839905399829149,0.0003653986204881221,0.006850320380181074,4.026717991757323,34.85870346007869,25.42346300909412
771,0.0,34.865543365478516,25.739999771118164,3.713216938194819e-05,-0.006826707161962986,0.0003477231948636472,0.006835658103227615,3.713216938194819e-05,34.85871665831655,25.740347494313028
772,-4.026622772216797,34.865543365478516,25.423097610473633,-1.5757545043015853e-05,-0.006811635103076696,0.000316647463478148,0.006819009315222502,-4.02663852976184,34.85873173037544,25.42341425793711
773,-7.954096794128418,34.865543365478516,24.480194091796875,-6.172119174152613e-05,-0.006797590758651495,0.00027763633988797665,0.006803538184612989,-7.9541585153201595,34.858745774719864,24.480471728136763
774,-11.685714721679688,34.865543365478516,22.934507369995117,-0.00010187012958340347,-0.006787267979234457,0.00023720579338259995,0.006792175583541393,-11.685816591809271,34.85875609749928,22.9347445757885
775,-15.129591941833496,34.865543365478516,20.8240966796875,-0.00014106807066127658,-0.006785199511796236,0.00020252552349120378,0.006789687089622021,-15.129733009904157,34.85875816596672,20.82429920521099
776,-18.200929641723633,34.865543365478516,18.200929641723633,-0.0001863933721324429,-0.0067961509339511395,0.0001773203257471323,0.006801018491387367,-18.201116035095765,34.858747214544564,18.20110696204938
777,-20.8240966796875,34.865543365478516,15.129591941833496,-0.00023913951008580625,-0.006817288231104612,0.00015594178694300354,0.006823263596743345,-20.824335819197586,34.85872607724741,15.129747883620439
778,-22.934507369995117,34.865543365478516,11.685714721679688,-0.00029265976627357304,-0.006840829737484455,0.0001296027039643377,0.006848313380032778,-22.93480002976139,34.85870253574103,11.685844324383652
779,-24.480194091796875,34.865543365478516,7.954096794128418,-0.00033906911266967654,-0.006861826870590448,9.420014248462394e-05,0.00687084486708045,-24.480533160909545,34.858681538607925,7.954190994270903
780,-25.423097610473633,34.865543365478516,4.026622772216797,-0.0003710083838086575,-0.006876703817397356,4.9867718189489096e-05,0.00688688550144434,-25.42346861885744,34.85866666166112,4.026672639934986
781,-25.739999771118164,34.865543365478516,0.0,-0.0003823969163931906,-0.006882083602249622,-8.768901348619784e-19,0.006892699282616377,-25.740382168034557,34.858661281876266,-8.768901348619784e-19
782,-25.423097610473633,34.865543365478516,-4.026622772216797,-0.0003710083838086575,-0.006876703817397356,-4.9867718189489096e-05,0.00688688550144434,-25.42346861885744,34.85866666166112,-4.026672639934986
783,-24.480194091796875,34.865543365478516,-7.954096794128418,-0.00033906911266967654,-0.006861826870590448,-9.420014248462394e-05,0.00687084486708045,-24.480533160909545,34.858681538607925,-7.954190994270903
784,-22.934507369995117,34.865543365478516,-11.685714721679688,-0.00029265976627357304,-0.006840829737484455,-0.0001296027039643377,0.006848313380032778,-22.93480002976139,34.85870253574103,-11.685844324383652
785,-20.8240966796875,34.865543365478516,-15.129591941833496,-0.00023913951008580625,-0.006817288231104612,-0.00015594178694300354,0.006823263596743345,-20.824335819197586,34.85872607724741,-15.129747883620439
786,-18.200929641723633,34.865543365478516,-18.200929641723633,-0.0001863933721324429,-0.0067961509339511395,-0.0001773203257471323,0.006801018491387367,-18.201116035095765,34.858747214544564,-18.20110696204938
787,-15.129591941833496,34.865543365478516,-20.8240966796875,-0.00014106807066127658,-0.006785199511796236,-0.00020252552349120378,0.006789687089622021,-15.129733009904157,34.85875816596672,-20.82429920521099
788,-11.685714721679688,34.865543365478516,-22.934507369995117,-0.00010187012958340347,-0.006787267979234457,-0.00023720579338259995,0.006792175583541393,-11.685816591809271,34.85875609749928,-22.9347445757885
789,-7.954096794128418,34.865543365478516,-24.480194091796875,-6.172119174152613e-05,-0.006797590758651495,-0.00027763633988797665,0.006803538184612989,-7.9541585153201595,34.858745774719864,-24.480471728136763
790,-4.026622772216797,34.865543365478516,-25.423097610473633,-1.5757545043015853e-05,-0.006811635103076696,-0.000316647463478148,0.006819009315222502,-4.02663852976184,34.85873173037544,-25.42341425793711
791,-0.0,34.865543365478516,-25.739999771118164,3.713216938194819e-05,-0.006826707161962986,-0.0003477231948636472,0.006835658103227615,3.713216938194819e-05,34.85871665831655,-25.740347494313028
792,4.026622772216797,34.865543365478516,-25.423097610473633,9.521954052615911e-05,-0.006839905399829149,-0.0003653986204881221,0.006850320380181074,4.026717991757323,34.85870346007869,-25.42346300909412
793,7.954096794128418,34.865543365478516,-24.480194091796875,0.0001550628658151254,-0.006848999764770269,-0.0003669661527965218,0.00686057610437274,7.954251856994233,34.858694365713745,-24.48056105794967
794,11.685714721679688,34.865543365478516,-22.934507369995117,0.00021306546113919467,-0.006853065919131041,-0.0003526810905896127,0.006865441799163818,11.685927787140827,34.858690299559385,-22.934860051085707
795,15.129591941833496,34.865543365478516,-20.8240966796875,0.0002665049396455288,-0.006852416321635246,-0.00032468148856423795,0.006865278817713261,15.129858446773142,34.85869094915688,-20.824421361176064
796,18.200929641723633,34.865543365478516,-18.200929641723633,0.00031378777930513024,-0.006848302204161882,-0.0002857627405319363,0.00686144083738327,18.201243429502938,34.858695063274354,-18.201215404464165
797,20.8240966796875,34.865543365478516,-15.129591941833496,0.0003540808684192598,-0.006842390168458223,-0.000238454740610905,0.006855693645775318,20.82445076055592,34.85870097531006,-15.129830396574107
798,22.934507369995117,34.865543365478516,-11.685714721679688,0.0003867577761411667,-0.006836276035755873,-0.00018470006762072444,0.006849698256701231,22.93489412777126,34.85870708944276,-11.685899421747308
799,24.480194091796875,34.865543365478516,-7.954096794128418,0.00041106354910880327,-0.006831179838627577,-0.00012603114009834826,0.006844696588814259,24.480605155345984,34.85871218563989,-7.954222825268516
800,25.423097610473633,34.865543365478516,-4.026622772216797,0.0004261323483660817,-0.006827869918197393,-6.391844362951815e-05,0.00684145325794816,25.423523742822,34.85871549556032,-4.026686690660426
801,27.399999618530273,36.49759292602539,0.0,0.0008619831060059369,-0.007282017730176449,-7.665570107481108e-19,0.007332857232540846,27.40086160163628,36.490310908295214,-7.665570107481108e-19
802,27.062660217285156,36.49759292602539,4.286303997039795,0.0008515379158779979,-0.0072832475416362286,0.00013217203377280384,0.007334049791097641,27.063511755201034,36.490309678483754,4.286436169073568
803,26.058948516845703,36.49759292602539,8.467065811157227,0.0008205577614717185,-0.0072867246344685555,0.00026073228218592703,0.007337414659559727,26.059769074607175,36.49030620139092,8.467326543439412
804,24.4135799407959,36.49759292602539,12.439339637756348,0.0007699820562265813,-0.0072917453944683075,0.00038218655390664935,0.007342240307480097,24.414349922852125,36.49030118063092,12.439721824310254
805,22.16706657409668,36.49759292602539,16.105316162109375,0.0007010726840235293,-0.007296986877918243,0.0004931044531986117,0.007347153965383768,22.167767646780703,36.49029593914747,16.105809266562574
806,19.374725341796875,36.49759292602539,19.374725341796875,0.0006152980495244265,-0.007300544064491987,0.0005899152019992471,0.007350138388574123,19.3753406398464,36.4902923819609,19.375315256998874
807,16.105316162109375,36.49759292602539,22.16706657409668,0.0005145279574207962,-0.007300271652638912,0.000668776803649962,0.007348875515162945,16.105830690066796,36.49029265437275,22.16773535090033
808,12.439339637756348,36.49759292602539,24.4135799407959,0.0004014860896859318,-0.007294429000467062,0.0007258197292685509,0.007341437507420778,12.439741123846034,36.490298497024924,24.414305760525167
809,8.467065811157227,36.49759292602539,26.058948516845703,0.0002801510563585907,-0.007282481994479895,0.000757956993766129,0.007327177096158266,8.467345962213585,36.49031044403091,26.05970647383947
810,4.286303997039795,36.49759292602539,27.062660217285156,0.00015563001215923578,-0.007265609689056873,0.0007639811956323683,0.007307323161512613,4.286459627051954,36.490327316336334,27.06342419848079
811,0.0,36.49759292602539,27.399999618530273,3.3348962460877374e-05,-0.007246650289744139,0.0007454617880284786,0.007284968625754118,3.3348962460877374e-05,36.49034627573565,27.400745080318302
812,-4.286303997039795,36.49759292602539,27.062660217285156,-8.224636258091778e-05,-0.007229192182421684,0.0007067361148074269,0.007264121435582638,-4.286386243402376,36.49036373384297,27.063366953399964
813,-8.467065811157227,36.49759292602539,26.058948516845703,-0.000188569538295269,-0.007215254008769989,0.0006528927478939295,0.007247186731547117,-8.467254380695522,36.49037767201662,26.059601409593597
814,-12.439339637756348,36.49759292602539,24.4135799407959,-0.000284729030681774,-0.007204510271549225,0.0005884438287466764,0.0072341072373092175,-12.43962436678703,36.49038841575384,24.414168384624645
815,-16.105316162109375,36.49759292602539,22.16706657409668,-0.0003738320665434003,-0.007200438529253006,0.0005207436042837799,0.007228916976600885,-16.10568999417592,36.49039248749614,22.167587317700963
816,-19.374725341796875,36.49759292602539,19.374725341796875,-0.00046309310710057616,-0.007209479343146086,0.00045563458115793765,0.007238691207021475,-19.375188434903976,36.490383446682245,19.375180976378033
817,-22.16706657409668,36.49759292602539,16.105316162109375,-0.0005527560715563595,-0.007227964233607054,0.00038743516779504716,0.007259415462613106,-22.167619330168236,36.490364961791784,16.10570359727717
818,-24.4135799407959,36.49759292602539,12.439339637756348,-0.0006338879466056824,-0.007246439810842276,0.0003074461128562689,0.007280606310814619,-24.414213828742504,36.49034648621455,12.439647083869204
819,-26.058948516845703,36.49759292602539,8.467065811157227,-0.0006990141700953245,-0.007262026891112328,0.00021428026957437396,0.0072987377643585205,-26.0596475310158,36.49033089913428,8.467280091426801
820,-27.062660217285156,36.49759292602539,4.286303997039795,-0.0007423198549076915,-0.007273630704730749,0.00011035966599592939,0.007312244735658169,-27.063402537140064,36.49031929532066,4.286414356705791
821,-27.399999618530273,36.49759292602539,0.0,-0.0007576473290100694,-0.007278041914105415,-7.131728419654698e-19,0.007317371666431427,-27.400757265859284,36.490314884111285,-7.131728419654698e-19
822,-27.062660217285156,36.49759292602539,-4.286303997039795,-0.0007423198549076915,-0.007273630704730749,-0.00011035966599592939,0.007312244735658169,-27.063402537140064,36.49031929532066,-4.286414356705791
823,-26.058948516845703,36.49759292602539,-8.467065811157227,-0.0006990141700953245,-0.007262026891112328,-0.00021428026957437396,0.0072987377643585205,-26.0596475310158,36.49033089913428,-8.467280091426801
824,-24.4135799407959,36.49759292602539,-12.439339637756348,-0.0006338879466056824,-0.007246439810842276,-0.0003074461128562689,0.007280606310814619,-24.414213828742504,36.49034648621455,-12.439647083869204
825,-22.16706657409668,36.49759292602539,-16.105316162109375,-0.0005527560715563595,-0.007227964233607054,-0.00038743516779504716,0.007259415462613106,-22.167619330168236,36.490364961791784,-16.10570359727717
826,-19.374725341796875,36.49759292602539,-19.374725341796875,-0.00046309310710057616,-0.007209479343146086,-0.00045563458115793765,0.007238691207021475,-19.375188434903976,36.490383446682245,-19.375180976378033
827,-16.105316162109375,36.49759292602539,-22.16706657409668,-0.0003738320665434003,-0.007200438529253006,-0.0005207436042837799,0.007228916976600885,-16.10568999417592,36.49039248749614,-22.167587317700963
828,-12.439339637756348,36.49759292602539,-24.4135799407959,-0.000284729030681774,-0.007204510271549225,-0.0005884438287466764,0.0072341072373092175,-12.43962436678703,36.49038841575384,-24.414168384624645
829,-8.467065811157227,36.49759292602539,-26.058948516845703,-0.000188569538295269,-0.007215254008769989,-0.0006528927478939295,0.007247186731547117,-8.467254380695522,36.49037767201662,-26.059601409593597
830,-4.286303997039795,36.49759292602539,-27.062660217285156,-8.224636258091778e-05,-0.007229192182421684,-0.0007067361148074269,0.007264121435582638,-4.286386243402376,36.49036373384297,-27.063366953399964
831,-0.0,36.49759292602539,-27.399999618530273,3.3348962460877374e-05,-0.007246650289744139,-0.0007454617880284786,0.007284968625754118,3.3348962460877374e-05,36.49034627573565,-27.400745080318302
832,4.286303997039795,36.49759292602539,-27.062660217285156,0.00015563001215923578,-0.007265609689056873,-0.0007639811956323683,0.007307323161512613,4.286459627051954,36.490327316336334,-27.06342419848079
833,8.467065811157227,36.49759292602539,-26.058948516845703,0.0002801510563585907,-0.007282481994479895,-0.000757956993766129,0.007327177096158266,8.467345962213585,36.49031044403091,-26.05970647383947
834,12.439339637756348,36.49759292602539,-24.4135799407959,0.0004014860896859318,-0.007294429000467062,-0.0007258197292685509,0.007341437507420778,12.439741123846034,36.490298497024924,-24.414305760525167
835,16.105316162109375,36.49759292602539,-22.16706657409668,0.0005145279574207962,-0.007300271652638912,-0.000668776803649962,0.007348875515162945,16.105830690066796,36.49029265437275,-22.16773535090033
836,19.374725341796875,36.49759292602539,-19.374725341796875,0.0006152980495244265,-0.007300544064491987,-0.0005899152019992471,0.007350138388574123,19.3753406398464,36.4902923819609,-19.375315256998874
837,22.16706657409668,36.49759292602539,-16.105316162109375,0.0007010726840235293,-0.007296986877918243,-0.0004931044531986117,0.007347153965383768,22.167767646780703,36.49029593914747,-16.105809266562574
838,24.4135799407959,36.49759292602539,-12.439339637756348,0.0007699820562265813,-0.0072917453944683075,-0.00038218655390664935,0.007342240307480097,24.414349922852125,36.49030118063092,-12.439721824310254
839,26.058948516845703,36.49759292602539,-8.467065811157227,0.0008205577614717185,-0.0072867246344685555,-0.00026073228218592703,0.007337414659559727,26.059769074607175,36.49030620139092,-8.467326543439412
840,27.062660217285156,36.49759292602539,-4.286303997039795,0.0008515379158779979,-0.0072832475416362286,-0.00013217203377280384,0.007334049791097641,27.063511755201034,36.490309678483754,-4.286436169073568
