node_label,x,y,z,ux,uy,uz,umag,deformed_x,deformed_y,deformed_z
1,39.29999923706055,0.0,0.0,1.5169957722785442e-30,1.5674250911858828e-31,-7.840585406001624e-31,0.0,39.29999923706055,1.5674250911858828e-31,-7.840585406001624e-31
2,37.96088409423828,10.171587944030762,0.0,1.5052350923578894e-30,2.4665075877851933e-31,-7.8418065095332585e-31,0.0,37.96088409423828,10.171587944030762,-7.8418065095332585e-31
3,34.03479766845703,19.649999618530273,0.0,1.3891798516548778e-30,6.3440155878002565e-31,-7.845845037924944e-31,0.0,34.03479766845703,19.649999618530273,-7.845845037924944e-31
4,27.789297103881836,27.789297103881836,0.0,1.1742940300307759e-30,9.788905696585583e-31,-7.844818126060065e-31,0.0,27.789297103881836,27.789297103881836,-7.844818126060065e-31
5,19.649999618530273,34.03479766845703,0.0,8.755182547240828e-31,1.2547844540507889e-30,-7.838617628458348e-31,0.0,19.649999618530273,34.03479766845703,-7.838617628458348e-31
6,10.171587944030762,37.96088409423828,0.0,5.155405541209234e-31,1.4427730841371156e-30,-7.832166045263295e-31,0.0,10.171587944030762,37.96088409423828,-7.832166045263295e-31
7,0.0,39.29999923706055,0.0,1.216207009915842e-31,1.5314362031608817e-30,-7.831271729161189e-31,0.0,1.216207009915842e-31,39.29999923706055,-7.831271729161189e-31
8,-10.171587944030762,37.96088409423828,0.0,-2.8030022496628797e-31,1.520550749314075e-30,-7.852447084396902e-31,0.0,-10.171587944030762,37.96088409423828,-7.852447084396902e-31
9,-19.649999618530273,34.03479766845703,0.0,-6.643900183418193e-31,1.4086687016355788e-30,-7.8789159257932375e-31,0.0,-19.649999618530273,34.03479766845703,-7.8789159257932375e-31
10,-27.789297103881836,27.789297103881836,0.0,-1.0023477004885391e-30,1.1963700960578626e-30,-7.883262903902578e-31,0.0,-27.789297103881836,27.789297103881836,-7.883262903902578e-31
11,-34.03479766845703,19.649999618530273,0.0,-1.2745361445683337e-30,9.002717207241504e-31,-7.877858451075238e-31,0.0,-34.03479766845703,19.649999618530273,-7.877858451075238e-31
12,-37.96088409423828,10.171587944030762,0.0,-1.464355442536857e-30,5.419522664918091e-31,-7.880367896415373e-31,0.0,-37.96088409423828,10.171587944030762,-7.880367896415373e-31
13,-39.29999923706055,0.0,0.0,-1.5551277745841905e-30,1.4538748054345866e-31,-7.881651536246471e-31,0.0,-39.29999923706055,1.4538748054345866e-31,-7.881651536246471e-31
14,-37.96088409423828,-10.171587944030762,0.0,-1.5414616653406267e-30,-2.601357478525084e-31,-7.885392429468528e-31,0.0,-37.96088409423828,-10.171587944030762,-7.885392429468528e-31
15,-34.03479766845703,-19.649999618530273,0.0,-1.428814135740875e-30,-6.484942784333899e-31,-7.905588833008876e-31,0.0,-34.03479766845703,-19.649999618530273,-7.905588833008876e-31
16,-27.789297103881836,-27.789297103881836,0.0,-1.2220922634425559e-30,-9.934974505409722e-31,-7.924925244882162e-31,0.0,-27.789297103881836,-27.789297103881836,-7.924925244882162e-31
17,-19.649999618530273,-34.03479766845703,0.0,-9.30005521189782e-31,-1.267802066570891e-30,-7.92057591578412e-31,0.0,-19.649999618530273,-34.03479766845703,-7.92057591578412e-31
18,-10.171587944030762,-37.96088409423828,0.0,-5.740031073822334e-31,-1.457263544059024e-30,-7.909421884988037e-31,0.0,-10.171587944030762,-37.96088409423828,-7.909421884988037e-31
19,-0.0,-39.29999923706055,0.0,-1.787150258483111e-31,-1.5511163295823484e-30,-7.908137304761459e-31,0.0,-1.787150258483111e-31,-39.29999923706055,-7.908137304761459e-31
20,10.171587944030762,-37.96088409423828,0.0,2.2884514617853487e-31,-1.538169810960584e-30,-7.903405234702788e-31,0.0,10.171587944030762,-37.96088409423828,-7.903405234702788e-31
21,19.649999618530273,-34.03479766845703,0.0,6.187750070779345e-31,-1.4190262174595441e-30,-7.894503451082881e-31,0.0,19.649999618530273,-34.03479766845703,-7.894503451082881e-31
22,27.789297103881836,-27.789297103881836,0.0,9.626569926737025e-31,-1.2028247825580018e-30,-7.880293134974661e-31,0.0,27.789297103881836,-27.789297103881836,-7.880293134974661e-31
23,34.03479766845703,-19.649999618530273,0.0,1.2371000349183742e-30,-9.057973905289478e-31,-7.862154316745992e-31,0.0,34.03479766845703,-19.649999618530273,-7.862154316745992e-31
24,37.96088409423828,-10.171587944030762,0.0,1.425572028281759e-30,-5.493030088256931e-31,-7.847391048095145e-31,0.0,37.96088409423828,-10.171587944030762,-7.847391048095145e-31
25,36.36062240600586,0.0,1.338165044784546,-0.0018062302842736244,-3.2623943905484884e-19,-0.004238900728523731,0.004607683513313532,36.358816175721586,-3.2623943905484884e-19,1.3339261440560222
26,35.121665954589844,9.410821914672852,1.338165044784546,-0.0017434859182685614,-0.0004660888225771487,-0.0042360695078969,0.004604483488947153,35.119922468671575,9.410355825850274,1.333928975276649
27,31.48922348022461,18.18031120300293,1.338165044784546,-0.0015602776547893882,-0.0008984479354694486,-0.004227939993143082,0.004595340229570866,31.48766320256982,18.17941275506746,1.3339371047914028
28,25.71084213256836,25.71084213256836,1.338165044784546,-0.0012699734652414918,-0.0012655938044190407,-0.004213051870465279,0.004578685853630304,25.709572159103118,25.70957653876394,1.3339519929140806
29,18.18031120300293,31.48922348022461,1.338165044784546,-0.0008947239839471877,-0.0015412740176543593,-0.004190911538898945,0.004554096609354019,18.179416479018982,31.487682206206955,1.333974133245647
30,9.410821914672852,35.121665954589844,1.338165044784546,-0.00046242866665124893,-0.0017057640943676233,-0.004160137381404638,0.00451997946947813,9.4103594860062,35.119960190495476,1.3340049074031413
31,0.0,36.36062240600586,1.338165044784546,-5.823767423862591e-06,-0.00175019062589854,-0.004124314058572054,0.004480308853089809,-5.823767423862591e-06,36.35887221537996,1.3340407307259738
32,-9.410821914672852,35.121665954589844,1.338165044784546,0.00044324208283796906,-0.0016758390702307224,-0.004089366644620895,0.004441600758582354,-9.410378672590014,35.11999011551961,1.334075678139925
33,-18.18031120300293,31.48922348022461,1.338165044784546,0.0008545669261366129,-0.0014889014419168234,-0.004056088626384735,0.004404426086694002,-18.179456636076793,31.487734578782693,1.3341089561581612
34,-25.71084213256836,25.71084213256836,1.338165044784546,0.001207088935188949,-0.0012109283125028014,-0.0040419381111860275,0.004388698376715183,-25.70963504363317,25.709631204255857,1.3341231066733599
35,-31.48922348022461,18.18031120300293,1.338165044784546,0.0014820301439613104,-0.000856972998008132,-0.004045352339744568,0.004392685834318399,-31.487741450080648,18.17945423000492,1.3341196924448013
36,-35.121665954589844,9.410821914672852,1.338165044784546,0.0016549924621358514,-0.0004437847528606653,-0.004048592410981655,0.004396253731101751,-35.12001096212771,9.410378129919991,1.3341164523735642
37,-36.36062240600586,0.0,1.338165044784546,0.0017141622956842184,1.781148108976945e-19,-0.004050207324326038,0.004398014396429062,-36.358908243710175,1.781148108976945e-19,1.3341148374602199
38,-35.121665954589844,-9.410821914672852,1.338165044784546,0.0016549924621358514,0.0004437847528606653,-0.004048592410981655,0.004396253731101751,-35.12001096212771,-9.410378129919991,1.3341164523735642
39,-31.48922348022461,-18.18031120300293,1.338165044784546,0.0014820301439613104,0.000856972998008132,-0.004045352339744568,0.004392685834318399,-31.487741450080648,-18.17945423000492,1.3341196924448013
40,-25.71084213256836,-25.71084213256836,1.338165044784546,0.001207088935188949,0.0012109283125028014,-0.0040419381111860275,0.004388698376715183,-25.70963504363317,-25.709631204255857,1.3341231066733599
41,-18.18031120300293,-31.48922348022461,1.338165044784546,0.0008545669261366129,0.0014889014419168234,-0.004056088626384735,0.004404426086694002,-18.179456636076793,-31.487734578782693,1.3341089561581612
42,-9.410821914672852,-35.121665954589844,1.338165044784546,0.00044324208283796906,0.0016758390702307224,-0.004089366644620895,0.004441600758582354,-9.410378672590014,-35.11999011551961,1.334075678139925
43,-0.0,-36.36062240600586,1.338165044784546,-5.823767423862591e-06,0.00175019062589854,-0.004124314058572054,0.004480308853089809,-5.823767423862591e-06,-36.35887221537996,1.3340407307259738
44,9.410821914672852,-35.121665954589844,1.338165044784546,-0.00046242866665124893,0.0017057640943676233,-0.004160137381404638,0.00451997946947813,9.4103594860062,-35.119960190495476,1.3340049074031413
45,18.18031120300293,-31.48922348022461,1.338165044784546,-0.0008947239839471877,0.0015412740176543593,-0.004190911538898945,0.004554096609354019,18.179416479018982,-31.487682206206955,1.333974133245647
46,25.71084213256836,-25.71084213256836,1.338165044784546,-0.0012699734652414918,0.0012655938044190407,-0.004213051870465279,0.004578685853630304,25.709572159103118,-25.70957653876394,1.3339519929140806
47,31.48922348022461,-18.18031120300293,1.338165044784546,-0.0015602776547893882,0.0008984479354694486,-0.004227939993143082,0.004595340229570866,31.48766320256982,-18.17941275506746,1.3339371047914028
48,35.121665954589844,-9.410821914672852,1.338165044784546,-0.0017434859182685614,0.0004660888225771487,-0.0042360695078969,0.004604483488947153,35.119922468671575,-9.410355825850274,1.333928975276649
49,33.42124557495117,0.0,2.676331043243408,-0.0040092794224619865,-1.6851328608809108e-19,-0.009228413924574852,0.01006170641630888,33.41723629552871,-1.6851328608809108e-19,2.6671026293188334
50,32.28244400024414,8.650054931640625,2.676331043243408,-0.0038702860474586487,-0.0010347795905545354,-0.009222744964063168,0.010055292397737503,32.27857371419668,8.64902015205007,2.667108298279345
51,28.943647384643555,16.710622787475586,2.676331043243408,-0.0034640608355402946,-0.0019951139111071825,-0.00920636672526598,0.010036800988018513,28.940183323808014,16.70862767356448,2.6671246765181422
52,23.632389068603516,23.632389068603516,2.676331043243408,-0.0028202973771840334,-0.0028115727473050356,-0.009176918305456638,0.010003741830587387,23.62956877122633,23.62957749585621,2.6671541249379516
53,16.710622787475586,28.943647384643555,2.676331043243408,-0.0019873841665685177,-0.0034259024541825056,-0.009133102372288704,0.009954901412129402,16.708635403309017,28.940221482189372,2.6671979408711195
54,8.650054931640625,32.28244400024414,2.676331043243408,-0.0010270342463627458,-0.003793722949922085,-0.009070961736142635,0.009885822422802448,8.649027897394262,32.27865027729422,2.6672600815072656
55,0.0,33.42124557495117,2.676331043243408,-1.127635459852172e-05,-0.0038948478177189827,-0.00899748969823122,0.009804325178265572,-1.127635459852172e-05,33.41735072713345,2.667333553545177
56,-8.650054931640625,32.28244400024414,2.676331043243408,0.0009879984427243471,-0.003730547148734331,-0.008923727087676525,0.009722449816763401,-8.6490669331979,32.278713453095406,2.6674073161557317
57,-16.710622787475586,28.943647384643555,2.676331043243408,0.0019042526837438345,-0.003316414775326848,-0.008854184299707413,0.009644757956266403,-16.708718534791842,28.940330969868228,2.667476858943701
58,-23.632389068603516,23.632389068603516,2.676331043243408,0.0026900561060756445,-0.0026973721105605364,-0.008824331685900688,0.009611506015062332,-23.62969901249744,23.629691696492955,2.6675067115575075
59,-28.943647384643555,16.710622787475586,2.676331043243408,0.003301686607301235,-0.0019088240806013346,-0.00883167702704668,0.009619941003620625,-28.940345698036253,16.708713963394985,2.6674993662163615
60,-32.28244400024414,8.650054931640625,2.676331043243408,0.003687516786158085,-0.0009888412896543741,-0.008840454742312431,0.009629601612687111,-32.27875648345798,8.64906609035097,2.6674905885010958
61,-33.42124557495117,0.0,2.676331043243408,0.0038193243090063334,-1.6455173718881564e-19,-0.0088442238047719,0.009633666835725307,-33.417426250642166,-1.6455173718881564e-19,2.6674868194386363
62,-32.28244400024414,-8.650054931640625,2.676331043243408,0.003687516786158085,0.0009888412896543741,-0.008840454742312431,0.009629601612687111,-32.27875648345798,-8.64906609035097,2.6674905885010958
63,-28.943647384643555,-16.710622787475586,2.676331043243408,0.003301686607301235,0.0019088240806013346,-0.00883167702704668,0.009619941003620625,-28.940345698036253,-16.708713963394985,2.6674993662163615
64,-23.632389068603516,-23.632389068603516,2.676331043243408,0.0026900561060756445,0.0026973721105605364,-0.008824331685900688,0.009611506015062332,-23.62969901249744,-23.629691696492955,2.6675067115575075
65,-16.710622787475586,-28.943647384643555,2.676331043243408,0.0019042526837438345,0.003316414775326848,-0.008854184299707413,0.009644757956266403,-16.708718534791842,-28.940330969868228,2.667476858943701
66,-8.650054931640625,-32.28244400024414,2.676331043243408,0.0009879984427243471,0.003730547148734331,-0.008923727087676525,0.009722449816763401,-8.6490669331979,-32.278713453095406,2.6674073161557317
67,-0.0,-33.42124557495117,2.676331043243408,-1.127635459852172e-05,0.0038948478177189827,-0.00899748969823122,0.009804325178265572,-1.127635459852172e-05,-33.41735072713345,2.667333553545177
68,8.650054931640625,-32.28244400024414,2.676331043243408,-0.0010270342463627458,0.003793722949922085,-0.009070961736142635,0.009885822422802448,8.649027897394262,-32.27865027729422,2.6672600815072656
69,16.710622787475586,-28.943647384643555,2.676331043243408,-0.0019873841665685177,0.0034259024541825056,-0.009133102372288704,0.009954901412129402,16.708635403309017,-28.940221482189372,2.6671979408711195
70,23.632389068603516,-23.632389068603516,2.676331043243408,-0.0028202973771840334,0.0028115727473050356,-0.009176918305456638,0.010003741830587387,23.62956877122633,-23.62957749585621,2.6671541249379516
71,28.943647384643555,-16.710622787475586,2.676331043243408,-0.0034640608355402946,0.0019951139111071825,-0.00920636672526598,0.010036800988018513,28.940183323808014,-16.70862767356448,2.6671246765181422
72,32.28244400024414,-8.650054931640625,2.676331043243408,-0.0038702860474586487,0.0010347795905545354,-0.009222744964063168,0.010055292397737503,32.27857371419668,-8.64902015205007,2.667108298279345
73,31.00996208190918,0.0,4.258080959320068,-0.003542593214660883,-3.5182550541900353e-19,-0.00862081442028284,0.009320322424173355,31.00641948869452,-3.5182550541900353e-19,4.2494601448997855
74,29.953323364257812,8.025968551635742,4.258080959320068,-0.0034198611974716187,-0.000913479772862047,-0.00861586444079876,0.009314666502177715,29.94990350306034,8.02505507186288,4.24946509487927
75,26.85541534423828,15.50498104095459,4.258080959320068,-0.003061410505324602,-0.0017614827957004309,-0.00860192533582449,0.009298826567828655,26.852353933732957,15.50321955815889,4.249479033984244
76,21.92735481262207,21.92735481262207,4.258080959320068,-0.0024940914008766413,-0.0024838054087013006,-0.008578735403716564,0.009272782132029533,21.924860721221194,21.92487100721337,4.249502223916352
77,15.50498104095459,26.85541534423828,4.258080959320068,-0.0017599192215129733,-0.0030297597404569387,-0.008545128628611565,0.009235582314431667,15.503221121733077,26.852385584497824,4.249535830691457
78,8.025968551635742,29.953323364257812,4.258080959320068,-0.0009115313878282905,-0.0033590432722121477,-0.008495450951159,0.009180781431496143,8.025057020247914,29.9499643209856,4.249585508368909
79,0.0,31.00996208190918,4.258080959320068,-1.250161039934028e-05,-0.0034515864681452513,-0.008433672599494457,0.009112653322517872,-1.250161039934028e-05,31.006510495441034,4.249647286720574
80,-8.025968551635742,29.953323364257812,4.258080959320068,0.0008729356341063976,-0.0033067308831959963,-0.00836768839508295,0.009039618074893951,-8.025095616001636,29.950016633374617,4.249713270924985
81,-15.50498104095459,26.85541534423828,4.258080959320068,0.0016845386708155274,-0.0029390803538262844,-0.008304520510137081,0.00896888691931963,-15.503296502283774,26.852476263884455,4.249776438809931
82,-21.92735481262207,21.92735481262207,4.258080959320068,0.00238048960454762,-0.0023907211143523455,-0.008276981301605701,0.008938159793615341,-21.924974323017523,21.924964091507718,4.249803978018463
83,-26.85541534423828,15.50498104095459,4.258080959320068,0.002924100961536169,-0.0016926571261137724,-0.008284763433039188,0.008947220630943775,-26.852491243276745,15.503288383828476,4.249796195887029
84,-29.953323364257812,8.025968551635742,4.258080959320068,0.0032683543395251036,-0.0008774177404120564,-0.008295942097902298,0.008959612809121609,-29.950055009918287,8.02509113389533,4.249785017222166
85,-31.00996208190918,0.0,4.258080959320068,0.003386082360520959,-1.5853090922989236e-20,-0.008300487883388996,0.008964577689766884,-31.00657599954866,-1.5853090922989236e-20,4.249780471436679
86,-29.953323364257812,-8.025968551635742,4.258080959320068,0.0032683543395251036,0.0008774177404120564,-0.008295942097902298,0.008959612809121609,-29.950055009918287,-8.02509113389533,4.249785017222166
87,-26.85541534423828,-15.50498104095459,4.258080959320068,0.002924100961536169,0.0016926571261137724,-0.008284763433039188,0.008947220630943775,-26.852491243276745,-15.503288383828476,4.249796195887029
88,-21.92735481262207,-21.92735481262207,4.258080959320068,0.00238048960454762,0.0023907211143523455,-0.008276981301605701,0.008938159793615341,-21.924974323017523,-21.924964091507718,4.249803978018463
89,-15.50498104095459,-26.85541534423828,4.258080959320068,0.0016845386708155274,0.0029390803538262844,-0.008304520510137081,0.00896888691931963,-15.503296502283774,-26.852476263884455,4.249776438809931
90,-8.025968551635742,-29.953323364257812,4.258080959320068,0.0008729356341063976,0.0033067308831959963,-0.00836768839508295,0.009039618074893951,-8.025095616001636,-29.950016633374617,4.249713270924985
91,-0.0,-31.00996208190918,4.258080959320068,-1.250161039934028e-05,0.0034515864681452513,-0.008433672599494457,0.009112653322517872,-1.250161039934028e-05,-31.006510495441034,4.249647286720574
92,8.025968551635742,-29.953323364257812,4.258080959320068,-0.0009115313878282905,0.0033590432722121477,-0.008495450951159,0.009180781431496143,8.025057020247914,-29.9499643209856,4.249585508368909
93,15.50498104095459,-26.85541534423828,4.258080959320068,-0.0017599192215129733,0.0030297597404569387,-0.008545128628611565,0.009235582314431667,15.503221121733077,-26.852385584497824,4.249535830691457
94,21.92735481262207,-21.92735481262207,4.258080959320068,-0.0024940914008766413,0.0024838054087013006,-0.008578735403716564,0.009272782132029533,21.924860721221194,-21.92487100721337,4.249502223916352
95,26.85541534423828,-15.50498104095459,4.258080959320068,-0.003061410505324602,0.0017614827957004309,-0.00860192533582449,0.009298826567828655,26.852353933732957,-15.50321955815889,4.249479033984244
96,29.953323364257812,-8.025968551635742,4.258080959320068,-0.0034198611974716187,0.000913479772862047,-0.00861586444079876,0.009314666502177715,29.94990350306034,-8.02505507186288,4.24946509487927
97,28.598678588867188,0.0,5.8398308753967285,-0.0022209619637578726,-3.7392027506211917e-19,-0.006718819960951805,0.007076384034007788,28.59645762690343,-3.7392027506211917e-19,5.833112055435777
98,27.624202728271484,7.401883125305176,5.8398308753967285,-0.0021440302953124046,-0.0005709592951461673,-0.006715140305459499,0.007072197273373604,27.622058697976172,7.40131216601003,5.833115735091269
99,24.767181396484375,14.299339294433594,5.8398308753967285,-0.0019197247456759214,-0.0011011895257979631,-0.0067053851671516895,0.007061172276735306,24.7652616717387,14.298238104907796,5.833125490229577
100,20.222320556640625,20.222320556640625,5.8398308753967285,-0.0015656626783311367,-0.0015540699241682887,-0.006691259332001209,0.007045522332191467,20.220754893962294,20.220766486716457,5.833139616064727
101,14.299339294433594,24.767181396484375,5.8398308753967285,-0.0011078404495492578,-0.0018992653349414468,-0.006672784686088562,0.007025708444416523,14.298231453984044,24.765282131149434,5.83315809071064
102,7.401883125305176,27.624202728271484,5.8398308753967285,-0.0005774471210315824,-0.002110704081133008,-0.006644420325756073,0.006995487026870251,7.401305678184144,27.62209202419035,5.833186455070972
103,0.0,28.598678588867188,5.8398308753967285,-1.2971099749847781e-05,-0.002173367654904723,-0.006605610251426697,0.00695397611707449,-1.2971099749847781e-05,28.596505221212283,5.833225265145302
104,-7.401883125305176,27.624202728271484,5.8398308753967285,0.0005443074041977525,-0.002084453357383609,-0.006560193374752998,0.006904879119247198,-7.401338817900978,27.6221182749141,5.8332706820219755
105,-14.299339294433594,24.767181396484375,5.8398308753967285,0.001055180560797453,-0.0018525138730183244,-0.006514343898743391,0.0068543339148163795,-14.298284113872796,24.765328882611357,5.833316531497985
106,-20.222320556640625,20.222320556640625,5.8398308753967285,0.0014938546810299158,-0.0015064518665894866,-0.00649289321154356,0.006830714643001556,-20.220826701959595,20.220814104774036,5.833337982185185
107,-24.767181396484375,14.299339294433594,5.8398308753967285,0.0018373075872659683,-0.0010670486371964216,-0.006497707683593035,0.006836263462901115,-24.76534408889711,14.298272245796397,5.8333331677131355
108,-27.624202728271484,7.401883125305176,5.8398308753967285,0.002055236604064703,-0.0005533861694857478,-0.006506686564534903,0.006845962721854448,-27.62214749166742,7.40132973913569,5.833324188832194
109,-28.598678588867188,0.0,5.8398308753967285,0.002129893284291029,8.022354302178426e-20,-0.006510698236525059,0.006850229110568762,-28.596548695582896,8.022354302178426e-20,5.8333201771602035
110,-27.624202728271484,-7.401883125305176,5.8398308753967285,0.002055236604064703,0.0005533861694857478,-0.006506686564534903,0.006845962721854448,-27.62214749166742,-7.40132973913569,5.833324188832194
111,-24.767181396484375,-14.299339294433594,5.8398308753967285,0.0018373075872659683,0.0010670486371964216,-0.006497707683593035,0.006836263462901115,-24.76534408889711,-14.298272245796397,5.8333331677131355
112,-20.222320556640625,-20.222320556640625,5.8398308753967285,0.0014938546810299158,0.0015064518665894866,-0.00649289321154356,0.006830714643001556,-20.220826701959595,-20.220814104774036,5.833337982185185
113,-14.299339294433594,-24.767181396484375,5.8398308753967285,0.001055180560797453,0.0018525138730183244,-0.006514343898743391,0.0068543339148163795,-14.298284113872796,-24.765328882611357,5.833316531497985
114,-7.401883125305176,-27.624202728271484,5.8398308753967285,0.0005443074041977525,0.002084453357383609,-0.006560193374752998,0.006904879119247198,-7.401338817900978,-27.6221182749141,5.8332706820219755
115,-0.0,-28.598678588867188,5.8398308753967285,-1.2971099749847781e-05,0.002173367654904723,-0.006605610251426697,0.00695397611707449,-1.2971099749847781e-05,-28.596505221212283,5.833225265145302
116,7.401883125305176,-27.624202728271484,5.8398308753967285,-0.0005774471210315824,0.002110704081133008,-0.006644420325756073,0.006995487026870251,7.401305678184144,-27.62209202419035,5.833186455070972
117,14.299339294433594,-24.767181396484375,5.8398308753967285,-0.0011078404495492578,0.0018992653349414468,-0.006672784686088562,0.007025708444416523,14.298231453984044,-24.765282131149434,5.83315809071064
118,20.222320556640625,-20.222320556640625,5.8398308753967285,-0.0015656626783311367,0.0015540699241682887,-0.006691259332001209,0.007045522332191467,20.220754893962294,-20.220766486716457,5.833139616064727
119,24.767181396484375,-14.299339294433594,5.8398308753967285,-0.0019197247456759214,0.0011011895257979631,-0.0067053851671516895,0.007061172276735306,24.7652616717387,-14.298238104907796,5.833125490229577
120,27.624202728271484,-7.401883125305176,5.8398308753967285,-0.0021440302953124046,0.0005709592951461673,-0.006715140305459499,0.007072197273373604,27.622058697976172,-7.40131216601003,5.833115735091269
121,26.730859756469727,0.0,7.601560115814209,-0.0014261376345530152,-1.0134383574217561e-19,-0.005950296763330698,0.006118815392255783,26.729433618835174,-1.0134383574217561e-19,7.595609819050878
122,25.82002830505371,6.918456077575684,7.601560115814209,-0.0013764923205599189,-0.0003651689912658185,-0.00594703434035182,0.0061151692643761635,25.81865181273315,6.918090908584418,7.595613081473857
123,23.14960479736328,13.365429878234863,7.601560115814209,-0.0012319181114435196,-0.0007039662450551987,-0.005938309244811535,0.0061054653488099575,23.148372879251838,13.364725911989808,7.5956218065693974
124,18.901573181152344,18.901573181152344,7.601560115814209,-0.0010044602677226067,-0.0009933117544278502,-0.005926280748099089,0.006092323921620846,18.90056872088462,18.900579869397916,7.59563383506611
125,13.365429878234863,23.14960479736328,7.601560115814209,-0.0007118593202903867,-0.0012157390592619777,-0.005912674590945244,0.006078197620809078,13.364718018914573,23.14838905830402,7.595647441223264
126,6.918456077575684,25.82002830505371,7.601560115814209,-0.0003727656148839742,-0.0013557130005210638,-0.005893820431083441,0.006059210281819105,6.9180833119608,25.81867259205319,7.5956662953831255
127,0.0,26.730859756469727,7.601560115814209,-1.0174360795645043e-05,-0.0014014532789587975,-0.005867194849997759,0.006032258737832308,-1.0174360795645043e-05,26.729458303190768,7.595692920964211
128,-6.918456077575684,25.82002830505371,7.601560115814209,0.0003497228608466685,-0.0013484654482454062,-0.005833963397890329,0.00599798234179616,-6.918106354714837,25.818679839605466,7.595726152416319
129,-13.365429878234863,23.14960479736328,7.601560115814209,0.0006798575632274151,-0.0012001830618828535,-0.005798885133117437,0.005960680544376373,-13.364750020671636,23.1484046143014,7.5957612306810915
130,-18.901573181152344,18.901573181152344,7.601560115814209,0.0009617935284040868,-0.0009761168039403856,-0.005779422353953123,0.005939661059528589,-18.90061138762394,18.900597064348403,7.595780693460256
131,-23.14960479736328,13.365429878234863,7.601560115814209,0.0011808372801169753,-0.000690513348672539,-0.005778043065220118,0.0059377579018473625,-23.148423960083164,13.36473936488619,7.595782072748989
132,-25.82002830505371,6.918456077575684,7.601560115814209,0.0013183694100007415,-0.00035754431155510247,-0.0057814293541014194,0.005940611474215984,-25.81870993564371,6.9180985332641285,7.595778686460108
133,-26.730859756469727,0.0,7.601560115814209,0.0013653766363859177,-4.0568768119812363e-19,-0.005783392116427422,0.005942379590123892,-26.72949437983334,-4.0568768119812363e-19,7.595776723697782
134,-25.82002830505371,-6.918456077575684,7.601560115814209,0.0013183694100007415,0.00035754431155510247,-0.0057814293541014194,0.005940611474215984,-25.81870993564371,-6.9180985332641285,7.595778686460108
135,-23.14960479736328,-13.365429878234863,7.601560115814209,0.0011808372801169753,0.000690513348672539,-0.005778043065220118,0.0059377579018473625,-23.148423960083164,-13.36473936488619,7.595782072748989
136,-18.901573181152344,-18.901573181152344,7.601560115814209,0.0009617935284040868,0.0009761168039403856,-0.005779422353953123,0.005939661059528589,-18.90061138762394,-18.900597064348403,7.595780693460256
137,-13.365429878234863,-23.14960479736328,7.601560115814209,0.0006798575632274151,0.0012001830618828535,-0.005798885133117437,0.005960680544376373,-13.364750020671636,-23.1484046143014,7.5957612306810915
138,-6.918456077575684,-25.82002830505371,7.601560115814209,0.0003497228608466685,0.0013484654482454062,-0.005833963397890329,0.00599798234179616,-6.918106354714837,-25.818679839605466,7.595726152416319
139,-0.0,-26.730859756469727,7.601560115814209,-1.0174360795645043e-05,0.0014014532789587975,-0.005867194849997759,0.006032258737832308,-1.0174360795645043e-05,-26.729458303190768,7.595692920964211
140,6.918456077575684,-25.82002830505371,7.601560115814209,-0.0003727656148839742,0.0013557130005210638,-0.005893820431083441,0.006059210281819105,6.9180833119608,-25.81867259205319,7.5956662953831255
141,13.365429878234863,-23.14960479736328,7.601560115814209,-0.0007118593202903867,0.0012157390592619777,-0.005912674590945244,0.006078197620809078,13.364718018914573,-23.14838905830402,7.595647441223264
142,18.901573181152344,-18.901573181152344,7.601560115814209,-0.0010044602677226067,0.0009933117544278502,-0.005926280748099089,0.006092323921620846,18.90056872088462,-18.900579869397916,7.59563383506611
143,23.14960479736328,-13.365429878234863,7.601560115814209,-0.0012319181114435196,0.0007039662450551987,-0.005938309244811535,0.0061054653488099575,23.148372879251838,-13.364725911989808,7.5956218065693974
144,25.82002830505371,-6.918456077575684,7.601560115814209,-0.0013764923205599189,0.0003651689912658185,-0.00594703434035182,0.0061151692643761635,25.81865181273315,-6.918090908584418,7.595613081473857
145,24.8630428314209,0.0,9.363289833068848,-0.0011172856902703643,4.978231420285543e-19,-0.005687694996595383,0.00579639570787549,24.861925545730628,4.978231420285543e-19,9.357602138072252
146,24.015853881835938,6.435029029846191,9.363289833068848,-0.0010782163590192795,-0.00028499303152784705,-0.005684609524905682,0.0057929749600589275,24.014775665476918,6.434744036814664,9.357605223543942
147,21.532026290893555,12.43152141571045,9.363289833068848,-0.0009642099612392485,-0.0005490162293426692,-0.0056760129518806934,0.005783445667475462,21.531062080932315,12.430972399481107,9.357613820116967
148,17.580825805664062,17.580825805664062,9.363289833068848,-0.0007848525419831276,-0.0007737464038655162,-0.005663758609443903,0.005769994575530291,17.58004095312208,17.580052059260197,9.357626074459404
149,12.43152141571045,21.532026290893555,9.363289833068848,-0.0005553418304771185,-0.000946938234847039,-0.005650936160236597,0.005756576545536518,12.430966073879972,21.531079352658708,9.357638896908611
150,6.435029029846191,24.015853881835938,9.363289833068848,-0.0002906851004809141,-0.001058624591678381,-0.005636623129248619,0.005742534529417753,6.4347383447457105,24.01479525724426,9.357653209939599
151,0.0,24.8630428314209,9.363289833068848,-6.976194981689332e-06,-0.0010993885807693005,-0.005617775022983551,0.005724343005567789,-6.976194981689332e-06,24.86194344284013,9.357672058045864
152,-6.435029029846191,24.015853881835938,9.363289833068848,0.00027621412300504744,-0.0010635374346747994,-0.0055939131416380405,0.005700813140720129,-6.434752815723186,24.014790344401263,9.35769591992721
153,-12.43152141571045,21.532026290893555,9.363289833068848,0.0005370033904910088,-0.0009508650400675833,-0.005567534361034632,0.005673619452863932,-12.430984412319958,21.531075425853487,9.357722298707813
154,-17.580825805664062,17.580825805664062,9.363289833068848,0.0007579594966955483,-0.0007737695705145597,-0.005548709537833929,0.005653441417962313,-17.580067846167367,17.580052036093548,9.357741123531014
155,-21.532026290893555,12.43152141571045,9.363289833068848,0.0009249153663404286,-0.0005455469945445657,-0.005539802368730307,0.005642916075885296,-21.531101375527214,12.430975868715905,9.357750030700117
156,-24.015853881835938,6.435029029846191,9.363289833068848,0.0010267854668200016,-0.00028133660089224577,-0.005535766016691923,0.005637210328131914,-24.014827096369117,6.434747693245299,9.357754067052156
157,-24.8630428314209,0.0,9.363289833068848,0.0010611155303195119,-6.88490961559018e-19,-0.0055349417962133884,0.005635738372802734,-24.86198171589058,-6.88490961559018e-19,9.357754891272634
158,-24.015853881835938,-6.435029029846191,9.363289833068848,0.0010267854668200016,0.00028133660089224577,-0.005535766016691923,0.005637210328131914,-24.014827096369117,-6.434747693245299,9.357754067052156
159,-21.532026290893555,-12.43152141571045,9.363289833068848,0.0009249153663404286,0.0005455469945445657,-0.005539802368730307,0.005642916075885296,-21.531101375527214,-12.430975868715905,9.357750030700117
160,-17.580825805664062,-17.580825805664062,9.363289833068848,0.0007579594966955483,0.0007737695705145597,-0.005548709537833929,0.005653441417962313,-17.580067846167367,-17.580052036093548,9.357741123531014
161,-12.43152141571045,-21.532026290893555,9.363289833068848,0.0005370033904910088,0.0009508650400675833,-0.005567534361034632,0.005673619452863932,-12.430984412319958,-21.531075425853487,9.357722298707813
162,-6.435029029846191,-24.015853881835938,9.363289833068848,0.00027621412300504744,0.0010635374346747994,-0.0055939131416380405,0.005700813140720129,-6.434752815723186,-24.014790344401263,9.35769591992721
163,-0.0,-24.8630428314209,9.363289833068848,-6.976194981689332e-06,0.0010993885807693005,-0.005617775022983551,0.005724343005567789,-6.976194981689332e-06,-24.86194344284013,9.357672058045864
164,6.435029029846191,-24.015853881835938,9.363289833068848,-0.0002906851004809141,0.001058624591678381,-0.005636623129248619,0.005742534529417753,6.4347383447457105,-24.01479525724426,9.357653209939599
165,12.43152141571045,-21.532026290893555,9.363289833068848,-0.0005553418304771185,0.000946938234847039,-0.005650936160236597,0.005756576545536518,12.430966073879972,-21.531079352658708,9.357638896908611
166,17.580825805664062,-17.580825805664062,9.363289833068848,-0.0007848525419831276,0.0007737464038655162,-0.005663758609443903,0.005769994575530291,17.58004095312208,-17.580052059260197,9.357626074459404
167,21.532026290893555,-12.43152141571045,9.363289833068848,-0.0009642099612392485,0.0005490162293426692,-0.0056760129518806934,0.005783445667475462,21.531062080932315,-12.430972399481107,9.357613820116967
168,24.015853881835938,-6.435029029846191,9.363289833068848,-0.0010782163590192795,0.00028499303152784705,-0.005684609524905682,0.0057929749600589275,24.014775665476918,-6.434744036814664,9.357605223543942
169,23.5282039642334,0.0,11.250774383544922,-0.0009249477880075574,5.403307646355239e-19,-0.005595154128968716,0.005671091377735138,23.52727901644539,5.403307646355239e-19,11.245179229415953
170,22.726499557495117,6.089547157287598,11.250774383544922,-0.0008925769943743944,-0.0002353132440475747,-0.005592327564954758,0.005667997524142265,22.725606980500743,6.08931184404355,11.245182055979967
171,20.376022338867188,11.7641019821167,11.250774383544922,-0.0007975720800459385,-0.0004529617144726217,-0.005584040656685829,0.005658869631588459,20.37522476678714,11.763649020402227,11.245190342888236
172,16.636953353881836,16.636953353881836,11.250774383544922,-0.0006474159890785813,-0.0006369086331687868,-0.0055714501067996025,0.005644985008984804,16.636305937892757,16.636316445248667,11.245202933438122
173,11.7641019821167,20.376022338867188,11.250774383544922,-0.00045623810729011893,-0.000777519540861249,-0.0055580297484993935,0.005630664527416229,11.763645744009409,20.375244819326326,11.245216353796422
174,6.089547157287598,22.726499557495117,11.250774383544922,-0.00023760648036841303,-0.0008697875891812146,-0.00554500799626112,0.00561783742159605,6.089309550807229,22.725629769905936,11.24522937554866
175,0.0,23.5282039642334,11.250774383544922,-3.506335360725643e-06,-0.000907973968423903,-0.005530574358999729,0.0056046126410365105,-3.506335360725643e-06,23.527295990264975,11.245243809185922
176,-6.089547157287598,22.726499557495117,11.250774383544922,0.00023213616805151105,-0.0008853520266711712,-0.005513092037290335,0.005588552448898554,-6.089315021119546,22.725614205468446,11.245261291507632
177,-11.7641019821167,20.376022338867188,11.250774383544922,0.0004505443212110549,-0.0007967530400492251,-0.005492580588907003,0.00556832505390048,-11.763651437795488,20.37522558582714,11.245281802956015
178,-16.636953353881836,16.636953353881836,11.250774383544922,0.0006332631455734372,-0.0006493372493423522,-0.005474474281072617,0.005549101624637842,-16.636320090736263,16.636304016632494,11.24529990926385
179,-20.376022338867188,11.7641019821167,11.250774383544922,0.000765712873544544,-0.0004554831248242408,-0.005460599437355995,0.005532804410904646,-20.375256625993643,11.763646498991875,11.245313784107566
180,-22.726499557495117,6.089547157287598,11.250774383544922,0.0008411582093685865,-0.0002331318537471816,-0.005450531840324402,0.005519981496036053,-22.72565839928575,6.0893140254338505,11.245323851704597
181,-23.5282039642334,0.0,11.250774383544922,0.0008652785327285528,-1.1988536705353875e-19,-0.005446963477879763,0.005515262018889189,-23.52733868570067,-1.1988536705353875e-19,11.245327420067042
182,-22.726499557495117,-6.089547157287598,11.250774383544922,0.0008411582093685865,0.0002331318537471816,-0.005450531840324402,0.005519981496036053,-22.72565839928575,-6.0893140254338505,11.245323851704597
183,-20.376022338867188,-11.7641019821167,11.250774383544922,0.000765712873544544,0.0004554831248242408,-0.005460599437355995,0.005532804410904646,-20.375256625993643,-11.763646498991875,11.245313784107566
184,-16.636953353881836,-16.636953353881836,11.250774383544922,0.0006332631455734372,0.0006493372493423522,-0.005474474281072617,0.005549101624637842,-16.636320090736263,-16.636304016632494,11.24529990926385
185,-11.7641019821167,-20.376022338867188,11.250774383544922,0.0004505443212110549,0.0007967530400492251,-0.005492580588907003,0.00556832505390048,-11.763651437795488,-20.37522558582714,11.245281802956015
186,-6.089547157287598,-22.726499557495117,11.250774383544922,0.00023213616805151105,0.0008853520266711712,-0.005513092037290335,0.005588552448898554,-6.089315021119546,-22.725614205468446,11.245261291507632
187,-0.0,-23.5282039642334,11.250774383544922,-3.506335360725643e-06,0.000907973968423903,-0.005530574358999729,0.0056046126410365105,-3.506335360725643e-06,-23.527295990264975,11.245243809185922
188,6.089547157287598,-22.726499557495117,11.250774383544922,-0.00023760648036841303,0.0008697875891812146,-0.00554500799626112,0.00561783742159605,6.089309550807229,-22.725629769905936,11.24522937554866
189,11.7641019821167,-20.376022338867188,11.250774383544922,-0.00045623810729011893,0.000777519540861249,-0.0055580297484993935,0.005630664527416229,11.763645744009409,-20.375244819326326,11.245216353796422
190,16.636953353881836,-16.636953353881836,11.250774383544922,-0.0006474159890785813,0.0006369086331687868,-0.0055714501067996025,0.005644985008984804,16.636305937892757,-16.636316445248667,11.245202933438122
191,20.376022338867188,-11.7641019821167,11.250774383544922,-0.0007975720800459385,0.0004529617144726217,-0.005584040656685829,0.005658869631588459,20.37522476678714,-11.763649020402227,11.245190342888236
192,22.726499557495117,-6.089547157287598,11.250774383544922,-0.0008925769943743944,0.0002353132440475747,-0.005592327564954758,0.005667997524142265,22.725606980500743,-6.08931184404355,11.245182055979967
193,22.19336700439453,0.0,13.138258934020996,-0.00073532375972718,6.022841626726963e-19,-0.005501126404851675,0.005550053436309099,22.192631680634804,6.022841626726963e-19,13.132757807616144
194,21.437145233154297,5.74406623840332,13.138258934020996,-0.0007096657645888627,-0.00018620364426169544,-0.005498600658029318,0.005547333043068647,21.436435567389708,5.743880034759059,13.132760333362967
195,19.220020294189453,11.09668254852295,13.138258934020996,-0.000633870018646121,-0.0003581592463888228,-0.005490873008966446,0.005538931116461754,19.219386424170807,11.09632438927656,13.13276806101203
196,15.693079948425293,15.693079948425293,13.138258934020996,-0.0005132918013259768,-0.0005024073761887848,-0.005478465463966131,0.0055253473110497,15.692566656623967,15.692577541049104,13.13278046855703
197,11.09668254852295,19.220020294189453,13.138258934020996,-0.0003599009069148451,-0.00061150046531111,-0.005464621353894472,0.005510494578629732,11.096322647616034,19.219408793724142,13.132794312667102
198,5.74406623840332,21.437145233154297,13.138258934020996,-0.0001859943731687963,-0.0006840655696578324,-0.005452265031635761,0.005498157348483801,5.7438802440301515,21.43646116758464,13.13280666898936
199,0.0,22.19336700439453,13.138258934020996,-3.2394902405030734e-07,-0.0007187651353888214,-0.005441455636173487,0.005488721188157797,-3.2394902405030734e-07,22.192648239259142,13.132817478384823
200,-5.74406623840332,21.437145233154297,13.138258934020996,0.00018824943981599063,-0.0007085388642735779,-0.005429877899587154,0.005479145795106888,-5.743877988963504,21.436436694290023,13.132829056121409
201,-11.09668254852295,19.220020294189453,13.138258934020996,0.0003642603987827897,-0.0006434653769247234,-0.00541473925113678,0.005464991554617882,-11.096318288124166,19.21937682881253,13.13284419476986
202,-15.693079948425293,15.693079948425293,13.138258934020996,0.0005095156375318766,-0.0005258826422505081,-0.005397715140134096,0.0054471539333462715,-15.692570432787761,15.692554065783042,13.132861218880862
203,-19.220020294189453,11.09668254852295,13.138258934020996,0.0006090584211051464,-0.0003673012543004006,-0.005380135029554367,0.005426943302154541,-19.219411235768348,11.096315247268649,13.132878798991442
204,-21.437145233154297,5.74406623840332,13.138258934020996,0.0006598648033104837,-0.00018641341011971235,-0.0053648436442017555,0.005408485885709524,-21.436485368350986,5.743879824993201,13.132894090376794
205,-22.19336700439453,0.0,13.138258934020996,0.0006743725971318781,-4.549586426860564e-19,-0.005358762573450804,0.005401029251515865,-22.1926926317974,-4.549586426860564e-19,13.132900171447545
206,-21.437145233154297,-5.74406623840332,13.138258934020996,0.0006598648033104837,0.00018641341011971235,-0.0053648436442017555,0.005408485885709524,-21.436485368350986,-5.743879824993201,13.132894090376794
207,-19.220020294189453,-11.09668254852295,13.138258934020996,0.0006090584211051464,0.0003673012543004006,-0.005380135029554367,0.005426943302154541,-19.219411235768348,-11.096315247268649,13.132878798991442
208,-15.693079948425293,-15.693079948425293,13.138258934020996,0.0005095156375318766,0.0005258826422505081,-0.005397715140134096,0.0054471539333462715,-15.692570432787761,-15.692554065783042,13.132861218880862
209,-11.09668254852295,-19.220020294189453,13.138258934020996,0.0003642603987827897,0.0006434653769247234,-0.00541473925113678,0.005464991554617882,-11.096318288124166,-19.21937682881253,13.13284419476986
210,-5.74406623840332,-21.437145233154297,13.138258934020996,0.00018824943981599063,0.0007085388642735779,-0.005429877899587154,0.005479145795106888,-5.743877988963504,-21.436436694290023,13.132829056121409
211,-0.0,-22.19336700439453,13.138258934020996,-3.2394902405030734e-07,0.0007187651353888214,-0.005441455636173487,0.005488721188157797,-3.2394902405030734e-07,-22.192648239259142,13.132817478384823
212,5.74406623840332,-21.437145233154297,13.138258934020996,-0.0001859943731687963,0.0006840655696578324,-0.005452265031635761,0.005498157348483801,5.7438802440301515,-21.43646116758464,13.13280666898936
213,11.09668254852295,-19.220020294189453,13.138258934020996,-0.0003599009069148451,0.00061150046531111,-0.005464621353894472,0.005510494578629732,11.096322647616034,-19.219408793724142,13.132794312667102
214,15.693079948425293,-15.693079948425293,13.138258934020996,-0.0005132918013259768,0.0005024073761887848,-0.005478465463966131,0.0055253473110497,15.692566656623967,-15.692577541049104,13.13278046855703
215,19.220020294189453,-11.09668254852295,13.138258934020996,-0.000633870018646121,0.0003581592463888228,-0.005490873008966446,0.005538931116461754,19.219386424170807,-11.09632438927656,13.13276806101203
216,21.437145233154297,-5.74406623840332,13.138258934020996,-0.0007096657645888627,0.00018620364426169544,-0.005498600658029318,0.005547333043068647,21.436435567389708,-5.743880034759059,13.132760333362967
217,21.374425888061523,0.0,15.10483169555664,-0.0005833496106788516,6.903646807428155e-20,-0.0054678283631801605,0.005498858168721199,21.373842538450845,6.903646807428155e-20,15.09936386719346
218,20.646108627319336,5.532107830047607,15.10483169555664,-0.0005629810621030629,-0.00014704535715281963,-0.005465473048388958,0.005496359430253506,20.645545646257233,5.531960784690455,15.099366222508252
219,18.51079559326172,10.687212944030762,15.10483169555664,-0.0005026202998124063,-0.00028268565074540675,-0.0054582287557423115,0.005488606169819832,18.510292972961906,10.686930258380016,15.099373466800898
220,15.114001274108887,15.114001274108887,15.10483169555664,-0.00040591671131551266,-0.0003955413121730089,-0.005446340423077345,0.005475750658661127,15.113595357397571,15.113605732796714,15.099385355133563
221,10.687212944030762,18.51079559326172,15.10483169555664,-0.0002827628923114389,-0.00047887887922115624,-0.005432478152215481,0.005460869520902634,10.68693018113845,18.510316714382498,15.099399217404425
222,5.532107830047607,20.646108627319336,15.10483169555664,-0.0001446686510462314,-0.0005339144845493138,-0.0054201590828597546,0.005448313429951668,5.531963161396561,20.645574712834787,15.09941153647378
223,0.0,21.374425888061523,15.10483169555664,1.5349359046012978e-06,-0.0005642184405587614,-0.00541082676500082,0.005440164357423782,1.5349359046012978e-06,21.373861669620965,15.09942086879164
224,-5.532107830047607,20.646108627319336,15.10483169555664,0.00015188347606454045,-0.00056362064788118,-0.005402134731411934,0.005433580372482538,-5.531955946571543,20.645545006671455,15.099429560825229
225,-10.687212944030762,18.51079559326172,15.10483169555664,0.0002940541598945856,-0.0005175295518711209,-0.005389911588281393,0.005422679241746664,-10.686918889870867,18.510278063709848,15.09944178396836
226,-15.114001274108887,15.114001274108887,15.10483169555664,0.0004095086769666523,-0.0004241604474373162,-0.005373747553676367,0.0054059941321611404,-15.11359176543192,15.11357711366145,15.099457948002964
227,-18.51079559326172,10.687212944030762,15.10483169555664,0.0004832504200749099,-0.0002941401326097548,-0.005354777444154024,0.005384578835219145,-18.510312342841644,10.686918803898152,15.099476918112487
228,-20.646108627319336,5.532107830047607,15.10483169555664,0.0005143526359461248,-0.00014740081678610295,-0.005337354261428118,0.005364106502383947,-20.64559427468339,5.531960429230821,15.099494341295213
229,-21.374425888061523,0.0,15.10483169555664,0.0005210282397456467,4.564337642121799e-19,-0.005330145824700594,0.005355550907552242,-21.373904859821778,4.564337642121799e-19,15.09950154973194
230,-20.646108627319336,-5.532107830047607,15.10483169555664,0.0005143526359461248,0.00014740081678610295,-0.005337354261428118,0.005364106502383947,-20.64559427468339,-5.531960429230821,15.099494341295213
231,-18.51079559326172,-10.687212944030762,15.10483169555664,0.0004832504200749099,0.0002941401326097548,-0.005354777444154024,0.005384578835219145,-18.510312342841644,-10.686918803898152,15.099476918112487
232,-15.114001274108887,-15.114001274108887,15.10483169555664,0.0004095086769666523,0.0004241604474373162,-0.005373747553676367,0.0054059941321611404,-15.11359176543192,-15.11357711366145,15.099457948002964
233,-10.687212944030762,-18.51079559326172,15.10483169555664,0.0002940541598945856,0.0005175295518711209,-0.005389911588281393,0.005422679241746664,-10.686918889870867,-18.510278063709848,15.09944178396836
234,-5.532107830047607,-20.646108627319336,15.10483169555664,0.00015188347606454045,0.00056362064788118,-0.005402134731411934,0.005433580372482538,-5.531955946571543,-20.645545006671455,15.099429560825229
235,-0.0,-21.374425888061523,15.10483169555664,1.5349359046012978e-06,0.0005642184405587614,-0.00541082676500082,0.005440164357423782,1.5349359046012978e-06,-21.373861669620965,15.09942086879164
236,5.532107830047607,-20.646108627319336,15.10483169555664,-0.0001446686510462314,0.0005339144845493138,-0.0054201590828597546,0.005448313429951668,5.531963161396561,-20.645574712834787,15.09941153647378
237,10.687212944030762,-18.51079559326172,15.10483169555664,-0.0002827628923114389,0.00047887887922115624,-0.005432478152215481,0.005460869520902634,10.68693018113845,-18.510316714382498,15.099399217404425
238,15.114001274108887,-15.114001274108887,15.10483169555664,-0.00040591671131551266,0.0003955413121730089,-0.005446340423077345,0.005475750658661127,15.113595357397571,-15.113605732796714,15.099385355133563
239,18.51079559326172,-10.687212944030762,15.10483169555664,-0.0005026202998124063,0.00028268565074540675,-0.0054582287557423115,0.005488606169819832,18.510292972961906,-10.686930258380016,15.099373466800898
240,20.646108627319336,-5.532107830047607,15.10483169555664,-0.0005629810621030629,0.00014704535715281963,-0.005465473048388958,0.005496359430253506,20.645545646257233,-5.531960784690455,15.099366222508252
241,20.555482864379883,0.0,17.0714054107666,-0.0004743174940813333,-8.270723035915715e-20,-0.0054503739811480045,0.005470973439514637,20.5550085468858,-8.270723035915715e-20,17.065955036785454
242,19.855072021484375,5.320150852203369,17.0714054107666,-0.000457680580439046,-0.0001188549431390129,-0.005448131822049618,0.005468613933771849,19.854614340903936,5.32003199726023,17.065957278944552
243,17.801570892333984,10.277742385864258,17.0714054107666,-0.0004085122200194746,-0.00022832825197838247,-0.005441321991384029,0.005461410153657198,17.801162380113965,10.27751405761228,17.065964088775218
244,14.534921646118164,14.534921646118164,17.0714054107666,-0.0003295821661595255,-0.00031888068770058453,-0.005430157762020826,0.005449488293379545,14.534592063952005,14.534602765430463,17.06597525300458
245,10.277742385864258,17.801570892333984,17.0714054107666,-0.00022853436530567706,-0.00038436203612945974,-0.005416667088866234,0.005435093771666288,10.277513851498952,17.801186530297855,17.065988743677735
246,5.320150852203369,19.855072021484375,17.0714054107666,-0.0001156779399025254,-0.00042664309148676693,-0.005404396448284388,0.005422444548457861,5.320035174263467,19.85464537839289,17.066001014318317
247,0.0,20.555482864379883,17.0714054107666,2.940949798357906e-06,-0.0004524319665506482,-0.005395782645791769,0.005414718296378851,2.940949798357906e-06,20.555030432413332,17.06600962812081
248,-5.320150852203369,19.855072021484375,17.0714054107666,0.00012568564852699637,-0.00045728334225714207,-0.00538887083530426,0.005409698002040386,-5.320025166554842,19.854614738142118,17.066016539931297
249,-10.277742385864258,17.801570892333984,17.0714054107666,0.000242636029724963,-0.00042442764970473945,-0.005378684960305691,0.005400857422500849,-10.277499749834533,17.80114646468428,17.066026725806296
250,-14.534921646118164,14.534921646118164,17.0714054107666,0.0003363100695423782,-0.00034918281016871333,-0.005363381002098322,0.005385247059166431,-14.534585336048622,14.534572463307995,17.066042029764503
251,-17.801570892333984,10.277742385864258,17.0714054107666,0.0003924111952073872,-0.00024140022287610918,-0.005344083532691002,0.005363906268030405,-17.801178481138777,10.277500985641382,17.06606132723391
252,-19.855072021484375,5.320150852203369,17.0714054107666,0.0004117421340197325,-0.00012007747864117846,-0.005326003767549992,0.005343244876712561,-19.854660279350355,5.320030774724728,17.06607940699905
253,-20.555482864379883,0.0,17.0714054107666,0.0004141432582400739,3.9290412181899944e-19,-0.005318428389728069,0.005334528628736734,-20.555068721121643,3.9290412181899944e-19,17.066086982376873
254,-19.855072021484375,-5.320150852203369,17.0714054107666,0.0004117421340197325,0.00012007747864117846,-0.005326003767549992,0.005343244876712561,-19.854660279350355,-5.320030774724728,17.06607940699905
255,-17.801570892333984,-10.277742385864258,17.0714054107666,0.0003924111952073872,0.00024140022287610918,-0.005344083532691002,0.005363906268030405,-17.801178481138777,-10.277500985641382,17.06606132723391
256,-14.534921646118164,-14.534921646118164,17.0714054107666,0.0003363100695423782,0.00034918281016871333,-0.005363381002098322,0.005385247059166431,-14.534585336048622,-14.534572463307995,17.066042029764503
257,-10.277742385864258,-17.801570892333984,17.0714054107666,0.000242636029724963,0.00042442764970473945,-0.005378684960305691,0.005400857422500849,-10.277499749834533,-17.80114646468428,17.066026725806296
258,-5.320150852203369,-19.855072021484375,17.0714054107666,0.00012568564852699637,0.00045728334225714207,-0.00538887083530426,0.005409698002040386,-5.320025166554842,-19.854614738142118,17.066016539931297
259,-0.0,-20.555482864379883,17.0714054107666,2.940949798357906e-06,0.0004524319665506482,-0.005395782645791769,0.005414718296378851,2.940949798357906e-06,-20.555030432413332,17.06600962812081
260,5.320150852203369,-19.855072021484375,17.0714054107666,-0.0001156779399025254,0.00042664309148676693,-0.005404396448284388,0.005422444548457861,5.320035174263467,-19.85464537839289,17.066001014318317
261,10.277742385864258,-17.801570892333984,17.0714054107666,-0.00022853436530567706,0.00038436203612945974,-0.005416667088866234,0.005435093771666288,10.277513851498952,-17.801186530297855,17.065988743677735
262,14.534921646118164,-14.534921646118164,17.0714054107666,-0.0003295821661595255,0.00031888068770058453,-0.005430157762020826,0.005449488293379545,14.534592063952005,-14.534602765430463,17.06597525300458
263,17.801570892333984,-10.277742385864258,17.0714054107666,-0.0004085122200194746,0.00022832825197838247,-0.005441321991384029,0.005461410153657198,17.801162380113965,-10.27751405761228,17.065964088775218
264,19.855072021484375,-5.320150852203369,17.0714054107666,-0.000457680580439046,0.0001188549431390129,-0.005448131822049618,0.005468613933771849,19.854614340903936,-5.32003199726023,17.065957278944552
265,20.237306594848633,0.0,19.076425552368164,-0.0003902977623511106,-1.2075432804184395e-18,-0.005459949839860201,0.005473881959915161,20.23691629708628,-1.2075432804184395e-18,19.070965602528304
266,19.54773712158203,5.2378010749816895,19.076425552368164,-0.0003763512650039047,-9.726720600156114e-05,-0.005457776598632336,0.005471601616591215,19.547360770317027,5.237703807775688,19.07096777576953
267,17.52602195739746,10.118654251098633,19.076425552368164,-0.00033555098343640566,-0.00018666425603441894,-0.0054512410424649715,0.0054647475481033325,17.525686406414025,10.118467586842598,19.0709743113257
268,14.3099365234375,14.3099365234375,19.076425552368164,-0.00027050747303292155,-0.00026045594131574035,-0.005440652370452881,0.005453595891594887,14.309666015964467,14.309676067496184,19.07098489999771
269,10.118654251098633,17.52602195739746,19.076425552368164,-0.00018712101154960692,-0.00031288512400351465,-0.005427803844213486,0.005440033506602049,10.118467130087083,17.525709072273457,19.07099774852395
270,5.2378010749816895,19.54773712158203,19.076425552368164,-9.418228000868112e-05,-0.00034490495454519987,-0.00541601562872529,0.005427803844213486,5.237706892701681,19.547392216627486,19.07100953673944
271,0.0,20.237306594848633,19.076425552368164,2.3629404495295603e-06,-0.0003645889228209853,-0.005407769698649645,0.005420046392828226,2.3629404495295603e-06,20.236942005925812,19.071017782669514
272,-5.2378010749816895,19.54773712158203,19.076425552368164,0.00010270352504448965,-0.00037095299921929836,-0.00540136219933629,0.00541505916044116,-5.237698371456645,19.547366168582812,19.071024190168828
273,-10.118654251098633,17.52602195739746,19.076425552368164,0.00019981090736109763,-0.00034717144444584846,-0.005391979590058327,0.005406837910413742,-10.118454440191272,17.525674785953015,19.071033572778106
274,-14.3099365234375,14.3099365234375,19.076425552368164,0.00027693205629475415,-0.0002859226951841265,-0.005377105437219143,0.005391818471252918,-14.309659591381205,14.309650600742316,19.071048446930945
275,-17.52602195739746,10.118654251098633,19.076425552368164,0.00032112732878886163,-0.000196404434973374,-0.00535797281190753,0.005371179431676865,-17.525700830068672,10.11845784666366,19.071067579556257
276,-19.54773712158203,5.2378010749816895,19.076425552368164,0.000334876065608114,-9.704867261461914e-05,-0.005340308882296085,0.005351678468286991,-19.547402245516423,5.237704026309075,19.071085243485868
277,-20.237306594848633,0.0,19.076425552368164,0.00033618256566114724,5.367424034394806e-19,-0.005332957487553358,0.005343543365597725,-20.23697041228297,5.367424034394806e-19,19.07109259488061
278,-19.54773712158203,-5.2378010749816895,19.076425552368164,0.000334876065608114,9.704867261461914e-05,-0.005340308882296085,0.005351678468286991,-19.547402245516423,-5.237704026309075,19.071085243485868
279,-17.52602195739746,-10.118654251098633,19.076425552368164,0.00032112732878886163,0.000196404434973374,-0.00535797281190753,0.005371179431676865,-17.525700830068672,-10.11845784666366,19.071067579556257
280,-14.3099365234375,-14.3099365234375,19.076425552368164,0.00027693205629475415,0.0002859226951841265,-0.005377105437219143,0.005391818471252918,-14.309659591381205,-14.309650600742316,19.071048446930945
281,-10.118654251098633,-17.52602195739746,19.076425552368164,0.00019981090736109763,0.00034717144444584846,-0.005391979590058327,0.005406837910413742,-10.118454440191272,-17.525674785953015,19.071033572778106
282,-5.2378010749816895,-19.54773712158203,19.076425552368164,0.00010270352504448965,0.00037095299921929836,-0.00540136219933629,0.00541505916044116,-5.237698371456645,-19.547366168582812,19.071024190168828
283,-0.0,-20.237306594848633,19.076425552368164,2.3629404495295603e-06,0.0003645889228209853,-0.005407769698649645,0.005420046392828226,2.3629404495295603e-06,-20.236942005925812,19.071017782669514
284,5.2378010749816895,-19.54773712158203,19.076425552368164,-9.418228000868112e-05,0.00034490495454519987,-0.00541601562872529,0.005427803844213486,5.237706892701681,-19.547392216627486,19.07100953673944
285,10.118654251098633,-17.52602195739746,19.076425552368164,-0.00018712101154960692,0.00031288512400351465,-0.005427803844213486,0.005440033506602049,10.118467130087083,-17.525709072273457,19.07099774852395
286,14.3099365234375,-14.3099365234375,19.076425552368164,-0.00027050747303292155,0.00026045594131574035,-0.005440652370452881,0.005453595891594887,14.309666015964467,-14.309676067496184,19.07098489999771
287,17.52602195739746,-10.118654251098633,19.076425552368164,-0.00033555098343640566,0.00018666425603441894,-0.0054512410424649715,0.0054647475481033325,17.525686406414025,-10.118467586842598,19.0709743113257
288,19.54773712158203,-5.2378010749816895,19.076425552368164,-0.0003763512650039047,9.726720600156114e-05,-0.005457776598632336,0.005471601616591215,19.547360770317027,-5.237703807775688,19.07096777576953
289,19.919130325317383,0.0,21.081445693969727,-0.000321633939165622,-8.424377004576268e-19,-0.0054704113863408566,0.005479858256876469,19.918808691378217,-8.424377004576268e-19,21.075975282583386
290,19.240402221679688,5.155450820922852,21.081445693969727,-0.00030984802288003266,-7.955426553962752e-05,-0.005468296352773905,0.005477645434439182,19.240092373656807,5.155371266657312,21.075977397616953
291,17.25047492980957,9.959566116333008,21.081445693969727,-0.0002758607151918113,-0.00015245750546455383,-0.0054620057344436646,0.0054710921831429005,17.25019906909438,9.959413658827543,21.075983688235283
292,14.084953308105469,14.084953308105469,21.081445693969727,-0.00022259815887082368,-0.00021270224533509463,-0.005452001001685858,0.005460687447339296,14.084730709946598,14.084740605860134,21.07599369296804
293,9.959566116333008,17.25047492980957,21.081445693969727,-0.0001545368431834504,-0.00025555960019119084,-0.005439931061118841,0.005448122974485159,9.959411579489824,17.25021937020938,21.076005762908608
294,5.155450820922852,19.240402221679688,21.081445693969727,-7.808141526766121e-05,-0.0002803336828947067,-0.005428750533610582,0.005436544306576252,5.155372739507584,19.240121887996793,21.076016943436116
295,0.0,19.919130325317383,21.081445693969727,1.280902552025509e-06,-0.00029381579952314496,-0.005420668516308069,0.005428625736385584,1.280902552025509e-06,19.91883650951786,21.07602502545342
296,-5.155450820922852,19.240402221679688,21.081445693969727,8.31451834528707e-05,-0.00029798527248203754,-0.005414272658526897,0.005423103924840689,-5.155367675739399,19.240104236407205,21.0760314213112
297,-9.959566116333008,17.25047492980957,21.081445693969727,0.00016239014803431928,-0.0002794167085085064,-0.005405270028859377,0.005414922721683979,-9.959403726184973,17.250195513101062,21.076040423940867
298,-14.084953308105469,14.084953308105469,21.081445693969727,0.00022538994380738586,-0.00023030443117022514,-0.005390816368162632,0.005400438793003559,-14.084727918161661,14.084723003674299,21.076054877601564
299,-17.25047492980957,9.959566116333008,21.081445693969727,0.00026201005675829947,-0.00015835357771720737,-0.005372281186282635,0.005380996968597174,-17.250212919752812,9.95940776275529,21.076073412783444
300,-19.240402221679688,5.155450820922852,21.081445693969727,0.000275672588031739,-7.863631617510691e-05,-0.00535563426092267,0.005363300908356905,-19.240126549091656,5.1553721846066765,21.076090059708804
301,-19.919130325317383,0.0,21.081445693969727,0.000278535473626107,6.330540406887501e-19,-0.005348817445337772,0.005356064531952143,-19.918851789843757,6.330540406887501e-19,21.07609687652439
302,-19.240402221679688,-5.155450820922852,21.081445693969727,0.000275672588031739,7.863631617510691e-05,-0.00535563426092267,0.005363300908356905,-19.240126549091656,-5.1553721846066765,21.076090059708804
303,-17.25047492980957,-9.959566116333008,21.081445693969727,0.00026201005675829947,0.00015835357771720737,-0.005372281186282635,0.005380996968597174,-17.250212919752812,-9.95940776275529,21.076073412783444
304,-14.084953308105469,-14.084953308105469,21.081445693969727,0.00022538994380738586,0.00023030443117022514,-0.005390816368162632,0.005400438793003559,-14.084727918161661,-14.084723003674299,21.076054877601564
305,-9.959566116333008,-17.25047492980957,21.081445693969727,0.00016239014803431928,0.0002794167085085064,-0.005405270028859377,0.005414922721683979,-9.959403726184973,-17.250195513101062,21.076040423940867
306,-5.155450820922852,-19.240402221679688,21.081445693969727,8.31451834528707e-05,0.00029798527248203754,-0.005414272658526897,0.005423103924840689,-5.155367675739399,-19.240104236407205,21.0760314213112
307,-0.0,-19.919130325317383,21.081445693969727,1.280902552025509e-06,0.00029381579952314496,-0.005420668516308069,0.005428625736385584,1.280902552025509e-06,-19.91883650951786,21.07602502545342
308,5.155450820922852,-19.240402221679688,21.081445693969727,-7.808141526766121e-05,0.0002803336828947067,-0.005428750533610582,0.005436544306576252,5.155372739507584,-19.240121887996793,21.076016943436116
309,9.959566116333008,-17.25047492980957,21.081445693969727,-0.0001545368431834504,0.00025555960019119084,-0.005439931061118841,0.005448122974485159,9.959411579489824,-17.25021937020938,21.076005762908608
310,14.084953308105469,-14.084953308105469,21.081445693969727,-0.00022259815887082368,0.00021270224533509463,-0.005452001001685858,0.005460687447339296,14.084730709946598,-14.084740605860134,21.07599369296804
311,17.25047492980957,-9.959566116333008,21.081445693969727,-0.0002758607151918113,0.00015245750546455383,-0.0054620057344436646,0.0054710921831429005,17.25019906909438,-9.959413658827543,21.075983688235283
312,19.240402221679688,-5.155450820922852,21.081445693969727,-0.00030984802288003266,7.955426553962752e-05,-0.005468296352773905,0.005477645434439182,19.240092373656807,-5.155371266657312,21.075977397616953
313,20.09393882751465,0.0,23.09049415588379,-0.00025791494408622384,-1.4259412960089778e-18,-0.005495294462889433,0.005501343868672848,20.093680912570562,-1.4259412960089778e-18,23.0849988614209
314,19.40925407409668,5.2006940841674805,23.09049415588379,-0.00024806312285363674,-6.329852476483211e-05,-0.005493272561579943,0.005499234888702631,19.409006010973826,5.200630785642716,23.08500088332221
315,17.4018611907959,10.046969413757324,23.09049415588379,-0.00022019451716914773,-0.00012093975237803534,-0.005487211514264345,0.005492959171533585,17.40164099627873,10.046848474004946,23.085006944369525
316,14.208560943603516,14.208560943603516,23.09049415588379,-0.00017775002925191075,-0.00016866301302798092,-0.005477477330714464,0.005482955370098352,14.208383193574264,14.208392280590488,23.085016678553075
317,10.046969413757324,17.4018611907959,23.09049415588379,-0.000124399593914859,-0.00020330052939243615,-0.005465637426823378,0.0054708318784832954,10.04684501416341,17.401657890266506,23.085028518456966
318,5.2006940841674805,19.40925407409668,23.09049415588379,-6.385813321685418e-05,-0.00022223526320885867,-0.005455014295876026,0.005459912586957216,5.200630226034264,19.40903183883347,23.085039141587913
319,0.0,20.09393882751465,23.09049415588379,-1.1688971426337957e-06,-0.00022859423188492656,-0.005448145791888237,0.005452939309179783,-1.1688971426337957e-06,20.093710233282764,23.0850460100919
320,-5.2006940841674805,19.40925407409668,23.09049415588379,6.22057486907579e-05,-0.0002272481651743874,-0.005443240515887737,0.0054483371786773205,-5.20063187841879,19.409026825931505,23.0850509153679
321,-10.046969413757324,17.4018611907959,23.09049415588379,0.00012369350588414818,-0.00021089740039315075,-0.0054353685118258,0.005440864711999893,-10.04684572025144,17.401650293395505,23.085058787371963
322,-14.208560943603516,14.208560943603516,23.09049415588379,0.00017371604917570949,-0.000173062871908769,-0.005420922767370939,0.005426465999335051,-14.20838722755434,14.208387880731607,23.085073233116418
323,-17.4018611907959,10.046969413757324,23.09049415588379,0.00020565156592056155,-0.000119338437798433,-0.005401295144110918,0.005406525917351246,-17.401655539229978,10.046850075319526,23.085092860739678
324,-19.40925407409668,5.2006940841674805,23.09049415588379,0.0002229318633908406,-6.029870201018639e-05,-0.005383233539760113,0.005388184916228056,-19.40903114223329,5.20063378546547,23.08511092234403
325,-20.09393882751465,0.0,23.09049415588379,0.0002293098223162815,8.963314641963888e-19,-0.005375709850341082,0.005380598362535238,-20.093709517692332,8.963314641963888e-19,23.085118446033448
326,-19.40925407409668,-5.2006940841674805,23.09049415588379,0.0002229318633908406,6.029870201018639e-05,-0.005383233539760113,0.005388184916228056,-19.40903114223329,-5.20063378546547,23.08511092234403
327,-17.4018611907959,-10.046969413757324,23.09049415588379,0.00020565156592056155,0.000119338437798433,-0.005401295144110918,0.005406525917351246,-17.401655539229978,-10.046850075319526,23.085092860739678
328,-14.208560943603516,-14.208560943603516,23.09049415588379,0.00017371604917570949,0.000173062871908769,-0.005420922767370939,0.005426465999335051,-14.20838722755434,-14.208387880731607,23.085073233116418
329,-10.046969413757324,-17.4018611907959,23.09049415588379,0.00012369350588414818,0.00021089740039315075,-0.0054353685118258,0.005440864711999893,-10.04684572025144,-17.401650293395505,23.085058787371963
330,-5.2006940841674805,-19.40925407409668,23.09049415588379,6.22057486907579e-05,0.0002272481651743874,-0.005443240515887737,0.0054483371786773205,-5.20063187841879,-19.409026825931505,23.0850509153679
331,-0.0,-20.09393882751465,23.09049415588379,-1.1688971426337957e-06,0.00022859423188492656,-0.005448145791888237,0.005452939309179783,-1.1688971426337957e-06,-20.093710233282764,23.0850460100919
332,5.2006940841674805,-19.40925407409668,23.09049415588379,-6.385813321685418e-05,0.00022223526320885867,-0.005455014295876026,0.005459912586957216,5.200630226034264,-19.40903183883347,23.085039141587913
333,10.046969413757324,-17.4018611907959,23.09049415588379,-0.000124399593914859,0.00020330052939243615,-0.005465637426823378,0.0054708318784832954,10.04684501416341,-17.401657890266506,23.085028518456966
334,14.208560943603516,-14.208560943603516,23.09049415588379,-0.00017775002925191075,0.00016866301302798092,-0.005477477330714464,0.005482955370098352,14.208383193574264,-14.208392280590488,23.085016678553075
335,17.4018611907959,-10.046969413757324,23.09049415588379,-0.00022019451716914773,0.00012093975237803534,-0.005487211514264345,0.005492959171533585,17.40164099627873,-10.046848474004946,23.085006944369525
336,19.40925407409668,-5.2006940841674805,23.09049415588379,-0.00024806312285363674,6.329852476483211e-05,-0.005493272561579943,0.005499234888702631,19.409006010973826,-5.200630785642716,23.08500088332221
337,20.268747329711914,0.0,25.099544525146484,-0.0002000905224122107,-1.593095679447009e-18,-0.005518281366676092,0.005521907936781645,20.268547239189502,-1.593095679447009e-18,25.09402624377981
338,19.578105926513672,5.245937824249268,25.099544525146484,-0.00019208593585062772,-4.854826693190262e-05,-0.005516339093446732,0.005519895814359188,19.57791384057782,5.245889275982336,25.094028186053038
339,17.55324935913086,10.13437271118164,25.099544525146484,-0.00016990135191008449,-9.24539053812623e-05,-0.00551047595217824,0.005513869691640139,17.55307945777895,10.13428025727626,25.094034049194306
340,14.332167625427246,14.332167625427246,25.099544525146484,-0.000137344904942438,-0.00012894734391011298,-0.005500979721546173,0.0055042048916220665,14.332030280522304,14.332038678083336,25.094043545424938
341,10.13437271118164,17.55324935913086,25.099544525146484,-9.754120401339605e-05,-0.00015647205873392522,-0.00548932421952486,0.005492419935762882,10.134275169977627,17.553092887072125,25.09405520092696
342,5.245937824249268,19.578105926513672,25.099544525146484,-5.182061795494519e-05,-0.00017085130093619227,-0.005479129962623119,0.005482038017362356,5.245886003631313,19.577935075212736,25.09406539518386
343,0.0,20.268747329711914,25.099544525146484,-3.998269221483497e-06,-0.0001707810879452154,-0.005473343189805746,0.005476008169353008,-3.998269221483497e-06,20.26857654862397,25.09407118195668
344,-5.245937824249268,19.578105926513672,25.099544525146484,4.2543681047391146e-05,-0.0001618971291463822,-0.005470035597681999,0.0054725962691009045,-5.24589528056822,19.577944029384525,25.094074489548802
345,-10.13437271118164,17.55324935913086,25.099544525146484,8.634995174361393e-05,-0.00014475810166914016,-0.005463569425046444,0.005466168746352196,-10.134286361229897,17.55310460102919,25.094080955721438
346,-14.332167625427246,14.332167625427246,25.099544525146484,0.0001242559519596398,-0.00011764389637392014,-0.00544911390170455,0.005451799836009741,-14.332043369475286,14.332049981530872,25.09409541124478
347,-17.55324935913086,10.13437271118164,25.099544525146484,0.000154291934450157,-8.279883331852034e-05,-0.0054281107150018215,0.005430934019386768,-17.55309506719641,10.134289912348322,25.094116414431483
348,-19.578105926513672,5.245937824249268,25.099544525146484,0.0001772312680259347,-4.341011663200334e-05,-0.005408536642789841,0.00541161373257637,-19.577928695245646,5.245894414132636,25.094135988503695
349,-20.268747329711914,0.0,25.099544525146484,0.00018736469792202115,3.655803040842357e-19,-0.005400341469794512,0.005403590854257345,-20.268559965013992,3.655803040842357e-19,25.09414418367669
350,-19.578105926513672,-5.245937824249268,25.099544525146484,0.0001772312680259347,4.341011663200334e-05,-0.005408536642789841,0.00541161373257637,-19.577928695245646,-5.245894414132636,25.094135988503695
351,-17.55324935913086,-10.13437271118164,25.099544525146484,0.000154291934450157,8.279883331852034e-05,-0.0054281107150018215,0.005430934019386768,-17.55309506719641,-10.134289912348322,25.094116414431483
352,-14.332167625427246,-14.332167625427246,25.099544525146484,0.0001242559519596398,0.00011764389637392014,-0.00544911390170455,0.005451799836009741,-14.332043369475286,-14.332049981530872,25.09409541124478
353,-10.13437271118164,-17.55324935913086,25.099544525146484,8.634995174361393e-05,0.00014475810166914016,-0.005463569425046444,0.005466168746352196,-10.134286361229897,-17.55310460102919,25.094080955721438
354,-5.245937824249268,-19.578105926513672,25.099544525146484,4.2543681047391146e-05,0.0001618971291463822,-0.005470035597681999,0.0054725962691009045,-5.24589528056822,-19.577944029384525,25.094074489548802
355,-0.0,-20.268747329711914,25.099544525146484,-3.998269221483497e-06,0.0001707810879452154,-0.005473343189805746,0.005476008169353008,-3.998269221483497e-06,-20.26857654862397,25.09407118195668
356,5.245937824249268,-19.578105926513672,25.099544525146484,-5.182061795494519e-05,0.00017085130093619227,-0.005479129962623119,0.005482038017362356,5.245886003631313,-19.577935075212736,25.09406539518386
357,10.13437271118164,-17.55324935913086,25.099544525146484,-9.754120401339605e-05,0.00015647205873392522,-0.00548932421952486,0.005492419935762882,10.134275169977627,-17.553092887072125,25.09405520092696
358,14.332167625427246,-14.332167625427246,25.099544525146484,-0.000137344904942438,0.00012894734391011298,-0.005500979721546173,0.0055042048916220665,14.332030280522304,-14.332038678083336,25.094043545424938
359,17.55324935913086,-10.13437271118164,25.099544525146484,-0.00016990135191008449,9.24539053812623e-05,-0.00551047595217824,0.005513869691640139,17.55307945777895,-10.13428025727626,25.094034049194306
360,19.578105926513672,-5.245937824249268,25.099544525146484,-0.00019208593585062772,4.854826693190262e-05,-0.005516339093446732,0.005519895814359188,19.57791384057782,-5.245889275982336,25.094028186053038
361,20.940584182739258,0.0,27.080230712890625,-0.0001344358897767961,-1.015672430084594e-18,-0.00555832264944911,0.005559948273003101,20.94044974684948,-1.015672430084594e-18,27.074672390241176
362,20.22705078125,5.4198222160339355,27.080230712890625,-0.00012857657566200942,-3.2010284485295415e-05,-0.005556441843509674,0.005558021366596222,20.226922204674338,5.41979020574945,27.074674271047115
363,18.13507843017578,10.470292091369629,27.080230712890625,-0.00011296500451862812,-6.04369088250678e-05,-0.005550676491111517,0.005552154965698719,18.134965465171263,10.470231654460804,27.074680036399513
364,14.807229042053223,14.807229042053223,27.080230712890625,-9.14364936761558e-05,-8.393191092181951e-05,-0.005541166756302118,0.005542556755244732,14.807137605559547,14.8071451101423,27.074689546134323
365,10.470292091369629,18.13507843017578,27.080230712890625,-6.651380681432784e-05,-0.00010251325147692114,-0.005529227666556835,0.005530578084290028,10.470225577562815,18.134975916924304,27.074701485224068
366,5.4198222160339355,20.22705078125,27.080230712890625,-3.7365214666351676e-05,-0.00011155359970871359,-0.005519140046089888,0.005520394071936607,5.419784850819269,20.22693922765029,27.074711572844535
367,0.0,20.940584182739258,27.080230712890625,-6.68502570988494e-06,-0.0001052385923685506,-0.0055154431611299515,0.005516450852155685,-6.68502570988494e-06,20.94047894414689,27.074715269729495
368,-5.4198222160339355,20.22705078125,27.080230712890625,2.021806540142279e-05,-8.789973799139261e-05,-0.00551678566262126,0.005517522804439068,-5.419801997968534,20.22696288151201,27.074713927228004
369,-10.470292091369629,18.13507843017578,27.080230712890625,4.289460048312321e-05,-6.856910476926714e-05,-0.005514695309102535,0.005515288095921278,-10.470249196769146,18.135009861071012,27.074716017581522
370,-14.807229042053223,14.807229042053223,27.080230712890625,6.654642493231222e-05,-5.399992733146064e-05,-0.005499748978763819,0.005500416737049818,-14.80716249562829,14.807175042125891,27.07473096391186
371,-18.13507843017578,10.470292091369629,27.080230712890625,9.491930541116744e-05,-4.169021485722624e-05,-0.0054735890589654446,0.005474570672959089,-18.13498351087037,10.470250401154772,27.07475712383166
372,-20.22705078125,5.4198222160339355,27.080230712890625,0.0001227748580276966,-2.4635082809254527e-05,-0.005448855925351381,0.005450294353067875,-20.226928006391972,5.419797580951126,27.074781856965274
373,-20.940584182739258,0.0,27.080230712890625,0.00013566558482125401,2.680281188671611e-20,-0.005438691936433315,0.005440383683890104,-20.940448517154437,2.680281188671611e-20,27.07479202095419
374,-20.22705078125,-5.4198222160339355,27.080230712890625,0.0001227748580276966,2.4635082809254527e-05,-0.005448855925351381,0.005450294353067875,-20.226928006391972,-5.419797580951126,27.074781856965274
375,-18.13507843017578,-10.470292091369629,27.080230712890625,9.491930541116744e-05,4.169021485722624e-05,-0.0054735890589654446,0.005474570672959089,-18.13498351087037,-10.470250401154772,27.07475712383166
376,-14.807229042053223,-14.807229042053223,27.080230712890625,6.654642493231222e-05,5.399992733146064e-05,-0.005499748978763819,0.005500416737049818,-14.80716249562829,-14.807175042125891,27.07473096391186
377,-10.470292091369629,-18.13507843017578,27.080230712890625,4.289460048312321e-05,6.856910476926714e-05,-0.005514695309102535,0.005515288095921278,-10.470249196769146,-18.135009861071012,27.074716017581522
378,-5.4198222160339355,-20.22705078125,27.080230712890625,2.021806540142279e-05,8.789973799139261e-05,-0.00551678566262126,0.005517522804439068,-5.419801997968534,-20.22696288151201,27.074713927228004
379,-0.0,-20.940584182739258,27.080230712890625,-6.68502570988494e-06,0.0001052385923685506,-0.0055154431611299515,0.005516450852155685,-6.68502570988494e-06,-20.94047894414689,27.074715269729495
380,5.4198222160339355,-20.22705078125,27.080230712890625,-3.7365214666351676e-05,0.00011155359970871359,-0.005519140046089888,0.005520394071936607,5.419784850819269,-20.22693922765029,27.074711572844535
381,10.470292091369629,-18.13507843017578,27.080230712890625,-6.651380681432784e-05,0.00010251325147692114,-0.005529227666556835,0.005530578084290028,10.470225577562815,-18.134975916924304,27.074701485224068
382,14.807229042053223,-14.807229042053223,27.080230712890625,-9.14364936761558e-05,8.393191092181951e-05,-0.005541166756302118,0.005542556755244732,14.807137605559547,-14.8071451101423,27.074689546134323
383,18.13507843017578,-10.470292091369629,27.080230712890625,-0.00011296500451862812,6.04369088250678e-05,-0.005550676491111517,0.005552154965698719,18.134965465171263,-10.470231654460804,27.074680036399513
384,20.22705078125,-5.4198222160339355,27.080230712890625,-0.00012857657566200942,3.2010284485295415e-05,-0.005556441843509674,0.005558021366596222,20.226922204674338,-5.41979020574945,27.074674271047115
385,21.6124210357666,0.0,29.060916900634766,-6.492345710285008e-05,-1.4605385387193144e-18,-0.005598102230578661,0.005598478950560093,21.6123561123095,-1.4605385387193144e-18,29.055318798404187
386,20.875995635986328,5.593706130981445,29.060916900634766,-6.151944398880005e-05,-1.455532037653029e-05,-0.005596209317445755,0.00559656647965312,20.87593411654234,5.593691575661069,29.05532069131732
387,18.71690559387207,10.806211471557617,29.060916900634766,-5.3144842240726575e-05,-2.686255902517587e-05,-0.005590395070612431,0.005590712185949087,18.71685244902983,10.806184608998592,29.055326505564153
388,15.2822904586792,15.2822904586792,29.060916900634766,-4.312912278692238e-05,-3.677306085592136e-05,-0.005580822005867958,0.005581109784543514,15.282247329556412,15.282253685618343,29.055336078628898
389,10.806211471557617,18.71690559387207,29.060916900634766,-3.314571222290397e-05,-4.517079651122913e-05,-0.00556885777041316,0.0055691394954919815,10.806178325845394,18.71686042307556,29.055348042864352
390,5.593706130981445,20.875995635986328,29.060916900634766,-2.140336437150836e-05,-4.744546822621487e-05,-0.005559136625379324,0.005559380631893873,5.593684727617074,20.875948190518102,29.055357764009386
391,0.0,21.6124210357666,29.060916900634766,-9.338942618342116e-06,-3.526283398969099e-05,-0.005557246506214142,0.00555736618116498,-9.338942618342116e-06,21.612385772932612,29.05535965412855
392,-5.593706130981445,20.875995635986328,29.060916900634766,-3.1994443361327285e-06,-1.0401320650998969e-05,-0.005562858190387487,0.0055628689005970955,-5.5937093304257814,20.875985234665677,29.055354042444378
393,-10.806211471557617,18.71690559387207,29.060916900634766,-2.655428261277848e-06,1.114030419557821e-05,-0.005565281957387924,0.005565293598920107,-10.806214126985878,18.716916734176266,29.055351618677378
394,-15.2822904586792,15.2822904586792,29.060916900634766,6.363682587107178e-06,1.2886678632639814e-05,-0.005549826193600893,0.005549844820052385,-15.282284094996612,15.282303345357832,29.055367074441165
395,-18.71690559387207,10.806211471557617,29.060916900634766,3.251649104640819e-05,1.8551737639427301e-06,-0.005518440157175064,0.0055185360834002495,-18.716873077381024,10.806213326731381,29.05539846047759
396,-20.875995635986328,5.593706130981445,29.060916900634766,6.283197581069544e-05,-3.95473352909903e-06,-0.0054893032647669315,0.005489664152264595,-20.875932804010517,5.593702176247916,29.05542759737
397,-21.6124210357666,0.0,29.060916900634766,7.649922918062657e-05,-1.7116841953211266e-19,-0.005477766040712595,0.005478300154209137,-21.61234453653742,-1.7116841953211266e-19,29.055439134594053
398,-20.875995635986328,-5.593706130981445,29.060916900634766,6.283197581069544e-05,3.95473352909903e-06,-0.0054893032647669315,0.005489664152264595,-20.875932804010517,-5.593702176247916,29.05542759737
399,-18.71690559387207,-10.806211471557617,29.060916900634766,3.251649104640819e-05,-1.8551737639427301e-06,-0.005518440157175064,0.0055185360834002495,-18.716873077381024,-10.806213326731381,29.05539846047759
400,-15.2822904586792,-15.2822904586792,29.060916900634766,6.363682587107178e-06,-1.2886678632639814e-05,-0.005549826193600893,0.005549844820052385,-15.282284094996612,-15.282303345357832,29.055367074441165
401,-10.806211471557617,-18.71690559387207,29.060916900634766,-2.655428261277848e-06,-1.114030419557821e-05,-0.005565281957387924,0.005565293598920107,-10.806214126985878,-18.716916734176266,29.055351618677378
402,-5.593706130981445,-20.875995635986328,29.060916900634766,-3.1994443361327285e-06,1.0401320650998969e-05,-0.005562858190387487,0.0055628689005970955,-5.5937093304257814,-20.875985234665677,29.055354042444378
403,-0.0,-21.6124210357666,29.060916900634766,-9.338942618342116e-06,3.526283398969099e-05,-0.005557246506214142,0.00555736618116498,-9.338942618342116e-06,-21.612385772932612,29.05535965412855
404,5.593706130981445,-20.875995635986328,29.060916900634766,-2.140336437150836e-05,4.744546822621487e-05,-0.005559136625379324,0.005559380631893873,5.593684727617074,-20.875948190518102,29.055357764009386
405,10.806211471557617,-18.71690559387207,29.060916900634766,-3.314571222290397e-05,4.517079651122913e-05,-0.00556885777041316,0.0055691394954919815,10.806178325845394,-18.71686042307556,29.055348042864352
406,15.2822904586792,-15.2822904586792,29.060916900634766,-4.312912278692238e-05,3.677306085592136e-05,-0.005580822005867958,0.005581109784543514,15.282247329556412,-15.282253685618343,29.055336078628898
407,18.71690559387207,-10.806211471557617,29.060916900634766,-5.3144842240726575e-05,2.686255902517587e-05,-0.005590395070612431,0.005590712185949087,18.71685244902983,-10.806184608998592,29.055326505564153
408,20.875995635986328,-5.593706130981445,29.060916900634766,-6.151944398880005e-05,1.455532037653029e-05,-0.005596209317445755,0.00559656647965312,20.87593411654234,-5.593691575661069,29.05532069131732
409,22.794918060302734,0.0,30.975154876708984,2.388927350693848e-05,-7.590122446822264e-19,-0.005669900216162205,0.005669950507581234,22.79494194957624,-7.590122446822264e-19,30.969484976492822
410,22.018199920654297,5.899758815765381,30.975154876708984,2.4054463210632093e-05,7.628408184245927e-06,-0.005667814053595066,0.00566787039861083,22.018223975117508,5.899766444173565,30.96948706265539
411,19.740978240966797,11.397459030151367,30.975154876708984,2.314498124178499e-05,1.5950492525007576e-05,-0.0056616212241351604,0.005661691073328257,19.74100138594804,11.397474980643892,30.96949325548485
412,16.118440628051758,16.118440628051758,30.975154876708984,1.870237429102417e-05,2.3859747670940123e-05,-0.0056518265046179295,0.005651907995343208,16.11845933042605,16.11846448779943,30.969503050204366
413,11.397459030151367,19.740978240966797,30.975154876708984,1.0401894542155787e-05,2.9901662855991162e-05,-0.005640366580337286,0.005640455521643162,11.39746943204591,19.741008142629653,30.969514510128647
414,5.899758815765381,22.018199920654297,30.975154876708984,1.0389213684902643e-06,3.804008520091884e-05,-0.005632157437503338,0.005632285960018635,5.899759854686749,22.018237960739498,30.96952271927148
415,0.0,22.794918060302734,30.975154876708984,-1.0180961908190511e-05,5.632284955936484e-05,-0.005632705055177212,0.005632995627820492,-1.0180961908190511e-05,22.794974383152294,30.969522171653807
416,-5.899758815765381,22.018199920654297,30.975154876708984,-2.944278094219044e-05,8.615179831394926e-05,-0.005644065327942371,0.005644799675792456,-5.899788258546323,22.01828607245261,30.969510811381042
417,-11.397459030151367,19.740978240966797,30.975154876708984,-5.672409315593541e-05,0.00010741106234490871,-0.005653731990605593,0.005655036773532629,-11.397515754244523,19.741085652029142,30.96950114471838
418,-16.118440628051758,16.118440628051758,30.975154876708984,-6.835930253146216e-05,9.19366066227667e-05,-0.005637420807033777,0.005638584960252047,-16.11850898735429,16.11853256465838,30.96951745590195
419,-19.740978240966797,11.397459030151367,30.975154876708984,-4.881706991000101e-05,5.29793142050039e-05,-0.005597727373242378,0.005598191171884537,-19.741027058036707,11.397512009465572,30.969557149335742
420,-22.018199920654297,5.899758815765381,30.975154876708984,-2.1208988982834853e-05,2.0896675778203644e-05,-0.005563347600400448,0.0055634272284805775,-22.01822112964328,5.899779712441159,30.969591529108584
421,-22.794918060302734,0.0,30.975154876708984,-9.726070857141167e-06,-4.288275935452e-19,-0.005551058799028397,0.0055510676465928555,-22.79492778637359,-4.288275935452e-19,30.969603817909956
422,-22.018199920654297,-5.899758815765381,30.975154876708984,-2.1208988982834853e-05,-2.0896675778203644e-05,-0.005563347600400448,0.0055634272284805775,-22.01822112964328,-5.899779712441159,30.969591529108584
423,-19.740978240966797,-11.397459030151367,30.975154876708984,-4.881706991000101e-05,-5.29793142050039e-05,-0.005597727373242378,0.005598191171884537,-19.741027058036707,-11.397512009465572,30.969557149335742
424,-16.118440628051758,-16.118440628051758,30.975154876708984,-6.835930253146216e-05,-9.19366066227667e-05,-0.005637420807033777,0.005638584960252047,-16.11850898735429,-16.11853256465838,30.96951745590195
425,-11.397459030151367,-19.740978240966797,30.975154876708984,-5.672409315593541e-05,-0.00010741106234490871,-0.005653731990605593,0.005655036773532629,-11.397515754244523,-19.741085652029142,30.96950114471838
426,-5.899758815765381,-22.018199920654297,30.975154876708984,-2.944278094219044e-05,-8.615179831394926e-05,-0.005644065327942371,0.005644799675792456,-5.899788258546323,-22.01828607245261,30.969510811381042
427,-0.0,-22.794918060302734,30.975154876708984,-1.0180961908190511e-05,-5.632284955936484e-05,-0.005632705055177212,0.005632995627820492,-1.0180961908190511e-05,-22.794974383152294,30.969522171653807
428,5.899758815765381,-22.018199920654297,30.975154876708984,1.0389213684902643e-06,-3.804008520091884e-05,-0.005632157437503338,0.005632285960018635,5.899759854686749,-22.018237960739498,30.96952271927148
429,11.397459030151367,-19.740978240966797,30.975154876708984,1.0401894542155787e-05,-2.9901662855991162e-05,-0.005640366580337286,0.005640455521643162,11.39746943204591,-19.741008142629653,30.969514510128647
430,16.118440628051758,-16.118440628051758,30.975154876708984,1.870237429102417e-05,-2.3859747670940123e-05,-0.0056518265046179295,0.005651907995343208,16.11845933042605,-16.11846448779943,30.969503050204366
431,19.740978240966797,-11.397459030151367,30.975154876708984,2.314498124178499e-05,-1.5950492525007576e-05,-0.0056616212241351604,0.005661691073328257,19.74100138594804,-11.397474980643892,30.96949325548485
432,22.018199920654297,-5.899758815765381,30.975154876708984,2.4054463210632093e-05,-7.628408184245927e-06,-0.005667814053595066,0.00566787039861083,22.018223975117508,-5.899766444173565,30.96948706265539
433,23.977415084838867,0.0,32.8893928527832,0.00014116054808255285,-8.672493965214612e-19,-0.005756957456469536,0.005758687853813171,23.97755624538695,-8.672493965214612e-19,32.883635895326734
434,23.160404205322266,6.205811977386475,32.8893928527832,0.00013705225137528032,3.700016168295406e-05,-0.005754615180194378,0.005756366066634655,23.16054125757364,6.205848977548158,32.88363823760301
435,20.765050888061523,11.988707542419434,32.8893928527832,0.00012400964624248445,7.258151890709996e-05,-0.005747917573899031,0.005749713163822889,20.765174897707766,11.98878012393834,32.883644935209304
436,16.954593658447266,16.954593658447266,32.8893928527832,0.00010116279008798301,0.00010438409663038328,-0.005738164763897657,0.005740005522966385,16.954694821237354,16.954698042543896,32.883654688019305
437,11.988707542419434,20.765050888061523,32.8893928527832,6.968304660404101e-05,0.00013073644367977977,-0.005728086456656456,0.00573000218719244,11.988777225466038,20.765181624505203,32.88366476632655
438,6.205811977386475,23.160404205322266,32.8893928527832,3.260814628447406e-05,0.00015462408191524446,-0.005722672678530216,0.005724854301661253,6.205844585532759,23.16055882940418,32.88367018010467
439,0.0,23.977415084838867,32.8893928527832,-1.0356598068028688e-05,0.00018100008310284466,-0.00572604825720191,0.0057289176620543,-1.0356598068028688e-05,23.97759608492197,32.883666804526
440,-6.205811977386475,23.160404205322266,32.8893928527832,-6.33843956165947e-05,0.00021145025675650686,-0.005740955471992493,0.005745197646319866,-6.205875361782091,23.160615655579022,32.88365189731121
441,-11.988707542419434,20.765050888061523,32.8893928527832,-0.00012352598423603922,0.00022554943279828876,-0.005755108781158924,0.005760851316154003,-11.98883106840367,20.76527643749432,32.883637744002044
442,-16.954593658447266,16.954593658447266,32.8893928527832,-0.0001607392041478306,0.00018994801212102175,-0.00573829235509038,0.005743684712797403,-16.954754397651413,16.954783606459387,32.88365456042811
443,-20.765050888061523,11.988707542419434,32.8893928527832,-0.00015716474445071071,0.00012061787128914148,-0.005693851038813591,0.005697296466678381,-20.765208052805974,11.988828160290723,32.88369900174439
444,-23.160404205322266,6.205811977386475,32.8893928527832,-0.00014057941734790802,5.5382504797307774e-05,-0.0056573799811303616,0.005659397225826979,-23.160544784739614,6.205867359891272,32.88373547280207
445,-23.977415084838867,0.0,32.8893928527832,-0.0001340057497145608,-5.000768990050316e-19,-0.005645180121064186,0.005646770354360342,-23.97754909058858,-5.000768990050316e-19,32.88374767266214
446,-23.160404205322266,-6.205811977386475,32.8893928527832,-0.00014057941734790802,-5.5382504797307774e-05,-0.0056573799811303616,0.005659397225826979,-23.160544784739614,-6.205867359891272,32.88373547280207
447,-20.765050888061523,-11.988707542419434,32.8893928527832,-0.00015716474445071071,-0.00012061787128914148,-0.005693851038813591,0.005697296466678381,-20.765208052805974,-11.988828160290723,32.88369900174439
448,-16.954593658447266,-16.954593658447266,32.8893928527832,-0.0001607392041478306,-0.00018994801212102175,-0.00573829235509038,0.005743684712797403,-16.954754397651413,-16.954783606459387,32.88365456042811
449,-11.988707542419434,-20.765050888061523,32.8893928527832,-0.00012352598423603922,-0.00022554943279828876,-0.005755108781158924,0.005760851316154003,-11.98883106840367,-20.76527643749432,32.883637744002044
450,-6.205811977386475,-23.160404205322266,32.8893928527832,-6.33843956165947e-05,-0.00021145025675650686,-0.005740955471992493,0.005745197646319866,-6.205875361782091,-23.160615655579022,32.88365189731121
451,-0.0,-23.977415084838867,32.8893928527832,-1.0356598068028688e-05,-0.00018100008310284466,-0.00572604825720191,0.0057289176620543,-1.0356598068028688e-05,-23.97759608492197,32.883666804526
452,6.205811977386475,-23.160404205322266,32.8893928527832,3.260814628447406e-05,-0.00015462408191524446,-0.005722672678530216,0.005724854301661253,6.205844585532759,-23.16055882940418,32.88367018010467
453,11.988707542419434,-20.765050888061523,32.8893928527832,6.968304660404101e-05,-0.00013073644367977977,-0.005728086456656456,0.00573000218719244,11.988777225466038,-20.765181624505203,32.88366476632655
454,16.954593658447266,-16.954593658447266,32.8893928527832,0.00010116279008798301,-0.00010438409663038328,-0.005738164763897657,0.005740005522966385,16.954694821237354,-16.954698042543896,32.883654688019305
455,20.765050888061523,-11.988707542419434,32.8893928527832,0.00012400964624248445,-7.258151890709996e-05,-0.005747917573899031,0.005749713163822889,20.765174897707766,-11.98878012393834,32.883644935209304
456,23.160404205322266,-6.205811977386475,32.8893928527832,0.00013705225137528032,-3.700016168295406e-05,-0.005754615180194378,0.005756366066634655,23.16054125757364,-6.205848977548158,32.88363823760301
457,25.68870735168457,0.0,34.69314956665039,0.0003340986149851233,-8.090503127907256e-19,-0.005954978987574577,0.005964343436062336,25.689041450299555,-8.090503127907256e-19,34.687194587662816
458,24.813386917114258,6.648726940155029,34.69314956665039,0.0003233320021536201,8.576983964303508e-05,-0.005952340550720692,0.005961732938885689,24.81371024911641,6.648812709994672,34.68719722609967
459,22.247072219848633,12.844353675842285,34.69314956665039,0.000291114003630355,0.00016704121662769467,-0.005945243872702122,0.005954710301011801,22.247363333852263,12.844520717058913,34.68720432277769
460,18.16465950012207,18.16465950012207,34.69314956665039,0.00023879072978161275,0.00023943248379509896,-0.005936631467193365,0.0059462543576955795,18.164898290851852,18.164898932605865,34.6872129351832
461,12.844353675842285,22.247072219848633,34.69314956665039,0.00016945200331974775,0.0003000497817993164,-0.005930444225668907,0.005940447095781565,12.844523127845605,22.247372269630432,34.68721912242472
462,6.648726940155029,24.813386917114258,34.69314956665039,8.718576282262802e-05,0.000349925336195156,-0.005931462161242962,0.00594241451472044,6.648814125917852,24.813736842450453,34.68721810448915
463,0.0,25.68870735168457,34.69314956665039,-7.198934781627031e-06,0.0003893049724865705,-0.005940585397183895,0.005953332409262657,-7.198934781627031e-06,25.689096656657057,34.68720898125321
464,-6.648726940155029,24.813386917114258,34.69314956665039,-0.00011408427235437557,0.0004162174591328949,-0.0059583429247140884,0.005973951891064644,-6.648841024427384,24.81380313457339,34.68719122372568
465,-12.844353675842285,22.247072219848633,34.69314956665039,-0.00022681400878354907,0.00041113182669505477,-0.005974464118480682,0.0059928870759904385,-12.844580489851069,22.247483351675328,34.68717510253191
466,-18.16465950012207,18.16465950012207,34.69314956665039,-0.0003102220653090626,0.0003411076031625271,-0.005958069581538439,0.005975883454084396,-18.16496972218738,18.165000607725233,34.68719149706885
467,-22.247072219848633,12.844353675842285,34.69314956665039,-0.0003414574603084475,0.00022679308312945068,-0.005913606844842434,0.005927796475589275,-22.24741367730894,12.844580468925415,34.68723595980555
468,-24.813386917114258,6.648726940155029,34.69314956665039,-0.00034747683093883097,0.00011047955194953829,-0.005878569558262825,0.005889866501092911,-24.813734393945197,6.648837419706979,34.68727099709213
469,-25.68870735168457,0.0,34.69314956665039,-0.00034891991526819766,-6.089200123417498e-19,-0.005867165047675371,0.005877531133592129,-25.68905627159984,-6.089200123417498e-19,34.687282401602715
470,-24.813386917114258,-6.648726940155029,34.69314956665039,-0.00034747683093883097,-0.00011047955194953829,-0.005878569558262825,0.005889866501092911,-24.813734393945197,-6.648837419706979,34.68727099709213
471,-22.247072219848633,-12.844353675842285,34.69314956665039,-0.0003414574603084475,-0.00022679308312945068,-0.005913606844842434,0.005927796475589275,-22.24741367730894,-12.844580468925415,34.68723595980555
472,-18.16465950012207,-18.16465950012207,34.69314956665039,-0.0003102220653090626,-0.0003411076031625271,-0.005958069581538439,0.005975883454084396,-18.16496972218738,-18.165000607725233,34.68719149706885
473,-12.844353675842285,-22.247072219848633,34.69314956665039,-0.00022681400878354907,-0.00041113182669505477,-0.005974464118480682,0.0059928870759904385,-12.844580489851069,-22.247483351675328,34.68717510253191
474,-6.648726940155029,-24.813386917114258,34.69314956665039,-0.00011408427235437557,-0.0004162174591328949,-0.0059583429247140884,0.005973951891064644,-6.648841024427384,-24.81380313457339,34.68719122372568
475,-0.0,-25.68870735168457,34.69314956665039,-7.198934781627031e-06,-0.0003893049724865705,-0.005940585397183895,0.005953332409262657,-7.198934781627031e-06,-25.689096656657057,34.68720898125321
476,6.648726940155029,-24.813386917114258,34.69314956665039,8.718576282262802e-05,-0.000349925336195156,-0.005931462161242962,0.00594241451472044,6.648814125917852,-24.813736842450453,34.68721810448915
477,12.844353675842285,-22.247072219848633,34.69314956665039,0.00016945200331974775,-0.0003000497817993164,-0.005930444225668907,0.005940447095781565,12.844523127845605,-22.247372269630432,34.68721912242472
478,18.16465950012207,-18.16465950012207,34.69314956665039,0.00023879072978161275,-0.00023943248379509896,-0.005936631467193365,0.0059462543576955795,18.164898290851852,-18.164898932605865,34.6872129351832
479,22.247072219848633,-12.844353675842285,34.69314956665039,0.000291114003630355,-0.00016704121662769467,-0.005945243872702122,0.005954710301011801,22.247363333852263,-12.844520717058913,34.68720432277769
480,24.813386917114258,-6.648726940155029,34.69314956665039,0.0003233320021536201,-8.576983964303508e-05,-0.005952340550720692,0.005961732938885689,24.81371024911641,-6.648812709994672,34.68719722609967
481,27.399999618530273,0.0,36.49690246582031,0.0005880284588783979,-8.929173796156528e-19,-0.006207477767020464,0.006235267501324415,27.400587646989152,-8.929173796156528e-19,36.49069498805329
482,26.466367721557617,7.091641902923584,36.49690246582031,0.0005687731900252402,0.0001500321668572724,-0.006204688455909491,0.006232508923858404,26.466936494747642,7.091791935090441,36.4906977773644
483,23.729095458984375,13.699999809265137,36.49690246582031,0.0005119157722219825,0.0002917214296758175,-0.006197609938681126,0.006225554272532463,23.729607374756597,13.700291530694813,36.49070485588163
484,19.374725341796875,19.374725341796875,36.49690246582031,0.00042136042611673474,0.0004180523392278701,-0.006191007327288389,0.006219395902007818,19.37514670222299,19.375143394136103,36.490711458493024
485,13.699999809265137,23.729095458984375,36.49690246582031,0.0003023466852027923,0.0005242890911176801,-0.00619012163951993,0.006219638045877218,13.70030215595034,23.729619748075493,36.49071234418079
486,7.091641902923584,26.466367721557617,36.49690246582031,0.00016003538621589541,0.00060841697268188,-0.006199016235768795,0.006230857688933611,7.0918019383098,26.4669761385303,36.490703449584544
487,0.0,27.399999618530273,36.49690246582031,-2.6379741484561237e-06,0.0006649891729466617,-0.006215356756001711,0.006250830367207527,-2.6379741484561237e-06,27.40066460770322,36.49068710906431
488,-7.091641902923584,26.466367721557617,36.49690246582031,-0.00018106680363416672,0.0006861520232632756,-0.006235748063772917,0.006275997497141361,-7.091822969727218,26.46705387358088,36.49066671775654
489,-13.699999809265137,23.729095458984375,36.49690246582031,-0.0003622373624239117,0.0006537584704346955,-0.006252144929021597,0.0062966602854430676,-13.70036204662756,23.72974921745481,36.49065032089129
490,-19.374725341796875,19.374725341796875,36.49690246582031,-0.0005061426782049239,0.0005395719781517982,-0.0062369308434426785,0.006280655041337013,-19.37523148447508,19.375264913775027,36.49066553497687
491,-23.729095458984375,13.699999809265137,36.49690246582031,-0.000585965986829251,0.000367956527043134,-0.006195655558258295,0.006234171334654093,-23.729681424971204,13.70036776579218,36.490706810262054
492,-26.466367721557617,7.091641902923584,36.49690246582031,-0.0006234945612959564,0.00018407836614642292,-0.006163822486996651,0.006198010873049498,-26.466991216118913,7.09182598128973,36.490738643333316
493,-27.399999618530273,0.0,36.49690246582031,-0.0006353943608701229,-4.52408186363614e-19,-0.006153170485049486,0.006185889709740877,-27.400635012891144,-4.52408186363614e-19,36.49074929533526
494,-26.466367721557617,-7.091641902923584,36.49690246582031,-0.0006234945612959564,-0.00018407836614642292,-0.006163822486996651,0.006198010873049498,-26.466991216118913,-7.09182598128973,36.490738643333316
495,-23.729095458984375,-13.699999809265137,36.49690246582031,-0.000585965986829251,-0.000367956527043134,-0.006195655558258295,0.006234171334654093,-23.729681424971204,-13.70036776579218,36.490706810262054
496,-19.374725341796875,-19.374725341796875,36.49690246582031,-0.0005061426782049239,-0.0005395719781517982,-0.0062369308434426785,0.006280655041337013,-19.37523148447508,-19.375264913775027,36.49066553497687
497,-13.699999809265137,-23.729095458984375,36.49690246582031,-0.0003622373624239117,-0.0006537584704346955,-0.006252144929021597,0.0062966602854430676,-13.70036204662756,-23.72974921745481,36.49065032089129
498,-7.091641902923584,-26.466367721557617,36.49690246582031,-0.00018106680363416672,-0.0006861520232632756,-0.006235748063772917,0.006275997497141361,-7.091822969727218,-26.46705387358088,36.49066671775654
499,-0.0,-27.399999618530273,36.49690246582031,-2.6379741484561237e-06,-0.0006649891729466617,-0.006215356756001711,0.006250830367207527,-2.6379741484561237e-06,-27.40066460770322,36.49068710906431
500,7.091641902923584,-26.466367721557617,36.49690246582031,0.00016003538621589541,-0.00060841697268188,-0.006199016235768795,0.006230857688933611,7.0918019383098,-26.4669761385303,36.490703449584544
501,13.699999809265137,-23.729095458984375,36.49690246582031,0.0003023466852027923,-0.0005242890911176801,-0.00619012163951993,0.006219638045877218,13.70030215595034,-23.729619748075493,36.49071234418079
502,19.374725341796875,-19.374725341796875,36.49690246582031,0.00042136042611673474,-0.0004180523392278701,-0.006191007327288389,0.006219395902007818,19.37514670222299,-19.375143394136103,36.490711458493024
503,23.729095458984375,-13.699999809265137,36.49690246582031,0.0005119157722219825,-0.0002917214296758175,-0.006197609938681126,0.006225554272532463,23.729607374756597,-13.700291530694813,36.49070485588163
504,26.466367721557617,-7.091641902923584,36.49690246582031,0.0005687731900252402,-0.0001500321668572724,-0.006204688455909491,0.006232508923858404,26.466936494747642,-7.091791935090441,36.4906977773644
