node_label,x,y,z,ux,uy,uz,umag,deformed_x,deformed_y,deformed_z
1,39.29999923706055,0.0,0.0,9.258566844082158e-31,-4.743817008816838e-31,4.224097102081001e-31,0.0,39.29999923706055,-4.743817008816838e-31,4.224097102081001e-31
2,38.8161506652832,0.0,6.147873878479004,9.814609526258403e-31,-4.7475776503439885e-31,-2.741496858744805e-31,0.0,38.8161506652832,-4.7475776503439885e-31,6.147873878479004
3,37.376522064208984,0.0,12.144368171691895,1.0131044141940437e-30,-4.750392724215338e-31,-1.192580984057535e-31,0.0,37.376522064208984,-4.750392724215338e-31,12.144368171691895
4,35.01655578613281,0.0,17.841827392578125,1.0203857083216812e-30,-4.75324118212625e-31,3.8409686397405155e-32,0.0,35.01655578613281,-4.75324118212625e-31,17.841827392578125
5,31.794368743896484,0.0,23.099960327148438,1.0034772095003572e-30,-4.757021571958495e-31,1.9513263822873163e-31,0.0,31.794368743896484,-4.757021571958495e-31,23.099960327148438
6,27.789297103881836,0.0,27.789297103881836,9.629572609506765e-31,-4.762170237215096e-31,3.473624833092307e-31,0.0,27.789297103881836,-4.762170237215096e-31,27.789297103881836
7,23.099960327148438,0.0,31.794368743896484,8.997138781250242e-31,-4.7684360923027195e-31,4.916683327257802e-31,0.0,23.099960327148438,-4.7684360923027195e-31,31.794368743896484
8,17.841827392578125,0.0,35.01655578613281,8.149629923798909e-31,-4.774942688633391e-31,6.246742960071972e-31,0.0,17.841827392578125,-4.774942688633391e-31,35.01655578613281
9,12.144368171691895,0.0,37.376522064208984,7.103531640126437e-31,-4.78045857832519e-31,7.430594135333125e-31,0.0,12.144368171691895,-4.78045857832519e-31,37.376522064208984
10,6.147873878479004,0.0,38.8161506652832,5.880645118660917e-31,-4.783556711236217e-31,8.436087552744013e-31,0.0,6.147873878479004,-4.783556711236217e-31,38.8161506652832
11,0.0,0.0,39.29999923706055,4.509429547833498e-31,-4.783116606151269e-31,9.23405355508785e-31,0.0,4.509429547833498e-31,-4.783116606151269e-31,39.29999923706055
12,-6.147873878479004,0.0,38.8161506652832,3.023377817984418e-31,-4.777690994425614e-31,9.798549452239729e-31,0.0,-6.147873878479004,-4.777690994425614e-31,38.8161506652832
13,-12.144368171691895,0.0,37.376522064208984,1.4634395678683573e-31,-4.765701892442707e-31,1.0108914755489597e-30,0.0,-12.144368171691895,-4.765701892442707e-31,37.376522064208984
14,-17.841827392578125,0.0,35.01655578613281,-1.24742005835002e-32,-4.750354638198371e-31,1.0162986555231942e-30,0.0,-17.841827392578125,-4.750354638198371e-31,35.01655578613281
15,-23.099960327148438,0.0,31.794368743896484,-1.7077759428393167e-31,-4.7385771251986124e-31,9.975195220117457e-31,0.0,-23.099960327148438,-4.7385771251986124e-31,31.794368743896484
16,-27.789297103881836,0.0,27.789297103881836,-3.2550329598987064e-31,-4.732368164037569e-31,9.55582867670454e-31,0.0,-27.789297103881836,-4.732368164037569e-31,27.789297103881836
17,-31.794368743896484,0.0,23.099960327148438,-4.719844917421649e-31,-4.730723882539639e-31,8.908686122735047e-31,0.0,-31.794368743896484,-4.730723882539639e-31,23.099960327148438
18,-35.01655578613281,0.0,17.841827392578125,-6.058957267330371e-31,-4.7294882028780545e-31,8.046557877141407e-31,0.0,-35.01655578613281,-4.7294882028780545e-31,17.841827392578125
19,-37.376522064208984,0.0,12.144368171691895,-7.243286163495699e-31,-4.728470694967983e-31,6.991271459425168e-31,0.0,-37.376522064208984,-4.728470694967983e-31,12.144368171691895
20,-38.8161506652832,0.0,6.147873878479004,-8.247306921583876e-31,-4.7279628814084275e-31,5.767630270586421e-31,0.0,-38.8161506652832,-4.7279628814084275e-31,6.147873878479004
21,-39.29999923706055,0.0,0.0,-9.0454826321199e-31,-4.726852744543511e-31,4.403012044253556e-31,0.0,-39.29999923706055,-4.726852744543511e-31,4.403012044253556e-31
22,-38.8161506652832,0.0,-6.147873878479004,-9.61661301938782e-31,-4.724360226322027e-31,2.9298540768397757e-31,0.0,-38.8161506652832,-4.724360226322027e-31,-6.147873878479004
23,-37.376522064208984,0.0,-12.144368171691895,-9.94343430315372e-31,-4.719685050189937e-31,1.383494667266674e-31,0.0,-37.376522064208984,-4.719685050189937e-31,-12.144368171691895
24,-35.01655578613281,0.0,-17.841827392578125,-1.0010348143579927e-30,-4.710299903292972e-31,-1.960663304528539e-32,0.0,-35.01655578613281,-4.710299903292972e-31,-17.841827392578125
25,-31.794368743896484,0.0,-23.099960327148438,-9.815025181060854e-31,-4.696198673060508e-31,-1.7620815484080398e-31,0.0,-31.794368743896484,-4.696198673060508e-31,-23.099960327148438
26,-27.789297103881836,0.0,-27.789297103881836,-9.374330468146617e-31,-4.683412115710003e-31,-3.2789439255876528e-31,0.0,-27.789297103881836,-4.683412115710003e-31,-27.789297103881836
27,-23.099960327148438,0.0,-31.794368743896484,-8.7080527469367e-31,-4.6755729789832395e-31,-4.722626607253435e-31,0.0,-23.099960327148438,-4.6755729789832395e-31,-31.794368743896484
28,-17.841827392578125,0.0,-35.01655578613281,-7.829792016872374e-31,-4.673542194942759e-31,-6.054346978486446e-31,0.0,-17.841827392578125,-4.673542194942759e-31,-35.01655578613281
29,-12.144368171691895,0.0,-37.376522064208984,-6.758490193922792e-31,-4.673391261468113e-31,-7.229815468433016e-31,0.0,-12.144368171691895,-4.673391261468113e-31,-37.376522064208984
30,-6.147873878479004,0.0,-38.8161506652832,-5.521729077535647e-31,-4.673678552287454e-31,-8.2191213882376e-31,0.0,-6.147873878479004,-4.673678552287454e-31,-38.8161506652832
31,-0.0,0.0,-39.29999923706055,-4.150641400493597e-31,-4.675238198192125e-31,-9.002440730970191e-31,0.0,-4.150641400493597e-31,-4.675238198192125e-31,-39.29999923706055
32,6.147873878479004,0.0,-38.8161506652832,-2.6778182138709304e-31,-4.678270033221766e-31,-9.563029284899937e-31,0.0,6.147873878479004,-4.678270033221766e-31,-38.8161506652832
33,12.144368171691895,0.0,-37.376522064208984,-1.1376072274998045e-31,-4.682748196500659e-31,-9.888607365840407e-31,0.0,12.144368171691895,-4.682748196500659e-31,-37.376522064208984
34,17.841827392578125,0.0,-35.01655578613281,4.344872211211321e-32,-4.688683972774571e-31,-9.97159820740394e-31,0.0,17.841827392578125,-4.688683972774571e-31,-35.01655578613281
35,23.099960327148438,0.0,-31.794368743896484,2.001913193927778e-31,-4.695962163597122e-31,-9.80915805365703e-31,0.0,23.099960327148438,-4.695962163597122e-31,-31.794368743896484
36,27.789297103881836,0.0,-27.789297103881836,3.5274133386961033e-31,-4.70437870314901e-31,-9.40359839669113e-31,0.0,27.789297103881836,-4.70437870314901e-31,-27.789297103881836
37,31.794368743896484,0.0,-23.099960327148438,4.973387764148248e-31,-4.7135216982097056e-31,-8.76283454526694e-31,0.0,31.794368743896484,-4.7135216982097056e-31,-23.099960327148438
38,35.01655578613281,0.0,-17.841827392578125,6.302713418289765e-31,-4.722746037479478e-31,-7.900883094023664e-31,0.0,35.01655578613281,-4.722746037479478e-31,-17.841827392578125
39,37.376522064208984,0.0,-12.144368171691895,7.48014827518639e-31,-4.731284358246111e-31,-6.8382639425469956e-31,0.0,37.376522064208984,-4.731284358246111e-31,-12.144368171691895
40,38.8161506652832,0.0,-6.147873878479004,8.474105861236048e-31,-4.7384341850855525e-31,-5.601851242685434e-31,0.0,38.8161506652832,-4.7384341850855525e-31,-6.147873878479004
41,35.62215042114258,1.7999999523162842,0.0,-0.0019696957897394896,-0.004406885243952274,-1.2141018403990076e-19,0.004827042110264301,35.62018072535284,1.795593067072332,-1.2141018403990076e-19
42,35.1835823059082,1.7999999523162842,5.5725321769714355,-0.0019459135364741087,-0.004407951608300209,-0.00030907714972272515,0.004828265402466059,35.18163639237173,1.795592000707984,5.572223099821713
43,33.87868118286133,1.7999999523162842,11.00784969329834,-0.0018750907620415092,-0.004411210305988789,-0.000611083407420665,0.0048319934867322445,33.87680609209929,1.7955887420102954,11.00723860989092
44,31.73957061767578,1.7999999523162842,16.172119140625,-0.0017588060582056642,-0.004416881129145622,-0.0008991235517896712,0.004838456399738789,31.737811811617576,1.7955830711871386,16.17122001707321
45,28.818925857543945,1.7999999523162842,20.938175201416016,-0.0015996572328731418,-0.004425355698913336,-0.0011666581267490983,0.004848068580031395,28.817326200311072,1.7955745966173708,20.937008543289267
46,25.18866539001465,1.7999999523162842,25.18866539001465,-0.0014011648017913103,-0.004437129478901625,-0.001407651579938829,0.0048613641411066055,25.187264225212857,1.7955628228373826,25.18725773843471
47,20.938175201416016,1.7999999523162842,28.818925857543945,-0.0011676258873194456,-0.0044526224955916405,-0.0016166376881301403,0.004878802690654993,20.937007575528696,1.7955473298206925,28.817309219855815
48,16.172119140625,1.7999999523162842,31.73957061767578,-0.0009039934375323355,-0.004471954423934221,-0.0017887072172015905,0.004900515545159578,16.171215147187468,1.79552799789235,31.73778191045858
49,11.00784969329834,1.7999999523162842,33.87868118286133,-0.000615838507656008,-0.004494787659496069,-0.001919482136145234,0.004926132969558239,11.007233854790684,1.795505164656788,33.87676170072518
50,5.5725321769714355,1.7999999523162842,35.1835823059082,-0.0003093933337368071,-0.004520305432379246,-0.002005163813009858,0.004954752046614885,5.572222783637699,1.795479646883905,35.18157714209519
51,0.0,1.7999999523162842,35.62215042114258,8.399150829063728e-06,-0.004547336604446173,-0.0020427131094038486,0.004985079634934664,8.399150829063728e-06,1.795452615711838,35.620107708033174
52,-5.5725321769714355,1.7999999523162842,35.1835823059082,0.00032993880449794233,-0.004574690945446491,-0.0020301486365497112,0.005015790928155184,-5.572202238166938,1.7954252613708377,35.18155215727165
53,-11.00784969329834,1.7999999523162842,33.87868118286133,0.0006470546359196305,-0.004600698594003916,-0.001966560259461403,0.005045043770223856,-11.00720263866242,1.7953992537222803,33.87671462260187
54,-16.172119140625,1.7999999523162842,31.73957061767578,0.0009514411794953048,-0.004624595399945974,-0.0018528924556449056,0.005072014406323433,-16.171167699445505,1.7953753569163382,31.737717725220136
55,-20.938175201416016,1.7999999523162842,28.818925857543945,0.001234162598848343,-0.004643097519874573,-0.0016900759655982256,0.005092923529446125,-20.936941038817167,1.7953568547964096,28.817235781578347
56,-25.18866539001465,1.7999999523162842,25.18866539001465,0.0014844945399090648,-0.004649345763027668,-0.0014795431634411216,0.005099920555949211,-25.18718089547474,1.7953506065532565,25.187185846851207
57,-28.818925857543945,1.7999999523162842,20.938175201416016,0.001695413375273347,-0.00464648986235261,-0.0012291858438402414,0.005096586421132088,-28.817230444168672,1.7953534624539316,20.936946015572175
58,-31.73957061767578,1.7999999523162842,16.172119140625,0.0018645658856257796,-0.004642939195036888,-0.0009488125215284526,0.005092517472803593,-31.737706051790155,1.7953570131212473,16.17117032810347
59,-33.87868118286133,1.7999999523162842,11.00784969329834,0.001988327829167247,-0.00463988957926631,-0.0006455127731896937,0.00508907763287425,-33.87669285503216,1.7953600627370179,11.00720418052515
60,-35.1835823059082,1.7999999523162842,5.5725321769714355,0.0020635798573493958,-0.00463756313547492,-0.0003266496933065355,0.005086457822471857,-35.181518726050854,1.7953623891808093,5.572205527278129
61,-35.62215042114258,1.7999999523162842,0.0,0.00208889227360487,-0.00463684881106019,1.914063237964116e-19,0.0050856503657996655,-35.62006152886897,1.795363103505224,1.914063237964116e-19
62,-35.1835823059082,1.7999999523162842,-5.5725321769714355,0.0020635798573493958,-0.00463756313547492,0.0003266496933065355,0.005086457822471857,-35.181518726050854,1.7953623891808093,-5.572205527278129
63,-33.87868118286133,1.7999999523162842,-11.00784969329834,0.001988327829167247,-0.00463988957926631,0.0006455127731896937,0.00508907763287425,-33.87669285503216,1.7953600627370179,-11.00720418052515
64,-31.73957061767578,1.7999999523162842,-16.172119140625,0.0018645658856257796,-0.004642939195036888,0.0009488125215284526,0.005092517472803593,-31.737706051790155,1.7953570131212473,-16.17117032810347
65,-28.818925857543945,1.7999999523162842,-20.938175201416016,0.001695413375273347,-0.00464648986235261,0.0012291858438402414,0.005096586421132088,-28.817230444168672,1.7953534624539316,-20.936946015572175
66,-25.18866539001465,1.7999999523162842,-25.18866539001465,0.0014844945399090648,-0.004649345763027668,0.0014795431634411216,0.005099920555949211,-25.18718089547474,1.7953506065532565,-25.187185846851207
67,-20.938175201416016,1.7999999523162842,-28.818925857543945,0.001234162598848343,-0.004643097519874573,0.0016900759655982256,0.005092923529446125,-20.936941038817167,1.7953568547964096,-28.817235781578347
68,-16.172119140625,1.7999999523162842,-31.73957061767578,0.0009514411794953048,-0.004624595399945974,0.0018528924556449056,0.005072014406323433,-16.171167699445505,1.7953753569163382,-31.737717725220136
69,-11.00784969329834,1.7999999523162842,-33.87868118286133,0.0006470546359196305,-0.004600698594003916,0.001966560259461403,0.005045043770223856,-11.00720263866242,1.7953992537222803,-33.87671462260187
70,-5.5725321769714355,1.7999999523162842,-35.1835823059082,0.00032993880449794233,-0.004574690945446491,0.0020301486365497112,0.005015790928155184,-5.572202238166938,1.7954252613708377,-35.18155215727165
71,-0.0,1.7999999523162842,-35.62215042114258,8.399150829063728e-06,-0.004547336604446173,0.0020427131094038486,0.004985079634934664,8.399150829063728e-06,1.795452615711838,-35.620107708033174
72,5.5725321769714355,1.7999999523162842,-35.1835823059082,-0.0003093933337368071,-0.004520305432379246,0.002005163813009858,0.004954752046614885,5.572222783637699,1.795479646883905,-35.18157714209519
73,11.00784969329834,1.7999999523162842,-33.87868118286133,-0.000615838507656008,-0.004494787659496069,0.001919482136145234,0.004926132969558239,11.007233854790684,1.795505164656788,-33.87676170072518
74,16.172119140625,1.7999999523162842,-31.73957061767578,-0.0009039934375323355,-0.004471954423934221,0.0017887072172015905,0.004900515545159578,16.171215147187468,1.79552799789235,-31.73778191045858
75,20.938175201416016,1.7999999523162842,-28.818925857543945,-0.0011676258873194456,-0.0044526224955916405,0.0016166376881301403,0.004878802690654993,20.937007575528696,1.7955473298206925,-28.817309219855815
76,25.18866539001465,1.7999999523162842,-25.18866539001465,-0.0014011648017913103,-0.004437129478901625,0.001407651579938829,0.0048613641411066055,25.187264225212857,1.7955628228373826,-25.18725773843471
77,28.818925857543945,1.7999999523162842,-20.938175201416016,-0.0015996572328731418,-0.004425355698913336,0.0011666581267490983,0.004848068580031395,28.817326200311072,1.7955745966173708,-20.937008543289267
78,31.73957061767578,1.7999999523162842,-16.172119140625,-0.0017588060582056642,-0.004416881129145622,0.0008991235517896712,0.004838456399738789,31.737811811617576,1.7955830711871386,-16.17122001707321
79,33.87868118286133,1.7999999523162842,-11.00784969329834,-0.0018750907620415092,-0.004411210305988789,0.000611083407420665,0.0048319934867322445,33.87680609209929,1.7955887420102954,-11.00723860989092
80,35.1835823059082,1.7999999523162842,-5.5725321769714355,-0.0019459135364741087,-0.004407951608300209,0.00030907714972272515,0.004828265402466059,35.18163639237173,1.795592000707984,-5.572223099821713
81,31.944303512573242,3.5999999046325684,0.0,-0.003934360109269619,-0.008661601692438126,-7.647822947438783e-19,0.009513282217085361,31.940369152463973,3.5913383029401302,-7.647822947438783e-19
82,31.551015853881836,3.5999999046325684,4.997189998626709,-0.003886597929522395,-0.008663172833621502,-0.0006174057489261031,0.00951511412858963,31.547129255952314,3.591336731798947,4.996572592877783
83,30.38083839416504,3.5999999046325684,9.871333122253418,-0.0037444005720317364,-0.008667977526783943,-0.0012204037047922611,0.009520702064037323,30.377093993593007,3.5913319271057844,9.870112718548626
84,28.462583541870117,3.5999999046325684,14.502409934997559,-0.0035110272001475096,-0.008676353842020035,-0.0017949646571651101,0.009530389681458473,28.45907251466997,3.5913235507905483,14.500614970340393
85,25.84348487854004,3.5999999046325684,18.776390075683594,-0.0031918510794639587,-0.008688989095389843,-0.0023278265725821257,0.00954490527510643,25.840293027460575,3.5913109155371785,18.77406224911101
86,22.58803367614746,3.5999999046325684,22.58803367614746,-0.002794156316667795,-0.008706863038241863,-0.002806819276884198,0.009565302170813084,22.585239519830793,3.5912930415943265,22.585226856870577
87,18.776390075683594,3.5999999046325684,25.84348487854004,-0.0023268447257578373,-0.008730972185730934,-0.003221045481041074,0.009592664428055286,18.774063230957836,3.5912689324468374,25.840263833058998
88,14.502409934997559,3.5999999046325684,28.462583541870117,-0.0018001396674662828,-0.008761891163885593,-0.003560880199074745,0.009627622552216053,14.500609795330092,3.5912380134686828,28.459022661671042
89,9.871333122253418,3.5999999046325684,30.38083839416504,-0.0012254422763362527,-0.008799388073384762,-0.0038179063703864813,0.00966991949826479,9.870107679977082,3.5912005165591836,30.377020487794653
90,4.997189998626709,3.5999999046325684,31.551015853881836,-0.0006153357098810375,-0.008842241019010544,-0.003984921611845493,0.009718202985823154,4.996574662916828,3.591157663613558,31.54703093226999
91,0.0,3.5999999046325684,31.944303512573242,1.632584462640807e-05,-0.008888524025678635,-0.004056285601109266,0.009770342148840427,1.632584462640807e-05,3.5911113806068897,31.940247226972133
92,-4.997189998626709,3.5999999046325684,31.551015853881836,0.0006544661009684205,-0.008935698308050632,-0.004028196446597576,0.0098235122859478,-4.996535532525741,3.5910642063245177,31.54698765743524
93,-9.871333122253418,3.5999999046325684,30.38083839416504,0.0012830054620280862,-0.00898075196892023,-0.0038991295732557774,0.009874371811747551,-9.87005011679139,3.591019152663648,30.376939264591783
94,-14.502409934997559,3.5999999046325684,28.462583541870117,0.0018854521913453937,-0.009021745063364506,-0.003670987207442522,0.009920834563672543,-14.500524482806213,3.590978159569204,28.458912554662675
95,-18.776390075683594,3.5999999046325684,25.84348487854004,0.0024438370019197464,-0.009052353911101818,-0.0033462252467870712,0.0099556352943182,-18.773946238681674,3.5909475507214665,25.840138653293252
96,-22.58803367614746,3.5999999046325684,22.58803367614746,0.0029386640526354313,-0.009063025936484337,-0.0029292006511241198,0.009967667981982231,-22.585095012094826,3.590936878696084,22.585104475496337
97,-25.84348487854004,3.5999999046325684,18.776390075683594,0.0033567112404853106,-0.009058281779289246,-0.0024339391384273767,0.009962130337953568,-25.840128167299554,3.590941622853279,18.773956136545166
98,-28.462583541870117,3.5999999046325684,14.502409934997559,0.0036916311364620924,-0.00905058067291975,-0.0018785599386319518,0.009953398257493973,-28.458891910733655,3.5909493239596486,14.500531375058927
99,-30.38083839416504,3.5999999046325684,9.871333122253418,0.003936341498047113,-0.009043574333190918,-0.0012779267271980643,0.009945557452738285,-30.376902052666992,3.5909563302993774,9.87005519552622
100,-31.551015853881836,3.5999999046325684,4.997189998626709,0.004084992688149214,-0.009038182906806469,-0.0006466273334808648,0.009939518757164478,-31.546930861193687,3.590961721725762,4.996543371293228
101,-31.944303512573242,3.5999999046325684,0.0,0.004134890157729387,-0.00903627835214138,6.7976973786693e-19,0.009937386028468609,-31.940168622415513,3.590963626280427,6.7976973786693e-19
102,-31.551015853881836,3.5999999046325684,-4.997189998626709,0.004084992688149214,-0.009038182906806469,0.0006466273334808648,0.009939518757164478,-31.546930861193687,3.590961721725762,-4.996543371293228
103,-30.38083839416504,3.5999999046325684,-9.871333122253418,0.003936341498047113,-0.009043574333190918,0.0012779267271980643,0.009945557452738285,-30.376902052666992,3.5909563302993774,-9.87005519552622
104,-28.462583541870117,3.5999999046325684,-14.502409934997559,0.0036916311364620924,-0.00905058067291975,0.0018785599386319518,0.009953398257493973,-28.458891910733655,3.5909493239596486,-14.500531375058927
105,-25.84348487854004,3.5999999046325684,-18.776390075683594,0.0033567112404853106,-0.009058281779289246,0.0024339391384273767,0.009962130337953568,-25.840128167299554,3.590941622853279,-18.773956136545166
106,-22.58803367614746,3.5999999046325684,-22.58803367614746,0.0029386640526354313,-0.009063025936484337,0.0029292006511241198,0.009967667981982231,-22.585095012094826,3.590936878696084,-22.585104475496337
107,-18.776390075683594,3.5999999046325684,-25.84348487854004,0.0024438370019197464,-0.009052353911101818,0.0033462252467870712,0.0099556352943182,-18.773946238681674,3.5909475507214665,-25.840138653293252
108,-14.502409934997559,3.5999999046325684,-28.462583541870117,0.0018854521913453937,-0.009021745063364506,0.003670987207442522,0.009920834563672543,-14.500524482806213,3.590978159569204,-28.458912554662675
109,-9.871333122253418,3.5999999046325684,-30.38083839416504,0.0012830054620280862,-0.00898075196892023,0.0038991295732557774,0.009874371811747551,-9.87005011679139,3.591019152663648,-30.376939264591783
110,-4.997189998626709,3.5999999046325684,-31.551015853881836,0.0006544661009684205,-0.008935698308050632,0.004028196446597576,0.0098235122859478,-4.996535532525741,3.5910642063245177,-31.54698765743524
111,-0.0,3.5999999046325684,-31.944303512573242,1.632584462640807e-05,-0.008888524025678635,0.004056285601109266,0.009770342148840427,1.632584462640807e-05,3.5911113806068897,-31.940247226972133
112,4.997189998626709,3.5999999046325684,-31.551015853881836,-0.0006153357098810375,-0.008842241019010544,0.003984921611845493,0.009718202985823154,4.996574662916828,3.591157663613558,-31.54703093226999
113,9.871333122253418,3.5999999046325684,-30.38083839416504,-0.0012254422763362527,-0.008799388073384762,0.0038179063703864813,0.00966991949826479,9.870107679977082,3.5912005165591836,-30.377020487794653
114,14.502409934997559,3.5999999046325684,-28.462583541870117,-0.0018001396674662828,-0.008761891163885593,0.003560880199074745,0.009627622552216053,14.500609795330092,3.5912380134686828,-28.459022661671042
115,18.776390075683594,3.5999999046325684,-25.84348487854004,-0.0023268447257578373,-0.008730972185730934,0.003221045481041074,0.009592664428055286,18.774063230957836,3.5912689324468374,-25.840263833058998
116,22.58803367614746,3.5999999046325684,-22.58803367614746,-0.002794156316667795,-0.008706863038241863,0.002806819276884198,0.009565302170813084,22.585239519830793,3.5912930415943265,-22.585226856870577
117,25.84348487854004,3.5999999046325684,-18.776390075683594,-0.0031918510794639587,-0.008688989095389843,0.0023278265725821257,0.00954490527510643,25.840293027460575,3.5913109155371785,-18.77406224911101
118,28.462583541870117,3.5999999046325684,-14.502409934997559,-0.0035110272001475096,-0.008676353842020035,0.0017949646571651101,0.009530389681458473,28.45907251466997,3.5913235507905483,-14.500614970340393
119,30.38083839416504,3.5999999046325684,-9.871333122253418,-0.0037444005720317364,-0.008667977526783943,0.0012204037047922611,0.009520702064037323,30.377093993593007,3.5913319271057844,-9.870112718548626
120,31.551015853881836,3.5999999046325684,-4.997189998626709,-0.003886597929522395,-0.008663172833621502,0.0006174057489261031,0.00951511412858963,31.547129255952314,3.591336731798947,-4.996572592877783
121,29.49812126159668,5.449999809265137,0.0,-0.0027454940136522055,-0.0071863215416669846,-3.5084635621828803e-19,0.007692915853112936,29.495375767583027,5.44281348772347,-3.5084635621828803e-19
122,29.134950637817383,5.449999809265137,4.614522933959961,-0.0027120879385620356,-0.007187454029917717,-0.0004317114071454853,0.007694237399846315,29.13223854987882,5.442812355235219,4.6140912225528155
123,28.054380416870117,5.449999809265137,9.115421295166016,-0.0026125384029000998,-0.007190783508121967,-0.0008532375213690102,0.007698099594563246,28.051767878467217,5.442809025757015,9.114568057644647
124,26.283018112182617,5.449999809265137,13.391866683959961,-0.0024489285424351692,-0.007196223828941584,-0.0012545392382889986,0.007704333867877722,26.280569183640182,5.442803585436195,13.390612144721672
125,23.864482879638672,5.449999809265137,17.338560104370117,-0.002224883995950222,-0.007203908637166023,-0.0016259787371382117,0.007712990045547485,23.86225799564272,5.442795900627971,17.33693412563298
126,20.858322143554688,5.449999809265137,20.858322143554688,-0.0019456142326816916,-0.007214369252324104,-0.00195868406444788,0.007724569644778967,20.856376529322006,5.442785440012813,20.85636345949024
127,17.338560104370117,5.449999809265137,23.864482879638672,-0.0016177550423890352,-0.007228509522974491,-0.0022449037060141563,0.007740030996501446,17.336942349327728,5.442771299742162,23.862237975932658
128,13.391866683959961,5.449999809265137,26.283018112182617,-0.0012490373337641358,-0.0072473217733204365,-0.0024782042019069195,0.00776049355044961,13.390617646626197,5.442752487491816,26.28053990798071
129,9.115421295166016,5.449999809265137,28.054380416870117,-0.0008478831150569022,-0.007271366193890572,-0.002653349656611681,0.007786651141941547,9.114573412050959,5.442728443071246,28.051727067213506
130,4.614522933959961,5.449999809265137,29.134950637817383,-0.0004232219362165779,-0.007300343364477158,-0.002766057848930359,0.007818261161446571,4.614099712023744,5.44269946590066,29.132184579968452
131,0.0,5.449999809265137,29.49812126159668,1.5438785339938477e-05,-0.007333131041377783,-0.0028129874262958765,0.007854167371988297,1.5438785339938477e-05,5.442666678223759,29.495308274170384
132,-4.614522933959961,5.449999809265137,29.134950637817383,0.0004579437954816967,-0.007367562502622604,-0.0027916240505874157,0.007892011664807796,-4.614064990164479,5.442632246762514,29.132159013766795
133,-9.115421295166016,5.449999809265137,28.054380416870117,0.0008933237986639142,-0.007400935050100088,-0.0027007735334336758,0.007928811013698578,-9.114527971367352,5.442598874215037,28.051679643336684
134,-13.391866683959961,5.449999809265137,26.283018112182617,0.001310244551859796,-0.00743117043748498,-0.002541693625971675,0.007962364703416824,-13.390556439408101,5.442568638827652,26.280476418556646
135,-17.338560104370117,5.449999809265137,23.864482879638672,0.001696684048511088,-0.007453588303178549,-0.002316043246537447,0.007987413555383682,-17.336863420321606,5.442546220961958,23.862166836392134
136,-20.858322143554688,5.449999809265137,20.858322143554688,0.0020392427686601877,-0.007462070323526859,-0.0020268848165869713,0.00799682829529047,-20.856282900786027,5.44253773894161,20.8562952587381
137,-23.864482879638672,5.449999809265137,17.338560104370117,0.002328204456716776,-0.007459040265530348,-0.0016839054878801107,0.007993332110345364,-23.862154675181955,5.442540768999606,17.336876198882237
138,-26.283018112182617,5.449999809265137,13.391866683959961,0.002558864187449217,-0.007452146150171757,-0.0012992991833016276,0.00798563938587904,-26.280459247995168,5.442547663114965,13.39056738477666
139,-28.054380416870117,5.449999809265137,9.115421295166016,0.0027265192475169897,-0.007444714196026325,-0.000883418251760304,0.007977349683642387,-28.0516538976226,5.44255509506911,9.114537876914255
140,-29.134950637817383,5.449999809265137,4.614522933959961,0.002827760763466358,-0.00743864756077528,-0.00044679708662442863,0.007970529608428478,-29.132122877053916,5.442561161704361,4.6140761368733365
141,-29.49812126159668,5.449999809265137,0.0,0.0028616003692150116,-0.007436347659677267,4.2428732840986716e-19,0.007967937737703323,-29.495259661227465,5.4425634616054595,4.2428732840986716e-19
142,-29.134950637817383,5.449999809265137,-4.614522933959961,0.002827760763466358,-0.00743864756077528,0.00044679708662442863,0.007970529608428478,-29.132122877053916,5.442561161704361,-4.6140761368733365
143,-28.054380416870117,5.449999809265137,-9.115421295166016,0.0027265192475169897,-0.007444714196026325,0.000883418251760304,0.007977349683642387,-28.0516538976226,5.44255509506911,-9.114537876914255
144,-26.283018112182617,5.449999809265137,-13.391866683959961,0.002558864187449217,-0.007452146150171757,0.0012992991833016276,0.00798563938587904,-26.280459247995168,5.442547663114965,-13.39056738477666
145,-23.864482879638672,5.449999809265137,-17.338560104370117,0.002328204456716776,-0.007459040265530348,0.0016839054878801107,0.007993332110345364,-23.862154675181955,5.442540768999606,-17.336876198882237
146,-20.858322143554688,5.449999809265137,-20.858322143554688,0.0020392427686601877,-0.007462070323526859,0.0020268848165869713,0.00799682829529047,-20.856282900786027,5.44253773894161,-20.8562952587381
147,-17.338560104370117,5.449999809265137,-23.864482879638672,0.001696684048511088,-0.007453588303178549,0.002316043246537447,0.007987413555383682,-17.336863420321606,5.442546220961958,-23.862166836392134
148,-13.391866683959961,5.449999809265137,-26.283018112182617,0.001310244551859796,-0.00743117043748498,0.002541693625971675,0.007962364703416824,-13.390556439408101,5.442568638827652,-26.280476418556646
149,-9.115421295166016,5.449999809265137,-28.054380416870117,0.0008933237986639142,-0.007400935050100088,0.0027007735334336758,0.007928811013698578,-9.114527971367352,5.442598874215037,-28.051679643336684
150,-4.614522933959961,5.449999809265137,-29.134950637817383,0.0004579437954816967,-0.007367562502622604,0.0027916240505874157,0.007892011664807796,-4.614064990164479,5.442632246762514,-29.132159013766795
151,-0.0,5.449999809265137,-29.49812126159668,1.5438785339938477e-05,-0.007333131041377783,0.0028129874262958765,0.007854167371988297,1.5438785339938477e-05,5.442666678223759,-29.495308274170384
152,4.614522933959961,5.449999809265137,-29.134950637817383,-0.0004232219362165779,-0.007300343364477158,0.002766057848930359,0.007818261161446571,4.614099712023744,5.44269946590066,-29.132184579968452
153,9.115421295166016,5.449999809265137,-28.054380416870117,-0.0008478831150569022,-0.007271366193890572,0.002653349656611681,0.007786651141941547,9.114573412050959,5.442728443071246,-28.051727067213506
154,13.391866683959961,5.449999809265137,-26.283018112182617,-0.0012490373337641358,-0.0072473217733204365,0.0024782042019069195,0.00776049355044961,13.390617646626197,5.442752487491816,-26.28053990798071
155,17.338560104370117,5.449999809265137,-23.864482879638672,-0.0016177550423890352,-0.007228509522974491,0.0022449037060141563,0.007740030996501446,17.336942349327728,5.442771299742162,-23.862237975932658
156,20.858322143554688,5.449999809265137,-20.858322143554688,-0.0019456142326816916,-0.007214369252324104,0.00195868406444788,0.007724569644778967,20.856376529322006,5.442785440012813,-20.85636345949024
157,23.864482879638672,5.449999809265137,-17.338560104370117,-0.002224883995950222,-0.007203908637166023,0.0016259787371382117,0.007712990045547485,23.86225799564272,5.442795900627971,-17.33693412563298
158,26.283018112182617,5.449999809265137,-13.391866683959961,-0.0024489285424351692,-0.007196223828941584,0.0012545392382889986,0.007704333867877722,26.280569183640182,5.442803585436195,-13.390612144721672
159,28.054380416870117,5.449999809265137,-9.115421295166016,-0.0026125384029000998,-0.007190783508121967,0.0008532375213690102,0.007698099594563246,28.051767878467217,5.442809025757015,-9.114568057644647
160,29.134950637817383,5.449999809265137,-4.614522933959961,-0.0027120879385620356,-0.007187454029917717,0.0004317114071454853,0.007694237399846315,29.13223854987882,5.442812355235219,-4.6140912225528155
161,27.05194091796875,7.300000190734863,0.0,-0.0014585386961698532,-0.005584810860455036,-4.606166097747074e-19,0.005772126838564873,27.05048237927258,7.294415379874408,-4.606166097747074e-19
162,26.71888542175293,7.300000190734863,4.231855869293213,-0.0014409314608201385,-0.005585844162851572,-0.00023076034267432988,0.005773317068815231,26.71744449029211,7.294414346572012,4.231625108950539
163,25.727924346923828,7.300000190734863,8.359509468078613,-0.0013883314095437527,-0.00558875035494566,-0.000456139532616362,0.005776647478342056,25.726536015514284,7.294411440379918,8.359053328545997
164,24.103456497192383,7.300000190734863,12.28132438659668,-0.001301508047617972,-0.005593062844127417,-0.0006706761778332293,0.005781529471278191,24.102154989144765,7.294407127890736,12.280653710418846
165,21.885480880737305,7.300000190734863,15.900732040405273,-0.0011820229701697826,-0.005598313175141811,-0.0008688952075317502,0.005787336733192205,21.884298857767135,7.2944018775597215,15.899863145197742
166,19.128610610961914,7.300000190734863,19.128610610961914,-0.0010324715403839946,-0.005604358855634928,-0.0010455852607265115,0.005793797317892313,19.12757813942153,7.294395831879228,19.127565025701188
167,15.900732040405273,7.300000190734863,21.885480880737305,-0.0008565786411054432,-0.00561162643134594,-0.0011962528806179762,0.005801301449537277,15.899875461764168,7.294388564303517,21.884284627856687
168,12.28132438659668,7.300000190734863,24.103456497192383,-0.0006589705008082092,-0.0056210714392364025,-0.0013175016501918435,0.005810894537717104,12.280665416095871,7.294379119295627,24.10213899554219
169,8.359509468078613,7.300000190734863,25.727924346923828,-0.0004447019600775093,-0.005633742082864046,-0.0014070556499063969,0.005823797546327114,8.359064766118536,7.294366448651999,25.72651729127392
170,4.231855869293213,7.300000190734863,26.71888542175293,-0.00021885058959014714,-0.005650180857628584,-0.0014633933315053582,0.005840715952217579,4.231637018703623,7.294350009877235,26.717422028421424
171,0.0,7.300000190734863,27.05194091796875,1.3556494195654523e-05,-0.005670093931257725,-0.0014854153851047158,0.005861451383680105,1.3556494195654523e-05,7.294330096803606,27.050455502583645
172,-4.231855869293213,7.300000190734863,26.71888542175293,0.0002473592176102102,-0.005692106671631336,-0.001472107251174748,0.005884587299078703,-4.231608510075603,7.294308084063232,26.717413314501755
173,-8.359509468078613,7.300000190734863,25.727924346923828,0.0004769623337779194,-0.005713838152587414,-0.0014225703198462725,0.005907549988478422,-8.359032505744835,7.294286352582276,25.726501776603982
174,-12.28132438659668,7.300000190734863,24.103456497192383,0.0006966761429794133,-0.005733571480959654,-0.0013376004062592983,0.005928606726229191,-12.2806277104537,7.294266619253904,24.102118896786124
175,-15.900732040405273,7.300000190734863,21.885480880737305,0.0009005703032016754,-0.00574915949255228,-0.0012186405947431922,0.0059454976581037045,-15.899831470102072,7.294251031242311,21.88426224014256
176,-19.128610610961914,7.300000190734863,19.128610610961914,0.0010816912399604917,-0.0057571702636778355,-0.0010668999748304486,0.00595427118241787,-19.127528919721954,7.2942430204711854,19.127543710987084
177,-21.885480880737305,7.300000190734863,15.900732040405273,0.0012348678428679705,-0.0057581569999456406,-0.0008868378354236484,0.005955480504781008,-21.884246012894437,7.294242033734918,15.89984520256985
178,-24.103456497192383,7.300000190734863,12.28132438659668,0.0013570177834481,-0.005755288992077112,-0.0006845477619208395,0.005952600389719009,-24.102099479408935,7.294244901742786,12.280639838834759
179,-25.727924346923828,7.300000190734863,8.359509468078613,0.001444907975383103,-0.0057501462288200855,-0.00046537426533177495,0.00594714330509305,-25.726479438948445,7.294250044506043,8.359044093813282
180,-26.71888542175293,7.300000190734863,4.231855869293213,0.0014973478391766548,-0.005745239555835724,-0.00023525801952928305,0.005941815674304962,-26.717388073913753,7.294254951179028,4.231620611273684
181,-27.05194091796875,7.300000190734863,0.0,0.001514795352704823,-0.00574332382529974,1.619499698190008e-19,0.0059397281147539616,-27.050426122616045,7.2942568669095635,1.619499698190008e-19
182,-26.71888542175293,7.300000190734863,-4.231855869293213,0.0014973478391766548,-0.005745239555835724,0.00023525801952928305,0.005941815674304962,-26.717388073913753,7.294254951179028,-4.231620611273684
183,-25.727924346923828,7.300000190734863,-8.359509468078613,0.001444907975383103,-0.0057501462288200855,0.00046537426533177495,0.00594714330509305,-25.726479438948445,7.294250044506043,-8.359044093813282
184,-24.103456497192383,7.300000190734863,-12.28132438659668,0.0013570177834481,-0.005755288992077112,0.0006845477619208395,0.005952600389719009,-24.102099479408935,7.294244901742786,-12.280639838834759
185,-21.885480880737305,7.300000190734863,-15.900732040405273,0.0012348678428679705,-0.0057581569999456406,0.0008868378354236484,0.005955480504781008,-21.884246012894437,7.294242033734918,-15.89984520256985
186,-19.128610610961914,7.300000190734863,-19.128610610961914,0.0010816912399604917,-0.0057571702636778355,0.0010668999748304486,0.00595427118241787,-19.127528919721954,7.2942430204711854,-19.127543710987084
187,-15.900732040405273,7.300000190734863,-21.885480880737305,0.0009005703032016754,-0.00574915949255228,0.0012186405947431922,0.0059454976581037045,-15.899831470102072,7.294251031242311,-21.88426224014256
188,-12.28132438659668,7.300000190734863,-24.103456497192383,0.0006966761429794133,-0.005733571480959654,0.0013376004062592983,0.005928606726229191,-12.2806277104537,7.294266619253904,-24.102118896786124
189,-8.359509468078613,7.300000190734863,-25.727924346923828,0.0004769623337779194,-0.005713838152587414,0.0014225703198462725,0.005907549988478422,-8.359032505744835,7.294286352582276,-25.726501776603982
190,-4.231855869293213,7.300000190734863,-26.71888542175293,0.0002473592176102102,-0.005692106671631336,0.001472107251174748,0.005884587299078703,-4.231608510075603,7.294308084063232,-26.717413314501755
191,-0.0,7.300000190734863,-27.05194091796875,1.3556494195654523e-05,-0.005670093931257725,0.0014854153851047158,0.005861451383680105,1.3556494195654523e-05,7.294330096803606,-27.050455502583645
192,4.231855869293213,7.300000190734863,-26.71888542175293,-0.00021885058959014714,-0.005650180857628584,0.0014633933315053582,0.005840715952217579,4.231637018703623,7.294350009877235,-26.717422028421424
193,8.359509468078613,7.300000190734863,-25.727924346923828,-0.0004447019600775093,-0.005633742082864046,0.0014070556499063969,0.005823797546327114,8.359064766118536,7.294366448651999,-25.72651729127392
194,12.28132438659668,7.300000190734863,-24.103456497192383,-0.0006589705008082092,-0.0056210714392364025,0.0013175016501918435,0.005810894537717104,12.280665416095871,7.294379119295627,-24.10213899554219
195,15.900732040405273,7.300000190734863,-21.885480880737305,-0.0008565786411054432,-0.00561162643134594,0.0011962528806179762,0.005801301449537277,15.899875461764168,7.294388564303517,-21.884284627856687
196,19.128610610961914,7.300000190734863,-19.128610610961914,-0.0010324715403839946,-0.005604358855634928,0.0010455852607265115,0.005793797317892313,19.12757813942153,7.294395831879228,-19.127565025701188
197,21.885480880737305,7.300000190734863,-15.900732040405273,-0.0011820229701697826,-0.005598313175141811,0.0008688952075317502,0.005787336733192205,21.884298857767135,7.2944018775597215,-15.899863145197742
198,24.103456497192383,7.300000190734863,-12.28132438659668,-0.001301508047617972,-0.005593062844127417,0.0006706761778332293,0.005781529471278191,24.102154989144765,7.294407127890736,-12.280653710418846
199,25.727924346923828,7.300000190734863,-8.359509468078613,-0.0013883314095437527,-0.00558875035494566,0.000456139532616362,0.005776647478342056,25.726536015514284,7.294411440379918,-8.359053328545997
200,26.71888542175293,7.300000190734863,-4.231855869293213,-0.0014409314608201385,-0.005585844162851572,0.00023076034267432988,0.005773317068815231,26.71744449029211,7.294414346572012,-4.231625108950539
201,25.46137046813965,9.100000381469727,0.0,-0.0010268677724525332,-0.005266737658530474,2.8241879647242208e-19,0.005365909542888403,25.460343600367196,9.094733643811196,2.8241879647242208e-19
202,25.147899627685547,9.100000381469727,3.9830360412597656,-0.0010147750144824386,-0.005267900414764881,-0.00016339797002729028,0.005367238074541092,25.146884852671064,9.094732481054962,3.9828726432897383
203,24.21520233154297,9.100000381469727,7.8679962158203125,-0.0009786116424947977,-0.005271235480904579,-0.0003232479502912611,0.005371042061597109,24.214223719900474,9.094729145988822,7.867672967870021
204,22.686246871948242,9.100000381469727,11.559220314025879,-0.000918741337954998,-0.005276313051581383,-0.0004758862196467817,0.005376805085688829,22.685328130610287,9.094724068418145,11.558744427806232
205,20.59868049621582,9.100000381469727,14.965818405151367,-0.0008358933846466243,-0.0052825636230409145,-0.0006174558657221496,0.005383813288062811,20.597844602831174,9.094717817846686,14.965200949285645
206,18.003908157348633,9.100000381469727,18.003908157348633,-0.0007314279791899025,-0.0052895210683345795,-0.0007439958280883729,0.0053914329037070274,18.003176729369443,9.094710860401392,18.003164161520544
207,14.965818405151367,9.100000381469727,20.59868049621582,-0.000607611087616533,-0.005297109019011259,-0.0008517864625900984,0.005399452988058329,14.96521079406375,9.094703272450715,20.59782870975323
208,11.559220314025879,9.100000381469727,22.686246871948242,-0.00046767565072514117,-0.005305787082761526,-0.0009378696558997035,0.0054082986898720264,11.558752638375154,9.094694594386965,22.685309002292342
209,7.8679962158203125,9.100000381469727,24.21520233154297,-0.00031550187850371003,-0.005316369701176882,-0.0010003945790231228,0.005418866872787476,7.867680713941809,9.09468401176855,24.214201936963946
210,3.9830360412597656,9.100000381469727,25.147899627685547,-0.000155103494762443,-0.005329516716301441,-0.0010384779889136553,0.005431964993476868,3.982880937765003,9.094670864753425,25.146861149696633
211,0.0,9.100000381469727,25.46137046813965,9.669443898019381e-06,-0.005345301702618599,-0.001051810453645885,0.00544781144708395,9.669443898019381e-06,9.094655079767108,25.460318657686003
212,-3.9830360412597656,9.100000381469727,25.147899627685547,0.0001751137024257332,-0.00536277424544096,-0.0010400417959317565,0.0054655009880661964,-3.98286092755734,9.094637607224286,25.146859585889615
213,-7.8679962158203125,9.100000381469727,24.21520233154297,0.000337347446475178,-0.005380152724683285,-0.0010028545511886477,0.005483207292854786,-7.867658868373837,9.094620228745043,24.21419947699178
214,-11.559220314025879,9.100000381469727,22.686246871948242,0.0004926458350382745,-0.005396388471126556,-0.0009415159584023058,0.0055000148713588715,-11.55872766819084,9.0946039929986,22.68530535598984
215,-14.965818405151367,9.100000381469727,20.59868049621582,0.0006375384400598705,-0.005410247016698122,-0.0008574800449423492,0.005514753051102161,-14.965180866711307,9.094590134453028,20.597823016170878
216,-18.003908157348633,9.100000381469727,18.003908157348633,0.0007675292436033487,-0.005419414024800062,-0.0007513161981478333,0.0055248187854886055,-18.00314062810503,9.094580967444927,18.003156841150485
217,-20.59868049621582,9.100000381469727,14.965818405151367,0.0008788753184489906,-0.005423880647867918,-0.0006257021450437605,0.005530136171728373,-20.59780162089737,9.094576500821859,14.965192703006323
218,-22.686246871948242,9.100000381469727,11.559220314025879,0.0009689547587186098,-0.005425149109214544,-0.0004841319168917835,0.005532223731279373,-22.685277917189524,9.094575232360512,11.558736182108987
219,-24.21520233154297,9.100000381469727,7.8679962158203125,0.0010343714384362102,-0.005423767026513815,-0.00032974398345686495,0.005531356204301119,-24.214167960104533,9.094576614443213,7.867666471836856
220,-25.147899627685547,9.100000381469727,3.9830360412597656,0.0010734759271144867,-0.005421435926109552,-0.00016687875904608518,0.005529210437089205,-25.146826151758432,9.094578945543617,3.9828691625007195
221,-25.46137046813965,9.100000381469727,0.0,0.0010864873183891177,-0.0054204100742936134,-4.526613036310553e-19,0.005528227426111698,-25.46028398082126,9.094579971395433,-4.526613036310553e-19
222,-25.147899627685547,9.100000381469727,-3.9830360412597656,0.0010734759271144867,-0.005421435926109552,0.00016687875904608518,0.005529210437089205,-25.146826151758432,9.094578945543617,-3.9828691625007195
223,-24.21520233154297,9.100000381469727,-7.8679962158203125,0.0010343714384362102,-0.005423767026513815,0.00032974398345686495,0.005531356204301119,-24.214167960104533,9.094576614443213,-7.867666471836856
224,-22.686246871948242,9.100000381469727,-11.559220314025879,0.0009689547587186098,-0.005425149109214544,0.0004841319168917835,0.005532223731279373,-22.685277917189524,9.094575232360512,-11.558736182108987
225,-20.59868049621582,9.100000381469727,-14.965818405151367,0.0008788753184489906,-0.005423880647867918,0.0006257021450437605,0.005530136171728373,-20.59780162089737,9.094576500821859,-14.965192703006323
226,-18.003908157348633,9.100000381469727,-18.003908157348633,0.0007675292436033487,-0.005419414024800062,0.0007513161981478333,0.0055248187854886055,-18.00314062810503,9.094580967444927,-18.003156841150485
227,-14.965818405151367,9.100000381469727,-20.59868049621582,0.0006375384400598705,-0.005410247016698122,0.0008574800449423492,0.005514753051102161,-14.965180866711307,9.094590134453028,-20.597823016170878
228,-11.559220314025879,9.100000381469727,-22.686246871948242,0.0004926458350382745,-0.005396388471126556,0.0009415159584023058,0.0055000148713588715,-11.55872766819084,9.0946039929986,-22.68530535598984
229,-7.8679962158203125,9.100000381469727,-24.21520233154297,0.000337347446475178,-0.005380152724683285,0.0010028545511886477,0.005483207292854786,-7.867658868373837,9.094620228745043,-24.21419947699178
230,-3.9830360412597656,9.100000381469727,-25.147899627685547,0.0001751137024257332,-0.00536277424544096,0.0010400417959317565,0.0054655009880661964,-3.98286092755734,9.094637607224286,-25.146859585889615
231,-0.0,9.100000381469727,-25.46137046813965,9.669443898019381e-06,-0.005345301702618599,0.001051810453645885,0.00544781144708395,9.669443898019381e-06,9.094655079767108,-25.460318657686003
232,3.9830360412597656,9.100000381469727,-25.147899627685547,-0.000155103494762443,-0.005329516716301441,0.0010384779889136553,0.005431964993476868,3.982880937765003,9.094670864753425,-25.146861149696633
233,7.8679962158203125,9.100000381469727,-24.21520233154297,-0.00031550187850371003,-0.005316369701176882,0.0010003945790231228,0.005418866872787476,7.867680713941809,9.09468401176855,-24.214201936963946
234,11.559220314025879,9.100000381469727,-22.686246871948242,-0.00046767565072514117,-0.005305787082761526,0.0009378696558997035,0.0054082986898720264,11.558752638375154,9.094694594386965,-22.685309002292342
235,14.965818405151367,9.100000381469727,-20.59868049621582,-0.000607611087616533,-0.005297109019011259,0.0008517864625900984,0.005399452988058329,14.96521079406375,9.094703272450715,-20.59782870975323
236,18.003908157348633,9.100000381469727,-18.003908157348633,-0.0007314279791899025,-0.0052895210683345795,0.0007439958280883729,0.0053914329037070274,18.003176729369443,9.094710860401392,-18.003164161520544
237,20.59868049621582,9.100000381469727,-14.965818405151367,-0.0008358933846466243,-0.0052825636230409145,0.0006174558657221496,0.005383813288062811,20.597844602831174,9.094717817846686,-14.965200949285645
238,22.686246871948242,9.100000381469727,-11.559220314025879,-0.000918741337954998,-0.005276313051581383,0.0004758862196467817,0.005376805085688829,22.685328130610287,9.094724068418145,-11.558744427806232
239,24.21520233154297,9.100000381469727,-7.8679962158203125,-0.0009786116424947977,-0.005271235480904579,0.0003232479502912611,0.005371042061597109,24.214223719900474,9.094729145988822,-7.867672967870021
240,25.147899627685547,9.100000381469727,-3.9830360412597656,-0.0010147750144824386,-0.005267900414764881,0.00016339797002729028,0.005367238074541092,25.146884852671064,9.094732481054962,-3.9828726432897383
241,23.870800018310547,10.899999618530273,0.0,-0.0007540397346019745,-0.005087216384708881,5.170465609703453e-19,0.005142795387655497,23.870045978575945,10.894912402145565,5.170465609703453e-19
242,23.57691192626953,10.899999618530273,3.7342159748077393,-0.0007454644655808806,-0.005088489502668381,-0.00012097766011720523,0.005144227761775255,23.57616646180395,10.894911129027605,3.734094997147622
243,22.70248031616211,10.899999618530273,7.376482963562012,-0.0007198412204161286,-0.005092231556773186,-0.00023961663828231394,0.0051484378054738045,22.701760474941693,10.8949073869735,7.376243346923729
244,21.2690372467041,10.899999618530273,10.837116241455078,-0.0006773932836949825,-0.005098165478557348,-0.0003534978022798896,0.005155105609446764,21.268359853420407,10.894901453051716,10.836762743652798
245,19.3118839263916,10.899999618530273,14.030903816223145,-0.0006184024969115853,-0.005105783697217703,-0.0004599621461238712,0.0051636239513754845,19.31126552389469,10.894893834833056,14.03044385407702
246,16.87920379638672,10.899999618530273,16.87920379638672,-0.0005433582700788975,-0.005114442203193903,-0.000555987935513258,0.005173188634216785,16.87866043811664,10.89488517632708,16.878647808451205
247,14.030903816223145,10.899999618530273,19.3118839263916,-0.0004533203027676791,-0.00512358034029603,-0.0006383222062140703,0.005183052271604538,14.030450495920377,10.894876038189977,19.311245604185387
248,10.837116241455078,10.899999618530273,21.2690372467041,-0.0003502815088722855,-0.005133016500622034,-0.0007039980846457183,0.005192895885556936,10.836765959946206,10.894866602029651,21.268333248619456
249,7.376482963562012,10.899999618530273,22.70248031616211,-0.0002371509763179347,-0.005143038462847471,-0.0007509482675231993,0.00520298071205616,7.376245812585694,10.894856580067426,22.701729367894586
250,3.7342159748077393,10.899999618530273,23.57691192626953,-0.0001173217679024674,-0.0051541682332754135,-0.0007782791508361697,0.0052139172330498695,3.734098653039837,10.894845450296998,23.576133647118695
251,0.0,10.899999618530273,23.870800018310547,5.849494300491642e-06,-0.005166712682694197,-0.0007860225159674883,0.005226163659244776,5.849494300491642e-06,10.89483290584758,23.87001399579458
252,-3.7342159748077393,10.899999618530273,23.57691192626953,0.0001292817760258913,-0.005180274602025747,-0.0007744664326310158,0.005239442456513643,-3.7340866930317134,10.894819343928248,23.5761374598369
253,-7.376482963562012,10.899999618530273,22.70248031616211,0.000250120647251606,-0.005194013938307762,-0.0007442419300787151,0.005253021605312824,-7.37623284291476,10.894805604591966,22.70173607423203
254,-10.837116241455078,10.899999618530273,21.2690372467041,0.0003661787777673453,-0.0052077313885092735,-0.0006972805713303387,0.005266949068754911,-10.83675006267731,10.894791887141764,21.26833996613277
255,-14.030903816223145,10.899999618530273,19.3118839263916,0.00047539439401589334,-0.00522068003192544,-0.0006348560564219952,0.005280581768602133,-14.030428421829129,10.894778938498348,19.31124907033518
256,-16.87920379638672,10.899999618530273,16.87920379638672,0.0005744955851696432,-0.005230878945440054,-0.000556766870431602,0.005291703622788191,-16.87862930080155,10.894768739584833,16.878647029516287
257,-19.3118839263916,10.899999618530273,14.030903816223145,0.0006610460695810616,-0.005238276906311512,-0.00046471087262034416,0.005300234071910381,-19.31122288032202,10.894761341623962,14.030439105350524
258,-21.2690372467041,10.899999618530273,10.837116241455078,0.0007332043605856597,-0.005243836436420679,-0.00036098394775763154,0.005307138431817293,-21.268304042343516,10.894755782093853,10.83675525750732
259,-22.70248031616211,10.899999618530273,7.376482963562012,0.000787274562753737,-0.005247089080512524,-0.00024697527987882495,0.00531156687065959,-22.701693041599356,10.894752529449761,7.376235988282133
260,-23.57691192626953,10.899999618530273,3.7342159748077393,0.0008203394245356321,-0.005248272325843573,-0.00012539472663775086,0.005313477478921413,-23.576091586844996,10.89475134620443,3.7340905800811015
261,-23.870800018310547,10.899999618530273,0.0,0.0008314579608850181,-0.0052485172636806965,-1.0014279663461246e-18,0.0053139678202569485,-23.869968560349662,10.894751101266593,-1.0014279663461246e-18
262,-23.57691192626953,10.899999618530273,-3.7342159748077393,0.0008203394245356321,-0.005248272325843573,0.00012539472663775086,0.005313477478921413,-23.576091586844996,10.89475134620443,-3.7340905800811015
263,-22.70248031616211,10.899999618530273,-7.376482963562012,0.000787274562753737,-0.005247089080512524,0.00024697527987882495,0.00531156687065959,-22.701693041599356,10.894752529449761,-7.376235988282133
264,-21.2690372467041,10.899999618530273,-10.837116241455078,0.0007332043605856597,-0.005243836436420679,0.00036098394775763154,0.005307138431817293,-21.268304042343516,10.894755782093853,-10.83675525750732
265,-19.3118839263916,10.899999618530273,-14.030903816223145,0.0006610460695810616,-0.005238276906311512,0.00046471087262034416,0.005300234071910381,-19.31122288032202,10.894761341623962,-14.030439105350524
266,-16.87920379638672,10.899999618530273,-16.87920379638672,0.0005744955851696432,-0.005230878945440054,0.000556766870431602,0.005291703622788191,-16.87862930080155,10.894768739584833,-16.878647029516287
267,-14.030903816223145,10.899999618530273,-19.3118839263916,0.00047539439401589334,-0.00522068003192544,0.0006348560564219952,0.005280581768602133,-14.030428421829129,10.894778938498348,-19.31124907033518
268,-10.837116241455078,10.899999618530273,-21.2690372467041,0.0003661787777673453,-0.0052077313885092735,0.0006972805713303387,0.005266949068754911,-10.83675006267731,10.894791887141764,-21.26833996613277
269,-7.376482963562012,10.899999618530273,-22.70248031616211,0.000250120647251606,-0.005194013938307762,0.0007442419300787151,0.005253021605312824,-7.37623284291476,10.894805604591966,-22.70173607423203
270,-3.7342159748077393,10.899999618530273,-23.57691192626953,0.0001292817760258913,-0.005180274602025747,0.0007744664326310158,0.005239442456513643,-3.7340866930317134,10.894819343928248,-23.5761374598369
271,-0.0,10.899999618530273,-23.870800018310547,5.849494300491642e-06,-0.005166712682694197,0.0007860225159674883,0.005226163659244776,5.849494300491642e-06,10.89483290584758,-23.87001399579458
272,3.7342159748077393,10.899999618530273,-23.57691192626953,-0.0001173217679024674,-0.0051541682332754135,0.0007782791508361697,0.0052139172330498695,3.734098653039837,10.894845450296998,-23.576133647118695
273,7.376482963562012,10.899999618530273,-22.70248031616211,-0.0002371509763179347,-0.005143038462847471,0.0007509482675231993,0.00520298071205616,7.376245812585694,10.894856580067426,-22.701729367894586
274,10.837116241455078,10.899999618530273,-21.2690372467041,-0.0003502815088722855,-0.005133016500622034,0.0007039980846457183,0.005192895885556936,10.836765959946206,10.894866602029651,-21.268333248619456
275,14.030903816223145,10.899999618530273,-19.3118839263916,-0.0004533203027676791,-0.00512358034029603,0.0006383222062140703,0.005183052271604538,14.030450495920377,10.894876038189977,-19.311245604185387
276,16.87920379638672,10.899999618530273,-16.87920379638672,-0.0005433582700788975,-0.005114442203193903,0.000555987935513258,0.005173188634216785,16.87866043811664,10.89488517632708,-16.878647808451205
277,19.3118839263916,10.899999618530273,-14.030903816223145,-0.0006184024969115853,-0.005105783697217703,0.0004599621461238712,0.0051636239513754845,19.31126552389469,10.894893834833056,-14.03044385407702
278,21.2690372467041,10.899999618530273,-10.837116241455078,-0.0006773932836949825,-0.005098165478557348,0.0003534978022798896,0.005155105609446764,21.268359853420407,10.894901453051716,-10.836762743652798
279,22.70248031616211,10.899999618530273,-7.376482963562012,-0.0007198412204161286,-0.005092231556773186,0.00023961663828231394,0.0051484378054738045,22.701760474941693,10.8949073869735,-7.376243346923729
280,23.57691192626953,10.899999618530273,-3.7342159748077393,-0.0007454644655808806,-0.005088489502668381,0.00012097766011720523,0.005144227761775255,23.57616646180395,10.894911129027605,-3.734094997147622
281,22.715253829956055,12.75,0.0,-0.0006659553619101644,-0.0050782193429768085,1.2240095512822264e-18,0.005121699534356594,22.714587874594145,12.744921780657023,1.2240095512822264e-18
282,22.435590744018555,12.75,3.5534489154815674,-0.0006584002403542399,-0.005079404450953007,-0.00010719061538111418,0.0051230196841061115,22.4349323437782,12.744920595549047,3.5533417248661863
283,21.603490829467773,12.75,7.019399166107178,-0.0006359081598930061,-0.005082936491817236,-0.0002123468875652179,0.005126959644258022,21.60285492130788,12.744917063508183,7.0191868192196125
284,20.239439010620117,12.75,10.312508583068848,-0.0005988602642901242,-0.005088681820780039,-0.0003134563157800585,0.005133377853780985,20.238840150355827,12.74491131817922,10.312195126753068
285,18.377025604248047,12.75,13.351691246032715,-0.0005475993966683745,-0.00509627815335989,-0.00040836361586116254,0.00514185568317771,18.37647800485138,12.74490372184664,13.351282882416854
286,16.062110900878906,12.75,16.062110900878906,-0.00048238810268230736,-0.005105089861899614,-0.0004944729153066874,0.0051516154780983925,16.061628512776224,12.7448949101381,16.0616164279636
287,13.351691246032715,12.75,18.377025604248047,-0.0004037567996419966,-0.005114346742630005,-0.0005686258082278073,0.005161675624549389,13.351287489233073,12.74488565325737,18.37645697843982
288,10.312508583068848,12.75,20.239439010620117,-0.0003130855329800397,-0.00512344716116786,-0.0006274897023104131,0.00517121609300375,10.312195497535868,12.744876552838832,20.238811520917807
289,7.019399166107178,12.75,21.603490829467773,-0.00021291806478984654,-0.005132231395691633,-0.0006683860556222498,0.005179949104785919,7.019186248042388,12.744867768604308,21.60282244341215
290,3.5534489154815674,12.75,22.435590744018555,-0.00010668340109987184,-0.005140985827893019,-0.0006900387234054506,0.0051881857216358185,3.5533422320804675,12.744859014172107,22.43490070529515
291,0.0,12.75,22.715253829956055,2.01496118279465e-06,-0.005150153301656246,-0.0006927339127287269,0.005196533631533384,2.01496118279465e-06,12.744849846698344,22.714561096043326
292,-3.5534489154815674,12.75,22.435590744018555,0.00011004193947883323,-0.005159895401448011,-0.0006777477683499455,0.005205379333347082,-3.5533388735420885,12.744840104598552,22.434912996250205
293,-7.019399166107178,12.75,21.603490829467773,0.00021498234127648175,-0.005170130170881748,-0.000646968896035105,0.00521488580852747,-7.019184183765901,12.744829869829118,21.60284386057174
294,-10.312508583068848,12.75,20.239439010620117,0.0003154418955091387,-0.005181103944778442,-0.000603068561758846,0.005225613247603178,-10.312193141173339,12.744818896055222,20.23883594205836
295,-13.351691246032715,12.75,18.377025604248047,0.00041043557575903833,-0.005192444659769535,-0.0005474809440784156,0.005237334407866001,-13.351280810456956,12.74480755534023,18.37647812330397
296,-16.062110900878906,12.75,16.062110900878906,0.0004979061195626855,-0.005202776752412319,-0.0004799556627403945,0.005248538218438625,-16.061612994759344,12.744797223247588,16.061630945216166
297,-18.377025604248047,12.75,13.351691246032715,0.0005762349464930594,-0.005211967043578625,-0.0004015746235381812,0.005259078927338123,-18.376449369301554,12.744788032956421,13.351289671409177
298,-20.239439010620117,12.75,10.312508583068848,0.0006439086864702404,-0.00522035825997591,-0.0003134191210847348,0.005269249435514212,-20.238795101933647,12.744779641740024,10.312195163947763
299,-21.603490829467773,12.75,7.019399166107178,0.0006967980298213661,-0.005226920358836651,-0.0002156437112716958,0.005277568474411964,-21.602794031437952,12.744773079641163,7.019183522395906
300,-22.435590744018555,12.75,3.5534489154815674,0.0007304042810574174,-0.0052308510057628155,-0.00010999850201187655,0.005282744765281677,-22.434860339737497,12.744769148994237,3.5533389169795555
301,-22.715253829956055,12.75,0.0,0.0007419557659886777,-0.0052321539260447025,-1.3326645844271653e-18,0.005284499377012253,-22.714511874190066,12.744767846073955,-1.3326645844271653e-18
302,-22.435590744018555,12.75,-3.5534489154815674,0.0007304042810574174,-0.0052308510057628155,0.00010999850201187655,0.005282744765281677,-22.434860339737497,12.744769148994237,-3.5533389169795555
303,-21.603490829467773,12.75,-7.019399166107178,0.0006967980298213661,-0.005226920358836651,0.0002156437112716958,0.005277568474411964,-21.602794031437952,12.744773079641163,-7.019183522395906
304,-20.239439010620117,12.75,-10.312508583068848,0.0006439086864702404,-0.00522035825997591,0.0003134191210847348,0.005269249435514212,-20.238795101933647,12.744779641740024,-10.312195163947763
305,-18.377025604248047,12.75,-13.351691246032715,0.0005762349464930594,-0.005211967043578625,0.0004015746235381812,0.005259078927338123,-18.376449369301554,12.744788032956421,-13.351289671409177
306,-16.062110900878906,12.75,-16.062110900878906,0.0004979061195626855,-0.005202776752412319,0.0004799556627403945,0.005248538218438625,-16.061612994759344,12.744797223247588,-16.061630945216166
307,-13.351691246032715,12.75,-18.377025604248047,0.00041043557575903833,-0.005192444659769535,0.0005474809440784156,0.005237334407866001,-13.351280810456956,12.74480755534023,-18.37647812330397
308,-10.312508583068848,12.75,-20.239439010620117,0.0003154418955091387,-0.005181103944778442,0.000603068561758846,0.005225613247603178,-10.312193141173339,12.744818896055222,-20.23883594205836
309,-7.019399166107178,12.75,-21.603490829467773,0.00021498234127648175,-0.005170130170881748,0.000646968896035105,0.00521488580852747,-7.019184183765901,12.744829869829118,-21.60284386057174
310,-3.5534489154815674,12.75,-22.435590744018555,0.00011004193947883323,-0.005159895401448011,0.0006777477683499455,0.005205379333347082,-3.5533388735420885,12.744840104598552,-22.434912996250205
311,-0.0,12.75,-22.715253829956055,2.01496118279465e-06,-0.005150153301656246,0.0006927339127287269,0.005196533631533384,2.01496118279465e-06,12.744849846698344,-22.714561096043326
312,3.5534489154815674,12.75,-22.435590744018555,-0.00010668340109987184,-0.005140985827893019,0.0006900387234054506,0.0051881857216358185,3.5533422320804675,12.744859014172107,-22.43490070529515
313,7.019399166107178,12.75,-21.603490829467773,-0.00021291806478984654,-0.005132231395691633,0.0006683860556222498,0.005179949104785919,7.019186248042388,12.744867768604308,-21.60282244341215
314,10.312508583068848,12.75,-20.239439010620117,-0.0003130855329800397,-0.00512344716116786,0.0006274897023104131,0.00517121609300375,10.312195497535868,12.744876552838832,-20.238811520917807
315,13.351691246032715,12.75,-18.377025604248047,-0.0004037567996419966,-0.005114346742630005,0.0005686258082278073,0.005161675624549389,13.351287489233073,12.74488565325737,-18.37645697843982
316,16.062110900878906,12.75,-16.062110900878906,-0.00048238810268230736,-0.005105089861899614,0.0004944729153066874,0.0051516154780983925,16.061628512776224,12.7448949101381,-16.0616164279636
317,18.377025604248047,12.75,-13.351691246032715,-0.0005475993966683745,-0.00509627815335989,0.00040836361586116254,0.00514185568317771,18.37647800485138,12.74490372184664,-13.351282882416854
318,20.239439010620117,12.75,-10.312508583068848,-0.0005988602642901242,-0.005088681820780039,0.0003134563157800585,0.005133377853780985,20.238840150355827,12.74491131817922,-10.312195126753068
319,21.603490829467773,12.75,-7.019399166107178,-0.0006359081598930061,-0.005082936491817236,0.0002123468875652179,0.005126959644258022,21.60285492130788,12.744917063508183,-7.0191868192196125
320,22.435590744018555,12.75,-3.5534489154815674,-0.0006584002403542399,-0.005079404450953007,0.00010719061538111418,0.0051230196841061115,22.4349323437782,12.744920595549047,-3.5533417248661863
321,21.559707641601562,14.600000381469727,0.0,-0.0006144004873931408,-0.005087665747851133,1.4297086901088505e-18,0.005124629940837622,21.55909324111417,14.594912715721875,1.4297086901088505e-18
322,21.29427146911621,14.600000381469727,3.372680902481079,-0.0006073361146263778,-0.005088723264634609,-9.917098213918507e-05,0.005125796888023615,21.293664133001585,14.594911658205092,3.37258173149894
323,20.504499435424805,14.600000381469727,6.662315845489502,-0.0005863728583790362,-0.0050919074565172195,-0.00019640829123090953,0.00512932101264596,20.503913062566426,14.59490847401321,6.662119437198271
324,19.209840774536133,14.600000381469727,9.787901878356934,-0.0005520498380064964,-0.005097188055515289,-0.0002898637321777642,0.005135183222591877,19.209288724698126,14.594903193414211,9.787612014624756
325,17.442169189453125,14.600000381469727,12.672477722167969,-0.0005048940074630082,-0.005104342475533485,-0.00037764618173241615,0.0051431357860565186,17.441664295445662,14.594896038994193,12.672100075986236
326,15.245015144348145,14.600000381469727,15.245015144348145,-0.00044522632379084826,-0.005112823564559221,-0.0004574614576995373,0.005152519792318344,15.244569918024354,14.594887557905167,15.244557682890445
327,12.672477722167969,14.600000381469727,17.442169189453125,-0.0003733965859282762,-0.0051217894069850445,-0.0005263146013021469,0.005162282381206751,12.67210432558204,14.594878592062742,17.441642874851823
328,9.787901878356934,14.600000381469727,19.209840774536133,-0.0002904057619161904,-0.00513035524636507,-0.0005807121633552015,0.005171277094632387,9.787611472595017,14.594870026223361,19.209260062372778
329,6.662315845489502,14.600000381469727,20.504499435424805,-0.00019844899361487478,-0.005137939937412739,-0.0006174885202199221,0.005178716033697128,6.662117396495887,14.594862441532314,20.503881946904585
330,3.372680902481079,14.600000381469727,21.29427146911621,-0.00010088507406180725,-0.00514450715854764,-0.000634897209238261,0.005184518173336983,3.3725800174070173,14.594855874311179,21.293636571906973
331,0.0,14.600000381469727,21.559707641601562,-1.5255791367962956e-06,-0.005150541663169861,-0.0006333096534945071,0.005189331714063883,-1.5255791367962956e-06,14.594849839806557,21.559074331948068
332,-3.372680902481079,14.600000381469727,21.29427146911621,9.635931928642094e-05,-0.005156722851097584,-0.0006148667307570577,0.005194144323468208,-3.3725845431617927,14.594843658618629,21.293656602385454
333,-6.662315845489502,14.600000381469727,20.504499435424805,0.00019065251399297267,-0.005163661669939756,-0.0005825773696415126,0.005199918057769537,-6.662125192975509,14.594836719799787,20.503916858055163
334,-9.787901878356934,14.600000381469727,19.209840774536133,0.0002805895055644214,-0.005171976983547211,-0.000539708707947284,0.005207625217735767,-9.78762128885137,14.59482840448618,19.209301065828186
335,-12.672477722167969,14.600000381469727,17.442169189453125,0.00036585191264748573,-0.005181625485420227,-0.0004879445186816156,0.00521739199757576,-12.672111870255321,14.594818755984306,17.441681244934443
336,-15.245015144348145,14.600000381469727,15.245015144348145,0.0004453088331501931,-0.005191739648580551,-0.00042709909030236304,0.005228276364505291,-15.244569835514994,14.594808641821146,15.244588045257842
337,-17.442169189453125,14.600000381469727,12.672477722167969,0.0005181629676371813,-0.005202142987400293,-0.0003577066818252206,0.005240108817815781,-17.441651026485488,14.594798238482326,12.672120015486144
338,-19.209840774536133,14.600000381469727,9.787901878356934,0.0005831037415191531,-0.005212718155235052,-0.00028011080576106906,0.005252704489976168,-19.209257670794614,14.594787663314492,9.787621767551173
339,-20.504499435424805,14.600000381469727,6.662315845489502,0.0006357252132147551,-0.005222009960561991,-0.00019365620391909033,0.005264127627015114,-20.50386371021159,14.594778371509165,6.662122189285583
340,-21.29427146911621,14.600000381469727,3.372680902481079,0.0006703397375531495,-0.005228336434811354,-9.920576121658087e-05,0.005272068083286285,-21.293601129378658,14.594772045034915,3.3725816967198625
341,-21.559707641601562,14.600000381469727,0.0,0.0006824855809099972,-0.005230593029409647,-1.4049761965886681e-18,0.005274930503219366,-21.559025156020653,14.594769788440317,-1.4049761965886681e-18
342,-21.29427146911621,14.600000381469727,-3.372680902481079,0.0006703397375531495,-0.005228336434811354,9.920576121658087e-05,0.005272068083286285,-21.293601129378658,14.594772045034915,-3.3725816967198625
343,-20.504499435424805,14.600000381469727,-6.662315845489502,0.0006357252132147551,-0.005222009960561991,0.00019365620391909033,0.005264127627015114,-20.50386371021159,14.594778371509165,-6.662122189285583
344,-19.209840774536133,14.600000381469727,-9.787901878356934,0.0005831037415191531,-0.005212718155235052,0.00028011080576106906,0.005252704489976168,-19.209257670794614,14.594787663314492,-9.787621767551173
345,-17.442169189453125,14.600000381469727,-12.672477722167969,0.0005181629676371813,-0.005202142987400293,0.0003577066818252206,0.005240108817815781,-17.441651026485488,14.594798238482326,-12.672120015486144
346,-15.245015144348145,14.600000381469727,-15.245015144348145,0.0004453088331501931,-0.005191739648580551,0.00042709909030236304,0.005228276364505291,-15.244569835514994,14.594808641821146,-15.244588045257842
347,-12.672477722167969,14.600000381469727,-17.442169189453125,0.00036585191264748573,-0.005181625485420227,0.0004879445186816156,0.00521739199757576,-12.672111870255321,14.594818755984306,-17.441681244934443
348,-9.787901878356934,14.600000381469727,-19.209840774536133,0.0002805895055644214,-0.005171976983547211,0.000539708707947284,0.005207625217735767,-9.78762128885137,14.59482840448618,-19.209301065828186
349,-6.662315845489502,14.600000381469727,-20.504499435424805,0.00019065251399297267,-0.005163661669939756,0.0005825773696415126,0.005199918057769537,-6.662125192975509,14.594836719799787,-20.503916858055163
350,-3.372680902481079,14.600000381469727,-21.29427146911621,9.635931928642094e-05,-0.005156722851097584,0.0006148667307570577,0.005194144323468208,-3.3725845431617927,14.594843658618629,-21.293656602385454
351,-0.0,14.600000381469727,-21.559707641601562,-1.5255791367962956e-06,-0.005150541663169861,0.0006333096534945071,0.005189331714063883,-1.5255791367962956e-06,14.594849839806557,-21.559074331948068
352,3.372680902481079,14.600000381469727,-21.29427146911621,-0.00010088507406180725,-0.00514450715854764,0.000634897209238261,0.005184518173336983,3.3725800174070173,14.594855874311179,-21.293636571906973
353,6.662315845489502,14.600000381469727,-20.504499435424805,-0.00019844899361487478,-0.005137939937412739,0.0006174885202199221,0.005178716033697128,6.662117396495887,14.594862441532314,-20.503881946904585
354,9.787901878356934,14.600000381469727,-19.209840774536133,-0.0002904057619161904,-0.00513035524636507,0.0005807121633552015,0.005171277094632387,9.787611472595017,14.594870026223361,-19.209260062372778
355,12.672477722167969,14.600000381469727,-17.442169189453125,-0.0003733965859282762,-0.0051217894069850445,0.0005263146013021469,0.005162282381206751,12.67210432558204,14.594878592062742,-17.441642874851823
356,15.245015144348145,14.600000381469727,-15.245015144348145,-0.00044522632379084826,-0.005112823564559221,0.0004574614576995373,0.005152519792318344,15.244569918024354,14.594887557905167,-15.244557682890445
357,17.442169189453125,14.600000381469727,-12.672477722167969,-0.0005048940074630082,-0.005104342475533485,0.00037764618173241615,0.0051431357860565186,17.441664295445662,14.594896038994193,-12.672100075986236
358,19.209840774536133,14.600000381469727,-9.787901878356934,-0.0005520498380064964,-0.005097188055515289,0.0002898637321777642,0.005135183222591877,19.209288724698126,14.594903193414211,-9.787612014624756
359,20.504499435424805,14.600000381469727,-6.662315845489502,-0.0005863728583790362,-0.0050919074565172195,0.00019640829123090953,0.00512932101264596,20.503913062566426,14.59490847401321,-6.662119437198271
360,21.29427146911621,14.600000381469727,-3.372680902481079,-0.0006073361146263778,-0.005088723264634609,9.917098213918507e-05,0.005125796888023615,21.293664133001585,14.594911658205092,-3.37258173149894
361,20.902143478393555,16.399999618530273,0.0,-0.0004957994678989053,-0.0050749103538692,1.4419449661151943e-18,0.005099071655422449,20.901647678925656,16.394924708176404,1.4419449661151943e-18
362,20.644804000854492,16.399999618530273,3.2698159217834473,-0.0004901663633063436,-0.0050759161822497845,-8.045772119658068e-05,0.005100162699818611,20.644313834491186,16.394923702348024,3.2697354640622507
363,19.879119873046875,16.399999618530273,6.459117889404297,-0.00047348227235488594,-0.005078950896859169,-0.00015941038145683706,0.005103463307023048,19.87864639077452,16.394920667633414,6.45895847902284
364,18.623947143554688,16.399999618530273,9.489375114440918,-0.00044625825830735266,-0.005084010306745768,-0.00023547213640995324,0.00510898744687438,18.62350088529638,16.394915608223528,9.489139642304508
365,16.91019058227539,16.399999618530273,12.285971641540527,-0.0004089798603672534,-0.005090930499136448,-0.0003072924737352878,0.005116567946970463,16.909781602415023,16.394908688031137,12.285664349066792
366,14.780048370361328,16.399999618530273,14.780048370361328,-0.00036183767952024937,-0.005099243484437466,-0.0003731916949618608,0.0051256692968308926,14.779686532681808,16.394900375045836,14.779675178666366
367,12.285971641540527,16.399999618530273,16.91019058227539,-0.0003048309008590877,-0.005108153913170099,-0.00043071876280009747,0.005135335959494114,12.285666810639668,16.394891464617103,16.90975986351259
368,9.489375114440918,16.399999618530273,18.623947143554688,-0.00023834695457480848,-0.005116710904985666,-0.0004765803460031748,0.005144382361322641,9.489136767486343,16.394882907625288,18.623470563208684
369,6.459117889404297,16.399999618530273,19.879119873046875,-0.00016388292715419084,-0.00512413727119565,-0.0005072914646007121,0.005151794292032719,6.458954006477143,16.394875481259078,19.878612581582274
370,3.2698159217834473,16.399999618530273,20.644804000854492,-8.434960182057694e-05,-0.005130168050527573,-0.0005205131019465625,0.0051571959629654884,3.2697315721816267,16.394869450479746,20.644283487752546
371,0.0,16.399999618530273,20.902143478393555,-3.4670267723413417e-06,-0.005135210230946541,-0.0005163642344996333,0.0051611075177788734,-3.4670267723413417e-06,16.394864408299327,20.901627114159055
372,-3.2698159217834473,16.399999618530273,20.644804000854492,7.554345938842744e-05,-0.005140114575624466,-0.0004974380135536194,0.005164681002497673,-3.269740378324059,16.39485950395465,20.64430656284094
373,-6.459117889404297,16.399999618530273,19.879119873046875,0.00015092692046891898,-0.005145789589732885,-0.0004675397358369082,0.005169190000742674,-6.458966962483828,16.39485382894054,19.878652333311038
374,-9.489375114440918,16.399999618530273,18.623947143554688,0.0002225648204330355,-0.005153012461960316,-0.0004304199246689677,0.005175744649022818,-9.489152549620485,16.394846606068313,18.62351672363002
375,-12.285971641540527,16.399999618530273,16.91019058227539,0.00029095675563439727,-0.005161880981177092,-0.0003877658164128661,0.005184595938771963,-12.285680684784893,16.394837737549096,16.909802816458978
376,-14.780048370361328,16.399999618530273,14.780048370361328,0.00035575745278038085,-0.005171788856387138,-0.00033921055728569627,0.005195096600800753,-14.779692612908548,16.394827829673886,14.779709159804042
377,-16.91019058227539,16.399999618530273,12.285971641540527,0.00041682447772473097,-0.005182543303817511,-0.0002849515003617853,0.005207081325352192,-16.909773757797666,16.394817075226456,12.285686690040166
378,-18.623947143554688,16.399999618530273,9.489375114440918,0.00047346900100819767,-0.005193836521357298,-0.00022460530453827232,0.005220206920057535,-18.62347367455368,16.394805782008916,9.48915050913638
379,-19.879119873046875,16.399999618530273,6.459117889404297,0.0005214055418036878,-0.005204120650887489,-0.0001565536658745259,0.005232518073171377,-19.87859846750507,16.394795497879386,6.458961335738422
380,-20.644804000854492,16.399999618530273,3.2698159217834473,0.0005541162099689245,-0.005211377050727606,-8.075150981312618e-05,0.005241375416517258,-20.644249884644523,16.394788241479546,3.269735170273634
381,-20.902143478393555,16.399999618530273,0.0,0.0005658390000462532,-0.005214015021920204,-1.4525320507752605e-18,0.0052446285262703896,-20.90157763939351,16.394785603508353,-1.4525320507752605e-18
382,-20.644804000854492,16.399999618530273,-3.2698159217834473,0.0005541162099689245,-0.005211377050727606,8.075150981312618e-05,0.005241375416517258,-20.644249884644523,16.394788241479546,-3.269735170273634
383,-19.879119873046875,16.399999618530273,-6.459117889404297,0.0005214055418036878,-0.005204120650887489,0.0001565536658745259,0.005232518073171377,-19.87859846750507,16.394795497879386,-6.458961335738422
384,-18.623947143554688,16.399999618530273,-9.489375114440918,0.00047346900100819767,-0.005193836521357298,0.00022460530453827232,0.005220206920057535,-18.62347367455368,16.394805782008916,-9.48915050913638
385,-16.91019058227539,16.399999618530273,-12.285971641540527,0.00041682447772473097,-0.005182543303817511,0.0002849515003617853,0.005207081325352192,-16.909773757797666,16.394817075226456,-12.285686690040166
386,-14.780048370361328,16.399999618530273,-14.780048370361328,0.00035575745278038085,-0.005171788856387138,0.00033921055728569627,0.005195096600800753,-14.779692612908548,16.394827829673886,-14.779709159804042
387,-12.285971641540527,16.399999618530273,-16.91019058227539,0.00029095675563439727,-0.005161880981177092,0.0003877658164128661,0.005184595938771963,-12.285680684784893,16.394837737549096,-16.909802816458978
388,-9.489375114440918,16.399999618530273,-18.623947143554688,0.0002225648204330355,-0.005153012461960316,0.0004304199246689677,0.005175744649022818,-9.489152549620485,16.394846606068313,-18.62351672363002
389,-6.459117889404297,16.399999618530273,-19.879119873046875,0.00015092692046891898,-0.005145789589732885,0.0004675397358369082,0.005169190000742674,-6.458966962483828,16.39485382894054,-19.878652333311038
390,-3.2698159217834473,16.399999618530273,-20.644804000854492,7.554345938842744e-05,-0.005140114575624466,0.0004974380135536194,0.005164681002497673,-3.269740378324059,16.39485950395465,-20.64430656284094
391,-0.0,16.399999618530273,-20.902143478393555,-3.4670267723413417e-06,-0.005135210230946541,0.0005163642344996333,0.0051611075177788734,-3.4670267723413417e-06,16.394864408299327,-20.901627114159055
392,3.2698159217834473,16.399999618530273,-20.644804000854492,-8.434960182057694e-05,-0.005130168050527573,0.0005205131019465625,0.0051571959629654884,3.2697315721816267,16.394869450479746,-20.644283487752546
393,6.459117889404297,16.399999618530273,-19.879119873046875,-0.00016388292715419084,-0.00512413727119565,0.0005072914646007121,0.005151794292032719,6.458954006477143,16.394875481259078,-19.878612581582274
394,9.489375114440918,16.399999618530273,-18.623947143554688,-0.00023834695457480848,-0.005116710904985666,0.0004765803460031748,0.005144382361322641,9.489136767486343,16.394882907625288,-18.623470563208684
395,12.285971641540527,16.399999618530273,-16.91019058227539,-0.0003048309008590877,-0.005108153913170099,0.00043071876280009747,0.005135335959494114,12.285666810639668,16.394891464617103,-16.90975986351259
396,14.780048370361328,16.399999618530273,-14.780048370361328,-0.00036183767952024937,-0.005099243484437466,0.0003731916949618608,0.0051256692968308926,14.779686532681808,16.394900375045836,-14.779675178666366
397,16.91019058227539,16.399999618530273,-12.285971641540527,-0.0004089798603672534,-0.005090930499136448,0.0003072924737352878,0.005116567946970463,16.909781602415023,16.394908688031137,-12.285664349066792
398,18.623947143554688,16.399999618530273,-9.489375114440918,-0.00044625825830735266,-0.005084010306745768,0.00023547213640995324,0.00510898744687438,18.62350088529638,16.394915608223528,-9.489139642304508
399,19.879119873046875,16.399999618530273,-6.459117889404297,-0.00047348227235488594,-0.005078950896859169,0.00015941038145683706,0.005103463307023048,19.87864639077452,16.394920667633414,-6.45895847902284
400,20.644804000854492,16.399999618530273,-3.2698159217834473,-0.0004901663633063436,-0.0050759161822497845,8.045772119658068e-05,0.005100162699818611,20.644313834491186,16.394923702348024,-3.2697354640622507
401,20.24458122253418,18.200000762939453,0.0,-0.0003849428612738848,-0.0050635915249586105,1.256475356349167e-18,0.0050782025791704655,20.244196279672906,18.194937171414495,1.256475356349167e-18
402,19.995336532592773,18.200000762939453,3.166949987411499,-0.000380682380637154,-0.005064563825726509,-6.30135036772117e-05,0.005079241469502449,19.994955850212136,18.194936199113727,3.166886973907822
403,19.253740310668945,18.200000762939453,6.255918979644775,-0.00036805029958486557,-0.005067485384643078,-0.00012495540431700647,0.005082369782030582,19.25337226036936,18.19493327755481,6.255794024240458
404,18.038053512573242,18.200000762939453,9.190847396850586,-0.00034740837872959673,-0.005072335712611675,-0.0001848387037171051,0.005087577737867832,18.037706104194513,18.19492842722684,9.190662558146869
405,16.378210067749023,18.200000762939453,11.899465560913086,-0.0003191117139067501,-0.005078963469713926,-0.00024170732649508864,0.005094715394079685,16.377890956035117,18.19492179946974,11.89922385358659
406,14.315079689025879,18.200000762939453,14.315079689025879,-0.0002832779136952013,-0.00508697098121047,-0.00029435273609124124,0.005103348288685083,14.314796411112184,18.194913791958243,14.314785336289788
407,11.899465560913086,18.200000762939453,16.378210067749023,-0.00023978191893547773,-0.005095659755170345,-0.0003408781485632062,0.005112674552947283,11.89922577899415,18.194905103184283,16.37786918960046
408,9.190847396850586,18.200000762939453,18.038053512573242,-0.00018866086611524224,-0.005104125943034887,-0.00037844813778065145,0.005121612921357155,9.19065873598447,18.19489663699642,18.03767506443546
409,6.255918979644775,18.200000762939453,19.253740310668945,-0.000130813816213049,-0.00511151785030961,-0.0004036765603814274,0.005129101686179638,6.255788165828562,18.194889245089144,19.253336634108564
410,3.166949987411499,18.200000762939453,19.995336532592773,-6.8502442445606e-05,-0.005117401015013456,-0.0004139115335419774,0.005134569946676493,3.1668814849690534,18.19488336192444,19.99492262105923
411,0.0,18.200000762939453,20.24458122253418,-4.9869036047311965e-06,-0.005122034344822168,-0.0004088565765414387,0.005138328764587641,-4.9869036047311965e-06,18.19487872859463,20.24417236595764
412,-3.166949987411499,18.200000762939453,19.995336532592773,5.6763972679618746e-05,-0.00512627512216568,-0.00039099075365811586,0.005141477566212416,-3.1668932234388194,18.194874487817287,19.994945541839115
413,-6.255918979644775,18.200000762939453,19.253740310668945,0.0001152510812971741,-0.005131172947585583,-0.000364357721991837,0.00514538399875164,-6.255803728563478,18.194869589991868,19.253375952946953
414,-9.190847396850586,18.200000762939453,18.038053512573242,0.00017075284267775714,-0.005137613043189049,-0.0003329694736748934,0.005151222459971905,-9.190676644007908,18.194863149896264,18.037720543099567
415,-11.899465560913086,18.200000762939453,16.378210067749023,0.0002241857728222385,-0.005145843606442213,-0.00029864293173886836,0.005159375257790089,-11.899241375140264,18.19485491933301,16.377911424817285
416,-14.315079689025879,18.200000762939453,14.315079689025879,0.00027572549879550934,-0.0051554846577346325,-0.0002609379298519343,0.005169442389160395,-14.314803963527083,18.19484527828172,14.314818751096027
417,-16.378210067749023,18.200000762939453,11.899465560913086,0.0003257259086240083,-0.005166288930922747,-0.00021966660278849304,0.005181205924600363,-16.3778843418404,18.19483447400853,11.899245894310297
418,-18.038053512573242,18.200000762939453,9.190847396850586,0.0003737378865480423,-0.005177756771445274,-0.0001740761217661202,0.005194145254790783,-18.037679774686694,18.194823006168008,9.19067332072882
419,-19.253740310668945,18.200000762939453,6.255918979644775,0.00041565613355487585,-0.005188315641134977,-0.0001221641869051382,0.005206372123211622,-19.25332465453539,18.194812447298318,6.25579681545787
420,-19.995336532592773,18.200000762939453,3.166949987411499,0.00044493586756289005,-0.005195865873247385,-6.336050864774734e-05,0.005215266719460487,-19.99489159672521,18.194804897066206,3.1668866269028513
421,-20.24458122253418,18.200000762939453,0.0,0.00045556147233583033,-0.0051986281760036945,-1.495144673621236e-18,0.0052185505628585815,-20.244125661061844,18.19480213476345,-1.495144673621236e-18
422,-19.995336532592773,18.200000762939453,-3.166949987411499,0.00044493586756289005,-0.005195865873247385,6.336050864774734e-05,0.005215266719460487,-19.99489159672521,18.194804897066206,-3.1668866269028513
423,-19.253740310668945,18.200000762939453,-6.255918979644775,0.00041565613355487585,-0.005188315641134977,0.0001221641869051382,0.005206372123211622,-19.25332465453539,18.194812447298318,-6.25579681545787
424,-18.038053512573242,18.200000762939453,-9.190847396850586,0.0003737378865480423,-0.005177756771445274,0.0001740761217661202,0.005194145254790783,-18.037679774686694,18.194823006168008,-9.19067332072882
425,-16.378210067749023,18.200000762939453,-11.899465560913086,0.0003257259086240083,-0.005166288930922747,0.00021966660278849304,0.005181205924600363,-16.3778843418404,18.19483447400853,-11.899245894310297
426,-14.315079689025879,18.200000762939453,-14.315079689025879,0.00027572549879550934,-0.0051554846577346325,0.0002609379298519343,0.005169442389160395,-14.314803963527083,18.19484527828172,-14.314818751096027
427,-11.899465560913086,18.200000762939453,-16.378210067749023,0.0002241857728222385,-0.005145843606442213,0.00029864293173886836,0.005159375257790089,-11.899241375140264,18.19485491933301,-16.377911424817285
428,-9.190847396850586,18.200000762939453,-18.038053512573242,0.00017075284267775714,-0.005137613043189049,0.0003329694736748934,0.005151222459971905,-9.190676644007908,18.194863149896264,-18.037720543099567
429,-6.255918979644775,18.200000762939453,-19.253740310668945,0.0001152510812971741,-0.005131172947585583,0.000364357721991837,0.00514538399875164,-6.255803728563478,18.194869589991868,-19.253375952946953
430,-3.166949987411499,18.200000762939453,-19.995336532592773,5.6763972679618746e-05,-0.00512627512216568,0.00039099075365811586,0.005141477566212416,-3.1668932234388194,18.194874487817287,-19.994945541839115
431,-0.0,18.200000762939453,-20.24458122253418,-4.9869036047311965e-06,-0.005122034344822168,0.0004088565765414387,0.005138328764587641,-4.9869036047311965e-06,18.19487872859463,-20.24417236595764
432,3.166949987411499,18.200000762939453,-19.995336532592773,-6.8502442445606e-05,-0.005117401015013456,0.0004139115335419774,0.005134569946676493,3.1668814849690534,18.19488336192444,-19.99492262105923
433,6.255918979644775,18.200000762939453,-19.253740310668945,-0.000130813816213049,-0.00511151785030961,0.0004036765603814274,0.005129101686179638,6.255788165828562,18.194889245089144,-19.253336634108564
434,9.190847396850586,18.200000762939453,-18.038053512573242,-0.00018866086611524224,-0.005104125943034887,0.00037844813778065145,0.005121612921357155,9.19065873598447,18.19489663699642,-18.03767506443546
435,11.899465560913086,18.200000762939453,-16.378210067749023,-0.00023978191893547773,-0.005095659755170345,0.0003408781485632062,0.005112674552947283,11.89922577899415,18.194905103184283,-16.37786918960046
436,14.315079689025879,18.200000762939453,-14.315079689025879,-0.0002832779136952013,-0.00508697098121047,0.00029435273609124124,0.005103348288685083,14.314796411112184,18.194913791958243,-14.314785336289788
437,16.378210067749023,18.200000762939453,-11.899465560913086,-0.0003191117139067501,-0.005078963469713926,0.00024170732649508864,0.005094715394079685,16.377890956035117,18.19492179946974,-11.89922385358659
438,18.038053512573242,18.200000762939453,-9.190847396850586,-0.00034740837872959673,-0.005072335712611675,0.0001848387037171051,0.005087577737867832,18.037706104194513,18.19492842722684,-9.190662558146869
439,19.253740310668945,18.200000762939453,-6.255918979644775,-0.00036805029958486557,-0.005067485384643078,0.00012495540431700647,0.005082369782030582,19.25337226036936,18.19493327755481,-6.255794024240458
440,19.995336532592773,18.200000762939453,-3.166949987411499,-0.000380682380637154,-0.005064563825726509,6.30135036772117e-05,0.005079241469502449,19.994955850212136,18.194936199113727,-3.166886973907822
441,19.982086181640625,20.049999237060547,0.0,-0.00037820517900399864,-0.005087445955723524,8.204649399548628e-19,0.005101484712213278,19.98170797646162,20.044911791104823,8.204649399548628e-19
442,19.736074447631836,20.049999237060547,3.125886917114258,-0.00037401169538497925,-0.005088381934911013,-6.168428080854937e-05,0.005102481693029404,19.73570043593645,20.044910855125636,3.1258252328334493
443,19.004093170166016,20.049999237060547,6.174804210662842,-0.00036151986569166183,-0.0050911870785057545,-0.00012226839317008853,0.005105470772832632,19.003731650300324,20.04490804998204,6.174681942269672
444,17.804168701171875,20.049999237060547,9.071677207946777,-0.0003409681667108089,-0.0050958190113306046,-0.00018068273493554443,0.005110408645123243,17.803827733005164,20.044903418049216,9.071496525211842
445,16.165847778320312,20.049999237060547,11.745176315307617,-0.0003126676310785115,-0.005102113354951143,-0.00023586787574458867,0.005117123946547508,16.165535110689234,20.044897123705596,11.744940447431873
446,14.12946891784668,20.049999237060547,14.12946891784668,-0.0002768801059573889,-0.005109687801450491,-0.00028663038392551243,0.005125205498188734,14.129192037740722,20.044889549259096,14.129182287462754
447,11.745176315307617,20.049999237060547,16.165847778320312,-0.00023375403543468565,-0.0051178946159780025,-0.00033133424585685134,0.005133932922035456,11.744942561272183,20.04488134244457,16.165516444074456
448,9.071677207946777,20.049999237060547,17.804168701171875,-0.00018352802726440132,-0.005125896073877811,-0.0003675940679386258,0.005142335779964924,9.071493679919513,20.04487334098667,17.803801107103936
449,6.174804210662842,20.049999237060547,19.004093170166016,-0.00012705990229733288,-0.005132885184139013,-0.00039237833698280156,0.005149428732693195,6.1746771507605445,20.044866351876408,19.003700791829033
450,3.125886917114258,20.049999237060547,19.736074447631836,-6.6382774093654e-05,-0.005138420034199953,-0.00040294398786500096,0.0051546222530305386,3.125820534340164,20.044860817026347,19.73567150364397
451,0.0,20.049999237060547,19.982086181640625,-4.6122263483994175e-06,-0.0051427013240754604,-0.0003984374925494194,0.005158115178346634,-4.6122263483994175e-06,20.04485653573647,19.981687744148076
452,-3.125886917114258,20.049999237060547,19.736074447631836,5.5174055887619033e-05,-0.0051465402357280254,-0.00038081189268268645,0.005160904955118895,-3.12583174305837,20.04485269682482,19.735693635739153
453,-6.174804210662842,20.049999237060547,19.004093170166016,0.00011128573532914743,-0.005150991957634687,-0.00035408599069342017,0.005164347123354673,-6.174692924927513,20.044848245102912,19.003739084175322
454,-9.071677207946777,20.049999237060547,17.804168701171875,0.00016399369633290917,-0.005156945437192917,-0.000322672858601436,0.005169632378965616,-9.071513214250444,20.044842291623354,17.803846028313274
455,-11.745176315307617,20.049999237060547,16.165847778320312,0.00021458374976646155,-0.005164749920368195,-0.00028888011001981795,0.0051772715523839,-11.74496173155785,20.04483448714018,16.165558898210293
456,-14.12946891784668,20.049999237060547,14.12946891784668,0.00026365715893916786,-0.005174212623387575,-0.0002524818410165608,0.005187074188143015,-14.12920526068774,20.04482502443716,14.129216436005663
457,-16.165847778320312,20.049999237060547,11.745176315307617,0.0003115391591563821,-0.005184993147850037,-0.00021299264335539192,0.005198709201067686,-16.165536239161156,20.044814243912697,11.744963322664262
458,-17.804168701171875,20.049999237060547,9.071677207946777,0.0003575070295482874,-0.005196365062147379,-0.0001691514189587906,0.0052113947458565235,-17.803811194142327,20.0448028719984,9.071508056527819
459,-19.004093170166016,20.049999237060547,6.174804210662842,0.0003974138235207647,-0.005206769332289696,-0.00011884076229762286,0.00522326584905386,-19.003695756342495,20.044792467728257,6.174685369900544
460,-19.736074447631836,20.049999237060547,3.125886917114258,0.0004250875790603459,-0.005214191507548094,-6.16587494732812e-05,0.005231854040175676,-19.735649360052776,20.044785045553,3.1258252583647845
461,-19.982086181640625,20.049999237060547,0.0,0.00043508189264684916,-0.005216901656240225,-1.0863640090164118e-18,0.005235013086348772,-19.981651099747978,20.044782335404307,-1.0863640090164118e-18
462,-19.736074447631836,20.049999237060547,-3.125886917114258,0.0004250875790603459,-0.005214191507548094,6.16587494732812e-05,0.005231854040175676,-19.735649360052776,20.044785045553,-3.1258252583647845
463,-19.004093170166016,20.049999237060547,-6.174804210662842,0.0003974138235207647,-0.005206769332289696,0.00011884076229762286,0.00522326584905386,-19.003695756342495,20.044792467728257,-6.174685369900544
464,-17.804168701171875,20.049999237060547,-9.071677207946777,0.0003575070295482874,-0.005196365062147379,0.0001691514189587906,0.0052113947458565235,-17.803811194142327,20.0448028719984,-9.071508056527819
465,-16.165847778320312,20.049999237060547,-11.745176315307617,0.0003115391591563821,-0.005184993147850037,0.00021299264335539192,0.005198709201067686,-16.165536239161156,20.044814243912697,-11.744963322664262
466,-14.12946891784668,20.049999237060547,-14.12946891784668,0.00026365715893916786,-0.005174212623387575,0.0002524818410165608,0.005187074188143015,-14.12920526068774,20.04482502443716,-14.129216436005663
467,-11.745176315307617,20.049999237060547,-16.165847778320312,0.00021458374976646155,-0.005164749920368195,0.00028888011001981795,0.0051772715523839,-11.74496173155785,20.04483448714018,-16.165558898210293
468,-9.071677207946777,20.049999237060547,-17.804168701171875,0.00016399369633290917,-0.005156945437192917,0.000322672858601436,0.005169632378965616,-9.071513214250444,20.044842291623354,-17.803846028313274
469,-6.174804210662842,20.049999237060547,-19.004093170166016,0.00011128573532914743,-0.005150991957634687,0.00035408599069342017,0.005164347123354673,-6.174692924927513,20.044848245102912,-19.003739084175322
470,-3.125886917114258,20.049999237060547,-19.736074447631836,5.5174055887619033e-05,-0.0051465402357280254,0.00038081189268268645,0.005160904955118895,-3.12583174305837,20.04485269682482,-19.735693635739153
471,-0.0,20.049999237060547,-19.982086181640625,-4.6122263483994175e-06,-0.0051427013240754604,0.0003984374925494194,0.005158115178346634,-4.6122263483994175e-06,20.04485653573647,-19.981687744148076
472,3.125886917114258,20.049999237060547,-19.736074447631836,-6.6382774093654e-05,-0.005138420034199953,0.00040294398786500096,0.0051546222530305386,3.125820534340164,20.044860817026347,-19.73567150364397
473,6.174804210662842,20.049999237060547,-19.004093170166016,-0.00012705990229733288,-0.005132885184139013,0.00039237833698280156,0.005149428732693195,6.1746771507605445,20.044866351876408,-19.003700791829033
474,9.071677207946777,20.049999237060547,-17.804168701171875,-0.00018352802726440132,-0.005125896073877811,0.0003675940679386258,0.005142335779964924,9.071493679919513,20.04487334098667,-17.803801107103936
475,11.745176315307617,20.049999237060547,-16.165847778320312,-0.00023375403543468565,-0.0051178946159780025,0.00033133424585685134,0.005133932922035456,11.744942561272183,20.04488134244457,-16.165516444074456
476,14.12946891784668,20.049999237060547,-14.12946891784668,-0.0002768801059573889,-0.005109687801450491,0.00028663038392551243,0.005125205498188734,14.129192037740722,20.044889549259096,-14.129182287462754
477,16.165847778320312,20.049999237060547,-11.745176315307617,-0.0003126676310785115,-0.005102113354951143,0.00023586787574458867,0.005117123946547508,16.165535110689234,20.044897123705596,-11.744940447431873
478,17.804168701171875,20.049999237060547,-9.071677207946777,-0.0003409681667108089,-0.0050958190113306046,0.00018068273493554443,0.005110408645123243,17.803827733005164,20.044903418049216,-9.071496525211842
479,19.004093170166016,20.049999237060547,-6.174804210662842,-0.00036151986569166183,-0.0050911870785057545,0.00012226839317008853,0.005105470772832632,19.003731650300324,20.04490804998204,-6.174681942269672
480,19.736074447631836,20.049999237060547,-3.125886917114258,-0.00037401169538497925,-0.005088381934911013,6.168428080854937e-05,0.005102481693029404,19.73570043593645,20.044910855125636,-3.1258252328334493
481,19.71959114074707,21.899999618530273,0.0,-0.0003706752322614193,-0.005108437966555357,6.389212327735887e-19,0.005121868569403887,19.71922046551481,21.894891180563718,6.389212327735887e-19
482,19.476810455322266,21.899999618530273,3.0848240852355957,-0.0003665659169200808,-0.005109342746436596,-6.028430652804673e-05,0.005122830159962177,19.476443889405346,21.894890275783837,3.0847638009290677
483,18.75444793701172,21.899999618530273,6.09368896484375,-0.0003542448685038835,-0.005112042184919119,-0.00011944779544137418,0.0051256935112178326,18.754093692143215,21.894887576345354,6.093569517048309
484,17.57028579711914,21.899999618530273,8.952507019042969,-0.000333769858116284,-0.005116465501487255,-0.00017631870287004858,0.005130371078848839,17.569952027261024,21.894883153028786,8.952330700340099
485,15.953484535217285,21.899999618530273,11.590885162353516,-0.0003053304099012166,-0.005122422240674496,-0.0002296598831890151,0.005136650521308184,15.953179204807384,21.8948771962896,11.590655502470327
486,13.943857192993164,21.899999618530273,13.943857192993164,-0.0002692893613129854,-0.005129530560225248,-0.000278162129689008,0.005144120659679174,13.943587903631851,21.894870087970048,13.943579030863475
487,11.590885162353516,21.899999618530273,15.953484535217285,-0.00022615525813307613,-0.00513719255104661,-0.0003203526430297643,0.0051521374844014645,11.590659007095383,21.894862425979227,15.953164182574255
488,8.952507019042969,21.899999618530273,17.57028579711914,-0.0001766068598954007,-0.00514466455206275,-0.0003544182691257447,0.005159881431609392,8.952330412183073,21.89485495397821,17.569931378850015
489,6.09368896484375,21.899999618530273,18.75444793701172,-0.00012170425179647282,-0.00515124574303627,-0.00037814280949532986,0.0051665399223566055,6.0935672605919535,21.894848372787237,18.754069794202223
490,3.0848240852355957,21.899999618530273,19.476810455322266,-6.321732507785782e-05,-0.0051565514877438545,-0.00038931003655306995,0.005171612836420536,3.084760867910518,21.89484306704253,19.476421145285713
491,0.0,21.899999618530273,19.71959114074707,-3.704891241795849e-06,-0.00516073452308774,-0.00038676970871165395,0.005175208672881126,-3.704891241795849e-06,21.894838884007186,19.71920437103836
492,-3.0848240852355957,21.899999618530273,19.476810455322266,5.411552047007717e-05,-0.00516449473798275,-0.0003714906342793256,0.005178121384233236,-3.0847699697151256,21.89483512379229,19.476438964687986
493,-6.09368896484375,21.899999618530273,18.75444793701172,0.00010847912926692516,-0.00516879977658391,-0.00034658622462302446,0.005181542132049799,-6.093580485714483,21.89483081875369,18.754101350787096
494,-8.952507019042969,21.899999618530273,17.57028579711914,0.00015938356227707118,-0.005174476653337479,-0.0003162267676088959,0.005186580121517181,-8.952347635480692,21.894825141876936,17.56996957035153
495,-11.590885162353516,21.899999618530273,15.953484535217285,0.00020793869043700397,-0.005181949120014906,-0.00028313451912254095,0.005193842574954033,-11.590677223663079,21.89481766941026,15.953201400698163
496,-13.943857192993164,21.899999618530273,13.943857192993164,0.0002547818294260651,-0.0051911985501646996,-0.0002474494685884565,0.0052033341489732265,-13.943602411163738,21.89480841998011,13.943609743524576
497,-15.953484535217285,21.899999618530273,11.590885162353516,0.0002999751886818558,-0.005201779305934906,-0.00020846691040787846,0.0052145905792713165,-15.953184560028603,21.89479783922434,11.590676695443108
498,-17.57028579711914,21.899999618530273,8.952507019042969,0.0003421736473683268,-0.005212748888880014,-0.00016488028632011265,0.0052265687845647335,-17.569943623471772,21.894786869641393,8.952342138756649
499,-18.75444793701172,21.899999618530273,6.09368896484375,0.0003774091601371765,-0.005222614388912916,-0.0001151257602032274,0.005237498786300421,-18.75407052785158,21.89477700414136,6.093573839083547
500,-19.476810455322266,21.899999618530273,3.0848240852355957,0.0004009532858617604,-0.0052295709028840065,-5.938406320638023e-05,0.005245255306363106,-19.476409502036404,21.89477004762739,3.0847647011723893
501,-19.71959114074707,21.899999618530273,0.0,0.0004092664457857609,-0.005232090596109629,-9.432284690250827e-19,0.005248073022812605,-19.719181874301285,21.894767527934164,-9.432284690250827e-19
502,-19.476810455322266,21.899999618530273,-3.0848240852355957,0.0004009532858617604,-0.0052295709028840065,5.938406320638023e-05,0.005245255306363106,-19.476409502036404,21.89477004762739,-3.0847647011723893
503,-18.75444793701172,21.899999618530273,-6.09368896484375,0.0003774091601371765,-0.005222614388912916,0.0001151257602032274,0.005237498786300421,-18.75407052785158,21.89477700414136,-6.093573839083547
504,-17.57028579711914,21.899999618530273,-8.952507019042969,0.0003421736473683268,-0.005212748888880014,0.00016488028632011265,0.0052265687845647335,-17.569943623471772,21.894786869641393,-8.952342138756649
505,-15.953484535217285,21.899999618530273,-11.590885162353516,0.0002999751886818558,-0.005201779305934906,0.00020846691040787846,0.0052145905792713165,-15.953184560028603,21.89479783922434,-11.590676695443108
506,-13.943857192993164,21.899999618530273,-13.943857192993164,0.0002547818294260651,-0.0051911985501646996,0.0002474494685884565,0.0052033341489732265,-13.943602411163738,21.89480841998011,-13.943609743524576
507,-11.590885162353516,21.899999618530273,-15.953484535217285,0.00020793869043700397,-0.005181949120014906,0.00028313451912254095,0.005193842574954033,-11.590677223663079,21.89481766941026,-15.953201400698163
508,-8.952507019042969,21.899999618530273,-17.57028579711914,0.00015938356227707118,-0.005174476653337479,0.0003162267676088959,0.005186580121517181,-8.952347635480692,21.894825141876936,-17.56996957035153
509,-6.09368896484375,21.899999618530273,-18.75444793701172,0.00010847912926692516,-0.00516879977658391,0.00034658622462302446,0.005181542132049799,-6.093580485714483,21.89483081875369,-18.754101350787096
510,-3.0848240852355957,21.899999618530273,-19.476810455322266,5.411552047007717e-05,-0.00516449473798275,0.0003714906342793256,0.005178121384233236,-3.0847699697151256,21.89483512379229,-19.476438964687986
511,-0.0,21.899999618530273,-19.71959114074707,-3.704891241795849e-06,-0.00516073452308774,0.00038676970871165395,0.005175208672881126,-3.704891241795849e-06,21.894838884007186,-19.71920437103836
512,3.0848240852355957,21.899999618530273,-19.476810455322266,-6.321732507785782e-05,-0.0051565514877438545,0.00038931003655306995,0.005171612836420536,3.084760867910518,21.89484306704253,-19.476421145285713
513,6.09368896484375,21.899999618530273,-18.75444793701172,-0.00012170425179647282,-0.00515124574303627,0.00037814280949532986,0.0051665399223566055,6.0935672605919535,21.894848372787237,-18.754069794202223
514,8.952507019042969,21.899999618530273,-17.57028579711914,-0.0001766068598954007,-0.00514466455206275,0.0003544182691257447,0.005159881431609392,8.952330412183073,21.89485495397821,-17.569931378850015
515,11.590885162353516,21.899999618530273,-15.953484535217285,-0.00022615525813307613,-0.00513719255104661,0.0003203526430297643,0.0051521374844014645,11.590659007095383,21.894862425979227,-15.953164182574255
516,13.943857192993164,21.899999618530273,-13.943857192993164,-0.0002692893613129854,-0.005129530560225248,0.000278162129689008,0.005144120659679174,13.943587903631851,21.894870087970048,-13.943579030863475
517,15.953484535217285,21.899999618530273,-11.590885162353516,-0.0003053304099012166,-0.005122422240674496,0.0002296598831890151,0.005136650521308184,15.953179204807384,21.8948771962896,-11.590655502470327
518,17.57028579711914,21.899999618530273,-8.952507019042969,-0.000333769858116284,-0.005116465501487255,0.00017631870287004858,0.005130371078848839,17.569952027261024,21.894883153028786,-8.952330700340099
519,18.75444793701172,21.899999618530273,-6.09368896484375,-0.0003542448685038835,-0.005112042184919119,0.00011944779544137418,0.0051256935112178326,18.754093692143215,21.894887576345354,-6.093569517048309
520,19.476810455322266,21.899999618530273,-3.0848240852355957,-0.0003665659169200808,-0.005109342746436596,6.028430652804673e-05,0.005122830159962177,19.476443889405346,21.894890275783837,-3.0847638009290677
521,19.956710815429688,23.700000762939453,0.0,-0.00019098086340818554,-0.0051525430753827095,4.891081738898488e-19,0.005156081169843674,19.95651983456628,23.69484821986407,4.891081738898488e-19
522,19.71101188659668,23.700000762939453,3.1219170093536377,-0.00018925742188002914,-0.005153408739715815,-3.181325155310333e-05,0.005156980827450752,19.7108226291748,23.694847354199737,3.1218851961020846
523,18.97995948791504,23.700000762939453,6.16696310043335,-0.000183919895789586,-0.0051560052670538425,-6.332158227451146e-05,0.005159672815352678,18.97977556801925,23.6948447576724,6.166899778851075
524,17.78156089782715,23.700000762939453,9.06015682220459,-0.0001745740883052349,-0.005160296335816383,-9.403211151948199e-05,0.005164104513823986,17.781386323738843,23.694840466603637,9.06006279009307
525,16.14531898498535,23.700000762939453,11.730260848999023,-0.00016085541574284434,-0.005166130606085062,-0.0001232072536367923,0.005170102696865797,16.14515812956961,23.694834632333368,11.730137641745387
526,14.111525535583496,23.700000762939453,14.111525535583496,-0.00014266950893215835,-0.005173139274120331,-0.00014996952086221427,0.005177278537303209,14.111382866074564,23.694827623665333,14.111375566062634
527,11.730260848999023,23.700000762939453,16.14531898498535,-0.00012027165212202817,-0.005180684849619865,-0.0001734642864903435,0.005184983368963003,11.730140577346901,23.694820078089833,16.14514552069886
528,9.06015682220459,23.700000762939453,17.78156089782715,-9.417568071512505e-05,-0.005187914241105318,-0.00019291839271318167,0.005192354321479797,9.060062646523875,23.694812848698348,17.781367979434435
529,6.16696310043335,23.700000762939453,18.97995948791504,-6.501445022877306e-05,-0.005193979479372501,-0.00020749277609866112,0.005198528990149498,6.166898085983121,23.69480678346008,18.97975199513894
530,3.1219170093536377,23.700000762939453,19.71101188659668,-3.356016895850189e-05,-0.005198391620069742,-0.00021605976507999003,0.005202988162636757,3.121883449184679,23.694802371319383,19.7107958268316
531,0.0,23.700000762939453,19.956710815429688,-9.497805990577035e-07,-0.005201348569244146,-0.00021735708287451416,0.0052058883011341095,-9.497805990577035e-07,23.69479941437021,19.956493458346813
532,-3.1219170093536377,23.700000762939453,19.71101188659668,3.124972135992721e-05,-0.005203785840421915,-0.0002107433829223737,0.005208144895732403,-3.1218857596322778,23.69479697709903,19.710801143213757
533,-6.16696310043335,23.700000762939453,18.97995948791504,6.159763870527968e-05,-0.005206969100981951,-0.00019731069914996624,0.00521107017993927,-6.166901502794644,23.69479379383847,18.97976217721589
534,-9.06015682220459,23.700000762939453,17.78156089782715,8.99151127669029e-05,-0.005211859941482544,-0.00018016084504779428,0.005215747747570276,-9.060066907091823,23.69478890299797,17.7813807369821
535,-11.730260848999023,23.700000762939453,16.14531898498535,0.0001172000338556245,-0.005218951031565666,-0.00016171055904123932,0.005222770851105452,-11.730143648965168,23.694781811907887,16.14515727442631
536,-14.111525535583496,23.700000762939453,14.111525535583496,0.00014384236419573426,-0.005228370428085327,-0.00014190741057973355,0.005232273600995541,-14.1113816932193,23.694772392511368,14.111383628172916
537,-16.14531898498535,23.700000762939453,11.730260848999023,0.00016961232176981866,-0.005239636171609163,-0.00012012216757284477,0.0052437568083405495,-16.14514937266358,23.694761126767844,11.73014072683145
538,-17.78156089782715,23.700000762939453,9.06015682220459,0.00019329728092998266,-0.005251632537692785,-9.529713133815676e-05,0.00525605259463191,-17.78136760054622,23.69474913040176,9.060061525073252
539,-18.97995948791504,23.700000762939453,6.16696310043335,0.0002118799602612853,-0.005262716207653284,-6.637488695560023e-05,0.005267397966235876,-18.979747607954778,23.6947380467318,6.166896725546394
540,-19.71101188659668,23.700000762939453,3.1219170093536377,0.00022316072136163712,-0.005270719062536955,-3.4037719160551205e-05,0.00527555076405406,-19.710788725875318,23.694730043876916,3.121882971634477
541,-19.956710815429688,23.700000762939453,0.0,0.00022687682940158993,-0.005273652728646994,-8.522871468064489e-19,0.005278530530631542,-19.956483938600286,23.694727110210806,-8.522871468064489e-19
542,-19.71101188659668,23.700000762939453,-3.1219170093536377,0.00022316072136163712,-0.005270719062536955,3.4037719160551205e-05,0.00527555076405406,-19.710788725875318,23.694730043876916,-3.121882971634477
543,-18.97995948791504,23.700000762939453,-6.16696310043335,0.0002118799602612853,-0.005262716207653284,6.637488695560023e-05,0.005267397966235876,-18.979747607954778,23.6947380467318,-6.166896725546394
544,-17.78156089782715,23.700000762939453,-9.06015682220459,0.00019329728092998266,-0.005251632537692785,9.529713133815676e-05,0.00525605259463191,-17.78136760054622,23.69474913040176,-9.060061525073252
545,-16.14531898498535,23.700000762939453,-11.730260848999023,0.00016961232176981866,-0.005239636171609163,0.00012012216757284477,0.0052437568083405495,-16.14514937266358,23.694761126767844,-11.73014072683145
546,-14.111525535583496,23.700000762939453,-14.111525535583496,0.00014384236419573426,-0.005228370428085327,0.00014190741057973355,0.005232273600995541,-14.1113816932193,23.694772392511368,-14.111383628172916
547,-11.730260848999023,23.700000762939453,-16.14531898498535,0.0001172000338556245,-0.005218951031565666,0.00016171055904123932,0.005222770851105452,-11.730143648965168,23.694781811907887,-16.14515727442631
548,-9.06015682220459,23.700000762939453,-17.78156089782715,8.99151127669029e-05,-0.005211859941482544,0.00018016084504779428,0.005215747747570276,-9.060066907091823,23.69478890299797,-17.7813807369821
549,-6.16696310043335,23.700000762939453,-18.97995948791504,6.159763870527968e-05,-0.005206969100981951,0.00019731069914996624,0.00521107017993927,-6.166901502794644,23.69479379383847,-18.97976217721589
550,-3.1219170093536377,23.700000762939453,-19.71101188659668,3.124972135992721e-05,-0.005203785840421915,0.0002107433829223737,0.005208144895732403,-3.1218857596322778,23.69479697709903,-19.710801143213757
551,-0.0,23.700000762939453,-19.956710815429688,-9.497805990577035e-07,-0.005201348569244146,0.00021735708287451416,0.0052058883011341095,-9.497805990577035e-07,23.69479941437021,-19.956493458346813
552,3.1219170093536377,23.700000762939453,-19.71101188659668,-3.356016895850189e-05,-0.005198391620069742,0.00021605976507999003,0.005202988162636757,3.121883449184679,23.694802371319383,-19.7107958268316
553,6.16696310043335,23.700000762939453,-18.97995948791504,-6.501445022877306e-05,-0.005193979479372501,0.00020749277609866112,0.005198528990149498,6.166898085983121,23.69480678346008,-18.97975199513894
554,9.06015682220459,23.700000762939453,-17.78156089782715,-9.417568071512505e-05,-0.005187914241105318,0.00019291839271318167,0.005192354321479797,9.060062646523875,23.694812848698348,-17.781367979434435
555,11.730260848999023,23.700000762939453,-16.14531898498535,-0.00012027165212202817,-0.005180684849619865,0.0001734642864903435,0.005184983368963003,11.730140577346901,23.694820078089833,-16.14514552069886
556,14.111525535583496,23.700000762939453,-14.111525535583496,-0.00014266950893215835,-0.005173139274120331,0.00014996952086221427,0.005177278537303209,14.111382866074564,23.694827623665333,-14.111375566062634
557,16.14531898498535,23.700000762939453,-11.730260848999023,-0.00016085541574284434,-0.005166130606085062,0.0001232072536367923,0.005170102696865797,16.14515812956961,23.694834632333368,-11.730137641745387
558,17.78156089782715,23.700000762939453,-9.06015682220459,-0.0001745740883052349,-0.005160296335816383,9.403211151948199e-05,0.005164104513823986,17.781386323738843,23.694840466603637,-9.06006279009307
559,18.97995948791504,23.700000762939453,-6.16696310043335,-0.000183919895789586,-0.0051560052670538425,6.332158227451146e-05,0.005159672815352678,18.97977556801925,23.6948447576724,-6.166899778851075
560,19.71101188659668,23.700000762939453,-3.1219170093536377,-0.00018925742188002914,-0.005153408739715815,3.181325155310333e-05,0.005156980827450752,19.7108226291748,23.694847354199737,-3.1218851961020846
561,20.193830490112305,25.5,0.0,-3.890664447681047e-05,-0.005193624645471573,3.0565921126392366e-19,0.0051937703974545,20.193791583467828,25.49480637535453,3.0565921126392366e-19
562,19.94521141052246,25.5,3.159010887145996,-3.917714275303297e-05,-0.005194458179175854,-7.666849342058413e-06,0.005194611381739378,19.945172233379708,25.494805541820824,3.159003220296654
563,19.205474853515625,25.5,6.240237236022949,-3.967711018049158e-05,-0.00519696855917573,-1.569187588756904e-05,0.0051971436478197575,19.205435176405445,25.494803031440824,6.240221544147062
564,17.992834091186523,25.5,9.167806625366211,-3.963314520660788e-05,-0.0052011520601809025,-2.413340007478837e-05,0.005201359279453754,17.992794458041317,25.49479884793982,9.167782491966136
565,16.3371524810791,25.5,11.869635581970215,-3.820551501121372e-05,-0.005206891801208258,-3.2652060326654464e-05,0.005207134410738945,16.33711427556409,25.49479310819879,11.869602929909888
566,14.279194831848145,25.5,14.279194831848145,-3.490916787995957e-05,-0.005213836207985878,-4.070664363098331e-05,0.005214111879467964,14.279159922680265,25.494786163792014,14.279154125204514
567,11.869635581970215,25.5,16.3371524810791,-2.981633588206023e-05,-0.005221311468631029,-4.795492350240238e-05,0.005221616942435503,11.869605765634333,25.49477868853137,16.3371045261556
568,9.167806625366211,25.5,17.992834091186523,-2.338457852602005e-05,-0.005228361114859581,-5.4574386012973264e-05,0.005228698253631592,9.167783240787685,25.49477163888514,17.99277951680051
569,6.240237236022949,25.5,19.205474853515625,-1.5990612155292183e-05,-0.005233981180936098,-6.111006950959563e-05,0.005234362557530403,6.240221245410794,25.494766018819064,19.205413743446115
570,3.159010887145996,25.5,19.94521141052246,-7.585182629554765e-06,-0.005237550474703312,-6.77240313962102e-05,0.005237993784248829,3.1590033019633665,25.494762449525297,19.945143686491065
571,0.0,25.5,20.193830490112305,2.0708607735286932e-06,-0.005239259451627731,-7.339531293837354e-05,0.005239774007350206,2.0708607735286932e-06,25.494760740548372,20.193757094799366
572,-3.159010887145996,25.5,19.94521141052246,1.2706275811069645e-05,-0.005240249913185835,-7.60192415327765e-05,0.005240816622972488,-3.158998180870185,25.494759750086814,19.945135391280928
573,-6.240237236022949,25.5,19.205474853515625,2.332367148483172e-05,-0.005242126993834972,-7.426533557008952e-05,0.005242704879492521,-6.240213912351464,25.494757873006165,19.205400588180055
574,-9.167806625366211,25.5,17.992834091186523,3.3412117772968486e-05,-0.005246079061180353,-6.952225521672517e-05,0.005246646236628294,-9.167773213248438,25.49475392093882,17.992764568931307
575,-11.869635581970215,25.5,16.3371524810791,4.334875484346412e-05,-0.005252736620604992,-6.366922752931714e-05,0.005253301467746496,-11.869592233215371,25.494747263379395,16.337088811851572
576,-14.279194831848145,25.5,14.279194831848145,5.2879113354720175e-05,-0.005262378137558699,-5.6649590987944975e-05,0.005262948572635651,-14.27914195273479,25.49473762186244,14.279138182257157
577,-16.3371524810791,25.5,11.869635581970215,6.133420538390055e-05,-0.005274473689496517,-4.8142388550331816e-05,0.005275050178170204,-16.337091146873718,25.494725526310503,11.869587439581665
578,-17.992834091186523,25.5,9.167806625366211,6.753562774974853e-05,-0.005287703592330217,-3.781110353884287e-05,0.005288269836455584,-17.992766555558774,25.49471229640767,9.167768814262672
579,-19.205474853515625,25.5,6.240237236022949,6.975438009249046e-05,-0.005300190765410662,-2.5537656256346963e-05,0.005300711374729872,-19.205405099135533,25.49469980923459,6.240211698366693
580,-19.94521141052246,25.5,3.159010887145996,6.884075264679268e-05,-0.00530934939160943,-1.2595119187608361e-05,0.005309810396283865,-19.945142569769814,25.49469065060839,3.1589982920268085
581,-20.193830490112305,25.5,0.0,6.799036054871976e-05,-0.005312729626893997,-1.6960198502118158e-19,0.005313164554536343,-20.193762499751756,25.494687270373106,-1.6960198502118158e-19
582,-19.94521141052246,25.5,-3.159010887145996,6.884075264679268e-05,-0.00530934939160943,1.2595119187608361e-05,0.005309810396283865,-19.945142569769814,25.49469065060839,-3.1589982920268085
583,-19.205474853515625,25.5,-6.240237236022949,6.975438009249046e-05,-0.005300190765410662,2.5537656256346963e-05,0.005300711374729872,-19.205405099135533,25.49469980923459,-6.240211698366693
584,-17.992834091186523,25.5,-9.167806625366211,6.753562774974853e-05,-0.005287703592330217,3.781110353884287e-05,0.005288269836455584,-17.992766555558774,25.49471229640767,-9.167768814262672
585,-16.3371524810791,25.5,-11.869635581970215,6.133420538390055e-05,-0.005274473689496517,4.8142388550331816e-05,0.005275050178170204,-16.337091146873718,25.494725526310503,-11.869587439581665
586,-14.279194831848145,25.5,-14.279194831848145,5.2879113354720175e-05,-0.005262378137558699,5.6649590987944975e-05,0.005262948572635651,-14.27914195273479,25.49473762186244,-14.279138182257157
587,-11.869635581970215,25.5,-16.3371524810791,4.334875484346412e-05,-0.005252736620604992,6.366922752931714e-05,0.005253301467746496,-11.869592233215371,25.494747263379395,-16.337088811851572
588,-9.167806625366211,25.5,-17.992834091186523,3.3412117772968486e-05,-0.005246079061180353,6.952225521672517e-05,0.005246646236628294,-9.167773213248438,25.49475392093882,-17.992764568931307
589,-6.240237236022949,25.5,-19.205474853515625,2.332367148483172e-05,-0.005242126993834972,7.426533557008952e-05,0.005242704879492521,-6.240213912351464,25.494757873006165,-19.205400588180055
590,-3.159010887145996,25.5,-19.94521141052246,1.2706275811069645e-05,-0.005240249913185835,7.60192415327765e-05,0.005240816622972488,-3.158998180870185,25.494759750086814,-19.945135391280928
591,-0.0,25.5,-20.193830490112305,2.0708607735286932e-06,-0.005239259451627731,7.339531293837354e-05,0.005239774007350206,2.0708607735286932e-06,25.494760740548372,-20.193757094799366
592,3.159010887145996,25.5,-19.94521141052246,-7.585182629554765e-06,-0.005237550474703312,6.77240313962102e-05,0.005237993784248829,3.1590033019633665,25.494762449525297,-19.945143686491065
593,6.240237236022949,25.5,-19.205474853515625,-1.5990612155292183e-05,-0.005233981180936098,6.111006950959563e-05,0.005234362557530403,6.240221245410794,25.494766018819064,-19.205413743446115
594,9.167806625366211,25.5,-17.992834091186523,-2.338457852602005e-05,-0.005228361114859581,5.4574386012973264e-05,0.005228698253631592,9.167783240787685,25.49477163888514,-17.99277951680051
595,11.869635581970215,25.5,-16.3371524810791,-2.981633588206023e-05,-0.005221311468631029,4.795492350240238e-05,0.005221616942435503,11.869605765634333,25.49477868853137,-16.3371045261556
596,14.279194831848145,25.5,-14.279194831848145,-3.490916787995957e-05,-0.005213836207985878,4.070664363098331e-05,0.005214111879467964,14.279159922680265,25.494786163792014,-14.279154125204514
597,16.3371524810791,25.5,-11.869635581970215,-3.820551501121372e-05,-0.005206891801208258,3.2652060326654464e-05,0.005207134410738945,16.33711427556409,25.49479310819879,-11.869602929909888
598,17.992834091186523,25.5,-9.167806625366211,-3.963314520660788e-05,-0.0052011520601809025,2.413340007478837e-05,0.005201359279453754,17.992794458041317,25.49479884793982,-9.167782491966136
599,19.205474853515625,25.5,-6.240237236022949,-3.967711018049158e-05,-0.00519696855917573,1.569187588756904e-05,0.0051971436478197575,19.205435176405445,25.494803031440824,-6.240221544147062
600,19.94521141052246,25.5,-3.159010887145996,-3.917714275303297e-05,-0.005194458179175854,7.666849342058413e-06,0.005194611381739378,19.945172233379708,25.494805541820824,-3.159003220296654
601,20.718503952026367,27.299999237060547,0.0,-0.00011498451203806326,-0.005192123353481293,6.827527579509494e-19,0.005193396471440792,20.71838896751433,27.294807113707066,6.827527579509494e-19
602,20.463424682617188,27.299999237060547,3.2410879135131836,-0.00011418125359341502,-0.005192996002733707,-1.903759221022483e-05,0.00519428588449955,20.463310501363594,27.294806241057813,3.2410688759209734
603,19.7044677734375,27.299999237060547,6.402369976043701,-0.0001114493134082295,-0.005195640027523041,-3.8018788472982123e-05,0.0051969741471111774,19.70435632412409,27.294803597033024,6.402331957255228
604,18.4603214263916,27.299999237060547,9.406003952026367,-0.00010601317626424134,-0.005200086161494255,-5.654348206007853e-05,0.0052014742977917194,18.460215413215337,27.294799150899053,9.405947408544307
605,16.761621475219727,27.299999237060547,12.178030014038086,-9.71296030911617e-05,-0.00520625663921237,-7.377602742053568e-05,0.00520768528804183,16.761524345616635,27.294792980421335,12.177956238010665
606,14.65019416809082,27.299999237060547,14.65019416809082,-8.462373807560652e-05,-0.0052137975580990314,-8.874632476363331e-05,0.0052152397111058235,14.650109544352745,27.294785439502448,14.650105421766057
607,12.178030014038086,27.299999237060547,16.761621475219727,-6.914346158737317e-05,-0.005221954081207514,-0.00010095592733705416,0.005223387386649847,12.177960870576499,27.29477728297934,16.76152051929239
608,9.406003952026367,27.299999237060547,18.4603214263916,-5.18780252605211e-05,-0.005229577422142029,-0.00011090560292359442,0.005231010727584362,9.405952074001107,27.294769659638405,18.460210520788678
609,6.402369976043701,27.299999237060547,19.7044677734375,-3.3804277336457744e-05,-0.0052353874780237675,-0.00011996596003882587,0.005236870609223843,6.402336171766365,27.294763849582523,19.70434780747746
610,3.2410879135131836,27.299999237060547,20.463424682617188,-1.5031964721856639e-05,-0.005238495301455259,-0.00012929149670526385,0.005240112077444792,3.2410728815484617,27.29476074175909,20.463295391120482
611,0.0,27.299999237060547,20.718503952026367,5.010310360376025e-06,-0.0052389781922101974,-0.0001383638591505587,0.005240807309746742,5.010310360376025e-06,27.294760258868337,20.718365588167217
612,-3.2410879135131836,27.299999237060547,20.463424682617188,2.64706504822243e-05,-0.005238194949924946,-0.000144439036375843,0.005240252707153559,-3.2410614428627014,27.294761042110622,20.46328024358081
613,-6.402369976043701,27.299999237060547,19.7044677734375,4.812222323380411e-05,-0.005238349083811045,-0.00014435959747061133,0.00524055864661932,-6.402321853820467,27.294760887976736,19.70432341384003
614,-9.406003952026367,27.299999237060547,18.4603214263916,6.831995415268466e-05,-0.005241239443421364,-0.0001378489105263725,0.005243496969342232,-9.405935632072215,27.294757997617126,18.460183577481075
615,-12.178030014038086,27.299999237060547,16.761621475219727,8.652308315504342e-05,-0.005247710272669792,-0.0001268340420210734,0.00524995569139719,-12.177943490954931,27.294751526787877,16.761494641177705
616,-14.65019416809082,27.299999237060547,14.65019416809082,0.00010225195728708059,-0.00525800883769989,-0.00011215169070055708,0.0052601988427340984,-14.650091916133533,27.294741228222847,14.65008201640012
617,-16.761621475219727,27.299999237060547,12.178030014038086,0.00011413162428652868,-0.00527162617072463,-9.367855091113597e-05,0.005273693241178989,-16.76150734359544,27.294727610889822,12.177936335487175
618,-18.4603214263916,27.299999237060547,9.406003952026367,0.00012008829071419314,-0.005287173669785261,-7.143370021367446e-05,0.005289019551128149,-18.460201338100887,27.29471206339076,9.405932518326154
619,-19.7044677734375,27.299999237060547,6.402369976043701,0.00011919965618290007,-0.005302257835865021,-4.68889920739457e-05,0.005303804762661457,-19.704348573781317,27.294696979224682,6.402323087051627
620,-20.463424682617188,27.299999237060547,3.2410879135131836,0.00011486224684631452,-0.005313422530889511,-2.275212318636477e-05,0.0053147124126553535,-20.46330982037034,27.294685814529657,3.2410651613899972
621,-20.718503952026367,27.299999237060547,0.0,0.0001125903581851162,-0.005317543167620897,-1.3972340703985074e-19,0.005318734794855118,-20.718391361668182,27.294681693892926,-1.3972340703985074e-19
622,-20.463424682617188,27.299999237060547,-3.2410879135131836,0.00011486224684631452,-0.005313422530889511,2.275212318636477e-05,0.0053147124126553535,-20.46330982037034,27.294685814529657,-3.2410651613899972
623,-19.7044677734375,27.299999237060547,-6.402369976043701,0.00011919965618290007,-0.005302257835865021,4.68889920739457e-05,0.005303804762661457,-19.704348573781317,27.294696979224682,-6.402323087051627
624,-18.4603214263916,27.299999237060547,-9.406003952026367,0.00012008829071419314,-0.005287173669785261,7.143370021367446e-05,0.005289019551128149,-18.460201338100887,27.29471206339076,-9.405932518326154
625,-16.761621475219727,27.299999237060547,-12.178030014038086,0.00011413162428652868,-0.00527162617072463,9.367855091113597e-05,0.005273693241178989,-16.76150734359544,27.294727610889822,-12.177936335487175
626,-14.65019416809082,27.299999237060547,-14.65019416809082,0.00010225195728708059,-0.00525800883769989,0.00011215169070055708,0.0052601988427340984,-14.650091916133533,27.294741228222847,-14.65008201640012
627,-12.178030014038086,27.299999237060547,-16.761621475219727,8.652308315504342e-05,-0.005247710272669792,0.0001268340420210734,0.00524995569139719,-12.177943490954931,27.294751526787877,-16.761494641177705
628,-9.406003952026367,27.299999237060547,-18.4603214263916,6.831995415268466e-05,-0.005241239443421364,0.0001378489105263725,0.005243496969342232,-9.405935632072215,27.294757997617126,-18.460183577481075
629,-6.402369976043701,27.299999237060547,-19.7044677734375,4.812222323380411e-05,-0.005238349083811045,0.00014435959747061133,0.00524055864661932,-6.402321853820467,27.294760887976736,-19.70432341384003
630,-3.2410879135131836,27.299999237060547,-20.463424682617188,2.64706504822243e-05,-0.005238194949924946,0.000144439036375843,0.005240252707153559,-3.2410614428627014,27.294761042110622,-20.46328024358081
631,-0.0,27.299999237060547,-20.718503952026367,5.010310360376025e-06,-0.0052389781922101974,0.0001383638591505587,0.005240807309746742,5.010310360376025e-06,27.294760258868337,-20.718365588167217
632,3.2410879135131836,27.299999237060547,-20.463424682617188,-1.5031964721856639e-05,-0.005238495301455259,0.00012929149670526385,0.005240112077444792,3.2410728815484617,27.29476074175909,-20.463295391120482
633,6.402369976043701,27.299999237060547,-19.7044677734375,-3.3804277336457744e-05,-0.0052353874780237675,0.00011996596003882587,0.005236870609223843,6.402336171766365,27.294763849582523,-19.70434780747746
634,9.406003952026367,27.299999237060547,-18.4603214263916,-5.18780252605211e-05,-0.005229577422142029,0.00011090560292359442,0.005231010727584362,9.405952074001107,27.294769659638405,-18.460210520788678
635,12.178030014038086,27.299999237060547,-16.761621475219727,-6.914346158737317e-05,-0.005221954081207514,0.00010095592733705416,0.005223387386649847,12.177960870576499,27.29477728297934,-16.76152051929239
636,14.65019416809082,27.299999237060547,-14.65019416809082,-8.462373807560652e-05,-0.0052137975580990314,8.874632476363331e-05,0.0052152397111058235,14.650109544352745,27.294785439502448,-14.650105421766057
637,16.761621475219727,27.299999237060547,-12.178030014038086,-9.71296030911617e-05,-0.00520625663921237,7.377602742053568e-05,0.00520768528804183,16.761524345616635,27.294792980421335,-12.177956238010665
638,18.4603214263916,27.299999237060547,-9.406003952026367,-0.00010601317626424134,-0.005200086161494255,5.654348206007853e-05,0.0052014742977917194,18.460215413215337,27.294799150899053,-9.405947408544307
639,19.7044677734375,27.299999237060547,-6.402369976043701,-0.0001114493134082295,-0.005195640027523041,3.8018788472982123e-05,0.0051969741471111774,19.70435632412409,27.294803597033024,-6.402331957255228
640,20.463424682617188,27.299999237060547,-3.2410879135131836,-0.00011418125359341502,-0.005192996002733707,1.903759221022483e-05,0.00519428588449955,20.463310501363594,27.294806241057813,-3.2410688759209734
641,21.243175506591797,29.100000381469727,0.0,-0.00017046371067408472,-0.00519264442846179,6.381129739175478e-20,0.005195441655814648,21.243005042881123,29.094807737041265,6.381129739175478e-20
642,20.98163604736328,29.100000381469727,3.323164939880371,-0.00016872021660674363,-0.005193597171455622,-2.7159197998116724e-05,0.0051964083686470985,20.981467327146675,29.09480678429827,3.323137780682373
643,20.203460693359375,29.100000381469727,6.564501762390137,-0.0001632280182093382,-0.005196475423872471,-5.38280037289951e-05,0.005199316889047623,20.203297465341166,29.094803906045854,6.564447934386408
644,18.92780876159668,29.100000381469727,9.644200325012207,-0.00015338827506639063,-0.005201298277825117,-7.922211807454005e-05,0.005204162560403347,18.927655373321613,29.0947990831919,9.644121102894132
645,17.18609046936035,29.100000381469727,12.486425399780273,-0.00013874204887542874,-0.005207953043282032,-0.00010222714627161622,0.005210803356021643,17.185951727311476,29.094792428426445,12.486323172634002
646,15.02119255065918,29.100000381469727,15.02119255065918,-0.00011947811435675249,-0.005216028541326523,-0.00012175573647255078,0.005218817386776209,15.021073072544823,29.0947843529284,15.021070794922707
647,12.486425399780273,29.100000381469727,17.18609046936035,-9.662737284088507e-05,-0.005224679131060839,-0.0001373828563373536,0.005227378103882074,12.486328772407433,29.094775702338666,17.185953086504014
648,9.644200325012207,29.100000381469727,18.92780876159668,-7.170673052314669e-05,-0.005232646595686674,-0.00014984558220021427,0.005235282704234123,9.644128618281684,29.09476773487404,18.92765891601448
649,6.564501762390137,29.100000381469727,20.203460693359375,-4.592747427523136e-05,-0.005238532554358244,-0.00016085161769296974,0.0052412026561796665,6.5644558349158615,29.09476184891537,20.203299841741682
650,3.323164939880371,29.100000381469727,20.98163604736328,-1.953776336449664e-05,-0.005241323262453079,-0.00017197278793901205,0.005244180094450712,3.3231454021170066,29.094759058207273,20.981464074575342
651,0.0,29.100000381469727,21.243175506591797,8.023690497793723e-06,-0.005240967031568289,-0.0001831689733080566,0.005244173109531403,8.023690497793723e-06,29.09475941443816,21.24299233761849
652,-3.323164939880371,29.100000381469727,20.98163604736328,3.706837014760822e-05,-0.005238777957856655,-0.00019196097855456173,0.005242424551397562,-3.3231278715102235,29.09476160351187,20.981444086384727
653,-6.564501762390137,29.100000381469727,20.203460693359375,6.653471064055339e-05,-0.005237217992544174,-0.0001945144758792594,0.0052412510849535465,-6.564435227679496,29.094763163477182,20.203266178883496
654,-9.644200325012207,29.100000381469727,18.92780876159668,9.435343235963956e-05,-0.005238683428615332,-0.0001887352846097201,0.005242931190878153,-9.644105971579847,29.09476169804111,18.92762002631207
655,-12.486425399780273,29.100000381469727,17.18609046936035,0.00011868849105667323,-0.005244677420705557,-0.0001750456285662949,0.005248939618468285,-12.486306711289217,29.09475570404902,17.185915423731785
656,-15.02119255065918,29.100000381469727,15.02119255065918,0.00013782046153210104,-0.005255833268165588,-0.00015427698963321745,0.005259902682155371,-15.021054730197648,29.09474454820156,15.021038273669546
657,-17.18609046936035,29.100000381469727,12.486425399780273,0.0001499600475654006,-0.005271407775580883,-0.0001273575471714139,0.005275078117847443,-17.185940509312786,29.094728973694146,12.486298042233102
658,-18.92780876159668,29.100000381469727,9.644200325012207,0.00015378680836874992,-0.005289308726787567,-9.592282003723085e-05,0.005292413290590048,-18.92765497478831,29.09471107274294,9.64410440219217
659,-20.203460693359375,29.100000381469727,6.564501762390137,0.00015025351603981107,-0.005306432489305735,-6.268242577789351e-05,0.005308929365128279,-20.203310439843335,29.09469394898042,6.564439079964359
660,-20.98163604736328,29.100000381469727,3.323164939880371,0.000144213845487684,-0.005318869836628437,-3.0495759347104467e-05,0.0053209117613732815,-20.981491833517794,29.094681511633098,3.323134444121024
661,-21.243175506591797,29.100000381469727,0.0,0.0001414152211509645,-0.005323401186615229,5.48988243721657e-19,0.005325279198586941,-21.243034091370646,29.09467698028311,5.48988243721657e-19
662,-20.98163604736328,29.100000381469727,-3.323164939880371,0.000144213845487684,-0.005318869836628437,3.0495759347104467e-05,0.0053209117613732815,-20.981491833517794,29.094681511633098,-3.323134444121024
663,-20.203460693359375,29.100000381469727,-6.564501762390137,0.00015025351603981107,-0.005306432489305735,6.268242577789351e-05,0.005308929365128279,-20.203310439843335,29.09469394898042,-6.564439079964359
664,-18.92780876159668,29.100000381469727,-9.644200325012207,0.00015378680836874992,-0.005289308726787567,9.592282003723085e-05,0.005292413290590048,-18.92765497478831,29.09471107274294,-9.64410440219217
665,-17.18609046936035,29.100000381469727,-12.486425399780273,0.0001499600475654006,-0.005271407775580883,0.0001273575471714139,0.005275078117847443,-17.185940509312786,29.094728973694146,-12.486298042233102
666,-15.02119255065918,29.100000381469727,-15.02119255065918,0.00013782046153210104,-0.005255833268165588,0.00015427698963321745,0.005259902682155371,-15.021054730197648,29.09474454820156,-15.021038273669546
667,-12.486425399780273,29.100000381469727,-17.18609046936035,0.00011868849105667323,-0.005244677420705557,0.0001750456285662949,0.005248939618468285,-12.486306711289217,29.09475570404902,-17.185915423731785
668,-9.644200325012207,29.100000381469727,-18.92780876159668,9.435343235963956e-05,-0.005238683428615332,0.0001887352846097201,0.005242931190878153,-9.644105971579847,29.09476169804111,-18.92762002631207
669,-6.564501762390137,29.100000381469727,-20.203460693359375,6.653471064055339e-05,-0.005237217992544174,0.0001945144758792594,0.0052412510849535465,-6.564435227679496,29.094763163477182,-20.203266178883496
670,-3.323164939880371,29.100000381469727,-20.98163604736328,3.706837014760822e-05,-0.005238777957856655,0.00019196097855456173,0.005242424551397562,-3.3231278715102235,29.09476160351187,-20.981444086384727
671,-0.0,29.100000381469727,-21.243175506591797,8.023690497793723e-06,-0.005240967031568289,0.0001831689733080566,0.005244173109531403,8.023690497793723e-06,29.09475941443816,-21.24299233761849
672,3.323164939880371,29.100000381469727,-20.98163604736328,-1.953776336449664e-05,-0.005241323262453079,0.00017197278793901205,0.005244180094450712,3.3231454021170066,29.094759058207273,-20.981464074575342
673,6.564501762390137,29.100000381469727,-20.203460693359375,-4.592747427523136e-05,-0.005238532554358244,0.00016085161769296974,0.0052412026561796665,6.5644558349158615,29.09476184891537,-20.203299841741682
674,9.644200325012207,29.100000381469727,-18.92780876159668,-7.170673052314669e-05,-0.005232646595686674,0.00014984558220021427,0.005235282704234123,9.644128618281684,29.09476773487404,-18.92765891601448
675,12.486425399780273,29.100000381469727,-17.18609046936035,-9.662737284088507e-05,-0.005224679131060839,0.0001373828563373536,0.005227378103882074,12.486328772407433,29.094775702338666,-17.185953086504014
676,15.02119255065918,29.100000381469727,-15.02119255065918,-0.00011947811435675249,-0.005216028541326523,0.00012175573647255078,0.005218817386776209,15.021073072544823,29.0947843529284,-15.021070794922707
677,17.18609046936035,29.100000381469727,-12.486425399780273,-0.00013874204887542874,-0.005207953043282032,0.00010222714627161622,0.005210803356021643,17.185951727311476,29.094792428426445,-12.486323172634002
678,18.92780876159668,29.100000381469727,-9.644200325012207,-0.00015338827506639063,-0.005201298277825117,7.922211807454005e-05,0.005204162560403347,18.927655373321613,29.0947990831919,-9.644121102894132
679,20.203460693359375,29.100000381469727,-6.564501762390137,-0.0001632280182093382,-0.005196475423872471,5.38280037289951e-05,0.005199316889047623,20.203297465341166,29.094803906045854,-6.564447934386408
680,20.98163604736328,29.100000381469727,-3.323164939880371,-0.00016872021660674363,-0.005193597171455622,2.7159197998116724e-05,0.0051964083686470985,20.981467327146675,29.09480678429827,-3.323137780682373
681,22.485313415527344,30.950000762939453,0.0,1.9852983314194717e-05,-0.005340258590877056,6.916273719478777e-19,0.005340295378118753,22.485333268510658,30.944660504348576,6.916273719478777e-19
682,22.20848274230957,30.950000762939453,3.5174779891967773,1.944518953678198e-05,-0.0053413850255310535,3.2740304050093982e-06,0.0053414213471114635,22.208502187499107,30.944659377913922,3.5174812632271824
683,21.38480567932129,30.950000762939453,6.9483442306518555,1.8462418665876612e-05,-0.00534471869468689,6.337365903164027e-06,0.005344754084944725,21.384824141739955,30.944656044244766,6.948350568017759
684,20.034561157226562,30.950000762939453,10.20811939239502,1.745766530802939e-05,-0.005350086838006973,9.210728421749081e-06,0.005350123625248671,20.03457861489187,30.944650676101446,10.208128603123441
685,18.191001892089844,30.950000762939453,13.216535568237305,1.6888596292119473e-05,-0.005357095040380955,1.2146111657784786e-05,0.0053571355529129505,18.191018780686136,30.944643667899072,13.216547714348962
686,15.899518013000488,30.950000762939453,15.899518013000488,1.673320002737455e-05,-0.005365036427974701,1.5304776752600446e-05,0.005365084391087294,15.899534746200516,30.94463572651148,15.89953331777724
687,13.216535568237305,30.950000762939453,18.191001892089844,1.6432682969025336e-05,-0.005372881423681974,1.8270768123329617e-05,0.005372937768697739,13.216552000920274,30.94462788151577,18.191020162857967
688,10.20811939239502,30.950000762939453,20.034561157226562,1.528553184471093e-05,-0.005379402544349432,1.9763963791774586e-05,0.005379460286349058,10.208134677926864,30.944621360395104,20.034580921190354
689,6.9483442306518555,30.950000762939453,21.38480567932129,1.3095936083118431e-05,-0.005383418872952461,1.7904681953950785e-05,0.005383464507758617,6.948357326587939,30.9446173440665,21.384823584003243
690,3.5174779891967773,30.950000762939453,22.20848274230957,1.0603414921206422e-05,-0.005384055897593498,1.1032845577574335e-05,0.005384077783674002,3.5174885926116986,30.94461670704186,22.208493775155148
691,0.0,30.950000762939453,22.485313415527344,9.327218322141562e-06,-0.005380955059081316,-1.3421869198282366e-06,0.0053809634409844875,9.327218322141562e-06,30.944619807880372,22.485312073340424
692,-3.5174779891967773,30.950000762939453,22.20848274230957,1.082602557289647e-05,-0.0053746821358799934,-1.7701044271234423e-05,0.005374722182750702,-3.5174671631712044,30.944626080803573,22.2084650412653
693,-6.9483442306518555,30.950000762939453,21.38480567932129,1.5496087144128978e-05,-0.005367327947169542,-3.4340511774644256e-05,0.005367460194975138,-6.948328734564711,30.944633434992284,21.384771338809514
694,-10.20811939239502,30.950000762939453,20.034561157226562,2.174152723455336e-05,-0.005362571217119694,-4.674785304814577e-05,0.0053628189489245415,-10.208097650867785,30.944638191722333,20.034514409373514
695,-13.216535568237305,30.950000762939453,18.191001892089844,2.58229483733885e-05,-0.005365310702472925,-5.070340557722375e-05,0.005365612450987101,-13.216509745288931,30.94463545223698,18.190951188684267
696,-15.899518013000488,30.950000762939453,15.899518013000488,2.2861480829305947e-05,-0.005378963891416788,-4.4514163164421916e-05,0.005379196722060442,-15.899495151519659,30.944621799048036,15.899473498837324
697,-18.191001892089844,30.950000762939453,13.216535568237305,1.1153176274092402e-05,-0.005401155911386013,-3.191025462001562e-05,0.005401261616498232,-18.19099073891357,30.944599607028067,13.216503657982685
698,-20.034561157226562,30.950000762939453,10.20811939239502,-6.216977908479748e-06,-0.005425383802503347,-1.8702734450926073e-05,0.00542541965842247,-20.03456737420447,30.94457537913695,10.208100689660569
699,-21.38480567932129,30.950000762939453,6.9483442306518555,-2.444255915179383e-05,-0.005446047987788916,-8.600683941040188e-06,0.00544610945507884,-21.38483012188044,30.944554714951664,6.948335629967914
700,-22.20848274230957,30.950000762939453,3.5174779891967773,-3.823051883955486e-05,-0.00545961270108819,-2.815171455949894e-06,0.005459747277200222,-22.20852097282841,30.944541150238365,3.5174751740253214
701,-22.485313415527344,30.950000762939453,0.0,-4.331652235123329e-05,-0.005464278627187014,2.994834549612086e-19,0.00546445045620203,-22.485356732049695,30.944536484312266,2.994834549612086e-19
702,-22.20848274230957,30.950000762939453,-3.5174779891967773,-3.823051883955486e-05,-0.00545961270108819,2.815171455949894e-06,0.005459747277200222,-22.20852097282841,30.944541150238365,-3.5174751740253214
703,-21.38480567932129,30.950000762939453,-6.9483442306518555,-2.444255915179383e-05,-0.005446047987788916,8.600683941040188e-06,0.00544610945507884,-21.38483012188044,30.944554714951664,-6.948335629967914
704,-20.034561157226562,30.950000762939453,-10.20811939239502,-6.216977908479748e-06,-0.005425383802503347,1.8702734450926073e-05,0.00542541965842247,-20.03456737420447,30.94457537913695,-10.208100689660569
705,-18.191001892089844,30.950000762939453,-13.216535568237305,1.1153176274092402e-05,-0.005401155911386013,3.191025462001562e-05,0.005401261616498232,-18.19099073891357,30.944599607028067,-13.216503657982685
706,-15.899518013000488,30.950000762939453,-15.899518013000488,2.2861480829305947e-05,-0.005378963891416788,4.4514163164421916e-05,0.005379196722060442,-15.899495151519659,30.944621799048036,-15.899473498837324
707,-13.216535568237305,30.950000762939453,-18.191001892089844,2.58229483733885e-05,-0.005365310702472925,5.070340557722375e-05,0.005365612450987101,-13.216509745288931,30.94463545223698,-18.190951188684267
708,-10.20811939239502,30.950000762939453,-20.034561157226562,2.174152723455336e-05,-0.005362571217119694,4.674785304814577e-05,0.0053628189489245415,-10.208097650867785,30.944638191722333,-20.034514409373514
709,-6.9483442306518555,30.950000762939453,-21.38480567932129,1.5496087144128978e-05,-0.005367327947169542,3.4340511774644256e-05,0.005367460194975138,-6.948328734564711,30.944633434992284,-21.384771338809514
710,-3.5174779891967773,30.950000762939453,-22.20848274230957,1.082602557289647e-05,-0.0053746821358799934,1.7701044271234423e-05,0.005374722182750702,-3.5174671631712044,30.944626080803573,-22.2084650412653
711,-0.0,30.950000762939453,-22.485313415527344,9.327218322141562e-06,-0.005380955059081316,1.3421869198282366e-06,0.0053809634409844875,9.327218322141562e-06,30.944619807880372,-22.485312073340424
712,3.5174779891967773,30.950000762939453,-22.20848274230957,1.0603414921206422e-05,-0.005384055897593498,-1.1032845577574335e-05,0.005384077783674002,3.5174885926116986,30.94461670704186,-22.208493775155148
713,6.9483442306518555,30.950000762939453,-21.38480567932129,1.3095936083118431e-05,-0.005383418872952461,-1.7904681953950785e-05,0.005383464507758617,6.948357326587939,30.9446173440665,-21.384823584003243
714,10.20811939239502,30.950000762939453,-20.034561157226562,1.528553184471093e-05,-0.005379402544349432,-1.9763963791774586e-05,0.005379460286349058,10.208134677926864,30.944621360395104,-20.034580921190354
715,13.216535568237305,30.950000762939453,-18.191001892089844,1.6432682969025336e-05,-0.005372881423681974,-1.8270768123329617e-05,0.005372937768697739,13.216552000920274,30.94462788151577,-18.191020162857967
716,15.899518013000488,30.950000762939453,-15.899518013000488,1.673320002737455e-05,-0.005365036427974701,-1.5304776752600446e-05,0.005365084391087294,15.899534746200516,30.94463572651148,-15.89953331777724
717,18.191001892089844,30.950000762939453,-13.216535568237305,1.6888596292119473e-05,-0.005357095040380955,-1.2146111657784786e-05,0.0053571355529129505,18.191018780686136,30.944643667899072,-13.216547714348962
718,20.034561157226562,30.950000762939453,-10.20811939239502,1.745766530802939e-05,-0.005350086838006973,-9.210728421749081e-06,0.005350123625248671,20.03457861489187,30.944650676101446,-10.208128603123441
719,21.38480567932129,30.950000762939453,-6.9483442306518555,1.8462418665876612e-05,-0.00534471869468689,-6.337365903164027e-06,0.005344754084944725,21.384824141739955,30.944656044244766,-6.948350568017759
720,22.20848274230957,30.950000762939453,-3.5174779891967773,1.944518953678198e-05,-0.0053413850255310535,-3.2740304050093982e-06,0.0053414213471114635,22.208502187499107,30.944659377913922,-3.5174812632271824
721,23.727453231811523,32.79999923706055,0.0,0.000249399890890345,-0.00551433302462101,8.359275305428931e-19,0.00551996985450387,23.727702631702414,32.794484904035926,8.359275305428931e-19
722,23.43532943725586,32.79999923706055,3.7117910385131836,0.00024641878553666174,-0.005515680648386478,3.992723941337317e-05,0.005521326791495085,23.435575856041396,32.79448355641216,3.711830965752597
723,22.56614875793457,32.79999923706055,7.332186222076416,0.00023762317141517997,-0.00551956333220005,7.883513171691447e-05,0.0055252378806471825,22.566386381105985,32.79447967372835,7.332265057208133
724,21.141315460205078,32.79999923706055,10.772038459777832,0.00022335741959977895,-0.005525484215468168,0.0001157686929218471,0.005531208589673042,21.141538817624678,32.79447375284508,10.772154228470754
725,19.195913314819336,32.79999923706055,13.946646690368652,0.0002039582032011822,-0.005532603710889816,0.0001497680350439623,0.005538387224078178,19.196117273022537,32.79446663334966,13.946796458403696
726,16.777843475341797,32.79999923706055,16.777843475341797,0.00017965327424462885,-0.005539810750633478,0.000179674694663845,0.005545634310692549,16.77802312861604,32.79445942630991,16.77802315003646
727,13.946646690368652,32.79999923706055,19.195913314819336,0.00015070830704644322,-0.00554592115804553,0.0002039911923930049,0.00555171724408865,13.946797398675699,32.7944533159025,19.19611730601173
728,10.772038459777832,32.79999923706055,21.141315460205078,0.0001177528320113197,-0.00554993748664856,0.0002209870144724846,0.005555583164095879,10.772156212609843,32.7944492995739,21.14153644721955
729,7.332186222076416,32.79999923706055,22.56614875793457,8.203704055631533e-05,-0.005551205947995186,0.00022904647630639374,0.005556534975767136,7.332268259116972,32.79444803111255,22.566377804410877
730,3.7117910385131836,32.79999923706055,23.43532943725586,4.542571696219966e-05,-0.005549304187297821,0.00022699365217704326,0.0055541303008794785,3.711836464230146,32.79444993287325,23.435556430908036
731,0.0,32.79999923706055,23.727453231811523,1.0207095328951254e-05,-0.0055437758564949036,0.0002142394077964127,0.005547923501580954,1.0207095328951254e-05,32.79445546120405,23.72766747121932
732,-3.7117910385131836,32.79999923706055,23.43532943725586,-2.1197605747147463e-05,-0.005534421652555466,0.00019131200679112226,0.005537768360227346,-3.7118122361189307,32.79446481540799,23.43552074926265
733,-7.332186222076416,32.79999923706055,22.56614875793457,-4.709425775217824e-05,-0.005522533785551786,0.0001610328326933086,0.005525081884115934,-7.332233316334168,32.794476703274995,22.566309790767264
734,-10.772038459777832,32.79999923706055,21.141315460205078,-6.825270975241438e-05,-0.0055124214850366116,0.00012935386621393263,0.005514361429959536,-10.772106712487584,32.79448681557551,21.141444814071292
735,-13.946646690368652,32.79999923706055,19.195913314819336,-8.991269714897498e-05,-0.00551209831610322,0.0001047183686750941,0.005513825919479132,-13.946736603065801,32.794487138744444,19.19601803318801
736,-16.777843475341797,32.79999923706055,16.777843475341797,-0.0001194347205455415,-0.005527850240468979,9.166857489617541e-05,0.0055299000814557076,-16.777962910062342,32.79447138682008,16.777935143916693
737,-19.195913314819336,32.79999923706055,13.946646690368652,-0.00015746356802992523,-0.005555526353418827,8.436157077085227e-05,0.005558397620916367,-19.196070778387366,32.79444371070713,13.946731051939423
738,-21.141315460205078,32.79999923706055,10.772038459777832,-0.00019626917492132634,-0.005584110040217638,7.331981760216877e-05,0.005588039290159941,-21.14151172938,32.79441512702033,10.772111779595434
739,-22.56614875793457,32.79999923706055,7.332186222076416,-0.0002279395703226328,-0.0056060790084302425,5.4545540479011834e-05,0.005610976368188858,-22.566376697504893,32.79439315805212,7.332240767616895
740,-23.43532943725586,32.79999923706055,3.7117910385131836,-0.00024805901921354234,-0.005619115196168423,2.9075299607939087e-05,0.00562466261908412,-23.435577496275073,32.79438012186438,3.7118201138127915
741,-23.727453231811523,32.79999923706055,0.0,-0.0002548603806644678,-0.005623325239866972,5.004945735155826e-19,0.005629097577184439,-23.727708092192188,32.79437591182068,5.004945735155826e-19
742,-23.43532943725586,32.79999923706055,-3.7117910385131836,-0.00024805901921354234,-0.005619115196168423,-2.9075299607939087e-05,0.00562466261908412,-23.435577496275073,32.79438012186438,-3.7118201138127915
743,-22.56614875793457,32.79999923706055,-7.332186222076416,-0.0002279395703226328,-0.0056060790084302425,-5.4545540479011834e-05,0.005610976368188858,-22.566376697504893,32.79439315805212,-7.332240767616895
744,-21.141315460205078,32.79999923706055,-10.772038459777832,-0.00019626917492132634,-0.005584110040217638,-7.331981760216877e-05,0.005588039290159941,-21.14151172938,32.79441512702033,-10.772111779595434
745,-19.195913314819336,32.79999923706055,-13.946646690368652,-0.00015746356802992523,-0.005555526353418827,-8.436157077085227e-05,0.005558397620916367,-19.196070778387366,32.79444371070713,-13.946731051939423
746,-16.777843475341797,32.79999923706055,-16.777843475341797,-0.0001194347205455415,-0.005527850240468979,-9.166857489617541e-05,0.0055299000814557076,-16.777962910062342,32.79447138682008,-16.777935143916693
747,-13.946646690368652,32.79999923706055,-19.195913314819336,-8.991269714897498e-05,-0.00551209831610322,-0.0001047183686750941,0.005513825919479132,-13.946736603065801,32.794487138744444,-19.19601803318801
748,-10.772038459777832,32.79999923706055,-21.141315460205078,-6.825270975241438e-05,-0.0055124214850366116,-0.00012935386621393263,0.005514361429959536,-10.772106712487584,32.79448681557551,-21.141444814071292
749,-7.332186222076416,32.79999923706055,-22.56614875793457,-4.709425775217824e-05,-0.005522533785551786,-0.0001610328326933086,0.005525081884115934,-7.332233316334168,32.794476703274995,-22.566309790767264
750,-3.7117910385131836,32.79999923706055,-23.43532943725586,-2.1197605747147463e-05,-0.005534421652555466,-0.00019131200679112226,0.005537768360227346,-3.7118122361189307,32.79446481540799,-23.43552074926265
751,-0.0,32.79999923706055,-23.727453231811523,1.0207095328951254e-05,-0.0055437758564949036,-0.0002142394077964127,0.005547923501580954,1.0207095328951254e-05,32.79445546120405,-23.72766747121932
752,3.7117910385131836,32.79999923706055,-23.43532943725586,4.542571696219966e-05,-0.005549304187297821,-0.00022699365217704326,0.0055541303008794785,3.711836464230146,32.79444993287325,-23.435556430908036
753,7.332186222076416,32.79999923706055,-22.56614875793457,8.203704055631533e-05,-0.005551205947995186,-0.00022904647630639374,0.005556534975767136,7.332268259116972,32.79444803111255,-22.566377804410877
754,10.772038459777832,32.79999923706055,-21.141315460205078,0.0001177528320113197,-0.00554993748664856,-0.0002209870144724846,0.005555583164095879,10.772156212609843,32.7944492995739,-21.14153644721955
755,13.946646690368652,32.79999923706055,-19.195913314819336,0.00015070830704644322,-0.00554592115804553,-0.0002039911923930049,0.00555171724408865,13.946797398675699,32.7944533159025,-19.19611730601173
756,16.777843475341797,32.79999923706055,-16.777843475341797,0.00017965327424462885,-0.005539810750633478,-0.000179674694663845,0.005545634310692549,16.77802312861604,32.79445942630991,-16.77802315003646
757,19.195913314819336,32.79999923706055,-13.946646690368652,0.0002039582032011822,-0.005532603710889816,-0.0001497680350439623,0.005538387224078178,19.196117273022537,32.79446663334966,-13.946796458403696
758,21.141315460205078,32.79999923706055,-10.772038459777832,0.00022335741959977895,-0.005525484215468168,-0.0001157686929218471,0.005531208589673042,21.141538817624678,32.79447375284508,-10.772154228470754
759,22.56614875793457,32.79999923706055,-7.332186222076416,0.00023762317141517997,-0.00551956333220005,-7.883513171691447e-05,0.0055252378806471825,22.566386381105985,32.79447967372835,-7.332265057208133
760,23.43532943725586,32.79999923706055,-3.7117910385131836,0.00024641878553666174,-0.005515680648386478,-3.992723941337317e-05,0.005521326791495085,23.435575856041396,32.79448355641216,-3.711830965752597
761,25.5637264251709,34.650001525878906,0.0,0.0004754806577693671,-0.005764035042375326,1.2340681709284478e-18,0.005783613305538893,25.564201905828668,34.64423749083653,1.2340681709284478e-18
762,25.248994827270508,34.650001525878906,3.9990479946136475,0.00046998783363960683,-0.0057657393626868725,7.606695726281032e-05,0.005785362794995308,25.249464815104147,34.64423578651622,3.9991240615709103
763,24.312549591064453,34.650001525878906,7.899625778198242,0.00045352717279456556,-0.005770480260252953,0.00015031456132419407,0.005790226627141237,24.313003118237248,34.64423104561865,7.899776092759566
764,22.777446746826172,34.650001525878906,11.60568904876709,0.00042614561971277,-0.005777188576757908,0.00022079795598983765,0.005797090940177441,22.777872892445885,34.64422433730215,11.60590984672308
765,20.681489944458008,34.650001525878906,15.025981903076172,0.0003879780706483871,-0.005784282926470041,0.0002853121841326356,0.005804296582937241,20.681877922528656,34.644217242952436,15.026267215260305
766,18.076284408569336,34.650001525878906,18.076284408569336,0.0003394824452698231,-0.00579004967585206,0.00034136182512156665,0.005810030270367861,18.076623891014606,34.644211476203054,18.076625770394458
767,15.025981903076172,34.650001525878906,20.681489944458008,0.00028179114451631904,-0.005793159361928701,0.00038639348349533975,0.00581286521628499,15.026263694220688,34.64420836651698,20.681876337941503
768,11.60568904876709,34.650001525878906,22.777446746826172,0.00021692190784960985,-0.005793073680251837,0.00041827536188066006,0.005812203511595726,11.60590597067494,34.644208452198654,22.777865022188053
769,7.899625778198242,34.650001525878906,24.312549591064453,0.00014761040802113712,-0.0057900152169167995,0.00043569644913077354,0.005808260757476091,7.899773388606263,34.64421151066199,24.312985287513584
770,3.9990479946136475,34.650001525878906,25.248994827270508,7.686731987632811e-05,-0.005784370470792055,0.00043807420297525823,0.005801444873213768,3.999124861933524,34.644217155408114,25.249432901473483
771,0.0,34.650001525878906,25.5637264251709,7.718422239122447e-06,-0.005775970406830311,0.0004251333302818239,0.005791599862277508,7.718422239122447e-06,34.644225555472076,25.56415155850118
772,-3.9990479946136475,34.650001525878906,25.248994827270508,-5.6740533182164654e-05,-0.005764212924987078,0.0003971374244429171,0.005778156220912933,-3.9991047351468296,34.64423731295392,25.24939196469495
773,-7.899625778198242,34.650001525878906,24.312549591064453,-0.00011373773304512724,-0.005749288480728865,0.0003561326884664595,0.005761431064456701,-7.899739515931287,34.64425223739818,24.31290572375292
774,-11.60568904876709,34.650001525878906,22.777446746826172,-0.00016275850066449493,-0.0057349125854671,0.0003082052862737328,0.005745494272559881,-11.605851807267754,34.64426661329344,22.777754952112446
775,-15.025981903076172,34.650001525878906,20.681489944458008,-0.00020937720546498895,-0.005731621291488409,0.0002647267247084528,0.005741550587117672,-15.026191280281637,34.64426990458742,20.681754671182716
776,-18.076284408569336,34.650001525878906,18.076284408569336,-0.0002631709212437272,-0.00574899185448885,0.00023271724057849497,0.00575971556827426,-18.07654757949058,34.64425253402442,18.076517125809914
777,-20.681489944458008,34.650001525878906,15.025981903076172,-0.000324290624121204,-0.005780786741524935,0.00020417118503246456,0.005793474148958921,-20.68181423508213,34.64422073913738,15.026186074261204
778,-22.777446746826172,34.650001525878906,11.60568904876709,-0.0003810004564002156,-0.005811103619635105,0.0001669571502134204,0.005825973115861416,-22.777827747282572,34.64419042225927,11.605856005917303
779,-24.312549591064453,34.650001525878906,7.899625778198242,-0.0004235370724927634,-0.005831622518599033,0.00011811644799308851,0.005848175846040249,-24.312973128136946,34.64416990336031,7.899743894646235
780,-25.248994827270508,34.650001525878906,3.9990479946136475,-0.0004489677376113832,-0.005842451471835375,6.1016198742436245e-05,0.005859994329512119,-25.24944379500812,34.64415907440707,3.99910901081239
781,-25.5637264251709,34.650001525878906,0.0,-0.0004573149199131876,-0.005845698527991772,3.211641948583473e-19,0.00586355896666646,-25.56418374009081,34.644155827350914,3.211641948583473e-19
782,-25.248994827270508,34.650001525878906,-3.9990479946136475,-0.0004489677376113832,-0.005842451471835375,-6.1016198742436245e-05,0.005859994329512119,-25.24944379500812,34.64415907440707,-3.99910901081239
783,-24.312549591064453,34.650001525878906,-7.899625778198242,-0.0004235370724927634,-0.005831622518599033,-0.00011811644799308851,0.005848175846040249,-24.312973128136946,34.64416990336031,-7.899743894646235
784,-22.777446746826172,34.650001525878906,-11.60568904876709,-0.0003810004564002156,-0.005811103619635105,-0.0001669571502134204,0.005825973115861416,-22.777827747282572,34.64419042225927,-11.605856005917303
785,-20.681489944458008,34.650001525878906,-15.025981903076172,-0.000324290624121204,-0.005780786741524935,-0.00020417118503246456,0.005793474148958921,-20.68181423508213,34.64422073913738,-15.026186074261204
786,-18.076284408569336,34.650001525878906,-18.076284408569336,-0.0002631709212437272,-0.00574899185448885,-0.00023271724057849497,0.00575971556827426,-18.07654757949058,34.64425253402442,-18.076517125809914
787,-15.025981903076172,34.650001525878906,-20.681489944458008,-0.00020937720546498895,-0.005731621291488409,-0.0002647267247084528,0.005741550587117672,-15.026191280281637,34.64426990458742,-20.681754671182716
788,-11.60568904876709,34.650001525878906,-22.777446746826172,-0.00016275850066449493,-0.0057349125854671,-0.0003082052862737328,0.005745494272559881,-11.605851807267754,34.64426661329344,-22.777754952112446
789,-7.899625778198242,34.650001525878906,-24.312549591064453,-0.00011373773304512724,-0.005749288480728865,-0.0003561326884664595,0.005761431064456701,-7.899739515931287,34.64425223739818,-24.31290572375292
790,-3.9990479946136475,34.650001525878906,-25.248994827270508,-5.6740533182164654e-05,-0.005764212924987078,-0.0003971374244429171,0.005778156220912933,-3.9991047351468296,34.64423731295392,-25.24939196469495
791,-0.0,34.650001525878906,-25.5637264251709,7.718422239122447e-06,-0.005775970406830311,-0.0004251333302818239,0.005791599862277508,7.718422239122447e-06,34.644225555472076,-25.56415155850118
792,3.9990479946136475,34.650001525878906,-25.248994827270508,7.686731987632811e-05,-0.005784370470792055,-0.00043807420297525823,0.005801444873213768,3.999124861933524,34.644217155408114,-25.249432901473483
793,7.899625778198242,34.650001525878906,-24.312549591064453,0.00014761040802113712,-0.0057900152169167995,-0.00043569644913077354,0.005808260757476091,7.899773388606263,34.64421151066199,-24.312985287513584
794,11.60568904876709,34.650001525878906,-22.777446746826172,0.00021692190784960985,-0.005793073680251837,-0.00041827536188066006,0.005812203511595726,11.60590597067494,34.644208452198654,-22.777865022188053
795,15.025981903076172,34.650001525878906,-20.681489944458008,0.00028179114451631904,-0.005793159361928701,-0.00038639348349533975,0.00581286521628499,15.026263694220688,34.64420836651698,-20.681876337941503
796,18.076284408569336,34.650001525878906,-18.076284408569336,0.0003394824452698231,-0.00579004967585206,-0.00034136182512156665,0.005810030270367861,18.076623891014606,34.644211476203054,-18.076625770394458
797,20.681489944458008,34.650001525878906,-15.025981903076172,0.0003879780706483871,-0.005784282926470041,-0.0002853121841326356,0.005804296582937241,20.681877922528656,34.644217242952436,-15.026267215260305
798,22.777446746826172,34.650001525878906,-11.60568904876709,0.00042614561971277,-0.005777188576757908,-0.00022079795598983765,0.005797090940177441,22.777872892445885,34.64422433730215,-11.60590984672308
799,24.312549591064453,34.650001525878906,-7.899625778198242,0.00045352717279456556,-0.005770480260252953,-0.00015031456132419407,0.005790226627141237,24.313003118237248,34.64423104561865,-7.899776092759566
800,25.248994827270508,34.650001525878906,-3.9990479946136475,0.00046998783363960683,-0.0057657393626868725,-7.606695726281032e-05,0.005785362794995308,25.249464815104147,34.64423578651622,-3.9991240615709103
801,27.399999618530273,36.5,0.0,0.000738678325433284,-0.00604610051959753,1.3267508634328706e-18,0.006091057322919369,27.400738296855707,36.4939538994804,1.3267508634328706e-18
802,27.062660217285156,36.5,4.286303997039795,0.0007301333826035261,-0.006048116367310286,0.00011822993837995455,0.006093175150454044,27.06339035066776,36.49395188363269,4.286422226978175
803,26.058948516845703,36.5,8.467065811157227,0.0007043968653306365,-0.0060535697266459465,0.00023362784122582525,0.006098890211433172,26.059652913711034,36.493946430273354,8.467299438998452
804,24.4135799407959,36.5,12.439339637756348,0.0006612648139707744,-0.006060799118131399,0.00034304274595342577,0.00610640924423933,24.41424120560987,36.49393920088187,12.439682680502301
805,22.16706657409668,36.5,16.105316162109375,0.0006007814081385732,-0.006067474838346243,0.0004428253450896591,0.006113205570727587,22.16766735550482,36.493932525161654,16.105758987454465
806,19.374725341796875,36.5,19.374725341796875,0.0005238171434029937,-0.006071319803595543,0.000529002514667809,0.006116792559623718,19.375249158940278,36.493928680196404,19.375254344311543
807,16.105316162109375,36.5,22.16706657409668,0.0004325822810642421,-0.006070924922823906,0.0005979035631753504,0.006115614902228117,16.10574874439044,36.493929075077176,22.167664477659855
808,12.439339637756348,36.5,24.4135799407959,0.0003306620637886226,-0.006066253408789635,0.000646976288408041,0.006109610665589571,12.439670299820136,36.49393374659121,24.414226917084306
809,8.467065811157227,36.5,26.058948516845703,0.00022241650731302798,-0.0060583981685340405,0.0006751876207999885,0.006099961698055267,8.46728822766454,36.493941601831466,26.059623704466503
810,4.286303997039795,36.5,27.062660217285156,0.00011214640107937157,-0.00604854803532362,0.0006825397140346467,0.006087969522923231,4.286416143440874,36.493951451964676,27.06334275699919
811,0.0,36.5,27.399999618530273,3.7767008507216815e-06,-0.0060369945131242275,0.000669267144985497,0.006073980592191219,3.7767008507216815e-06,36.493963005486876,27.40066888567526
812,-4.286303997039795,36.5,27.062660217285156,-9.891395893646404e-05,-0.006023103836923838,0.0006358036189340055,0.0060573760420084,-4.286402910998731,36.493976896163076,27.06329602090409
813,-8.467065811157227,36.5,26.058948516845703,-0.00019227406301070005,-0.006006221752613783,0.0005836946656927466,0.006037579849362373,-8.467258085220237,36.493993778247386,26.059532211511396
814,-12.439339637756348,36.5,24.4135799407959,-0.0002744585508480668,-0.005989009980112314,0.0005186193739064038,0.006017685402184725,-12.439614096307196,36.49401099001989,24.414098560169805
815,-16.105316162109375,36.5,22.16706657409668,-0.00035082505200989544,-0.005983336828649044,0.0004537914937827736,0.006010767538100481,-16.105666987161385,36.49401666317135,22.167520365590462
816,-19.374725341796875,36.5,19.374725341796875,-0.0004323831235524267,-0.006001419387757778,0.0003985354851465672,0.006030159071087837,-19.375157724920427,36.49399858061224,19.37512387728202
817,-22.16706657409668,36.5,16.105316162109375,-0.000518376415129751,-0.006035288795828819,0.0003435196413192898,0.006067242473363876,-22.16758495051181,36.49396471120417,16.105659681750694
818,-24.4135799407959,36.5,12.439339637756348,-0.0005937585374340415,-0.006065270863473415,0.0002748578554019332,0.006100459489971399,-24.414173699333332,36.49393472913653,12.43961449561175
819,-26.058948516845703,36.5,8.467065811157227,-0.0006479445728473365,-0.0060832304880023,0.0001910772261908278,0.006120624020695686,-26.05959646141855,36.493916769512,8.467256888383417
820,-27.062660217285156,36.5,4.286303997039795,-0.0006795460940338671,-0.0060915881767869,9.768762538442388e-05,0.006130152847617865,-27.06333976337919,36.49390841182321,4.286401684665179
821,-27.399999618530273,36.5,0.0,-0.0006898252759128809,-0.006093876902014017,3.764975889050754e-19,0.006132796406745911,-27.400689443806186,36.493906123097986,3.764975889050754e-19
822,-27.062660217285156,36.5,-4.286303997039795,-0.0006795460940338671,-0.0060915881767869,-9.768762538442388e-05,0.006130152847617865,-27.06333976337919,36.49390841182321,-4.286401684665179
823,-26.058948516845703,36.5,-8.467065811157227,-0.0006479445728473365,-0.0060832304880023,-0.0001910772261908278,0.006120624020695686,-26.05959646141855,36.493916769512,-8.467256888383417
824,-24.4135799407959,36.5,-12.439339637756348,-0.0005937585374340415,-0.006065270863473415,-0.0002748578554019332,0.006100459489971399,-24.414173699333332,36.49393472913653,-12.43961449561175
825,-22.16706657409668,36.5,-16.105316162109375,-0.000518376415129751,-0.006035288795828819,-0.0003435196413192898,0.006067242473363876,-22.16758495051181,36.49396471120417,-16.105659681750694
826,-19.374725341796875,36.5,-19.374725341796875,-0.0004323831235524267,-0.006001419387757778,-0.0003985354851465672,0.006030159071087837,-19.375157724920427,36.49399858061224,-19.37512387728202
827,-16.105316162109375,36.5,-22.16706657409668,-0.00035082505200989544,-0.005983336828649044,-0.0004537914937827736,0.006010767538100481,-16.105666987161385,36.49401666317135,-22.167520365590462
828,-12.439339637756348,36.5,-24.4135799407959,-0.0002744585508480668,-0.005989009980112314,-0.0005186193739064038,0.006017685402184725,-12.439614096307196,36.49401099001989,-24.414098560169805
829,-8.467065811157227,36.5,-26.058948516845703,-0.00019227406301070005,-0.006006221752613783,-0.0005836946656927466,0.006037579849362373,-8.467258085220237,36.493993778247386,-26.059532211511396
830,-4.286303997039795,36.5,-27.062660217285156,-9.891395893646404e-05,-0.006023103836923838,-0.0006358036189340055,0.0060573760420084,-4.286402910998731,36.493976896163076,-27.06329602090409
831,-0.0,36.5,-27.399999618530273,3.7767008507216815e-06,-0.0060369945131242275,-0.000669267144985497,0.006073980592191219,3.7767008507216815e-06,36.493963005486876,-27.40066888567526
832,4.286303997039795,36.5,-27.062660217285156,0.00011214640107937157,-0.00604854803532362,-0.0006825397140346467,0.006087969522923231,4.286416143440874,36.493951451964676,-27.06334275699919
833,8.467065811157227,36.5,-26.058948516845703,0.00022241650731302798,-0.0060583981685340405,-0.0006751876207999885,0.006099961698055267,8.46728822766454,36.493941601831466,-26.059623704466503
834,12.439339637756348,36.5,-24.4135799407959,0.0003306620637886226,-0.006066253408789635,-0.000646976288408041,0.006109610665589571,12.439670299820136,36.49393374659121,-24.414226917084306
835,16.105316162109375,36.5,-22.16706657409668,0.0004325822810642421,-0.006070924922823906,-0.0005979035631753504,0.006115614902228117,16.10574874439044,36.493929075077176,-22.167664477659855
836,19.374725341796875,36.5,-19.374725341796875,0.0005238171434029937,-0.006071319803595543,-0.000529002514667809,0.006116792559623718,19.375249158940278,36.493928680196404,-19.375254344311543
837,22.16706657409668,36.5,-16.105316162109375,0.0006007814081385732,-0.006067474838346243,-0.0004428253450896591,0.006113205570727587,22.16766735550482,36.493932525161654,-16.105758987454465
838,24.4135799407959,36.5,-12.439339637756348,0.0006612648139707744,-0.006060799118131399,-0.00034304274595342577,0.00610640924423933,24.41424120560987,36.49393920088187,-12.439682680502301
839,26.058948516845703,36.5,-8.467065811157227,0.0007043968653306365,-0.0060535697266459465,-0.00023362784122582525,0.006098890211433172,26.059652913711034,36.493946430273354,-8.467299438998452
840,27.062660217285156,36.5,-4.286303997039795,0.0007301333826035261,-0.006048116367310286,-0.00011822993837995455,0.006093175150454044,27.06339035066776,36.49395188363269,-4.286422226978175
