node_label,x,y,z,ux,uy,uz,umag,scale_factor,scaled_x,scaled_y,scaled_z
1,39.29999923706055,0.0,0.0,0.0,0.0,0.0,0.0,2.983880870932791,39.29999923706055,0.0,0.0
2,38.8161506652832,0.0,6.147873878479004,0.0,0.0,0.0,0.0,2.983880870932791,38.8161506652832,0.0,6.147873878479004
3,37.376522064208984,0.0,12.144368171691895,0.0,0.0,0.0,0.0,2.983880870932791,37.376522064208984,0.0,12.144368171691895
4,35.01655578613281,0.0,17.841827392578125,0.0,0.0,0.0,0.0,2.983880870932791,35.01655578613281,0.0,17.841827392578125
5,31.794368743896484,0.0,23.099960327148438,0.0,0.0,0.0,0.0,2.983880870932791,31.794368743896484,0.0,23.099960327148438
6,27.789297103881836,0.0,27.789297103881836,0.0,0.0,0.0,0.0,2.983880870932791,27.789297103881836,0.0,27.789297103881836
7,23.099960327148438,0.0,31.794368743896484,0.0,0.0,0.0,0.0,2.983880870932791,23.099960327148438,0.0,31.794368743896484
8,17.841827392578125,0.0,35.01655578613281,0.0,0.0,0.0,0.0,2.983880870932791,17.841827392578125,0.0,35.01655578613281
9,12.144368171691895,0.0,37.376522064208984,0.0,0.0,0.0,0.0,2.983880870932791,12.144368171691895,0.0,37.376522064208984
10,6.147873878479004,0.0,38.8161506652832,0.0,0.0,0.0,0.0,2.983880870932791,6.147873878479004,0.0,38.8161506652832
11,0.0,0.0,39.29999923706055,0.0,0.0,0.0,0.0,2.983880870932791,0.0,0.0,39.29999923706055
12,-6.147873878479004,0.0,38.8161506652832,0.0,0.0,0.0,0.0,2.983880870932791,-6.147873878479004,0.0,38.8161506652832
13,-12.144368171691895,0.0,37.376522064208984,0.0,0.0,0.0,0.0,2.983880870932791,-12.144368171691895,0.0,37.376522064208984
14,-17.841827392578125,0.0,35.01655578613281,0.0,0.0,0.0,0.0,2.983880870932791,-17.841827392578125,0.0,35.01655578613281
15,-23.099960327148438,0.0,31.794368743896484,0.0,0.0,0.0,0.0,2.983880870932791,-23.099960327148438,0.0,31.794368743896484
16,-27.789297103881836,0.0,27.789297103881836,0.0,0.0,0.0,0.0,2.983880870932791,-27.789297103881836,0.0,27.789297103881836
17,-31.794368743896484,0.0,23.099960327148438,0.0,0.0,0.0,0.0,2.983880870932791,-31.794368743896484,0.0,23.099960327148438
18,-35.01655578613281,0.0,17.841827392578125,0.0,0.0,0.0,0.0,2.983880870932791,-35.01655578613281,0.0,17.841827392578125
19,-37.376522064208984,0.0,12.144368171691895,0.0,0.0,0.0,0.0,2.983880870932791,-37.376522064208984,0.0,12.144368171691895
20,-38.8161506652832,0.0,6.147873878479004,0.0,0.0,0.0,0.0,2.983880870932791,-38.8161506652832,0.0,6.147873878479004
21,-39.29999923706055,0.0,0.0,0.0,0.0,0.0,0.0,2.983880870932791,-39.29999923706055,0.0,0.0
22,-38.8161506652832,0.0,-6.147873878479004,0.0,0.0,0.0,0.0,2.983880870932791,-38.8161506652832,0.0,-6.147873878479004
23,-37.376522064208984,0.0,-12.144368171691895,0.0,0.0,0.0,0.0,2.983880870932791,-37.376522064208984,0.0,-12.144368171691895
24,-35.01655578613281,0.0,-17.841827392578125,0.0,0.0,0.0,0.0,2.983880870932791,-35.01655578613281,0.0,-17.841827392578125
25,-31.794368743896484,0.0,-23.099960327148438,0.0,0.0,0.0,0.0,2.983880870932791,-31.794368743896484,0.0,-23.099960327148438
26,-27.789297103881836,0.0,-27.789297103881836,0.0,0.0,0.0,0.0,2.983880870932791,-27.789297103881836,0.0,-27.789297103881836
27,-23.099960327148438,0.0,-31.794368743896484,0.0,0.0,0.0,0.0,2.983880870932791,-23.099960327148438,0.0,-31.794368743896484
28,-17.841827392578125,0.0,-35.01655578613281,0.0,0.0,0.0,0.0,2.983880870932791,-17.841827392578125,0.0,-35.01655578613281
29,-12.144368171691895,0.0,-37.376522064208984,0.0,0.0,0.0,0.0,2.983880870932791,-12.144368171691895,0.0,-37.376522064208984
30,-6.147873878479004,0.0,-38.8161506652832,0.0,0.0,0.0,0.0,2.983880870932791,-6.147873878479004,0.0,-38.8161506652832
31,-0.0,0.0,-39.29999923706055,0.0,0.0,0.0,0.0,2.983880870932791,0.0,0.0,-39.29999923706055
32,6.147873878479004,0.0,-38.8161506652832,0.0,0.0,0.0,0.0,2.983880870932791,6.147873878479004,0.0,-38.8161506652832
33,12.144368171691895,0.0,-37.376522064208984,0.0,0.0,0.0,0.0,2.983880870932791,12.144368171691895,0.0,-37.376522064208984
34,17.841827392578125,0.0,-35.01655578613281,0.0,0.0,0.0,0.0,2.983880870932791,17.841827392578125,0.0,-35.01655578613281
35,23.099960327148438,0.0,-31.794368743896484,0.0,0.0,0.0,0.0,2.983880870932791,23.099960327148438,0.0,-31.794368743896484
36,27.789297103881836,0.0,-27.789297103881836,0.0,0.0,0.0,0.0,2.983880870932791,27.789297103881836,0.0,-27.789297103881836
37,31.794368743896484,0.0,-23.099960327148438,0.0,0.0,0.0,0.0,2.983880870932791,31.794368743896484,0.0,-23.099960327148438
38,35.01655578613281,0.0,-17.841827392578125,0.0,0.0,0.0,0.0,2.983880870932791,35.01655578613281,0.0,-17.841827392578125
39,37.376522064208984,0.0,-12.144368171691895,0.0,0.0,0.0,0.0,2.983880870932791,37.376522064208984,0.0,-12.144368171691895
40,38.8161506652832,0.0,-6.147873878479004,0.0,0.0,0.0,0.0,2.983880870932791,38.8161506652832,0.0,-6.147873878479004
41,36.37912368774414,1.7999999523162842,0.0,-0.022159017622470856,-0.029927248135209084,-7.751043140657998e-10,0.03723791241645813,2.983880870932791,36.31300381894179,1.7107006090859747,-2.3128189357184223e-09
42,35.931236267089844,1.7999999523162842,5.690948963165283,-0.007843513041734695,-0.010593601502478123,0.0006498168804682791,0.013197247870266438,2.983880870932791,35.9078321585637,1.7683899074387548,5.692887939324522
43,34.598602294921875,1.7999999523162842,11.241766929626465,0.019502824172377586,0.027922537177801132,0.007216204423457384,0.03481525555253029,2.983880870932791,34.656796398899,1.8833174768690346,11.26329922396636
44,32.41403579711914,1.7999999523162842,16.515775680541992,0.022293133661150932,0.03328859433531761,0.009246410802006721,0.04111703485250473,2.983880870932791,32.4805558522038,1.8993291521736801,16.543365868858885
45,29.43132972717285,1.7999999523162842,21.38311195373535,-0.011577252298593521,-0.02062993310391903,-0.010756204836070538,0.02598697505891323,2.983880870932791,29.396784585501116,1.7384426895588772,21.351016719881166
46,25.72392463684082,1.7999999523162842,25.72392463684082,-0.03189931437373161,-0.059853360056877136,-0.029416821897029877,0.07392794638872147,2.983880870932791,25.62874088288517,1.6214046561815156,25.636148344698636
47,21.38311195373535,1.7999999523162842,29.43132972717285,-0.0002210300153819844,0.004407523665577173,0.005369772203266621,0.006950508803129196,2.983880870932791,21.382452426500553,1.8131514778701834,29.447352487731447
48,16.515775680541992,1.7999999523162842,32.41403579711914,0.03082745335996151,0.09032800793647766,0.0578974150121212,0.11163149774074554,2.983880870932791,16.607761128922355,2.069527967307405,32.586794786250266
49,11.241766929626465,1.7999999523162842,34.598602294921875,0.010146603919565678,0.02547171339392662,0.014695657417178154,0.03110826388001442,2.983880870932791,11.272043186966988,1.8760045106623044,34.64245238597478
50,5.690948963165283,1.7999999523162842,35.931236267089844,-0.013535206206142902,-0.1206607073545456,-0.0867818295955658,0.14924240112304688,2.983880870932791,5.6505615202826425,1.4399627757678362,35.67228962581508
51,0.0,1.7999999523162842,36.37912368774414,-0.0068558803759515285,-0.0716247633099556,-0.05030437931418419,0.08779316395521164,2.983880870932791,-0.020457130307205276,1.5862801911906188,36.2290214125844
52,-5.690948963165283,1.7999999523162842,35.931236267089844,-0.01888998970389366,0.14281833171844482,0.10256053507328033,0.17684052884578705,2.983880870932791,-5.747314442094849,2.2261528403494855,36.23726468580764
53,-11.241766929626465,1.7999999523162842,34.598602294921875,-0.021276969462633133,0.13089710474014282,0.091168612241745,0.16093003749847412,2.983880870932791,-11.305254871797437,2.1905813192108825,34.870638573019505
54,-16.515775680541992,1.7999999523162842,32.41403579711914,0.05433125048875809,-0.14805607497692108,-0.09386266022920609,0.18352843821048737,2.983880870932791,-16.353657701514727,1.3582182623672583,32.133960800766346
55,-21.38311195373535,1.7999999523162842,29.43132972717285,0.07565139979124069,-0.19403626024723053,-0.1173383817076683,0.23904289305210114,2.983880870932791,-21.15737718903898,1.2210188670972362,29.08120597456913
56,-25.72392463684082,1.7999999523162842,25.72392463684082,-0.0741301029920578,0.13088975846767426,0.06126515194773674,0.16242173314094543,2.983880870932791,-25.9451200331191,2.1905593988089906,25.906732551792462
57,-29.43132972717285,1.7999999523162842,21.38311195373535,-0.14225563406944275,0.24994811415672302,0.11096686869859695,0.3082602322101593,2.983880870932791,-29.855803592455075,2.5458153488742554,21.714223870552406
58,-32.41403579711914,1.7999999523162842,16.515775680541992,0.06422930955886841,-0.09051534533500671,-0.019540291279554367,0.11269541084766388,2.983880870932791,-32.22238318897321,1.529912944845282,16.457469779180474
59,-34.598602294921875,1.7999999523162842,11.241766929626465,0.19721513986587524,-0.2885436415672302,-0.06763983517885208,0.35598650574684143,2.983880870932791,-34.01013581161776,0.9390200998145383,11.039937719323241
60,-35.931236267089844,1.7999999523162842,5.690948963165283,-0.025374898687005043,0.03236319124698639,-0.00934179499745369,0.0421726293861866,2.983880870932791,-36.006951941883855,1.8965678596005064,5.663074159772205
61,-36.37912368774414,1.7999999523162842,0.0,-0.2184794694185257,0.30231913924217224,-5.565460536871569e-09,0.3730015456676483,2.983880870932791,-37.031040397233625,2.7020842488178687,-1.6606671233902416e-08
62,-35.931236267089844,1.7999999523162842,-5.690948963165283,-0.02537507563829422,0.03236343711614609,0.009341765195131302,0.04217291623353958,2.983880870932791,-36.00695246988542,1.8965685932447889,-5.663074248698785
63,-34.598602294921875,1.7999999523162842,-11.241766929626465,0.19721509516239166,-0.28854358196258545,0.06763982772827148,0.35598644614219666,2.983880870932791,-34.010135945007626,0.9390202776676976,-11.039937741554887
64,-32.41403579711914,1.7999999523162842,-16.515775680541992,0.06422945111989975,-0.09051556885242462,0.019540369510650635,0.11269567906856537,2.983880870932791,-32.22238276657196,1.5299122778959344,-16.457469545748204
65,-29.43132972717285,1.7999999523162842,-21.38311195373535,-0.14225557446479797,0.24994800984859467,-0.11096683889627457,0.30826011300086975,2.983880870932791,-29.85580341460192,2.5458150376312267,-21.714223781625826
66,-25.72392463684082,1.7999999523162842,-25.72392463684082,-0.07413019239902496,0.13088995218276978,-0.0612652525305748,0.16242197155952454,2.983880870932791,-25.94512029989884,2.1905599768317585,-25.90673285191967
67,-21.38311195373535,1.7999999523162842,-29.43132972717285,0.07565134018659592,-0.19403614103794098,0.11733831465244293,0.2390427440404892,2.983880870932791,-21.15737736689214,1.221019222803555,-29.081206174653936
68,-16.515775680541992,1.7999999523162842,-32.41403579711914,0.05433128774166107,-0.14805620908737183,0.09386274963617325,0.1835285872220993,2.983880870932791,-16.353657590356505,1.3582178621976497,-32.13396053398661
69,-11.241766929626465,1.7999999523162842,-34.598602294921875,-0.021276937797665596,0.13089698553085327,-0.09116853028535843,0.16092988848686218,2.983880870932791,-11.305254777312946,2.1905809635045634,-34.870638328471415
70,-5.690948963165283,1.7999999523162842,-35.931236267089844,-0.01888999156653881,0.142818421125412,-0.10256059467792511,0.1768406331539154,2.983880870932791,-5.7473144476527604,2.2261531071292247,-36.2372648636608
71,-0.0,1.7999999523162842,-36.37912368774414,-0.0068558817729353905,-0.07162465155124664,0.05030429735779762,0.0877930298447609,2.983880870932791,-0.0204571344756387,1.5862805246652927,-36.22902165713249
72,5.690948963165283,1.7999999523162842,-35.931236267089844,-0.013535214588046074,-0.12066074460744858,0.08678185194730759,0.14924244582653046,2.983880870932791,5.650561495272042,1.4399626646096115,-35.67228955912015
73,11.241766929626465,1.7999999523162842,-34.598602294921875,0.010146583430469036,0.025471625849604607,-0.014695596881210804,0.031108157709240913,2.983880870932791,11.272043125829965,1.8760042494404765,-34.64245220534266
74,16.515775680541992,1.7999999523162842,-32.41403579711914,0.030827458947896957,0.09032801538705826,-0.0578974187374115,0.11163150519132614,2.983880870932791,16.607761145596086,2.06952798953905,-32.58679479736609
75,21.38311195373535,1.7999999523162842,-29.43132972717285,-0.00022100246860645711,0.0044075860641896725,-0.005369808059185743,0.006950575392693281,2.983880870932791,21.382452508696847,1.8131516640602097,-29.447352594721238
76,25.72392463684082,1.7999999523162842,-25.72392463684082,-0.031899306923151016,-0.05985334888100624,0.02941681258380413,0.07392792403697968,2.983880870932791,25.628740905116818,1.621404689528983,-25.636148372488194
77,29.43132972717285,1.7999999523162842,-21.38311195373535,-0.011577275581657887,-0.020629970356822014,0.010756219737231731,0.02598702162504196,2.983880870932791,29.396784516027225,1.7384425784006525,-21.351016675417878
78,32.41403579711914,1.7999999523162842,-16.515775680541992,0.022293120622634888,0.03328857570886612,-0.009246403351426125,0.04111701250076294,2.983880870932791,32.480555813298416,1.8993290965945677,-16.543365846627243
79,34.598602294921875,1.7999999523162842,-11.241766929626465,0.01950283721089363,0.027922555804252625,-0.007216207217425108,0.03481527417898178,2.983880870932791,34.656796437804374,1.883317532448147,-11.263299232303227
80,35.931236267089844,1.7999999523162842,-5.690948963165283,-0.007843495346605778,-0.010593577288091183,-0.0006498200236819685,0.01319721806794405,2.983880870932791,35.90783221136385,1.7683899796916007,-5.692887948703497
81,33.458248138427734,3.5999999046325684,0.0,-0.06267803907394409,-0.09097647666931152,-2.552801747768285e-09,0.11047740280628204,2.983880870932791,33.27122433660742,3.3285369361941464,-7.617256302449582e-09
82,33.046321868896484,3.5999999046325684,5.234023094177246,-0.020498985424637794,-0.028952108696103096,0.0029439039062708616,0.0355963408946991,2.983880870932791,32.98515533841438,3.5136102613210993,5.242807352729032
83,31.8206844329834,3.5999999046325684,10.339166641235352,0.055793896317481995,0.08659963309764862,0.021623333916068077,0.10526169091463089,2.983880870932791,31.98716677291994,3.8584028932624403,10.4036880936733
84,29.81151580810547,3.5999999046325684,15.189725875854492,0.05842621251940727,0.09155692160129547,0.02322576195001602,0.1110663190484047,2.983880870932791,29.985852666003183,3.873194851600167,15.259028782649983
85,27.06829071044922,3.5999999046325684,19.666263580322266,-0.03480358421802521,-0.0696905180811882,-0.03433464467525482,0.08512887358665466,2.983880870932791,26.964440961261154,3.392051700844715,19.563813090865498
86,23.658552169799805,3.5999999046325684,23.658552169799805,-0.08381589502096176,-0.16630388796329498,-0.07709172368049622,0.201556995511055,2.983880870932791,23.408455523966644,3.1037689145771425,23.428519650202336
87,19.666263580322266,3.5999999046325684,27.06829071044922,0.0023729039821773767,0.029527274891734123,0.024348990991711617,0.038345325738191605,2.983880870932791,19.673344043123244,3.688105775352788,27.140945198895903
88,15.189725875854492,3.5999999046325684,29.81151580810547,0.0806586816906929,0.253948837518692,0.15399417281150818,0.3077499568462372,2.983880870932791,15.430401773226007,4.357752983100212,30.271016074592847
89,10.339166641235352,3.5999999046325684,31.8206844329834,0.027258267626166344,0.04822947084903717,0.024580469354987144,0.06060770899057388,2.983880870932791,10.420502064579836,3.743910900114221,31.894029625290294
90,5.234023094177246,3.5999999046325684,33.046321868896484,-0.03322972357273102,-0.34339386224746704,-0.2328656166791916,0.4162330627441406,2.983880870932791,5.134869557662189,2.5753535278766213,32.351478609789474
91,0.0,3.5999999046325684,33.458248138427734,-0.02398870512843132,-0.17312289774417877,-0.11695072799921036,0.2102961540222168,2.983880870932791,-0.07157943835117356,3.0834218017332597,33.109281098309225
92,-5.234023094177246,3.5999999046325684,33.046321868896484,-0.056324295699596405,0.41087985038757324,0.2762530446052551,0.49830755591392517,2.983880870932791,-5.402088082684034,4.826016430455775,33.87062804423105
93,-10.339166641235352,3.5999999046325684,31.8206844329834,-0.045102279633283615,0.3389184772968292,0.2275092601776123,0.4106828570365906,2.983880870932791,-10.473746470668567,4.611292265844247,32.499544962387446
94,-15.189725875854492,3.5999999046325684,29.81151580810547,0.15452103316783905,-0.4285602867603302,-0.25123682618141174,0.5202504992485046,2.983880870932791,-14.728653520828207,2.3212270629269476,29.06185504838889
95,-19.666263580322266,3.5999999046325684,27.06829071044922,0.18676455318927765,-0.5200117826461792,-0.3024657666683197,0.6299037933349609,2.983880870932791,-19.10898040269247,2.048346693734974,26.1657688951756
96,-23.658552169799805,3.5999999046325684,23.658552169799805,-0.2083706557750702,0.3784744143486023,0.15884196758270264,0.4603172540664673,2.983880870932791,-24.280305383630758,4.7293224697448535,24.13251767837116
97,-27.06829071044922,3.5999999046325684,19.666263580322266,-0.364145964384079,0.6817421913146973,0.29068252444267273,0.8257548213005066,2.983880870932791,-28.154858887802245,5.634237388204296,20.53362560452121
98,-29.81151580810547,3.5999999046325684,15.189725875854492,0.1790509670972824,-0.26032525300979614,-0.04177026450634003,0.31870555877685547,2.983880870932791,-29.277249052461872,2.8232203619558986,15.065088382620221
99,-31.8206844329834,3.5999999046325684,10.339166641235352,0.5113643407821655,-0.7926221489906311,-0.1783582866191864,0.9599765539169312,2.983880870932791,-30.29483415844634,1.2349098363817839,9.806966761620014
100,-33.046321868896484,3.5999999046325684,5.234023094177246,-0.07040589302778244,0.09269845485687256,-0.03842712193727493,0.12258318066596985,2.983880870932791,-33.25640466630303,3.876601050845017,5.119361140103609
101,-33.458248138427734,3.5999999046325684,0.0,-0.5683215856552124,0.8318817615509033,-2.0626275798463212e-08,1.0074803829193115,2.983880870932791,-35.15405204640251,6.0822359798021814,-6.154634979361836e-08
102,-33.046321868896484,3.5999999046325684,-5.234023094177246,-0.07040634751319885,0.09269914031028748,0.038427043706178665,0.12258394062519073,2.983880870932791,-33.25640602243337,3.87660309615635,-5.119361373535881
103,-31.8206844329834,3.5999999046325684,-10.339166641235352,0.511364221572876,-0.7926220297813416,0.1783582866191864,0.9599764347076416,2.983880870932791,-30.294834514152658,1.2349101920881025,-9.806966761620014
104,-29.81151580810547,3.5999999046325684,-15.189725875854492,0.17905133962631226,-0.2603258490562439,0.04177046939730644,0.3187062740325928,2.983880870932791,-29.277247940879626,2.823218583424305,-15.065087771249987
105,-27.06829071044922,3.5999999046325684,-19.666263580322266,-0.36414581537246704,0.6817418932914734,-0.29068243503570557,0.8257544636726379,2.983880870932791,-28.154858443169346,5.6342364989385,-20.533625337741473
106,-23.658552169799805,3.5999999046325684,-23.658552169799805,-0.2083708792924881,0.3784749209880829,-0.15884222090244293,0.4603178799152374,2.983880870932791,-24.280306050580105,4.729323981496709,-24.132518434247086
107,-19.666263580322266,3.5999999046325684,-27.06829071044922,0.18676438927650452,-0.5200114250183105,0.3024655878543854,0.6299033761024475,2.983880870932791,-19.108980891788658,2.04834776085393,-26.165769428735075
108,-15.189725875854492,3.5999999046325684,-29.81151580810547,0.1545211225748062,-0.42856064438819885,0.25123706459999084,0.5202509760856628,2.983880870932791,-14.728653254048467,2.3212259958079917,-29.06185433697625
109,-10.339166641235352,3.5999999046325684,-31.8206844329834,-0.04510219022631645,0.33891811966896057,-0.2275090366601944,0.41068243980407715,2.983880870932791,-10.47374620388883,4.61129119872529,-32.4995442954381
110,-5.234023094177246,3.5999999046325684,-33.046321868896484,-0.056324295699596405,0.41088005900382996,-0.27625319361686707,0.49830782413482666,2.983880870932791,-5.402088082684034,4.8260170529418325,-33.87062848886394
111,-0.0,3.5999999046325684,-33.458248138427734,-0.023988712579011917,-0.1731225848197937,0.11695051193237305,0.21029576659202576,2.983880870932791,-0.07157946058281847,3.0834227354623462,-33.109281743026926
112,5.234023094177246,3.5999999046325684,-33.046321868896484,-0.03322974964976311,-0.3433939516544342,0.23286566138267517,0.4162331521511078,2.983880870932791,5.1348694798514325,2.5753532610968826,-32.351478476399606
113,10.339166641235352,3.5999999046325684,-31.8206844329834,0.027258215472102165,0.04822922125458717,-0.024580305442214012,0.0606074221432209,2.983880870932791,10.420501908958322,3.7439101553541163,-31.894029136194106
114,15.189725875854492,3.5999999046325684,-29.81151580810547,0.0806586891412735,0.253948837518692,-0.15399417281150818,0.3077499568462372,2.983880870932791,15.430401795457653,4.357752983100212,-30.271016074592847
115,19.666263580322266,3.5999999046325684,-27.06829071044922,0.0023729761596769094,0.029527448117733,-0.024349085986614227,0.03834552317857742,2.983880870932791,19.673344258492307,3.6881062922385324,-27.140945482349373
116,23.658552169799805,3.5999999046325684,-23.658552169799805,-0.08381587266921997,-0.1663038432598114,0.07709169387817383,0.20155693590641022,2.983880870932791,23.408455590661582,3.103769047967012,-23.428519739128916
117,27.06829071044922,3.5999999046325684,-19.666263580322266,-0.03480364382266998,-0.06969062238931656,0.034334681928157806,0.08512900024652481,2.983880870932791,26.964440783407994,3.3920513896016864,-19.563812979707272
118,29.81151580810547,3.5999999046325684,-15.189725875854492,0.05842617526650429,0.0915568545460701,-0.02322573773562908,0.11106624454259872,2.983880870932791,29.985852554844957,3.873194651515363,-15.259028710397137
119,31.8206844329834,3.5999999046325684,-10.339166641235352,0.05579392984509468,0.0865996778011322,-0.021623339504003525,0.10526175051927567,2.983880870932791,31.98716687296234,3.8584030266523097,-10.403688110347034
120,33.046321868896484,3.5999999046325684,-5.234023094177246,-0.020498935133218765,-0.028952034190297127,-0.0029439132194966078,0.035596251487731934,2.983880870932791,32.98515548847798,3.5136104836375486,-5.242807380518588
121,30.817323684692383,5.449999809265137,0.0,-0.08744992315769196,-0.12328436970710754,-2.609603866332577e-09,0.1511506587266922,2.983880870932791,30.556383531817602,5.0821339368110925,-7.786747057462028e-09
122,30.437911987304688,5.449999809265137,4.820891857147217,-0.024885769933462143,-0.034315839409828186,0.0024342897813767195,0.04245944321155548,2.983880870932791,30.363655814441795,5.347605432480149,4.828155487860174
123,29.309017181396484,5.449999809265137,9.523077011108398,0.0801476240158081,0.1199420765042305,0.0288919135928154,0.1471206545829773,2.983880870932791,29.54816814354797,5.807892676966068,9.609287039402643
124,27.458436965942383,5.449999809265137,13.990772247314453,0.07174798101186752,0.10954070836305618,0.029397999867796898,0.13420574367046356,2.983880870932791,27.672524394011745,5.776856233538088,14.078492376763657
125,24.931739807128906,5.449999809265137,18.113969802856445,-0.05680476501584053,-0.10489209741353989,-0.048891156911849976,0.12891656160354614,2.983880870932791,24.76224115542031,5.1370142862808565,17.968084414989402
126,21.791139602661133,5.449999809265137,21.791139602661133,-0.10498575866222382,-0.201861172914505,-0.09647165983915329,0.24713705480098724,2.983880870932791,21.477874605668557,4.847670116821488,21.503279662279947
127,18.113969802856445,5.449999809265137,24.931739807128906,0.01832924783229828,0.0640111193060875,0.04365406185388565,0.07961822301149368,2.983880870932791,18.168662094841828,5.6410013636895675,25.061998327233233
128,13.990772247314453,5.449999809265137,27.458436965942383,0.10415221005678177,0.3131803870201111,0.1950310468673706,0.38336241245269775,2.983880870932791,14.301550034568258,6.384492775245774,28.040386375927927
129,9.523077011108398,5.449999809265137,29.309017181396484,0.0201958566904068,0.022093553096055984,0.008481793105602264,0.031111711636185646,2.983880870932791,9.583339041559004,5.515924339719396,29.3343258415955
130,4.820891857147217,5.449999809265137,30.437911987304688,-0.047458771616220474,-0.4302996098995209,-0.3001156747341156,0.5267632603645325,2.983880870932791,4.679280536363608,4.166037034516114,29.542402566398472
131,0.0,5.449999809265137,30.817323684692383,-0.022370094433426857,-0.16870637238025665,-0.11735784262418747,0.20672476291656494,2.983880870932791,-0.0667496968608625,4.946600091915225,30.46714186303213
132,-4.820891857147217,5.449999809265137,30.437911987304688,-0.0653768852353096,0.5222247242927551,0.3632658123970032,0.6394957900047302,2.983880870932791,-5.015968694402026,7.008256174410439,31.521853895979966
133,-9.523077011108398,5.449999809265137,29.309017181396484,-0.055804405361413956,0.37249264121055603,0.2562985420227051,0.45558077096939087,2.983880870932791,-9.6895907087801,6.5614734759365465,30.073781498185998
134,-13.990772247314453,5.449999809265137,27.458436965942383,0.192588210105896,-0.5494364500045776,-0.33790913224220276,0.6731665730476379,2.983880870932791,-13.416111971212285,3.810546896303257,26.450156370131374
135,-18.113969802856445,5.449999809265137,24.931739807128906,0.2281283140182495,-0.6023972630500793,-0.3577114939689636,0.7368056178092957,2.983880870932791,-17.43326209053924,3.6525181393477366,23.864371322962125
136,-21.791139602661133,5.449999809265137,21.791139602661133,-0.2632678747177124,0.4852517545223236,0.2220105677843094,0.5950360894203186,2.983880870932791,-22.576699577962444,6.897933237170872,22.45359268901766
137,-24.931739807128906,5.449999809265137,18.113969802856445,-0.449352502822876,0.8098114728927612,0.3515784740447998,0.9906157851219177,2.983880870932791,-26.27255414460786,7.866380772291755,19.163038086190465
138,-27.458436965942383,5.449999809265137,13.990772247314453,0.2261376976966858,-0.3317849338054657,-0.07269251346588135,0.4080486595630646,2.983880870932791,-26.78366901558846,4.459993092019305,13.773866446923586
139,-29.309017181396484,5.449999809265137,9.523077011108398,0.6334995627403259,-0.9506821036338806,-0.2174917608499527,1.1629363298416138,2.983880870932791,-27.41872995439134,2.6132776658938552,8.874107506322735
140,-30.437911987304688,5.449999809265137,4.820891857147217,-0.08865539729595184,0.11753161251544952,-0.029027102515101433,0.15005342662334442,2.983880870932791,-30.702449131401025,5.800700139579871,4.7342784412138
141,-30.817323684692383,5.449999809265137,0.0,-0.7044956088066101,1.0,-1.7935937179913708e-08,1.2232391834259033,2.983880870932791,-32.91945465546658,8.433880680197927,-5.3518699853396737e-08
142,-30.437911987304688,5.449999809265137,-4.820891857147217,-0.08865596354007721,0.11753243952989578,0.029027007520198822,0.15005439519882202,2.983880870932791,-30.70245082100604,5.8007026072924575,-4.7342787246672735
143,-29.309017181396484,5.449999809265137,-9.523077011108398,0.6334994435310364,-0.9506819248199463,0.2174917608499527,1.1629360914230347,2.983880870932791,-27.418730310097658,2.613278199453333,-8.874107506322735
144,-27.458436965942383,5.449999809265137,-13.990772247314453,0.2261381596326828,-0.3317856788635254,0.07269275933504105,0.4080495536327362,2.983880870932791,-26.783667637226475,4.459990868854813,-13.773865713279303
145,-24.931739807128906,5.449999809265137,-18.113969802856445,-0.44935229420661926,0.8098111152648926,-0.35157835483551025,0.9906153678894043,2.983880870932791,-26.2725535221218,7.866379705172799,-19.163037730484145
146,-21.791139602661133,5.449999809265137,-21.791139602661133,-0.2632681727409363,0.48525235056877136,-0.22201088070869446,0.5950368046760559,2.983880870932791,-22.576700467228243,6.897935015702466,-22.453593622746748
147,-18.113969802856445,5.449999809265137,-24.931739807128906,0.228128120303154,-0.6023967862129211,0.3577112555503845,0.7368050217628479,2.983880870932791,-17.43326266856201,3.652519562173011,-23.864372034374764
148,-13.990772247314453,5.449999809265137,-27.458436965942383,0.19258832931518555,-0.5494368076324463,0.33790940046310425,0.6731670498847961,2.983880870932791,-13.416111615505965,3.8105458291843006,-26.45015556979216
149,-9.523077011108398,5.449999809265137,-29.309017181396484,-0.0558042973279953,0.3724921941757202,-0.2562982439994812,0.4555802345275879,2.983880870932791,-9.68959038642125,6.561472142037851,-30.073780608920202
150,-4.820891857147217,5.449999809265137,-30.437911987304688,-0.0653768926858902,0.5222249627113342,-0.3632659614086151,0.6394960880279541,2.983880870932791,-5.015968716633671,7.0082568858230765,-31.52185434061286
151,-0.0,5.449999809265137,-30.817323684692383,-0.022370096296072006,-0.16870597004890442,0.11735755950212479,0.20672425627708435,2.983880870932791,-0.06674970241877373,4.9466012924240506,-30.467142707834636
152,4.820891857147217,5.449999809265137,-30.437911987304688,-0.047458797693252563,-0.43029966950416565,0.3001157343387604,0.5267633199691772,2.983880870932791,4.679280458552851,4.166036856662955,-29.542402388545312
153,9.523077011108398,5.449999809265137,-29.309017181396484,0.02019578590989113,0.022093242034316063,-0.008481585420668125,0.03111138567328453,2.983880870932791,9.583338830358377,5.51592341154822,-29.3343252218884
154,13.990772247314453,5.449999809265137,-27.458436965942383,0.10415221005678177,0.3131803870201111,-0.1950310319662094,0.38336241245269775,2.983880870932791,14.301550034568258,6.384492775245774,-28.040386331464635
155,18.113969802856445,5.449999809265137,-24.931739807128906,0.01832933910191059,0.0640113353729248,-0.0436541810631752,0.07961848378181458,2.983880870932791,18.168662367179476,5.641002008407271,-25.061998682939553
156,21.791139602661133,5.449999809265137,-21.791139602661133,-0.10498572885990143,-0.20186109840869904,0.09647161513566971,0.24713696539402008,2.983880870932791,21.477874694595137,4.847670339137938,-21.50327979566982
157,24.931739807128906,5.449999809265137,-18.113969802856445,-0.0568048432469368,-0.10489223152399063,0.048891209065914154,0.12891672551631927,2.983880870932791,24.762240921988035,5.137013886111248,-17.968084259367888
158,27.458436965942383,5.449999809265137,-13.990772247314453,0.07174792140722275,0.10954061150550842,-0.02939796634018421,0.134205624461174,2.983880870932791,27.672524216158585,5.776855944526703,-14.078492276721255
159,29.309017181396484,5.449999809265137,-9.523077011108398,0.08014766126871109,0.11994213610887527,-0.028891921043395996,0.14712071418762207,2.983880870932791,29.54816825470619,5.807892854819227,-9.609287061634289
160,30.437911987304688,5.449999809265137,-4.820891857147217,-0.024885699152946472,-0.03431573882699013,-0.002434302354231477,0.04245931655168533,2.983880870932791,30.36365602564242,5.347605732607355,-4.828155525376075
161,28.176401138305664,7.300000190734863,0.0,-0.07110477983951569,-0.09829582273960114,-3.269459147858811e-09,0.12131758779287338,2.983880870932791,27.964232945910645,7.006697165569567,-9.75567660959213e-09
162,27.82950210571289,7.300000190734863,4.407760143280029,-0.01853049173951149,-0.024125022813677788,0.005038652569055557,0.030834784731268883,2.983880870932791,27.774209325882385,7.228013996650313,4.4227948822961105
163,26.79734992980957,7.300000190734863,8.706987380981445,0.06586141139268875,0.09740062803030014,0.025198116898536682,0.12024788558483124,2.983880870932791,26.99387253539685,7.590632061531316,8.782175559978517
164,25.105356216430664,7.300000190734863,12.791818618774414,0.0539386048913002,0.07790518552064896,0.018661733716726303,0.09657562524080276,2.983880870932791,25.266302587770618,7.532459983556398,12.847503009030195
165,22.795188903808594,7.300000190734863,16.56167221069336,-0.048173367977142334,-0.0906703919172287,-0.04504634812474251,0.11212032288312912,2.983880870932791,22.65144531261319,7.029450542733065,16.42725927421856
166,19.923723220825195,7.300000190734863,19.923723220825195,-0.07991848140954971,-0.14601409435272217,-0.06977169215679169,0.18048591911792755,2.983880870932791,19.68525599291324,6.8643115277092,19.715532803265933
167,16.56167221069336,7.300000190734863,22.795188903808594,0.01691749319434166,0.06695500761270523,0.04723510518670082,0.08366797119379044,2.983880870932791,16.612151995020092,7.499785957163573,22.93613283061169
168,12.791818618774414,7.300000190734863,25.105356216430664,0.07996414601802826,0.23061531782150269,0.14664092659950256,0.2847476899623871,2.983880870932791,13.030422104438085,7.988128826126531,25.54291527220678
169,8.706987380981445,7.300000190734863,26.79734992980957,0.017946479842066765,-0.010737129487097263,-0.013676603324711323,0.02498822845518589,2.983880870932791,8.760537538882769,7.267961875449585,26.756540574769627
170,4.407760143280029,7.300000190734863,27.82950210571289,-0.035523321479558945,-0.3226487338542938,-0.23067821562290192,0.39821672439575195,2.983880870932791,4.301762783845177,6.337254805756351,27.141185790774806
171,0.0,7.300000190734863,28.176401138305664,-0.028532201424241066,-0.09210643917322159,-0.06678160279989243,0.11729222536087036,2.983880870932791,-0.08513669003539424,7.025165548796153,27.977132791180832
172,-4.407760143280029,7.300000190734863,27.82950210571289,-0.05574864149093628,0.39830687642097473,0.2828774154186249,0.49170711636543274,2.983880870932791,-4.574107448205324,8.488500460048401,28.673574614399435
173,-8.706987380981445,7.300000190734863,26.79734992980957,-0.022674083709716797,0.2430473417043686,0.17750024795532227,0.3018152713775635,2.983880870932791,-8.774644145628798,8.025224504377594,27.326989524269283
174,-12.791818618774414,7.300000190734863,25.105356216430664,0.1608027219772339,-0.42398154735565186,-0.26239317655563354,0.5238969922065735,2.983880870932791,-12.312002452672623,6.034889761951849,24.32240623624302
175,-16.56167221069336,7.300000190734863,22.795188903808594,0.15196214616298676,-0.41961997747421265,-0.26485925912857056,0.5189642310142517,2.983880870932791,-16.10823526965173,6.047904166888312,22.00488042700542
176,-19.923723220825195,7.300000190734863,19.923723220825195,-0.2190510481595993,0.3753437101840973,0.1650414615869522,0.4648708701133728,2.983880870932791,-20.5773454531864,8.419981107578133,20.416187280965293
177,-22.795188903808594,7.300000190734863,16.56167221069336,-0.3247065842151642,0.5805959105491638,0.2678322196006775,0.7171192765235901,2.983880870932791,-23.764074669114148,9.03242922196432,17.36085164737929
178,-25.105356216430664,7.300000190734863,12.791818618774414,0.18687134981155396,-0.255295991897583,-0.03992839902639389,0.31889060139656067,2.983880870932791,-24.54775437040258,6.538227364085852,12.672677032712587
179,-26.79734992980957,7.300000190734863,8.706987380981445,0.46947163343429565,-0.6886091828346252,-0.1673106998205185,0.8500465154647827,2.983880870932791,-25.396502503359404,5.245272422525964,8.207752184284622
180,-27.82950210571289,7.300000190734863,4.407760143280029,-0.07281374931335449,0.08991587162017822,-0.04424923285841942,0.12387372553348541,2.983880870932791,-28.046769659429906,7.568298440055561,4.275725703800341
181,-28.176401138305664,7.300000190734863,0.0,-0.52506023645401,0.7258288860321045,-2.3219264733143063e-08,0.8958324790000916,2.983880870932791,-29.74311833394823,9.465787119336516,-6.928351987434996e-08
182,-27.82950210571289,7.300000190734863,-4.407760143280029,-0.07281417399644852,0.08991646766662598,0.04424915835261345,0.12387438863515854,2.983880870932791,-28.046770926633666,7.568300218587155,-4.27572592611679
183,-26.79734992980957,7.300000190734863,-8.706987380981445,0.4694715142250061,-0.6886090636253357,0.1673107147216797,0.8500463962554932,2.983880870932791,-25.396502859065723,5.245272778232283,-8.207752139821332
184,-25.105356216430664,7.300000190734863,-12.791818618774414,0.1868716925382614,-0.255296528339386,0.03992858901619911,0.3188912570476532,2.983880870932791,-24.547753347746912,6.538225763407418,-12.67267646580564
185,-22.795188903808594,7.300000190734863,-16.56167221069336,-0.32470640540122986,0.5805956721305847,-0.2678321301937103,0.7171189785003662,2.983880870932791,-23.764074135554672,9.032428510551682,-17.360851380599552
186,-19.923723220825195,7.300000190734863,-19.923723220825195,-0.21905124187469482,0.3753441274166107,-0.1650417000055313,0.4648713767528534,2.983880870932791,-20.57734603120917,8.419982352550248,-20.416187992377928
187,-16.56167221069336,7.300000190734863,-22.795188903808594,0.15196198225021362,-0.4196196496486664,0.26485908031463623,0.5189637541770935,2.983880870932791,-16.10823575874792,6.047905145080688,-22.0048809605649
188,-12.791818618774414,7.300000190734863,-25.105356216430664,0.16080279648303986,-0.42398181557655334,0.26239335536956787,0.5238972902297974,2.983880870932791,-12.312002230356173,6.034888961612632,-24.32240570268354
189,-8.706987380981445,7.300000190734863,-26.79734992980957,-0.022673990577459335,0.24304699897766113,-0.17750000953674316,0.30181485414505005,2.983880870932791,-8.774643867733236,8.025223481721929,-27.326988812856648
190,-4.407760143280029,7.300000190734863,-27.82950210571289,-0.055748630315065384,0.3983069956302643,-0.28287750482559204,0.4917072653770447,2.983880870932791,-4.574107414857857,8.488500815754719,-28.673574881179174
191,-0.0,7.300000190734863,-28.176401138305664,-0.028532205149531364,-0.09210613369941711,0.06678138673305511,0.11729186028242111,2.983880870932791,-0.08513670115121671,7.025166460293595,-27.977133435898537
192,4.407760143280029,7.300000190734863,-27.82950210571289,-0.035523347556591034,-0.3226487636566162,0.2306782305240631,0.39821675419807434,2.983880870932791,4.30176270603442,6.337254716829771,-27.141185746311514
193,8.706987380981445,7.300000190734863,-26.79734992980957,0.017946425825357437,-0.010737359523773193,0.013676761649549007,0.02498837560415268,2.983880870932791,8.760537377703344,7.267961189047549,-26.756540102347174
194,12.791818618774414,7.300000190734863,-25.105356216430664,0.07996414601802826,0.2306152880191803,-0.14664089679718018,0.2847476601600647,2.983880870932791,13.030422104438085,7.988128737199951,-25.5429151832802
195,16.56167221069336,7.300000190734863,-22.795188903808594,0.01691756211221218,0.06695516407489777,-0.047235190868377686,0.08366815745830536,2.983880870932791,16.612152200662806,7.499786424028117,-22.936133086275603
196,19.923723220825195,7.300000190734863,-19.923723220825195,-0.07991845160722733,-0.1460140347480774,0.0697716474533081,0.18048584461212158,2.983880870932791,19.68525608183982,6.8643117055623595,-19.7155329366558
197,22.795188903808594,7.300000190734863,-16.56167221069336,-0.04817342385649681,-0.09067048132419586,0.045046381652355194,0.11212043464183807,2.983880870932791,22.651445145875854,7.029450275953327,-16.427259174176157
198,25.105356216430664,7.300000190734863,-12.791818618774414,0.05393855646252632,0.07790511101484299,-0.018661703914403915,0.096575528383255,2.983880870932791,25.266302443264923,7.532459761239949,-12.847502920103615
199,26.79734992980957,7.300000190734863,-8.706987380981445,0.06586144119501114,0.09740067273378372,-0.02519812062382698,0.12024793773889542,2.983880870932791,26.99387262432343,7.590632194921185,-8.78217557109434
200,27.82950210571289,7.300000190734863,-4.407760143280029,-0.018530432134866714,-0.02412494085729122,-0.005038663279265165,0.030834686011075974,2.983880870932791,27.774209503735545,7.228014241198407,-4.4227949142541005
201,26.011310577392578,9.100000381469727,0.0,-0.021137865260243416,-0.036989763379096985,-8.38287717019881e-10,0.042603425681591034,2.983880870932791,25.948237705590184,8.989627334102508,-2.5013506831535433e-09
202,25.691068649291992,9.100000381469727,4.069066047668457,-0.004981003236025572,-0.00814568717032671,0.0012807021848857403,0.009633421897888184,2.983880870932791,25.67620592901796,9.075694621341587,4.072887510419299
203,24.73822784423828,9.100000381469727,8.03793716430664,0.020106719806790352,0.03732266277074814,0.007189145311713219,0.04299936071038246,2.983880870932791,24.798223900846967,9.211366760963637,8.059388717480617
204,23.17624855041504,9.100000381469727,11.80888843536377,0.014892621897161007,0.02682671695947647,0.005087881814688444,0.031102241948246956,2.983880870932791,23.220686360012014,9.180048109035036,11.824070068584184
205,21.04359245300293,9.100000381469727,15.28906536102295,-0.016038691624999046,-0.03662995994091034,-0.013553470373153687,0.04222191497683525,2.983880870932791,20.995734907868304,8.99070094469901,15.248623420041742
206,18.39277458190918,9.100000381469727,18.39277458190918,-0.022914890199899673,-0.05162562429904938,-0.019525839015841484,0.05976249277591705,2.983880870932791,18.324399279382174,8.94595566867383,18.3345118043809
207,15.28906536102295,9.100000381469727,21.04359245300293,0.007906354032456875,0.030550112947821617,0.015814553946256638,0.035297591239213943,2.983880870932791,15.31265697957922,9.191158279099568,21.090781198005498
208,11.80888843536377,9.100000381469727,23.17624855041504,0.02413604035973549,0.08379609137773514,0.04239901155233383,0.09696395695209503,2.983880870932791,11.880907504493246,9.350037935590686,23.302762149932505
209,8.03793716430664,9.100000381469727,24.73822784423828,0.0021732961758971214,-0.01306981686502695,-0.008636592887341976,0.015815626829862595,2.983880870932791,8.044422021192771,9.061001604939579,24.71245727993171
210,4.069066047668457,9.100000381469727,25.691068649291992,-0.012457224540412426,-0.12095243483781815,-0.06960176676511765,0.14010381698608398,2.983880870932791,4.031895173657406,8.739092724864417,25.48338526885843
211,0.0,9.100000381469727,26.011310577392578,-0.006873374804854393,-0.022649310529232025,-0.012888364493846893,0.026950778439641,2.983880870932791,-0.02050933159895643,9.032417537041734,25.97285323312178
212,-4.069066047668457,9.100000381469727,25.691068649291992,-0.014898372814059258,0.15439967811107635,0.08993817120790482,0.17930448055267334,2.983880870932791,-4.113521017316353,9.560710627463548,25.959433437925938
213,-8.03793716430664,9.100000381469727,24.73822784423828,-0.006238935049623251,0.08010663837194443,0.04705267399549484,0.09311257302761078,2.983880870932791,-8.056553403256203,9.339029047342501,24.878627418099676
214,-11.80888843536377,9.100000381469727,23.17624855041504,0.04928043484687805,-0.16861508786678314,-0.08769845962524414,0.19634313881397247,2.983880870932791,-11.66184148851292,8.59687304623338,22.914566794329
215,-15.28906536102295,9.100000381469727,21.04359245300293,0.04557228088378906,-0.15146327018737793,-0.07764705270528793,0.17620164155960083,2.983880870932791,-15.153083103849035,8.648052026908685,20.81190289775131
216,-18.39277458190918,9.100000381469727,18.39277458190918,-0.06929310411214828,0.1505080759525299,0.057943008840084076,0.17553235590457916,2.983880870932791,-18.599536949756974,9.54909855022538,18.565669617591396
217,-21.04359245300293,9.100000381469727,15.28906536102295,-0.10059387981891632,0.21729286015033722,0.08156773447990417,0.2529596984386444,2.983880870932791,-21.343752606727506,9.748376390262592,15.53245376362286
218,-23.17624855041504,9.100000381469727,11.80888843536377,0.058916009962558746,-0.10164035856723785,-0.017667757347226143,0.11880239099264145,2.983880870932791,-23.000450195296075,8.796717659826196,11.756169952183098
219,-24.73822784423828,9.100000381469727,8.03793716430664,0.14613012969493866,-0.26021093130111694,-0.05129135027527809,0.30281105637550354,2.983880870932791,-24.302192945574625,8.323561961152716,7.884889885375925
220,-25.691068649291992,9.100000381469727,4.069066047668457,-0.022681215777993202,0.03544335439801216,-0.008981018327176571,0.043027058243751526,2.983880870932791,-25.758746695181443,9.205759128659647,4.042267758880498
221,-26.011310577392578,9.100000381469727,0.0,-0.1631525754928589,0.2744808495044708,-5.233951938521386e-09,0.31930941343307495,2.983880870932791,-26.498138426449138,9.919018537743499,-1.5617489068735563e-08
222,-25.691068649291992,9.100000381469727,-4.069066047668457,-0.022681348025798798,0.03544358164072037,0.00898099597543478,0.04302730783820152,2.983880870932791,-25.758747089793143,9.205759806724817,-4.042267825575433
223,-24.73822784423828,9.100000381469727,-8.03793716430664,0.14613008499145508,-0.26021087169647217,0.05129135027527809,0.30281099677085876,2.983880870932791,-24.302193078964496,8.323562139005876,-7.884889885375925
224,-23.17624855041504,9.100000381469727,-11.80888843536377,0.0589161179959774,-0.10164055973291397,0.01766781508922577,0.11880262941122055,2.983880870932791,-23.000449872937224,8.796717059571783,-11.75616977988785
225,-21.04359245300293,9.100000381469727,-15.28906536102295,-0.10059382021427155,0.21729275584220886,-0.08156770467758179,0.25295957922935486,2.983880870932791,-21.343752428874346,9.748376079019563,-15.532453674696281
226,-18.39277458190918,9.100000381469727,-18.39277458190918,-0.06929316371679306,0.15050822496414185,-0.05794307962059975,0.1755325347185135,2.983880870932791,-18.599537127610134,9.549098994858278,-18.56566982879202
227,-15.28906536102295,9.100000381469727,-21.04359245300293,0.045572228729724884,-0.15146313607692719,0.07764699310064316,0.1762014925479889,2.983880870932791,-15.153083259470549,8.648052427078293,-20.81190307560447
228,-11.80888843536377,9.100000381469727,-23.17624855041504,0.049280453473329544,-0.1686151921749115,0.08769851177930832,0.19634325802326202,2.983880870932791,-11.661841432933809,8.596872734990352,-22.914566638707488
229,-8.03793716430664,9.100000381469727,-24.73822784423828,-0.006238908041268587,0.08010650426149368,-0.047052595764398575,0.09311242401599884,2.983880870932791,-8.05655332266649,9.339028647172894,-24.878627184667405
230,-4.069066047668457,9.100000381469727,-25.691068649291992,-0.014898370020091534,0.15439972281455994,-0.0899381935596466,0.17930454015731812,2.983880870932791,-4.113521008979487,9.560710760853418,-25.959433504620872
231,-0.0,9.100000381469727,-26.011310577392578,-0.006873374339193106,-0.022649193182587624,0.012888296507298946,0.026950648054480553,2.983880870932791,-0.02050933020947862,9.032417887190142,-25.972853435985538
232,4.069066047668457,9.100000381469727,-25.691068649291992,-0.012457229197025299,-0.12095243483781815,0.06960176676511765,0.14010381698608398,2.983880870932791,4.031895159762628,8.739092724864417,-25.48338526885843
233,8.03793716430664,9.100000381469727,-24.73822784423828,0.0021732791792601347,-0.01306990161538124,0.008636639453470707,0.015815719962120056,2.983880870932791,8.044421970476831,9.061001352054618,-24.712457140983926
234,11.80888843536377,9.100000381469727,-23.17624855041504,0.02413603663444519,0.08379607647657394,-0.042399000376462936,0.09696394205093384,2.983880870932791,11.880907493377423,9.350037891127396,-23.30276211658504
235,15.28906536102295,9.100000381469727,-21.04359245300293,0.007906374521553516,0.030550168827176094,-0.015814580023288727,0.03529765456914902,2.983880870932791,15.312657040716243,9.191158445836905,-21.09078127581626
236,18.39277458190918,9.100000381469727,-18.39277458190918,-0.022914879024028778,-0.05162559449672699,0.01952582597732544,0.05976245552301407,2.983880870932791,18.324399312729643,8.94595575760041,-18.334511843286275
237,21.04359245300293,9.100000381469727,-15.28906536102295,-0.01603870838880539,-0.03662998974323273,0.013553479686379433,0.042221952229738235,2.983880870932791,20.995734857847104,8.99070085577243,-15.248623392252185
238,23.17624855041504,9.100000381469727,-11.80888843536377,0.014892606995999813,0.026826685294508934,-0.005087872967123985,0.03110220655798912,2.983880870932791,23.220686315548722,9.180048014550545,-11.824070042184108
239,24.73822784423828,9.100000381469727,-8.03793716430664,0.02010672725737095,0.037322673946619034,-0.007189146243035793,0.042999375611543655,2.983880870932791,24.798223923078613,9.211366794311104,-8.059388720259573
240,25.691068649291992,9.100000381469727,-4.069066047668457,-0.0049809860065579414,-0.008145656436681747,-0.0012807052116841078,0.009633387438952923,2.983880870932791,25.67620598042864,9.075694713047122,-4.072887519450905
241,23.846221923828125,10.899999618530273,0.0,0.023406993597745895,0.01798521727323532,1.1061351834484867e-09,0.02951872907578945,2.983880870932791,23.916065604270486,10.95366536431145,3.300575614557673e-09
242,23.55263328552246,10.899999618530273,3.7303709983825684,0.005495305173099041,0.004270487930625677,-0.0018193215364590287,0.007193426135927439,2.983880870932791,23.56903062150841,10.912742245776016,3.7249423596518523
243,22.67910385131836,10.899999618530273,7.368887901306152,-0.021794632077217102,-0.017655735835433006,-0.00834539532661438,0.02926391363143921,2.983880870932791,22.614071265574132,10.847317006108682,7.3439862358306955
244,21.24713897705078,10.899999618530273,10.825958251953125,-0.015909096226096153,-0.013509039767086506,-0.005177604965865612,0.021503513678908348,2.983880870932791,21.199668129147902,10.859690253184594,10.810508895538232
245,19.2919979095459,10.899999618530273,14.016456604003906,0.01645020768046379,0.01617257297039032,0.015217109583318233,0.027635518461465836,2.983880870932791,19.341083369566505,10.948256649650386,14.061862646200458
246,16.861825942993164,10.899999618530273,16.861825942993164,0.023559151217341423,0.024749042466282845,0.020237794145941734,0.03971293196082115,2.983880870932791,16.932123643646,10.973847812919319,16.922213109815115
247,14.016456604003906,10.899999618530273,19.2919979095459,-0.006738375406712294,-0.01166509184986353,-0.016946716234087944,0.021648816764354706,2.983880870932791,13.996350094526653,10.865192374101792,19.241430927149878
248,10.825958251953125,10.899999618530273,21.24713897705078,-0.023503100499510765,-0.03811458870768547,-0.04291662946343422,0.0620238222181797,2.983880870932791,10.755827799965024,10.786270226381939,21.11908086734993
249,7.368887901306152,10.899999618530273,22.67910385131836,-0.004633275792002678,0.0012099382001906633,0.007361255586147308,0.00878175813704729,2.983880870932791,7.355062758300639,10.903609929980833,22.701068961047913
250,3.7303709983825684,10.899999618530273,23.55263328552246,0.00998775940388441,0.05081553757190704,0.06650809198617935,0.0842929482460022,2.983880870932791,3.7601732826112984,11.051627129037254,23.75108550896226
251,0.0,10.899999618530273,23.846221923828125,0.008511535823345184,0.016392160207033157,0.016529861837625504,0.024786800146102905,2.983880870932791,0.025397408925538878,10.948911871805306,23.895545062364576
252,-3.7303709983825684,10.899999618530273,23.55263328552246,0.016076184809207916,-0.05812831595540047,-0.07829313725233078,0.09882894158363342,2.983880870932791,-3.6824015780527923,10.726551648491416,23.319015890949917
253,-7.368887901306152,10.899999618530273,22.67910385131836,0.005542602390050888,-0.03824721649289131,-0.04698396101593971,0.06083635613322258,2.983880870932791,-7.352349436059293,10.78587448087071,22.538909308802246
254,-10.825958251953125,10.899999618530273,21.24713897705078,-0.043455805629491806,0.057542767375707626,0.06949975341558456,0.10014885663986206,2.983880870932791,-10.95562519910194,11.071700381363183,21.45451796180209
255,-14.016456604003906,10.899999618530273,19.2919979095459,-0.03905298933386803,0.05998747795820236,0.06854218244552612,0.09910431504249573,2.983880870932791,-14.132986071829977,11.078995106505255,19.49651961659709
256,-16.861825942993164,10.899999618530273,16.861825942993164,0.05797645449638367,-0.04980602487921715,-0.04304545000195503,0.08772012591362,2.983880870932791,-16.6888311094569,10.751384373635975,16.733383448151635
257,-19.2919979095459,10.899999618530273,14.016456604003906,0.0828787311911583,-0.07955658435821533,-0.06879129260778427,0.1339043527841568,2.983880870932791,-19.04469764893742,10.662612248307044,13.811191581904799
258,-21.24713897705078,10.899999618530273,10.825958251953125,-0.05016903951764107,0.03485767915844917,0.01046697422862053,0.061980221420526505,2.983880870932791,-21.396837414380542,11.004010780576282,10.857190456130452
259,-22.67910385131836,10.899999618530273,7.368887901306152,-0.12104707956314087,0.09447075426578522,0.04346352070569992,0.15958131849765778,2.983880870932791,-23.040293916509096,11.181889095046543,7.498577869323282
260,-23.55263328552246,10.899999618530273,3.7303709983825684,0.019937453791499138,-0.012695875018835068,0.012243527919054031,0.026619378477334976,2.983880870932791,-23.4931422985389,10.862116639921817,3.766904227132965
261,-23.846221923828125,10.899999618530273,0.0,0.1363508701324463,-0.100237637758255,6.4258096621472305e-09,0.16923104226589203,2.983880870932791,-23.439367170704877,10.600902448675926,1.917385053113622e-08
262,-23.55263328552246,10.899999618530273,-3.7303709983825684,0.019937563687562943,-0.012695956975221634,-0.012243508361279964,0.02661949023604393,2.983880870932791,-23.493141970622137,10.862116395373723,-3.7669041687748974
263,-22.67910385131836,10.899999618530273,-7.368887901306152,-0.12104704976081848,0.09447073191404343,-0.04346352443099022,0.1595812737941742,2.983880870932791,-23.040293827582516,11.181889028351607,-7.498577880439104
264,-21.24713897705078,10.899999618530273,-10.825958251953125,-0.05016912519931793,0.034857749938964844,-0.010467023588716984,0.061980340629816055,2.983880870932791,-21.39683767004446,11.004010991776909,-10.8571906034151
265,-19.2919979095459,10.899999618530273,-14.016456604003906,0.08287867903709412,-0.07955655455589294,0.06879127025604248,0.13390429317951202,2.983880870932791,-19.044697804558936,10.662612337233623,-13.811191648599733
266,-16.861825942993164,10.899999618530273,-16.861825942993164,0.05797650292515755,-0.049806080758571625,0.04304550960659981,0.08772021532058716,2.983880870932791,-16.688830964951208,10.751384206898638,-16.73338327029848
267,-14.016456604003906,10.899999618530273,-19.2919979095459,-0.039052944630384445,0.05998743325471878,-0.06854213029146194,0.09910422563552856,2.983880870932791,-14.132985938440108,11.078994973115387,-19.496519460975573
268,-10.825958251953125,10.899999618530273,-21.24713897705078,-0.0434558242559433,0.05754280835390091,-0.06949980556964874,0.10014891624450684,2.983880870932791,-10.95562525468105,11.07170050363723,-21.454518117423603
269,-7.368887901306152,10.899999618530273,-22.67910385131836,0.005542576778680086,-0.03824716806411743,0.04698389768600464,0.06083627790212631,2.983880870932791,-7.352349512480573,10.785874625376401,-22.538909497771225
270,-3.7303709983825684,10.899999618530273,-23.55263328552246,0.016076181083917618,-0.05812833830714226,0.07829316705465317,0.09882897883653641,2.983880870932791,-3.682401589168615,10.726551581796482,-23.319015802023337
271,-0.0,10.899999618530273,-23.846221923828125,0.008511536754667759,0.016392115503549576,-0.01652980037033558,0.024786729365587234,2.983880870932791,0.025397411704494492,10.948911738415436,-23.89554487895351
272,3.7303709983825684,10.899999618530273,-23.55263328552246,0.009987766854465008,0.05081554502248764,-0.06650809198617935,0.0842929482460022,2.983880870932791,3.760173304842943,11.051627151268898,-23.75108550896226
273,7.368887901306152,10.899999618530273,-22.67910385131836,-0.004633260425180197,0.001209975453093648,-0.007361301686614752,0.008781793527305126,2.983880870932791,7.355062804153407,10.903610041139057,-22.701069098606215
274,10.825958251953125,10.899999618530273,-21.24713897705078,-0.023503098636865616,-0.038114581257104874,0.042916618287563324,0.06202381104230881,2.983880870932791,10.755827805522935,10.786270248613585,-21.119080900697398
275,14.016456604003906,10.899999618530273,-19.2919979095459,-0.006738395895808935,-0.011665117926895618,0.016946742311120033,0.02164885774254799,2.983880870932791,13.99635003338963,10.865192296291035,-19.24143084933912
276,16.861825942993164,10.899999618530273,-16.861825942993164,0.023559141904115677,0.0247490294277668,-0.02023778110742569,0.03971291333436966,2.983880870932791,16.932123615856447,10.97384777401394,-16.922213070909738
277,19.2919979095459,10.899999618530273,-14.016456604003906,0.016450224444270134,0.016172587871551514,-0.01521711889654398,0.027635542675852776,2.983880870932791,19.341083419587708,10.948256694113676,-14.061862673990014
278,21.24713897705078,10.899999618530273,-10.825958251953125,-0.01590908132493496,-0.013509025797247887,0.005177595186978579,0.021503491327166557,2.983880870932791,21.199668173611194,10.859690294868928,-10.810508924717267
279,22.67910385131836,10.899999618530273,-7.368887901306152,-0.021794641390442848,-0.017655743286013603,0.008345396257936954,0.029263924807310104,2.983880870932791,22.614071237784575,10.847316983877038,-7.34398623305174
280,23.55263328552246,10.899999618530273,-3.7303709983825684,0.005495286080986261,0.004270473029464483,0.0018193250289186835,0.007193403318524361,2.983880870932791,23.56903056453982,10.912742201312726,-3.7249423492307687
281,22.281728744506836,12.75,0.0,0.030872181057929993,0.024734104052186012,8.448896582358145e-10,0.03955840691924095,2.983880870932791,22.373847655009566,12.823803619940978,2.5210500892587902e-09
282,22.007402420043945,12.75,3.4856300354003906,0.005625907797366381,0.004611155483871698,-0.0012000458082184196,0.00737249618396163,2.983880870932791,22.02418945870214,12.763759138641221,3.4820492416690048
283,21.19118309020996,12.75,6.885433197021484,-0.030035631731152534,-0.025202954187989235,-0.010292161256074905,0.04053710401058197,2.983880870932791,21.101560343240994,12.674797387107464,6.854722613928927
284,19.853164672851562,12.75,10.115693092346191,-0.01711990498006344,-0.015256671234965324,-0.006132276263087988,0.023737354204058647,2.983880870932791,19.802080915869364,12.704475910547876,10.097395110509488
285,18.026296615600586,12.75,13.096871376037598,0.02606024779379368,0.02572377771139145,0.020559946075081825,0.041994769126176834,2.983880870932791,18.104057290484256,12.826756688241149,13.158219805838444
286,15.755560874938965,12.75,15.755560874938965,0.027376744896173477,0.029917242005467415,0.023654496297240257,0.04694744572043419,2.983880870932791,15.837249820343064,12.839269486131181,15.826143073951851
287,13.096871376037598,12.75,18.026296615600586,-0.01622297801077366,-0.023329470306634903,-0.02692030370235443,0.039142709225416183,2.983880870932791,13.048463942281687,12.680387639823037,17.94596963634343
288,10.115693092346191,12.75,19.853164672851562,-0.03005516715347767,-0.04964260011911392,-0.05318188667297363,0.0787147581577301,2.983880870932791,10.026012054004243,12.60187239512121,19.69447625852796
289,6.885433197021484,12.75,21.19118309020996,0.0016846039798110723,0.013176023960113525,0.0204781461507082,0.024409014731645584,2.983880870932791,6.89045985461194,12.789315685849536,21.252287438781224
290,3.4856300354003906,12.75,22.007402420043945,0.015744781121611595,0.07169842720031738,0.08853109180927277,0.115005724132061,2.983880870932791,3.532610586606191,12.963939565398995,22.27156865137643
291,0.0,12.75,22.281728744506836,0.006957791745662689,0.008787253871560097,0.00657490361481905,0.012994462624192238,2.983880870932791,0.02076122169381697,12.776220118735377,22.30134747363132
292,-3.4856300354003906,12.75,22.007402420043945,0.01843271590769291,-0.08911746740341187,-0.11254285275936127,0.14473280310630798,2.983880870932791,-3.4306290070040872,12.484084093748983,21.67158795453508
293,-6.885433197021484,12.75,21.19118309020996,0.007012262940406799,-0.041833095252513885,-0.04897414892911911,0.06478925049304962,2.983880870932791,-6.864509439771654,12.625175027304115,21.045050064050148
294,-10.115693092346191,12.75,19.853164672851562,-0.05925242602825165,0.09440580755472183,0.10750284790992737,0.15485531091690063,2.983880870932791,-10.292495272928251,13.031695683267497,20.17394036430079
295,-13.096871376037598,12.75,18.026296615600586,-0.051351550966501236,0.0799083411693573,0.08507969975471497,0.1275181621313095,2.983880870932791,-13.250098286659272,12.988436970643216,18.280164304203385
296,-15.755560874938965,12.75,15.755560874938965,0.0827677845954895,-0.08385088294744492,-0.07200425863265991,0.13808001577854156,2.983880870932791,-15.508591665754999,12.499798954362294,15.540708744979273
297,-18.026296615600586,12.75,13.096871376037598,0.11382756382226944,-0.11512056738138199,-0.09107005596160889,0.18575040996074677,2.983880870932791,-17.686648725326435,12.406493941139765,12.825129178138974
298,-19.853164672851562,12.75,10.115693092346191,-0.0717400386929512,0.05787869915366173,0.024706365540623665,0.09543050825595856,2.983880870932791,-20.06722840198744,12.922703143239085,10.18941394387313
299,-21.19118309020996,12.75,6.885433197021484,-0.1678789258003235,0.13994914293289185,0.058466218411922455,0.22624631226062775,2.983880870932791,-21.69211380553829,13.167591570500894,7.059889427736598
300,-22.007402420043945,12.75,3.4856300354003906,0.02821146696805954,-0.020649930462241173,0.007842392660677433,0.035830289125442505,2.983880870932791,-21.923222763417,12.688383067507626,3.50903080084293
301,-22.281728744506836,12.75,0.0,0.18900440633296967,-0.14886435866355896,5.1418380664358665e-09,0.24058941006660461,2.983880870932791,-21.71776211192788,12.305806487820128,1.534263224787203e-08
302,-22.007402420043945,12.75,-3.4856300354003906,0.028211619704961777,-0.020650053396821022,-0.007842366583645344,0.03583047166466713,2.983880870932791,-21.92322230766828,12.688382700685485,-3.5090307230321724
303,-21.19118309020996,12.75,-6.885433197021484,-0.1678788810968399,0.13994911313056946,-0.058466214686632156,0.22624625265598297,2.983880870932791,-21.692113672148423,13.167591481574314,-7.059889416620776
304,-19.853164672851562,12.75,-10.115693092346191,-0.07174015790224075,0.05787880718708038,-0.024706430733203888,0.09543067961931229,2.983880870932791,-20.067228757693755,12.922703465597937,-10.189414138400025
305,-18.026296615600586,12.75,-13.096871376037598,0.11382748931646347,-0.11512050777673721,0.0910700187087059,0.1857503056526184,2.983880870932791,-17.686648947642883,12.406494118992924,-12.825129289297198
306,-15.755560874938965,12.75,-15.755560874938965,0.08276785165071487,-0.08385096490383148,0.07200433313846588,0.13808013498783112,2.983880870932791,-15.508591465670193,12.4997987098142,-15.540708522662824
307,-13.096871376037598,12.75,-18.026296615600586,-0.05135148763656616,0.07990825921297073,-0.085079625248909,0.12751802802085876,2.983880870932791,-13.25009809769029,12.988436726095122,-18.280164081886937
308,-10.115693092346191,12.75,-19.853164672851562,-0.05925244465470314,0.09440585970878601,-0.10750290751457214,0.1548554003238678,2.983880870932791,-10.292495328507364,13.03169583888901,-20.17394054215395
309,-6.885433197021484,12.75,-21.19118309020996,0.007012230344116688,-0.04183301702141762,0.04897405579686165,0.06478912383317947,2.983880870932791,-6.8645095370351,12.625175260736386,-21.04505034194571
310,-3.4856300354003906,12.75,-22.007402420043945,0.01843271404504776,-0.08911748975515366,0.11254287511110306,0.14473281800746918,2.983880870932791,-3.4306290125619983,12.484084027054047,-21.671587887840147
311,-0.0,12.75,-22.281728744506836,0.006957790814340115,0.00878718588501215,-0.006574817933142185,0.012994373217225075,2.983880870932791,0.020761218914861355,12.776219915871618,-22.301347217967404
312,3.4856300354003906,12.75,-22.007402420043945,0.015744784846901894,0.07169842720031738,-0.08853108435869217,0.11500571668148041,2.983880870932791,3.5326105977220137,12.963939565398995,-22.271568629144785
313,6.885433197021484,12.75,-21.19118309020996,0.0016846251673996449,0.013176074251532555,-0.020478205755352974,0.024409092962741852,2.983880870932791,6.89045991783318,12.789315835913138,-21.252287616634383
314,10.115693092346191,12.75,-19.853164672851562,-0.030055159702897072,-0.04964258521795273,0.05318186432123184,0.07871473580598831,2.983880870932791,10.026012076235887,12.6018724395845,-19.694476325222897
315,13.096871376037598,12.75,-18.026296615600586,-0.0162230022251606,-0.02332950383424759,0.02692033350467682,0.03914276137948036,2.983880870932791,13.04846387002884,12.680387539780636,-17.94596954741685
316,15.755560874938965,12.75,-15.755560874938965,0.027376726269721985,0.029917219653725624,-0.023654475808143616,0.0469474121928215,2.983880870932791,15.837249764763952,12.839269419436246,-15.826143012814827
317,18.026296615600586,12.75,-13.096871376037598,0.02606026642024517,0.02572379633784294,-0.02055995725095272,0.04199479892849922,2.983880870932791,18.104057346063367,12.82675674382026,-13.15821983918591
318,19.853164672851562,12.75,-10.115693092346191,-0.0171198807656765,-0.015256649814546108,0.006132263224571943,0.023737318813800812,2.983880870932791,19.80208098812221,12.704475974463856,-10.097395149414867
319,21.19118309020996,12.75,-6.885433197021484,-0.03003564104437828,-0.025202961638569832,0.01029216218739748,0.040537115186452866,2.983880870932791,21.101560315451437,12.674797364875818,-6.854722611149971
320,22.007402420043945,12.75,-3.4856300354003906,0.005625882651656866,0.004611134994775057,0.0012000499991700053,0.00737246498465538,2.983880870932791,22.024189383670336,12.763759077504199,-3.4820492291637044
321,20.717235565185547,14.600000381469727,0.0,0.014791151508688927,0.011053994297981262,1.0636040936873314e-09,0.018465343862771988,2.983880870932791,20.76137059923139,14.632984183602874,3.173667909399436e-09
322,20.46217155456543,14.600000381469727,3.2408900260925293,0.0015081105520948768,0.0009724604897201061,-0.0024106954224407673,0.003005250357091427,2.983880870932791,20.46667157679308,14.60290208772274,3.233696798135863
323,19.703262329101562,14.600000381469727,6.401978015899658,-0.015251204371452332,-0.011987858451902866,-0.005477324593812227,0.020157109946012497,2.983880870932791,19.6577545521189,14.564230039951644,6.385634331820293
324,18.459192276000977,14.600000381469727,9.405427932739258,-0.005551286041736603,-0.0038460050709545612,0.0005862194811925292,0.0067788041196763515,2.983880870932791,18.442627899771963,14.588524360508995,9.407177141835357
325,16.760595321655273,14.600000381469727,12.177285194396973,0.015104413963854313,0.014332102611660957,0.012755880132317543,0.024418536573648453,2.983880870932791,16.80566509354867,14.642765668292908,12.215347221115707
326,14.649297714233398,14.600000381469727,14.649297714233398,0.011128023266792297,0.009453170001506805,0.005972471088171005,0.01577547937631607,2.983880870932791,14.682502409990475,14.628207514606899,14.66711885646559
327,12.177285194396973,14.600000381469727,16.760595321655273,-0.011018266901373863,-0.016496805474162102,-0.02061336487531662,0.028608698397874832,2.983880870932791,12.144407998559132,14.550775879183876,16.69908749651826
328,9.405427932739258,14.600000381469727,18.459192276000977,-0.014907187782227993,-0.01911107636988163,-0.020637961104512215,0.031833674758672714,2.983880870932791,9.360946660276465,14.542975206266702,18.397611058646167
329,6.401978015899658,14.600000381469727,19.703262329101562,0.0012695642653852701,0.015382659621536732,0.023137526586651802,0.027813361957669258,2.983880870932791,6.405766244425561,14.6459004052585,19.77230195208417
330,3.2408900260925293,14.600000381469727,20.46217155456543,0.00976298376917839,0.03221292048692703,0.0423927865922451,0.054130733013153076,2.983880870932791,3.270021606604608,14.696119898707547,20.588666579543567
331,0.0,14.600000381469727,20.717235565185547,0.009244311600923538,-0.007245898246765137,-0.0120755136013031,0.016845721751451492,2.983880870932791,0.02758392455093783,14.578379484298479,20.68120367114393
332,-3.2408900260925293,14.600000381469727,20.46217155456543,0.0095378952100873,-0.04474550485610962,-0.06092144176363945,0.0761876180768013,2.983880870932791,-3.2124300830261885,14.466485125469351,20.28038922985726
333,-6.401978015899658,14.600000381469727,19.703262329101562,-0.007965312339365482,-0.009255727753043175,-0.013694005087018013,0.018347764387726784,2.983880870932791,-6.425745559020096,14.57238239248086,19.662401049275953
334,-9.405427932739258,14.600000381469727,18.459192276000977,-0.0364592969417572,0.05073096975684166,0.06115984171628952,0.08742675930261612,2.983880870932791,-9.514218131451425,14.751375551691037,18.64168595776749
335,-12.177285194396973,14.600000381469727,16.760595321655273,-0.014475861564278603,0.03084411472082138,0.04053809493780136,0.05295514315366745,2.983880870932791,-12.220479440808894,14.692035545366043,16.881556167684238
336,-14.649297714233398,14.600000381469727,14.649297714233398,0.053069163113832474,-0.04623224213719368,-0.038747336715459824,0.08034371584653854,2.983880870932791,-14.49094565358162,14.462048878536221,14.533680277408546
337,-16.760595321655273,14.600000381469727,12.177285194396973,0.05124735087156296,-0.05126079544425011,-0.04916709288954735,0.08758632093667984,2.983880870932791,-16.607679331703636,14.44704427451483,12.030576446444476
338,-18.459192276000977,14.600000381469727,9.405427932739258,-0.04595440253615379,0.0317806750535965,0.00728037441149354,0.056345563381910324,2.983880870932791,-18.59631473866375,14.694830129827483,9.427151702678941
339,-19.703262329101562,14.600000381469727,6.401978015899658,-0.08339022845029831,0.06504622846841812,0.032578419893980026,0.11066298186779022,2.983880870932791,-19.952088836597124,14.794090578322963,6.499188139826521
340,-20.46217155456543,14.600000381469727,3.2408900260925293,0.017864711582660675,-0.011212971061468124,0.013900136575102806,0.02526049129664898,2.983880870932791,-20.408865383409196,14.566542211613088,3.2823663777223318
341,-20.717235565185547,14.600000381469727,0.0,0.09567712992429733,-0.06976448744535446,6.980980682413929e-09,0.11841113865375519,2.983880870932791,-20.431746407418686,14.391831461911103,2.0830414718606263e-08
342,-20.46217155456543,14.600000381469727,-3.2408900260925293,0.017864787951111794,-0.011213027872145176,-0.013900122605264187,0.0252605639398098,2.983880870932791,-20.408865155534837,14.566542042096795,-3.2823663360379975
343,-19.703262329101562,14.600000381469727,-6.401978015899658,-0.08339019864797592,0.06504621356725693,-0.03257842734456062,0.11066295206546783,2.983880870932791,-19.952088747670544,14.794090533859674,-6.499188162058166
344,-18.459192276000977,14.600000381469727,-9.405427932739258,-0.04595445841550827,0.031780727207660675,-0.00728041073307395,0.05634564161300659,2.983880870932791,-18.596314905401087,14.694830285449,-9.427151811058211
345,-16.760595321655273,14.600000381469727,-12.177285194396973,0.051247306168079376,-0.05126076191663742,0.049167074263095856,0.08758626133203506,2.983880870932791,-16.607679465093504,14.447044374557231,-12.030576502023589
346,-14.649297714233398,14.600000381469727,-14.649297714233398,0.05306918919086456,-0.046232275664806366,0.03874737396836281,0.08034376800060272,2.983880870932791,-14.490945575770864,14.46204877849382,-14.533680166250322
347,-12.177285194396973,14.600000381469727,-16.760595321655273,-0.014475822448730469,0.030844073742628098,-0.04053805023431778,0.05295507237315178,2.983880870932791,-12.220479324092759,14.692035423091994,-16.881556034294366
348,-9.405427932739258,14.600000381469727,-18.459192276000977,-0.0364592969417572,0.05073098465800285,-0.06115986779332161,0.08742678165435791,2.983880870932791,-9.514218131451425,14.751375596154325,-18.641686035578246
349,-6.401978015899658,14.600000381469727,-19.703262329101562,-0.00796533189713955,-0.009255686774849892,0.013693951070308685,0.018347712233662605,2.983880870932791,-6.425745617378164,14.572382514754906,-19.66240121045538
350,-3.2408900260925293,14.600000381469727,-20.46217155456543,0.009537885896861553,-0.04474550485610962,0.06092144176363945,0.0761876180768013,2.983880870932791,-3.2124301108157445,14.466485125469351,-20.28038922985726
351,-0.0,14.600000381469727,-20.717235565185547,0.009244310669600964,-0.007245930843055248,0.012075557373464108,0.016845766454935074,2.983880870932791,0.027583921771982215,14.578379387035032,-20.681203540533016
352,3.2408900260925293,14.600000381469727,-20.46217155456543,0.009762987494468689,0.03221290931105614,-0.04239276796579361,0.054130714386701584,2.983880870932791,3.2700216177204307,14.69611986536008,-20.588666523964452
353,6.401978015899658,14.600000381469727,-19.703262329101562,0.001269575790502131,0.015382680110633373,-0.02313755266368389,0.027813395485281944,2.983880870932791,6.405766278815137,14.645900466395524,-19.772302029894927
354,9.405427932739258,14.600000381469727,-18.459192276000977,-0.014907182194292545,-0.019111063331365585,0.020637940615415573,0.03183365240693092,2.983880870932791,9.3609466769502,14.54297524517208,-18.397611119783193
355,12.177285194396973,14.600000381469727,-16.760595321655273,-0.011018278077244759,-0.016496816650032997,0.020613374188542366,0.028608715161681175,2.983880870932791,12.144407965211665,14.550775845836407,-16.699087468728703
356,14.649297714233398,14.600000381469727,-14.649297714233398,0.011128011159598827,0.00945315696299076,-0.005972457118332386,0.01577545702457428,2.983880870932791,14.682502373864052,14.62820747570152,-14.667118814781256
357,16.760595321655273,14.600000381469727,-12.177285194396973,0.015104420483112335,0.014332108199596405,-0.012755881994962692,0.0244185458868742,2.983880870932791,16.805665113001357,14.64276568496664,-12.215347226673618
358,18.459192276000977,14.600000381469727,-9.405427932739258,-0.0055512734688818455,-0.003845994360744953,-0.0005862268153578043,0.006778788287192583,2.983880870932791,18.442627937287863,14.588524392466985,-9.407177163719632
359,19.703262329101562,14.600000381469727,-6.401978015899658,-0.015251207165420055,-0.011987860314548016,0.005477322731167078,0.020157111808657646,2.983880870932791,19.657754543782033,14.564230034393733,-6.385634337378203
360,20.46217155456543,14.600000381469727,-3.2408900260925293,0.0015080980956554413,0.0009724511182866991,0.002410697750747204,0.00300524290651083,2.983880870932791,20.466671539624546,14.602902059759499,-3.233696791188474
361,19.81792640686035,16.399999618530273,0.0,-5.2229745051590726e-05,0.0032218170817941427,1.6097472313458816e-11,0.0032222403679043055,2.983880870932791,19.817770559523197,16.409613136890282,4.803293970649998e-11
362,19.57393455505371,16.399999618530273,3.1002070903778076,-0.0006875651888549328,-4.923181404592469e-05,-0.00016815615526866168,0.0007095393957570195,2.983880870932791,19.571882942439167,16.3998527166621,3.0997053324427717
363,18.84796714782715,16.399999618530273,6.124075889587402,-0.0005372572341002524,-0.00374873005785048,-1.1878228178829886e-05,0.003787052119150758,2.983880870932791,18.846364036243546,16.388813854620363,6.124040446369559
364,17.657901763916016,16.399999618530273,8.997150421142578,0.0015309365699067712,-0.00024069467326626182,0.001000022399239242,0.0018443821463733912,2.983880870932791,17.662469896261573,16.39928141429898,9.000134368850173
365,16.033039093017578,16.399999618530273,11.648685455322266,0.0018078627763316035,0.005163024179637432,0.0010275030508637428,0.005566053092479706,2.983880870932791,16.038433540173145,16.415405467616058,11.651751402020563
366,14.013389587402344,16.399999618530273,14.013389587402344,-0.0012540711322799325,0.0016675610095262527,-0.0018531344830989838,0.002790620317682624,2.983880870932791,14.009647588539945,16.404975421927713,14.007860054866958
367,11.648685455322266,16.399999618530273,16.033039093017578,-0.0028201970271766186,-0.006971923168748617,-0.003532417817041278,0.008308982476592064,2.983880870932791,11.640270323360612,16.379196230353433,16.022498779065167
368,8.997150421142578,16.399999618530273,17.657901763916016,-0.00015554152196273208,-0.005009794607758522,0.001341983675956726,0.005188752897083759,2.983880870932791,8.996686303770558,16.38505098823288,17.661906083335808
369,6.124075889587402,16.399999618530273,18.84796714782715,0.0022734557278454304,0.007983018644154072,0.007123507093638182,0.010938077233731747,2.983880870932791,6.130859610644633,16.423819995154865,18.86922284437781
370,3.1002070903778076,16.399999618530273,19.57393455505371,0.0014882168034091592,0.010596539825201035,0.002498338231816888,0.010988318361341953,2.983880870932791,3.104647752029301,16.43161843101277,19.58138929871275
371,0.0,16.399999618530273,19.81792640686035,0.000668785534799099,-0.00606581149622798,-0.00875794142484665,0.010674403049051762,2.983880870932791,0.0019955763640435876,16.381899959639995,19.791793752974
372,-3.1002070903778076,16.399999618530273,19.57393455505371,0.00039253270369954407,-0.016906067728996277,-0.009001349098980427,0.01915707439184189,2.983880870932791,-3.099035819552023,16.349553926431028,19.547075601664677
373,-6.124075889587402,16.399999618530273,18.84796714782715,-0.003045352641493082,-0.00025389104848727584,0.0046790530905127525,0.005588575266301632,2.983880870932791,-6.133162859079598,16.39924203788739,18.861928884838008
374,-8.997150421142578,16.399999618530273,17.657901763916016,-0.0060162656009197235,0.02059146575629711,0.01244034431874752,0.02479851059615612,2.983880870932791,-9.015102240983614,16.461442099304957,17.695022269356542
375,-11.648685455322266,16.399999618530273,16.033039093017578,0.00012766076542902738,0.00965600460767746,0.002788088982924819,0.010051277466118336,2.983880870932791,-11.648304530806334,16.42881198596876,16.041358418400186
376,-14.013389587402344,16.399999618530273,14.013389587402344,0.009916041046380997,-0.019086768850684166,-0.00889531709253788,0.023275723680853844,2.983880870932791,-13.983801302208663,16.343046974068802,13.986847020889039
377,-16.033039093017578,16.399999618530273,11.648685455322266,0.006752343848347664,-0.018549632281064987,-0.006491701118648052,0.020780403167009354,2.983880870932791,-16.012890903374533,16.344649725603965,11.62931499253452
378,-17.657901763916016,16.399999618530273,8.997150421142578,-0.007939835079014301,0.012859792448580265,0.002562531502917409,0.015329116024076939,2.983880870932791,-17.68159328592665,16.43837170722176,9.004796709875295
379,-18.84796714782715,16.399999618530273,6.124075889587402,-0.011722258292138577,0.02406163327395916,0.004386553540825844,0.02712223120033741,2.983880870932791,-18.882944970109193,16.47179666577984,6.137164842787195
380,-19.57393455505371,16.399999618530273,3.1002070903778076,0.002728702500462532,-0.004421176854521036,0.0010029361583292484,0.00529136136174202,2.983880870932791,-19.565792431860114,16.386807353487058,3.1031997323954132
381,-19.81792640686035,16.399999618530273,0.0,0.013048263266682625,-0.025766650214791298,5.870079422543029e-10,0.02888212911784649,2.983880870932791,-19.778991943700003,16.32311500384634,1.7515617699782347e-09
382,-19.57393455505371,16.399999618530273,-3.1002070903778076,0.00272871321067214,-0.004421198274940252,-0.0010029341792687774,0.005291384179145098,2.983880870932791,-19.565792399902126,16.386807289571077,-3.1031997264901325
383,-18.84796714782715,16.399999618530273,-6.124075889587402,-0.011722253635525703,0.024061627686023712,-0.004386553540825844,0.027122223749756813,2.983880870932791,-18.882944956214416,16.471796649106107,-6.137164842787195
384,-17.657901763916016,16.399999618530273,-8.997150421142578,-0.007939843460917473,0.012859811075031757,-0.0025625366251915693,0.015329137444496155,2.983880870932791,-17.68159331093725,16.43837176280087,-9.004796725159553
385,-16.033039093017578,16.399999618530273,-11.648685455322266,0.00675233593210578,-0.018549619242548943,0.006491696462035179,0.02078038826584816,2.983880870932791,-16.012890926995656,16.344649764509345,-11.629315006429296
386,-14.013389587402344,16.399999618530273,-14.013389587402344,0.00991604384034872,-0.01908678002655506,0.008895321749150753,0.02327573485672474,2.983880870932791,-13.983801293871796,16.343046940721333,-13.98684700699426
387,-11.648685455322266,16.399999618530273,-16.033039093017578,0.0001276679104194045,0.009655987843871117,-0.002788079436868429,0.010051257908344269,2.983880870932791,-11.648304509486533,16.42881193594756,-16.041358389915892
388,-8.997150421142578,16.399999618530273,-17.657901763916016,-0.006016263738274574,0.02059146948158741,-0.01244034431874752,0.02479851245880127,2.983880870932791,-9.015102235425703,16.46144211042078,-17.695022269356542
389,-6.124075889587402,16.399999618530273,-18.84796714782715,-0.0030453552026301622,-0.0002538750122766942,-0.004679062403738499,0.0055885836482048035,2.983880870932791,-6.133162866721726,16.399242085737534,-18.861928912627565
390,-3.1002070903778076,16.399999618530273,-19.57393455505371,0.0003925308119505644,-0.01690606400370598,0.009001342579722404,0.01915706694126129,2.983880870932791,-3.0990358251967765,16.34955393754685,-19.547075621117365
391,-0.0,16.399999618530273,-19.81792640686035,0.0006687846034765244,-0.006065822672098875,0.008757946081459522,0.010674413293600082,2.983880870932791,0.0019955735850879725,16.381899926292526,-19.791793739079225
392,3.1002070903778076,16.399999618530273,-19.57393455505371,0.0014882159885019064,0.010596534237265587,-0.0024983312468975782,0.010988310910761356,2.983880870932791,3.104647749597715,16.431618414339034,-19.58138927787058
393,6.124075889587402,16.399999618530273,-18.84796714782715,0.002273456659168005,0.007983025163412094,-0.007123507093638182,0.010938082821667194,2.983880870932791,6.130859613423588,16.423820014607553,-18.86922284437781
394,8.997150421142578,16.399999618530273,-17.657901763916016,-0.00015553915000054985,-0.0050097880885005,-0.0013419880997389555,0.005188747774809599,2.983880870932791,8.99668631084821,16.38505100768557,-17.661906096535848
395,11.648685455322266,16.399999618530273,-16.033039093017578,-0.0028201963286846876,-0.006971925962716341,0.0035324161872267723,0.008308984339237213,2.983880870932791,11.640270325444828,16.379196222016564,-16.022498783928338
396,14.013389587402344,16.399999618530273,-14.013389587402344,-0.0012540731113404036,0.0016675560036674142,0.0018531362293288112,0.0027906193863600492,2.983880870932791,14.009647582634663,16.404975406990825,-14.007860049656417
397,16.033039093017578,16.399999618530273,-11.648685455322266,0.0018078614957630634,0.005163024645298719,-0.0010275018867105246,0.005566053092479706,2.983880870932791,16.03843353635208,16.415405469005535,-11.65175139854687
398,17.657901763916016,16.399999618530273,-8.997150421142578,0.0015309376176446676,-0.00024069103528745472,-0.0010000226320698857,0.0018443826120346785,2.983880870932791,17.662469899387897,16.399281425154275,-9.000134369544911
399,18.84796714782715,16.399999618530273,-6.124075889587402,-0.0005372562445700169,-0.00374873005785048,1.1877796168846544e-05,0.003787051886320114,2.983880870932791,18.846364039196185,16.388813854620363,-6.124040447658626
400,19.57393455505371,16.399999618530273,-3.1002070903778076,-0.0006875652470625937,-4.923460437566973e-05,0.00016815609706100076,0.0007095396285876632,2.983880870932791,19.571882942265482,16.399852708336088,-3.0997053326164568
401,18.918617248535156,18.200000762939453,0.0,-0.00942982081323862,-0.0018971697427332401,-6.272990460409744e-10,0.009618772193789482,2.983880870932791,18.89047978659421,18.194339834435198,-1.8717856238360515e-09
402,18.685697555541992,18.200000762939453,2.959523916244507,-0.0013080434873700142,-0.00032479705987498164,0.0013340091099962592,0.0018963257316499949,2.983880870932791,18.68179450960168,18.19903160720556,2.9635044405094746
403,17.992673873901367,18.200000762939453,5.8461737632751465,0.009323785081505775,0.001912370091304183,0.0034615681506693363,0.010127812623977661,2.983880870932791,18.02049493785076,18.20570704747304,5.856502670263359
404,16.856611251831055,18.200000762939453,8.588872909545898,0.004156081937253475,0.0010491522261872888,0.0002766797551885247,0.004295379854738712,2.983880870932791,16.869012505221654,18.20313130819787,8.58969848897478
405,15.305482864379883,18.200000762939453,11.120083808898926,-0.008533230051398277,-0.0019365472253412008,-0.007425614632666111,0.011476323008537292,2.983880870932791,15.280020722462247,18.1942223367181,11.097926659441594
406,13.377483367919922,18.200000762939453,13.377483367919922,-0.007360753137618303,-0.002083253115415573,-0.004805563483387232,0.0090340506285429,2.983880870932791,13.355519757436925,18.193784583819053,13.36314413896779
407,11.120083808898926,18.200000762939453,15.305482864379883,0.005456074140965939,0.0016575825866311789,0.010874138213694096,0.01227856706827879,2.983880870932791,11.136364084158545,18.204946791911695,15.337929997383604
408,8.588872909545898,18.200000762939453,16.856611251831055,0.008848180063068867,0.003432713681831956,0.013717323541641235,0.016680492088198662,2.983880870932791,8.615274824778659,18.21024357163006,16.897542111147352
409,5.8461737632751465,18.200000762939453,17.992673873901367,0.0002978965057991445,-0.0005526122404262424,-0.009816324338316917,0.009836378507316113,2.983880870932791,5.847062650960318,18.198351833846203,17.96338313148539
410,2.959523916244507,18.200000762939453,18.685697555541992,-0.004605206195265055,-0.004416912794113159,-0.02440524846315384,0.025225646793842316,2.983880870932791,2.9457825295717543,18.18682122134452,18.612875201502426
411,0.0,18.200000762939453,18.918617248535156,-0.0044324807822704315,-0.001213712734170258,0.0013585493434220552,0.004792247898876667,2.983880870932791,-0.013225994616993954,18.196379188729153,18.92267099793321
412,-2.959523916244507,18.200000762939453,18.685697555541992,-0.005665386561304331,0.004426249768584967,0.030116884037852287,0.030963122844696045,2.983880870932791,-2.9764287548312227,18.213208164953905,18.77556274971464
413,-5.8461737632751465,18.200000762939453,17.992673873901367,0.0015292231692001224,0.0027619667816907167,0.010894675739109516,0.011342881247401237,2.983880870932791,-5.841610743513183,18.20824214278549,18.025182288434312
414,-8.588872909545898,18.200000762939453,16.856611251831055,0.0168011374771595,-0.0038649041671305895,-0.02715996466577053,0.032169539481401443,2.983880870932791,-8.53874031681789,18.188468349327163,16.775569152809652
415,-11.120083808898926,18.200000762939453,15.305482864379883,0.009138092398643494,-0.0037824988830834627,-0.020374223589897156,0.022647758945822716,2.983880870932791,-11.092816829793797,18.188714236877896,15.24468860834988
416,-13.377483367919922,18.200000762939453,13.377483367919922,-0.023397080600261688,0.003405924653634429,0.01729065179824829,0.02929147146642208,2.983880870932791,-13.447297469158716,18.210163636361273,13.429076613066675
417,-15.305482864379883,18.200000762939453,11.120083808898926,-0.024851275607943535,0.004878068342804909,0.022815434262156487,0.03408702835440636,2.983880870932791,-15.379636110284704,18.21455633775465,11.1881623467558
418,-16.856611251831055,18.200000762939453,8.588872909545898,0.021429480984807014,-0.0027679933700710535,-0.004210229031741619,0.022013869136571884,2.983880870932791,-16.79266823344647,18.191741400471628,8.57631008767584
419,-17.992673873901367,18.200000762939453,5.8461737632751465,0.04042210429906845,-0.006278266664594412,-0.015581395477056503,0.043773770332336426,2.983880870932791,-17.872059130120526,18.181267163136354,5.799680735368719
420,-18.685697555541992,18.200000762939453,2.959523916244507,-0.008898142725229263,0.0011435003252699971,-0.005854831077158451,0.010712776333093643,2.983880870932791,-18.712248553406635,18.20341283168593,2.9420537977908308
421,-18.918617248535156,18.200000762939453,0.0,-0.04726983979344368,0.007004454731941223,-3.057397890415814e-09,0.047785982489585876,2.983880870932791,-19.05966481926687,18.220901221425407,-9.122911080042016e-09
422,-18.685697555541992,18.200000762939453,-2.959523916244507,-0.008898180909454823,0.0011435059132054448,0.0058548240922391415,0.010712805204093456,2.983880870932791,-18.712248667343815,18.203412848359665,-2.942053818632998
423,-17.992673873901367,18.200000762939453,-5.8461737632751465,0.040422093123197556,-0.006278264801949263,0.015581396408379078,0.04377376288175583,2.983880870932791,-17.872059163467995,18.181267168694266,-5.7996807325897635
424,-16.856611251831055,18.200000762939453,-8.588872909545898,0.021429508924484253,-0.0027679980266839266,0.004210245795547962,0.02201390080153942,2.983880870932791,-16.7926681500778,18.19174138657685,-8.576310037654638
425,-15.305482864379883,18.200000762939453,-11.120083808898926,-0.024851255118846893,0.004878065548837185,-0.02281542494893074,0.034087006002664566,2.983880870932791,-15.379636049147681,18.214556329417785,-11.188162318966244
426,-13.377483367919922,18.200000762939453,-13.377483367919922,-0.023397093638777733,0.003405928146094084,-0.017290670424699783,0.029291493818163872,2.983880870932791,-13.447297508064095,18.210163646782355,-13.429076668645786
427,-11.120083808898926,18.200000762939453,-15.305482864379883,0.009138074703514576,-0.003782495856285095,0.020374204963445663,0.022647734731435776,2.983880870932791,-11.092816882593954,18.1887142459095,-15.244688663928994
428,-8.588872909545898,18.200000762939453,-16.856611251831055,0.0168011412024498,-0.0038649069610983133,0.027159977704286575,0.03216955438256264,2.983880870932791,-8.538740305702067,18.188468340990298,-16.77556911390427
429,-5.8461737632751465,18.200000762939453,-17.992673873901367,0.001529232831671834,0.002761963289231062,-0.010894650593400002,0.011342857033014297,2.983880870932791,-5.841610714681519,18.208242132364408,-18.02518221340251
430,-2.959523916244507,18.200000762939453,-18.685697555541992,-0.00566538330167532,0.004426251631230116,-0.030116887763142586,0.030963126569986343,2.983880870932791,-2.976428745104878,18.213208170511816,-18.775562760830464
431,-0.0,18.200000762939453,-18.918617248535156,-0.0044324807822704315,-0.0012137088924646378,-0.0013585728593170643,0.004792253486812115,2.983880870932791,-0.013225994616993954,18.196379200192347,-18.92267106810184
432,2.959523916244507,18.200000762939453,-18.685697555541992,-0.004605208523571491,-0.004416912794113159,0.02440524287521839,0.025225641205906868,2.983880870932791,2.945782522624365,18.18682122134452,-18.61287521817616
433,5.8461737632751465,18.200000762939453,-17.992673873901367,0.00029789016116410494,-0.0005526156164705753,0.009816340170800686,0.009836394339799881,2.983880870932791,5.847062632028683,18.198351823772487,-17.963383084243144
434,8.588872909545898,18.200000762939453,-16.856611251831055,0.008848177269101143,0.0034327125176787376,-0.01371731422841549,0.016680480912327766,2.983880870932791,8.615274816441792,18.210243568156365,-16.8975420833578
435,11.120083808898926,18.200000762939453,-15.305482864379883,0.0054560815915465355,0.0016575849149376154,-0.010874144732952118,0.012278576381504536,2.983880870932791,11.13636410639019,18.204946798859083,-15.337930016836292
436,13.377483367919922,18.200000762939453,-13.377483367919922,-0.007360746618360281,-0.0020832514856010675,0.004805555567145348,0.00903404038399458,2.983880870932791,13.355519776889613,18.193784588682227,-13.363144162588913
437,15.305482864379883,18.200000762939453,-11.120083808898926,-0.00853323470801115,-0.001936548505909741,0.00742561649531126,0.011476327665150166,2.983880870932791,15.280020708567468,18.194222332897034,-11.097926653883684
438,16.856611251831055,18.200000762939453,-8.588872909545898,0.004156074021011591,0.0010491505963727832,-0.0002766752731986344,0.004295371472835541,2.983880870932791,16.86901248160053,18.203131303334697,-8.589698475601056
439,17.992673873901367,18.200000762939453,-5.8461737632751465,0.009323786944150925,0.0019123706733807921,-0.0034615674521774054,0.010127813555300236,2.983880870932791,18.02049494340867,18.205707049209888,-5.856502668179142
440,18.685697555541992,18.200000762939453,-2.959523916244507,-0.00130803557112813,-0.000324795488268137,-0.0013340105069801211,0.0018963209586218,2.983880870932791,18.681794533222803,18.199031611895045,-2.963504444677908
441,18.696672439575195,20.049999237060547,0.0,-0.007212822325527668,-0.0016936393221840262,-1.6174549199998722e-10,0.007408996112644672,2.983880870932791,18.675150237012616,20.04494561908482,-4.826292795383746e-10
442,18.46648406982422,20.049999237060547,2.9248039722442627,-0.00044282543240115047,-0.00023983189021237195,0.00033729217830114067,0.0006061185849830508,2.983880870932791,18.465162731487315,20.049283607271104,2.9258104119230106
443,17.781591415405273,20.049999237060547,5.777588844299316,0.007552937138825655,0.001743229920975864,0.0024181492626667023,0.008119923062622547,2.983880870932791,17.804128480053173,20.055200827475385,5.784804313627248
444,16.658857345581055,20.049999237060547,8.488110542297363,0.0017272424884140491,0.0007934314198791981,0.000288002920569852,0.0019224581774324179,2.983880870932791,16.664011231401695,20.052366741896723,8.488969908702824
445,15.125925064086914,20.049999237060547,10.989627838134766,-0.008162661455571651,-0.0018911442020907998,-0.00591851444914937,0.010258376598358154,2.983880870932791,15.101568654713734,20.044356288051752,10.97196769608561
446,13.22054386138916,20.049999237060547,13.22054386138916,-0.0041201235726475716,-0.0016809459775686264,-0.002967327833175659,0.005348460748791695,2.983880870932791,13.208249903474858,20.04498349451301,13.211689708629962
447,10.989627838134766,20.049999237060547,15.125925064086914,0.007239316124469042,0.0018653630977496505,0.010411804541945457,0.012817681767046452,2.983880870932791,11.011229095037205,20.055565258325267,15.156992648491515
448,8.488110542297363,20.049999237060547,16.658857345581055,0.00646628113463521,0.0030164767522364855,0.010222156532108784,0.012466130778193474,2.983880870932791,8.507405154881075,20.059000044339157,16.689359042916895
449,5.777588844299316,20.049999237060547,17.781591415405273,-0.0030133510008454323,-0.0010968156857416034,-0.012296544387936592,0.012707804329693317,2.983880870932791,5.768597363890487,20.046726469716923,17.744899991827534
450,2.9248039722442627,20.049999237060547,18.46648406982422,-0.0044765351340174675,-0.0042492724023759365,-0.021523524075746536,0.022391019389033318,2.983880870932791,2.9114465246898096,20.037319914423716,18.40226043805954
451,0.0,20.049999237060547,18.696672439575195,-0.0017576328245922923,-0.0004679122648667544,0.006720709148794413,0.006962480954825878,2.983880870932791,-0.00524456696342451,20.048603042604135,18.716726235043385
452,-2.9248039722442627,20.049999237060547,18.46648406982422,-0.004393687006086111,0.004707156214863062,0.03042299672961235,0.03109695389866829,2.983880870932791,-2.937914210854589,20.06404483044657,18.55726266780216
453,-5.777588844299316,20.049999237060547,17.781591415405273,0.0006413032533600926,0.00215897080488503,0.005376702640205622,0.0058293528854846954,2.983880870932791,-5.775675271789148,20.056441348746144,17.797634855562077
454,-8.488110542297363,20.049999237060547,16.658857345581055,0.01610422320663929,-0.004498242400586605,-0.030444880947470665,0.03473429009318352,2.983880870932791,-8.440057458729841,20.036577017608618,16.56801344770407
455,-10.989627838134766,20.049999237060547,15.125925064086914,0.009421181865036488,-0.0035978048108518124,-0.01691691018640995,0.019694790244102478,2.983880870932791,-10.961516153786105,20.039263816108097,15.075447019386397
456,-13.22054386138916,20.049999237060547,13.22054386138916,-0.02346724644303322,0.004055781289935112,0.021337544545531273,0.031975798308849335,2.983880870932791,-13.290567329143993,20.06210120526827,13.284212552391248
457,-15.125925064086914,20.049999237060547,10.989627838134766,-0.02555014379322529,0.005083094350993633,0.02099316008388996,0.033456843346357346,2.983880870932791,-15.2021636494011,20.06516658505962,11.052268926929514
458,-16.658857345581055,20.049999237060547,8.488110542297363,0.021224986761808395,-0.003169201547279954,-0.008114393800497055,0.022943131625652313,2.983880870932791,-16.595524513596693,20.04054271718749,8.463898157856844
459,-17.781591415405273,20.049999237060547,5.777588844299316,0.04089890792965889,-0.006651683710515499,-0.01451525092124939,0.0439051017165184,2.983880870932791,-17.659553946391924,20.030151405277245,5.7342770647386105
460,-18.46648406982422,20.049999237060547,2.9248039722442627,-0.008624390698969364,0.001264612888917327,-0.0016712223878130317,0.008875378407537937,2.983880870932791,-18.492218224254323,20.05377269126892,2.9198172437301926
461,-18.696672439575195,20.049999237060547,0.0,-0.047331273555755615,0.00740239629521966,-1.283011918928878e-09,0.047906626015901566,2.983880870932791,-18.8379033213351,20.072087105764915,-3.828354722070652e-09
462,-18.46648406982422,20.049999237060547,-2.9248039722442627,-0.008624428883194923,0.00126461882609874,0.0016712158685550094,0.008875415660440922,2.983880870932791,-18.492218338191503,20.053772708984763,-2.9198172631828823
463,-17.781591415405273,20.049999237060547,-5.777588844299316,0.040898893028497696,-0.00665168184787035,0.01451524905860424,0.04390509054064751,2.983880870932791,-17.659553990855212,20.030151410835156,-5.734277070296522
464,-16.658857345581055,20.049999237060547,-8.488110542297363,0.021225014701485634,-0.0031692064367234707,0.008114409632980824,0.02294316329061985,2.983880870932791,-16.595524430228025,20.04054270259797,-8.463898110614599
465,-15.125925064086914,20.049999237060547,-10.989627838134766,-0.025550123304128647,0.005083091091364622,-0.020993147045373917,0.033456820994615555,2.983880870932791,-15.202163588264078,20.06516657533328,-11.052268888024136
466,-13.22054386138916,20.049999237060547,-13.22054386138916,-0.023467261344194412,0.004055784549564123,-0.021337561309337616,0.031975820660591125,2.983880870932791,-13.290567373607283,20.062101214994616,-13.284212602412449
467,-10.989627838134766,20.049999237060547,-15.125925064086914,0.00942116416990757,-0.003597801085561514,0.01691688783466816,0.01969476230442524,2.983880870932791,-10.96151620658626,20.03926382722392,-15.075447086081333
468,-8.488110542297363,20.049999237060547,-16.658857345581055,0.01610422506928444,-0.004498244728893042,0.03044489026069641,0.03473430126905441,2.983880870932791,-8.44005745317193,20.03657701066123,-16.568013419914514
469,-5.777588844299316,20.049999237060547,-17.781591415405273,0.0006413118680939078,0.0021589670795947313,-0.005376676097512245,0.005829328205436468,2.983880870932791,-5.775675246083809,20.056441337630325,-17.797634776361843
470,-2.9248039722442627,20.049999237060547,-18.46648406982422,-0.004393685143440962,0.004707157611846924,-0.0304229948669672,0.03109695203602314,2.983880870932791,-2.9379142052966776,20.064044834615004,-18.55726266224425
471,-0.0,20.049999237060547,-18.696672439575195,-0.0017576321261003613,-0.0004679084522649646,-0.006720731500536203,0.006962502375245094,2.983880870932791,-0.005244564879207799,20.048603053980486,-18.71672630173832
472,2.9248039722442627,20.049999237060547,-18.46648406982422,-0.0044765351340174675,-0.0042492724023759365,0.02152351476252079,0.02239101007580757,2.983880870932791,2.9114465246898096,20.037319914423716,-18.402260465849093
473,5.777588844299316,20.049999237060547,-17.781591415405273,-0.0030133561231195927,-0.0010968188289552927,0.012296557426452637,0.012707818299531937,2.983880870932791,5.768597348606232,20.046726460337947,-17.744899952922154
474,8.488110542297363,20.049999237060547,-16.658857345581055,0.006466276478022337,0.0030164753552526236,-0.010222146287560463,0.012466118671000004,2.983880870932791,8.507405140986297,20.059000040170726,-16.689359012348383
475,10.989627838134766,20.049999237060547,-15.125925064086914,0.007239320315420628,0.0018653650768101215,-0.01041180919855833,0.0128176873549819,2.983880870932791,11.011229107542505,20.055565264230548,-15.156992662386294
476,13.22054386138916,20.049999237060547,-13.22054386138916,-0.004120117053389549,-0.0016809443477541208,0.0029673210810869932,0.0053484514355659485,2.983880870932791,13.208249922927546,20.04498349937618,-13.211689728777388
477,15.125925064086914,20.049999237060547,-10.989627838134766,-0.0081626633182168,-0.0018911451334133744,0.005918515846133232,0.010258378461003304,2.983880870932791,15.101568649155823,20.044356285272798,-10.971967691917175
478,16.658857345581055,20.049999237060547,-8.488110542297363,0.0017272359691560268,0.0007934299064800143,-0.0002879996027331799,0.00192245130892843,2.983880870932791,16.664011211949006,20.05236673738092,-8.488969898802795
479,17.781591415405273,20.049999237060547,-5.777588844299316,0.007552937604486942,0.0017432303866371512,-0.0024181492626667023,0.008119923993945122,2.983880870932791,17.80412848144265,20.055200828864862,-5.784804313627248
480,18.46648406982422,20.049999237060547,-2.9248039722442627,-0.000442819349700585,-0.00023983046412467957,-0.0003372931096237153,0.0006061140447854996,2.983880870932791,18.46516274963737,20.049283611526377,-2.9258104147019663
481,18.474727630615234,21.899999618530273,0.0,0.0007217071834020317,-0.0006119690951891243,-3.2839098194209493e-12,0.0009462385787628591,2.983880870932791,18.476881118874203,21.898173575653537,-9.798795692038526e-12
482,18.247272491455078,21.899999618530273,2.8900840282440186,0.0006186090176925063,-8.790930587565526e-05,0.00012278120266273618,0.0006367734167724848,2.983880870932791,18.249118347069558,21.899737307634094,2.890450392725954
483,17.57050895690918,21.899999618530273,5.709003925323486,-0.00031644204864278436,0.000617215468082577,-0.0003070452075917274,0.0007585296989418566,2.983880870932791,17.569564731533475,21.90184131595873,5.708087739002042
484,16.461101531982422,21.899999618530273,8.387350082397461,-0.0016483684303238988,0.0002639978192746639,-0.0010326516348868608,0.001962952548637986,2.983880870932791,16.45618299695493,21.900787356573176,8.384268772937785
485,14.946368217468262,21.899999618530273,10.859171867370605,-0.0009579979232512414,-0.0006802519783377647,-0.00025254872161895037,0.0012017835397273302,2.983880870932791,14.943509665790678,21.897969827664696,10.858418292071189
486,13.063604354858398,21.899999618530273,13.063604354858398,0.0016300220740959048,-0.0005643483600579202,0.0023960103280842304,0.002952342387288809,2.983880870932791,13.068468146544491,21.898315670254153,13.070753764242927
487,10.859171867370605,21.899999618530273,14.946368217468262,0.0023900228552520275,0.0007111962186172605,0.00275470782071352,0.0037156997714191675,2.983880870932791,10.866303410849484,21.902121743322486,14.954587937439499
488,8.387350082397461,21.899999618530273,16.461101531982422,0.0001259933487745002,0.0010963809909299016,-0.002166277961805463,0.002431190339848399,2.983880870932791,8.387726031540733,21.903271088796362,16.454637616611066
489,5.709003925323486,21.899999618530273,17.57050895690918,-0.0018224167870357633,-0.00038555526407435536,-0.006361483130604029,0.006628599017858505,2.983880870932791,5.703566050733784,21.898849167553113,17.55152704908501
490,2.8900840282440186,21.899999618530273,18.247272491455078,-0.0017104061553254724,-0.0015460934955626726,-0.0017217221902683377,0.0028775373939424753,2.983880870932791,2.8849803800356173,21.89538625972419,18.242135077546475
491,0.0,21.899999618530273,18.474727630615234,-0.0012259347131475806,-0.0002955661911983043,0.007190922275185585,0.007300660479813814,2.983880870932791,-0.003658043139573544,21.899117684226262,18.496184486036526
492,-2.8900840282440186,21.899999618530273,18.247272491455078,-7.11464454070665e-05,0.0015384790021926165,0.007091251201927662,0.00725657120347023,2.983880870932791,-2.890296320761504,21.90459025659525,18.26843194026749
493,-5.709003925323486,21.899999618530273,17.57050895690918,0.003228195710107684,0.0008608251227997243,-0.0031591258011758327,0.004598080180585384,2.983880870932791,-5.699371373896469,21.902568218147415,17.56108250186218
494,-8.387350082397461,21.899999618530273,16.461101531982422,0.004593432415276766,-0.0012783965794369578,-0.009052474051713943,0.0102313831448555,2.983880870932791,-8.373643827281594,21.896185035431426,16.434090027824897
495,-10.859171867370605,21.899999618530273,14.946368217468262,-0.0010581675451248884,-0.0011265999637544155,-0.002518271328881383,0.0029547649901360273,2.983880870932791,-10.862329313266745,21.896637978449235,14.938853995822194
496,-13.063604354858398,21.899999618530273,13.063604354858398,-0.007762623019516468,0.001172418356873095,0.006117463111877441,0.009952699765563011,2.983880870932791,-13.086767097194596,21.90349797523808,13.081858136016567
497,-14.946368217468262,21.899999618530273,10.859171867370605,-0.004104567691683769,0.001465935492888093,0.005329477600753307,0.006884749513119459,2.983880870932791,-14.958615758486925,21.904373795405522,10.875074393635558
498,-16.461101531982422,21.899999618530273,8.387350082397461,0.006891028489917517,-0.0010797185823321342,-0.0011901840334758162,0.007075917441397905,2.983880870932791,-16.440539523890305,21.89677786690646,8.383798715027083
499,-17.57050895690918,21.899999618530273,5.709003925323486,0.008744100108742714,-0.002083874074742198,-0.0039182319305837154,0.009805832989513874,2.983880870932791,-17.54441760386118,21.893781586541216,5.69731238801794
500,-18.247272491455078,21.899999618530273,2.8900840282440186,-0.0026672719977796078,0.0004849249089602381,-0.00211853114888072,0.0034405910409986973,2.983880870932791,-18.255231313346826,21.90144657668996,2.883762583674398
501,-18.474727630615234,21.899999618530273,0.0,-0.01047657709568739,0.0024453001096844673,-1.066304933239337e-09,0.010758167132735252,2.983880870932791,-18.505988488603908,21.90729610275125,-3.1817268928741246e-09
502,-18.247272491455078,21.899999618530273,-2.8900840282440186,-0.0026672803796827793,0.0004849268589168787,0.0021185295190662146,0.003440596628934145,2.983880870932791,-18.25523133835743,21.901446582508395,-2.8837625885375706
503,-17.57050895690918,21.899999618530273,-5.709003925323486,0.00874409545212984,-0.002083873376250267,0.003918232396245003,0.009805829264223576,2.983880870932791,-17.544417617755958,21.893781588625433,-5.697312386628462
504,-16.461101531982422,21.899999618530273,-8.387350082397461,0.006891034077852964,-0.0010797199793159962,0.001190188224427402,0.00707592349499464,2.983880870932791,-16.44053950721657,21.896777862738027,-8.383798702521782
505,-14.946368217468262,21.899999618530273,-10.859171867370605,-0.004104561172425747,0.0014659344451501966,-0.0053294748067855835,0.006884742993861437,2.983880870932791,-14.958615739034236,21.9043737922792,-10.87507438529869
506,-13.063604354858398,21.899999618530273,-13.063604354858398,-0.00776262441650033,0.0011724194046109915,-0.00611746683716774,0.00995270349085331,2.983880870932791,-13.08676710136303,21.903497978364403,-13.081858147132388
507,-10.859171867370605,21.899999618530273,-14.946368217468262,-0.0010581730166450143,-0.001126599032431841,0.002518264576792717,0.0029547610320150852,2.983880870932791,-10.86232932959311,21.89663798122819,-14.938854015969623
508,-8.387350082397461,21.899999618530273,-16.461101531982422,0.004593430086970329,-0.0012783973943442106,0.009052474051713943,0.010231382213532925,2.983880870932791,-8.373643834228982,21.89618503299984,-16.434090027824897
509,-5.709003925323486,21.899999618530273,-17.57050895690918,0.0032281975727528334,0.0008608239586465061,0.003159133018925786,0.004598086699843407,2.983880870932791,-5.699371368338557,21.90256821467372,-17.561082480325275
510,-2.8900840282440186,21.899999618530273,-18.247272491455078,-7.114424806786701e-05,0.0015384794678539038,-0.007091246545314789,0.007256566546857357,2.983880870932791,-2.890296314204905,21.904590257984726,-18.26843192637271
511,-0.0,21.899999618530273,-18.474727630615234,-0.0012259335489943624,-0.0002955648524221033,-0.0071909260004758835,0.007300663739442825,2.983880870932791,-0.003658039665879025,21.89911768822101,-18.49618449715235
512,2.8900840282440186,21.899999618530273,-18.247272491455078,-0.001710405689664185,-0.0015460933791473508,0.0017217161366716027,0.002877533435821533,2.983880870932791,2.884980381425095,21.89538626007156,-18.242135095609687
513,5.709003925323486,21.899999618530273,-17.57050895690918,-0.0018224177183583379,-0.0003855563991237432,0.006361482664942741,0.006628599017858505,2.983880870932791,5.703566047954828,21.89884916416626,-17.551527050474487
514,8.387350082397461,21.899999618530273,-16.461101531982422,0.00012599128240253776,0.0010963805252686143,0.0021662816870957613,0.002431193133816123,2.983880870932791,8.387726025374926,21.903271087406885,-16.454637605495243
515,10.859171867370605,21.899999618530273,-14.946368217468262,0.002390021923929453,0.0007111968589015305,-0.0027547054924070835,0.003715697443112731,2.983880870932791,10.866303408070529,21.902121745233018,-14.954587930492108
516,13.063604354858398,21.899999618530273,-13.063604354858398,0.0016300235874950886,-0.0005643477779813111,-0.002396011259406805,0.0029523440171033144,2.983880870932791,13.068468151060294,21.898315671991,-13.070753767021882
517,14.946368217468262,21.899999618530273,-10.859171867370605,-0.0009579963516443968,-0.0006802523275837302,0.00025254726642742753,0.0012017821427434683,2.983880870932791,14.943509670480166,21.89796982662259,-10.858418296413307
518,16.461101531982422,21.899999618530273,-8.387350082397461,-0.0016483686631545424,0.0002639972954057157,0.0010326514020562172,0.001962952548637986,2.983880870932791,16.45618299626019,21.900787355010014,-8.384268773632524
519,17.57050895690918,21.899999618530273,-5.709003925323486,-0.0003164430381730199,0.0006172155844978988,0.00030704561504535377,0.0007585303392261267,2.983880870932791,17.569564728580836,21.901841316306097,-5.708087737786249
520,18.247272491455078,21.899999618530273,-2.8900840282440186,0.000618608552031219,-8.790879655862227e-05,-0.00012278102803975344,0.0006367728929035366,2.983880870932791,18.24911834568008,21.899737309153835,-2.8904503922048996
521,18.89458656311035,23.700000762939453,0.0,0.0030257597099989653,-0.001025875797495246,8.04962208000859e-11,0.0031949402764439583,2.983880870932791,18.90361506962906,23.696939671771354,2.4019113342775854e-10
522,18.661962509155273,23.700000762939453,2.955764055252075,0.0004923936212435365,-3.300271782791242e-05,-0.00011777941836044192,0.0005073584616184235,2.983880870932791,18.66343175306267,23.699902286761038,2.95541261549864
523,17.969818115234375,23.700000762939453,5.838747978210449,-0.002962225116789341,0.0011264437343925238,-0.0010230123298242688,0.0033301962539553642,2.983880870932791,17.960979188372992,23.70336193685069,5.835695431288758
524,16.8351993560791,23.700000762939453,8.577962875366211,-0.0015739166410639882,0.00013870747352484614,-0.0005670857499353588,0.0016787017229944468,2.983880870932791,16.830502976321387,23.70041464951636,8.5762707590448
525,15.286041259765625,23.700000762939453,11.105958938598633,0.0025371513329446316,-0.0015137443551793694,0.0020274359267205,0.0035831627901643515,2.983880870932791,15.29361181709466,23.695483930114552,11.112008565877415
526,13.360489845275879,23.700000762939453,13.360489845275879,0.002686440944671631,-0.0006078769802115858,0.0023728669621050358,0.003635516157373786,2.983880870932791,13.368505865021575,23.69818693044632,13.367570197613373
527,11.105958938598633,23.700000762939453,15.286041259765625,-0.001168120768852532,0.0019966468680649996,-0.0021724055986851454,0.0031733973883092403,2.983880870932791,11.102473405381515,23.70595851933508,15.279559060255801
528,8.577962875366211,23.700000762939453,16.8351993560791,-0.0026819580234587193,0.0017836028710007668,-0.0050744349136948586,0.006010327022522688,2.983880870932791,8.569960232123368,23.705322821427572,16.820057846809334
529,5.838747978210449,23.700000762939453,17.969818115234375,-0.000443961878772825,-0.0018392136553302407,0.00014192743401508778,0.0018973540281876922,2.983880870932791,5.837423248852955,23.694512768495755,17.97024160978979
530,2.955764055252075,23.700000762939453,18.661962509155273,0.0008155311224982142,-0.0032148961909115314,0.006449041422456503,0.007251949980854988,2.983880870932791,2.9581975029681478,23.690407895693358,18.681205680491594
531,0.0,23.700000762939453,18.89458656311035,0.0003509255184326321,0.0006973966374062002,0.002945774467661977,0.0030474739614874125,2.983880870932791,0.0010471199415733035,23.70208171142526,18.90337640319449
532,-2.955764055252075,23.700000762939453,18.661962509155273,0.0012061935849487782,0.00404335418716073,-0.005201657768338919,0.006697825156152248,2.983880870932791,-2.9521649172873046,23.71206565015293,18.64644138204319
533,-5.838747978210449,23.700000762939453,17.969818115234375,0.0012995300348848104,0.0008499404066242278,-0.004344759974628687,0.004613904748111963,2.983880870932791,-5.834870335398154,23.702536883860212,17.956853869057287
534,-8.577962875366211,23.700000762939453,16.8351993560791,-0.0020095715299248695,-0.004145294427871704,0.0032778759486973286,0.005653876345604658,2.983880870932791,-8.583959197413124,23.687631698191744,16.84498014741971
535,-11.105958938598633,23.700000762939453,15.286041259765625,-0.0028386751655489206,-0.002299221232533455,0.003925921395421028,0.005362588446587324,2.983880870932791,-11.114429207123907,23.693140160685655,15.297755741518207
536,-13.360489845275879,23.700000762939453,13.360489845275879,0.0025218988303095102,0.0039004709105938673,-0.002285226248204708,0.005176476202905178,2.983880870932791,-13.352964799597691,23.711639303477202,13.353671002388108
537,-15.286041259765625,23.700000762939453,11.105958938598633,0.00445576710626483,0.0038416835013777018,-0.0033783342223614454,0.006784211844205856,2.983880870932791,-15.27274578153191,23.71146388885139,11.09587839173691
538,-16.8351993560791,23.700000762939453,8.577962875366211,-0.0029319999739527702,-0.003131772391498089,0.0012508340878412127,0.004468692000955343,2.983880870932791,-16.843948094714953,23.690655927208347,8.581695215273632
539,-17.969818115234375,23.700000762939453,5.838747978210449,-0.006955164950340986,-0.0054838829673826694,0.0024402637500315905,0.009187065996229649,2.983880870932791,-17.99057149888388,23.683637509454645,5.846029434534199
540,-18.661962509155273,23.700000762939453,2.955764055252075,0.0014759062323719263,0.0012666668044403195,0.00016593323380220681,0.0019519933266565204,2.983880870932791,-18.65755858078121,23.703780345787067,2.9562591802542695
541,-18.89458656311035,23.700000762939453,0.0,0.008425452746450901,0.006273274309933186,1.7823147124840233e-10,0.01050439104437828,2.983880870932791,-18.86944601583127,23.718719466150976,5.318214776563154e-10
542,-18.661962509155273,23.700000762939453,-2.955764055252075,0.0014759128680452704,0.00126667192671448,-0.00016593208420090377,0.0019520014757290483,2.983880870932791,-18.65755856098115,23.703780361071324,-2.956259176823996
543,-17.969818115234375,23.700000762939453,-5.838747978210449,-0.00695516262203455,-0.00548388110473752,-0.002440263284370303,0.00918706227093935,2.983880870932791,-17.99057149193649,23.683637515012556,-5.846029433144722
544,-16.8351993560791,23.700000762939453,-8.577962875366211,-0.0029320046305656433,-0.003131776349619031,-0.001250836648978293,0.0044686985202133656,2.983880870932791,-16.843948108609734,23.690655915397784,-8.581695222915759
545,-15.286041259765625,23.700000762939453,-11.105958938598633,0.004455764777958393,0.0038416804745793343,0.00337833259254694,0.006784208118915558,2.983880870932791,-15.272745788479298,23.711463879819785,-11.095878396600083
546,-13.360489845275879,23.700000762939453,-13.360489845275879,0.0025219018571078777,0.0039004734717309475,0.0022852292750030756,0.0051764813251793385,2.983880870932791,-13.352964790566086,23.71163931111933,-13.353670993356502
547,-11.105958938598633,23.700000762939453,-15.286041259765625,-0.0028386733029037714,-0.0022992177400738,-0.003925919067114592,0.005362584255635738,2.983880870932791,-11.114429201565995,23.693140171106737,-15.297755734570819
548,-8.577962875366211,23.700000762939453,-16.8351993560791,-0.0020095733925700188,-0.004145295824855566,-0.0032778794411569834,0.005653880070894957,2.983880870932791,-8.583959202971036,23.68763169402331,-16.844980157840794
549,-5.838747978210449,23.700000762939453,-17.969818115234375,0.0012995285214856267,0.0008499369723722339,0.0043447562493383884,0.00461390009149909,2.983880870932791,-5.834870339913957,23.702536873612814,-17.95685388017311
550,-2.955764055252075,23.700000762939453,-18.661962509155273,0.0012061939341947436,0.00404335418716073,0.00520166102796793,0.006697827484458685,2.983880870932791,-2.9521649162451964,23.71206565015293,-18.646441372316843
551,-0.0,23.700000762939453,-18.89458656311035,0.0003509257803671062,0.0006973997224122286,-0.0029457693453878164,0.0030474697705358267,2.983880870932791,0.0010471207231545702,23.702081720630552,-18.903376387910235
552,2.955764055252075,23.700000762939453,-18.661962509155273,0.0008155317045748234,-0.003214895026758313,-0.0064490423537790775,0.007251950912177563,2.983880870932791,2.9581975047049953,23.690407899167052,-18.68120568327055
553,5.838747978210449,23.700000762939453,-17.969818115234375,-0.0004439602780621499,-0.0018392157508060336,-0.00014193249808158726,0.001897356123663485,2.983880870932791,5.837423253629286,23.694512762243104,-17.970241624900364
554,8.577962875366211,23.700000762939453,-16.8351993560791,-0.0026819577906280756,0.0017836012411862612,0.005074433516710997,0.006010325159877539,2.983880870932791,8.569960232818106,23.7053228165644,-16.82005785097777
555,11.105958938598633,23.700000762939453,-15.286041259765625,-0.0011681232135742903,0.001996647799387574,0.0021724088583141565,0.003173401113599539,2.983880870932791,11.102473398086756,23.705958522114035,-15.279559050529457
556,13.360489845275879,23.700000762939453,-13.360489845275879,0.0026864393148571253,-0.0006078755250200629,-0.002372864866629243,0.003635513363406062,2.983880870932791,13.368505860158402,23.69818693478844,-13.367570191360722
557,15.286041259765625,23.700000762939453,-11.105958938598633,0.002537153195589781,-0.001513744588010013,-0.0020274368580430746,0.0035831646528095007,2.983880870932791,15.293611822652572,23.69548392941981,-11.112008568656371
558,16.8351993560791,23.700000762939453,-8.577962875366211,-0.0015739143127575517,0.00013870641123503447,0.0005670844693668187,0.0016786990454420447,2.983880870932791,16.830502983268776,23.700414646346612,-8.576270762865864
559,17.969818115234375,23.700000762939453,-5.838747978210449,-0.0029622260481119156,0.0011264438508078456,0.0010230124462395906,0.003330197185277939,2.983880870932791,17.960979185594034,23.703361937198057,-5.835695430941389
560,18.661962509155273,23.700000762939453,-2.955764055252075,0.0004923911183141172,-3.300184471299872e-05,0.00011777984036598355,0.0005073561333119869,2.983880870932791,18.663431745594227,23.69990228936631,-2.9554126142394255
561,19.31444549560547,25.5,0.0,0.002018894534558058,-0.0007303669699467719,1.4215539856365922e-10,0.00214694463647902,2.983880870932791,19.320469636387568,25.497820671969613,4.241747744739295e-10
562,19.07665252685547,25.5,3.0214450359344482,-0.00010747121996246278,0.00011310887930449098,-0.0003716280043590814,0.00040305216680280864,2.983880870932791,19.076331845538046,25.50033750342129,3.0203361422411383
563,18.369129180908203,25.5,5.968492031097412,-0.0023064822889864445,0.0008878597291186452,-0.0007184072746895254,0.0025737646501511335,2.983880870932791,18.362246912526953,25.502649267661788,5.966348389372927
564,17.20929718017578,25.5,8.768574714660645,7.11648681317456e-05,-0.0003270534798502922,0.0005616394919343293,0.0006538098677992821,2.983880870932791,17.209509527664483,25.499024111377704,8.770250579996988
565,15.625715255737305,25.5,11.35274600982666,0.0030781966634094715,-0.0015453152591362596,0.0022365415934473276,0.00410675210878253,2.983880870932791,15.634900227878221,25.495388963358703,11.359419583504392
566,13.65737533569336,25.5,13.65737533569336,0.0010477007599547505,9.170843986794353e-05,-1.7569058400113136e-05,0.0010518536437302828,2.983880870932791,13.66050154994945,25.500273647059426,13.65732291171608
567,11.35274600982666,25.5,15.625715255737305,-0.002942047780379653,0.0025730954948812723,-0.004625492263585329,0.006055711768567562,2.983880870932791,11.343967289733415,25.50767781042626,15.611913337853345
568,8.768574714660645,25.5,17.20929718017578,-0.002563266549259424,0.0012366143055260181,-0.0029949666932225227,0.00413150992244482,2.983880870932791,8.760926232637207,25.50368990977098,17.200360556350795
569,5.968492031097412,25.5,18.369129180908203,0.0007266608881764114,-0.0029500171076506376,0.005376994609832764,0.006175978574901819,2.983880870932791,5.970660300621296,25.491197500383556,18.38517349226759
570,3.0214450359344482,25.5,19.07665252685547,0.0018265984253957868,-0.0032779972534626722,0.007421345449984074,0.008316134102642536,2.983880870932791,3.0268953880348626,25.490218846700422,19.09879693758026
571,0.0,25.5,19.31444549560547,0.001473457901738584,0.0019141152733936906,-0.002642750972881913,0.0035803697537630796,2.983880870932791,0.004396622847122529,25.50571149194904,19.30655984153085
572,-3.0214450359344482,25.5,19.07665252685547,0.0015005181776359677,0.0048231082037091255,-0.009798361919820309,0.011023693718016148,2.983880870932791,-3.0169676684477134,25.514391580307485,19.04741538215644
573,-5.968492031097412,25.5,18.369129180908203,-0.0011971236672252417,3.564550934243016e-05,-0.0015789130702614784,0.0019817522261291742,2.983880870932791,-5.972064105508187,25.50010636195346,18.364417892400983
574,-8.768574714660645,25.5,17.20929718017578,-0.0052188970148563385,-0.005354940425604582,0.009090286679565907,0.011770538985729218,2.983880870932791,-8.784147281630643,25.484021495699054,17.236421512710233
575,-11.35274600982666,25.5,15.625715255737305,-0.0015481995651498437,-0.002133843256160617,0.0048621478490531445,0.005530884955078363,2.983880870932791,-11.357365652893497,25.493632865926372,15.640223325695741
576,-13.65737533569336,25.5,13.65737533569336,0.007913468405604362,0.005150883924216032,-0.006394254043698311,0.011403555050492287,2.983880870932791,-13.633762488695146,25.515369624009864,13.638295643368483
577,-15.625715255737305,25.5,11.35274600982666,0.0063947513699531555,0.004328806884586811,-0.006501749157905579,0.010094759054481983,2.983880870932791,-15.60663407945013,25.51291664405688,11.333345564886782
578,-17.20929718017578,25.5,8.768574714660645,-0.008135033771395683,-0.004083849489688873,0.00214482843875885,0.009351839311420918,2.983880870932791,-17.233571151830642,25.487814279627948,8.77497462721049
579,-18.369129180908203,25.5,5.968492031097412,-0.012445474974811077,-0.006485618185251951,0.005116406828165054,0.014937560074031353,2.983880870932791,-18.406264995615214,25.480647687960854,5.983758779559884
580,-19.07665252685547,25.5,3.0214450359344482,0.00366543373093009,0.0016281300922855735,0.001872585853561759,0.004426374100148678,2.983880870932791,-19.065715309262075,25.504858146237762,3.0270326090420707
581,-19.31444549560547,25.5,0.0,0.015514207072556019,0.0074806977063417435,1.050028286542215e-09,0.017223572358489037,2.983880870932791,-19.268152949893977,25.522321510787183,3.1331593181516507e-09
582,-19.07665252685547,25.5,-3.0214450359344482,0.00366544583812356,0.0016281360294669867,-0.0018725834088400006,0.004426385276019573,2.983880870932791,-19.065715273135652,25.504858163953603,-3.027032601747312
583,-18.369129180908203,25.5,-5.968492031097412,-0.01244546938687563,-0.006485615856945515,-0.005116406828165054,0.014937554486095905,2.983880870932791,-18.406264978941483,25.480647694908242,-5.983758779559884
584,-17.20929718017578,25.5,-8.768574714660645,-0.008135042153298855,-0.004083854146301746,-0.002144833793863654,0.009351849555969238,2.983880870932791,-17.23357117684124,25.48781426573317,-8.774974643189484
585,-15.625715255737305,25.5,-11.35274600982666,0.006394743919372559,0.004328803159296513,0.00650174543261528,0.010094749741256237,2.983880870932791,-15.606634101681776,25.512916632941057,-11.333345576002605
586,-13.65737533569336,25.5,-13.65737533569336,0.007913471199572086,0.005150886718183756,0.006394259165972471,0.011403561569750309,2.983880870932791,-13.633762480358278,25.51536963234673,-13.638295628084228
587,-11.35274600982666,25.5,-15.625715255737305,-0.001548193977214396,-0.0021338388323783875,-0.004862141329795122,0.005530876107513905,2.983880870932791,-11.357365636219763,25.493632879126412,-15.640223306243053
588,-8.768574714660645,25.5,-17.20929718017578,-0.0052188970148563385,-0.0053549413569271564,-0.00909028947353363,0.011770540848374367,2.983880870932791,-8.784147281630643,25.4840214929201,-17.2364215210471
589,-5.968492031097412,25.5,-18.369129180908203,-0.0011971265776082873,3.564118014764972e-05,0.0015789049211889505,0.001981747569516301,2.983880870932791,-5.972064114192423,25.50010634903566,-18.364417916716846
590,-3.0214450359344482,25.5,-19.07665252685547,0.0015005167806521058,0.004823107272386551,0.009798361919820309,0.011023693718016148,2.983880870932791,-3.016967672616147,25.51439157752853,-19.04741538215644
591,-0.0,25.5,-19.31444549560547,0.0014734576689079404,0.0019141187658533454,0.0026427586562931538,0.0035803774371743202,2.983880870932791,0.004396622152383625,25.505711502370122,-19.306559818604462
592,3.0214450359344482,25.5,-19.07665252685547,0.001826598891057074,-0.0032779951579868793,-0.007421341724693775,0.008316130377352238,2.983880870932791,3.0268953894243404,25.490218852953074,-19.098796926464438
593,5.968492031097412,25.5,-18.369129180908203,0.0007266630418598652,-0.002950018970295787,-0.0053769988007843494,0.006175983231514692,2.983880870932791,5.970660307047631,25.491197494825645,-18.385173504772894
594,8.768574714660645,25.5,-17.20929718017578,-0.0025632649194449186,0.0012366118608042598,0.0029949622694402933,0.004131505265831947,2.983880870932791,8.76092623750038,25.50368990247622,-17.20036056955083
595,11.35274600982666,25.5,-15.625715255737305,-0.0029420494101941586,0.0025730959605425596,0.004625493194907904,0.006055713165551424,2.983880870932791,11.343967284870242,25.507677811815736,-15.611913335074389
596,13.65737533569336,25.5,-13.65737533569336,0.0010476980824023485,9.171015699394047e-05,1.757190693751909e-05,0.0010518511990085244,2.983880870932791,13.660501541959952,25.500273652183125,-13.657322903216382
597,15.625715255737305,25.5,-11.35274600982666,0.003078196896240115,-0.001545315026305616,-0.0022365411277860403,0.00410675210878253,2.983880870932791,15.63490022857296,25.49538896405344,-11.359419582114915
598,17.20929718017578,25.5,-8.768574714660645,7.116709457477555e-05,-0.0003270544111728668,-0.0005616405396722257,0.0006538114976137877,2.983880870932791,17.209509534307923,25.499024108598746,-8.770250583123312
599,18.369129180908203,25.5,-5.968492031097412,-0.002306482056155801,0.0008878595544956625,0.0007184069254435599,0.00257376441732049,2.983880870932791,18.36224691322169,25.502649267140736,-5.966348390415035
600,19.07665252685547,25.5,-3.0214450359344482,-0.00010747295891633257,0.00011310951231280342,0.0003716282662935555,0.0004030530690215528,2.983880870932791,19.076331840349216,25.50033750531011,-3.020336141459557
601,20.293947219848633,27.299999237060547,0.0,0.0004345868364907801,0.0001045882745529525,-5.8148611793706895e-12,0.0004469948762562126,2.983880870932791,20.295243975196797,27.30031131601231,-1.735085304025389e-11
602,20.044095993041992,27.299999237060547,3.174673080444336,-0.00039767450653016567,0.00022918217291589826,-4.2048963223351166e-05,0.0004609095340128988,2.983880870932791,20.0429093796891,27.30068308936227,3.1745476113473314
603,19.300691604614258,27.299999237060547,6.271174907684326,-0.0006946385838091373,-2.11196493182797e-05,-0.0001434438891010359,0.000709609012119472,2.983880870932791,19.298618885831818,27.299936218542946,6.270746888207586
604,18.082040786743164,27.299999237060547,9.21325969696045,0.0011976707028225064,-0.0008503202116116881,0.0006114694988355041,0.0015910230576992035,2.983880870932791,18.085614493442993,27.29746198284695,9.215084249101183
605,16.418149948120117,27.299999237060547,11.928483009338379,0.0018867331091314554,-0.0006563005736097693,0.00108666205778718,0.0022740550339221954,2.983880870932791,16.42377973495301,27.29804091433337,11.93172547946578
606,14.349987983703613,27.299999237060547,14.349987983703613,-0.0008986011962406337,0.0012530408566817641,-0.0012235810281708837,0.001968437572941184,2.983880870932791,14.347306664783554,27.303738161703297,14.346336963679619
607,11.928483009338379,27.299999237060547,16.418149948120117,-0.0029987029265612364,0.002185636665672064,-0.0037717248778790236,0.005291042849421501,2.983880870932791,11.919535237038202,27.306520916498055,16.406895570406594
608,9.21325969696045,27.299999237060547,18.082040786743164,-0.0008756880415603518,-0.00033221396734006703,-0.0005201275344006717,0.0010713208466768265,2.983880870932791,9.210646748164333,27.299007950158344,18.08048878814282
609,6.271174907684326,27.299999237060547,19.300691604614258,0.0018248646520078182,-0.0034360403660684824,0.006083930842578411,0.007221545558422804,2.983880870932791,6.276620086411493,27.28974650194048,19.318845329475504
610,3.174673080444336,27.299999237060547,20.044095993041992,0.0013774551916867495,-0.0019500605994835496,0.0049872007220983505,0.0055292216129601,2.983880870932791,3.178783242641377,27.294180488540587,20.058977205876165
611,0.0,27.299999237060547,20.293947219848633,0.0005525722517631948,0.00303260306827724,-0.00484591955319047,0.005743253044784069,2.983880870932791,0.001648809771844455,27.30904816334511,20.279487573191787
612,-3.174673080444336,27.299999237060547,20.044095993041992,0.0010595477651804686,0.004140208940953016,-0.00864131934940815,0.009640350937843323,2.983880870932791,-3.171511516135974,27.31235312732112,20.01831132553567
613,-6.271174907684326,27.299999237060547,19.300691604614258,-0.0010489276610314846,-0.0011309096589684486,0.0008518549730069935,0.0017620620783418417,2.983880870932791,-6.274304782867071,27.296624737362396,19.303233438373024
614,-9.21325969696045,27.299999237060547,18.082040786743164,-0.004630603361874819,-0.005135053303092718,0.009050091728568077,0.01138926763087511,2.983880870932791,-9.227076865752824,27.28467684973823,18.109045182332224
615,-11.928483009338379,27.299999237060547,16.418149948120117,-0.0012025706237182021,-0.0012093227123841643,0.0029401176143437624,0.0033989599905908108,2.983880870932791,-11.932071336818437,27.296390762152278,16.42692290882785
616,-14.349987983703613,27.299999237060547,14.349987983703613,0.007272292394191027,0.005020354874432087,-0.006856023333966732,0.011184598319232464,2.983880870932791,-14.328288329540756,27.31497937793566,14.329530426826722
617,-16.418149948120117,27.299999237060547,11.928483009338379,0.005642520729452372,0.0035208864137530327,-0.005022602621465921,0.00833433959633112,2.983880870932791,-16.40131333845166,27.310505142679272,11.91349616145389
618,-18.082040786743164,27.299999237060547,9.21325969696045,-0.007438625209033489,-0.003922920674085617,0.0030425111763179302,0.008943116292357445,2.983880870932791,-18.104236758210437,27.288293709102955,9.222338187859064
619,-19.300691604614258,27.299999237060547,6.271174907684326,-0.011114268563687801,-0.005613153334707022,0.004187627229839563,0.013136615976691246,2.983880870932791,-19.333855257975856,27.2832502561995,6.2836702884700415
620,-20.044095993041992,27.299999237060547,3.174673080444336,0.0033335406333208084,0.0015475123655050993,0.000534512335434556,0.0037138916086405516,2.983880870932791,-20.034149104913748,27.30461682960551,3.176268001577317
621,-20.293947219848633,27.299999237060547,0.0,0.013868680223822594,0.0065500205382704735,4.633632921802189e-10,0.015337635762989521,2.983880870932791,-20.252564730223686,27.31954371804891,1.3826208638289968e-09
622,-20.044095993041992,27.299999237060547,-3.174673080444336,0.00333355157636106,0.0015475176041945815,-0.000534510356374085,0.003713903483003378,2.983880870932791,-20.03414907226102,27.304616845237135,-3.176267995672036
623,-19.300691604614258,27.299999237060547,-6.271174907684326,-0.011114263907074928,-0.005613151006400585,-0.004187626764178276,0.013136611320078373,2.983880870932791,-19.33385524408108,27.28325026314689,-6.283670287080564
624,-18.082040786743164,27.299999237060547,-9.21325969696045,-0.007438632193952799,-0.0039229243993759155,-0.003042515367269516,0.008943124674260616,2.983880870932791,-18.104236779052606,27.288293697987132,-9.222338200364364
625,-16.418149948120117,27.299999237060547,-11.928483009338379,0.005642514210194349,0.0035208824556320906,0.005022598430514336,0.008334331214427948,2.983880870932791,-16.401313357904353,27.31050513086871,-11.91349617395919
626,-14.349987983703613,27.299999237060547,-14.349987983703613,0.007272294722497463,0.005020356737077236,0.006856026593595743,0.011184602975845337,2.983880870932791,-14.328288322593368,27.31497938349357,-14.329530417100376
627,-11.928483009338379,27.299999237060547,-16.418149948120117,-0.0012025655014440417,-0.0012093184050172567,-0.0029401106294244528,0.0033989506773650646,2.983880870932791,-11.932071321534181,27.296390775004948,-16.426922887985683
628,-9.21325969696045,27.299999237060547,-18.082040786743164,-0.004630603361874819,-0.005135053303092718,-0.009050092659890652,0.011389268562197685,2.983880870932791,-9.227076865752824,27.28467684973823,-18.10904518511118
629,-6.271174907684326,27.299999237060547,-19.300691604614258,-0.0010489299893379211,-0.0011309136170893908,-0.000851862714625895,0.0017620697617530823,2.983880870932791,-6.274304789814459,27.296624725551837,-19.30323346147309
630,-3.174673080444336,27.299999237060547,-20.044095993041992,0.0010595467174425721,0.004140207078307867,0.008641316555440426,0.009640347212553024,2.983880870932791,-3.1715115192622996,27.31235312176321,-20.01831133387254
631,-0.0,27.299999237060547,-20.293947219848633,0.0005525718443095684,0.00303260562941432,0.004845925606787205,0.005743259098380804,2.983880870932791,0.0016488085560513734,27.30904817098724,-20.279487555128576
632,3.174673080444336,27.299999237060547,-20.044095993041992,0.0013774547260254622,-0.001950057689100504,-0.00498719559982419,0.0055292160250246525,2.983880870932791,3.1787832412518995,27.294180497224826,-20.058977190591907
633,6.271174907684326,27.299999237060547,-19.300691604614258,0.0018248658161610365,-0.0034360410645604134,-0.00608393270522356,0.007221547421067953,2.983880870932791,6.2766200898851885,27.289746499856264,-19.318845335033416
634,9.21325969696045,27.299999237060547,-18.082040786743164,-0.0008756857714615762,-0.0003322164120618254,0.0005201231688261032,0.0010713175870478153,2.983880870932791,9.210646754938036,27.299007942863586,-18.080488801169174
635,11.928483009338379,27.299999237060547,-16.418149948120117,-0.0029987029265612364,0.002185635734349489,0.0037717241793870926,0.005291042383760214,2.983880870932791,11.919535237038202,27.3065209137191,-16.40689557249081
636,14.349987983703613,27.299999237060547,-14.349987983703613,-0.0008986033499240875,0.0012530420208349824,0.0012235828908160329,0.001968440366908908,2.983880870932791,14.347306658357219,27.30373816517699,-14.346336958121707
637,16.418149948120117,27.299999237060547,-11.928483009338379,0.001886732061393559,-0.0006562995840795338,-0.0010866612428799272,0.0022740536369383335,2.983880870932791,16.423779731826684,27.29804091728601,-11.931725477034192
638,18.082040786743164,27.299999237060547,-9.21325969696045,0.001197671634145081,-0.0008503203862346709,-0.0006114698480814695,0.001591023989021778,2.983880870932791,18.085614496221947,27.297461982325895,-9.215084250143292
639,19.300691604614258,27.299999237060547,-6.271174907684326,-0.0006946379435248673,-2.1120074961800128e-05,0.0001434436853742227,0.000709608371835202,2.983880870932791,19.29861888774235,27.299936217272876,-6.270746888815482
640,20.044095993041992,27.299999237060547,-3.174673080444336,-0.00039767491398379207,0.00022918210015632212,4.2049003241118044e-05,0.0004609098541550338,2.983880870932791,20.042909378473308,27.300683089145164,-3.174547611227923
641,21.27345085144043,29.100000381469727,0.0,-0.0012042743619531393,0.0009068247163668275,-6.082159775822049e-11,0.001507517066784203,2.983880870932791,21.269857440208444,29.102706238394184,-1.8148440209032285e-10
642,21.011539459228516,29.100000381469727,3.3279008865356445,-0.00034783108276315033,0.00017893985204864293,0.00010871477570617571,0.0004059862403664738,2.983880870932791,21.010501572714343,29.1005343166713,3.3282252784752617
643,20.23225212097168,29.100000381469727,6.57385778427124,0.001223533065058291,-0.0010253643849864602,0.0004922371008433402,0.0016705396119505167,2.983880870932791,20.23590299787946,29.09694081629563,6.57532656114041
644,18.954782485961914,29.100000381469727,9.657943725585938,0.001450776937417686,-0.0009097370784729719,0.0005222174222581089,0.0017902754480019212,2.983880870932791,18.959111431513467,29.097285834403692,9.65950196016268
645,17.210582733154297,29.100000381469727,12.504220008850098,-0.00033444896689616144,0.0007767789647914469,-0.0006582060595974326,0.0010716700926423073,2.983880870932791,17.209584777279673,29.10231819736371,12.502256000379733
646,15.042600631713867,29.100000381469727,15.042600631713867,-0.0020337544847279787,0.0019243290880694985,-0.0020703289192169905,0.003482163418084383,2.983880870932791,15.036532150610714,29.105742350224997,15.036423016855277
647,12.504220008850098,29.100000381469727,17.210582733154297,-0.0013694831868633628,0.0005732823046855628,-0.0010840551694855094,0.001838290598243475,2.983880870932791,12.500133634165753,29.10171098757232,17.207348041671032
648,9.657943725585938,29.100000381469727,18.954782485961914,0.0006822362192906439,-0.0019688992761075497,0.002372666960582137,0.003157777478918433,2.983880870932791,9.659979437190136,29.094125420582955,18.961862241518688
649,6.57385778427124,29.100000381469727,20.23225212097168,0.0014422319363802671,-0.002258181106299162,0.003834881354123354,0.004678218625485897,2.983880870932791,6.578161232557654,29.093262238063538,20.243694950086546
650,3.3279008865356445,29.100000381469727,21.011539459228516,0.0007376587600447237,0.00048303708899766207,0.00019174999033566564,0.0009023487800732255,2.983880870932791,3.330101972399018,29.101441706599537,21.01211161835668
651,0.0,29.100000381469727,21.27345085144043,0.0003125634975731373,0.002729433123022318,-0.00431626895442605,0.005116412881761789,2.983880870932791,0.0009326522413603322,29.108144684754002,21.260571619073517
652,-3.3279008865356445,29.100000381469727,21.011539459228516,-8.276381777250208e-06,0.0013616048963740468,-0.0032278154976665974,0.0035032599698752165,2.983880870932791,-3.3279255822729104,29.104063248273786,21.001908042310127
653,-6.57385778427124,29.100000381469727,20.23225212097168,-0.0013481485657393932,-0.0017495992360636592,0.0021234380546957254,0.003063917625695467,2.983880870932791,-6.577880498987725,29.094779785777437,20.238588207163698
654,-9.657943725585938,29.100000381469727,18.954782485961914,-0.0019221850670874119,-0.0022905815858393908,0.004107984714210033,0.005081052891910076,2.983880870932791,-9.663679296838012,29.09316555889243,18.96704022296873
655,-12.504220008850098,29.100000381469727,17.210582733154297,0.0005876029608771205,0.00033528197673149407,0.00035350784310139716,0.0007633210625499487,2.983880870932791,-12.502466671615434,29.101000822946464,17.21163755844505
656,-15.042600631713867,29.100000381469727,15.042600631713867,0.003362474963068962,0.0022799354046583176,-0.0031329458579421043,0.0051302723586559296,2.983880870932791,-15.032567406992575,29.10680343711065,15.033252294498686
657,-17.210582733154297,29.100000381469727,12.504220008850098,0.0013887181412428617,0.0008607399649918079,-0.0017985262675210834,0.002429837128147483,2.983880870932791,-17.206438963657526,29.102568726986114,12.498853420724572
658,-18.954782485961914,29.100000381469727,9.657943725585938,-0.0035809590481221676,-0.0017588298069313169,0.001281030592508614,0.0041902014054358006,2.983880870932791,-18.9654676411652,29.0947522428536,9.661766168266004
659,-20.23225212097168,29.100000381469727,6.57385778427124,-0.0040043918415904045,-0.0018352399347350001,0.0017757469322532415,0.004749372601509094,2.983880870932791,-20.24420074918752,29.0945242441349,6.579156401574008
660,-21.011539459228516,29.100000381469727,3.3279008865356445,0.0016595016932114959,0.0006998255848884583,0.0005380163784138858,0.00187967112287879,2.983880870932791,-21.00658770387086,29.102088577645464,3.329506263315442
661,-21.27345085144043,29.100000381469727,0.0,0.005407392047345638,0.0022783768363296986,3.508223711534697e-10,0.005867783911526203,2.983880870932791,-21.25731583774872,29.106798786528426,1.046812162380122e-09
662,-21.011539459228516,29.100000381469727,-3.3279008865356445,0.0016595058841630816,0.0006998273311182857,-0.0005380155052989721,0.0018796751974150538,2.983880870932791,-21.00658769136556,29.102088582856005,-3.3295062607101715
663,-20.23225212097168,29.100000381469727,-6.57385778427124,-0.004004389513283968,-0.0018352388869971037,-0.0017757466994225979,0.00474936980754137,2.983880870932791,-20.24420074224013,29.094524247261223,-6.57915640087927
664,-18.954782485961914,29.100000381469727,-9.657943725585938,-0.003580961376428604,-0.0017588309710845351,-0.0012810323387384415,0.004190204665064812,2.983880870932791,-18.96546764811259,29.094752239379904,-9.661766173476545
665,-17.210582733154297,29.100000381469727,-12.504220008850098,0.0013887151144444942,0.0008607382187619805,0.0017985244048759341,0.0024298334028571844,2.983880870932791,-17.20643897268913,29.102568721775572,-12.498853426282482
666,-15.042600631713867,29.100000381469727,-15.042600631713867,0.0033624751958996058,0.0022799356374889612,0.003132946789264679,0.005130273289978504,2.983880870932791,-15.032567406297836,29.10680343780539,-15.03325229171973
667,-12.504220008850098,29.100000381469727,-17.210582733154297,0.0005876052309758961,0.00033528392668813467,-0.0003535047289915383,0.000763322226703167,2.983880870932791,-12.502466664841728,29.101000828764903,-17.21163754915292
668,-9.657943725585938,29.100000381469727,-18.954782485961914,-0.0019221841357648373,-0.002290580654516816,-0.004107983782887459,0.005081051494926214,2.983880870932791,-9.663679294059056,29.093165561671384,-18.967040220189773
669,-6.57385778427124,29.100000381469727,-20.23225212097168,-0.0013481492642313242,-0.0017496008658781648,-0.0021234413143247366,0.003063921118155122,2.983880870932791,-6.5778805010719426,29.094779780914266,-20.23858821689004
670,-3.3279008865356445,29.100000381469727,-21.011539459228516,-8.277257620648015e-06,0.0013616029173135757,0.0032278127036988735,0.0035032564774155617,2.983880870932791,-3.3279255848863225,29.104063242368504,-21.001908050646996
671,-0.0,29.100000381469727,-21.27345085144043,0.00031256297370418906,0.0027294333558529615,0.004316270351409912,0.005116413813084364,2.983880870932791,0.0009326506781977986,29.108144685448742,-21.260571614905082
672,3.3279008865356445,29.100000381469727,-21.011539459228516,0.0007376582361757755,0.00048303932999260724,-0.00019174625049345195,0.0009023487218655646,2.983880870932791,3.3301019708358552,29.1014417132864,-21.012111607197436
673,6.57385778427124,29.100000381469727,-20.23225212097168,0.001442232052795589,-0.0022581799421459436,-0.0038348801899701357,0.004678217228502035,2.983880870932791,6.578161232905023,29.093262241537232,-20.24369494661285
674,9.657943725585938,29.100000381469727,-18.954782485961914,0.0006822376744821668,-0.001968900440260768,-0.00237266905605793,0.0031577800400555134,2.983880870932791,9.659979441532254,29.09412541710926,-18.96186224777134
675,12.504220008850098,29.100000381469727,-17.210582733154297,-0.0013694817898795009,0.0005732805584557354,0.0010840529575943947,0.0018382878042757511,2.983880870932791,12.500133638334185,29.10171098236178,-17.207348048271054
676,15.042600631713867,29.100000381469727,-15.042600631713867,-0.002033754950389266,0.0019243289716541767,0.0020703289192169905,0.0034821636509150267,2.983880870932791,15.036532149221236,29.105742349877627,-15.036423016855277
677,17.210582733154297,29.100000381469727,-12.504220008850098,-0.00033445056760683656,0.0007767801871523261,0.0006582071073353291,0.0010716721881181002,2.983880870932791,17.20958477250334,29.10231820101109,-12.502255997253409
678,18.954782485961914,29.100000381469727,-9.657943725585938,0.0014507761225104332,-0.0009097362635657191,-0.0005222168401814997,0.001790274283848703,2.983880870932791,18.95911142908188,29.09728583683528,-9.659501958425833
679,20.23225212097168,29.100000381469727,-6.57385778427124,0.001223533763550222,-0.0010253647342324257,-0.0004922371590510011,0.0016705404268577695,2.983880870932791,20.235902999963677,29.09694081525352,-6.575326561314095
680,21.011539459228516,29.100000381469727,-3.3279008865356445,-0.0003478300350252539,0.00017893905169330537,-0.00010871495760511607,0.00040598504710942507,2.983880870932791,21.010501575840667,29.100534314283138,-3.3282252790180267
681,22.68235969543457,30.950000762939453,0.0,-0.001371672609820962,0.0009583835490047932,-3.2559011042820885e-11,0.00167331553529948,2.983880870932791,22.678266787772944,30.952860465278345,-9.715221022716274e-11
682,22.40310287475586,30.950000762939453,3.5483028888702393,-4.991330933989957e-05,-4.618618550011888e-05,9.45881984080188e-05,0.00011649648513412103,2.983880870932791,22.402953939386915,30.949862948864038,3.548585128786085
683,21.57220458984375,30.950000762939453,7.0092339515686035,0.001713505364023149,-0.0013024922227486968,0.0005282070487737656,0.002216210588812828,2.983880870932791,21.5773174857217,30.946114281311456,7.010810058477332
684,20.21013069152832,30.950000762939453,10.297575950622559,0.0008530634804628789,-0.0003683398535940796,0.00018869356426876038,0.0009481543675065041,2.983880870932791,20.212676131329363,30.948901680696313,10.298138989739448
685,18.350414276123047,30.950000762939453,13.332356452941895,-0.0015639661578461528,0.0017160740680992603,-0.0013005975633859634,0.0026612880174070597,2.983880870932791,18.345747587421865,30.95512132352436,13.328475624751725
686,16.038850784301758,30.950000762939453,16.038850784301758,-0.001954886829480529,0.0016012348933145404,-0.0016684260917827487,0.003028065664693713,2.983880870932791,16.033017634886434,30.954778657107486,16.033872399601922
687,13.332356452941895,30.950000762939453,18.350414276123047,0.00010247148748021573,-0.0010926860850304365,0.0007290943758562207,0.001317589427344501,2.983880870932791,13.332662215653203,30.946740317832397,18.352589806884268
688,10.297575950622559,30.950000762939453,20.21013069152832,0.0014928077580407262,-0.002582791494205594,0.0030494481325149536,0.004265960771590471,2.983880870932791,10.302030311135756,30.942294020806287,20.219229881477833
689,7.0092339515686035,30.950000762939453,21.57220458984375,0.0008094447548501194,-0.00047590272151865065,0.001465458539314568,0.0017404749523848295,2.983880870932791,7.011649238288678,30.94858072591229,21.576577343546354
690,3.5483028888702393,30.950000762939453,22.40310287475586,-6.936844147276133e-05,0.00223659654147923,-0.0022550742141902447,0.003176875179633498,2.983880870932791,3.5480959017046825,30.956674500575566,22.396374001945603
691,0.0,30.950000762939453,22.68235969543457,-7.877350435592234e-05,0.0015905780019238591,-0.002786888973787427,0.0032098121009767056,2.983880870932791,-0.00023505075278397756,30.95474685821312,22.674043950736273
692,-3.5483028888702393,30.950000762939453,22.40310287475586,-0.00032051056041382253,-0.0011185038601979613,0.00031321533606387675,0.0012049406068399549,2.983880870932791,-3.54925925420039,30.946663280666943,22.404037472005623
693,-7.0092339515686035,30.950000762939453,21.57220458984375,-0.0007784622721374035,-0.0015529744559898973,0.0021054930984973907,0.0027296217158436775,2.983880870932791,-7.011556790251177,30.945366872167178,21.578487130424236
694,-10.297575950622559,30.950000762939453,20.21013069152832,-0.00014735407603438944,0.0005003261612728238,0.0005566728068515658,0.0007628395105712116,2.983880870932791,-10.298015637631291,30.951493676601302,20.211791736868054
695,-13.332356452941895,30.950000762939453,18.350414276123047,0.0008270741091109812,0.001138408319093287,-0.0009964550845324993,0.001724223722703755,2.983880870932791,-13.329888562328874,30.953397637746107,18.347440972857566
696,-16.038850784301758,30.950000762939453,16.038850784301758,0.00033185200300067663,-0.0006086284993216395,-0.0004029284755233675,0.0008018140215426683,2.983880870932791,-16.037860577458023,30.948184688002822,16.03764849373129
697,-18.350414276123047,30.950000762939453,13.332356452941895,-0.0007080041104927659,-0.0012182797072455287,0.00046171536087058485,0.0014827866107225418,2.983880870932791,-18.352526876044887,30.94636556142556,13.333734156575012
698,-20.21013069152832,30.950000762939453,10.297575950622559,-0.0003029367362614721,0.0006832561339251697,0.0002030979230767116,0.0007745052571408451,2.983880870932791,-20.211034618660754,30.95203951784742,10.298181970630154
699,-21.57220458984375,30.950000762939453,7.0092339515686035,0.0005883630365133286,0.00164695899002254,-0.0001449942501494661,0.0017548983450978994,2.983880870932791,-21.570448984633934,30.954915092364992,7.008801305999187
700,-22.40310287475586,30.950000762939453,3.5483028888702393,0.00016812489775475115,-0.00029698433354496956,-3.04302666336298e-05,0.0003426246694289148,2.983880870932791,-22.40260121008952,30.94911459706762,3.5482120885797337
701,-22.68235969543457,30.950000762939453,0.0,-0.0004500667273532599,-0.0018579650204628706,3.377459336512123e-12,0.0019116993062198162,2.983880870932791,-22.683702640932964,30.944456816656032,1.0077936306571879e-11
702,-22.40310287475586,30.950000762939453,-3.5483028888702393,0.00016812449030112475,-0.00029698581784032285,3.0430228434852324e-05,0.00034262577537447214,2.983880870932791,-22.402601211305313,30.94911459263866,-3.5482120886937145
703,-21.57220458984375,30.950000762939453,-7.0092339515686035,0.0005883632693439722,0.0016469585243612528,0.00014499433746095747,0.0017548981122672558,2.983880870932791,-21.570448983939194,30.954915090975515,-7.00880130573866
704,-20.21013069152832,30.950000762939453,-10.297575950622559,-0.00030293615418486297,0.0006832573562860489,-0.00020309769024606794,0.0007745060138404369,2.983880870932791,-20.211034616923907,30.9520395214948,-10.298181969935415
705,-18.350414276123047,30.950000762939453,-13.332356452941895,-0.0007080043433234096,-0.0012182791251689196,-0.0004617155937012285,0.0014827863778918982,2.983880870932791,-18.352526876739628,30.946365563162406,-13.33373415726975
706,-16.038850784301758,30.950000762939453,-16.038850784301758,0.00033185139182023704,-0.0006086293724365532,0.00040292792255058885,0.0008018141961656511,2.983880870932791,-16.037860579281713,30.948184685397553,-16.037648495381294
707,-13.332356452941895,30.950000762939453,-18.350414276123047,0.0008270743419416249,0.0011384079698473215,0.0009964555501937866,0.0017242239555343986,2.983880870932791,-13.329888561634135,30.953397636703997,-18.34744097146809
708,-10.297575950622559,30.950000762939453,-20.21013069152832,-0.00014735334843862802,0.0005003272672183812,-0.0005566715844906867,0.000762839219532907,2.983880870932791,-10.298015635460233,30.95149367990131,-20.211791733220675
709,-7.0092339515686035,30.950000762939453,-21.57220458984375,-0.0007784621557220817,-0.0015529738739132881,-0.0021054933313280344,0.002729621483013034,2.983880870932791,-7.011556789903808,30.945366873904025,-21.578487131118976
710,-3.5483028888702393,30.950000762939453,-22.40310287475586,-0.000320510909659788,-0.0011185052571818233,-0.000313217518851161,0.001204942469485104,2.983880870932791,-3.5492592552424984,30.946663276498512,-22.404037478518802
711,-0.0,30.950000762939453,-22.68235969543457,-7.877375901443884e-05,0.0015905766049399972,0.0027868878096342087,0.0032098104711622,2.983880870932791,-0.00023505151265465355,30.954746854044686,-22.674043954209967
712,3.5483028888702393,30.950000762939453,-22.40310287475586,-6.936892896192148e-05,0.0022365974728018045,0.0022550763096660376,0.003176877275109291,2.983880870932791,3.5480959002500727,30.956674503354524,-22.396373995692954
713,7.0092339515686035,30.950000762939453,-21.57220458984375,0.0008094441145658493,-0.00047590056783519685,-0.0014654560945928097,0.001740471925586462,2.983880870932791,7.011649236378146,30.948580732338623,-21.576577336251596
714,10.297575950622559,30.950000762939453,-20.21013069152832,0.0014928082237020135,-0.0025827912613749504,-0.0030494483653455973,0.004265960771590471,2.983880870932791,10.302030312525234,30.942294021501024,-20.219229882172574
715,13.332356452941895,30.950000762939453,-18.350414276123047,0.0001024731172947213,-0.0010926879476755857,-0.0007290964713320136,0.0013175922213122249,2.983880870932791,13.332662220516376,30.946740312274486,-18.35258981313692
716,16.038850784301758,30.950000762939453,-16.038850784301758,-0.001954886130988598,0.0016012336127460003,0.0016684250440448523,0.003028063802048564,2.983880870932791,16.033017636970648,30.95477865328642,-16.033872402728246
717,18.350414276123047,30.950000762939453,-13.332356452941895,-0.001563967321999371,0.0017160747665911913,0.0013005982618778944,0.0026612896472215652,2.983880870932791,18.345747583948167,30.955121325608577,-13.328475622667508
718,20.21013069152832,30.950000762939453,-10.297575950622559,0.0008530619670636952,-0.00036833854392170906,-0.00018869276391342282,0.000948152388446033,2.983880870932791,20.212676126813562,30.948901684604216,-10.298138987351283
719,21.57220458984375,30.950000762939453,-7.0092339515686035,0.0017135055968537927,-0.0013024922227486968,-0.0005282069905661047,0.0022162108216434717,2.983880870932791,21.577317486416437,30.946114281311456,-7.010810058303647
720,22.40310287475586,30.950000762939453,-3.5483028888702393,-4.9912076065083966e-05,-4.618706225301139e-05,-9.458836575504392e-05,0.00011649643420241773,2.983880870932791,22.40295394306686,30.94986294624791,-3.5485851292854287
721,24.09126853942871,32.79999923706055,0.0,-0.0005468408926390111,0.0002970430359710008,-1.0689420702758579e-11,0.0006223098025657237,2.983880870932791,24.089636831349722,32.80088557809342,-3.189595795631427e-11
722,23.79466438293457,32.79999923706055,3.768704891204834,0.00033564656041562557,-0.0003319223178550601,0.00010569852020125836,0.0004837387823499739,2.983880870932791,23.79566591228559,32.79900882040566,3.7690202829973485
723,22.91215705871582,32.79999923706055,7.444611072540283,0.0011408040300011635,-0.0007809549570083618,0.000261696899542585,0.0014070570468902588,2.983880870932791,22.915561082038423,32.797668960503266,7.445391944912811
724,21.465476989746094,32.79999923706055,10.937207221984863,-0.00017377272888552397,0.000503316696267575,-0.0003386890748515725,0.0006310585886240005,2.983880870932791,21.46495847262448,32.80150107412256,10.93619661413322
725,19.490245819091797,32.79999923706055,14.160491943359375,-0.0017972949426621199,0.0017890037270262837,-0.001297132344916463,0.0028483953792601824,2.983880870932791,19.484882905092963,32.80533741105965,14.156621454968311
726,17.035099029541016,32.79999923706055,17.035099029541016,-0.0010128236608579755,0.00046233177999965847,-0.0005219543818384409,0.0012296336935833097,2.983880870932791,17.032076884393753,32.801378780014915,17.033541579845547
727,14.160491943359375,32.79999923706055,19.490245819091797,0.0010430403053760529,-0.0021328823640942574,0.0018817564705386758,0.0030295425094664097,2.983880870932791,14.163604251374199,32.793634970174374,19.49586075622799
728,10.937207221984863,32.79999923706055,21.465476989746094,0.0013990268344059587,-0.0019658473320305347,0.002275950973853469,0.003316893707960844,2.983880870932791,10.941381751393969,32.794133382811324,21.472268156320155
729,7.444611072540283,32.79999923706055,22.91215705871582,0.00018572637054603547,0.0011969811748713255,-0.0007657663663849235,0.0014330584090203047,2.983880870932791,7.445165257904583,32.80357088629111,22.90987210310356
730,3.768704891204834,32.79999923706055,23.79466438293457,-0.00042314486927352846,0.0026647045742720366,-0.0029208683408796787,0.003976326901465654,2.983880870932791,3.7674422773237755,32.8079503980664,23.785948859765707
731,0.0,32.79999923706055,24.09126853942871,-0.0003312733315397054,6.907404895173386e-05,-0.0007127785356715322,0.000789028825238347,2.983880870932791,-0.0009884801570315034,32.80020534579389,24.08914169319091
732,-3.768704891204834,32.79999923706055,23.79466438293457,-0.0004977153730578721,-0.0024081910960376263,0.002213376108556986,0.003308494808152318,2.983880870932791,-3.7701900145856704,32.79281348171553,23.80126883356507
733,-7.444611072540283,32.79999923706055,22.91215705871582,-0.00011929922038689256,-0.0006573860300704837,0.0010834105778485537,0.0012728578876703978,2.983880870932791,-7.444967047201913,32.7980376754606,22.91538982681443
734,-10.937207221984863,32.79999923706055,21.465476989746094,0.0009940684540197253,0.0022456885781139135,-0.0017047725850716233,0.002989571774378419,2.983880870932791,-10.934241040140517,32.80670010425085,21.46039015144021
735,-14.160491943359375,32.79999923706055,19.490245819091797,0.0004898944753222167,0.0009850056376308203,-0.0011138437548652291,0.0015655289171263576,2.983880870932791,-14.159030156605686,32.80293837654043,19.486922242018448
736,-17.035099029541016,32.79999923706055,17.035099029541016,-0.001741760759614408,-0.00258392421528697,0.0015173308784142137,0.003465932561084628,2.983880870932791,-17.04029623615337,32.79228911502261,17.039626564123992
737,-19.490245819091797,32.79999923706055,14.160491943359375,-0.0015168439131230116,-0.002031545154750347,0.0015077758580446243,0.0029498101212084293,2.983880870932791,-19.494771900628354,32.79393734833485,14.164990966899849
738,-21.465476989746094,32.79999923706055,10.937207221984863,0.002074562245979905,0.0024658453185111284,-0.0006605016533285379,0.0032894473988562822,2.983880870932791,-21.459286743144755,32.80735702573713,10.935236363736276
739,-22.91215705871582,32.79999923706055,7.444611072540283,0.0031927863601595163,0.0035842196084558964,-0.0012807392049580812,0.004967978224158287,2.983880870932791,-22.902630164570766,32.81069412138744,7.440789499325955
740,-23.79466438293457,32.79999923706055,3.768704891204834,-0.0009527490474283695,-0.0010519108036532998,-0.00036719071795232594,0.0014659727457910776,2.983880870932791,-23.797507272591993,32.7968604605356,3.767609237845552
741,-24.09126853942871,32.79999923706055,0.0,-0.0040253885090351105,-0.004339755978435278,-2.20922405369528e-10,0.005919225979596376,2.983880870932791,-24.103279819198892,32.78704992221198,-6.592061393425943e-10
742,-23.79466438293457,32.79999923706055,-3.768704891204834,-0.0009527521906420588,-0.0010519141796976328,0.00036719010677188635,0.0014659770531579852,2.983880870932791,-23.797507281970965,32.796860450461885,-3.7676092396692415
743,-22.91215705871582,32.79999923706055,-7.444611072540283,0.0031927849631756544,0.0035842182114720345,0.0012807392049580812,0.004967976361513138,2.983880870932791,-22.902630168739197,32.81069411721901,-7.440789499325955
744,-21.465476989746094,32.79999923706055,-10.937207221984863,0.0020745641086250544,0.002465847646817565,0.000660502933897078,0.0032894506584852934,2.983880870932791,-21.459286737586844,32.80735703268452,-10.935236359915212
745,-19.490245819091797,32.79999923706055,-14.160491943359375,-0.0015168421668931842,-0.0020315430592745543,-0.0015077748103067279,0.002949807094410062,2.983880870932791,-19.494771895417813,32.7939373545875,-14.164990963773523
746,-17.035099029541016,32.79999923706055,-17.035099029541016,-0.001741761458106339,-0.0025839253794401884,-0.00151733192615211,0.00346593395806849,2.983880870932791,-17.040296238237588,32.79228911154892,-17.039626567250316
747,-14.160491943359375,32.79999923706055,-19.490245819091797,0.0004898933693766594,0.0009850036585703492,0.0011138423578813672,0.0015655263559892774,2.983880870932791,-14.159030159905695,32.802938370635154,-19.48692224618688
748,-10.937207221984863,32.79999923706055,-21.465476989746094,0.000994068686850369,0.002245689043775201,0.0017047733999788761,0.0029895727057009935,2.983880870932791,-10.934241039445777,32.80670010564033,-21.46039014900862
749,-7.444611072540283,32.79999923706055,-22.91215705871582,-0.00011929860193049535,-0.0006573841674253345,-0.00108340906444937,0.0012728555593639612,2.983880870932791,-7.444967045356512,32.79803768101851,-22.915389822298625
750,-3.768704891204834,32.79999923706055,-23.79466438293457,-0.0004977153148502111,-0.00240819132886827,-0.0022133770398795605,0.0033084957394748926,2.983880870932791,-3.7701900144119858,32.792813481020794,-23.80126883634403
751,-0.0,32.79999923706055,-24.09126853942871,-0.00033127341885119677,6.907188799232244e-05,0.0007127763237804174,0.0007890266715548933,2.983880870932791,-0.0009884804175585922,32.800205339345844,-24.08914169979093
752,3.768704891204834,32.79999923706055,-23.79466438293457,-0.00042314521851949394,0.0026647041086107492,0.0029208683408796787,0.003976326435804367,2.983880870932791,3.767442276281667,32.80795039667693,-23.785948859765707
753,7.444611072540283,32.79999923706055,-22.91215705871582,0.00018572554108686745,0.0011969831539317966,0.00076576869469136,0.0014330612029880285,2.983880870932791,7.4451652554295755,32.80357089219639,-22.90987209615617
754,10.937207221984863,32.79999923706055,-21.465476989746094,0.0013990264851599932,-0.001965845935046673,-0.002275949576869607,0.003316891845315695,2.983880870932791,10.94138175035186,32.79413338697976,-21.472268152151724
755,14.160491943359375,32.79999923706055,-19.490245819091797,0.0010430414695292711,-0.002132883295416832,-0.001881757634691894,0.003029544372111559,2.983880870932791,14.163604254847893,32.79363496739542,-19.495860759701685
756,17.035099029541016,32.79999923706055,-17.035099029541016,-0.0010128223802894354,0.0004623300046660006,0.0005219529266469181,0.0012296312488615513,2.983880870932791,17.032076888214817,32.80137877471753,-17.033541584187667
757,19.490245819091797,32.79999923706055,-14.160491943359375,-0.0017972952919080853,0.00178900349419564,0.001297132228501141,0.0028483953792601824,2.983880870932791,19.484882904050856,32.805337410364906,-14.15662145531568
758,21.465476989746094,32.79999923706055,-10.937207221984863,-0.00017377405310980976,0.0005033177440054715,0.00033868965692818165,0.0006310601020231843,2.983880870932791,21.464958468673156,32.801501077248886,-10.936196612396373
759,22.91215705871582,32.79999923706055,-7.444611072540283,0.001140803680755198,-0.0007809545495547354,-0.00026169666671194136,0.0014070565812289715,2.983880870932791,22.915561080996316,32.79766896171906,-7.445391944218072
760,23.79466438293457,32.79999923706055,-3.768704891204834,0.00033564717159606516,-0.0003319226671010256,-0.00010569856385700405,0.0004837394808419049,2.983880870932791,23.79566591410928,32.79900881936356,-3.769020283127612
761,25.745634078979492,34.650001525878906,0.0,0.0003729735326487571,-0.0005386111442930996,4.215029714149665e-11,0.0006551421247422695,2.983880870932791,25.746746987568926,34.64839437438858,1.2577146534464494e-10
762,25.42866325378418,34.650001525878906,4.027504920959473,0.0006470149382948875,-0.0005898738163523376,1.904066084534861e-05,0.0008757522446103394,2.983880870932791,25.430593869281765,34.648241412682026,4.027561736023139
763,24.485553741455078,34.650001525878906,7.955838203430176,0.00035810511326417327,-8.58024759509135e-06,-5.157150735612959e-05,0.00036190127138979733,2.983880870932791,24.48662228445233,34.64997592344224,7.955684320195891
764,22.93952751159668,34.650001525878906,11.688273429870605,-0.0011378312483429909,0.0013965810649096966,-0.0006679916987195611,0.0019212785409763455,2.983880870932791,22.936132358700398,34.6541687574032,11.686280222218855
765,20.828655242919922,34.650001525878906,15.132904052734375,-0.0016850532265380025,0.0015133697306737304,-0.0009967376245185733,0.0024745056871324778,2.983880870932791,20.823627244830753,34.65451724086891,15.129929906403236
766,18.204912185668945,34.650001525878906,18.204912185668945,9.033107198774815e-05,-0.0008966466994024813,0.0005202101310715079,0.0010405544890090823,2.983880870932791,18.2051817228267,34.64732603894458,18.206464430727916
767,15.132904052734375,34.650001525878906,20.828655242919922,0.0017688253428786993,-0.0028925794176757336,0.0024741506204009056,0.004197282250970602,2.983880870932791,15.138182016839012,34.64137041348685,20.836037813627943
768,11.688273429870605,34.650001525878906,22.93952751159668,0.0010224474826827645,-0.0009644426754675806,0.0012454106472432613,0.0018779233796522021,2.983880870932791,11.691324291355716,34.647123743828466,22.943243668603444
769,7.955838203430176,34.650001525878906,24.485553741455078,-0.0005194395780563354,0.002785146003589034,-0.00246381270699203,0.0037546276580542326,2.983880870932791,7.954288257609608,34.65831206976177,24.478202017849124
770,4.027504920959473,34.650001525878906,25.42866325378418,-0.000655687355902046,0.0027043616864830256,-0.0029934626072645187,0.00408709142357111,2.983880870932791,4.025548428000884,34.658071018983286,25.41973111797251
771,0.0,34.650001525878906,25.745634078979492,-0.00033288460690528154,-0.0015158681198954582,0.0010983544634655118,0.0019013286801055074,2.983880870932791,-0.0009932880107726512,34.64547835599309,25.74891143785253
772,-4.027504920959473,34.650001525878906,25.42866325378418,-0.0005051363841630518,-0.0033783488906919956,0.003402608446776867,0.004821425769478083,2.983880870932791,-4.029012187753389,34.63992093524863,25.43881623203979
773,-7.955838203430176,34.650001525878906,24.485553741455078,0.0003088484809268266,0.0003568350221030414,2.3738504751236178e-05,0.00047252740478143096,2.983880870932791,-7.954916636355922,34.65106627907544,24.48562457432531
774,-11.688273429870605,34.650001525878906,22.93952751159668,0.001675269566476345,0.0036960584111511707,-0.0032962181139737368,0.0052280426025390625,2.983880870932791,-11.68327462505754,34.66103012386979,22.92969198941997
775,-15.132904052734375,34.650001525878906,20.828655242919922,0.00020374683663249016,0.0006511973915621638,-0.0009057270945049822,0.001133980811573565,2.983880870932791,-15.132296096446034,34.65194462131879,20.825952661168344
776,-18.204912185668945,34.650001525878906,18.204912185668945,-0.003100498579442501,-0.004272229969501495,0.0029734796844422817,0.006058599334210157,2.983880870932791,-18.214163704070497,34.63725370059669,18.21378469481946
777,-20.828655242919922,34.650001525878906,15.132904052734375,-0.0019673474598675966,-0.0025512094143778086,0.002017985563725233,0.003801498794928193,2.983880870932791,-20.8345255733719,34.6423890209096,15.138925481255793
778,-22.93952751159668,34.650001525878906,11.688273429870605,0.00371920270845294,0.004036322236061096,-0.0014702683547511697,0.005682081915438175,2.983880870932791,-22.928429853779807,34.66204543058801,11.683886324251725
779,-24.485553741455078,34.650001525878906,7.955838203430176,0.004912208765745163,0.005130224861204624,-0.001977670704945922,0.007372935768216848,2.983880870932791,-24.47089629568494,34.665309505705835,7.949937069644683
780,-25.42866325378418,34.650001525878906,4.027504920959473,-0.0017539331456646323,-0.001731781754642725,-0.0003813269140664488,0.0024941449519246817,2.983880870932791,-25.433896781346423,34.6448340954286,4.026367086875018
781,-25.745634078979492,34.650001525878906,0.0,-0.006464838981628418,-0.006398594006896019,-2.8692337394886636e-10,0.009095941670238972,2.983880870932791,-25.764924388350433,34.63090888362086,-8.561451669495181e-10
782,-25.42866325378418,34.650001525878906,-4.027504920959473,-0.0017539381515234709,-0.0017317868769168854,0.00038132595364004374,0.0024941519368439913,2.983880870932791,-25.43389679628331,34.64483408014434,-4.026367089740816
783,-24.485553741455078,34.650001525878906,-7.955838203430176,0.004912206437438726,0.0051302220672369,0.0019776702392846346,0.007372932508587837,2.983880870932791,-24.470896302632333,34.66530949736897,-7.949937071034161
784,-22.93952751159668,34.650001525878906,-11.688273429870605,0.0037192057352513075,0.004036325495690107,0.001470270217396319,0.005682086572051048,2.983880870932791,-22.9284298447482,34.66204544031435,-11.683886318693814
785,-20.828655242919922,34.650001525878906,-15.132904052734375,-0.001967344433069229,-0.00255120568908751,-0.002017983701080084,0.0038014936726540327,2.983880870932791,-20.834525564340293,34.64238903202542,-15.138925475697881
786,-18.204912185668945,34.650001525878906,-18.204912185668945,-0.003100499277934432,-0.004272231366485357,-0.0029734808485955,0.006058601196855307,2.983880870932791,-18.214163706154714,34.63725369642825,-18.213784698293153
787,-15.132904052734375,34.650001525878906,-20.828655242919922,0.00020374487212393433,0.0006511940737254918,0.0009057244169525802,0.0011339763877913356,2.983880870932791,-15.132296102307894,34.65194461141876,-20.82595266915784
788,-11.688273429870605,34.650001525878906,-22.93952751159668,0.0016752694500610232,0.0036960584111511707,0.0032962183468043804,0.0052280426025390625,2.983880870932791,-11.683274625404911,34.66103012386979,-22.92969198872523
789,-7.955838203430176,34.650001525878906,-24.485553741455078,0.00030884938314557076,0.00035683796158991754,-2.3735723516438156e-05,0.0004725300532300025,2.983880870932791,-7.954916633663808,34.65106628784652,-24.485624566026438
790,-4.027504920959473,34.650001525878906,-25.42866325378418,-0.0005051360931247473,-0.0033783481922000647,-0.0034026079811155796,0.004821424838155508,2.983880870932791,-4.029012186884965,34.63992093733285,-25.438816230650314
791,-0.0,34.650001525878906,-25.745634078979492,-0.00033288454869762063,-0.0015158706810325384,-0.0010983572574332356,0.001901332288980484,2.983880870932791,-0.0009932878370879253,34.64547834835096,-25.748911446189396
792,4.027504920959473,34.650001525878906,-25.42866325378418,-0.0006556874141097069,0.0027043598238378763,0.002993460977450013,0.004087089095264673,2.983880870932791,4.025548427827199,34.65807101342538,-25.41973112283568
793,7.955838203430176,34.650001525878906,-24.485553741455078,-0.0005194404511712492,0.0027851476334035397,0.002463814802467823,0.003754630219191313,2.983880870932791,7.954288255004337,34.658312074624945,-24.478202011596473
794,11.688273429870605,34.650001525878906,-22.93952751159668,0.001022446434944868,-0.0009644401725381613,-0.0012454084353521466,0.001877920120023191,2.983880870932791,11.69132428822939,34.64712375129691,-22.943243662003425
795,15.132904052734375,34.650001525878906,-20.828655242919922,0.0017688259249553084,-0.0028925794176757336,-0.0024741508532315493,0.004197282716631889,2.983880870932791,15.13818201857586,34.64137041348685,-20.836037814322683
796,18.204912185668945,34.650001525878906,-18.204912185668945,9.033270180225372e-05,-0.0008966486202552915,-0.0005202116444706917,0.0010405570501461625,2.983880870932791,18.205181727689872,34.64732603321298,-18.206464435243717
797,20.828655242919922,34.650001525878906,-15.132904052734375,-0.0016850525280460715,0.001513368566520512,0.0009967369260266423,0.002474504290148616,2.983880870932791,20.823627246914967,34.65451723739522,-15.129929908487451
798,22.93952751159668,34.650001525878906,-11.688273429870605,-0.0011378321796655655,0.0013965815305709839,0.0006679919897578657,0.001921279588714242,2.983880870932791,22.936132355921444,34.65416875879267,-11.686280221350431
799,24.485553741455078,34.650001525878906,-7.955838203430176,0.0003581042110454291,-8.57933900988428e-06,5.157178020454012e-05,0.00036190036917105317,2.983880870932791,24.486622281760216,34.64997592615335,-7.955684319381744
800,25.42866325378418,34.650001525878906,-4.027504920959473,0.0006470147636719048,-0.000589873525314033,-1.9040566257899627e-05,0.0008757518953643739,2.983880870932791,25.430593868760713,34.64824141355045,-4.0275617357409015
801,27.399999618530273,36.5,0.0,0.0012962997425347567,-0.0013609557645395398,8.845903176624148e-11,0.0018795195501297712,2.983880870932791,27.403867622535017,36.495939070128,2.6395121274852407e-10
802,27.062660217285156,36.5,4.286303997039795,0.0009050138760358095,-0.0008040372049435973,-5.834054172737524e-05,0.001211994094774127,2.983880870932791,27.065360670877787,36.49760084876465,4.286129915813334
803,26.058948516845703,36.5,8.467065811157227,-0.0004783636250067502,0.000794899882748723,-0.0003885918122250587,0.001005833619274199,2.983880870932791,26.057521136775694,36.50237188655444,8.465906299482127
804,24.4135799407959,36.5,12.439339637756348,-0.0019903560169041157,0.0021928343921899796,-0.0009742872789502144,0.0031175753101706505,2.983880870932791,24.40764095555071,36.50654315659598,12.436432480581894
805,22.16706657409668,36.5,16.105316162109375,-0.001417031278833747,0.0010971508454531431,-0.000583349377848208,0.0018846788443624973,2.983880870932791,22.162838321570256,36.503273767420275,16.103575517059742
806,19.374725341796875,36.5,19.374725341796875,0.0011221582535654306,-0.0021958870347589254,0.00155510229524225,0.002915390767157078,2.983880870932791,19.37807372834385,36.493447734682256,19.379365581787994
807,16.105316162109375,36.5,22.16706657409668,0.0022904747165739536,-0.003406715113669634,0.0028230822645127773,0.004982145968824625,2.983880870932791,16.112150665801515,36.489834767939605,22.175490315262827
808,12.439339637756348,36.5,24.4135799407959,0.0006390860653482378,0.00010730580834206194,9.281358506996185e-05,0.0006546448566950858,2.983880870932791,12.44124659444162,36.500320187748855,24.413856885476953
809,8.467065811157227,36.5,26.058948516845703,-0.0010700295679271221,0.004102760925889015,-0.0038541709072887897,0.005729942582547665,2.983880870932791,8.463872970398157,36.512242149844774,26.047448130002138
810,4.286303997039795,36.5,27.062660217285156,-0.0008749080589041114,0.002513507381081581,-0.002750569023191929,0.0038273767568171024,2.983880870932791,4.283693375619006,36.50750000659336,27.054452846992675
811,0.0,36.5,27.399999618530273,-0.0004119939112570137,-0.002900803694501519,0.002664736704900861,0.003960457164794207,2.983880870932791,-0.001229340750740585,36.491344347345645,27.4079508754101
812,-4.286303997039795,36.5,27.062660217285156,-0.0004291970981284976,-0.003991987090557814,0.0041274987161159515,0.005758160725235939,2.983880870932791,-4.2875846700507605,36.488088386083476,27.074976181748973
813,-8.467065811157227,36.5,26.058948516845703,0.0008029110613279045,0.0013028549728915095,-0.000938772747758776,0.0017953806091099977,2.983880870932791,-8.46467002020027,36.50388756403121,26.05614733080151
814,-12.439339637756348,36.5,24.4135799407959,0.0021223619114607573,0.004715750925242901,-0.0043753632344305515,0.006773959379643202,2.983880870932791,-12.433006762647544,36.51407123897791,24.4005243781373
815,-16.105316162109375,36.5,22.16706657409668,-0.0002498031535651535,0.00021325808484107256,-0.0006311935721896589,0.0007115377229638398,2.983880870932791,-16.106061544960795,36.50063633671993,22.16518316767077
816,-19.374725341796875,36.5,19.374725341796875,-0.004098220262676477,-0.005516700446605682,0.003979409579187632,0.007941353134810925,2.983880870932791,-19.386953942843544,36.48353882306671,19.38659942591782
817,-22.16706657409668,36.5,16.105316162109375,-0.0020288715604692698,-0.0027580775786191225,0.002350121270865202,0.004152876324951649,2.983880870932791,-22.173120485135545,36.49177022507261,16.112328644013882
818,-24.4135799407959,36.5,12.439339637756348,0.005006150342524052,0.005252096336334944,-0.0019822625909000635,0.0075216637924313545,2.983880870932791,-24.39864218455183,36.51567162979028,12.433424802330196
819,-26.058948516845703,36.5,8.467065811157227,0.005982775241136551,0.006168091669678688,-0.002517474815249443,0.008954140357673168,2.983880870932791,-26.041096628248585,36.518404850743316,8.45955396621295
820,-27.062660217285156,36.5,4.286303997039795,-0.0024017351679503918,-0.0022734568919986486,-0.0005513741634786129,0.0033527526538819075,2.983880870932791,-27.06982670890985,36.493216275469074,4.284658762220665
821,-27.399999618530273,36.5,0.0,-0.00813546497374773,-0.007866892963647842,-4.0859876593302147e-10,0.011316969059407711,2.983880870932791,-27.424274876841583,36.4765261285721,-1.2192100415542876e-09
822,-27.062660217285156,36.5,-4.286303997039795,-0.0024017414543777704,-0.0022734631784260273,0.0005513729411177337,0.0033527615014463663,2.983880870932791,-27.0698267276678,36.49321625671112,-4.284658765868044
823,-26.058948516845703,36.5,-8.467065811157227,0.0059827715158462524,0.00616808794438839,0.0025174743495881557,0.008954135701060295,2.983880870932791,-26.041096639364408,36.51840483962749,-8.459553967602426
824,-24.4135799407959,36.5,-12.439339637756348,0.005006153602153063,0.005252100061625242,0.0019822649192065,0.007521668914705515,2.983880870932791,-24.398642174825483,36.515671640906106,-12.433424795382805
825,-22.16706657409668,36.5,-16.105316162109375,-0.002028867369517684,-0.0027580726891756058,-0.002350118476897478,0.004152869805693626,2.983880870932791,-22.17312047263024,36.491770239662124,-16.112328635677017
826,-19.374725341796875,36.5,-19.374725341796875,-0.004098220728337765,-0.005516701377928257,-0.0039794109761714935,0.007941354997456074,2.983880870932791,-19.38695394423302,36.48353882028775,-19.386599430086253
827,-16.105316162109375,36.5,-22.16706657409668,-0.00024980571470223367,0.00021325382112991065,0.0006311900215223432,0.000711534230504185,2.983880870932791,-16.106061552602924,36.500636323997526,-22.165183178265536
828,-12.439339637756348,36.5,-24.4135799407959,0.0021223612129688263,0.0047157504595816135,0.0043753632344305515,0.006773959379643202,2.983880870932791,-12.43300676473176,36.51407123758844,-24.4005243781373
829,-8.467065811157227,36.5,-26.058948516845703,0.0008029121090658009,0.001302858698181808,0.0009387763566337526,0.0017953857313841581,2.983880870932791,-8.464670017073944,36.50388757514703,-26.05614732003306
830,-4.286303997039795,36.5,-27.062660217285156,-0.000429196486948058,-0.003991985227912664,-0.00412749731913209,0.0057581583969295025,2.983880870932791,-4.287584668227071,36.488088391641384,-27.07497617758054
831,-0.0,36.5,-27.399999618530273,-0.00041199364932253957,-0.002900806488469243,-0.0026647397316992283,0.003960461355745792,2.983880870932791,-0.0012293399691593182,36.491344339008776,-27.407950884441707
832,4.286303997039795,36.5,-27.062660217285156,-0.0008749078842811286,0.0025135043542832136,0.0027505659963935614,0.0038273727986961603,2.983880870932791,4.28369337614006,36.50749999756175,-27.05445285602428
833,8.467065811157227,36.5,-26.058948516845703,-0.001070030382834375,0.00410276185721159,0.003854172071442008,0.005729944445192814,2.983880870932791,8.46387296796657,36.51224215262373,-26.047448126528444
834,12.439339637756348,36.5,-24.4135799407959,0.0006390844937413931,0.00010730916983447969,-9.281055827159435e-05,0.0006546434597112238,2.983880870932791,12.441246589752133,36.500320197779146,-24.413856876445347
835,16.105316162109375,36.5,-22.16706657409668,0.00229047448374331,-0.0034067141823470592,-0.0028230815660208464,0.004982144571840763,2.983880870932791,16.112150665106775,36.48983477071856,-22.175490313178614
836,19.374725341796875,36.5,-19.374725341796875,0.001122159999795258,-0.0021958891302347183,-0.0015551036922261119,0.0029153935611248016,2.983880870932791,19.37807373355439,36.4934477284296,-19.379365585956425
837,22.16706657409668,36.5,-16.105316162109375,-0.0014170297654345632,0.001097148866392672,0.0005833481554873288,0.0018846761668100953,2.983880870932791,22.162838326086057,36.503273761515,-16.10357552070712
838,24.4135799407959,36.5,-12.439339637756348,-0.001990356482565403,0.002192834159359336,0.0009742871625348926,0.0031175753101706505,2.983880870932791,24.407640954161234,36.50654315590124,-12.436432480929264
839,26.058948516845703,36.5,-8.467065811157227,-0.0004783649928867817,0.000794901221524924,0.0003885921323671937,0.0010058353655040264,2.983880870932791,26.057521132694106,36.50237189054919,-8.46590629852686
840,27.062660217285156,36.5,-4.286303997039795,0.0009050130029208958,-0.0008040362154133618,5.83407781959977e-05,0.001211992697790265,2.983880870932791,27.06536066827252,36.497600851717294,-4.2861299151077406
