node_label,x,y,z,ux,uy,uz,umag,scale_factor,scaled_x,scaled_y,scaled_z
1,39.29999923706055,0.0,0.0,0.0,0.0,0.0,0.0,2.9943346454190283,39.29999923706055,0.0,0.0
2,38.8161506652832,0.0,6.147873878479004,0.0,0.0,0.0,0.0,2.9943346454190283,38.8161506652832,0.0,6.147873878479004
3,37.376522064208984,0.0,12.144368171691895,0.0,0.0,0.0,0.0,2.9943346454190283,37.376522064208984,0.0,12.144368171691895
4,35.01655578613281,0.0,17.841827392578125,0.0,0.0,0.0,0.0,2.9943346454190283,35.01655578613281,0.0,17.841827392578125
5,31.794368743896484,0.0,23.099960327148438,0.0,0.0,0.0,0.0,2.9943346454190283,31.794368743896484,0.0,23.099960327148438
6,27.789297103881836,0.0,27.789297103881836,0.0,0.0,0.0,0.0,2.9943346454190283,27.789297103881836,0.0,27.789297103881836
7,23.099960327148438,0.0,31.794368743896484,0.0,0.0,0.0,0.0,2.9943346454190283,23.099960327148438,0.0,31.794368743896484
8,17.841827392578125,0.0,35.01655578613281,0.0,0.0,0.0,0.0,2.9943346454190283,17.841827392578125,0.0,35.01655578613281
9,12.144368171691895,0.0,37.376522064208984,0.0,0.0,0.0,0.0,2.9943346454190283,12.144368171691895,0.0,37.376522064208984
10,6.147873878479004,0.0,38.8161506652832,0.0,0.0,0.0,0.0,2.9943346454190283,6.147873878479004,0.0,38.8161506652832
11,0.0,0.0,39.29999923706055,0.0,0.0,0.0,0.0,2.9943346454190283,0.0,0.0,39.29999923706055
12,-6.147873878479004,0.0,38.8161506652832,0.0,0.0,0.0,0.0,2.9943346454190283,-6.147873878479004,0.0,38.8161506652832
13,-12.144368171691895,0.0,37.376522064208984,0.0,0.0,0.0,0.0,2.9943346454190283,-12.144368171691895,0.0,37.376522064208984
14,-17.841827392578125,0.0,35.01655578613281,0.0,0.0,0.0,0.0,2.9943346454190283,-17.841827392578125,0.0,35.01655578613281
15,-23.099960327148438,0.0,31.794368743896484,0.0,0.0,0.0,0.0,2.9943346454190283,-23.099960327148438,0.0,31.794368743896484
16,-27.789297103881836,0.0,27.789297103881836,0.0,0.0,0.0,0.0,2.9943346454190283,-27.789297103881836,0.0,27.789297103881836
17,-31.794368743896484,0.0,23.099960327148438,0.0,0.0,0.0,0.0,2.9943346454190283,-31.794368743896484,0.0,23.099960327148438
18,-35.01655578613281,0.0,17.841827392578125,0.0,0.0,0.0,0.0,2.9943346454190283,-35.01655578613281,0.0,17.841827392578125
19,-37.376522064208984,0.0,12.144368171691895,0.0,0.0,0.0,0.0,2.9943346454190283,-37.376522064208984,0.0,12.144368171691895
20,-38.8161506652832,0.0,6.147873878479004,0.0,0.0,0.0,0.0,2.9943346454190283,-38.8161506652832,0.0,6.147873878479004
21,-39.29999923706055,0.0,0.0,0.0,0.0,0.0,0.0,2.9943346454190283,-39.29999923706055,0.0,0.0
22,-38.8161506652832,0.0,-6.147873878479004,0.0,0.0,0.0,0.0,2.9943346454190283,-38.8161506652832,0.0,-6.147873878479004
23,-37.376522064208984,0.0,-12.144368171691895,0.0,0.0,0.0,0.0,2.9943346454190283,-37.376522064208984,0.0,-12.144368171691895
24,-35.01655578613281,0.0,-17.841827392578125,0.0,0.0,0.0,0.0,2.9943346454190283,-35.01655578613281,0.0,-17.841827392578125
25,-31.794368743896484,0.0,-23.099960327148438,0.0,0.0,0.0,0.0,2.9943346454190283,-31.794368743896484,0.0,-23.099960327148438
26,-27.789297103881836,0.0,-27.789297103881836,0.0,0.0,0.0,0.0,2.9943346454190283,-27.789297103881836,0.0,-27.789297103881836
27,-23.099960327148438,0.0,-31.794368743896484,0.0,0.0,0.0,0.0,2.9943346454190283,-23.099960327148438,0.0,-31.794368743896484
28,-17.841827392578125,0.0,-35.01655578613281,0.0,0.0,0.0,0.0,2.9943346454190283,-17.841827392578125,0.0,-35.01655578613281
29,-12.144368171691895,0.0,-37.376522064208984,0.0,0.0,0.0,0.0,2.9943346454190283,-12.144368171691895,0.0,-37.376522064208984
30,-6.147873878479004,0.0,-38.8161506652832,0.0,0.0,0.0,0.0,2.9943346454190283,-6.147873878479004,0.0,-38.8161506652832
31,-0.0,0.0,-39.29999923706055,0.0,0.0,0.0,0.0,2.9943346454190283,0.0,0.0,-39.29999923706055
32,6.147873878479004,0.0,-38.8161506652832,0.0,0.0,0.0,0.0,2.9943346454190283,6.147873878479004,0.0,-38.8161506652832
33,12.144368171691895,0.0,-37.376522064208984,0.0,0.0,0.0,0.0,2.9943346454190283,12.144368171691895,0.0,-37.376522064208984
34,17.841827392578125,0.0,-35.01655578613281,0.0,0.0,0.0,0.0,2.9943346454190283,17.841827392578125,0.0,-35.01655578613281
35,23.099960327148438,0.0,-31.794368743896484,0.0,0.0,0.0,0.0,2.9943346454190283,23.099960327148438,0.0,-31.794368743896484
36,27.789297103881836,0.0,-27.789297103881836,0.0,0.0,0.0,0.0,2.9943346454190283,27.789297103881836,0.0,-27.789297103881836
37,31.794368743896484,0.0,-23.099960327148438,0.0,0.0,0.0,0.0,2.9943346454190283,31.794368743896484,0.0,-23.099960327148438
38,35.01655578613281,0.0,-17.841827392578125,0.0,0.0,0.0,0.0,2.9943346454190283,35.01655578613281,0.0,-17.841827392578125
39,37.376522064208984,0.0,-12.144368171691895,0.0,0.0,0.0,0.0,2.9943346454190283,37.376522064208984,0.0,-12.144368171691895
40,38.8161506652832,0.0,-6.147873878479004,0.0,0.0,0.0,0.0,2.9943346454190283,38.8161506652832,0.0,-6.147873878479004
41,36.85591506958008,1.5208330154418945,0.0,-0.02299841307103634,-0.0308412816375494,-3.002283310848952e-09,0.03847222030162811,2.9943346454190283,36.78705012453182,1.4284838973254548,-8.989840933038363e-09
42,36.402156829833984,1.5208330154418945,5.7655348777771,-0.004679100587964058,-0.006112550385296345,0.0011277933372184634,0.007780049461871386,2.9943346454190283,36.388146036834044,1.5025299940513324,5.768911868439606
43,35.05205535888672,1.5208330154418945,11.389103889465332,0.022028043866157532,0.03117259219288826,0.007660210132598877,0.03893127292394638,2.9943346454190283,35.11801469380597,1.6141741882325786,11.412041122056563
44,32.83885955810547,1.5208330154418945,16.732234954833984,0.014118452556431293,0.020268654450774193,0.004885360598564148,0.025179671123623848,2.9943346454190283,32.8811349297349,1.5815241496798742,16.74686335932963
45,29.817060470581055,1.5208330154418945,21.663362503051758,-0.018096763640642166,-0.030840804800391197,-0.014692113734781742,0.03865884616971016,2.9943346454190283,29.76287270424192,1.4284853251354777,21.619369397881265
46,26.061067581176758,1.5208330154418945,26.061067581176758,-0.02218320220708847,-0.03959598019719124,-0.018924199044704437,0.049173787236213684,2.9943346454190283,25.994643650261736,1.402269400118119,26.004402196340394
47,21.663362503051758,1.5208330154418945,29.817060470581055,0.00968538224697113,0.02597205340862274,0.01765074022114277,0.03286187723278999,2.9943346454190283,21.69236377866799,1.598602034776007,29.869912693542513
48,16.732234954833984,1.5208330154418945,32.83885955810547,0.023812150582671165,0.06514231860637665,0.04182390123605728,0.08099246025085449,2.9943346454190283,16.80353650230561,1.7158909169278926,32.96409431458318
49,11.389103889465332,1.5208330154418945,35.05205535888672,0.0013129343278706074,-0.01101398840546608,-0.010135111398994923,0.015025053173303604,2.9943346454190283,11.393035254210435,1.487853448375164,35.02170744368953
50,5.7655348777771,1.5208330154418945,36.402156829833984,-0.012219063006341457,-0.09388493001461029,-0.06856030225753784,0.11689396947622299,2.9943346454190283,5.728946914082654,1.2397101168164062,36.19686434148384
51,0.0,1.5208330154418945,36.85591506958008,-0.006439527962356806,-0.018639763817191124,-0.012489375658333302,0.02334294095635414,2.9943346454190283,-0.019282101677829584,1.4650193248616512,36.81851769934668
52,-5.7655348777771,1.5208330154418945,36.402156829833984,-0.014487383887171745,0.11816594004631042,0.08682437986135483,0.14734838902950287,2.9943346454190283,-5.808914953271944,1.8746613836310697,36.66213807851986
53,-11.389103889465332,1.5208330154418945,35.05205535888672,-0.006391908973455429,0.06279459595680237,0.04550899192690849,0.07781442999839783,2.9943346454190283,-11.408243403954915,1.7088610496604375,35.188324510091554
54,-16.732234954833984,1.5208330154418945,32.83885955810547,0.04697075113654137,-0.12826329469680786,-0.08363799005746841,0.16016565263271332,2.9943346454190283,-16.591588807384483,1.136769788395652,32.58841942680318
55,-21.663362503051758,1.5208330154418945,29.817060470581055,0.0427938774228096,-0.11466507613658905,-0.07286915183067322,0.1424405425786972,2.9943346454190283,-21.535223313272823,1.1774874053464952,29.598865844672172
56,-26.061067581176758,1.5208330154418945,26.061067581176758,-0.06707574427127838,0.11688415706157684,0.056565143167972565,0.14615292847156525,2.9943346454190283,-26.261914806115513,1.8708232964319733,26.230442549087705
57,-29.817060470581055,1.5208330154418945,21.663362503051758,-0.0938604548573494,0.16365209221839905,0.07651235163211823,0.2035827487707138,2.9943346454190283,-30.098110082395205,2.0108621449667567,21.892466088346293
58,-32.83885955810547,1.5208330154418945,16.732234954833984,0.059501174837350845,-0.08223960548639297,-0.018608134239912033,0.10319886356592178,2.9943346454190283,-32.66069312884685,1.2745801155083953,16.676515973792807
59,-35.05205535888672,1.5208330154418945,11.389103889465332,0.1388913244009018,-0.19882453978061676,-0.04909350723028183,0.24745135009288788,2.9943346454190283,-34.63616825428497,0.9254858076172999,11.242101499900569
60,-36.402156829833984,1.5208330154418945,5.7655348777771,-0.023748591542243958,0.029631929472088814,-0.008506032638251781,0.03891528397798538,2.9943346454190283,-36.47326806026883,1.6095609284707832,5.740064969553317
61,-36.85591506958008,1.5208330154418945,0.0,-0.15682408213615417,0.211619570851326,-2.0397132871607937e-08,0.26339444518089294,2.9943346454190283,-37.325498851956404,2.1544928280907265,-6.107584162467096e-08
62,-36.402156829833984,1.5208330154418945,-5.7655348777771,-0.0237490963190794,0.02963261865079403,0.008505946956574917,0.038916099816560745,2.9943346454190283,-36.4732695717396,1.6095629921024572,-5.740065226112931
63,-35.05205535888672,1.5208330154418945,-11.389103889465332,0.13889117538928986,-0.19882436096668243,0.04909349977970123,0.24745112657546997,2.9943346454190283,-34.6361687004756,0.9254863430460586,-11.2421015222101
64,-32.83885955810547,1.5208330154418945,-16.732234954833984,0.059501565992832184,-0.08224021643400192,0.018608354032039642,0.10319960862398148,2.9943346454190283,-32.66069195759644,1.2745782861268031,-16.676515315661625
65,-29.817060470581055,1.5208330154418945,-21.663362503051758,-0.09386023133993149,0.1636517494916916,-0.07651222497224808,0.20358231663703918,2.9943346454190283,-30.098109413109256,2.0108611187283025,-21.892465709084256
66,-26.061067581176758,1.5208330154418945,-26.061067581176758,-0.06707596778869629,0.11688461899757385,-0.05656540393829346,0.1461534947156906,2.9943346454190283,-26.261915475401462,1.870824679622933,-26.23044332992131
67,-21.663362503051758,1.5208330154418945,-29.817060470581055,0.04279367998242378,-0.11466466635465622,0.07286890596151352,0.1424400359392166,2.9943346454190283,-21.535223904475412,1.1774886323707339,-29.598866580886714
68,-16.732234954833984,1.5208330154418945,-32.83885955810547,0.046970825642347336,-0.12826359272003174,0.08363819867372513,0.16016602516174316,2.9943346454190283,-16.591588584289166,1.1367688960143876,-32.588418802136296
69,-11.389103889465332,1.5208330154418945,-35.05205535888672,-0.006391806062310934,0.06279417872428894,-0.045508697628974915,0.07781391590833664,2.9943346454190283,-11.40824309580451,1.7088598003266673,-35.18832362886506
70,-5.7655348777771,1.5208330154418945,-36.402156829833984,-0.014487374573946,0.11816607415676117,-0.08682447671890259,0.1473485380411148,2.9943346454190283,-5.808914925385029,1.8746617852026386,-36.66213836854377
71,-0.0,1.5208330154418945,-36.85591506958008,-0.006439526099711657,-0.01863940991461277,0.012489112094044685,0.023342514410614967,2.9943346454190283,-0.01928209610044668,1.4650203845644025,-36.81851848854636
72,5.7655348777771,1.5208330154418945,-36.402156829833984,-0.012219080701470375,-0.09388493746519089,0.06856029480695724,0.11689396947622299,2.9943346454190283,5.728946861097516,1.2397100945068744,-36.19686436379337
73,11.389103889465332,1.5208330154418945,-35.05205535888672,0.0013128682039678097,-0.011014251038432121,0.010135293938219547,0.015025362372398376,2.9943346454190283,11.393035056213343,1.4878526619641748,-35.021706897106
74,16.732234954833984,1.5208330154418945,-32.83885955810547,0.02381213754415512,0.06514225155115128,-0.0418238490819931,0.08099237829446793,2.9943346454190283,16.80353646326393,1.7158907161421082,-32.96409415841646
75,21.663362503051758,1.5208330154418945,-29.817060470581055,0.009685462340712547,0.02597222290933132,-0.01765083707869053,0.03286208584904671,2.9943346454190283,21.692364018495454,1.5986025423178511,-29.869912983566426
76,26.061067581176758,1.5208330154418945,-26.061067581176758,-0.02218315377831459,-0.03959588333964348,0.01892414316534996,0.049173664301633835,2.9943346454190283,25.994643795273692,1.40226969014203,-26.00440236366188
77,29.817060470581055,1.5208330154418945,-21.663362503051758,-0.01809682510793209,-0.030840901657938957,0.014692149125039577,0.03865896537899971,2.9943346454190283,29.762872520188285,1.4284850351115668,-21.61936929191099
78,32.83885955810547,1.5208330154418945,-16.732234954833984,0.014118384569883347,0.020268552005290985,-0.004885322879999876,0.025179540738463402,2.9943346454190283,32.88113472616042,1.5815238429238145,-16.746863246387626
79,35.05205535888672,1.5208330154418945,-11.389103889465332,0.02202807366847992,0.031172633171081543,-0.007660213857889175,0.03893132507801056,2.9943346454190283,35.11801478304409,1.6141743109350024,-11.412041133211329
80,36.402156829833984,1.5208330154418945,-5.7655348777771,-0.004679025616496801,-0.006112447939813137,-0.0011278060264885426,0.007779926061630249,2.9943346454190283,36.388146261323705,1.5025303008073918,-5.768911906435527
81,34.411827087402344,3.0416669845581055,0.0,-0.06924544274806976,-0.10023561120033264,-9.000960865535035e-09,0.12182819843292236,2.9943346454190283,34.204483059144415,2.741528021236198,-2.6951888961732398e-08
82,33.9881591796875,3.0416669845581055,5.383195877075195,-0.013325177133083344,-0.01847056671977043,0.0034735603258013725,0.02303883247077465,2.9943346454190283,33.948259140141566,2.986359926708573,5.393596879101695
83,32.72759246826172,3.0416669845581055,10.63383960723877,0.066718190908432,0.1021835133433342,0.02339213155210018,0.12425771355628967,2.9943346454190283,32.92736905877852,3.3476386187526885,10.703883477175422
84,30.661163330078125,3.0416669845581055,15.62264347076416,0.040480755269527435,0.06191689521074295,0.01389341987669468,0.07526899129152298,2.9943346454190283,30.7823762580544,3.2270668890244125,15.6642450192443
85,27.839752197265625,3.0416669845581055,20.226764678955078,-0.05583996698260307,-0.10369158536195755,-0.04560514912009239,0.12629282474517822,2.9943346454190283,27.67254864953056,2.7311796780703714,20.090207600935283
86,24.332836151123047,3.0416669845581055,24.332836151123047,-0.06417973339557648,-0.12287180870771408,-0.05504457652568817,0.14915235340595245,2.9943346454190283,24.140660551882917,2.6737476707992975,24.16801426858976
87,20.226764678955078,3.0416669845581055,27.839752197265625,0.03141730651259422,0.09207203984260559,0.056726813316345215,0.1126154437661171,2.9943346454190283,20.320838608311487,3.3173614833332206,28.009611259702975
88,15.62264347076416,3.0416669845581055,30.661163330078125,0.06935973465442657,0.2053377777338028,0.12314067035913467,0.24927493929862976,2.9943346454190283,15.83032972723698,3.656517006439783,31.029887705594607
89,10.63383960723877,3.0416669845581055,32.72759246826172,0.0017712467815726995,-0.04877413436770439,-0.03734514117240906,0.06145496666431427,2.9943346454190283,10.63914331284242,2.895620904220565,32.615768618211106
90,5.383195877075195,3.0416669845581055,33.9881591796875,-0.03531534969806671,-0.3001057207584381,-0.20378004014492035,0.3644680082798004,2.9943346454190283,5.277449901959185,2.1430500276026656,33.37797354543668
91,0.0,3.0416669845581055,34.411827087402344,-0.0190220195800066,-0.042661771178245544,-0.027682792395353317,0.05429733544588089,2.9943346454190283,-0.056958292254252876,2.913923365084146,34.328935543050996
92,-5.383195877075195,3.0416669845581055,33.9881591796875,-0.04440147429704666,0.3819742798805237,0.2599480450153351,0.4641646444797516,2.9943346454190283,-5.516148749870524,4.185425804463343,34.766530616885866
93,-10.63383960723877,3.0416669845581055,32.72759246826172,-0.01643528789281845,0.1837686449289322,0.12600821256637573,0.22342583537101746,2.9943346454190283,-10.683052359183671,3.591931804810515,33.10490322475654
94,-15.62264347076416,3.0416669845581055,30.661163330078125,0.1420092135667801,-0.4173668920993805,-0.25146254897117615,0.5075383186340332,2.9943346454190283,-15.19742036261244,1.7919308396940652,29.908200307668352
95,-20.226764678955078,3.0416669845581055,27.839752197265625,0.1231086403131485,-0.35335850715637207,-0.21000051498413086,0.4290899336338043,2.9943346454190283,-19.85813621211499,1.983593364326233,27.210940379692804
96,-24.332836151123047,3.0416669845581055,24.332836151123047,-0.20219235122203827,0.38074541091918945,0.17023079097270966,0.4634946882724762,2.9943346454190283,-24.93826771342593,4.181746159557739,24.842564106249718
97,-27.839752197265625,3.0416669845581055,20.226764678955078,-0.275055468082428,0.5148319005966187,0.22392447292804718,0.625179648399353,2.9943346454190283,-28.663360314756787,4.583245981081486,20.897269486200724
98,-30.661163330078125,3.0416669845581055,15.62264347076416,0.17883172631263733,-0.26727333664894104,-0.056111663579940796,0.3264419436454773,2.9943346454190283,-30.125681296280103,2.241361172833438,15.454626372494646
99,-32.72759246826172,3.0416669845581055,10.63383960723877,0.40944841504096985,-0.6302628517150879,-0.14449802041053772,0.7653489112854004,2.9943346454190283,-31.50156689359263,1.1544490919470223,10.20116417852903
100,-33.9881591796875,3.0416669845581055,5.383195877075195,-0.07124500721693039,0.09610573202371597,-0.025158913806080818,0.12225028872489929,2.9943346454190283,-34.201490573110284,3.3294397075800752,5.307861669824536
101,-34.411827087402344,3.0416669845581055,0.0,-0.4629251956939697,0.6720027923583984,-6.055038426211468e-08,0.8160192966461182,2.9943346454190283,-35.79798003910618,5.053868227535187,-1.8130811338948506e-07
102,-33.9881591796875,3.0416669845581055,-5.383195877075195,-0.07124649733304977,0.09610792249441147,0.025158660486340523,0.12225282937288284,2.9943346454190283,-34.201495035016606,3.3294462665823685,-5.307862428348611
103,-32.72759246826172,3.0416669845581055,-10.63383960723877,0.40944796800613403,-0.6302621960639954,0.14449799060821533,0.7653481364250183,2.9943346454190283,-31.50156823216453,1.1544510551858038,-10.201164267767156
104,-30.661163330078125,3.0416669845581055,-15.62264347076416,0.17883287370204926,-0.26727527379989624,0.05611231178045273,0.32644426822662354,2.9943346454190283,-30.125677860612235,2.2413553723552195,-15.454624431565396
105,-27.839752197265625,3.0416669845581055,-20.226764678955078,-0.27505481243133545,0.5148308277130127,-0.22392410039901733,0.625178337097168,2.9943346454190283,-28.663358351518006,4.583242768508934,-20.897268370724145
106,-24.332836151123047,3.0416669845581055,-24.332836151123047,-0.2021929919719696,0.38074684143066406,-0.17023155093193054,0.4634964168071747,2.9943346454190283,-24.938269632045646,4.181750442987807,-24.84256638182194
107,-20.226764678955078,3.0416669845581055,-27.839752197265625,0.12310804426670074,-0.3533571660518646,0.20999979972839355,0.4290883243083954,2.9943346454190283,-19.858137996877517,1.9835973800419227,-27.210942521407837
108,-15.62264347076416,3.0416669845581055,-30.661163330078125,0.1420094221830368,-0.4173677861690521,0.2514631152153015,0.5075393915176392,2.9943346454190283,-15.197419737945555,1.7919281625502719,-29.908198612143952
109,-10.63383960723877,3.0416669845581055,-32.72759246826172,-0.01643497496843338,0.18376728892326355,-0.1260073333978653,0.22342421114444733,2.9943346454190283,-10.683051422183343,3.591927744475762,-33.104900592231814
110,-5.383195877075195,3.0416669845581055,-33.9881591796875,-0.044401440769433975,0.38197463750839233,-0.2599483132362366,0.4641650915145874,2.9943346454190283,-5.516148649477632,4.185426875320859,-34.766531420029004
111,-0.0,3.0416669845581055,-34.411827087402344,-0.01902201771736145,-0.042660631239414215,0.027682006359100342,0.054296042770147324,2.9943346454190283,-0.056958286676869974,2.913926778442482,-34.32893789670658
112,5.383195877075195,3.0416669845581055,-33.9881591796875,-0.03531539812684059,-0.3001056909561157,0.20377999544143677,0.36446794867515564,2.9943346454190283,5.27744975694723,2.1430501168407923,-33.37797367929387
113,10.63383960723877,3.0416669845581055,-32.72759246826172,0.001771054114215076,-0.04877496883273125,0.037345681339502335,0.06145595386624336,2.9943346454190283,10.639142735931875,2.895618405553025,-32.61576700077007
114,15.62264347076416,3.0416669845581055,-30.661163330078125,0.0693596825003624,0.2053375244140625,-0.12314049899578094,0.24927464127540588,2.9943346454190283,15.830329571070259,3.6565162479157083,-31.02988719247538
115,20.226764678955078,3.0416669845581055,-27.839752197265625,0.031417541205883026,0.09207257628440857,-0.0567270964384079,0.11261609196662903,2.9943346454190283,20.320839311061732,3.3173630896194966,-28.009612107465177
116,24.332836151123047,3.0416669845581055,-24.332836151123047,-0.06417958438396454,-0.12287147343158722,0.055044401437044144,0.14915195107460022,2.9943346454190283,24.14066099807355,2.67374867472822,-24.16801479286375
117,27.839752197265625,3.0416669845581055,-20.226764678955078,-0.0558401457965374,-0.10369188338518143,0.04560525342822075,0.12629318237304688,2.9943346454190283,27.672548114101804,2.731178785689107,-20.090207288601842
118,30.661163330078125,3.0416669845581055,-15.62264347076416,0.04048054665327072,0.06191655248403549,-0.013893304392695427,0.07526857405900955,2.9943346454190283,30.782375633387513,3.2270658627859587,-15.66424467344656
119,32.72759246826172,3.0416669845581055,-10.63383960723877,0.06671828031539917,0.10218364000320435,-0.023392140865325928,0.12425786256790161,2.9943346454190283,32.927369326492894,3.347638998014726,-10.703883505062338
120,33.9881591796875,3.0416669845581055,-5.383195877075195,-0.013324949890375137,-0.01847023330628872,-0.0034735987428575754,0.023038439452648163,2.9943346454190283,33.94825982058228,2.986360925060113,-5.393596994135217
121,32.13442611694336,4.5625,0.0,-0.1064884215593338,-0.15246617794036865,-1.1700429958239056e-08,0.18597236275672913,2.9943346454190283,31.81556414693226,4.105965241138532,-3.5035002790253916e-08
122,31.738798141479492,4.5625,5.0269317626953125,-0.018822284415364265,-0.02584761381149292,0.004303912166506052,0.032262999564409256,2.9943346454190283,31.682437923148637,4.485103594462835,5.039819116006322
123,30.561656951904297,4.5625,9.930084228515625,0.10370776802301407,0.15684793889522552,0.03560582920908928,0.19137489795684814,2.9943346454190283,30.872192714694688,5.03215521749654,10.036699996495274
124,28.63198471069336,4.5625,14.588725090026855,0.057973843067884445,0.08784706890583038,0.020530175417661667,0.10723600536584854,2.9943346454190283,28.80557779751961,4.82554352192324,14.65019930555649
125,25.997297286987305,4.5625,18.888141632080078,-0.0897519439458847,-0.16331639885902405,-0.07109159231185913,0.1994534283876419,2.9943346454190283,25.728549931736435,4.073476048731352,18.675269614222675
126,22.722471237182617,4.5625,22.722471237182617,-0.09373245388269424,-0.1776943802833557,-0.08099157363176346,0.2166118621826172,2.9943346454190283,22.441804903121525,4.030423560821284,22.479955362270022
127,18.888141632080078,4.5625,25.997297286987305,0.055129069834947586,0.15232568979263306,0.09233981370925903,0.18646439909934998,2.9943346454190283,19.053216515856587,5.018614090333433,26.273793590328477
128,14.588725090026855,4.5625,28.63198471069336,0.1034269630908966,0.3024292588233948,0.1836428940296173,0.3686262369155884,2.9943346454190283,14.898420028880402,5.468074407483289,29.18187299067126
129,9.930084228515625,4.5625,30.561656951904297,-0.0049805291928350925,-0.09479983896017075,-0.06930207461118698,0.11753549426794052,2.9943346454190283,9.915170857400998,4.278637557821416,30.354143348896606
130,5.0269317626953125,4.5625,31.738798141479492,-0.05442832037806511,-0.449036568403244,-0.308341920375824,0.5474221706390381,2.9943346454190283,4.8639551572953055,3.217934246170095,30.815519246663126
131,0.0,4.5625,32.13442611694336,-0.02455700933933258,-0.036727581173181534,-0.023867813870310783,0.05021588131785393,2.9943346454190283,-0.07353190385264219,4.452525331250703,32.06295789496107
132,-5.0269317626953125,4.5625,31.738798141479492,-0.06541411578655243,0.5787787437438965,0.3986661732196808,0.7058318257331848,2.9943346454190283,-5.222803515894438,6.295557244424451,32.93253807590781
133,-9.930084228515625,4.5625,30.561656951904297,-0.023846061900258064,0.24816270172595978,0.17230772972106934,0.30305662751197815,2.9943346454190283,-10.001487317820374,5.30558217547883,31.077603956681592
134,-14.588725090026855,4.5625,28.63198471069336,0.21488210558891296,-0.6373576521873474,-0.39027658104896545,0.7776342034339905,2.9943346454190283,-13.945296156581383,2.6540379005324946,27.463366022762756
135,-18.888141632080078,4.5625,25.997297286987305,0.18213525414466858,-0.5085603594779968,-0.30431753396987915,0.6200129389762878,2.9943346454190283,-18.342767730442496,3.0397000963282785,25.086068751812814
136,-22.722471237182617,4.5625,22.722471237182617,-0.3076484799385071,0.582486093044281,0.26809659600257874,0.7112056016921997,2.9943346454190283,-23.64367373927299,6.306658288877262,23.525242162912047
137,-25.997297286987305,4.5625,18.888141632080078,-0.41210708022117615,0.7584883570671082,0.33132216334342957,0.9246140718460083,2.9943346454190283,-27.231283794916052,6.833667965713,19.88023106457449
138,-28.63198471069336,4.5625,14.588725090026855,0.2719496786594391,-0.40794336795806885,-0.09423110634088516,0.49925336241722107,2.9943346454190283,-27.817676366072828,3.3409810399542317,14.306565623634178
139,-30.561656951904297,4.5625,9.930084228515625,0.6160565614700317,-0.9361836314201355,-0.2153307944536209,1.1411980390548706,2.9943346454190283,-28.716977446356864,1.7592529179644902,9.285311770457545
140,-31.738798141479492,4.5625,5.0269317626953125,-0.10817276686429977,0.14634211361408234,-0.029353685677051544,0.184333935379982,2.9943346454190283,-32.0627036049921,5.0006972608784945,4.939037004701777
141,-32.13442611694336,4.5625,0.0,-0.6970541477203369,1.0,-7.72940609294892e-08,1.2189686298370361,2.9943346454190283,-34.2216395011954,7.556834645419029,-2.3144428452629883e-07
142,-31.738798141479492,4.5625,-5.0269317626953125,-0.10817500203847885,0.1463453620672226,0.0293533056974411,0.1843377649784088,2.9943346454190283,-32.06271029785158,5.000706987834277,-4.939038142487889
143,-30.561656951904297,4.5625,-9.930084228515625,0.6160558462142944,-0.9361827373504639,0.21533073484897614,1.141196846961975,2.9943346454190283,-28.716979588071897,1.7592555951082836,-9.285311948933797
144,-28.63198471069336,4.5625,-14.588725090026855,0.2719514071941376,-0.4079461991786957,0.09423206746578217,0.49925678968429565,2.9943346454190283,-27.817671190261496,3.3409725623322197,-14.3065627457046
145,-25.997297286987305,4.5625,-18.888141632080078,-0.41210606694221497,0.7584866881370544,-0.3313215672969818,0.9246120452880859,2.9943346454190283,-27.231280760819754,6.83366296837792,-19.880229279811964
146,-22.722471237182617,4.5625,-22.722471237182617,-0.3076494336128235,0.5824882388114929,-0.2680976986885071,0.7112082242965698,2.9943346454190283,-23.643676594893037,6.306664714022366,-23.525245464722726
147,-18.888141632080078,4.5625,-25.997297286987305,0.18213436007499695,-0.5085582733154297,0.3043164014816284,0.6200104355812073,2.9943346454190283,-18.34277040758629,3.0397063429971296,-25.086072142861617
148,-14.588725090026855,4.5625,-28.63198471069336,0.21488240361213684,-0.6373589038848877,0.3902773857116699,0.7776356935501099,2.9943346454190283,-13.94529526420012,2.6540341525311844,-27.463363613333343
149,-9.930084228515625,4.5625,-30.561656951904297,-0.023845594376325607,0.24816066026687622,-0.1723063737154007,0.30305415391921997,2.9943346454190283,-10.001485917897266,5.305576062667169,-31.07759989634684
150,-5.0269317626953125,4.5625,-31.738798141479492,-0.06541407108306885,0.5787792205810547,-0.39866647124290466,0.7058323621749878,2.9943346454190283,-5.222803382037249,6.295558672234474,-32.93253896828907
151,-0.0,4.5625,-32.13442611694336,-0.024557001888751984,-0.03672586381435394,0.023866616189479828,0.050214048475027084,2.9943346454190283,-0.07353188154311058,4.452530473597739,-32.06296148121828
152,5.0269317626953125,4.5625,-31.738798141479492,-0.05442837253212929,-0.44903644919395447,0.3083418309688568,0.5474220514297485,2.9943346454190283,4.863955001128584,3.217934603122601,-30.815519514377506
153,9.930084228515625,4.5625,-30.561656951904297,-0.00498082023113966,-0.09480108320713043,0.06930288672447205,0.1175369918346405,2.9943346454190283,9.91516998593492,4.278633832129637,-30.35414091715766
154,14.588725090026855,4.5625,-28.63198471069336,0.10342685878276825,0.30242881178855896,-0.18364259600639343,0.3686257004737854,2.9943346454190283,14.89841971654696,5.4680730689113926,-29.181872098289993
155,18.888141632080078,4.5625,-25.997297286987305,0.055129412561655045,0.15232647955417633,-0.09234023094177246,0.18646535277366638,2.9943346454190283,19.05321754209504,5.018616455143784,-26.273794839662248
156,22.722471237182617,4.5625,-22.722471237182617,-0.09373220056295395,-0.17769384384155273,0.08099129050970078,0.21661120653152466,2.9943346454190283,22.4418056616456,4.03042516710756,-22.479956210032224
157,25.997297286987305,4.5625,-18.888141632080078,-0.089752197265625,-0.16331681609153748,0.07109174132347107,0.1994539350271225,2.9943346454190283,25.72854917321236,4.073474799397582,-18.67526916803204
158,28.63198471069336,4.5625,-14.588725090026855,0.05797351524233818,0.0878465324640274,-0.02052999660372734,0.1072353646159172,2.9943346454190283,28.80557681590022,4.825541915636965,-14.650198770127732
159,30.561656951904297,4.5625,-9.930084228515625,0.10370789468288422,0.15684811770915985,-0.03560584411025047,0.19137512147426605,2.9943346454190283,30.872193093956724,5.032155752925299,-10.036700041114337
160,31.738798141479492,4.5625,-5.0269317626953125,-0.01882193423807621,-0.02584710530936718,-0.0043039703741669655,0.032262396067380905,2.9943346454190283,31.682438971696623,4.485105117088367,-5.039819290299538
161,29.857025146484375,6.0833330154418945,0.0,-0.10859803110361099,-0.15341657400131226,-1.7174956568055677e-08,0.18796323239803314,2.9943346454190283,29.53184629952654,5.623952452728273,-5.1427567485296205e-08
162,29.489437103271484,6.0833330154418945,4.670668125152588,-0.018173180520534515,-0.023690547794103622,0.007796321529895067,0.03085918352007866,2.9943346454190283,29.435020519221393,6.012395587413055,4.6940129208163786
163,28.395719528198242,6.0833330154418945,9.226327896118164,0.10641641914844513,0.1593565195798874,0.03759675472974777,0.19527538120746613,2.9943346454190283,28.714365898895863,6.560499762993347,9.338905161360769
164,26.60280418395996,6.0833330154418945,13.554805755615234,0.056872718036174774,0.08197351545095444,0.015942346304655075,0.10103624314069748,2.9943346454190283,26.773100133954827,6.32878915276348,13.602542475484531
165,24.154842376708984,6.0833330154418945,17.54952049255371,-0.09328307956457138,-0.1702987551689148,-0.07684367150068283,0.20882612466812134,2.9943346454190283,23.87552161973741,5.57340155276788,17.319424824698018
166,21.112106323242188,6.0833330154418945,21.112106323242188,-0.09390679746866226,-0.16983236372470856,-0.0758366659283638,0.20835718512535095,2.9943346454190283,20.830917946141422,5.574798084827594,20.885025967059818
167,17.54952049255371,6.0833330154418945,24.154842376708984,0.0574597492814064,0.16612277925014496,0.10385064780712128,0.2041650265455246,2.9943346454190283,17.721574210544116,6.580760208743901,24.465805969387056
168,13.554805755615234,6.0833330154418945,26.60280418395996,0.10560718178749084,0.2954288423061371,0.18057292699813843,0.3619912564754486,2.9943346454190283,13.871028998846583,6.967945833215196,27.14349995529521
169,9.226327896118164,6.0833330154418945,28.395719528198242,-0.002159699099138379,-0.11645513772964478,-0.0864046961069107,0.14502494037151337,2.9943346454190283,9.219861034281934,5.734627361900975,28.136994953118418
170,4.670668125152588,6.0833330154418945,29.489437103271484,-0.05644437298178673,-0.44673964381217957,-0.31087666749954224,0.5471805930137634,2.9943346454190283,4.50165478359427,4.745645022492929,28.558568327325194
171,0.0,6.0833330154418945,29.857025146484375,-0.035893768072128296,-0.009112415835261345,-0.005728679243475199,0.03747287392616272,2.9943346454190283,-0.10747795329300912,6.056047393002906,29.839871563753146
172,-4.670668125152588,6.0833330154418945,29.489437103271484,-0.06887972354888916,0.5843467712402344,0.4076055884361267,0.7157847881317139,2.9943346454190283,-4.876917067741911,7.833062797505276,30.709944638392187
173,-9.226327896118164,6.0833330154418945,28.395719528198242,-0.005668432451784611,0.22049321234226227,0.16124504804611206,0.27322033047676086,2.9943346454190283,-9.24330107979376,6.743563480238065,28.87854116196497
174,-13.554805755615234,6.0833330154418945,26.60280418395996,0.2281382828950882,-0.6497969031333923,-0.3999016284942627,0.7963694930076599,2.9943346454190283,-12.871683391196065,4.137623635903585,25.4053648830001
175,-17.54952049255371,6.0833330154418945,24.154842376708984,0.16534940898418427,-0.48767849802970886,-0.3053518831729889,0.5986739993095398,2.9943346454190283,-17.054409028632808,4.6230603929656215,23.24051665388016
176,-21.112106323242188,6.0833330154418945,21.112106323242188,-0.32766422629356384,0.5959362983703613,0.2689581513404846,0.7313292026519775,2.9943346454190283,-22.093242668097425,7.867765720115038,21.917457033968855
177,-24.154842376708984,6.0833330154418945,17.54952049255371,-0.40476101636886597,0.746356189250946,0.340267539024353,0.9146917462348938,2.9943346454190283,-25.366832311137298,8.318173210738923,18.568395373365803
178,-26.60280418395996,6.0833330154418945,13.554805755615234,0.2892710864543915,-0.4167684316635132,-0.08213544636964798,0.5139259696006775,2.9943346454190283,-25.736629747871575,4.835388861394884,13.308864742933642
179,-28.395719528198242,6.0833330154418945,9.226327896118164,0.6184518337249756,-0.9293208122253418,-0.2228659987449646,1.1383273601531982,2.9943346454190283,-26.54386777595262,3.3006355106866025,8.558992514790203
180,-29.489437103271484,6.0833330154418945,4.670668125152588,-0.11482159048318863,0.14916479587554932,-0.05001525953412056,0.19477078318595886,2.9943346454190283,-29.83325136969741,6.52998233160891,4.520905700729946
181,-29.857025146484375,6.0833330154418945,0.0,-0.7032290697097778,0.9945387840270996,-1.1335643534948758e-07,1.218047022819519,2.9943346454190283,-31.962728313582154,9.061314952667152,-3.394271016481729e-07
182,-29.489437103271484,6.0833330154418945,-4.670668125152588,-0.1148238480091095,0.14916802942752838,0.05001486465334892,0.19477449357509613,2.9943346454190283,-29.83325812948549,6.529992013945628,-4.520906883135122
183,-28.395719528198242,6.0833330154418945,-9.226327896118164,0.6184511780738831,-0.9293197989463806,0.2228659987449646,1.1383261680603027,2.9943346454190283,-26.5438697391914,3.300638544782901,-8.558992514790203
184,-26.60280418395996,6.0833330154418945,-13.554805755615234,0.28927281498908997,-0.4167712330818176,0.08213643729686737,0.5139293670654297,2.9943346454190283,-25.73662457206024,4.835380473010999,-13.308861775765937
185,-24.154842376708984,6.0833330154418945,-17.54952049255371,-0.4047599136829376,0.7463544607162476,-0.3402669429779053,0.9146896600723267,2.9943346454190283,-25.36682900932662,8.31816803492759,-18.568393588603275
186,-21.112106323242188,6.0833330154418945,-21.112106323242188,-0.32766515016555786,0.5959383845329285,-0.26895928382873535,0.7313317656517029,2.9943346454190283,-22.093245434479346,7.86777196678389,-21.91746042501766
187,-17.54952049255371,6.0833330154418945,-24.154842376708984,0.16534844040870667,-0.48767638206481934,0.30535075068473816,0.5986713767051697,2.9943346454190283,-17.054411928871918,4.623066728872599,-23.240520044928964
188,-13.554805755615234,6.0833330154418945,-26.60280418395996,0.2281385064125061,-0.6497980356216431,0.39990243315696716,0.7963708639144897,2.9943346454190283,-12.871682721910116,4.137620244854781,-25.405362473570687
189,-9.226327896118164,6.0833330154418945,-28.395719528198242,-0.005667938385158777,0.22049112617969513,-0.16124366223812103,0.2732178270816803,2.9943346454190283,-9.243299600392945,6.743557233569215,-28.87853701239209
190,-4.670668125152588,6.0833330154418945,-29.489437103271484,-0.0688796266913414,0.584347128868103,-0.4076058268547058,0.7157852053642273,2.9943346454190283,-4.876916777718001,7.833063868362793,-30.7099453522972
191,-0.0,6.0833330154418945,-29.857025146484375,-0.0358937606215477,-0.009110693819820881,0.005727461073547602,0.03747226670384407,2.9943346454190283,-0.10747793098347751,6.056052549293399,-29.839875211361562
192,4.670668125152588,6.0833330154418945,-29.489437103271484,-0.0564444474875927,-0.44673943519592285,0.3108764886856079,0.5471802949905396,2.9943346454190283,4.501654560498954,4.745645647159813,-28.55856886275395
193,9.226327896118164,6.0833330154418945,-28.395719528198242,-0.0021599987521767616,-0.11645635962486267,0.08640550822019577,0.14502641558647156,2.9943346454190283,9.21986013702046,5.734623703137791,-28.136992521379472
194,13.554805755615234,6.0833330154418945,-26.60280418395996,0.10560708492994308,0.2954283654689789,-0.18057258427143097,0.36199066042900085,2.9943346454190283,13.871028708822672,6.967944405405173,-27.143498929056754
195,17.54952049255371,6.0833330154418945,-24.154842376708984,0.05746009573340416,0.16612353920936584,-0.10385105013847351,0.20416595041751862,2.9943346454190283,17.721575247937338,6.580762484316125,-24.465807174101766
196,21.112106323242188,6.0833330154418945,-21.112106323242188,-0.09390653669834137,-0.1698317974805832,0.07583636045455933,0.20835649967193604,2.9943346454190283,20.83091872697503,5.574799780351996,-20.885026881750616
197,24.154842376708984,6.0833330154418945,-17.54952049255371,-0.09328333288431168,-0.17029915750026703,0.07684380561113358,0.20882661640644073,2.9943346454190283,23.875520861213335,5.573400348053173,-17.31942442312645
198,26.60280418395996,6.0833330154418945,-13.554805755615234,0.056872379034757614,0.08197297155857086,-0.015942156314849854,0.10103557258844376,2.9943346454190283,26.773099118871137,6.328787524167672,-13.602541906591474
199,28.395719528198242,6.0833330154418945,-9.226327896118164,0.10641654580831528,0.15935668349266052,-0.03759675472974777,0.19527557492256165,2.9943346454190283,28.7143662781579,6.560500253803043,-9.338905161360769
200,29.489437103271484,6.0833330154418945,-4.670668125152588,-0.018172822892665863,-0.023690033704042435,-0.0077963825315237045,0.030858593061566353,2.9943346454190283,29.43502159007891,6.012397126770736,-4.694013103475669
201,27.871158599853516,7.6041669845581055,0.0,-0.07144191116094589,-0.10268650949001312,-8.567830001027232e-09,0.12509383261203766,2.9943346454190283,27.657237610129346,7.29668921157501,-2.565495020813639e-08
202,27.528018951416016,7.6041669845581055,4.360010147094727,-0.010190283879637718,-0.013714388012886047,0.0037615052424371243,0.017495006322860718,2.9943346454190283,27.497505831348562,7.563101517390401,4.371273352561081
203,26.507047653198242,7.6041669845581055,8.612662315368652,0.07134956121444702,0.10818257182836533,0.02413344569504261,0.13182052969932556,2.9943346454190283,26.720692116278105,7.928101807414312,8.684925927926658
204,24.833383560180664,7.6041669845581055,12.653241157531738,0.03309989720582962,0.04907996207475662,0.009872134774923325,0.06001587212085724,2.9943346454190283,24.932495729143888,7.751128815394401,12.682801632712538
205,22.548240661621094,7.6041669845581055,16.38225555419922,-0.06598490476608276,-0.1198589950799942,-0.051363229751586914,0.1461450308561325,2.9943346454190283,22.350659775205337,7.24526904302497,16.228456855853423
206,19.7078857421875,7.6041669845581055,19.7078857421875,-0.05737174674868584,-0.10613411664962769,-0.046723656356334686,0.12937955558300018,2.9943346454190283,19.536095533229705,7.2863659220131805,19.567979479199074
207,16.38225555419922,7.6041669845581055,22.548240661621094,0.045652952045202255,0.12360501289367676,0.07362697273492813,0.15094144642353058,2.9943346454190283,16.51895577017382,7.974281757013108,22.768704456918613
208,12.653241157531738,7.6041669845581055,24.833383560180664,0.06764981150627136,0.1916266530752182,0.11489859968423843,0.23345011472702026,2.9943346454190283,12.855807331881033,8.177961310846925,25.17742841792531
209,8.612662315368652,7.6041669845581055,26.507047653198242,-0.009937186725437641,-0.09761594235897064,-0.06896419078111649,0.11993198096752167,2.9943346454190283,8.582907052878676,7.311872186407413,26.300545787449057
210,4.360010147094727,7.6041669845581055,27.528018951416016,-0.038828060030937195,-0.2986259460449219,-0.20415113866329193,0.36381691694259644,2.9943346454190283,4.2437459417296814,6.709980968294762,26.916722124014775
211,0.0,7.6041669845581055,27.871158599853516,-0.01852114498615265,0.01836130954325199,0.013892743736505508,0.029549598693847656,2.9943346454190283,-0.05545850610486581,7.659146889858728,27.91275812374366
212,-4.360010147094727,7.6041669845581055,27.528018951416016,-0.04272526502609253,0.4000016152858734,0.27544522285461426,0.4875416159629822,2.9943346454190283,-4.487943888397066,8.80190567943217,28.352794125124753
213,-8.612662315368652,7.6041669845581055,26.507047653198242,-0.003629208542406559,0.12489254772663116,0.08896373957395554,0.15338143706321716,2.9943346454190283,-8.623529380242632,7.978137067170607,26.773434860790573
214,-12.653241157531738,7.6041669845581055,24.833383560180664,0.15097880363464355,-0.45207715034484863,-0.2772398293018341,0.5513893961906433,2.9943346454190283,-12.201160095084608,6.250496710878219,24.003234734212125
215,-16.38225555419922,7.6041669845581055,22.548240661621094,0.10700204968452454,-0.31274887919425964,-0.19043932855129242,0.3814818859100342,2.9943346454190283,-16.061855609698,6.667692180270763,21.97800158228962
216,-19.7078857421875,7.6041669845581055,19.7078857421875,-0.2204873114824295,0.4176824688911438,0.19219182431697845,0.5099127292633057,2.9943346454190283,-20.368098537834637,8.854848071943014,20.283372380306115
217,-22.548240661621094,7.6041669845581055,16.38225555419922,-0.2675519287586212,0.4969737231731415,0.22019901871681213,0.6058502197265625,2.9943346454190283,-23.349380671351717,9.092272621718328,17.041605104830243
218,-24.833383560180664,7.6041669845581055,12.653241157531738,0.19528508186340332,-0.2921682596206665,-0.06631902605295181,0.3576265871524811,2.9943346454190283,-24.248634673823585,6.729317442484162,12.454659800170937
219,-26.507047653198242,7.6041669845581055,8.612662315368652,0.41163599491119385,-0.6266863942146301,-0.1459549069404602,0.7638605237007141,2.9943346454190283,-25.274471732334124,5.727658202548511,8.175624480847922
220,-27.528018951416016,7.6041669845581055,4.360010147094727,-0.07741046696901321,0.10434278845787048,-0.02293788082897663,0.1319315880537033,2.9943346454190283,-27.7598117945794,7.916604211037136,4.291326455836029
221,-27.871158599853516,7.6041669845581055,0.0,-0.46859097480773926,0.6725039482116699,-5.8583143669466153e-08,0.8196578621864319,2.9943346454190283,-29.274276790251005,9.617868855869393,-1.7541753672704292e-07
222,-27.528018951416016,7.6041669845581055,-4.360010147094727,-0.07741197198629379,0.10434497147798538,0.022937623783946037,0.13193415105342865,2.9943346454190283,-27.75981630110478,7.916610747729897,-4.29132722551487
223,-26.507047653198242,7.6041669845581055,-8.612662315368652,0.41163551807403564,-0.6266857385635376,0.14595486223697662,0.7638596892356873,2.9943346454190283,-25.274473160144147,5.727660165787293,-8.175624614705113
224,-24.833383560180664,7.6041669845581055,-12.653241157531738,0.19528622925281525,-0.2921701669692993,0.06631967425346375,0.35762888193130493,2.9943346454190283,-24.248631238155717,6.729311731244071,-12.454657859241687
225,-22.548240661621094,7.6041669845581055,-16.38225555419922,-0.2675512135028839,0.49697253108024597,-0.2201986014842987,0.6058487892150879,2.9943346454190283,-23.34937852963668,9.09226905219327,-17.041603855496472
226,-19.7078857421875,7.6041669845581055,-19.7078857421875,-0.22048792243003845,0.41768380999565125,-0.19219255447387695,0.5099143385887146,2.9943346454190283,-20.36810036721623,8.854852087658703,-20.283374566640212
227,-16.38225555419922,7.6041669845581055,-22.548240661621094,0.1070014014840126,-0.31274741888046265,0.19043852388858795,0.3814801275730133,2.9943346454190283,-16.06185755062725,6.667696552938959,-21.978003991719035
228,-12.653241157531738,7.6041669845581055,-24.833383560180664,0.1509789526462555,-0.45207786560058594,0.2772403061389923,0.5513902902603149,2.9943346454190283,-12.201159648893977,6.250494569163184,-24.0032333064021
229,-8.612662315368652,7.6041669845581055,-26.507047653198242,-0.0036288874689489603,0.12489110976457596,-0.08896278589963913,0.15337970852851868,2.9943346454190283,-8.623528418841254,7.978132761431006,-26.773432005170527
230,-4.360010147094727,7.6041669845581055,-27.528018951416016,-0.04272520914673805,0.40000179409980774,-0.2754453420639038,0.4875417947769165,2.9943346454190283,-4.487943721075578,8.801906214860928,-28.352794482077257
231,-0.0,7.6041669845581055,-27.871158599853516,-0.018521131947636604,0.01836247555911541,-0.013893555849790573,0.029550697654485703,2.9943346454190283,-0.05545846706318549,7.6591503813004245,-27.912760555482606
232,4.360010147094727,7.6041669845581055,-27.528018951416016,-0.038828086107969284,-0.2986257076263428,0.20415098965168,0.36381664872169495,2.9943346454190283,4.243745863646321,6.709981682199774,-26.91672257020541
233,8.612662315368652,7.6041669845581055,-26.507047653198242,-0.00993738416582346,-0.09761674702167511,0.06896471977233887,0.11993295699357986,2.9943346454190283,8.582906461676089,7.311869776977999,-26.300544203472313
234,12.653241157531738,7.6041669845581055,-24.833383560180664,0.0676497220993042,0.19162628054618835,-0.11489834636449814,0.23344966769218445,2.9943346454190283,12.855807064166655,8.177960195370343,-25.177427659401236
235,16.38225555419922,7.6041669845581055,-22.548240661621094,0.045653171837329865,0.12360549718141556,-0.07362723350524902,0.15094204246997833,2.9943346454190283,16.518956428305003,7.974283207132662,-22.76870523775222
236,19.7078857421875,7.6041669845581055,-19.7078857421875,-0.05737155303359032,-0.10613370686769485,0.046723444014787674,0.1293790489435196,2.9943346454190283,19.536096113277527,7.286367149037419,-19.567980115020724
237,22.548240661621094,7.6041669845581055,-16.38225555419922,-0.0659850537776947,-0.1198592334985733,0.05136330798268318,0.1461453139781952,2.9943346454190283,22.350659329014704,7.245268329119958,-16.228456621603343
238,24.833383560180664,7.6041669845581055,-12.653241157531738,0.033099666237831116,0.04907958209514618,-0.009872009977698326,0.06001541391015053,2.9943346454190283,24.93249503754841,7.751127677608289,-12.682801259027883
239,26.507047653198242,7.6041669845581055,-8.612662315368652,0.0713496282696724,0.10818266868591309,-0.02413344755768776,0.1318206489086151,2.9943346454190283,26.72069231706389,7.928102097438224,-8.68492593350404
240,27.528018951416016,7.6041669845581055,-4.360010147094727,-0.010190047323703766,-0.01371404342353344,-0.0037615441251546144,0.017494605854153633,2.9943346454190283,27.49750653967619,7.5631025492062385,-4.371273468988949
241,25.885290145874023,9.125,0.0,-0.018477587029337883,-0.031202197074890137,-4.068540171431323e-09,0.03626290708780289,2.9943346454190283,25.829962066868333,9.031570180285463,-1.2182570791595883e-08
242,25.566600799560547,9.125,4.049352169036865,-0.0015600291080772877,-0.002306235022842884,0.0023246807977557182,0.0036271961871534586,2.9943346454190283,25.561929550354368,9.118094360570623,4.056313041289125
243,24.618375778198242,9.125,7.998994827270508,0.019398028030991554,0.03430663049221039,0.006579379551112652,0.039956431835889816,2.9943346454190283,24.67645996558425,9.227725532250414,8.018695691405766
244,23.063962936401367,9.125,11.751675605773926,0.006277353502810001,0.010012108832597733,-0.0003045801422558725,0.011821177788078785,2.9943346454190283,23.082759433476372,9.154979604351153,11.750763590901663
245,20.941640853881836,9.125,15.214991569519043,-0.019985295832157135,-0.04195047914981842,-0.015829037874937057,0.04908984899520874,2.9943346454190283,20.88179819017266,8.99938622688977,15.16759413300647
246,18.303665161132812,9.125,18.303665161132812,-0.013496420346200466,-0.026345953345298767,-0.007840562611818314,0.030622493475675583,2.9943346454190283,18.263252362101046,9.04611139913158,18.280187892864667
247,15.214991569519043,9.125,20.941640853881836,0.01564848981797695,0.049213383346796036,0.026317771524190903,0.05796082690358162,2.9943346454190283,15.261848384729499,9.2723613387736,21.020445068946945
248,11.751675605773926,9.125,23.063962936401367,0.01881042867898941,0.0548594631254673,0.026727579534053802,0.0638573169708252,2.9943346454190283,11.808000324062608,9.289267591065675,23.143994253788378
249,7.998994827270508,9.125,24.618375778198242,-0.004004157148301601,-0.047897882759571075,-0.03086349368095398,0.05712088569998741,2.9943346454190283,7.987005040795646,8.981577710210798,24.52596014979069
250,4.049352169036865,9.125,25.566600799560547,-0.013038401491940022,-0.09487607330083847,-0.05581844970583916,0.11084750294685364,2.9943346454190283,4.010310831728666,8.840909286693984,25.399461681752772
251,0.0,9.125,25.885290145874023,-0.009553114883601665,0.02719711698591709,0.018891585990786552,0.034465014934539795,2.9943346454190283,-0.028605222867636636,9.206437269646447,25.941857876313147
252,-4.049352169036865,9.125,25.566600799560547,-0.011699499562382698,0.1373344212770462,0.0834726020693779,0.16113750636577606,2.9943346454190283,-4.084384385910573,9.536225215638432,25.816545703880163
253,-7.998994827270508,9.125,24.618375778198242,0.009208755567669868,0.020917726680636406,0.013860800303518772,0.026729650795459747,2.9943346454190283,-7.971420731433039,9.187634673703236,24.659879652760303
254,-11.751675605773926,9.125,23.063962936401367,0.04944765195250511,-0.1633715182542801,-0.08882875740528107,0.1924210786819458,2.9943346454190283,-11.603612788397918,8.635811002816501,22.797979910593213
255,-15.214991569519043,9.125,20.941640853881836,0.020483387634158134,-0.09117428958415985,-0.05229553207755089,0.10708475112915039,2.9943346454190283,-15.153657452270535,8.851993665926683,20.785050530381405
256,-18.303665161132812,9.125,18.303665161132812,-0.07562799751758575,0.1545129418373108,0.06109294667840004,0.18255463242530823,2.9943346454190283,-18.530120694263385,9.587663454909075,18.486597887962684
257,-20.941640853881836,9.125,15.214991569519043,-0.07349149137735367,0.16236691176891327,0.06789443641901016,0.19071881473064423,2.9943346454190283,-21.16169897265656,9.611180869179352,15.418290232719684
258,-23.063962936401367,9.125,11.751675605773926,0.06753767281770706,-0.10830597579479218,-0.01671314239501953,0.12872782349586487,2.9943346454190283,-22.861732542812334,8.80069566437174,11.701630864466697
259,-24.618375778198242,9.125,7.998994827270508,0.12209178507328033,-0.2118123322725296,-0.046480391174554825,0.24885998666286469,2.9943346454190283,-24.252792116232264,8.490762995149357,7.85981698164391
260,-25.566600799560547,9.125,4.049352169036865,-0.02664986439049244,0.038476504385471344,-0.014676352962851524,0.049051523208618164,2.9943346454190283,-25.64639941180072,9.240211530116033,4.005406256891801
261,-25.885290145874023,9.125,0.0,-0.14111313223838806,0.22884967923164368,-3.146187665947764e-08,0.2688588798046112,2.9943346454190283,-26.307830086659024,9.810252523116342,-9.420738729137418e-08
262,-25.566600799560547,9.125,-4.049352169036865,-0.026650315150618553,0.03847724571824074,0.014676270075142384,0.04905232414603233,2.9943346454190283,-25.646400761527378,9.24021374991443,-4.00540650508534
263,-24.618375778198242,9.125,-7.998994827270508,0.1220916211605072,-0.2118120789527893,0.04648039862513542,0.2488596886396408,2.9943346454190283,-24.25279260704196,8.490763753673432,-7.859816959334378
264,-23.063962936401367,9.125,-11.751675605773926,0.06753800809383392,-0.10830660909414291,0.016713345423340797,0.12872855365276337,2.9943346454190283,-22.861731538883408,8.800693768061553,-11.701630256531962
265,-20.941640853881836,9.125,-15.214991569519043,-0.07349123805761337,0.16236646473407745,-0.06789430975914001,0.19071829319000244,2.9943346454190283,-21.161698214132485,9.611179530607455,-15.418289853457647
266,-18.303665161132812,9.125,-18.303665161132812,-0.07562814652919769,0.15451335906982422,-0.06109315901994705,0.18255510926246643,2.9943346454190283,-18.530121140454018,9.587664704242846,-18.486598523784334
267,-15.214991569519043,9.125,-20.941640853881836,0.020483169704675674,-0.09117374569177628,0.052295271307229996,0.10708411037921906,2.9943346454190283,-15.153658104824336,8.85199529452249,-20.78505131121501
268,-11.751675605773926,9.125,-23.063962936401367,0.04944765940308571,-0.16337169706821442,0.08882886916399002,0.19242128729820251,2.9943346454190283,-11.603612766088386,8.635810467387744,-22.797979575950237
269,-7.998994827270508,9.125,-24.618375778198242,0.009208855219185352,0.020917218178510666,-0.013860502280294895,0.02672913298010826,2.9943346454190283,-7.971420433043053,9.187633151077703,-24.659878760379037
270,-4.049352169036865,9.125,-25.566600799560547,-0.01169945951551199,0.13733439147472382,-0.0834725871682167,0.16113747656345367,2.9943346454190283,-4.08438426599684,9.536225126400305,-25.8165456592611
271,-0.0,9.125,-25.885290145874023,-0.009553104639053345,0.027197502553462982,-0.018891822546720505,0.03446544334292412,2.9943346454190283,-0.02860519219203067,9.206438424164707,-25.941858584640777
272,4.049352169036865,9.125,-25.566600799560547,-0.013038411736488342,-0.09487593919038773,0.055818360298871994,0.1108473390340805,2.9943346454190283,4.01031080105306,8.840909688265553,-25.399461949467153
273,7.998994827270508,9.125,-24.618375778198242,-0.0040042162872850895,-0.047898124903440475,0.030863627791404724,0.057121165096759796,2.9943346454190283,7.9870048637137385,8.98157698515102,-24.525959748219123
274,11.751675605773926,9.125,-23.063962936401367,0.018810393288731575,0.05485929548740387,-0.026727480813860893,0.06385711580514908,2.9943346454190283,11.808000218092332,9.289267089101212,-23.14399395818708
275,15.214991569519043,9.125,-20.941640853881836,0.01564854569733143,0.04921351373195648,-0.02631782367825508,0.05796097591519356,2.9943346454190283,15.261848552050985,9.272361729190402,-21.020445225113665
276,18.303665161132812,9.125,-18.303665161132812,-0.013496358878910542,-0.02634580060839653,0.007840492762625217,0.030622316524386406,2.9943346454190283,18.263252546154682,9.046111856476976,-18.280188102016528
277,20.941640853881836,9.125,-15.214991569519043,-0.019985327497124672,-0.0419505350291729,0.015829045325517654,0.049089908599853516,2.9943346454190283,20.88179809535715,8.999386059568282,-15.167594110696937
278,23.063962936401367,9.125,-11.751675605773926,0.006277287378907204,0.010011984035372734,0.00030461596907116473,0.011821039021015167,2.9943346454190283,23.08275923547928,9.154979230666498,-11.750763483624189
279,24.618375778198242,9.125,-7.998994827270508,0.01939803920686245,0.03430664911866188,-0.006579373963177204,0.03995645418763161,2.9943346454190283,24.676459999048546,9.227725588024244,-8.018695674673618
280,25.566600799560547,9.125,-4.049352169036865,-0.001559967058710754,-0.0023061290849000216,-0.002324691042304039,0.0036271086428314447,2.9943346454190283,25.561929736150937,9.118094677784276,-4.056313071964731
281,24.27946662902832,10.645833015441895,0.0,0.021658483892679214,0.012899641878902912,2.2382689035538306e-09,0.025208940729498863,2.9943346454190283,24.34431937771542,10.684458860033391,6.702126123675296e-09
282,23.980545043945312,10.645833015441895,3.798145055770874,0.003248541383072734,0.0025798592250794172,-0.000872878881637007,0.00423917593434453,2.9943346454190283,23.990272263955724,10.653557977299855,3.795531364294334
283,23.091144561767578,10.645833015441895,7.502767086029053,-0.02127186208963394,-0.012765347957611084,-0.007303162012249231,0.025860827416181564,2.9943346454190283,23.02744948814001,10.60760929179159,7.480898974994667
284,21.633161544799805,10.645833015441895,11.0226469039917,-0.010148393921554089,-0.008261159062385559,-0.003502342849969864,0.01354632992297411,2.9943346454190283,21.602773857285136,10.621096340650077,11.0121597174559
285,19.642499923706055,10.645833015441895,14.271112442016602,0.018892167136073112,0.011890420690178871,0.014878708869218826,0.026826703920960426,2.9943346454190283,19.699069394288646,10.681436914063104,14.315664275462806
286,17.168174743652344,10.645833015441895,17.168174743652344,0.01673746667802334,0.015288584865629673,0.014470520429313183,0.02689385786652565,2.9943346454190283,17.218292320002895,10.691612154784478,17.21150432431108
287,14.271112442016602,10.645833015441895,19.642499923706055,-0.012216165661811829,-0.008754361420869827,-0.019941886886954308,0.02497103065252304,2.9943346454190283,14.23453315394126,10.619619527740864,19.58278724090542
288,11.0226469039917,10.645833015441895,21.633161544799805,-0.01858365163207054,-0.023328833281993866,-0.033319417387247086,0.04471878707408905,2.9943346454190283,10.967001232071393,10.575978681708415,21.533392058951993
289,7.502767086029053,10.645833015441895,23.091144561767578,0.0020177974365651608,0.001425844500772655,0.01607632264494896,0.016265075653791428,2.9943346454190283,7.508809046800797,10.650102471029538,23.139282451634283
290,3.798145055770874,10.645833015441895,23.980545043945312,0.009370019659399986,0.029840754345059395,0.055210668593645096,0.06345459818840027,2.9943346454190283,3.826202030265273,10.735186220022744,24.145864261712013
291,0.0,10.645833015441895,24.27946662902832,0.004159868229180574,0.010035636834800243,0.0012977650621905923,0.010940873064100742,2.9943346454190283,0.012456037559013297,10.675883070505181,24.283352571915653
292,-3.798145055770874,10.645833015441895,23.980545043945312,0.011759918183088303,-0.031534601002931595,-0.06859977543354034,0.07641109824180603,2.9943346454190283,-3.7629319253279596,10.55140786712935,23.775134359696697
293,-7.502767086029053,10.645833015441895,23.091144561767578,0.0038781403563916683,-0.02214781753718853,-0.027032185345888138,0.03516112640500069,2.9943346454190283,-7.491154636000111,10.579515038069871,23.010201152644996
294,-11.0226469039917,10.645833015441895,21.633161544799805,-0.03570840135216713,0.028258558362722397,0.06421036273241043,0.07871852815151215,2.9943346454190283,-11.129569807293022,10.73044859577699,21.825428858524383
295,-14.271112442016602,10.645833015441895,19.642499923706055,-0.029152357950806618,0.031511612236499786,0.04770849272608757,0.06417898088693619,2.9943346454190283,-14.358404357424359,10.740189327694656,19.7853551163565
296,-17.168174743652344,10.645833015441895,17.168174743652344,0.0494900681078434,-0.022988269105553627,-0.04329739883542061,0.06965911388397217,2.9943346454190283,-17.019984918112883,10.57699844482092,17.03852784226292
297,-19.642499923706055,10.645833015441895,14.271112442016602,0.06475352495908737,-0.03887557610869408,-0.05154193937778473,0.09143796563148499,2.9943346454190283,-19.448606200508053,10.529426531039007,14.116778627245614
298,-21.633161544799805,10.645833015441895,11.0226469039917,-0.043749261647462845,0.016191644594073296,0.015658902004361153,0.049207400530576706,2.9943346454190283,-21.764161474662306,10.69431621781624,11.069534896772579
299,-23.091144561767578,10.645833015441895,7.502767086029053,-0.09696250408887863,0.04519081115722656,0.03372504189610481,0.11216646432876587,2.9943346454190283,-23.38148274706749,10.781149426944566,7.603751147396768
300,-23.980545043945312,10.645833015441895,3.798145055770874,0.017572559416294098,-0.006058174185454845,0.004204979166388512,0.01905723474919796,2.9943346454190283,-23.92792692047642,10.627692814590404,3.8107361705720564
301,-24.27946662902832,10.645833015441895,0.0,0.11012051999568939,-0.047946397215127945,1.1642346642304346e-08,0.12010572850704193,2.9943346454190283,-23.94972894083367,10.502265457137614,3.48610819050298e-08
302,-23.980545043945312,10.645833015441895,-3.798145055770874,0.017572911456227303,-0.0060583301819860935,-0.004204919561743736,0.01905759610235691,2.9943346454190283,-23.92792586635105,10.627692347484587,-3.8107359920958035
303,-23.091144561767578,10.645833015441895,-7.502767086029053,-0.09696239233016968,0.04519077017903328,-0.03372502699494362,0.11216634511947632,2.9943346454190283,-23.381482412424518,10.781149304242144,-7.6037511027777045
304,-21.633161544799805,10.645833015441895,-11.0226469039917,-0.04374953359365463,0.016191784292459488,-0.01565905101597309,0.04920773580670357,2.9943346454190283,-21.764162288960208,10.694316636119957,-11.069535342963212
305,-19.642499923706055,10.645833015441895,-14.271112442016602,0.06475336104631424,-0.038875509053468704,0.05154184252023697,0.09143776446580887,2.9943346454190283,-19.44860669131775,10.529426731824792,-14.116778917269524
306,-17.168174743652344,10.645833015441895,-17.168174743652344,0.049490224570035934,-0.02298838645219803,0.04329757019877434,0.06965936720371246,2.9943346454190283,-17.019984449612718,10.576998093445797,-17.03852732914369
307,-14.271112442016602,10.645833015441895,-19.642499923706055,-0.02915221080183983,0.03151152655482292,-0.047708310186862946,0.06417874246835709,2.9943346454190283,-14.35840391681111,10.740189071135042,-19.785354569772977
308,-11.0226469039917,10.645833015441895,-21.633161544799805,-0.03570844978094101,0.02825864963233471,-0.06421048939228058,0.07871868461370468,2.9943346454190283,-11.129569952304976,10.730448869068752,-21.825429237786423
309,-7.502767086029053,10.645833015441895,-23.091144561767578,0.0038780602626502514,-0.02214771695435047,0.027031956240534782,0.03516088053584099,2.9943346454190283,-7.4911548758275766,10.579515339248548,-23.010201838663093
310,-3.798145055770874,10.645833015441895,-23.980545043945312,0.011759910732507706,-0.03153465688228607,0.06859982013702393,0.0764111578464508,2.9943346454190283,-3.762931947637491,10.551407699807864,-23.77513422583951
311,-0.0,10.645833015441895,-24.27946662902832,0.004159868694841862,0.010035532526671886,-0.0012975542340427637,0.010940752923488617,2.9943346454190283,0.012456038953359023,10.675882758171738,-24.283351940625625
312,3.798145055770874,10.645833015441895,-23.980545043945312,0.009370028041303158,0.02984076738357544,-0.05521063879132271,0.06345457583665848,2.9943346454190283,3.826202055363496,10.735186259064424,-24.145864172473885
313,7.502767086029053,10.645833015441895,-23.091144561767578,0.002017849124968052,0.0014259337913244963,-0.01607646979391575,0.016265233978629112,2.9943346454190283,7.508809201573173,10.650102738395331,-23.139282892247532
314,11.0226469039917,10.645833015441895,-21.633161544799805,-0.0185836274176836,-0.023328814655542374,0.03331935033202171,0.04471872001886368,2.9943346454190283,10.967001304577371,10.575978737482245,-21.533392259737777
315,14.271112442016602,10.645833015441895,-19.642499923706055,-0.012216227129101753,-0.008754424750804901,0.019941963255405426,0.024971144273877144,2.9943346454190283,14.234532969887624,10.619619338109846,-19.58278701223272
316,17.168174743652344,10.645833015441895,-17.168174743652344,0.01673741266131401,0.015288549475371838,-0.014470460824668407,0.026893772184848785,2.9943346454190283,17.21829215825879,10.691612048814203,-17.211504145834827
317,19.642499923706055,10.645833015441895,-14.271112442016602,0.018892213702201843,0.01189045887440443,-0.014878734946250916,0.02682676911354065,2.9943346454190283,19.69906953372322,10.681437028399454,-14.315664353546168
318,21.633161544799805,10.645833015441895,-11.0226469039917,-0.010148326866328716,-0.008261118084192276,0.0035023060627281666,0.01354624517261982,2.9943346454190283,21.60277405807092,10.6210964633525,-11.012159827609212
319,23.091144561767578,10.645833015441895,-7.502767086029053,-0.021271884441375732,-0.012765365652740002,0.007303164340555668,0.025860855355858803,2.9943346454190283,23.02744942121142,10.607609238806454,-7.480898968022938
320,23.980545043945312,10.645833015441895,-3.798145055770874,0.003248469904065132,0.0025798168499022722,0.0008728908142074943,0.004239097703248262,2.9943346454190283,23.990272049923657,10.653557850414392,-3.7955313285642247
321,22.67363929748535,12.166666984558105,0.0,0.037490181624889374,0.03093853034079075,7.571904880876446e-09,0.04860767722129822,2.9943346454190283,22.78589744718781,12.259307297835884,2.267281711662578e-08
322,22.394489288330078,12.166666984558105,3.546938896179199,0.003964059054851532,0.003042098367586732,-0.004115849733352661,0.006473665591329336,2.9943346454190283,22.40635900769451,12.175776045094944,3.5346146647272825
323,21.563913345336914,12.166666984558105,7.006539821624756,-0.03831484168767929,-0.033177394419908524,-0.013301072642207146,0.05239928513765335,2.9943346454190283,21.44918588743775,12.067322763001842,6.96671195899096
324,20.202360153198242,12.166666984558105,10.293617248535156,-0.014114347286522388,-0.011661235243082047,-0.0010713548399508,0.018339766189455986,2.9943346454190283,20.16009707412073,12.131749343861363,10.290409253620354
325,18.343360900878906,12.166666984558105,13.327231407165527,0.03730050101876259,0.038409896194934845,0.030108733102679253,0.06142624467611313,2.9943346454190283,18.455051083370876,12.281679067461548,13.417387029824555
326,16.032684326171875,12.166666984558105,16.032684326171875,0.027239009737968445,0.02740001678466797,0.018011055886745453,0.0426277220249176,2.9943346454190283,16.11424703673718,12.2487118041015,16.086615454814137
327,13.327231407165527,12.166666984558105,18.343360900878906,-0.027014048770070076,-0.0418856143951416,-0.046598147600889206,0.06823159754276276,2.9943346454190283,13.246342305020267,12.041247438230071,18.203830453105216
328,10.293617248535156,12.166666984558105,20.202360153198242,-0.034846726804971695,-0.052514590322971344,-0.053215380758047104,0.08248607814311981,2.9943346454190283,10.189274487183578,12.009420727364045,20.043015494925257
329,7.006539821624756,12.166666984558105,21.563913345336914,0.005097965709865093,0.03594614937901497,0.0488283671438694,0.0608467273414135,2.9943346454190283,7.021804836970963,12.274301785013098,21.71012181675504
330,3.546938896179199,12.166666984558105,22.394489288330078,0.02127111330628395,0.0839150920510292,0.10149028152227402,0.1333959400653839,2.9943346454190283,3.610631727698839,12.417936851960029,22.698385154465555
331,0.0,12.166666984558105,22.67363929748535,0.015597730875015259,-0.0133824422955513,-0.021357053890824318,0.02963954582810402,2.9943346454190283,0.04670482594898025,12.126595473952214,22.609689131095976
332,-3.546938896179199,12.166666984558105,22.394489288330078,0.021882563829421997,-0.11203690618276596,-0.13955149054527283,0.180293470621109,2.9943346454190283,-3.4814151771741675,11.831190994809488,21.9766254253705
333,-7.006539821624756,12.166666984558105,21.563913345336914,-0.009556352160871029,-0.02699596807360649,-0.03400210291147232,0.04445502534508705,2.9943346454190283,-7.035154737983877,12.08583202206868,21.462099670571988
334,-10.293617248535156,12.166666984558105,20.202360153198242,-0.07936307042837143,0.12499839812517166,0.13921982049942017,0.20323693752288818,2.9943346454190283,-10.531256839885659,12.540954018686188,20.619230885048673
335,-13.327231407165527,12.166666984558105,18.343360900878906,-0.0399019755423069,0.07809821516275406,0.0893607959151268,0.12520723044872284,2.9943346454190283,-13.44671127495252,12.40051917596533,18.610937028029788
336,-16.032684326171875,12.166666984558105,16.032684326171875,0.11639736592769623,-0.11509373784065247,-0.09337755292654037,0.1884523332118988,2.9943346454190283,-15.684151660739058,11.822037817871065,15.753080684339487
337,-18.343360900878906,12.166666984558105,13.327231407165527,0.120613694190979,-0.12814007699489594,-0.10823258757591248,0.20659582316875458,2.9943346454190283,-17.98220313765088,11.782972712545627,13.003146820423623
338,-20.202360153198242,12.166666984558105,10.293617248535156,-0.10396437346935272,0.08126344531774521,0.02628263831138611,0.13454781472682953,2.9943346454190283,-20.513664278566807,12.409996934279144,10.372316263003958
339,-21.563913345336914,12.166666984558105,7.006539821624756,-0.19525225460529327,0.16463617980480194,0.07330342382192612,0.26571017503738403,2.9943346454190283,-22.14856393589772,12.65964280163706,7.226034803202584
340,-22.394489288330078,12.166666984558105,3.546938896179199,0.041515152901411057,-0.029313644394278526,0.0218215212225914,0.055308014154434204,2.9943346454190283,-22.270179027687515,12.078892123564824,3.612279833191751
341,-22.67363929748535,12.166666984558105,0.0,0.22533154487609863,-0.1779576987028122,4.7300673600148e-08,0.28712934255599976,2.9943346454190283,-21.998921245957057,11.633802081913235,1.4163404571258035e-07
342,-22.394489288330078,12.166666984558105,-3.546938896179199,0.04151587188243866,-0.029314221814274788,-0.021821390837430954,0.055308807641267776,2.9943346454190283,-22.270176874817714,12.078890394576124,-3.6122794427749483
343,-21.563913345336914,12.166666984558105,-7.006539821624756,-0.19525200128555298,0.16463600099086761,-0.07330343127250671,0.26570990681648254,2.9943346454190283,-22.148563177373646,12.659642266208301,-7.226034825512115
344,-20.202360153198242,12.166666984558105,-10.293617248535156,-0.1039649099111557,0.0812639370560646,-0.026282960548996925,0.1345485895872116,2.9943346454190283,-20.513665884853083,12.409998406708231,-10.3723172278912
345,-18.343360900878906,12.166666984558105,-13.327231407165527,0.12061330676078796,-0.12813974916934967,0.10823239386081696,0.2065953016281128,2.9943346454190283,-17.982204297746527,11.782973694165017,-13.003147400471445
346,-16.032684326171875,12.166666984558105,-16.032684326171875,0.11639762669801712,-0.11509408801794052,0.09337790310382843,0.18845288455486298,2.9943346454190283,-15.684150879905452,11.822036769323079,-15.7530796357915
347,-13.327231407165527,12.166666984558105,-18.343360900878906,-0.03990163654088974,0.07809781283140182,-0.08936039358377457,0.1252065896987915,2.9943346454190283,-13.446710259868832,12.400517971250622,-18.61093582331508
348,-10.293617248535156,12.166666984558105,-20.202360153198242,-0.07936310768127441,0.12499856948852539,-0.13922002911567688,0.20323720574378967,2.9943346454190283,-10.531256951433317,12.540954531805415,-20.619231509715558
349,-7.006539821624756,12.166666984558105,-21.563913345336914,-0.009556520730257034,-0.026995567604899406,0.03400162234902382,0.04445444792509079,2.9943346454190283,-7.03515524273703,12.085833221206004,-21.46210110953678
350,-3.546938896179199,12.166666984558105,-22.394489288330078,0.02188250608742237,-0.11203692108392715,0.13955150544643402,0.180293470621109,2.9943346454190283,-3.481415350073038,11.831190950190425,-21.97662538075144
351,-0.0,12.166666984558105,-22.67363929748535,0.015597720630466938,-0.013382770121097565,0.021357461810112,0.02963998354971409,2.9943346454190283,0.04670479527337428,12.126594492332824,-22.609687909649118
352,3.546938896179199,12.166666984558105,-22.394489288330078,0.02127113752067089,0.08391500264406204,-0.10149015486240387,0.13339580595493317,2.9943346454190283,3.6106318002048168,12.41793658424565,-22.698384775203518
353,7.006539821624756,12.166666984558105,-21.563913345336914,0.0050980704836547375,0.03594637289643288,-0.048828620463609695,0.060847073793411255,2.9943346454190283,7.021805150698752,12.274302454299045,-21.71012257527912
354,10.293617248535156,12.166666984558105,-20.202360153198242,-0.03484667092561722,-0.0525144562125206,0.05321521311998367,0.0824858620762825,2.9943346454190283,10.189274654505065,12.009421128935614,-20.043015996889718
355,13.327231407165527,12.166666984558105,-18.343360900878906,-0.02701415680348873,-0.04188574105501175,0.04659825563430786,0.06823179125785828,2.9943346454190283,13.246341981532058,12.041247058968034,-18.203830129617007
356,16.032684326171875,12.166666984558105,-16.032684326171875,0.02723889797925949,0.027399882674217224,-0.018010925501585007,0.04262750968337059,2.9943346454190283,16.114246702094206,12.248711402529931,-16.086615064397332
357,18.343360900878906,12.166666984558105,-13.327231407165527,0.03730056807398796,0.03840995579957962,-0.030108757317066193,0.06142633035778999,2.9943346454190283,18.45505128415666,12.2816792459378,-13.417387102330533
358,20.202360153198242,12.166666984558105,-10.293617248535156,-0.01411422062665224,-0.01166111696511507,0.0010712844086810946,0.01833958923816681,2.9943346454190283,20.160097453382768,12.131749698025178,-10.290409464515145
359,21.563913345336914,12.166666984558105,-7.006539821624756,-0.03831486776471138,-0.033177416771650314,0.013301064260303974,0.05239931866526604,2.9943346454190283,21.44918580935439,12.067322696073246,-6.966711984089183
360,22.394489288330078,12.166666984558105,-3.546938896179199,0.0039639342576265335,0.0030419942922890186,0.00411587068811059,0.006473553832620382,2.9943346454190283,22.40635863400985,12.175775733458673,-3.534614601981725
361,21.504837036132812,13.6875,0.0,0.027281465008854866,0.023092154413461685,2.9945463886349444e-09,0.03574249520897865,2.9943346454190283,21.586526871986614,13.756645637997595,8.966673998804048e-09
362,21.240076065063477,13.6875,3.364098072052002,0.001170625095255673,0.0011893168557435274,-0.0017408962594345212,0.002411546651273966,2.9943346454190283,21.243581308342996,13.691061212665534,3.3588852460682967
363,20.452314376831055,13.6875,6.645359992980957,-0.029250741004943848,-0.025623980909585953,-0.009337102063000202,0.03999219462275505,2.9943346454190283,20.36472786963577,13.61077322620887,6.6174015847859025
364,19.16094970703125,13.6875,9.762990951538086,-0.006157145369797945,-0.005869215354323387,-0.00022371957311406732,0.008509299717843533,2.9943346454190283,19.14251315333358,13.669925605123124,9.762321060269452
365,17.397777557373047,13.6875,12.640226364135742,0.03185544162988663,0.032041773200035095,0.023384883999824524,0.050875309854745865,2.9943346454190283,17.49316340989054,13.783443791593523,12.710248532475521
366,15.206215858459473,13.6875,15.206215858459473,0.01596607267856598,0.017221035435795784,0.01065285224467516,0.0257868729531765,2.9943346454190283,15.25402362303218,13.739065543035393,15.238114063008233
367,12.640226364135742,13.6875,17.397777557373047,-0.027459632605314255,-0.03838421776890755,-0.04045065864920616,0.06215814873576164,2.9943346454190283,12.558003034875172,13.572564806897251,17.27665474874971
368,9.762990951538086,13.6875,19.16094970703125,-0.02449657954275608,-0.03809915855526924,-0.03746552765369415,0.05878174677491188,2.9943346454190283,9.689639994718949,13.573418369576645,19.048765379568888
369,6.645359992980957,13.6875,20.452314376831055,0.011369708925485611,0.037572335451841354,0.04876446723937988,0.06260130554437637,2.9943346454190283,6.679404706324869,13.800004145752753,20.598331510551333
370,3.364098072052002,13.6875,21.240076065063477,0.017431259155273438,0.06692354381084442,0.07963039726018906,0.1054685190320015,2.9943346454190283,3.416293095253915,13.88789148582703,21.47851612240814
371,0.0,13.6875,21.504837036132812,0.007916033267974854,-0.021656591445207596,-0.03185577690601349,0.039325080811977386,2.9943346454190283,0.023703252668586715,13.62265291793393,21.409450179686395
372,-3.364098072052002,13.6875,21.240076065063477,0.016195213422179222,-0.09534600377082825,-0.11824318766593933,0.15275666117668152,2.9943346454190283,-3.3156041834120153,13.402002157606756,20.88601639165057
373,-6.645359992980957,13.6875,20.452314376831055,-0.007251319475471973,-0.012580852955579758,-0.01374322734773159,0.019993392750620842,2.9943346454190283,-6.667072870111364,13.649828716126185,20.411162555043873
374,-9.762990951538086,13.6875,19.16094970703125,-0.066075898706913,0.11090829968452454,0.12505553662776947,0.17973747849464417,2.9943346454190283,-9.960844304263395,14.019596564209888,19.535407832957247
375,-12.640226364135742,13.6875,17.397777557373047,-0.032173145562410355,0.05942205339670181,0.06499972194433212,0.09376063197851181,2.9943346454190283,-12.736563528545377,13.865429513187683,17.592408476733564
376,-15.206215858459473,13.6875,15.206215858459473,0.10010142624378204,-0.10417664051055908,-0.08911721408367157,0.1697496622800827,2.9943346454190283,-14.906478689801858,13.37556027607587,14.93936909682551
377,-17.397777557373047,13.6875,12.640226364135742,0.10140809416770935,-0.10637184977531433,-0.08624836802482605,0.17040349543094635,2.9943346454190283,-17.09412778768076,13.368987084920468,12.381969887648156
378,-19.16094970703125,13.6875,9.762990951538086,-0.09005553275346756,0.07383747398853302,0.03176020458340645,0.12070908397436142,2.9943346454190283,-19.430606108766625,13.90859410649409,9.858091632467776
379,-20.452314376831055,13.6875,6.645359992980957,-0.16597090661525726,0.1402677446603775,0.05989871174097061,0.22540906071662903,2.9943346454190283,-20.949286812640725,14.107508567471358,6.8247167807629125
380,-21.240076065063477,13.6875,3.364098072052002,0.035911377519369125,-0.026585007086396217,0.009703733026981354,0.04572255536913872,2.9943346454190283,-21.132545383192507,13.607895592232493,3.3931542960445893
381,-21.504837036132812,13.6875,0.0,0.1918131411075592,-0.1524590253829956,2.5686219373710628e-08,0.24502252042293549,2.9943346454190283,-20.9304843022678,13.230986658288877,7.691313658053519e-08
382,-21.240076065063477,13.6875,-3.364098072052002,0.03591198846697807,-0.026585500687360764,-0.009703625924885273,0.04572330042719841,2.9943346454190283,-21.132543553810915,13.607894114226024,-3.393153975345072
383,-20.452314376831055,13.6875,-6.645359992980957,-0.16597068309783936,0.14026756584644318,-0.05989868938922882,0.22540876269340515,2.9943346454190283,-20.949286143354776,14.107508032042599,-6.824716713834318
384,-19.16094970703125,13.6875,-9.762990951538086,-0.09005597978830338,0.07383789122104645,-0.03176046535372734,0.12070973962545395,2.9943346454190283,-19.430607447338524,13.908595355827861,-9.858092413301382
385,-17.397777557373047,13.6875,-12.640226364135742,0.10140775889158249,-0.10637154430150986,0.08624816685914993,0.17040300369262695,2.9943346454190283,-17.09412879160968,13.368987999611264,-12.381970490005509
386,-15.206215858459473,13.6875,-15.206215858459473,0.10010164231061935,-0.10417691618204117,0.08911748230457306,0.16975009441375732,2.9943346454190283,-14.906478042825443,13.3755594506232,-14.939368293682373
387,-12.640226364135742,13.6875,-17.397777557373047,-0.032172854989767075,0.059421688318252563,-0.06499934941530228,0.09376004338264465,2.9943346454190283,-12.736562658473645,13.865428420020635,-17.592407361256985
388,-9.762990951538086,13.6875,-19.16094970703125,-0.06607592105865479,0.11090841889381409,-0.12505567073822021,0.1797376573085785,2.9943346454190283,-9.960844371191989,14.019596921162394,-19.535408234528816
389,-6.645359992980957,13.6875,-20.452314376831055,-0.007251454517245293,-0.012580503709614277,0.013742807321250439,0.01999293453991413,2.9943346454190283,-6.667073274471625,13.64982976188548,-20.411163812743716
390,-3.364098072052002,13.6875,-21.240076065063477,0.016195174306631088,-0.09534598141908646,0.11824314296245575,0.15275660157203674,2.9943346454190283,-3.3156043005370566,13.40200222453535,-20.88601652550776
391,-0.0,13.6875,-21.504837036132812,0.007916020229458809,-0.021656863391399384,0.03185611218214035,0.03932550176978111,2.9943346454190283,0.0237032136269064,13.622652103636026,-21.409449175757473
392,3.364098072052002,13.6875,-21.240076065063477,0.01743125542998314,0.06692343950271606,-0.07963024824857712,0.10546834021806717,2.9943346454190283,3.416293084099149,13.887891173493587,-21.47851567621751
393,6.645359992980957,13.6875,-20.452314376831055,0.011369788087904453,0.037572506815195084,-0.048764657229185104,0.06260157376527786,2.9943346454190283,6.679404943363642,13.80000465887198,-20.598332079444386
394,9.762990951538086,13.6875,-19.16094970703125,-0.02449651062488556,-0.038099028170108795,0.03746537119150162,0.05878153443336487,2.9943346454190283,9.689640201082115,13.573418759993448,-19.048765848069053
395,12.640226364135742,13.6875,-17.397777557373047,-0.027459701523184776,-0.03838430345058441,0.04045072942972183,0.06215827539563179,2.9943346454190283,12.558002828512004,13.572564550337638,-17.27665453680916
396,15.206215858459473,13.6875,-15.206215858459473,0.01596597023308277,0.017220916226506233,-0.010652746073901653,0.025786686688661575,2.9943346454190283,15.254023316276122,13.739065186082886,-15.238113745097408
397,17.397777557373047,13.6875,-12.640226364135742,0.03185547515749931,0.03204180672764778,-0.02338489703834057,0.05087536200881004,2.9943346454190283,17.49316351028343,13.783443891986416,-12.710248571517202
398,19.16094970703125,13.6875,-9.762990951538086,-0.006157043389976025,-0.005869121290743351,0.00022366778284776956,0.00850916001945734,2.9943346454190283,19.142513458695298,13.66992588678096,-9.76232121534684
399,20.452314376831055,13.6875,-6.645359992980957,-0.029250750318169594,-0.0256239902228117,0.009337097406387329,0.039992205798625946,2.9943346454190283,20.36472784174886,13.610773198321956,-6.6174015987293595
400,21.240076065063477,13.6875,-3.364098072052002,0.0011705331271514297,0.001189238391816616,0.001740910462103784,0.0024114735424518585,2.9943346454190283,21.243581032959717,13.691060977718278,-3.358885203540752
401,20.33603286743164,15.208333015441895,0.0,0.0054873633198440075,0.005814625881612301,1.6299247507234327e-09,0.007995062507689,2.9943346454190283,20.35246386953225,15.225743951169356,4.880540150517148e-09
402,20.085662841796875,15.208333015441895,3.181256055831909,-0.001465461915358901,-0.0008719174074940383,-0.0013223076239228249,0.00215784995816648,2.9943346454190283,20.081274758412174,15.205722202940692,3.1772966243016953
403,19.340717315673828,15.208333015441895,6.284180164337158,-0.007424203213304281,-0.007387910503894091,-0.001930375350639224,0.010650182142853737,2.9943346454190283,19.3184867667776,15.186211139062829,6.278399974546076
404,18.119537353515625,15.208333015441895,9.232365608215332,0.0024714693427085876,0.0016072213184088469,0.0032508629374206066,0.004388556815683842,2.9943346454190283,18.126937759793588,15.213145573918462,9.242099779736359
405,16.45219612121582,15.208333015441895,11.95322036743164,0.011423465795814991,0.01176941767334938,0.0077096885070204735,0.01812330074608326,2.9943346454190283,16.48640180061899,15.243574590537612,11.9763057548336
406,14.37974739074707,15.208333015441895,14.37974739074707,0.0009441331494599581,0.0008113341755233705,-0.0033148357179015875,0.003540873760357499,2.9943346454190283,14.382574441346387,15.210762421472676,14.369821663313084
407,11.95322036743164,15.208333015441895,16.45219612121582,-0.012758075259625912,-0.017575910314917564,-0.018252117559313774,0.028369365260004997,2.9943346454190283,11.91501842067288,15.15570485826116,16.397543173255706
408,9.232365608215332,15.208333015441895,18.119537353515625,-0.007215372286736965,-0.008522627875208855,-0.004537639208137989,0.012053504586219788,2.9943346454190283,9.210760368997558,15.182813415525143,18.105950143226284
409,6.284180164337158,15.208333015441895,19.340717315673828,0.006483323872089386,0.021463697776198387,0.028450271114706993,0.03622349724173546,2.9943346454190283,6.303593405624827,15.27260250931197,19.42590694814416
410,3.181256055831909,15.208333015441895,20.085662841796875,0.008729672059416771,0.02206374704837799,0.023657159879803658,0.033506374806165695,2.9943346454190283,3.207395615322567,15.274399257636615,20.156500295237187
411,0.0,15.208333015441895,20.33603286743164,0.006087264511734247,-0.018331002444028854,-0.027105677872896194,0.03328360244631767,2.9943346454190283,0.0182273070233156,15.153443859738479,20.25486939708926
412,-3.181256055831909,15.208333015441895,20.085662841796875,0.00390896899625659,-0.03781735897064209,-0.046443063765764236,0.06001992151141167,2.9943346454190283,-3.1695512945385493,15.095095187277852,19.94659676692364
413,-6.284180164337158,15.208333015441895,19.340717315673828,-0.012298621237277985,0.004706967622041702,0.007068532519042492,0.014945761300623417,2.9943346454190283,-6.321006351998826,15.22242725166744,19.361882867487868
414,-9.232365608215332,15.208333015441895,18.119537353515625,-0.028776343911886215,0.04835089296102524,0.05503028258681297,0.07870335876941681,2.9943346454190283,-9.318531611759186,15.35311176937204,18.284316435212517
415,-11.95322036743164,15.208333015441895,16.45219612121582,-0.0020554172806441784,0.017206216230988503,0.02136615291237831,0.027509836480021477,2.9943346454190283,-11.959374974605867,15.259854184818915,16.516173533120675
416,-14.37974739074707,15.208333015441895,14.37974739074707,0.04774875193834305,-0.04722869023680687,-0.03925422579050064,0.07779066264629364,2.9943346454190283,-14.23677164854257,15.06691451200806,14.262207102483472
417,-16.45219612121582,15.208333015441895,11.95322036743164,0.034247156232595444,-0.03998148441314697,-0.036222245544195175,0.06390178203582764,2.9943346454190283,-16.349648674801482,15.088615071488327,11.844758842663783
418,-18.119537353515625,15.208333015441895,9.232365608215332,-0.04366627335548401,0.0336759015917778,0.01047156285494566,0.05612898990511894,2.9943346454190283,-18.25028878866029,15.309169934293877,9.263720971663579
419,-19.340717315673828,15.208333015441895,6.284180164337158,-0.06494128704071045,0.05604838579893112,0.026427503675222397,0.08976193517446518,2.9943346454190283,-19.535173261377928,15.376160638859446,6.363312954183815
420,-20.085662841796875,15.208333015441895,3.181256055831909,0.017324194312095642,-0.0120670972391963,0.010220582596957684,0.023456403985619545,2.9943346454190283,-20.033788406564195,15.172200088108928,3.2118599003983466
421,-20.33603286743164,15.208333015441895,0.0,0.07699338346719742,-0.06164785474538803,2.164147794303517e-08,0.09863284975290298,2.9943346454190283,-20.10548891184778,15.02373870816202,6.480182718290194e-08
422,-20.085662841796875,15.208333015441895,-3.181256055831909,0.01732443831861019,-0.012067296542227268,-0.010220535099506378,0.023456664755940437,2.9943346454190283,-20.033787675927037,15.172199491328959,-3.2118597581750823
423,-19.340717315673828,15.208333015441895,-6.284180164337158,-0.0649411752820015,0.05604831129312515,-0.026427509263157845,0.08976180851459503,2.9943346454190283,-19.535172926734955,15.37616041576413,-6.363312970915964
424,-18.119537353515625,15.208333015441895,-9.232365608215332,-0.04366644099354744,0.033676065504550934,-0.010471676476299763,0.05612923949956894,2.9943346454190283,-18.25028929062475,15.309170425103572,-9.263721311883936
425,-16.45219612121582,15.208333015441895,-11.95322036743164,0.03424699231982231,-0.03998134657740593,0.03622216358780861,0.06390156596899033,2.9943346454190283,-16.349649165611176,15.088615484214662,-11.84475908806863
426,-14.37974739074707,15.208333015441895,-14.37974739074707,0.047748807817697525,-0.04722878709435463,0.039254330098629,0.07779080420732498,2.9943346454190283,-14.236771481221083,15.066914221984149,-14.26220679015003
427,-11.95322036743164,15.208333015441895,-16.45219612121582,-0.002055283635854721,0.01720605231821537,-0.02136598713696003,0.027509594336152077,2.9943346454190283,-11.959374574428644,15.25985369400922,-16.516173036733598
428,-9.232365608215332,15.208333015441895,-18.119537353515625,-0.028776317834854126,0.04835091158747673,-0.05503030866384506,0.0787033811211586,2.9943346454190283,-9.318531533675825,15.353111825145868,-18.28431651329588
429,-6.284180164337158,15.208333015441895,-19.340717315673828,-0.012298672460019588,0.004707113839685917,-0.007068709935992956,0.01494593359529972,2.9943346454190283,-6.321006505376856,15.222427689491997,-19.36188339873359
430,-3.181256055831909,15.208333015441895,-20.085662841796875,0.003908932209014893,-0.03781731426715851,0.04644300043582916,0.0600198395550251,2.9943346454190283,-3.1695514046918616,15.095095321135043,-19.94659695655466
431,-0.0,15.208333015441895,-20.33603286743164,0.006087249610573053,-0.018331101164221764,0.027105795219540596,0.03328375145792961,2.9943346454190283,0.018227262404252383,15.153443564137184,-20.254869045714138
432,3.181256055831909,15.208333015441895,-20.085662841796875,0.008729670196771622,0.02206367813050747,-0.02365706115961075,0.03350626304745674,2.9943346454190283,3.2073956097451846,15.274399051273447,-20.156499999635894
433,6.284180164337158,15.208333015441895,-19.340717315673828,0.006483354140073061,0.021463746204972267,-0.028450313955545425,0.03622356429696083,2.9943346454190283,6.3035934962572995,15.272602654323924,-19.425907076423965
434,9.232365608215332,15.208333015441895,-18.119537353515625,-0.00721533689647913,-0.008522561751306057,0.004537559580057859,0.012053405866026878,2.9943346454190283,9.210760474967834,15.182813613522235,-18.105950381659405
435,11.95322036743164,15.208333015441895,-16.45219612121582,-0.012758088298141956,-0.01757592335343361,0.018252115696668625,0.028369378298521042,2.9943346454190283,11.9150183816312,15.155704819219478,-16.39754317883309
436,14.37974739074707,15.208333015441895,-14.37974739074707,0.000944090832490474,0.0008112856885418296,0.003314877161756158,0.003540890058502555,2.9943346454190283,14.38257431463522,15.210762276286427,-14.369821539216316
437,16.45219612121582,15.208333015441895,-11.95322036743164,0.011423461139202118,0.011769413948059082,-0.007709675468504429,0.018123291432857513,2.9943346454190283,16.486401786675533,15.243574579382846,-11.97630571579192
438,18.119537353515625,15.208333015441895,-9.232365608215332,0.0024715003091841936,0.0016072520520538092,-0.003250876674428582,0.0043885959312319756,2.9943346454190283,18.126937852517578,15.21314566594528,-9.242099820869559
439,19.340717315673828,15.208333015441895,-6.284180164337158,-0.00742419483140111,-0.007387905847281218,0.001930368016473949,0.010650170966982841,2.9943346454190283,19.318486791875824,15.186211153006287,-6.278399996507021
440,20.085662841796875,15.208333015441895,-3.181256055831909,-0.0014654817059636116,-0.0008719379547983408,0.0013223099522292614,0.002157873008400202,2.9943346454190283,20.08127469915248,15.205722141415187,-3.177296617329967
441,19.633617401123047,16.729167938232422,0.0,-0.00809337105602026,-0.0009752677287906408,-9.016382085391683e-10,0.008151920512318611,2.9943346454190283,19.609383139771772,16.726247660283544,-2.6998065254623784e-09
442,19.391895294189453,16.729167938232422,3.07137393951416,-0.0017613496165722609,-0.0009674376924522221,0.000261761131696403,0.002026525791734457,2.9943346454190283,19.386621224009854,16.726271106032627,3.0721577399396227
443,18.672679901123047,16.729167938232422,6.0671210289001465,0.007421902380883694,0.00033497688127681613,0.002721195574849844,0.007912126369774342,2.9943346454190283,18.694903560557044,16.730170971113445,6.07526919908688
444,17.493680953979492,16.729167938232422,8.91347599029541,0.0050206175073981285,0.0026662731543183327,0.0020569139160215855,0.006045370828360319,2.9943346454190283,17.508714362923293,16.737151652312548,8.919635078896798
445,15.883930206298828,16.729167938232422,11.540350914001465,-0.005276854149997234,0.0016207252629101276,-0.004573993384838104,0.007168916054069996,2.9943346454190283,15.868129539098668,16.73402093203786,11.526654847141327
446,13.883064270019531,16.729167938232422,13.883064270019531,-0.007127389777451754,-0.0034979437477886677,-0.006792879197746515,0.010448851622641087,2.9943346454190283,13.861722479877502,16.718693924080693,13.862724116495572
447,11.540350914001465,16.729167938232422,15.883930206298828,0.0016502058133482933,-0.004860412795096636,0.0038206579629331827,0.00639876676723361,2.9943346454190283,11.545292182440445,16.714614235809027,15.895370534805535
448,8.91347599029541,16.729167938232422,17.493680953979492,0.006234572269022465,0.002322121988981962,0.01272508967667818,0.014359318651258945,2.9943346454190283,8.932144386039912,16.73612114855492,17.531784130864434
449,6.0671210289001465,16.729167938232422,18.672679901123047,0.0015523475594818592,0.008499315939843655,0.0014349751872941852,0.008758271113038063,2.9943346454190283,6.071769276979235,16.754617734413458,18.676976697041678
450,3.07137393951416,16.729167938232422,19.391895294189453,-0.0015549720264971256,0.0020184810273349285,-0.015678444877266884,0.01588413678109646,2.9943346454190283,3.066717832902562,16.735211945903693,19.34494878350716
451,0.0,16.729167938232422,19.633617401123047,-0.0006212009466253221,-0.010029644705355167,-0.009157505817711353,0.013595571741461754,2.9943346454190283,-0.0018600835162472986,16.699135825609932,19.606196764187448
452,-3.07137393951416,16.729167938232422,19.391895294189453,-0.0033595236018300056,-0.008713158778846264,0.012409601360559464,0.01553073525428772,2.9943346454190283,-3.0814334774272227,16.703077825029887,19.429053793479216
453,-6.0671210289001465,16.729167938232422,18.672679901123047,-0.004514256026595831,0.006866028532385826,0.013151826336979866,0.01550778467208147,2.9943346454190283,-6.080638222118874,16.74972712534338,18.7120608703744
454,-8.91347599029541,16.729167938232422,17.493680953979492,0.004499771632254124,0.014195810072124004,-0.006413523107767105,0.016214260831475258,2.9943346454190283,-8.900002168200478,16.771674944151172,17.47447671953871
455,-11.540350914001465,16.729167938232422,15.883930206298828,0.009184873662889004,0.0006036892882548273,-0.011285809800028801,0.014563511125743389,2.9943346454190283,-11.51284832857888,16.730975585983312,15.850136715012992
456,-13.883064270019531,16.729167938232422,13.883064270019531,-0.0036161579191684723,-0.014890395104885101,0.0031150432769209146,0.0156366229057312,2.9943346454190283,-13.893892256960203,16.684581112285887,13.892391752025596
457,-15.883930206298828,16.729167938232422,11.540350914001465,-0.011853900738060474,-0.008717549033463001,0.00781927164644003,0.016662882640957832,2.9943346454190283,-15.919424751962161,16.703064679138386,11.563764429994343
458,-17.493680953979492,16.729167938232422,8.91347599029541,0.003339173039421439,0.010546097531914711,-0.0018019377021118999,0.01120790932327509,2.9943346454190283,-17.483682352460505,16.7607464834462,8.90808038580509
459,-18.672679901123047,16.729167938232422,6.0671210289001465,0.014802237041294575,0.013982881791889668,-0.0045912498608231544,0.02087359130382538,2.9943346454190283,-18.628357049920595,16.771037365624675,6.053373290376109
460,-19.391895294189453,16.729167938232422,3.07137393951416,-0.0016687801107764244,-0.0036794079933315516,0.00034784694435074925,0.004055103752762079,2.9943346454190283,-19.396892180290738,16.71815055940336,3.072415509670933
461,-19.633617401123047,16.729167938232422,0.0,-0.016585698351264,-0.01562456414103508,1.0022760399408526e-10,0.022786231711506844,2.9943346454190283,-19.683280532314704,16.68238276450535,3.0011498706682805e-10
462,-19.391895294189453,16.729167938232422,-3.07137393951416,-0.0016688333125784993,-0.0036794585175812244,-0.0003478551225271076,0.0040551722049713135,2.9943346454190283,-19.396892339594736,16.718150408116845,-3.0724155341591297
463,-18.672679901123047,16.729167938232422,-6.0671210289001465,0.014802227728068829,0.013982857577502728,0.004591246601194143,0.02087356708943844,2.9943346454190283,-18.628357077807507,16.7710372931187,-6.053373300136529
464,-17.493680953979492,16.729167938232422,-8.91347599029541,0.0033392170444130898,0.010546136647462845,0.0018019585404545069,0.011207963339984417,2.9943346454190283,-17.48368222069483,16.76074660057124,-8.908080323408118
465,-15.883930206298828,16.729167938232422,-11.540350914001465,-0.011853889562189579,-0.008717505261301994,-0.007819263264536858,0.016662847250699997,2.9943346454190283,-15.919424718497863,16.703064810206882,-11.56376440489612
466,-13.883064270019531,16.729167938232422,-13.883064270019531,-0.0036161928437650204,-0.014890411868691444,-0.003115074709057808,0.01563665270805359,2.9943346454190283,-13.893892361536134,16.68458106208944,-13.892391846143932
467,-11.540350914001465,16.729167938232422,-15.883930206298828,0.00918486062437296,0.0006036388804204762,0.011285795830190182,0.014563489705324173,2.9943346454190283,-11.51284836762056,16.730975435045387,-15.850136756843364
468,-8.91347599029541,16.729167938232422,-17.493680953979492,0.004499795380979776,0.014195798896253109,0.00641356548294425,0.016214273869991302,2.9943346454190283,-8.900002097088846,16.771674910686873,-17.47447659265325
469,-6.0671210289001465,16.729167938232422,-18.672679901123047,-0.004514241125434637,0.00686606764793396,-0.013151795603334904,0.015507771633565426,2.9943346454190283,-6.080638177499811,16.74972724246842,-18.71206077834758
470,-3.07137393951416,16.729167938232422,-19.391895294189453,-0.0033595291897654533,-0.008713128976523876,-0.012409640476107597,0.015530751086771488,2.9943346454190283,-3.0814334941593713,16.70307791426801,-19.429053910604257
471,-0.0,16.729167938232422,-19.633617401123047,-0.0006212049629539251,-0.01002966146916151,0.009157457388937473,0.013595552183687687,2.9943346454190283,-0.001860095542479182,16.699135775413488,-19.606196909199404
472,3.07137393951416,16.729167938232422,-19.391895294189453,-0.0015549779636785388,0.0020184486638754606,0.015678463503718376,0.0158841535449028,2.9943346454190283,3.0667178151246546,16.735211848996663,-19.344948727733332
473,6.0671210289001465,16.729167938232422,-18.672679901123047,0.0015523334732279181,0.008499314077198505,-0.0014349259436130524,0.008758259005844593,2.9943346454190283,6.071769234800277,16.754617728836074,-18.676976549589618
474,8.91347599029541,16.729167938232422,-17.493680953979492,0.006234573200345039,0.002322144340723753,-0.012725083157420158,0.01435931771993637,2.9943346454190283,8.932144388828604,16.736121215483514,-17.531784111343594
475,11.540350914001465,16.729167938232422,-15.883930206298828,0.001650229562073946,-0.004860402084887028,-0.0038206905592232943,0.006398784462362528,2.9943346454190283,11.545292253552077,16.71461426787898,-15.895370632409735
476,13.883064270019531,16.729167938232422,-13.883064270019531,-0.007127377670258284,-0.0034979539923369884,0.006792863830924034,0.010448836721479893,2.9943346454190283,13.861722516130492,16.718693893405085,-13.862724162508982
477,15.883930206298828,16.729167938232422,-11.540350914001465,-0.005276875104755163,0.0016207145527005196,0.004574006889015436,0.007168937940150499,2.9943346454190283,15.868129476353111,16.73402089996791,-11.5266548067053
478,17.493680953979492,16.729167938232422,-8.91347599029541,0.005020596086978912,0.0026662747841328382,-0.002056901343166828,0.006045349407941103,2.9943346454190283,17.50871429878339,16.737151657192758,-8.919635041249464
479,18.672679901123047,16.729167938232422,-6.0671210289001465,0.007421914022415876,0.00033498310949653387,-0.002721197437494993,0.007912138476967812,2.9943346454190283,18.69490359541569,16.73017098976282,-6.075269204664263
480,19.391895294189453,16.729167938232422,-3.07137393951416,-0.001761323306709528,-0.0009674349566921592,-0.0002617657883092761,0.002026502275839448,2.9943346454190283,19.386621302790388,16.72627111422441,-3.07215775388308
481,18.931201934814453,18.25,0.0,-0.011727189645171165,-0.003057328751310706,-2.8150062281184773e-09,0.012119168415665627,2.9943346454190283,18.89608680456652,18.240845334597516,-8.429070675925497e-09
482,18.69812774658203,18.25,2.9614920616149902,-0.0005914244684390724,-0.0003639819333329797,0.0016782066086307168,0.0018162167398259044,2.9943346454190283,18.696356823806035,18.248910116286716,2.9665171738053844
483,18.004642486572266,18.25,5.850062847137451,0.01247139647603035,0.003207752713933587,0.004233233630657196,0.013555281795561314,2.9943346454190283,18.0419860211172,18.25960508508527,5.862738565259881
484,16.86782455444336,18.25,8.594586372375488,0.0029221107251942158,0.0013204641873016953,-0.0008854123298078775,0.0033266067039221525,2.9943346454190283,16.87657433182556,18.253953911664073,8.591935151560863
485,15.315664291381836,18.25,11.127481460571289,-0.013291938230395317,-0.003504581982269883,-0.010499915108084679,0.017297569662332535,2.9943346454190283,15.275863780233793,18.239506108752778,11.096041200989193
486,13.386381149291992,18.25,13.386381149291992,-0.007482373155653477,-0.0029408209957182407,-0.003693915205076337,0.008847561664879322,2.9943346454190283,13.363976420122066,18.241194197806546,13.375320331016193
487,11.127481460571289,18.25,15.315664291381836,0.010532938875257969,0.0033202252816408873,0.017696592956781387,0.020859915763139725,2.9943346454190283,11.159020604363555,18.259941865591415,15.368653812778204
488,8.594586372375488,18.25,16.86782455444336,0.011164188385009766,0.005175588186830282,0.015507305972278118,0.019796524196863174,2.9943346454190283,8.628015688444707,18.265497443018248,16.914258617973264
489,5.850062847137451,18.25,18.004642486572266,-0.0024140693712979555,-0.001828102394938469,-0.01959376037120819,0.01982637494802475,2.9943346454190283,5.842834315582529,18.244526049663463,17.94597221105872
490,2.9614920616149902,18.25,18.69812774658203,-0.007231328170746565,-0.007019171491265297,-0.0321715883910656,0.03371308371424675,2.9943346454190283,2.9398390451409293,18.228982251621566,18.6017952448645
491,0.0,18.25,18.931201934814453,-0.005633492488414049,-0.0008625600021332502,0.010161430574953556,0.01165053341537714,2.9943346454190283,-0.01686856173276604,18.24741720670186,18.96162865843206
492,-2.9614920616149902,18.25,18.69812774658203,-0.0068134586326777935,0.007458627689629793,0.044015903025865555,0.04516031593084335,2.9943346454190283,-2.9818938368539465,18.27233362729834,18.829926089961784
493,-5.850062847137451,18.25,18.004642486572266,0.004464579280465841,0.0035707575734704733,0.007916856557130814,0.00976521335542202,2.9943346454190283,-5.836694402720732,18.260692043112634,18.028348204444097
494,-8.594586372375488,18.25,16.86782455444336,0.024592071771621704,-0.006778102368116379,-0.04298263415694237,0.04998219013214111,2.9943346454190283,-8.52094947986709,18.22970409324895,16.739120163835857
495,-11.127481460571289,18.25,15.315664291381836,0.009791967459022999,-0.005632323678582907,-0.024892615154385567,0.027335835620760918,2.9943346454190283,-11.09816103316192,18.233134938075004,15.241127471409976
496,-13.386381149291992,18.25,13.386381149291992,-0.0362490713596344,0.005839928053319454,0.02906527929008007,0.04682830721139908,2.9943346454190283,-13.494922999528413,18.26748669889681,13.47341232204906
497,-15.315664291381836,18.25,11.127481460571289,-0.03372732177376747,0.007584787905216217,0.03153863176703453,0.04679472744464874,2.9943346454190283,-15.416655179466224,18.272711393202744,11.221918678340433
498,-16.86782455444336,18.25,8.594586372375488,0.033594049513339996,-0.0044537996873259544,-0.00854506529867649,0.034948743879795074,2.9943346454190283,-16.767232728105643,18.236663833292482,8.568999587304294
499,-18.004642486572266,18.25,5.850062847137451,0.057819873094558716,-0.009653298184275627,-0.022358866408467293,0.06273948401212692,2.9943346454190283,-17.831510437371495,18.221094794804262,5.783112918818282
500,-18.69812774658203,18.25,2.9614920616149902,-0.013904359191656113,0.0017613228410482407,-0.007285689935088158,0.015796035528182983,2.9943346454190283,-18.739762051031956,18.255273990004717,2.939676267826575
501,-18.931201934814453,18.25,0.0,-0.06829967349767685,0.010652763769030571,-1.5908513617546305e-08,0.06912544369697571,2.9943346454190283,-19.135714013439355,18.28189793962307,-4.76354134821393e-08
502,-18.69812774658203,18.25,-2.9614920616149902,-0.013904576189815998,0.0017613571835681796,0.007285649888217449,0.01579621247947216,2.9943346454190283,-18.739762700797066,18.255274092837716,-2.9396763877403074
503,-18.004642486572266,18.25,-5.850062847137451,0.05781978741288185,-0.009653287939727306,0.022358868271112442,0.06273940205574036,2.9943346454190283,-17.83151069393111,18.22109482547987,-5.783112913240899
504,-16.86782455444336,18.25,-8.594586372375488,0.03359420225024223,-0.00445382809266448,0.008545161224901676,0.034948915243148804,2.9943346454190283,-16.767232270760246,18.236663748237394,-8.568999300069073
505,-15.315664291381836,18.25,-11.127481460571289,-0.03372719883918762,0.007584770675748587,-0.03153856843709946,0.046794593334198,2.9943346454190283,-15.416654811358951,18.272711341611952,-11.221918488709415
506,-13.386381149291992,18.25,-13.386381149291992,-0.03624913841485977,0.005839949939399958,-0.02906537987291813,0.04682842642068863,2.9943346454190283,-13.494923200314197,18.26748676443106,-13.473412623227736
507,-11.127481460571289,18.25,-15.315664291381836,0.009791862219572067,-0.005632302723824978,0.024892492219805717,0.02733568288385868,2.9943346454190283,-11.098161348284055,18.233135000820564,-15.241127839517247
508,-8.594586372375488,18.25,-16.86782455444336,0.024592075496912003,-0.00677811773493886,0.042982690036296844,0.04998224601149559,2.9943346454190283,-8.520949468712324,18.229704047235543,-16.73911999651437
509,-5.850062847137451,18.25,-18.004642486572266,0.004464631900191307,0.0035707338247448206,-0.0079167066141963,0.009765107184648514,2.9943346454190283,-5.8366942451596655,18.260691972001002,-18.02834775546477
510,-2.9614920616149902,18.25,-18.69812774658203,-0.00681343674659729,0.00745863514021039,-0.044015899300575256,0.045160308480262756,2.9943346454190283,-2.981893771319698,18.272333649607873,-18.82992607880702
511,-0.0,18.25,-18.931201934814453,-0.005633488763123751,-0.0008625354385003448,-0.010161560960114002,0.011650643311440945,2.9943346454190283,-0.016868550578000237,18.247417280253597,-18.96162904884886
512,2.9614920616149902,18.25,-18.69812774658203,-0.007231335621327162,-0.007019169628620148,0.03217153623700142,0.03371303528547287,2.9943346454190283,2.9398390228313978,18.22898225719895,-18.601795401031225
513,5.850062847137451,18.25,-18.004642486572266,-0.00241410406306386,-0.0018281230004504323,0.01959383860230446,0.019826458767056465,2.9943346454190283,5.842834211703773,18.244525987963662,-17.945971976808636
514,8.594586372375488,18.25,-16.86782455444336,0.0111641651019454,0.005175578873604536,-0.015507240779697895,0.019796457141637802,2.9943346454190283,8.62801561872742,18.265497415131332,-16.914258422764863
515,11.127481460571289,18.25,-15.315664291381836,0.01053297147154808,0.003320238785818219,-0.017696622759103775,0.020859960466623306,2.9943346454190283,11.159020701967755,18.25994190602744,-15.368653902016332
516,13.386381149291992,18.25,-13.386381149291992,-0.007482331246137619,-0.0029408091213554144,0.003693867940455675,0.008847502991557121,2.9943346454190283,13.36397654561318,18.24119423336236,-13.375320472542283
517,15.315664291381836,18.25,-11.127481460571289,-0.01329195499420166,-0.0035045885015279055,0.010499916970729828,0.017297586426138878,2.9943346454190283,15.275863730037347,18.239506089231938,-11.096041195411809
518,16.86782455444336,18.25,-8.594586372375488,0.002922067418694496,0.0013204530114308,0.0008854357292875648,0.0033265703823417425,2.9943346454190283,16.876574202151406,18.253953878199773,-8.591935081494992
519,18.004642486572266,18.25,-5.850062847137451,0.012471401132643223,0.003207755507901311,-0.004233228974044323,0.013555285520851612,2.9943346454190283,18.041986035060656,18.25960509345134,-5.862738551316424
520,18.69812774658203,18.25,-2.9614920616149902,-0.0005913849454373121,-0.0003639716887846589,-0.0016782130114734173,0.0018162076594308019,2.9943346454190283,18.69635694215113,18.24891014696232,-2.966517192977638
521,18.699817657470703,19.770832061767578,0.0,-0.006697935983538628,-0.002318078186362982,-6.078542114096308e-10,0.007087724283337593,2.9943346454190283,18.679761795702394,19.76389095994336,-1.82011892458772e-09
522,18.46959114074707,19.770832061767578,2.9252960681915283,0.0008891901234164834,-0.00015074819384608418,0.0005509682232514024,0.0010568585712462664,2.9943346454190283,18.47225367353998,19.77038067122801,2.926945851430935
523,17.784582138061523,19.770832061767578,5.778561115264893,0.008097871206700802,0.0025306951720267534,0.002366158412769437,0.008807874284684658,2.9943346454190283,17.808829874369888,19.778409809998173,5.785646185376798
524,16.661659240722656,19.770832061767578,8.48953914642334,-0.001316942274570465,0.000662553240545094,-0.0014776100870221853,0.0020872578024864197,2.9943346454190283,16.657715874843895,19.77281596789018,8.485114687347348
525,15.128470420837402,19.770832061767578,10.991477012634277,-0.011092722415924072,-0.003071252955123782,-0.007637752220034599,0.013813629746437073,2.9943346454190283,15.095255097795384,19.761635702639204,10.968607026548701
526,13.22276782989502,19.770832061767578,13.22276782989502,-0.0016599295195192099,-0.0018549913074821234,0.0002510087797418237,0.0025018721353262663,2.9943346454190283,13.21779744542577,19.765277597028632,13.223519434180504
527,10.991477012634277,19.770832061767578,15.128470420837402,0.011769883334636688,0.003416012041270733,0.01627606339752674,0.02037423849105835,2.9943346454190283,11.02671998207572,19.781060744971924,15.177206401359653
528,8.48953914642334,19.770832061767578,16.661659240722656,0.006482935044914484,0.0038887066766619682,0.00821655336767435,0.011165224947035313,2.9943346454190283,8.508951223432328,19.78247615089538,16.68626235113742
529,5.778561115264893,19.770832061767578,17.784582138061523,-0.006196657661348581,-0.0026797079481184483,-0.022791989147663116,0.02377086877822876,2.9943346454190283,5.760006248543715,19.76280811941892,17.71633529531866
530,2.9252960681915283,19.770832061767578,18.46959114074707,-0.006142026279121637,-0.006022392772138119,-0.02478633262217045,0.02623653970658779,2.9943346454190283,2.9069047861108803,19.752799002441645,18.395372566243626
531,0.0,19.770832061767578,18.699817657470703,-0.0026764555368572474,0.000603597960434854,0.018470974639058113,0.01867363415658474,2.9943346454190283,-0.00801420354093524,19.772639436052412,18.75512593676709
532,-2.9252960681915283,19.770832061767578,18.46959114074707,-0.005104929208755493,0.007205843459814787,0.0407772958278656,0.04172256588935852,2.9943346454190283,-2.9405819345837165,19.792408768488766,18.59169201039095
533,-5.778561115264893,19.770832061767578,17.784582138061523,0.0046891942620277405,0.0020423466339707375,-0.0018468911293894053,0.005437897518277168,2.9943346454190283,-5.764520098427003,19.776947531051633,17.779051927966474
534,-8.48953914642334,19.770832061767578,16.661659240722656,0.023096207529306412,-0.007270710077136755,-0.044645749032497406,0.050789181143045425,2.9943346454190283,-8.42038137204055,19.74906112268681,16.527974927623966
535,-10.991477012634277,19.770832061767578,15.128470420837402,0.007501706015318632,-0.0045965490862727165,-0.01762286387383938,0.019696934148669243,2.9943346454190283,-10.969014394412861,19.75706845558918,15.075701668988462
536,-13.22276782989502,19.770832061767578,13.22276782989502,-0.03614198789000511,0.006619772873818874,0.032939933240413666,0.04934677109122276,2.9943346454190283,-13.330989036388377,19.790653877028458,13.32140101321458
537,-15.128470420837402,19.770832061767578,10.991477012634277,-0.031341079622507095,0.007169267628341913,0.027403533458709717,0.04224470630288124,2.9943346454190283,-15.222316101375911,19.792299248209403,11.073532362276591
538,-16.661659240722656,19.770832061767578,8.48953914642334,0.0338020958006382,-0.005038352683186531,-0.012622986920177937,0.03643221780657768,2.9943346454190283,-16.56044445417903,19.755745547772474,8.45174169935958
539,-17.784582138061523,19.770832061767578,5.778561115264893,0.055509332567453384,-0.009610477834939957,-0.020383981987833977,0.05990954861044884,2.9943346454190283,-17.61836862041071,19.742055075027384,5.717524651787124
540,-18.46959114074707,19.770832061767578,2.9252960681915283,-0.013907557353377342,0.0019607734866440296,-0.0031386527698487043,0.014391522854566574,2.9943346454190283,-18.51123502156344,19.776703273750456,2.91589789146283
541,-18.699817657470703,19.770832061767578,0.0,-0.06583037972450256,0.010710598900914192,-8.997903755414427e-09,0.06669599562883377,2.9943346454190283,-18.896935844200872,19.80290317912977,-2.69427349509834e-08
542,-18.46959114074707,19.770832061767578,-2.9252960681915283,-0.013907765969634056,0.0019608079455792904,0.0031386157497763634,0.014391720294952393,2.9943346454190283,-18.511235646230325,19.77670337693204,-2.915898002313315
543,-17.784582138061523,19.770832061767578,-5.778561115264893,0.05550925061106682,-0.009610465727746487,0.02038397081196308,0.05990947037935257,2.9943346454190283,-17.618368865815558,19.742055111280376,-5.717524685251421
544,-16.661659240722656,19.770832061767578,-8.48953914642334,0.03380224108695984,-0.0050383806228637695,0.012623073533177376,0.03643238544464111,2.9943346454190283,-16.560444019143166,19.75574546411173,-8.451741440011276
545,-15.128470420837402,19.770832061767578,-10.991477012634277,-0.031340956687927246,0.007169248070567846,-0.0274034570902586,0.0422445647418499,2.9943346454190283,-15.22231573326864,19.792299189646883,-11.073532133603893
546,-13.22276782989502,19.770832061767578,-13.22276782989502,-0.03614204749464989,0.006619792431592941,-0.03294001519680023,0.04934687167406082,2.9943346454190283,-13.33098921486463,19.790653935590978,-13.321401258619428
547,-10.991477012634277,19.770832061767578,-15.128470420837402,0.007501603569835424,-0.004596525803208351,0.017622729763388634,0.01969676837325096,2.9943346454190283,-10.96901470116892,19.75706852530647,-15.07570207056003
548,-8.48953914642334,19.770832061767578,-16.661659240722656,0.023096205666661263,-0.00727072125300765,0.044645775109529495,0.050789203494787216,2.9943346454190283,-8.420381377617932,19.74906108922251,-16.527974849540605
549,-5.778561115264893,19.770832061767578,-17.784582138061523,0.004689240362495184,0.002042322186753154,0.0018470389768481255,0.0054379780776798725,2.9943346454190283,-5.764519960386776,19.776947457848483,-17.779051485261707
550,-2.9252960681915283,19.770832061767578,-18.46959114074707,-0.005104911979287863,0.0072058457881212234,-0.040777258574962616,0.04172252491116524,2.9943346454190283,-2.9405818829929244,19.792408775460498,-18.59169189884329
551,-0.0,19.770832061767578,-18.699817657470703,-0.0026764492504298687,0.0006036203703843057,-0.018471084535121918,0.018673744052648544,2.9943346454190283,-0.008014184717267945,19.7726395031553,-18.755126265832683
552,2.9252960681915283,19.770832061767578,-18.46959114074707,-0.00614202069118619,-0.006022386718541384,0.02478625997900963,0.02623646892607212,2.9943346454190283,2.906904802843029,19.752799020568137,-18.39537278376156
553,5.778561115264893,19.770832061767578,-17.784582138061523,-0.006196682341396809,-0.0026797244790941477,0.022792041301727295,0.023770926520228386,2.9943346454190283,5.760006174643392,19.76280806991965,-17.71633513915194
554,8.48953914642334,19.770832061767578,-16.661659240722656,0.0064829024486243725,0.00388869596645236,-0.008216486312448978,0.011165152303874493,2.9943346454190283,8.508951125828128,19.78247611882543,-16.686262150351634
555,10.991477012634277,19.770832061767578,-15.128470420837402,0.011769897304475307,0.003416021354496479,-0.016276072710752487,0.020374253392219543,2.9943346454190283,11.026720023906092,19.781060772858837,-15.177206429246567
556,13.22276782989502,19.770832061767578,-13.22276782989502,-0.001659889705479145,-0.0018549803644418716,-0.0002510475169401616,0.0025018416345119476,2.9943346454190283,13.217797564642328,19.765277629795758,-13.22351955017264
557,15.128470420837402,19.770832061767578,-10.991477012634277,-0.011092721484601498,-0.0030712566804140806,0.007637747563421726,0.013813626021146774,2.9943346454190283,15.095255100584076,19.76163569148444,-10.96860704049216
558,16.661659240722656,19.770832061767578,-8.48953914642334,-0.001316973939538002,0.0006625440437346697,0.0014776249881833792,0.0020872855093330145,2.9943346454190283,16.657715780028383,19.772815940351848,-8.485114642728286
559,17.784582138061523,19.770832061767578,-5.778561115264893,0.008097866550087929,0.0025306963361799717,-0.002366154920309782,0.00880786869674921,2.9943346454190283,17.80882986042643,19.778409813484036,-5.785646174919205
560,18.46959114074707,19.770832061767578,-2.9252960681915283,0.0008892135228961706,-0.0001507403503637761,-0.0005509714828804135,0.0010568788275122643,2.9943346454190283,18.472253743605854,19.77038069471402,-2.926945861191355
561,18.468433380126953,21.291667938232422,0.0,0.0015927139902487397,-0.0008828051504679024,2.748880567615686e-10,0.0018210114212706685,2.9943346454190283,18.4732024988082,21.289024524185223,8.231068319730771e-10
562,18.24105453491211,21.291667938232422,2.889098882675171,0.0015765458811074495,-2.308433067810256e-05,0.00012212307774461806,0.0015814373036846519,2.9943346454190283,18.245775240864003,21.291598816021306,2.889464560037867
563,17.564523696899414,21.291667938232422,5.707059860229492,-0.0004206853627692908,0.0009846455650404096,-0.0006476489943452179,0.001251380192115903,2.9943346454190283,17.563264024142853,21.29461629656128,5.705120582407654
564,16.455493927001953,21.291667938232422,8.384492874145508,-0.003930217120796442,0.00014323480718303472,-0.0022521503269672394,0.004532030783593655,2.9943346454190283,16.443725541713132,21.292096831178,8.377749182394778
565,14.941275596618652,21.291667938232422,10.85547161102295,-0.0027742849197238684,-0.0012930019292980433,-0.0009502660832367837,0.003204920794814825,2.9943346454190283,14.93296845916726,21.28779625775893,10.852626196367547
566,13.05915355682373,21.291667938232422,13.05915355682373,0.0035282387398183346,-0.0005885667633265257,0.004954471252858639,0.006110782735049725,2.9943346454190283,13.069718284319679,21.28990557238185,13.073988901745897
567,10.85547161102295,21.291667938232422,14.941275596618652,0.005797850899398327,0.00158779788762331,0.006638679653406143,0.008955905213952065,2.9943346454190283,10.872832316839991,21.296422336457255,14.961154025104685
568,8.384492874145508,21.291667938232422,16.455493927001953,0.000357024313416332,0.0015276072081178427,-0.00391751853749156,0.004219952970743179,2.9943346454190283,8.385561924416427,21.29624210542028,16.44376356552107
569,5.707059860229492,21.291667938232422,17.564523696899414,-0.004421080928295851,-0.00133988365996629,-0.014221059158444405,0.01495258416980505,2.9943346454190283,5.693821664435695,21.287655878168554,17.52194108676673
570,2.889098882675171,21.291667938232422,18.24105453491211,-0.0035506300628185272,-0.0025580180808901787,-0.004519142676144838,0.006290713790804148,2.9943346454190283,2.878467108065007,21.284008376069202,18.227522709429337
571,0.0,21.291667938232422,18.468433380126953,-0.002000120934098959,0.0003753314958885312,0.01626107655465603,0.016387920826673508,2.9943346454190283,-0.005989031408000382,21.292791806334076,18.517124485026372
572,-2.889098882675171,21.291667938232422,18.24105453491211,-0.00025113276205956936,0.0030446210876107216,0.01635914295911789,0.016641944646835327,2.9943346454190283,-2.8898508582052056,21.30078455263723,18.29003928344396
573,-5.707059860229492,21.291667938232422,17.564523696899414,0.006635364610701799,0.0007894083391875029,-0.008222131989896297,0.010595031082630157,2.9943346454190283,-5.68719135809068,21.294031690971835,17.53990388222286
574,-8.384492874145508,21.291667938232422,16.455493927001953,0.010563414543867111,-0.0029783216305077076,-0.021963069215416908,0.02455264888703823,2.9943346454190283,-8.352862476002883,21.28274984658899,16.389729147930495
575,-10.85547161102295,21.291667938232422,14.941275596618652,-0.002277426654472947,-0.0017620590515434742,-0.004615032579749823,0.00543967355042696,2.9943346454190283,-10.862290988556838,21.286391743767112,14.92745664467537
576,-13.05915355682373,21.291667938232422,13.05915355682373,-0.019172631204128265,0.0027516153641045094,0.01666833832859993,0.025553761050105095,2.9943346454190283,-13.116562830682094,21.29990719544803,13.109064139762623
577,-14.941275596618652,21.291667938232422,10.85547161102295,-0.010325540788471699,0.0027837525121867657,0.01244895625859499,0.016411660239100456,2.9943346454190283,-14.97219372113426,21.300003424823934,10.892747952047367
578,-16.455493927001953,21.291667938232422,8.384492874145508,0.018436022102832794,-0.002236719708889723,-0.0050832233391702175,0.019254323095083237,2.9943346454190283,-16.40029030729573,21.284970450916003,8.369272002390629
579,-17.564523696899414,21.291667938232422,5.707059860229492,0.023472193628549576,-0.0039521511644124985,-0.010058296844363213,0.025840524584054947,2.9943346454190283,-17.494240094313465,21.27983387507689,5.676941953514507
580,-18.24105453491211,21.291667938232422,2.889098882675171,-0.007558194454759359,0.0009178336476907134,-0.0038933560717850924,0.008551429957151413,2.9943346454190283,-18.26368629842481,21.294416239322434,2.8774408717024724
581,-18.468433380126953,21.291667938232422,0.0,-0.028968261554837227,0.004535982850939035,-8.57515392027608e-09,0.02932124398648739,2.9943346454190283,-18.55517404931816,21.305250188834016,-2.5676880473283465e-08
582,-18.24105453491211,21.291667938232422,-2.889098882675171,-0.007558285258710384,0.0009178481413982809,0.0038933376781642437,0.008551502600312233,2.9943346454190283,-18.263686570322225,21.294416282721443,-2.8774409267791285
583,-17.564523696899414,21.291667938232422,-5.707059860229492,0.023472147062420845,-0.003952145576477051,0.010058297775685787,0.025840481743216515,2.9943346454190283,-17.494240233748037,21.279833891809037,-5.676941950725815
584,-16.455493927001953,21.291667938232422,-8.384492874145508,0.01843607984483242,-0.002236730884760618,0.005083264783024788,0.019254392012953758,2.9943346454190283,-16.40029013439686,21.284970417451703,-8.369271878293858
585,-14.941275596618652,21.291667938232422,-10.85547161102295,-0.010325474664568901,0.0027837438974529505,-0.01244891993701458,0.016411589458584785,2.9943346454190283,-14.972193523137168,21.30000339902854,-10.892747843288399
586,-13.05915355682373,21.291667938232422,-13.05915355682373,-0.01917264237999916,0.0027516228146851063,-0.016668371856212616,0.025553790852427483,2.9943346454190283,-13.116562864146392,21.29990721775756,-13.109064240155515
587,-10.85547161102295,21.291667938232422,-14.941275596618652,-0.0022774783428758383,-0.0017620495054870844,0.004614964593201876,0.005439634434878826,2.9943346454190283,-10.862291143329214,21.286391772351198,-14.927456848249847
588,-8.384492874145508,21.291667938232422,-16.455493927001953,0.010563395917415619,-0.002978326054289937,0.02196306362748146,0.024552635848522186,2.9943346454190283,-8.352862531776712,21.282749833342706,-16.389729164662644
589,-5.707059860229492,21.291667938232422,-17.564523696899414,0.006635380908846855,0.0007893982110545039,0.00822219904512167,0.010595092549920082,2.9943346454190283,-5.68719130928858,21.294031660644816,-17.539903681437075
590,-2.889098882675171,21.291667938232422,-18.24105453491211,-0.000251115852734074,0.0030446217861026525,-0.016359098255634308,0.016641901805996895,2.9943346454190283,-2.8898508075730263,21.300784554728747,-18.290039149586768
591,-0.0,21.291667938232422,-18.468433380126953,-0.0020001118537038565,0.000375341041944921,-0.016261111944913864,0.016387956216931343,2.9943346454190283,-0.005989004218258732,21.292791834918166,-18.517124590996644
592,2.889098882675171,21.291667938232422,-18.24105453491211,-0.003550624940544367,-0.002558015054091811,0.004519088193774223,0.006290670484304428,2.9943346454190283,2.87846712340281,21.284008385132452,-18.227522872567786
593,5.707059860229492,21.291667938232422,-17.564523696899414,-0.004421089310199022,-0.0013398905284702778,0.014221057295799255,0.014952586032450199,2.9943346454190283,5.693821639337472,21.287655857601955,-17.521941092344115
594,8.384492874145508,21.291667938232422,-16.455493927001953,0.0003570048720575869,0.0015276020858436823,0.003917553927749395,0.004219981841742992,2.9943346454190283,8.385561866202494,21.29624209008248,-16.443763459550794
595,10.85547161102295,21.291667938232422,-14.941275596618652,0.005797844845801592,0.001587801263667643,-0.006638662423938513,0.008955889381468296,2.9943346454190283,10.872832298713497,21.296422346566263,-14.961153973513893
596,13.05915355682373,21.291667938232422,-13.05915355682373,0.003528253873810172,-0.000588561873883009,-0.004954481963068247,0.006110799498856068,2.9943346454190283,13.069718329635915,21.28990558702248,-13.07398893381585
597,14.941275596618652,21.291667938232422,-10.85547161102295,-0.002774271182715893,-0.0012930029770359397,0.0009502537432126701,0.003204905427992344,2.9943346454190283,14.932968500300458,21.287796254621654,-10.852626233317709
598,16.455493927001953,21.291667938232422,-8.384492874145508,-0.003930220380425453,0.00014323112554848194,0.0022521493956446648,0.004532033111900091,2.9943346454190283,16.443725531952712,21.292096820153954,-8.37774918518347
599,17.564523696899414,21.291667938232422,-5.707059860229492,-0.0004206951707601547,0.0009846457978710532,0.0006476521957665682,0.0012513853143900633,2.9943346454190283,17.563263994774445,21.294616297258454,-5.705120572821527
600,18.24105453491211,21.291667938232422,-2.889098882675171,0.001576541573740542,-2.3081327526597306e-05,-0.00012212157889734954,0.0015814327634871006,2.9943346454190283,18.245775227966305,21.291598825013747,-2.8894645555498166
601,18.689769744873047,22.8125,0.0,0.004980217199772596,-0.001208301167935133,6.385580952894543e-10,0.005124700255692005,2.9943346454190283,18.704682181776036,22.80888194195075,1.9120566278379982e-09
602,18.459667205810547,22.8125,2.9237239360809326,0.0010087568080052733,8.160136349033564e-05,-0.00023212956148199737,0.0010383318876847625,2.9943346454190283,18.46268776126956,22.812744341789813,2.923028862492761
603,17.775026321411133,22.8125,5.775455951690674,-0.004709756467491388,0.0014454381307587028,-0.0017075631767511368,0.005214103031903505,2.9943346454190283,17.760923734449037,22.81682812547274,5.770342936111286
604,16.652706146240234,22.8125,8.484977722167969,-0.0031569553539156914,-8.844996045809239e-05,-0.0011817107442766428,0.0033720366191118956,2.9943346454190283,16.643253165449963,22.812235151219014,8.481439284745518
605,15.120341300964355,22.8125,10.985570907592773,0.003358636051416397,-0.002142081269994378,0.002955125877633691,0.0049600121565163136,2.9943346454190283,15.130398181254465,22.806085891839952,10.994419543389746
606,13.215662956237793,22.8125,13.215662956237793,0.00479291845113039,-0.0005201289895921946,0.004436494782567024,0.006551723927259445,2.9943346454190283,13.230014558008682,22.810942559746376,13.228947306269454
607,10.985570907592773,22.8125,15.120341300964355,-0.0005129415658302605,0.0029193207155913115,-0.0019211431499570608,0.0035321854520589113,2.9943346454190283,10.984034988891132,22.821241423159783,15.11458875547163
608,8.484977722167969,22.8125,16.652706146240234,-0.003919633571058512,0.0020788772962987423,-0.008064382709562778,0.00920432060956955,2.9943346454190283,8.4732410275688,22.81872485431188,16.628558685699073
609,5.775455951690674,22.8125,17.775026321411133,-0.0016718473052605987,-0.002888643415644765,-0.002677551005035639,0.004278856795281172,2.9943346454190283,5.770449881382682,22.803850434942273,17.767008837671877
610,2.9237239360809326,22.8125,18.459667205810547,0.0005355736357159913,-0.0040628546848893166,0.008133306168019772,0.0091073764488101,2.9943346454190283,2.92532762277353,22.800334453457733,18.48402104625125
611,0.0,22.8125,18.689769744873047,0.00031279452377930284,0.0015727079007774591,0.007642504759132862,0.007808913476765156,2.9943346454190283,0.0009366114794497125,22.81720921375442,18.7126539616511
612,-2.9237239360809326,22.8125,18.459667205810547,0.0015755202621221542,0.005446536932140589,-0.003665762022137642,0.006751654669642448,2.9943346454190283,-2.9190063011755005,22.828808754233464,18.4486906875858
613,-5.775455951690674,22.8125,17.775026321411133,0.003030367661267519,0.0004947712877765298,-0.00817201565951109,0.008729820139706135,2.9943346454190283,-5.766382016814183,22.81398151080855,17.750556571798953
614,-8.484977722167969,22.8125,16.652706146240234,-0.0003434646932873875,-0.00588275445625186,-0.0007776148850098252,0.005943858530372381,2.9943346454190283,-8.486006170398557,22.794885064521154,16.650377707049255
615,-10.985570907592773,22.8125,15.120341300964355,-0.004349187016487122,-0.0026965767610818148,0.004762705415487289,0.0069907307624816895,2.9943346454190283,-10.998593828955647,22.804425546780262,15.134602434795873
616,-13.215662956237793,22.8125,13.215662956237793,-0.0014694922138005495,0.005609568674117327,0.001593753695487976,0.006013877224177122,2.9943346454190283,-13.22006310768475,22.829296925826768,13.220435188144457
617,-15.120341300964355,22.8125,10.985570907592773,0.0033592521212995052,0.005040768999606371,-0.0016998995561152697,0.0062915487214922905,2.9943346454190283,-15.110282575954852,22.827593749255076,10.980480839458165
618,-16.652706146240234,22.8125,8.484977722167969,0.0013525792164728045,-0.004398548975586891,-0.00036623328924179077,0.004616365302354097,2.9943346454190283,-16.648656071431677,22.799329272412827,8.483881097141687
619,-17.775026321411133,22.8125,5.775455951690674,-0.0026201638393104076,-0.0073142279870808125,0.0005706548108719289,0.007790303789079189,2.9943346454190283,-17.782871968771854,22.79059875373379,5.777164683161443
620,-18.459667205810547,22.8125,2.9237239360809326,-0.0003745555295608938,0.0017366250976920128,-0.00031904372735880315,0.0018049784703180194,2.9943346454190283,-18.460788750409343,22.817700036696124,2.9227686123946985
621,-18.689769744873047,22.8125,0.0,0.002627831418067217,0.00834594201296568,-6.235227334450144e-10,0.008749871514737606,2.9943346454190283,-18.681901138215608,22.837490543318083,-1.8670357229607807e-09
622,-18.459667205810547,22.8125,-2.9237239360809326,-0.00037454694393090904,0.001736651873216033,0.0003190446877852082,0.0018050026847049594,2.9943346454190283,-18.460788724701096,22.817700116871002,-2.9227686095188603
623,-17.775026321411133,22.8125,-5.775455951690674,-0.0026201666332781315,-0.007314217276871204,-0.0005706544616259634,0.0077902949415147305,2.9943346454190283,-17.78287197713793,22.79059878580374,-5.777164682115683
624,-16.652706146240234,22.8125,-8.484977722167969,0.0013525697868317366,-0.004398569464683533,0.00036623008782044053,0.0046163820661604404,2.9943346454190283,-16.64865609966718,22.799329211061615,-8.483881106727813
625,-15.120341300964355,22.8125,-10.985570907592773,0.003359257709234953,0.005040752235800028,0.0016999029321596026,0.006291538942605257,2.9943346454190283,-15.110282559222702,22.827593699058628,-10.980480829349158
626,-13.215662956237793,22.8125,-13.215662956237793,-0.001469479058869183,0.005609581246972084,-0.0015937438001856208,0.006013883277773857,2.9943346454190283,-13.220063068294483,22.8292969634741,-13.220435158514611
627,-10.985570907592773,22.8125,-15.120341300964355,-0.004349189344793558,-0.0026965574361383915,-0.004762711003422737,0.006990728434175253,2.9943346454190283,-10.998593835927377,22.80442560464561,-15.134602451528023
628,-8.484977722167969,22.8125,-16.652706146240234,-0.0003434781974647194,-0.00588275957852602,0.0007775927660986781,0.005943861324340105,2.9943346454190283,-8.486006210834583,22.79488504918335,-16.650377773280677
629,-5.775455951690674,22.8125,-17.775026321411133,0.0030303634703159332,0.0004947521956637502,0.00817201193422079,0.008729814551770687,2.9943346454190283,-5.766382029363295,22.813981453640373,-17.750556582953717
630,-2.9237239360809326,22.8125,-18.459667205810547,0.0015755249187350273,0.005446534603834152,0.0036657904274761677,0.006751669105142355,2.9943346454190283,-2.9190062872320435,22.828808747261736,-18.44869060253071
631,-0.0,22.8125,-18.689769744873047,0.00031279760878533125,0.001572724082507193,-0.007642483804374933,0.007808896247297525,2.9943346454190283,0.0009366207169901448,22.817209262207935,-18.71265389890554
632,2.9237239360809326,22.8125,-18.459667205810547,0.000535578525159508,-0.004062846768647432,-0.00813332386314869,0.00910738855600357,2.9943346454190283,2.9253276374141604,22.80033447716161,-18.484021099236386
633,5.775455951690674,22.8125,-17.775026321411133,-0.0016718395054340363,-0.0028886536601930857,0.002677521901205182,0.004278842359781265,2.9943346454190283,5.770449904737973,22.80385040426667,-17.767008924818487
634,8.484977722167969,22.8125,-16.652706146240234,-0.003919636365026236,0.0020788670517504215,0.008064382709562778,0.009204319678246975,2.9943346454190283,8.473241019202726,22.818724823636277,-16.628558685699073
635,10.985570907592773,22.8125,-15.120341300964355,-0.0005129573401063681,0.0029193246737122536,0.0019211644539609551,0.003532202448695898,2.9943346454190283,10.98403494165767,22.821241435011725,-15.114588691680312
636,13.215662956237793,22.8125,-13.215662956237793,0.0047929114662110806,-0.0005201204330660403,-0.004436485469341278,0.006551711820065975,2.9943346454190283,13.230014537093496,22.81094258536748,-13.22894727838254
637,15.120341300964355,22.8125,-10.985570907592773,0.0033586497884243727,-0.0021420817356556654,-0.0029551342595368624,0.004960026126354933,2.9943346454190283,15.130398222387663,22.80608589044561,-10.99441956848797
638,16.652706146240234,22.8125,-8.484977722167969,-0.003156941384077072,-8.845573029248044e-05,0.001181702595204115,0.003372020786628127,2.9943346454190283,16.643253207280335,22.8122351339422,-8.481439309146568
639,17.775026321411133,22.8125,-5.775455951690674,-0.004709763452410698,0.0014454377815127373,0.0017075639916583896,0.00521410908550024,2.9943346454190283,17.760923713533852,22.81682812442698,-5.770342933671181
640,18.459667205810547,22.8125,-2.9237239360809326,0.0010087406262755394,8.160555444192141e-05,0.00023213241365738213,0.0010383171029388905,2.9943346454190283,18.462687712816045,22.812744354338925,-2.9230288539523936
641,18.91110610961914,24.333332061767578,0.0,0.0041587864980101585,-0.000993545982055366,9.978782244957074e-10,0.004275820218026638,2.9943346454190283,18.923558908113034,24.330357052611692,2.9879813395167235e-09
642,18.678279876708984,24.333332061767578,2.9583489894866943,-0.00010822762124007568,0.0002415866038063541,-0.0006551069673150778,0.0007065709214657545,2.9943346454190283,18.677955806993115,24.334055452905226,2.9563873799980076
643,17.985530853271484,24.333332061767578,5.843852996826172,-0.0047725047916173935,0.0013277962571009994,-0.0015323716215789318,0.005185364745557308,2.9943346454190283,17.971240376828515,24.337307928102273,5.839264563390021
644,16.849918365478516,24.333332061767578,8.585461616516113,-0.0004860683111473918,-0.000546850438695401,0.0007010514964349568,0.0010133021278306842,2.9943346454190283,16.848462914294405,24.33169460855313,8.587560799300112
645,15.299406051635742,24.333332061767578,11.115669250488281,0.005700415465980768,-0.0023586605675518513,0.004343511536717415,0.007544806692749262,2.9943346454190283,15.31647500315881,24.326269442713375,11.128675177565452
646,13.372171401977539,24.333332061767578,13.372171401977539,0.0027306254487484694,7.264216401381418e-05,0.0010864725336432457,0.002939730416983366,2.9943346454190283,13.380347808362389,24.333549576716003,13.375424664326323
647,11.115669250488281,24.333332061767578,15.299406051635742,-0.0045554363168776035,0.0036855025682598352,-0.007541107013821602,0.009550037793815136,2.9943346454190283,11.102028749699654,24.3443676897935,15.276825453639443
648,8.585461616516113,24.333332061767578,16.849918365478516,-0.004566985182464123,0.0017496396321803331,-0.006352313794195652,0.008016887120902538,2.9943346454190283,8.571786534559145,24.338571068335213,16.83089741220598
649,5.843852996826172,24.333332061767578,17.985530853271484,0.0008001099922694266,-0.004144074395298958,0.007471682969480753,0.008581350557506084,2.9943346454190283,5.84624879389617,24.32092331623254,18.007903572446587
650,2.9583489894866943,24.333332061767578,18.678279876708984,0.0026358505710959435,-0.004431415349245071,0.012548567727208138,0.013566565699875355,2.9943346454190283,2.9662416081718743,24.32006292125909,18.71585448780495
651,0.0,24.333332061767578,18.91110610961914,0.002045726403594017,0.0028874073177576065,-0.00270359730347991,0.004453263711184263,2.9943346454190283,0.006125589445330035,24.341977925534575,18.90301063454607
652,-2.9583489894866943,24.333332061767578,18.678279876708984,0.0025810396764427423,0.006646455265581608,-0.015174846164882183,0.01676642708480358,2.9943346454190283,-2.9506204929623205,24.353233773038536,18.632841309098573
653,-5.843852996826172,24.333332061767578,17.985530853271484,-0.0010806374484673142,-0.00032886728877201676,-0.0034168532583862543,0.0035987242590636015,2.9943346454190283,-5.847088786977255,24.332347323051064,17.975299651181587
654,-8.585461616516113,24.333332061767578,16.849918365478516,-0.007870035246014595,-0.007663425989449024,0.01355141494423151,0.01744437962770462,2.9943346454190283,-8.609027135713923,24.310385199824765,16.890495836740477
655,-11.115669250488281,24.333332061767578,15.299406051635742,-0.003265582723543048,-0.0027401905972510576,0.00783202238380909,0.008917020633816719,2.9943346454190283,-11.125447497974868,24.32512701412718,15.32285774760328
656,-13.372171401977539,24.333332061767578,13.372171401977539,0.01143230963498354,0.007507104426622391,-0.009338615462183952,0.01656091958284378,2.9943346454190283,-13.33793924116035,24.35581084463899,13.344208462158877
657,-15.299406051635742,24.333332061767578,11.115669250488281,0.010344548150897026,0.006068771705031395,-0.00972053874284029,0.015437893569469452,2.9943346454190283,-15.268431012716306,24.351503995139094,11.086562704558457
658,-16.849918365478516,24.333332061767578,8.585461616516113,-0.011331865563988686,-0.005876526702195406,0.0032151539344340563,0.013163660652935505,2.9943346454190283,-16.883849763134,24.315735774268465,8.595088863332345
659,-17.985530853271484,24.333332061767578,5.843852996826172,-0.01864141970872879,-0.009160328656435013,0.007304017432034016,0.022017329931259155,2.9943346454190283,-18.041349502145128,24.30590297230819,5.865723669273656
660,-18.678279876708984,24.333332061767578,2.9583489894866943,0.004984850995242596,0.00230110133998096,0.0022392813116312027,0.005929434206336737,2.9943346454190283,-18.663353564671677,24.340222329232503,2.965054147098951
661,-18.91110610961914,24.333332061767578,0.0,0.022693924605846405,0.010519749484956264,5.130377012108056e-09,0.02501358464360237,2.9943346454190283,-18.843152904931326,24.36483171211151,1.5362065631416508e-08
662,-18.678279876708984,24.333332061767578,-2.9583489894866943,0.004984922707080841,0.002301134867593646,-0.0022392678074538708,0.005929502192884684,2.9943346454190283,-18.663353349942437,24.340222429625396,-2.965054106662925
663,-17.985530853271484,24.333332061767578,-5.843852996826172,-0.018641389906406403,-0.009160314686596394,-0.007304016966372728,0.02201729826629162,2.9943346454190283,-18.041349412907003,24.30590301413856,-5.86572366787931
664,-16.849918365478516,24.333332061767578,-8.585461616516113,-0.011331913992762566,-0.005876552313566208,-0.0032151842024177313,0.01316372025758028,2.9943346454190283,-16.883849908145955,24.31573569757945,-8.595088953964817
665,-15.299406051635742,24.333332061767578,-11.115669250488281,0.010344509035348892,0.006068748887628317,0.009720517322421074,0.015437844209372997,2.9943346454190283,-15.268431129841346,24.35150392681615,-11.08656276869836
666,-13.372171401977539,24.333332061767578,-13.372171401977539,0.011432331055402756,0.007507119327783585,0.00933864526450634,0.016560958698391914,2.9943346454190283,-13.337939177020447,24.355810889258056,-13.344208372920749
667,-11.115669250488281,24.333332061767578,-15.299406051635742,-0.0032655498944222927,-0.0027401649858802557,-0.007831983268260956,0.008916965685784817,2.9943346454190283,-11.125447399673494,24.325127090816192,-15.322857630478238
668,-8.585461616516113,24.333332061767578,-16.849918365478516,-0.007870037108659744,-0.007663429714739323,-0.013551434502005577,0.017444398254156113,2.9943346454190283,-8.609027141291307,24.31038518867,-16.890495895302998
669,-5.843852996826172,24.333332061767578,-17.985530853271484,-0.001080655143596232,-0.0003288914740551263,0.003416804363951087,0.0035986853763461113,2.9943346454190283,-5.847088839962392,24.332347250632232,-17.975299797587887
670,-2.9583489894866943,24.333332061767578,-18.678279876708984,0.0025810329243540764,0.00664644967764616,0.015174848027527332,0.016766425222158432,2.9943346454190283,-2.9506205131803336,24.353233756306388,-18.63284130352119
671,-0.0,24.333332061767578,-18.91110610961914,0.0020457254722714424,0.002887425944209099,0.0027036452665925026,0.004453304223716259,2.9943346454190283,0.0061255866566385835,24.341977981308407,-18.90301049092846
672,2.9583489894866943,24.333332061767578,-18.678279876708984,0.0026358538307249546,-0.004431402776390314,-0.012548549100756645,0.013566545210778713,2.9943346454190283,2.9662416179322943,24.320062958906426,-18.715854432031122
673,5.843852996826172,24.333332061767578,-17.985530853271484,0.0008001237292774022,-0.004144084639847279,-0.00747171463444829,0.00858138408511877,2.9943346454190283,5.846248835029369,24.320923285556933,-18.0079036672621
674,8.585461616516113,24.333332061767578,-16.849918365478516,-0.004566975869238377,0.0017496260115876794,0.006352286785840988,0.008016858249902725,2.9943346454190283,8.57178656244606,24.3385710275506,-16.830897493078034
675,11.115669250488281,24.333332061767578,-15.299406051635742,-0.004555449355393648,0.0036855048965662718,0.00754111772403121,0.009550053626298904,2.9943346454190283,11.102028710657974,24.34436769676523,-15.276825421569493
676,13.372171401977539,24.333332061767578,-13.372171401977539,0.0027306072879582644,7.265224121510983e-05,-0.0010864523937925696,0.002939706202596426,2.9943346454190283,13.380347753982907,24.333549606890514,-13.375424604020871
677,15.299406051635742,24.333332061767578,-11.115669250488281,0.005700420122593641,-0.0023586589377373457,-0.0043435110710561275,0.007544809486716986,2.9943346454190283,15.316475017102269,24.326269447593585,-11.128675176171106
678,16.849918365478516,24.333332061767578,-8.585461616516113,-0.000486050674226135,-0.0005468562594614923,-0.0007010606350377202,0.0010133030591532588,2.9943346454190283,16.848462967105252,24.33169459112381,-8.587560826664147
679,17.985530853271484,24.333332061767578,-5.843852996826172,-0.0047725047916173935,0.0013277948601171374,0.0015323691768571734,0.005185363814234734,2.9943346454190283,17.971240376828515,24.337307923919237,-5.839264570710336
680,18.678279876708984,24.333332061767578,-2.9583489894866943,-0.00010824192577274516,0.00024159016902558506,0.0006551091792061925,0.0007065763929858804,2.9943346454190283,18.677955764160558,24.334055463580682,-2.956387373374865
681,19.544490814208984,25.854167938232422,0.0,0.001276617986150086,0.0001992343459278345,2.5391799773899493e-11,0.001292071072384715,2.9943346454190283,19.54831343567388,25.854764512536992,7.60315457725303e-11
682,19.303863525390625,25.854167938232422,3.057431936264038,-0.0009243345120921731,0.0005247314693406224,-0.00017586024478077888,0.0010773412650451064,2.9943346454190283,19.301095758537112,25.85573915985061,3.056905351840339
683,18.587913513183594,25.854167938232422,6.039578914642334,-0.0021894958335906267,0.0001630630431463942,-0.0005091190687380731,0.002253815298900008,2.9943346454190283,18.581357429953073,25.8546562035519,6.038054441776168
684,17.414268493652344,25.854167938232422,8.87301254272461,0.0020322035998106003,-0.001530526322312653,0.0012483821483328938,0.0028338702395558357,2.9943346454190283,17.4203535912978,25.849585030239794,8.876750616642084
685,15.811823844909668,25.854167938232422,11.48796272277832,0.004491624888032675,-0.0015257286140695214,0.0028452319093048573,0.005531535483896732,2.9943346454190283,15.82527327292613,25.849599396183805,11.496482299258604
686,13.820040702819824,25.854167938232422,13.820040702819824,-0.0007357447757385671,0.0018228415865451097,-0.0015817000530660152,0.0025230629835277796,2.9943346454190283,13.817837636747644,25.859626135948126,13.815304563552267
687,11.48796272277832,25.854167938232422,15.811823844909668,-0.00564309349283576,0.00381579902023077,-0.007506757974624634,0.010136875323951244,2.9943346454190283,11.471065412425384,25.865593717438657,15.789346099431475
688,8.87301254272461,25.854167938232422,17.414268493652344,-0.002228817204013467,-0.0002385449333814904,-0.002158732619136572,0.00311201810836792,2.9943346454190283,8.866338718152326,25.85345365487391,17.407804525780666
689,6.039578914642334,25.854167938232422,18.587913513183594,0.003032249165698886,-0.005579756572842598,0.01081235334277153,0.01253934670239687,2.9943346454190283,6.048658483372729,25.837460279813353,18.620289317396367
690,3.057431936264038,25.854167938232422,19.303863525390625,0.0025362081360071898,-0.003174810204654932,0.009712893515825272,0.010528630577027798,2.9943346454190283,3.065026192153678,25.844661494043994,19.332947178952328
691,0.0,25.854167938232422,19.544490814208984,0.0011091470951214433,0.005139684770256281,-0.008527060970664024,0.010017850436270237,2.9943346454190283,0.0033211575737880123,25.86955787440653,19.518957940120924
692,-3.057431936264038,25.854167938232422,19.303863525390625,0.0019869895186275244,0.006726247724145651,-0.015936125069856644,0.01741122081875801,2.9943346454190283,-3.051482224708327,25.874308574826504,19.256145433980222
693,-6.039578914642334,25.854167938232422,18.587913513183594,-0.0021076423581689596,-0.0024054371751844883,0.0017446171259507537,0.0036430719774216413,2.9943346454190283,-6.045889901175552,25.84696525436139,18.59313748068682
694,-8.87301254272461,25.854167938232422,17.414268493652344,-0.008761770091950893,-0.008868630044162273,0.01708611659705639,0.021150805056095123,2.9943346454190283,-8.899248214466134,25.827612292033784,17.46543004453458
695,-11.48796272277832,25.854167938232422,15.811823844909668,-0.0019687367603182793,-0.001578712253831327,0.005414240527898073,0.005973462481051683,2.9943346454190283,-11.49385777946745,25.849440745435626,15.828035892900985
696,-13.820040702819824,25.854167938232422,13.820040702819824,0.014129847288131714,0.009145388379693031,-0.013172532431781292,0.021373027935624123,2.9943346454190283,-13.777731211550492,25.88155229150355,13.780597732591437
697,-15.811823844909668,25.854167938232422,11.48796272277832,0.010720916092395782,0.006017942912876606,-0.009703336283564568,0.01566232554614544,2.9943346454190283,-15.779721834423578,25.872187673190602,11.458907686768292
698,-17.414268493652344,25.854167938232422,8.87301254272461,-0.014319941401481628,-0.00723187206313014,0.005648233462125063,0.01700774021446705,2.9943346454190283,-17.457147190311172,25.832513293162553,8.889925243865665
699,-18.587913513183594,25.854167938232422,6.039578914642334,-0.02123168483376503,-0.00999383069574833,0.008014955557882786,0.024797188118100166,2.9943346454190283,-18.651488282661955,25.82424306473969,6.063578373750796
700,-19.303863525390625,25.854167938232422,3.057431936264038,0.006285192910581827,0.0028253456111997366,0.0011912403861060739,0.006993231363594532,2.9943346454190283,-19.28504355450533,25.86262796848132,3.0609989086231777
701,-19.544490814208984,25.854167938232422,0.0,0.026296349242329597,0.011694914661347866,3.750797006318862e-09,0.028779663145542145,2.9943346454190283,-19.46575074462464,25.889186426378114,1.1231141423954544e-08
702,-19.303863525390625,25.854167938232422,-3.057431936264038,0.006285275332629681,0.002825382864102721,-0.0011912253685295582,0.006993317510932684,2.9943346454190283,-19.285043307706136,25.862628080028976,-3.060998863655528
703,-18.587913513183594,25.854167938232422,-6.039578914642334,-0.021231647580862045,-0.009993813000619411,-0.008014949969947338,0.024797149002552032,2.9943346454190283,-18.651488171114295,25.824243117724826,-6.063578357018647
704,-17.414268493652344,25.854167938232422,-8.87301254272461,-0.014319994486868382,-0.007231899071484804,-0.0056482660584151745,0.01700780726969242,2.9943346454190283,-17.457147349266585,25.8325132122905,-8.889925341469866
705,-15.811823844909668,25.854167938232422,-11.48796272277832,0.010720865800976753,0.00601791450753808,0.009703303687274456,0.015662258490920067,2.9943346454190283,-15.779721985012916,25.872187588135514,-11.458907784372492
706,-13.820040702819824,25.854167938232422,-13.820040702819824,0.01412986684590578,0.009145400486886501,0.013172558508813381,0.02137306146323681,2.9943346454190283,-13.77773115298797,25.881552327756538,-13.780597654508075
707,-11.48796272277832,25.854167938232422,-15.811823844909668,-0.0019686976447701454,-0.0015786817530170083,-0.005414188373833895,0.0059733944945037365,2.9943346454190283,-11.49385766234241,25.84944083676527,-15.828035736734265
708,-8.87301254272461,25.854167938232422,-17.414268493652344,-0.008761768229305744,-0.008868628181517124,-0.017086124047636986,0.02115081064403057,2.9943346454190283,-8.899248208888752,25.827612297611164,-17.46543006684411
709,-6.039578914642334,25.854167938232422,-18.587913513183594,-0.0021076600532978773,-0.002405463717877865,-0.001744674053043127,0.0036431269254535437,2.9943346454190283,-6.04588995416069,25.84696517488368,-18.593137651145586
710,-3.057431936264038,25.854167938232422,-19.303863525390625,0.001986982300877571,0.006726234219968319,0.0159361083060503,0.01741120032966137,2.9943346454190283,-3.051482246320686,25.874308534390476,-19.25614548417667
711,-0.0,25.854167938232422,-19.544490814208984,0.001109144533984363,0.005139701068401337,0.008527104742825031,0.010017896071076393,2.9943346454190283,0.003321149904886521,25.86955792320863,-19.518957809052427
712,3.057431936264038,25.854167938232422,-19.303863525390625,0.002536205342039466,-0.003174791345372796,-0.00971285905689001,0.010528592392802238,2.9943346454190283,3.065026183787604,25.844661550514996,-19.332947075770743
713,6.039578914642334,25.854167938232422,-18.587913513183594,0.003032259177416563,-0.005579761229455471,-0.010812371969223022,0.012539366260170937,2.9943346454190283,6.048658513351162,25.837460265869897,-18.620289373170195
714,8.87301254272461,25.854167938232422,-17.414268493652344,-0.0022288013715296984,-0.00023856111511122435,0.0021587007213383913,0.0031119859777390957,2.9943346454190283,8.86633876556008,25.853453606420395,-17.407804621293348
715,11.48796272277832,25.854167938232422,-15.811823844909668,-0.005643095821142197,0.0038157948292791843,0.007506757043302059,0.01013687439262867,2.9943346454190283,11.471065405453654,25.865593704889545,-15.789346102220165
716,13.820040702819824,25.854167938232422,-13.820040702819824,-0.0007357628201134503,0.001822850201278925,0.0015817167004570365,0.0025230851024389267,2.9943346454190283,13.817837582716747,25.85962616174352,-13.815304513704408
717,15.811823844909668,25.854167938232422,-11.48796272277832,0.004491619300097227,-0.0015257225604727864,-0.002845226088538766,0.0055315266363322735,2.9943346454190283,15.825273256193983,25.8495994143103,-11.496482281829282
718,17.414268493652344,25.854167938232422,-8.87301254272461,0.002032214542850852,-0.0015305286506190896,-0.0012483865721151233,0.0028338811825960875,2.9943346454190283,17.420353624064926,25.849585023268066,-8.87675062988837
719,18.587913513183594,25.854167938232422,-6.039578914642334,-0.002189490245655179,0.0001630595652386546,0.0005091169732622802,0.002253809245303273,2.9943346454190283,18.58135744668522,25.854656193137885,-6.038054448050723
720,19.303863525390625,25.854167938232422,-3.057431936264038,-0.0009243394597433507,0.0005247311200946569,0.00017586072499398142,0.0010773454559966922,2.9943346454190283,19.301095743722186,25.85573915880485,-3.05690535040242
721,20.177873611450195,27.375,0.0,-0.0019744730088859797,0.0014493708731606603,-4.510811169033957e-10,0.002449330408126116,2.9943346454190283,20.17196137851324,27.379339901419566,-1.3506878162381487e-09
722,19.9294490814209,27.375,3.156514883041382,-0.0011389332357794046,0.0005756992031820118,8.881308167474344e-05,0.001279252115637064,2.9943346454190283,19.926038734174185,27.376723836069427,3.156780819128807
723,19.190298080444336,27.375,6.2353057861328125,0.0012913226382806897,-0.0012746260035783052,0.0007434561848640442,0.0019608449656516314,2.9943346454190283,19.194164732558555,27.371183343197533,6.237531942744502
724,17.97861671447754,27.375,9.160563468933105,0.0031929723918437958,-0.0019420330645516515,0.0014914519852027297,0.004023803398013115,2.9943346454190283,17.988177542332302,27.369184903112263,9.165029375284377
725,16.324241638183594,27.375,11.86025619506836,0.0011663754703477025,0.00019616648205555975,2.200623566750437e-05,0.0011829612776637077,2.9943346454190283,16.32773415666402,27.37558738809349,11.860322089102233
726,14.267910957336426,27.375,14.267910957336426,-0.003213736228644848,0.0030879133846610785,-0.0037962503265589476,0.005854470655322075,2.9943346454190283,14.258287955605756,27.384246246029743,14.256543713460927
727,11.86025619506836,27.375,16.324241638183594,-0.003831791691482067,0.0022741283755749464,-0.00409070635214448,0.0060488153249025345,2.9943346454190283,11.848782528452526,27.381809501383113,16.311992694429133
728,9.160563468933105,27.375,17.97861671447754,0.0002539253036957234,-0.002485699951648712,0.0030613590497523546,0.003951594699174166,2.9943346454190283,9.16132380626731,27.36755698251666,17.98778344794228
729,6.2353057861328125,27.375,19.190298080444336,0.003014706540852785,-0.004889472387731075,0.009097950533032417,0.010759558528661728,2.9943346454190283,6.244332826373859,27.360359283431595,19.217540388927702
730,3.156514883041382,27.375,19.9294490814209,0.0019555953331291676,-0.0004171499458607286,0.0026807808317244053,0.0033443912398070097,2.9943346454190283,3.1623705898997905,27.373750913464775,19.937476236342107
731,0.0,27.375,20.177873611450195,0.0009308779262937605,0.005556060466915369,-0.009709655307233334,0.011225584894418716,2.9943346454190283,0.0027873600253572276,27.391636704348127,20.14879965416867
732,-3.156514883041382,27.375,19.9294490814209,0.0003057577705476433,0.0040688784793019295,-0.009368814527988434,0.010218803770840168,2.9943346454190283,-3.155599341955925,27.387183583798574,19.901395715493237
733,-6.2353057861328125,27.375,19.190298080444336,-0.0033716517500579357,-0.003691165242344141,0.004900013096630573,0.007000204641371965,2.9943346454190283,-6.245401639780298,27.363947416032882,19.204970359422585
734,-9.160563468933105,27.375,17.97861671447754,-0.005735319573432207,-0.006563494447618723,0.012097270227968693,0.01491030864417553,2.9943346454190283,-9.177736935034384,27.35534670118048,18.01483998983614
735,-11.86025619506836,27.375,16.324241638183594,0.0013068403350189328,0.0003290560853201896,0.0016693067736923695,0.0021453890949487686,2.9943346454190283,-11.856343077777181,27.37598530403656,16.329240101289894
736,-14.267910957336426,27.375,14.267910957336426,0.010623011738061905,0.007208590395748615,-0.00981596577912569,0.01616061106324196,2.9943346454190283,-14.236102105250454,27.396584931966625,14.238518670925743
737,-16.324241638183594,27.375,11.86025619506836,0.005227727349847555,0.00349636934697628,-0.00625219801440835,0.00886812899261713,2.9943346454190283,-16.30858807306314,27.38546929986883,11.841535021943796
738,-17.97861671447754,27.375,9.160563468933105,-0.01129243802279234,-0.005833394825458527,0.003910452593117952,0.01329809334129095,2.9943346454190283,-18.012430052880433,27.35753286377372,9.172272672611948
739,-19.190298080444336,27.375,6.2353057861328125,-0.013640045188367367,-0.006893444340676069,0.005823977757245302,0.01635509356856346,2.9943346454190283,-19.231140940316944,27.354358720784447,6.252744724505482
740,-19.9294490814209,27.375,3.156514883041382,0.005047817248851061,0.002300521358847618,0.001725338981486857,0.005809444934129715,2.9943346454190283,-19.91433422734892,27.381888530807323,3.16168112532874
741,-20.177873611450195,27.375,0.0,0.017783207818865776,0.008344235830008984,4.339717030177326e-09,0.019643543288111687,2.9943346454190283,-20.12462473617148,27.399985434435344,1.2994565054774941e-08
742,-19.9294490814209,27.375,-3.156514883041382,0.005047872196882963,0.002300547668710351,-0.0017253278056159616,0.00580949941650033,2.9943346454190283,-19.914334062816124,27.381888609587858,-3.1616810918644425
743,-19.190298080444336,27.375,-6.2353057861328125,-0.013640015386044979,-0.006893429905176163,-0.005823975428938866,0.016355063766241074,2.9943346454190283,-19.23114085107882,27.354358764009163,-6.252744717533753
744,-17.97861671447754,27.375,-9.160563468933105,-0.011292469687759876,-0.005833412520587444,-0.003910474944859743,0.013298135250806808,2.9943346454190283,-18.01243014769594,27.357532810788584,-9.172272739540542
745,-16.324241638183594,27.375,-11.86025619506836,0.005227688699960709,0.003496346762403846,0.006252174731343985,0.00886808056384325,2.9943346454190283,-16.308588188793834,27.385469232243064,-11.841535091661083
746,-14.267910957336426,27.375,-14.267910957336426,0.010623016394674778,0.007208595518022776,0.009815980680286884,0.016160625964403152,2.9943346454190283,-14.236102091306996,27.39658494730443,-14.238518626306679
747,-11.86025619506836,27.375,-16.324241638183594,0.0013068683911114931,0.0003290796303190291,-0.001669268705882132,0.0021453802473843098,2.9943346454190283,-11.856342993767852,27.375985374538168,-16.32923998730213
748,-9.160563468933105,27.375,-17.97861671447754,-0.005735309794545174,-0.006563487462699413,-0.01209726557135582,0.014910298399627209,2.9943346454190283,-9.177736905753124,27.355346722095664,-18.014839975892684
749,-6.2353057861328125,27.375,-19.190298080444336,-0.0033716612961143255,-0.0036911836359649897,-0.004900050815194845,0.0070002456195652485,2.9943346454190283,-6.245401668364386,27.363947360956224,-19.204970472364586
750,-3.156514883041382,27.375,-19.9294490814209,0.0003057490976061672,0.004068862646818161,0.009368788450956345,0.010218773037195206,2.9943346454190283,-3.155599367925614,27.38718353639082,-19.901395793576597
751,-0.0,27.375,-20.177873611450195,0.0009308732114732265,0.005556067917495966,0.00970967672765255,0.011225606314837933,2.9943346454190283,0.002787345907606756,27.39163672665766,-20.148799590028766
752,3.156514883041382,27.375,-19.9294490814209,0.001955591607838869,-0.0004171315813437104,-0.002680747304111719,0.0033443598076701164,2.9943346454190283,3.1623705787450245,27.373750968454285,-19.937476135949215
753,6.2353057861328125,27.375,-19.190298080444336,0.003014710731804371,-0.0048894681967794895,-0.009097948670387268,0.010759556666016579,2.9943346454190283,6.244332838922971,27.360359295980707,-19.21754038335032
754,9.160563468933105,27.375,-17.97861671447754,0.00025393851683475077,-0.002485712291672826,-0.003061381634324789,0.003951620776206255,2.9943346454190283,9.16132384583187,27.3675569455665,-17.987783515568047
755,11.86025619506836,27.375,-16.324241638183594,-0.003831785172224045,0.0022741181310266256,0.004090692847967148,0.006048798095434904,2.9943346454190283,11.848782547973366,27.38180947070751,-16.311992734865157
756,14.267910957336426,27.375,-14.267910957336426,-0.0032137453090399504,0.003087916411459446,0.0037962556816637516,0.005854480899870396,2.9943346454190283,14.258287928416015,27.38424625509299,-14.25654369742595
757,16.324241638183594,27.375,-11.86025619506836,0.0011663634795695543,0.00019617518410086632,-2.1997178919264115e-05,0.0011829506838694215,2.9943346454190283,16.32773412075962,27.375587414150324,-11.860322061983299
758,17.97861671447754,27.375,-9.160563468933105,0.003192971460521221,-0.0019420301541686058,-0.0014914496568962932,0.004023800604045391,2.9943346454190283,17.988177539543614,27.369184911826924,-9.165029368312648
759,19.190298080444336,27.375,-6.2353057861328125,0.0012913300888612866,-0.0012746299616992474,-0.0007434578146785498,0.0019608528818935156,2.9943346454190283,19.194164754868087,27.371183331345595,-6.237531947624712
760,19.9294490814209,27.375,-3.156514883041382,-0.0011389271821826696,0.0005756944883614779,-8.881450776243582e-05,0.0012792447814717889,2.9943346454190283,19.92603875230068,27.37672382195168,-3.1567808233989907
761,21.15968132019043,28.895832061767578,0.0,-0.003199138445779681,0.002131251385435462,-4.5882225796489706e-10,0.003844049759209156,2.9943346454190283,21.15010202910674,28.902213741629083,-1.373867383113678e-09
762,20.899171829223633,28.895832061767578,3.310102939605713,-0.0007754909456707537,0.0003271120658610016,0.00017775275046005845,0.0008602235466241837,2.9943346454190283,20.896849749817804,28.89681154475932,3.310635190824734
763,20.124052047729492,28.895832061767578,6.538701057434082,0.0030919467099010944,-0.0023372711148113012,0.0011242759646847844,0.0040357112884521484,2.9943346454190283,20.13331037088474,28.88883348989276,6.542067515906149
764,18.85341453552246,28.895832061767578,9.606293678283691,0.0027966005727648735,-0.001540360040962696,0.0010260918643325567,0.0033535873517394066,2.9943346454190283,18.86178849350689,28.891219708330503,9.609366140702445
765,17.118541717529297,28.895832061767578,12.437349319458008,-0.0015713132452219725,0.0021320858504623175,-0.0016703910659998655,0.0031312971841543913,2.9943346454190283,17.113836679840322,28.902216240296625,12.432347609617686
766,14.962154388427734,28.895832061767578,14.962154388427734,-0.004038114566355944,0.0033856055233627558,-0.003832138841971755,0.006515671964734793,2.9943346454190283,14.950062922079523,28.905969697681904,14.950679682327163
767,12.437349319458008,28.895832061767578,17.118541717529297,-0.001372555736452341,-0.0002883047272916883,-0.0007179372478276491,0.0015755832428112626,2.9943346454190283,12.43323942826358,28.89496878093421,17.11639197315489
768,9.606293678283691,28.895832061767578,18.85341453552246,0.0022737521212548018,-0.004209841601550579,0.0053245858289301395,0.0071584866382181644,2.9943346454190283,9.61310205303546,28.883226387208328,18.869358127342533
769,6.538701057434082,28.895832061767578,20.124052047729492,0.0022988782729953527,-0.002613871358335018,0.005478465463966131,0.006490820553153753,2.9943346454190283,6.545584668292513,28.888005256200646,20.140456406671976
770,3.310102939605713,28.895832061767578,20.899171829223633,0.00045230158139020205,0.0027021050918847322,-0.0023403819650411606,0.0036032397765666246,2.9943346454190283,3.3114572819010473,28.903923068659772,20.892163942422197
771,0.0,28.895832061767578,21.15968132019043,6.760672113159671e-05,0.004397516138851643,-0.007895118556916714,0.009037456475198269,2.9943346454190283,0.00020243714734752277,28.908999696695933,21.136040693165764
772,-3.310102939605713,28.895832061767578,20.899171829223633,-0.00032545317662879825,0.00015660190547350794,-0.0029107395093888044,0.0029330612160265446,2.9943346454190283,-3.311077455327954,28.896300980278674,20.89045610106688
773,-6.538701057434082,28.895832061767578,20.124052047729492,-0.0024452246725559235,-0.003930545877665281,0.0057218484580516815,0.007359882351011038,2.9943346454190283,-6.54602287838695,28.884062692070675,20.141185176803273
774,-9.606293678283691,28.895832061767578,18.85341453552246,-0.0025656302459537983,-0.00238056224770844,0.005968775134533644,0.006919234525412321,2.9943346454190283,-9.613976033816487,28.888703861753687,18.871287045698512
775,-12.437349319458008,28.895832061767578,17.118541717529297,0.002021411433815956,0.0020549313630908728,-0.0014574003871530294,0.0032299943268299103,2.9943346454190283,-12.431296537169086,28.90198521394204,17.114177773057797
776,-14.962154388427734,28.895832061767578,14.962154388427734,0.00550661189481616,0.0031461878679692745,-0.005508143454790115,0.008400054648518562,2.9943346454190283,-14.94566574965221,28.905252801101636,14.945661163649119
777,-17.118541717529297,28.895832061767578,12.437349319458008,0.0012589349644258618,4.791605897480622e-05,-0.0019083621446043253,0.002286713570356369,2.9943346454190283,-17.11477204494899,28.89597553848304,12.431635044572413
778,-18.85341453552246,28.895832061767578,9.606293678283691,-0.006128998473286629,-0.0026483081746846437,0.0025987746194005013,0.007164620328694582,2.9943346454190283,-18.871766807992742,28.887902140848375,9.614075279162199
779,-20.124052047729492,28.895832061767578,6.538701057434082,-0.005845960229635239,-0.0017914620693773031,0.0025007757358253,0.00660594180226326,2.9943346454190283,-20.14155680898083,28.890467824827287,6.546189216860287
780,-20.899171829223633,28.895832061767578,3.310102939605713,0.002803927520290017,0.0010613136691972613,0.0004406720108818263,0.0030302784871309996,2.9943346454190283,-20.890775931906383,28.89900999005691,3.3114224590751626
781,-21.15968132019043,28.895832061767578,0.0,0.008190556429326534,0.0025264075957238674,1.5548365928097496e-09,0.008571344427764416,2.9943346454190283,-21.135156053308837,28.903396971559904,4.655701077815512e-09
782,-20.899171829223633,28.895832061767578,-3.310102939605713,0.002803952433168888,0.001061321352608502,-0.0004406670050229877,0.003030303632840514,2.9943346454190283,-20.89077585730889,28.899010013063616,-3.311422444085946
783,-20.124052047729492,28.895832061767578,-6.538701057434082,-0.005845943465828896,-0.001791455433703959,-0.0025007727090269327,0.006605924107134342,2.9943346454190283,-20.141556758784386,28.890467844696715,-6.54618920779704
784,-18.85341453552246,28.895832061767578,-9.606293678283691,-0.006129010580480099,-0.002648311434313655,-0.00259878346696496,0.007164635229855776,2.9943346454190283,-18.871766844245734,28.887902131087955,-9.614075305654767
785,-17.118541717529297,28.895832061767578,-12.437349319458008,0.0012589143589138985,4.790600360138342e-05,0.0019083480583503842,0.0022866902872920036,2.9943346454190283,-17.114772106648786,28.895975508373887,-12.43163508675137
786,-14.962154388427734,28.895832061767578,-14.962154388427734,0.005506610032171011,0.0031461846083402634,0.005508144851773977,0.008400052785873413,2.9943346454190283,-14.945665755229593,28.905252791341216,-14.94566115946608
787,-12.437349319458008,28.895832061767578,-17.118541717529297,0.0020214254036545753,0.0020549411419779062,0.0014574206434190273,0.0032300183083862066,2.9943346454190283,-12.431296495338716,28.9019852432233,-17.11417771240376
788,-9.606293678283691,28.895832061767578,-18.85341453552246,-0.002565621631219983,-0.002380552003160119,-0.005968763027340174,0.006919217761605978,2.9943346454190283,-9.61397600802109,28.888703892429294,-18.87128700944552
789,-6.538701057434082,28.895832061767578,-20.124052047729492,-0.002445227699354291,-0.003930550534278154,-0.005721864756196737,0.007359898183494806,2.9943346454190283,-6.546022887450197,28.88406267812722,-20.141185225605373
790,-3.310102939605713,28.895832061767578,-20.899171829223633,-0.0003254581242799759,0.00015658728079870343,0.002910715527832508,0.0029330372344702482,2.9943346454190283,-3.3110774701428776,28.896300936487506,-20.890456172875684
791,-0.0,28.895832061767578,-21.15968132019043,6.760389806004241e-05,0.004397511947900057,0.007895120419561863,0.009037455543875694,2.9943346454190283,0.00020242869412656124,28.90899968414682,-21.13604068758838
792,3.310102939605713,28.895832061767578,-20.899171829223633,0.00045229701208882034,0.002702117431908846,0.002340405946597457,0.0036032639909535646,2.9943346454190283,3.31145726821903,28.903923105609934,-20.89216387061339
793,6.538701057434082,28.895832061767578,-20.124052047729492,0.002298875944688916,-0.0026138590183109045,-0.005478451028466225,0.006490802392363548,2.9943346454190283,6.545584661320785,28.88800529315081,-20.14045636344726
794,9.606293678283691,28.895832061767578,-18.85341453552246,0.0022737598046660423,-0.0042098453268408775,-0.005324595607817173,0.007158498279750347,2.9943346454190283,9.613102076042164,28.883226376053564,-18.869358156623793
795,12.437349319458008,28.895832061767578,-17.118541717529297,-0.0013725439785048366,-0.0002883181441575289,0.0007179206586442888,0.0015755679924041033,2.9943346454190283,12.433239463470809,28.894968740759623,-17.116392022828457
796,14.962154388427734,28.895832061767578,-14.962154388427734,-0.004038114100694656,0.0033856008667498827,0.0038321358151733875,0.006515667773783207,2.9943346454190283,14.950062923473869,28.905969683738448,-14.950679691390409
797,17.118541717529297,28.895832061767578,-12.437349319458008,-0.0015713254688307643,0.0021320939995348454,0.0016703987494111061,0.0031313130166381598,2.9943346454190283,17.11383664323875,28.902216264697675,-12.432347586610982
798,18.85341453552246,28.895832061767578,-9.606293678283691,0.0027965919580310583,-0.0015403522411361337,-0.0010260865092277527,0.003353575011715293,2.9943346454190283,18.861788467711495,28.891219731685794,-9.609366124667469
799,20.124052047729492,28.895832061767578,-6.538701057434082,0.003091952530667186,-0.002337273908779025,-0.0011242766631767154,0.004035717807710171,2.9943346454190283,20.13331038831406,28.88883348152669,-6.542067517997668
800,20.899171829223633,28.895832061767578,-3.310102939605713,-0.0007754803518764675,0.00032710478990338743,-0.00017775455489754677,0.0008602116140536964,2.9943346454190283,20.896849781539167,28.89681152297267,-3.3106351962278238
801,22.141490936279297,30.416667938232422,0.0,-0.0026840835344046354,0.001736392150633037,-4.852705459690299e-10,0.0031967738177627325,2.9943346454190283,22.13345389196103,30.421867277407095,-1.4530624081964732e-09
802,21.8688907623291,30.416667938232422,3.4636919498443604,-0.00011653112596832216,-9.516492718830705e-05,0.00031464232597500086,0.0003487630165182054,2.9943346454190283,21.868541829141346,30.416382982593912,3.4646340942619425
803,21.05780792236328,30.416667938232422,6.84209680557251,0.00318126124329865,-0.0022913578432053328,0.0010375562123954296,0.0040555233135819435,2.9943346454190283,21.067333683120218,30.40980684605746,6.845203596085855
804,19.728212356567383,30.416667938232422,10.05202579498291,0.0013829221716150641,-0.00048104251618497074,0.0001284229219891131,0.0014698189916089177,2.9943346454190283,19.73235328833777,30.41522753596029,10.052410336187489
805,17.912841796875,30.416667938232422,13.014440536499023,-0.0029858748894184828,0.003070953767746687,-0.0025479651521891356,0.004983806982636452,2.9943346454190283,17.903901088246727,30.425863401493665,13.006811076168503
806,15.656397819519043,30.416667938232422,15.656397819519043,-0.0032320504542440176,0.002401311881840229,-0.0025321710854768753,0.004756505135446787,2.9943346454190283,15.646719978868157,30.42385826959467,15.648815651909672
807,13.014440536499023,30.416667938232422,17.912841796875,0.0006628143019042909,-0.002391143934801221,0.002167301718145609,0.00329455453902483,2.9943346454190283,13.016425224326694,30.40950805310626,17.91933142349672
808,10.05202579498291,30.416667938232422,19.728212356567383,0.0027874282095581293,-0.004274036269634962,0.005363669246435165,0.007403113413602114,2.9943346454190283,10.060372287842409,30.403870043354477,19.744272977218554
809,6.84209680557251,30.416667938232422,21.05780792236328,0.0012563448399305344,3.1824787583900616e-05,0.001218605088070035,0.0017505467403680086,2.9943346454190283,6.845858722453308,30.416763232296468,21.061456833797575
810,3.4636919498443604,30.416667938232422,21.8688907623291,-0.00031891060643829405,0.00431930972263217,-0.005092224571853876,0.006684974767267704,2.9943346454190283,3.4627370247667106,30.429601396979194,21.853642937871346
811,0.0,30.416667938232422,22.141490936279297,-0.00045670318650081754,0.002195824636146426,-0.004298633895814419,0.004848554264754057,2.9943346454190283,-0.0013675221740126657,30.4232429720157,22.128619387877087
812,-3.4636919498443604,30.416667938232422,21.8688907623291,-0.0009952062973752618,-0.0027871322818100452,0.0020815900061279535,0.0036182256881147623,2.9943346454190283,-3.4666719305399303,30.40832233147963,21.87512373940201
813,-6.84209680557251,30.416667938232422,21.05780792236328,-0.0013629297027364373,-0.002869369462132454,0.00433008000254631,0.005370330531150103,2.9943346454190283,-6.846177873200684,30.40807608584145,21.07077363093234
814,-10.05202579498291,30.416667938232422,19.728212356567383,0.0004038327606394887,0.001382061978802085,0.0003212440060451627,0.0014752538409084082,2.9943346454190283,-10.050816584556772,30.420806294297666,19.729174268624316
815,-13.014440536499023,30.416667938232422,17.912841796875,0.002082252176478505,0.0025478655006736517,-0.0026190902572125196,0.0042055947706103325,2.9943346454190283,-13.008205576666494,30.424297100172957,17.904999364178348
816,-15.656397819519043,30.416667938232422,15.656397819519043,0.0005123800365254283,-0.0008694885182194412,-0.000955602852627635,0.0013898634351789951,2.9943346454190283,-15.654863582224054,30.414064398638523,15.65353642479016
817,-17.912841796875,30.416667938232422,13.014440536499023,-0.0017912373878061771,-0.002384837483987212,0.001073441351763904,0.00316989840939641,2.9943346454190283,-17.918205361043476,30.409526936730426,13.017654779128435
818,-19.728212356567383,30.416667938232422,10.05202579498291,-0.0009356547379866242,0.0006559746107086539,0.0006561641930602491,0.0013176888460293412,2.9943346454190283,-19.731014019965485,30.41863214573578,10.053990570159273
819,-21.05780792236328,30.416667938232422,6.84209680557251,0.0010129418224096298,0.0025363012682646513,-0.00016567569400649518,0.002736114664003253,2.9943346454190283,-21.054774835570647,30.424262472991206,6.841600717102042
820,-21.8688907623291,30.416667938232422,3.4636919498443604,0.0005128636257722974,-0.0002515497908461839,-9.738191147334874e-05,0.0005794736207462847,2.9943346454190283,-21.867355077006078,30.415914713978644,3.4634003558129987
821,-22.141490936279297,30.416667938232422,0.0,-0.0005113893421366811,-0.002627996262162924,1.817843965634669e-11,0.0026772902347147465,2.9943346454190283,-22.143022207103755,30.408798837976597,5.443233166265807e-11
822,-21.8688907623291,30.416667938232422,-3.4636919498443604,0.0005128614720888436,-0.00025155837647616863,9.738188236951828e-05,0.000579475425183773,2.9943346454190283,-21.867355083454925,30.415914688270394,-3.4634003559001454
823,-21.05780792236328,30.416667938232422,-6.84209680557251,0.0010129446163773537,0.0025362996384501457,0.00016567690181545913,0.0027361144311726093,2.9943346454190283,-21.05477482720457,30.424262468110996,-6.841600713485458
824,-19.728212356567383,30.416667938232422,-10.05202579498291,-0.0009356499649584293,0.0006559827015735209,-0.0006561624468304217,0.0013176886131986976,2.9943346454190283,-19.731014005673444,30.41863216996254,-10.053990564930478
825,-17.912841796875,30.416667938232422,-13.014440536499023,-0.0017912400653585792,-0.002384834922850132,-0.0010734442621469498,0.0031698993407189846,2.9943346454190283,-17.918205369060967,30.409526944399328,-13.017654787843096
826,-15.656397819519043,30.416667938232422,-15.656397819519043,0.0005123733426444232,-0.0008694964926689863,0.0009555969736538827,0.0013898619217798114,2.9943346454190283,-15.654863602267774,30.414064374760354,-15.653536442393774
827,-13.014440536499023,30.416667938232422,-17.912841796875,0.0020822526421397924,0.002547862008213997,0.0026190928183496,0.004205594304949045,2.9943346454190283,-13.008205575272148,30.424297089715363,-17.904999356509446
828,-10.05202579498291,30.416667938232422,-19.728212356567383,0.0004038390179630369,0.0013820710591971874,-0.00032123230630531907,0.0014752615243196487,2.9943346454190283,-10.050816565820252,30.420806321487408,-19.72917423359138
829,-6.84209680557251,30.416667938232422,-21.05780792236328,-0.0013629267923533916,-0.0028693629428744316,-0.004330078139901161,0.005370324943214655,2.9943346454190283,-6.846177864486023,30.40807610536229,-21.07077362535496
830,-3.4636919498443604,30.416667938232422,-21.8688907623291,-0.0009952080436050892,-0.0027871413622051477,-0.0020816056057810783,0.0036182424519211054,2.9943346454190283,-3.466671935768727,30.40832230428989,-21.87512378611259
831,-0.0,30.416667938232422,-22.141490936279297,-0.00045670525287277997,0.002195812528952956,0.004298621788620949,0.004848537966609001,2.9943346454190283,-0.0013675283614218233,30.423242935762712,-22.128619424130076
832,3.4636919498443604,30.416667938232422,-21.8688907623291,-0.0003189144772477448,0.0043193139135837555,0.005092234816402197,0.006684985477477312,2.9943346454190283,3.462737013176212,30.429601409528306,-21.853642907195738
833,6.84209680557251,30.416667938232422,-21.05780792236328,0.0012563396012410522,3.1839885195950046e-05,-0.0012185861123725772,0.0017505299765616655,2.9943346454190283,6.845858706766918,30.41676327750377,-21.061456776977984
834,10.05202579498291,30.416667938232422,-19.728212356567383,0.0027874300722032785,-0.004274032078683376,-0.005363666918128729,0.007403110153973103,2.9943346454190283,10.06037229341979,30.40387005590359,-19.744272970246822
835,13.014440536499023,30.416667938232422,-17.912841796875,0.0006628255359828472,-0.0023911555763334036,-0.0021673154551535845,0.003294574096798897,2.9943346454190283,13.016425257965285,30.40950801824762,-17.91933146462992
836,15.656397819519043,30.416667938232422,-15.656397819519043,-0.0032320439349859953,0.002401301870122552,0.002532162005081773,0.00475649069994688,2.9943346454190283,15.646719998388997,30.42385823961624,-15.648815679099412
837,17.912841796875,30.416667938232422,-13.014440536499023,-0.002985882805660367,0.0030709581915289164,0.0025479686446487904,0.004983816295862198,2.9943346454190283,17.90390106454285,30.42586341473995,-13.00681106571091
838,19.728212356567383,30.416667938232422,-10.05202579498291,0.0013829111121594906,-0.0004810333775822073,-0.00012841685384046286,0.0014698051381856203,2.9943346454190283,19.73235325522206,30.415227563324326,-10.05241031801742
839,21.05780792236328,30.416667938232422,-6.84209680557251,0.003181263105943799,-0.0022913578432053328,-0.001037555281072855,0.004055524244904518,2.9943346454190283,21.0673336886976,30.40980684605746,-6.845203593297164
840,21.8688907623291,30.416667938232422,-3.4636919498443604,-0.00011652171815512702,-9.517117723589763e-05,-0.00031464375206269324,0.0003487629001028836,2.9943346454190283,21.868541857311484,30.41638296387918,-3.4646340985321262
841,23.383554458618164,31.9375,0.0,-0.0012858986156061292,0.0005667642690241337,-4.7330566549375064e-11,0.0014052604092285037,2.9943346454190283,23.379704047842957,31.939197081886526,-1.417235552061047e-10
842,23.095664978027344,31.9375,3.657994031906128,0.00051335827447474,-0.0005642164614982903,0.00014798100164625794,0.000777029839809984,2.9943346454190283,23.097202144494116,31.93581054710182,3.658437136546221
843,22.23908233642578,31.9375,7.225915908813477,0.0022067627869546413,-0.0013634224887937307,0.0005558955599553883,0.0026528744492679834,2.9943346454190283,22.24569012269298,31.93341745680546,7.227580446147885
844,20.83489990234375,31.9375,10.615912437438965,-0.00025925965746864676,0.0009014507522806525,-0.00047312432434409857,0.0010505596874281764,2.9943346454190283,20.83412359216923,31.940199245218693,10.61449574488299
845,18.917694091796875,31.9375,13.744508743286133,-0.003262933809310198,0.0030457365792244673,-0.0023258733563125134,0.005033183377236128,2.9943346454190283,18.907923776045948,31.946619954559992,13.73754430011447
846,16.534669876098633,31.9375,16.534669876098633,-0.001637754263356328,0.0005702190101146698,-0.0009388025500811636,0.001971988705918193,2.9943346454190283,16.529765891767184,31.939207426537465,16.53185878709772
847,13.744508743286133,31.9375,18.917694091796875,0.0021253391169011593,-0.00381431239657104,0.003488234942778945,0.005588723346590996,2.9943346454190283,13.750872719837135,31.926078672242497,18.9281390345374
848,10.615912437438965,31.9375,20.83489990234375,0.0024198025930672884,-0.003078136593103409,0.003992095123976469,0.005591707304120064,2.9943346454190283,10.62315813617846,31.92828302895594,20.84685357108128
849,7.225915908813477,31.9375,22.23908233642578,3.101140237049549e-06,0.0025768233463168144,-0.0018641345668584108,0.003180412808433175,2.9943346454190283,7.225925194665129,31.945215871421002,22.233500493708515
850,3.657994031906128,31.9375,23.095664978027344,-0.0008723660139366984,0.004642529878765345,-0.005598436109721661,0.0073250662535429,2.9943346454190283,3.655381876127111,31.95140128805838,23.07890138682384
851,0.0,31.9375,23.383554458618164,-0.0005023450357839465,-0.00043183410889469087,-0.0009257990168407559,0.001138391438871622,2.9943346454190283,-0.0015041891446021325,31.936206944166663,23.380782306547342
852,-3.657994031906128,31.9375,23.095664978027344,-0.0009690900915302336,-0.004667395725846291,0.0047164857387542725,0.006705889478325844,2.9943346454190283,-3.6608958119417294,31.923524255274216,23.10978771467952
853,-7.225915908813477,31.9375,22.23908233642578,-0.00039687109529040754,-0.001067504519596696,0.0022748149931430817,0.0025439842138439417,2.9943346454190283,-7.22710427368387,31.93430353423283,22.24589389377167
854,-10.615912437438965,31.9375,20.83489990234375,0.001966825919225812,0.0043615917675197124,-0.0033796639181673527,0.005857816897332668,2.9943346454190283,-10.610023102447519,31.95056006533866,20.82478005758371
855,-13.744508743286133,31.9375,18.917694091796875,0.0014824392274022102,0.0021243023220449686,-0.0025435802526772022,0.0036304390523582697,2.9943346454190283,-13.740069824147794,31.943860872040243,18.91007776132288
856,-16.534669876098633,31.9375,16.534669876098633,-0.0027382224798202515,-0.004382707178592682,0.0023776956368237734,0.005688534118235111,2.9943346454190283,-16.542869030536824,31.924376708054414,16.541789492520238
857,-18.917694091796875,31.9375,13.744508743286133,-0.0031386578921228647,-0.003823332255706191,0.0026760147884488106,0.005624064244329929,2.9943346454190283,-18.927092283863377,31.92605166376579,13.752521627078838
858,-20.83489990234375,31.9375,10.615912437438965,0.002768594538792968,0.003728537354618311,-0.0009429127676412463,0.0047387960366904736,2.9943346454190283,-20.826609803797123,31.948664488577673,10.613089041071209
859,-22.23908233642578,31.9375,7.225915908813477,0.005203376058489084,0.00590125285089016,-0.001910349354147911,0.00809625443071127,2.9943346454190283,-22.223501687220704,31.9551703258628,7.220195683557497
860,-23.095664978027344,31.9375,3.657994031906128,-0.0011896728537976742,-0.0015110407257452607,-0.000358186021912843,0.0019562370143830776,2.9943346454190283,-23.099227256670186,31.932975438404263,3.6569215030912097
861,-23.383554458618164,31.9375,0.0,-0.006150212604552507,-0.006860560271888971,-9.15754638786126e-10,0.009213706478476524,2.9943346454190283,-23.401970253296668,31.916957186690897,-2.7420758416204846e-09
862,-23.095664978027344,31.9375,-3.657994031906128,-0.001189692411571741,-0.0015110626118257642,0.0003581825876608491,0.0019562651868909597,2.9943346454190283,-23.099227315232707,31.93297537287001,-3.656921513374509
863,-22.23908233642578,31.9375,-7.225915908813477,0.005203369073569775,0.0059012435376644135,0.0019103486556559801,0.008096243254840374,2.9943346454190283,-22.22350170813589,31.955170297975883,-7.220195685649016
864,-20.83489990234375,31.9375,-10.615912437438965,0.002768608508631587,0.0037285536527633667,0.0009429209167137742,0.004738819319754839,2.9943346454190283,-20.826609761966754,31.948664537379774,-10.613089016670159
865,-18.917694091796875,31.9375,-13.744508743286133,-0.0031386481132358313,-0.003823318285867572,-0.002676009200513363,0.005624046549201012,2.9943346454190283,-18.927092254582117,31.926051705596162,-13.75252161034669
866,-16.534669876098633,31.9375,-16.534669876098633,-0.0027382296975702047,-0.004382716957479715,-0.0023777044843882322,0.005688549019396305,2.9943346454190283,-16.542869052149182,31.924376678773154,-16.541789519012806
867,-13.744508743286133,31.9375,-18.917694091796875,0.001482431311160326,0.002124287886545062,0.0025435707066208124,0.003630420658737421,2.9943346454190283,-13.740069847851672,31.943860828815527,-18.910077789906968
868,-10.615912437438965,31.9375,-20.83489990234375,0.0019668289460241795,0.004361596889793873,0.0033796720672398806,0.0058578262105584145,2.9943346454190283,-10.610023093384271,31.95056008067646,-20.82478003318266
869,-7.225915908813477,31.9375,-22.23908233642578,-0.0003968660021200776,-0.001067489618435502,-0.0022748017217963934,0.0025439653545618057,2.9943346454190283,-7.227104258433213,31.934303578851893,-22.245893854032815
870,-3.657994031906128,31.9375,-23.095664978027344,-0.0009690896840766072,-0.0046673971228301525,-0.0047164917923510075,0.0067058950662612915,2.9943346454190283,-3.660895810721677,31.92352425109118,-23.109787732806016
871,-0.0,31.9375,-23.383554458618164,-0.0005023455014452338,-0.00043184994137845933,0.0009257812635041773,0.0011383831733837724,2.9943346454190283,-0.0015041905389478582,31.936206896758907,-23.380782359706775
872,3.657994031906128,31.9375,-23.095664978027344,-0.0008723677601665258,0.0046425252221524715,0.005598434712737799,0.007325062062591314,2.9943346454190283,3.6553818708983146,31.95140127411492,-23.078901391006877
873,7.225915908813477,31.9375,-22.23908233642578,3.0950384370953543e-06,0.0025768368504941463,0.0018641515634953976,0.0031804335303604603,2.9943346454190283,7.2259251763942975,31.945215911857026,-22.233500442814893
874,10.615912437438965,31.9375,-20.83489990234375,0.0024197993334382772,-0.0030781251844018698,-0.003992085345089436,0.005591692868620157,2.9943346454190283,10.62315812641804,31.92828306311741,-20.84685354180002
875,13.744508743286133,31.9375,-18.917694091796875,0.0021253468003124,-0.003814318450167775,-0.003488242859020829,0.005588735453784466,2.9943346454190283,13.750872742843839,31.926078654116,-18.92813905824128
876,16.534669876098633,31.9375,-16.534669876098633,-0.0016377443680539727,0.0005702069029211998,0.0009387920144945383,0.001971971709281206,2.9943346454190283,16.52976592139703,31.939207390284473,-16.53185881864479
877,18.917694091796875,31.9375,-13.744508743286133,-0.0032629359047859907,0.003045735415071249,0.0023258731234818697,0.005033183842897415,2.9943346454190283,18.907923769771394,31.946619951074126,-13.737544300811642
878,20.83489990234375,31.9375,-10.615912437438965,-0.00025926929083652794,0.0009014580282382667,0.00047312871902249753,0.0010505702812224627,2.9943346454190283,20.834123563323704,31.940199267005344,-10.614495731723853
879,22.23908233642578,31.9375,-7.225915908813477,0.002206760458648205,-0.0013634194619953632,-0.0005558942793868482,0.002652870723977685,2.9943346454190283,22.245690115721253,31.933417465868708,-7.227580442313434
880,23.095664978027344,31.9375,-3.657994031906128,0.0005133633385412395,-0.0005642190226353705,-0.00014798148185946047,0.0007770351367071271,2.9943346454190283,23.097202159657627,31.935810539432918,-3.6584371379841403
881,24.625619888305664,33.45833206176758,0.0,0.0005297908210195601,-0.000901753141079098,2.412491040271192e-10,0.0010458666365593672,2.9943346454190283,24.62720625931587,33.45563191109563,7.223805503647022e-10
882,24.322437286376953,33.45833206176758,3.8522961139678955,0.0009987318189814687,-0.0009255307377316058,4.835658910451457e-05,0.0013625016435980797,2.9943346454190283,24.32542782366401,33.45556071301419,3.8524409097779855
883,23.42035675048828,33.45833206176758,7.609735012054443,0.0006093897973187268,3.837552503682673e-05,-8.061486732913181e-05,0.0006158955511637032,2.9943346454190283,23.422181467470956,33.45844697093173,7.609493624164264
884,21.941587448120117,33.45833206176758,11.179798126220703,-0.0017182116862386465,0.0021398470271378756,-0.0010642650304362178,0.002943442901596427,2.9943346454190283,21.936442547339848,33.46473947985683,11.17661136056816
885,19.922544479370117,33.45833206176758,14.474576950073242,-0.0026060021482408047,0.002194909146055579,-0.0015381894772872329,0.003738301806151867,2.9943346454190283,19.914741236851604,33.46490435426716,14.469971096030182
886,17.41294288635254,33.45833206176758,17.41294288635254,0.00012160639744251966,-0.0014485953142866492,0.0008673730189912021,0.0016927943797782063,2.9943346454190283,17.413307016601507,33.45399448263082,17.415540091433805
887,14.474576950073242,33.45833206176758,19.922544479370117,0.0027165599167346954,-0.0042335898615419865,0.0038185117300599813,0.006315378937870264,2.9943346454190283,14.482711239548278,33.44565527697067,19.933978381337376
888,11.179798126220703,33.45833206176758,21.941587448120117,0.0015787987504154444,-0.0011450664605945349,0.001757652498781681,0.0026254761032760143,2.9943346454190283,11.184525578017217,33.454903349593316,21.946850447891826
889,7.609735012054443,33.45833206176758,23.42035675048828,-0.0008063612622208893,0.004297856707125902,-0.003957809880375862,0.00589796993881464,2.9943346454190283,7.607320496590251,33.47120128300677,23.40850574324349
890,3.8522961139678955,33.45833206176758,24.322437286376953,-0.0010848883539438248,0.0037611520383507013,-0.004539640620350838,0.005994295701384544,2.9943346454190283,3.84904759518327,33.4695942096227,24.308844083189687
891,0.0,33.45833206176758,24.625619888305664,-0.000618569552898407,-0.0026644542813301086,0.001932797720655799,0.0033492762595415115,2.9943346454190283,-0.0018522042428450584,33.450353794001856,24.63140733148321
892,-3.8522961139678955,33.45833206176758,24.322437286376953,-0.0007596267387270927,-0.005091180093586445,0.005419216118752956,0.0074742925353348255,2.9943346454190283,-3.8545706906292527,33.443087364827285,24.338664232952347
893,-7.609735012054443,33.45833206176758,23.42035675048828,0.0006280115339905024,0.0008452355396002531,7.15272399247624e-05,0.0010554324835538864,2.9943346454190283,-7.6078545353604925,33.46086297982734,23.42057092698088
894,-11.179798126220703,33.45833206176758,21.941587448120117,0.002696032403036952,0.005800673272460699,-0.00520466361194849,0.008246510289609432,2.9943346454190283,-11.171725302991117,33.475701218714065,21.926002943549108
895,-14.474576950073242,33.45833206176758,19.922544479370117,0.00038103392580524087,0.0010350774973630905,-0.0017194574465975165,0.00204281834885478,2.9943346454190283,-14.473436006988123,33.46143143017863,19.917395848366446
896,-17.41294288635254,33.45833206176758,17.41294288635254,-0.004671250935643911,-0.0064390236511826515,0.00429379940032959,0.009039818309247494,2.9943346454190283,-17.426930174866584,33.43905147016617,17.425799958657425
897,-19.922544479370117,33.45833206176758,14.474576950073242,-0.0031266750302165747,-0.003982106223702431,0.003231976879760623,0.006006574723869562,2.9943346454190283,-19.93190679073806,33.44640830314021,14.484254570417503
898,-21.941587448120117,33.45833206176758,11.179798126220703,0.005199041683226824,0.005709100980311632,-0.0018599415197968483,0.007942496798932552,2.9943346454190283,-21.926019777485052,33.47542702062712,11.174228838889523
899,-23.42035675048828,33.45833206176758,7.609735012054443,0.007106510456651449,0.007454245816916227,-0.002877876628190279,0.010693476535379887,2.9943346454190283,-23.399077480019898,33.48065256827264,7.601117686361412
900,-24.322437286376953,33.45833206176758,3.8522961139678955,-0.0023579904809594154,-0.00236043194308877,-0.0007076113834045827,0.0034106411039829254,2.9943346454190283,-24.32949789896766,33.451264138622236,3.850177288687074
901,-24.625619888305664,33.45833206176758,0.0,-0.00909302569925785,-0.009067440405488014,-1.8505530441359497e-09,0.012841401621699333,2.9943346454190283,-24.652847450188638,33.431181110816155,-5.541175093241922e-09
902,-24.322437286376953,33.45833206176758,-3.8522961139678955,-0.002358018886297941,-0.0023604605812579393,0.0007076059118844569,0.0034106792882084846,2.9943346454190283,-24.329497984022748,33.45126405286997,-3.8501773050706367
903,-23.42035675048828,33.45833206176758,-7.609735012054443,0.00710649648681283,0.007454231381416321,0.002877875231206417,0.01069345697760582,2.9943346454190283,-23.39907752185027,33.48065252504792,-7.601117690544449
904,-21.941587448120117,33.45833206176758,-11.179798126220703,0.005199058912694454,0.005709120072424412,0.0018599528120830655,0.00794252473860979,2.9943346454190283,-21.92601972589426,33.475427077795295,-11.174228805076638
905,-19.922544479370117,33.45833206176758,-14.474576950073242,-0.0031266575679183006,-0.003982085268944502,-0.0032319659367203712,0.006006546318531036,2.9943346454190283,-19.931906738450095,33.446408365885766,-14.484254537650378
906,-17.41294288635254,33.45833206176758,-17.41294288635254,-0.0046712555922567844,-0.0064390311017632484,-0.004293807782232761,0.009039830416440964,2.9943346454190283,-17.42693018881004,33.439051447856635,-17.42579998375565
907,-14.474576950073242,33.45833206176758,-19.922544479370117,0.00038102164398878813,0.0010350571246817708,0.0017194411484524608,0.0020427918061614037,2.9943346454190283,-14.473436043763993,33.461431369176,-19.917395897168547
908,-11.179798126220703,33.45833206176758,-21.941587448120117,0.002696031704545021,0.005800673272460699,0.005204666405916214,0.008246511220932007,2.9943346454190283,-11.171725305082635,33.475701218714065,-21.926002935183035
909,-7.609735012054443,33.45833206176758,-23.42035675048828,0.0006280172383412719,0.0008452535257674754,-7.150948658818379e-05,0.0010554491309449077,2.9943346454190283,-7.6078545182797574,33.46086303368395,-23.420570873821447
910,-3.8522961139678955,33.45833206176758,-24.322437286376953,-0.0007596242357976735,-0.005091174505650997,-0.0054192133247852325,0.0074742864817380905,2.9943346454190283,-3.8545706831346442,33.44308738155944,-24.338664224586275
911,-0.0,33.45833206176758,-24.625619888305664,-0.0006185687961988151,-0.002664469415321946,-0.0019328149501234293,0.003349298145622015,2.9943346454190283,-0.0018522019770332541,33.45035374868562,-24.631407383074002
912,3.8522961139678955,33.45833206176758,-24.322437286376953,-0.0010848887031897902,0.003761140163987875,0.004539630375802517,0.0059942808002233505,2.9943346454190283,3.8490475941375104,33.469594174066884,-24.30884411386529
913,7.609735012054443,33.45833206176758,-23.42035675048828,-0.0008063666173256934,0.004297865089029074,0.00395782059058547,0.005897983908653259,2.9943346454190283,7.607320480555276,33.471201308104995,-23.40850571117354
914,11.179798126220703,33.45833206176758,-21.941587448120117,0.0015787925804033875,-0.0011450514430180192,-0.00175763841252774,0.0026254563126713037,2.9943346454190283,11.184525559542136,33.454903394560965,-21.94685040571287
915,14.474576950073242,33.45833206176758,-19.922544479370117,0.0027165631763637066,-0.004233588930219412,-0.0038185124285519123,0.006315380334854126,2.9943346454190283,14.482711249308698,33.44565527975936,-19.933978383428894
916,17.41294288635254,33.45833206176758,-17.41294288635254,0.00012161633640062064,-0.0014486064901575446,-0.0008673822158016264,0.0016928092809394002,2.9943346454190283,17.41330704636207,33.45399444916652,-17.415540118972135
917,19.922544479370117,33.45833206176758,-14.474576950073242,-0.002605998422950506,0.0021949023939669132,0.001538185286335647,0.003738293657079339,2.9943346454190283,19.91474124800637,33.464904334049145,-14.469971108579294
918,21.941587448120117,33.45833206176758,-11.179798126220703,-0.0017182172741740942,0.0021398502867668867,0.0010642666602507234,0.0029434494208544493,2.9943346454190283,21.9364425306077,33.46473948961725,-11.17661135568795
919,23.42035675048828,33.45833206176758,-7.609735012054443,0.0006093843257986009,3.838114207610488e-05,8.061664993874729e-05,0.0006158907781355083,2.9943346454190283,23.422181451087397,33.458446987751024,-7.6094936188265345
920,24.322437286376953,33.45833206176758,-3.8522961139678955,0.0009987311204895377,-0.0009255284676328301,-4.8355981562053785e-05,0.0013624995481222868,2.9943346454190283,24.325427821572493,33.45556071981162,-3.8524409079588
921,26.01280975341797,34.97916793823242,0.0,0.002178543247282505,-0.0023919285740703344,5.200081476530727e-10,0.0032353319693356752,2.9943346454190283,26.019333040939852,34.97200570363371,1.557078412417769e-09
922,25.692548751831055,34.97916793823242,4.069300174713135,0.0013595519121736288,-0.001221359590999782,-7.673513027839363e-05,0.0018292044987902045,2.9943346454190283,25.69661970522392,34.975510778894574,4.069070404054021
923,24.739652633666992,34.97916793823242,8.038399696350098,-0.0009556887671351433,0.00154789537191391,-0.000635396980214864,0.0019269277108833194,2.9943346454190283,24.73679098168132,34.983802854972026,8.036497105158645
924,23.177583694458008,34.97916793823242,11.809569358825684,-0.002954124240204692,0.003274628659710288,-0.0014463094994425774,0.004641320090740919,2.9943346454190283,23.16873805789869,34.988973272279075,11.805238624183504
925,21.0448055267334,34.97916793823242,15.289945602416992,-0.0017424591351300478,0.0010773807298392057,-0.0006780762923881412,0.002157938899472356,2.9943346454190283,21.03958802097685,34.98239397667809,15.287915215082457
926,18.393835067749023,34.97916793823242,18.393835067749023,0.0018331540049985051,-0.003494765842333436,0.0023711761459708214,0.0046039461158216,2.9943346454190283,18.39932414429658,34.968703439793096,18.400935162633296
927,15.289945602416992,34.97916793823242,21.0448055267334,0.003062885720282793,-0.004328524228185415,0.003758130595088005,0.006499302573502064,2.9943346454190283,15.299116907244194,34.96620688817243,21.05605862737628
928,11.809569358825684,34.97916793823242,23.177583694458008,0.0005528515903279185,0.0010070974240079522,-0.00037672818871214986,0.0012090550735592842,2.9943346454190283,11.811224781496378,34.98218352494044,23.17645564419064
929,8.038399696350098,34.97916793823242,24.739652633666992,-0.0015964379999786615,0.005783615633845329,-0.00548595143482089,0.008129851892590523,2.9943346454190283,8.033619426737499,34.99648601890063,24.723225859222623
930,4.069300174713135,34.97916793823242,25.692548751831055,-0.0010968991555273533,0.0025450875982642174,-0.0032171928323805332,0.004246290773153305,2.9943346454190283,4.066015691569208,34.98678878220353,25.682915399872066
931,0.0,34.97916793823242,26.01280975341797,-0.0004915559547953308,-0.004801079165190458,0.0043401699513196945,0.006490690633654594,2.9943346454190283,-0.0014718830256056886,34.96479190055269,26.025805674670213
932,-4.069300174713135,34.97916793823242,25.692548751831055,-0.0005331361899152398,-0.005149691365659237,0.0055880253203213215,0.007617714814841747,2.9943346454190283,-4.070896562877325,34.96374803896301,25.70928116964717
933,-8.038399696350098,34.97916793823242,24.739652633666992,0.001301539596170187,0.0027792826294898987,-0.0019798739813268185,0.0036521663423627615,2.9943346454190283,-8.0345024512449,34.98749004049932,24.73372422841114
934,-11.809569358825684,34.97916793823242,23.177583694458008,0.00308305979706347,0.006866210140287876,-0.006424317602068186,0.009895551949739456,2.9943346454190283,-11.800337646061438,34.99972766913821,23.15834713768896
935,-15.289945602416992,34.97916793823242,21.0448055267334,-0.00048739384510554373,-0.00019758193229790777,-0.0006859051063656807,0.0008643246837891638,2.9943346454190283,-15.291405022693356,34.97857631180723,21.04275169730994
936,-18.393835067749023,34.97916793823242,18.393835067749023,-0.00595783581957221,-0.008135788142681122,0.005779981147497892,0.011623038910329342,2.9943346454190283,-18.411674821955287,34.954806665929006,18.411142265548847
937,-21.0448055267334,34.97916793823242,15.289945602416992,-0.0029558006208389997,-0.0038459731731563807,0.003309031715616584,0.005871793255209923,2.9943346454190283,-21.053656182937328,34.967651807514684,15.299853950725852
938,-23.177583694458008,34.97916793823242,11.809569358825684,0.0069311740808188915,0.007417894899845123,-0.0027599434833973646,0.010520628653466702,2.9943346454190283,-23.15682943977438,35.001379597927105,11.801305164433948
939,-24.739652633666992,34.97916793823242,8.038399696350098,0.008328990079462528,0.008578664623200893,-0.0034275553189218044,0.012438395991921425,2.9943346454190283,-24.714712850110708,35.0048553309251,8.02813644870956
940,-25.692548751831055,34.97916793823242,4.069300174713135,-0.00321618071757257,-0.0031088432297110558,-0.0006895244005136192,0.004525944124907255,2.9943346454190283,-25.70217907317961,34.96985902124252,4.067235507911815
941,-26.01280975341797,34.97916793823242,0.0,-0.011103600263595581,-0.010794553905725479,-2.078935912308566e-09,0.015485875308513641,2.9943346454190283,-26.046057648376138,34.946845431490665,-6.225029827831354e-09
942,-25.692548751831055,34.97916793823242,-4.069300174713135,-0.003216214943677187,-0.0031088769901543856,0.0006895177066326141,0.004525990691035986,2.9943346454190283,-25.70217917566402,34.969858920152454,-4.067235527955535
943,-24.739652633666992,34.97916793823242,-8.038399696350098,0.008328970521688461,0.008578645996749401,0.0034275527577847242,0.012438368983566761,2.9943346454190283,-24.714712908673228,35.00485527515127,-8.028136456378462
944,-23.177583694458008,34.97916793823242,-11.809569358825684,0.006931192707270384,0.007417915854603052,0.0027599562890827656,0.010520659387111664,2.9943346454190283,-23.156829384000552,35.00137966067266,-11.80130512608944
945,-21.0448055267334,34.97916793823242,-15.289945602416992,-0.0029557778034359217,-0.003845945931971073,-0.0033090165816247463,0.005871755536645651,2.9943346454190283,-21.053656114614387,34.96765188908391,-15.299853905409618
946,-18.393835067749023,34.97916793823242,-18.393835067749023,-0.005957838613539934,-0.008135792799293995,-0.005779988132417202,0.011623047292232513,2.9943346454190283,-18.41167483032136,34.95480665198554,-18.41114228646403
947,-15.289945602416992,34.97916793823242,-21.0448055267334,-0.00048740889178588986,-0.0001976070780074224,0.0006858840934000909,0.0008643222390674055,2.9943346454190283,-15.291405067748151,34.978576236512566,-21.042751760229788
948,-11.809569358825684,34.97916793823242,-23.177583694458008,0.0030830560717731714,0.006866205018013716,0.006424315273761749,0.009895546361804008,2.9943346454190283,-11.800337657216204,34.99972765380041,-23.158347144660688
949,-8.038399696350098,34.97916793823242,-24.739652633666992,0.0013015453005209565,0.002779302652925253,0.0019798942375928164,0.0036521945148706436,2.9943346454190283,-8.034502434164166,34.98749010045618,-24.733724167757103
950,-4.069300174713135,34.97916793823242,-25.692548751831055,-0.0005331326392479241,-0.00514967879280448,-0.005588014610111713,0.0076176985166966915,2.9943346454190283,-4.070896552245438,34.96374807661035,-25.70928113757722
951,-0.0,34.97916793823242,-26.01280975341797,-0.000491554441396147,-0.00480109266936779,-0.004340185318142176,0.006490710657089949,2.9943346454190283,-0.0014718784939820803,34.96479186011667,-26.02580572068362
952,4.069300174713135,34.97916793823242,-25.692548751831055,-0.0010968976421281695,0.0025450692046433687,0.003217175602912903,0.004246266558766365,2.9943346454190283,4.066015696100832,34.98678872712687,-25.682915451462854
953,8.038399696350098,34.97916793823242,-24.739652633666992,-0.0015964418416842818,0.005783618427813053,0.0054859560914337635,0.00812985748052597,2.9943346454190283,8.033619415234146,34.996486027266705,-24.723225845279163
954,11.809569358825684,34.97916793823242,-23.177583694458008,0.0005528429755941033,0.0010071152355521917,0.00037674466148018837,0.0012090711388736963,2.9943346454190283,11.811224755700982,34.98218357827417,-23.17645559486566
955,15.289945602416992,34.97916793823242,-21.0448055267334,0.003062883624807,-0.004328515846282244,-0.0037581247743219137,0.00649929279461503,2.9943346454190283,15.299116900969638,34.96620691327065,-21.05605860994696
956,18.393835067749023,34.97916793823242,-18.393835067749023,0.0018331630853936076,-0.003494775155559182,-0.0023711833637207747,0.0046039605513215065,2.9943346454190283,18.39932417148632,34.96870341190618,-18.400935184245654
957,21.0448055267334,34.97916793823242,-15.289945602416992,-0.0017424500547349453,0.001077368389815092,0.0006780691328458488,0.002157923299819231,2.9943346454190283,21.039588048166593,34.98239393972793,-15.287915236520522
958,23.177583694458008,34.97916793823242,-11.809569358825684,-0.00295412540435791,0.003274627262726426,0.0014463085681200027,0.004641319625079632,2.9943346454190283,23.168738054412827,34.98897326809604,-11.805238626972196
959,24.739652633666992,34.97916793823242,-8.038399696350098,-0.0009556968580000103,0.0015479031717404723,0.0006353989010676742,0.0019269386539235711,2.9943346454190283,24.736790957454566,34.98380287832732,-8.036497099406969
960,25.692548751831055,34.97916793823242,-4.069300174713135,0.001359545742161572,-0.0012213523732498288,7.673663640161976e-05,0.0018291950691491365,2.9943346454190283,25.696619686748843,34.97551080050693,-4.069070399544184
961,27.399999618530273,36.5,0.0,0.0036446659360080957,-0.00371853937394917,8.301455634018851e-10,0.005206834524869919,2.9943346454190283,27.41091296801344,36.48886544872223,2.485733621235163e-09
962,27.062660217285156,36.5,4.286303997039795,0.001673990162089467,-0.001478874241001904,-0.00022605876438319683,0.0022450867109000683,2.9943346454190283,27.06767270402359,36.49557175562395,4.285627101449702
963,26.058948516845703,36.5,8.467065811157227,-0.002358779078349471,0.002905346918851137,-0.0011612900998443365,0.003918351139873266,2.9943346454190283,26.051885542930513,36.508699580936074,8.46358851997788
964,24.4135799407959,36.5,12.439339637756348,-0.004058556165546179,0.004291078075766563,-0.0017624406609684229,0.006163718644529581,2.9943346454190283,24.401427265459024,36.512848923748464,12.434062300624715
965,22.16706657409668,36.5,16.105316162109375,-0.0009738339576870203,6.388674955815077e-05,0.00015459090354852378,0.000988095416687429,2.9943346454190283,22.16415058933829,36.500191298307584,16.105779059007737
966,19.374725341796875,36.5,19.374725341796875,0.0033702002838253975,-0.005355470348149538,0.00374239357188344,0.007351518142968416,2.9943346454190283,19.384816849268734,36.48396392959402,19.38593132052596
967,16.105316162109375,36.5,22.16706657409668,0.003413487458601594,-0.004435245878994465,0.0036623645573854446,0.006688513793051243,2.9943346454190283,16.11553728586837,36.48671938960357,22.178032919175013
968,12.439339637756348,36.5,24.4135799407959,-0.0003251499729231,0.0029578711837530136,-0.0023431750014424324,0.003787504741922021,2.9943346454190283,12.438366029927467,36.5088568561622,24.4065636907088
969,8.467065811157227,36.5,26.058948516845703,-0.0023363223299384117,0.007178338244557381,-0.006875582970678806,0.01021080743521452,2.9943346454190283,8.460070080261826,36.521494346902216,26.038360720549147
970,4.286303997039795,36.5,27.062660217285156,-0.001194809447042644,0.0014843734679743648,-0.0020235790871083736,0.002779533388093114,2.9943346454190283,4.2827263377178415,36.50444471090189,27.056600944316884
971,0.0,36.5,27.399999618530273,-0.0004074391908943653,-0.006778422277420759,0.006531771272420883,0.009422157891094685,2.9943346454190283,-0.001220009285196495,36.47970313533344,27.419557927547235
972,-4.286303997039795,36.5,27.062660217285156,-0.00026063871337100863,-0.005284454207867384,0.005793673451989889,0.007846021093428135,2.9943346454190283,-4.287084436569179,36.48417657568325,27.080008414426693
973,-8.467065811157227,36.5,26.058948516845703,0.00198114151135087,0.004536672495305538,-0.003803867846727371,0.006243054289370775,2.9943346454190283,-8.461133610492311,36.51358431562761,26.04755846356565
974,-12.439339637756348,36.5,24.4135799407959,0.0034205052070319653,0.007929366081953049,-0.007586618419736624,0.01149484608322382,2.9943346454190283,-12.429097500510096,36.523743175575405,24.390863066420106
975,-16.105316162109375,36.5,22.16706657409668,-0.001341704628430307,-0.0012806487502530217,0.0001683170412434265,0.001862407778389752,2.9943346454190283,-16.109333674762205,36.496165309078506,22.16757057164469
976,-19.374725341796875,36.5,19.374725341796875,-0.007166775409132242,-0.009773645550012589,0.007148959208279848,0.01407104916870594,2.9943346454190283,-19.396185065700376,36.47073443451755,19.396131718032915
977,-22.16706657409668,36.5,16.105316162109375,-0.0027749205473810434,-0.0037998410407453775,0.003488219575956464,0.005857188254594803,2.9943346454190283,-22.17537561482999,36.48862200432461,16.11576105883649
978,-24.4135799407959,36.5,12.439339637756348,0.008575971238315105,0.009053269401192665,-0.003530264599248767,0.012960391119122505,2.9943346454190283,-24.387900612998894,36.527108518222306,12.42876884415932
979,-26.058948516845703,36.5,8.467065811157227,0.009485200047492981,0.009725712239742279,-0.004013252444565296,0.01416561659425497,2.9943346454190283,-26.030546653724766,36.52912203711084,8.455048790321651
980,-27.062660217285156,36.5,4.286303997039795,-0.004034241195768118,-0.003824004204943776,-0.0007868777611292899,0.005614025983959436,2.9943346454190283,-27.07474008546562,36.48854965172491,4.283947821697936
981,-27.399999618530273,36.5,0.0,-0.01301715336740017,-0.012513946741819382,-2.492890560645833e-09,0.018056720495224,2.9943346454190283,-27.438977331843013,36.46252905572004,-7.464548572979883e-09
982,-27.062660217285156,36.5,-4.286303997039795,-0.004034281242638826,-0.0038240430876612663,0.0007868697866797447,0.005614080000668764,2.9943346454190283,-27.074740205379353,36.48854953529704,-4.283947845576106
983,-26.058948516845703,36.5,-8.467065811157227,0.009485175833106041,0.009725689888000488,0.004013248719274998,0.014165583997964859,2.9943346454190283,-26.030546726230742,36.52912197018224,-8.455048801476417
984,-24.4135799407959,36.5,-12.439339637756348,0.008575991727411747,0.00905329268425703,0.0035302790347486734,0.012960424646735191,2.9943346454190283,-24.387900551647682,36.52710858793959,-12.428768800934604
985,-22.16706657409668,36.5,-16.105316162109375,-0.0027748923748731613,-0.0037998082116246223,-0.003488200716674328,0.005857142154127359,2.9943346454190283,-22.17537553047207,36.48862210262598,-16.11576100236549
986,-19.374725341796875,36.5,-19.374725341796875,-0.007166776340454817,-0.009773649275302887,-0.007148965261876583,0.014071055687963963,2.9943346454190283,-19.396185068489068,36.470734423362785,-19.396131736159408
987,-16.105316162109375,36.5,-22.16706657409668,-0.0013417222071439028,-0.0012806785525754094,-0.00016834259440656751,0.001862443401478231,2.9943346454190283,-16.109333727398756,36.49616521984038,-22.167570648159412
988,-12.439339637756348,36.5,-24.4135799407959,0.0034204984549432993,0.007929355837404728,0.0075866119004786015,0.011494833044707775,2.9943346454190283,-12.429097520728108,36.5237431448998,-24.390863085940946
989,-8.467065811157227,36.5,-26.058948516845703,0.001981147099286318,0.004536694381386042,0.0038038906641304493,0.0062430864199995995,2.9943346454190283,-8.461133593760161,36.51358438116186,-26.04755839524271
990,-4.286303997039795,36.5,-27.062660217285156,-0.00026063399855047464,-0.005284435115754604,-0.005793656222522259,0.007845995016396046,2.9943346454190283,-4.287084422451429,36.48417663285143,-27.0800083628359
991,-0.0,36.5,-27.399999618530273,-0.0004074366297572851,-0.006778433918952942,-0.006531785242259502,0.009422175586223602,2.9943346454190283,-0.0012200016162950043,36.479703100474794,-27.419557969377607
992,4.286303997039795,36.5,-27.062660217285156,-0.0011948063038289547,0.0014843492535874248,0.002023555338382721,0.0027795019559562206,2.9943346454190283,4.282726347129675,36.50444463839592,-27.056601015428516
993,8.467065811157227,36.5,-26.058948516845703,-0.0023363251239061356,0.007178335450589657,0.006875581573694944,0.010210804641246796,2.9943346454190283,8.460070071895752,36.521494338536144,-26.038360724732183
994,12.439339637756348,36.5,-24.4135799407959,-0.0003251608577556908,0.0029578914400190115,0.0023431936278939247,0.0037875331472605467,2.9943346454190283,12.438365997334635,36.508856916816235,-24.40656363493497
995,16.105316162109375,36.5,-22.16706657409668,0.0034134811721742153,-0.004435230512171984,-0.0036623526830226183,0.006688494235277176,2.9943346454190283,16.1155372670447,36.48671943561698,-22.1780328836192
996,19.374725341796875,36.5,-19.374725341796875,0.003370208665728569,-0.005355477798730135,-0.0037423986941576004,0.007351530250161886,2.9943346454190283,19.384816874366958,36.48396390728449,-19.385931335863763
997,22.16706657409668,36.5,-16.105316162109375,-0.0009738201624713838,6.386954919435084e-05,-0.00015460079885087907,0.0009880821453407407,2.9943346454190283,22.164150630645786,36.50019124680394,-16.105779088637583
998,24.4135799407959,36.5,-12.439339637756348,-0.004058553371578455,0.004291072487831116,0.001762437168508768,0.0061637116596102715,2.9943346454190283,24.4014272738251,36.51284890701632,-12.434062311082307
999,26.058948516845703,36.5,-8.467065811157227,-0.002358789322897792,0.0029053566977381706,0.0011612919624894857,0.0039183651097118855,2.9943346454190283,26.051885512254906,36.508699610217334,-8.463588514400497
1000,27.062660217285156,36.5,-4.286303997039795,0.0016739791026338935,-0.0014788625994697213,0.0002260611072415486,0.0022450711112469435,2.9943346454190283,27.067672670907882,36.49557179048259,-4.2856270944344
