node_label,x,y,z,ux,uy,uz,umag,scale_factor,scaled_x,scaled_y,scaled_z
1,39.29999923706055,0.0,0.0,0.0,0.0,0.0,0.0,3.319942913984751,39.29999923706055,0.0,0.0
2,38.8161506652832,0.0,6.147873878479004,0.0,0.0,0.0,0.0,3.319942913984751,38.8161506652832,0.0,6.147873878479004
3,37.376522064208984,0.0,12.144368171691895,0.0,0.0,0.0,0.0,3.319942913984751,37.376522064208984,0.0,12.144368171691895
4,35.01655578613281,0.0,17.841827392578125,0.0,0.0,0.0,0.0,3.319942913984751,35.01655578613281,0.0,17.841827392578125
5,31.794368743896484,0.0,23.099960327148438,0.0,0.0,0.0,0.0,3.319942913984751,31.794368743896484,0.0,23.099960327148438
6,27.789297103881836,0.0,27.789297103881836,0.0,0.0,0.0,0.0,3.319942913984751,27.789297103881836,0.0,27.789297103881836
7,23.099960327148438,0.0,31.794368743896484,0.0,0.0,0.0,0.0,3.319942913984751,23.099960327148438,0.0,31.794368743896484
8,17.841827392578125,0.0,35.01655578613281,0.0,0.0,0.0,0.0,3.319942913984751,17.841827392578125,0.0,35.01655578613281
9,12.144368171691895,0.0,37.376522064208984,0.0,0.0,0.0,0.0,3.319942913984751,12.144368171691895,0.0,37.376522064208984
10,6.147873878479004,0.0,38.8161506652832,0.0,0.0,0.0,0.0,3.319942913984751,6.147873878479004,0.0,38.8161506652832
11,0.0,0.0,39.29999923706055,0.0,0.0,0.0,0.0,3.319942913984751,0.0,0.0,39.29999923706055
12,-6.147873878479004,0.0,38.8161506652832,0.0,0.0,0.0,0.0,3.319942913984751,-6.147873878479004,0.0,38.8161506652832
13,-12.144368171691895,0.0,37.376522064208984,0.0,0.0,0.0,0.0,3.319942913984751,-12.144368171691895,0.0,37.376522064208984
14,-17.841827392578125,0.0,35.01655578613281,0.0,0.0,0.0,0.0,3.319942913984751,-17.841827392578125,0.0,35.01655578613281
15,-23.099960327148438,0.0,31.794368743896484,0.0,0.0,0.0,0.0,3.319942913984751,-23.099960327148438,0.0,31.794368743896484
16,-27.789297103881836,0.0,27.789297103881836,0.0,0.0,0.0,0.0,3.319942913984751,-27.789297103881836,0.0,27.789297103881836
17,-31.794368743896484,0.0,23.099960327148438,0.0,0.0,0.0,0.0,3.319942913984751,-31.794368743896484,0.0,23.099960327148438
18,-35.01655578613281,0.0,17.841827392578125,0.0,0.0,0.0,0.0,3.319942913984751,-35.01655578613281,0.0,17.841827392578125
19,-37.376522064208984,0.0,12.144368171691895,0.0,0.0,0.0,0.0,3.319942913984751,-37.376522064208984,0.0,12.144368171691895
20,-38.8161506652832,0.0,6.147873878479004,0.0,0.0,0.0,0.0,3.319942913984751,-38.8161506652832,0.0,6.147873878479004
21,-39.29999923706055,0.0,0.0,0.0,0.0,0.0,0.0,3.319942913984751,-39.29999923706055,0.0,0.0
22,-38.8161506652832,0.0,-6.147873878479004,0.0,0.0,0.0,0.0,3.319942913984751,-38.8161506652832,0.0,-6.147873878479004
23,-37.376522064208984,0.0,-12.144368171691895,0.0,0.0,0.0,0.0,3.319942913984751,-37.376522064208984,0.0,-12.144368171691895
24,-35.01655578613281,0.0,-17.841827392578125,0.0,0.0,0.0,0.0,3.319942913984751,-35.01655578613281,0.0,-17.841827392578125
25,-31.794368743896484,0.0,-23.099960327148438,0.0,0.0,0.0,0.0,3.319942913984751,-31.794368743896484,0.0,-23.099960327148438
26,-27.789297103881836,0.0,-27.789297103881836,0.0,0.0,0.0,0.0,3.319942913984751,-27.789297103881836,0.0,-27.789297103881836
27,-23.099960327148438,0.0,-31.794368743896484,0.0,0.0,0.0,0.0,3.319942913984751,-23.099960327148438,0.0,-31.794368743896484
28,-17.841827392578125,0.0,-35.01655578613281,0.0,0.0,0.0,0.0,3.319942913984751,-17.841827392578125,0.0,-35.01655578613281
29,-12.144368171691895,0.0,-37.376522064208984,0.0,0.0,0.0,0.0,3.319942913984751,-12.144368171691895,0.0,-37.376522064208984
30,-6.147873878479004,0.0,-38.8161506652832,0.0,0.0,0.0,0.0,3.319942913984751,-6.147873878479004,0.0,-38.8161506652832
31,-0.0,0.0,-39.29999923706055,0.0,0.0,0.0,0.0,3.319942913984751,0.0,0.0,-39.29999923706055
32,6.147873878479004,0.0,-38.8161506652832,0.0,0.0,0.0,0.0,3.319942913984751,6.147873878479004,0.0,-38.8161506652832
33,12.144368171691895,0.0,-37.376522064208984,0.0,0.0,0.0,0.0,3.319942913984751,12.144368171691895,0.0,-37.376522064208984
34,17.841827392578125,0.0,-35.01655578613281,0.0,0.0,0.0,0.0,3.319942913984751,17.841827392578125,0.0,-35.01655578613281
35,23.099960327148438,0.0,-31.794368743896484,0.0,0.0,0.0,0.0,3.319942913984751,23.099960327148438,0.0,-31.794368743896484
36,27.789297103881836,0.0,-27.789297103881836,0.0,0.0,0.0,0.0,3.319942913984751,27.789297103881836,0.0,-27.789297103881836
37,31.794368743896484,0.0,-23.099960327148438,0.0,0.0,0.0,0.0,3.319942913984751,31.794368743896484,0.0,-23.099960327148438
38,35.01655578613281,0.0,-17.841827392578125,0.0,0.0,0.0,0.0,3.319942913984751,35.01655578613281,0.0,-17.841827392578125
39,37.376522064208984,0.0,-12.144368171691895,0.0,0.0,0.0,0.0,3.319942913984751,37.376522064208984,0.0,-12.144368171691895
40,38.8161506652832,0.0,-6.147873878479004,0.0,0.0,0.0,0.0,3.319942913984751,38.8161506652832,0.0,-6.147873878479004
41,35.80722427368164,1.5208330154418945,0.0,0.24038349092006683,0.5200809240341187,1.6553851345246784e-10,0.5729471445083618,3.319942913984751,36.60528374100063,3.2474719938876087,5.4957841472809e-10
42,35.36637878417969,1.5208330154418945,5.6014838218688965,0.16880851984024048,0.3627369999885559,0.004816071130335331,0.4001220464706421,3.319942913984751,35.92681343344355,2.7250991481939875,5.6174729030913
43,34.05469512939453,1.5208330154418945,11.065040588378906,0.003755500540137291,-0.011719941161572933,-0.03051857464015484,0.03290659934282303,3.319942913984751,34.06716317680122,1.4819234798302123,10.96372066275741
44,31.90447235107422,1.5208330154418945,16.256139755249023,-0.14476630091667175,-0.3734719455242157,-0.09686353802680969,0.4120935797691345,3.319942913984751,31.42385649616213,0.2809274763266756,15.934558338553424
45,28.96865463256836,1.5208330154418945,21.046958923339844,-0.1896434873342514,-0.5058848857879639,-0.1364043802022934,0.5572165846824646,3.319942913984751,28.339049080609655,-0.15867592642184136,20.59410416785076
46,25.31953239440918,1.5208330154418945,25.31953239440918,-0.1248060092329979,-0.3366679549217224,-0.09408349543809891,0.37117859721183777,3.319942913984751,24.905183568433372,0.4031146241337846,25.007180560406546
47,21.046958923339844,1.5208330154418945,28.96865463256836,-0.01599813625216484,0.025514882057905197,0.02737865410745144,0.04070061817765236,3.319942913984751,20.993846024252505,1.6055409673311936,29.05955020126683
48,16.256139755249023,1.5208330154418945,31.90447235107422,0.0593930147588253,0.363162636756897,0.15859082341194153,0.4007064998149872,3.319942913984751,16.453321173737777,2.726512237966973,32.4309848314837
49,11.065040588378906,1.5208330154418945,34.05469512939453,0.07017333805561066,0.48034241795539856,0.2101331651210785,0.5289698243141174,3.319942913984751,11.298012064807287,3.115542422219222,34.752325241931445
50,5.6014838218688965,1.5208330154418945,35.36637878417969,0.043338704854249954,0.314555823802948,0.13913027942180634,0.34667110443115234,3.319942913984751,5.7453658479510405,2.565140393729128,35.82828336946683
51,0.0,1.5208330154418945,35.80722427368164,0.027425892651081085,-0.030446145683526993,-0.015304449014365673,0.04374212399125099,3.319942913984751,0.0910523979666631,1.4197535498217217,35.75641437662396
52,-5.6014838218688965,1.5208330154418945,35.36637878417969,0.04266746714711189,-0.34776031970977783,-0.15642471611499786,0.38370099663734436,3.319942913984751,-5.459830266656165,0.36628860625634596,34.847057656341626
53,-11.065040588378906,1.5208330154418945,34.05469512939453,0.062374867498874664,-0.4515547752380371,-0.19832110404968262,0.49711525440216064,3.319942913984751,-10.85795958901528,0.021696939114396185,33.39628038531116
54,-16.256139755249023,1.5208330154418945,31.90447235107422,0.04228148236870766,-0.28891679644584656,-0.1264735907316208,0.3182078003883362,3.319942913984751,-16.11576764746626,0.5616457443503315,31.484587249718565
55,-21.046958923339844,1.5208330154418945,28.96865463256836,-0.030405614525079727,0.033051230013370514,-0.0016107858391478658,0.044938623905181885,3.319942913984751,-21.147903827827733,1.630561212323264,28.963306915535732
56,-25.31953239440918,1.5208330154418945,25.31953239440918,-0.11655647307634354,0.3209393620491028,0.09308455884456635,0.3539099097251892,3.319942913984751,-25.706493231278042,2.5863333762956,25.628567815946596
57,-28.96865463256836,1.5208330154418945,21.046958923339844,-0.15282651782035828,0.4139889180660248,0.11272531002759933,0.45546653866767883,3.319942913984751,-29.476029947475023,2.895252590443407,21.421200517592705
58,-31.90447235107422,1.5208330154418945,16.256139755249023,-0.1021762490272522,0.27147746086120605,0.07217558473348618,0.29891353845596313,3.319942913984751,-32.243691665009784,2.4221226879346283,16.49575857634767
59,-34.05469512939453,1.5208330154418945,11.065040588378906,0.014924775809049606,-0.0158856101334095,0.020372431725263596,0.02983517199754715,3.319942913984751,-34.005145725704466,1.4680936966451572,11.132675898725834
60,-35.36637878417969,1.5208330154418945,5.6014838218688965,0.1322125345468521,-0.2861473262310028,-0.004163636360317469,0.3152424395084381,3.319942913984751,-34.9274407169709,0.5708402273655938,5.587660786838051
61,-35.80722427368164,1.5208330154418945,0.0,0.18084850907325745,-0.3950771689414978,1.2940586102683227e-10,0.43450218439102173,3.319942913984751,-35.206817547479176,0.20919936793741245,4.2962007134412725e-10
62,-35.36637878417969,1.5208330154418945,-5.6014838218688965,0.1322125345468521,-0.2861473262310028,0.004163636360317469,0.3152424395084381,3.319942913984751,-34.9274407169709,0.5708402273655938,-5.587660786838051
63,-34.05469512939453,1.5208330154418945,-11.065040588378906,0.014924777671694756,-0.0158856138586998,-0.020372431725263596,0.029835175722837448,3.319942913984751,-34.00514571952059,1.4680936842774062,-11.132675898725834
64,-31.90447235107422,1.5208330154418945,-16.256139755249023,-0.1021762490272522,0.27147746086120605,-0.07217558473348618,0.29891353845596313,3.319942913984751,-32.243691665009784,2.4221226879346283,-16.49575857634767
65,-28.96865463256836,1.5208330154418945,-21.046958923339844,-0.15282651782035828,0.4139889180660248,-0.11272531002759933,0.45546653866767883,3.319942913984751,-29.476029947475023,2.895252590443407,-21.421200517592705
66,-25.31953239440918,1.5208330154418945,-25.31953239440918,-0.11655647307634354,0.3209393620491028,-0.09308455884456635,0.3539099097251892,3.319942913984751,-25.706493231278042,2.5863333762956,-25.628567815946596
67,-21.046958923339844,1.5208330154418945,-28.96865463256836,-0.030405616387724876,0.03305123373866081,0.0016107839765027165,0.04493862763047218,3.319942913984751,-21.14790383401161,1.6305612246910153,-28.96330692171961
68,-16.256139755249023,1.5208330154418945,-31.90447235107422,0.04228148236870766,-0.28891679644584656,0.1264735907316208,0.3182078003883362,3.319942913984751,-16.11576764746626,0.5616457443503315,-31.484587249718565
69,-11.065040588378906,1.5208330154418945,-34.05469512939453,0.062374867498874664,-0.4515547752380371,0.19832110404968262,0.49711525440216064,3.319942913984751,-10.85795958901528,0.021696939114396185,-33.39628038531116
70,-5.6014838218688965,1.5208330154418945,-35.36637878417969,0.04266746714711189,-0.3477603495121002,0.15642471611499786,0.38370102643966675,3.319942913984751,-5.459830266656165,0.36628850731433693,-34.847057656341626
71,-0.0,1.5208330154418945,-35.80722427368164,0.027425892651081085,-0.03044615127146244,0.015304451808333397,0.04374213144183159,3.319942913984751,0.0910523979666631,1.419753531270095,-35.75641436734814
72,5.6014838218688965,1.5208330154418945,-35.36637878417969,0.043338704854249954,0.314555823802948,-0.13913027942180634,0.34667110443115234,3.319942913984751,5.7453658479510405,2.565140393729128,-35.82828336946683
73,11.065040588378906,1.5208330154418945,-34.05469512939453,0.07017333805561066,0.48034241795539856,-0.2101331651210785,0.5289698243141174,3.319942913984751,11.298012064807287,3.115542422219222,-34.752325241931445
74,16.256139755249023,1.5208330154418945,-31.90447235107422,0.0593930147588253,0.363162636756897,-0.15859082341194153,0.4007064998149872,3.319942913984751,16.453321173737777,2.726512237966973,-32.4309848314837
75,21.046958923339844,1.5208330154418945,-28.96865463256836,-0.01599813438951969,0.025514887645840645,-0.027378655970096588,0.04070062190294266,3.319942913984751,20.993846030436384,1.6055409858828202,-29.05955020745071
76,25.31953239440918,1.5208330154418945,-25.31953239440918,-0.1248060092329979,-0.3366679549217224,0.09408349543809891,0.37117859721183777,3.319942913984751,24.905183568433372,0.4031146241337846,-25.007180560406546
77,28.96865463256836,1.5208330154418945,-21.046958923339844,-0.1896434873342514,-0.5058848857879639,0.1364043802022934,0.5572165846824646,3.319942913984751,28.339049080609655,-0.15867592642184136,-20.59410416785076
78,31.90447235107422,1.5208330154418945,-16.256139755249023,-0.14476631581783295,-0.3734719455242157,0.09686353802680969,0.4120935797691345,3.319942913984751,31.423856446691126,0.2809274763266756,-15.934558338553424
79,34.05469512939453,1.5208330154418945,-11.065040588378906,0.0037554982118308544,-0.011719946749508381,0.030518576502799988,0.03290660306811333,3.319942913984751,34.06716316907138,1.4819234612785857,-10.963720656573534
80,35.36637878417969,1.5208330154418945,-5.6014838218688965,0.16880851984024048,0.3627369999885559,-0.004816070664674044,0.4001220464706421,3.319942913984751,35.92681343344355,2.7250991481939875,-5.617472901545331
81,32.314453125,3.0416669845581055,0.0,0.4568551480770111,1.0,3.477690357911456e-10,1.0994164943695068,3.319942913984751,33.831186136575724,6.361609898542857,1.1545733460781232e-09
82,31.916606903076172,3.0416669845581055,5.055093765258789,0.32152411341667175,0.6973189115524292,0.004555555991828442,0.7678881287574768,3.319942913984751,32.98404860508908,5.356725963754153,5.07021795109312
83,30.73287010192871,3.0416669845581055,9.98571491241455,0.00886878464370966,-0.023112425580620766,-0.06383959949016571,0.06847140938043594,3.319942913984751,30.76231396066225,2.964935051026724,9.77377108645555
84,28.792387008666992,3.0416669845581055,14.670454025268555,-0.27381110191345215,-0.71898353099823,-0.18732048571109772,0.7918325662612915,3.319942913984751,27.88334978109907,0.654682705548796,14.048560706087814
85,26.142940521240234,3.0416669845581055,18.99395751953125,-0.36113280057907104,-0.9726706147193909,-0.2582523226737976,1.0692050457000732,3.319942913984751,24.94400023895028,-0.18754393042072826,18.136574550850273
86,22.849767684936523,3.0416669845581055,22.849767684936523,-0.23994101583957672,-0.64470374584198,-0.17466872930526733,0.7097349762916565,3.319942913984751,22.053177209625616,0.901287351930598,22.26987747478478
87,18.99395751953125,3.0416669845581055,26.142940521240234,-0.03355266898870468,0.05415789410471916,0.056773554533720016,0.08533519506454468,3.319942913984751,18.882564573876923,3.2214681013274045,26.331425481316185
88,14.670454025268555,3.0416669845581055,28.792387008666992,0.11132092773914337,0.7023279070854187,0.3040120005607605,0.7733564376831055,3.319942913984751,15.040033150494333,5.373355542980082,29.801689495695015
89,9.98571491241455,3.0416669845581055,30.73287010192871,0.13469244539737701,0.9218613505363464,0.3982158601284027,1.0131862163543701,3.319942913984751,10.43288614207885,6.102194042947662,32.05492402499834
90,5.055093765258789,3.0416669845581055,31.916606903076172,0.08647586405277252,0.5964116454124451,0.2603389024734497,0.6564764380455017,3.319942913984751,5.3421886973515,5.021719600563139,32.780917197577466
91,0.0,3.0416669845581055,32.314453125,0.056928955018520355,-0.068196602165699,-0.03299092873930931,0.09476330876350403,3.319942913984751,0.18900088081429328,2.815258158440256,32.204925124906154
92,-5.055093765258789,3.0416669845581055,31.916606903076172,0.08315607905387878,-0.6719287633895874,-0.29828590154647827,0.7398498058319092,3.319942913984751,-4.779020329849108,0.8109018478403085,30.92631473789539
93,-9.98571491241455,3.0416669845581055,30.73287010192871,0.11588898301124573,-0.8627482652664185,-0.3754267692565918,0.9480031728744507,3.319942913984751,-9.600970104457467,0.17739199473422307,29.4864746596151
94,-14.670454025268555,3.0416669845581055,28.792387008666992,0.07491877675056458,-0.5468210577964783,-0.23923605680465698,0.6015479564666748,3.319942913984751,-14.421727963271112,1.2262522885090414,27.998136957108716
95,-18.99395751953125,3.0416669845581055,26.142940521240234,-0.061636727303266525,0.06760910898447037,-0.004002004861831665,0.09157562255859375,3.319942913984751,-19.19858793558294,3.2661253668519206,26.129654093557463
96,-22.849767684936523,3.0416669845581055,22.849767684936523,-0.22126798331737518,0.6139810085296631,0.17518340051174164,0.6757376790046692,3.319942913984751,-23.58436475824274,5.080048883147372,23.431366574113234
97,-26.142940521240234,3.0416669845581055,18.99395751953125,-0.28746455907821655,0.7897443175315857,0.2140548676252365,0.8672666549682617,3.319942913984751,-27.09730644717371,5.663573035406817,19.7046074605076
98,-28.792387008666992,3.0416669845581055,14.670454025268555,-0.19158229231834412,0.5180219411849976,0.13907159864902496,0.5695536732673645,3.319942913984751,-29.428429282494236,4.761470257483864,15.132163793739917
99,-30.73287010192871,3.0416669845581055,9.98571491241455,0.028769943863153458,-0.029867643490433693,0.041267212480306625,0.05850443243980408,3.319942913984751,-30.637355530664497,2.9425081131946174,10.122719702068448
100,-31.916606903076172,3.0416669845581055,5.055093765258789,0.24974527955055237,-0.5458669662475586,-0.006298440042883158,0.6003192067146301,3.319942913984751,-31.087466831931174,1.22941981798617,5.034183303869261
101,-32.314453125,3.0416669845581055,0.0,0.34149667620658875,-0.7540391087532043,2.58704530020637e-10,0.8277650475502014,3.319942913984751,-31.18070365467859,0.5383001885855276,8.588842712577691e-10
102,-31.916606903076172,3.0416669845581055,-5.055093765258789,0.24974529445171356,-0.5458669662475586,0.006298440974205732,0.6003192067146301,3.319942913984751,-31.08746678246017,1.22941981798617,-5.034183300777324
103,-30.73287010192871,3.0416669845581055,-9.98571491241455,0.028769947588443756,-0.02986765280365944,-0.04126720875501633,0.058504436165094376,3.319942913984751,-30.637355518296744,2.9425080822752396,-10.122719689700697
104,-28.792387008666992,3.0416669845581055,-14.670454025268555,-0.19158229231834412,0.5180219411849976,-0.13907159864902496,0.5695536732673645,3.319942913984751,-29.428429282494236,4.761470257483864,-15.132163793739917
105,-26.142940521240234,3.0416669845581055,-18.99395751953125,-0.28746455907821655,0.7897443175315857,-0.2140548676252365,0.8672666549682617,3.319942913984751,-27.09730644717371,5.663573035406817,-19.7046074605076
106,-22.849767684936523,3.0416669845581055,-22.849767684936523,-0.22126798331737518,0.6139810681343079,-0.17518340051174164,0.675737738609314,3.319942913984751,-23.58436475824274,5.080049081031389,-23.431366574113234
107,-18.99395751953125,3.0416669845581055,-26.142940521240234,-0.061636727303266525,0.06760911643505096,0.004002001602202654,0.09157562255859375,3.319942913984751,-19.19858793558294,3.266125391587423,-26.129654104379245
108,-14.670454025268555,3.0416669845581055,-28.792387008666992,0.07491876929998398,-0.5468210577964783,0.23923605680465698,0.6015479564666748,3.319942913984751,-14.421727988006614,1.2262522885090414,-27.998136957108716
109,-9.98571491241455,3.0416669845581055,-30.73287010192871,0.11588898301124573,-0.8627482652664185,0.3754267692565918,0.9480031728744507,3.319942913984751,-9.600970104457467,0.17739199473422307,-29.4864746596151
110,-5.055093765258789,3.0416669845581055,-31.916606903076172,0.08315607905387878,-0.6719287633895874,0.29828590154647827,0.7398498058319092,3.319942913984751,-4.779020329849108,0.8109018478403085,-30.92631473789539
111,-0.0,3.0416669845581055,-32.314453125,0.056928955018520355,-0.0681966096162796,0.03299093246459961,0.09476330876350403,3.319942913984751,0.18900088081429328,2.8152581337047535,-32.204925112538405
112,5.055093765258789,3.0416669845581055,-31.916606903076172,0.08647586405277252,0.5964116454124451,-0.2603389024734497,0.6564764380455017,3.319942913984751,5.3421886973515,5.021719600563139,-32.780917197577466
113,9.98571491241455,3.0416669845581055,-30.73287010192871,0.13469244539737701,0.9218613505363464,-0.3982158601284027,1.0131862163543701,3.319942913984751,10.43288614207885,6.102194042947662,-32.05492402499834
114,14.670454025268555,3.0416669845581055,-28.792387008666992,0.11132092773914337,0.7023279070854187,-0.3040120005607605,0.7733564376831055,3.319942913984751,15.040033150494333,5.373355542980082,-29.801689495695015
115,18.99395751953125,3.0416669845581055,-26.142940521240234,-0.03355266526341438,0.05415790528059006,-0.056773558259010315,0.08533520251512527,3.319942913984751,18.882564586244676,3.221468138430658,-26.331425493683938
116,22.849767684936523,3.0416669845581055,-22.849767684936523,-0.23994101583957672,-0.64470374584198,0.17466872930526733,0.7097349762916565,3.319942913984751,22.053177209625616,0.901287351930598,-22.26987747478478
117,26.142940521240234,3.0416669845581055,-18.99395751953125,-0.36113280057907104,-0.9726706147193909,0.2582523226737976,1.0692050457000732,3.319942913984751,24.94400023895028,-0.18754393042072826,-18.136574550850273
118,28.792387008666992,3.0416669845581055,-14.670454025268555,-0.27381110191345215,-0.71898353099823,0.18732048571109772,0.7918325662612915,3.319942913984751,27.88334978109907,0.654682705548796,-14.048560706087814
119,30.73287010192871,3.0416669845581055,-9.98571491241455,0.008868779987096786,-0.023112434893846512,0.06383959949016571,0.06847141683101654,3.319942913984751,30.762313945202564,2.9649350201073457,-9.77377108645555
120,31.916606903076172,3.0416669845581055,-5.055093765258789,0.32152411341667175,0.6973189115524292,-0.004555555060505867,0.7678881287574768,3.319942913984751,32.98404860508908,5.356725963754153,-5.070217948001183
121,30.00792694091797,4.5625,0.0,0.21400880813598633,0.6277836561203003,4.097544178960355e-11,0.6632586717605591,3.319942913984751,30.71842396701936,6.64670590065203,1.3603612761678895e-10
122,29.638479232788086,4.5625,4.694273948669434,0.1475786417722702,0.43728700280189514,0.017843935638666153,0.46186336874961853,3.319942913984751,30.12843189879543,6.014267886329781,4.753514796350624
123,28.53923225402832,4.5625,9.272958755493164,-0.004229043610394001,-0.01604737527668476,-0.009171731770038605,0.018961111083626747,3.319942913984751,28.52519207066106,4.509223630162117,9.242509129594255
124,26.737258911132812,4.5625,13.623312950134277,-0.1366959810256958,-0.4533134400844574,-0.07487296313047409,0.4793587625026703,3.319942913984751,26.28343605755636,3.057525256777555,13.374738986740219
125,24.27692222595215,4.5625,17.638216018676758,-0.16860522329807281,-0.610731303691864,-0.12127683311700821,0.6450802683830261,3.319942913984751,23.717162509602893,2.534906935959527,17.235583855939435
126,21.218807220458984,4.5625,21.218807220458984,-0.09861036390066147,-0.40061265230178833,-0.09028077125549316,0.4223329424858093,3.319942913984751,20.891426441581526,3.232488863738041,20.91908021366023
127,17.638216018676758,4.5625,24.27692222595215,0.005200504790991545,0.04176324978470802,0.019069021567702293,0.0462043471634388,3.319942913984751,17.655481397706755,4.701151605187716,24.340230288982465
128,13.623312950134277,4.5625,26.737258911132812,0.06706291437149048,0.44717085361480713,0.1398644745349884,0.47330886125564575,3.319942913984751,13.845957997493073,6.047081706798991,27.20160098228345
129,9.272958755493164,4.5625,28.53923225402832,0.06192662939429283,0.5769733190536499,0.18502850830554962,0.6090719699859619,3.319942913984751,9.478551629937707,6.4780184821504285,29.1535163390625
130,4.694273948669434,4.5625,29.638479232788086,0.024331890046596527,0.36328744888305664,0.11569499969482422,0.38204076886177063,3.319942913984751,4.775054434613488,5.7685935916589015,30.022580027208384
131,0.0,4.5625,30.00792694091797,0.006377327721565962,-0.05631368234753609,-0.025743523612618446,0.06224652752280235,3.319942913984751,0.021172363979371434,4.375541789329909,29.92245991211926
132,-4.694273948669434,4.5625,29.638479232788086,0.026161860674619675,-0.42740029096603394,-0.14598333835601807,0.45240092277526855,3.319942913984751,-4.607418064706073,3.1435554325722945,29.153822883053184
133,-9.272958755493164,4.5625,28.53923225402832,0.05344589799642563,-0.5351740121841431,-0.17063362896442413,0.5642548203468323,3.319942913984751,-9.09552142515838,2.7857528305004653,27.97273834666038
134,-13.623312950134277,4.5625,26.737258911132812,0.043207887560129166,-0.33104968070983887,-0.0965796634554863,0.3475463092327118,3.319942913984751,-13.479865230000776,3.463433958350456,26.41661994180874
135,-17.638216018676758,4.5625,24.27692222595215,-0.017450183629989624,0.05000900849699974,0.014576656743884087,0.05493531376123428,3.319942913984751,-17.696149632166875,4.728527053395018,24.325315894218594
136,-21.218807220458984,4.5625,21.218807220458984,-0.09372254461050034,0.383402943611145,0.08982182294130325,0.40478354692459106,3.319942913984751,-21.529960718319234,5.835375885842716,21.517010545054156
137,-24.27692222595215,4.5625,17.638216018676758,-0.12932388484477997,0.48783794045448303,0.09544339776039124,0.5136340856552124,3.319942913984751,-24.706270141051554,6.1820941135847765,17.955082650757998
138,-26.737258911132812,4.5625,13.623312950134277,-0.08986742794513702,0.318612277507782,0.05050252377986908,0.334873765707016,3.319942913984751,-27.035613641737307,5.620274573020504,13.7909784460956
139,-28.53923225402832,4.5625,9.272958755493164,0.00912633165717125,-0.01940833404660225,0.002192873042076826,0.02155880443751812,3.319942913984751,-28.50893335391242,4.498065438909734,9.280238968810476
140,-29.638479232788086,4.5625,4.694273948669434,0.11038632690906525,-0.337578147649765,-0.014245159924030304,0.3554533123970032,3.319942913984751,-29.27200292896553,3.4417598207940645,4.64698083092107
141,-30.00792694091797,4.5625,0.0,0.1527199149131775,-0.46598851680755615,2.647333220695547e-11,0.4903760552406311,3.319942913984751,-29.500905541577612,3.01544472562649,8.78899516700461e-11
142,-29.638479232788086,4.5625,-4.694273948669434,0.11038633435964584,-0.337578147649765,0.014245159924030304,0.35545334219932556,3.319942913984751,-29.27200290423003,3.4417598207940645,-4.64698083092107
143,-28.53923225402832,4.5625,-9.272958755493164,0.009126333519816399,-0.019408337771892548,-0.002192872576415539,0.02155880816280842,3.319942913984751,-28.508933347728544,4.498065426541983,-9.280238967264506
144,-26.737258911132812,4.5625,-13.623312950134277,-0.08986742794513702,0.318612277507782,-0.05050252377986908,0.334873765707016,3.319942913984751,-27.035613641737307,5.620274573020504,-13.7909784460956
145,-24.27692222595215,4.5625,-17.638216018676758,-0.12932388484477997,0.48783794045448303,-0.09544339776039124,0.5136340856552124,3.319942913984751,-24.706270141051554,6.1820941135847765,-17.955082650757998
146,-21.218807220458984,4.5625,-21.218807220458984,-0.09372255206108093,0.383402943611145,-0.08982182294130325,0.40478354692459106,3.319942913984751,-21.529960743054737,5.835375885842716,-21.517010545054156
147,-17.638216018676758,4.5625,-24.27692222595215,-0.017450183629989624,0.05000901222229004,-0.014576657675206661,0.05493531748652458,3.319942913984751,-17.696149632166875,4.728527065762768,-24.32531589731053
148,-13.623312950134277,4.5625,-26.737258911132812,0.043207887560129166,-0.33104968070983887,0.0965796560049057,0.3475463092327118,3.319942913984751,-13.479865230000776,3.463433958350456,-26.416619966544243
149,-9.272958755493164,4.5625,-28.53923225402832,0.05344589799642563,-0.5351740121841431,0.17063362896442413,0.5642548203468323,3.319942913984751,-9.09552142515838,2.7857528305004653,-27.97273834666038
150,-4.694273948669434,4.5625,-29.638479232788086,0.026161860674619675,-0.42740029096603394,0.14598333835601807,0.45240092277526855,3.319942913984751,-4.607418064706073,3.1435554325722945,-29.153822883053184
151,-0.0,4.5625,-30.00792694091797,0.006377327721565962,-0.056313686072826385,0.025743525475263596,0.06224653124809265,3.319942913984751,0.021172363979371434,4.375541776962158,-29.92245990593538
152,4.694273948669434,4.5625,-29.638479232788086,0.024331890046596527,0.36328744888305664,-0.11569499224424362,0.38204073905944824,3.319942913984751,4.775054434613488,5.7685935916589015,-30.022580002472882
153,9.272958755493164,4.5625,-28.53923225402832,0.06192662939429283,0.5769733190536499,-0.18502850830554962,0.6090719699859619,3.319942913984751,9.478551629937707,6.4780184821504285,-29.1535163390625
154,13.623312950134277,4.5625,-26.737258911132812,0.06706291437149048,0.44717085361480713,-0.1398644745349884,0.47330886125564575,3.319942913984751,13.845957997493073,6.047081706798991,-27.20160098228345
155,17.638216018676758,4.5625,-24.27692222595215,0.005200506187975407,0.04176325723528862,-0.019069023430347443,0.04620435833930969,3.319942913984751,17.65548140234466,4.701151629923219,-24.34023029516634
156,21.218807220458984,4.5625,-21.218807220458984,-0.09861035645008087,-0.40061262249946594,0.09028076380491257,0.42233291268348694,3.319942913984751,20.89142646631703,3.23248896268005,-20.919080238395733
157,24.27692222595215,4.5625,-17.638216018676758,-0.16860522329807281,-0.610731303691864,0.12127683311700821,0.6450802683830261,3.319942913984751,23.717162509602893,2.534906935959527,-17.235583855939435
158,26.737258911132812,4.5625,-13.623312950134277,-0.1366959810256958,-0.4533134400844574,0.07487296313047409,0.4793587625026703,3.319942913984751,26.28343605755636,3.057525256777555,-13.374738986740219
159,28.53923225402832,4.5625,-9.272958755493164,-0.00422904547303915,-0.01604738086462021,0.00917173270136118,0.018961116671562195,3.319942913984751,28.525192064477185,4.50922361161049,-9.242509126502318
160,29.638479232788086,4.5625,-4.694273948669434,0.1475786417722702,0.43728700280189514,-0.017843935638666153,0.46186336874961853,3.319942913984751,30.12843189879543,6.014267886329781,-4.753514796350624
161,27.701400756835938,6.0833330154418945,0.0,-0.23433123528957367,-0.05092034116387367,-2.994114678411819e-10,0.23979993164539337,3.319942913984751,26.923434432711023,5.914280389617206,-9.94028981025105e-10
162,27.360349655151367,6.0833330154418945,4.333454132080078,-0.16811922192573547,-0.035851139575242996,0.012956652790307999,0.17238692939281464,3.319942913984751,26.80220343561439,5.964309278650788,4.376469479700222
163,26.345596313476562,6.0833330154418945,8.560202598571777,-0.013432891108095646,-6.515686982311308e-05,0.05310729891061783,0.05477984994649887,3.319942913984751,26.300999881827913,6.083116698353628,8.736515799270952
164,24.68212890625,6.0833330154418945,12.576171875,0.1313275396823883,0.034737009555101395,0.10916662216186523,0.1742725968360901,3.319942913984751,25.118128841029595,6.198657904167374,12.938598828689935
165,22.410903930664062,6.0833330154418945,16.282474517822266,0.18527689576148987,0.04890390858054161,0.13307881355285645,0.23330043256282806,3.319942913984751,23.026012647872513,6.245691200200022,16.724288581878568
166,19.587848663330078,6.0833330154418945,19.587848663330078,0.13687488436698914,0.03603677079081535,0.08233988285064697,0.16374748945236206,3.319942913984751,20.042265465786745,6.202973037271755,19.861212373938418
167,16.282474517822266,6.0833330154418945,22.410903930664062,0.03894224762916565,0.004497663117945194,-0.03572981432080269,0.0530409961938858,3.319942913984751,16.411760556893352,6.098265000239807,22.292282986791722
168,12.576171875,6.0833330154418945,24.68212890625,-0.040632810443639755,-0.028859687969088554,-0.1581505537033081,0.16581767797470093,3.319942913984751,12.441273263892352,5.987520498869108,24.157078096139937
169,8.560202598571777,6.0833330154418945,26.345596313476562,-0.06855400651693344,-0.04696618393063545,-0.20602381229400635,0.2221514880657196,3.319942913984751,8.33260721041062,5.927407965904477,25.66160901773895
170,4.333454132080078,6.0833330154418945,27.360349655151367,-0.05959179252386093,-0.03969584032893181,-0.14068518579006195,0.15785837173461914,3.319942913984751,4.1356127827588365,5.951545091627187,26.893282869485024
171,0.0,6.0833330154418945,27.701400756835938,-0.04990276321768761,-0.009511067532002926,0.004996770527213812,0.05104619264602661,3.319942913984751,-0.16567432513282085,6.051756814184591,27.717989749740568
172,-4.333454132080078,6.0833330154418945,27.360349655151367,-0.0569736622273922,0.02715539000928402,0.14475761353969574,0.1579182744026184,3.319942913984751,-4.522603438275669,6.173487360079709,27.840936668467823
173,-8.560202598571777,6.0833330154418945,26.345596313476562,-0.062073834240436554,0.047535866498947144,0.19665704667568207,0.21162894368171692,3.319942913984751,-8.76628418470218,6.241149378585199,26.99848648207266
174,-12.576171875,6.0833330154418945,24.68212890625,-0.031542908400297165,0.037679050117731094,0.13898725807666779,0.14741818606853485,3.319942913984751,-12.680892530230036,6.208425310885932,25.1435586688358
175,-16.282474517822266,6.0833330154418945,22.410903930664062,0.04273504763841629,0.003888434963300824,0.020906610414385796,0.04773353785276413,3.319942913984751,-16.140596599236304,6.0962423975447955,22.480312683764744
176,-19.587848663330078,6.0833330154418945,19.587848663330078,0.12393708527088165,-0.030991900712251663,-0.07967404276132584,0.15056177973747253,3.319942913984751,-19.17638461530509,5.9804416742813356,19.323335389636096
177,-22.410903930664062,6.0833330154418945,16.282474517822266,0.15375740826129913,-0.04459957033395767,-0.11369995027780533,0.19636227190494537,3.319942913984751,-21.9004381126343,5.935264987944907,15.904997173577048
178,-24.68212890625,6.0833330154418945,12.576171875,0.09911878407001495,-0.030356522649526596,-0.08693161606788635,0.13528916239738464,3.319942913984751,-24.35306020143397,5.982551093178381,12.287563872234177
179,-26.345596313476562,6.0833330154418945,8.560202598571777,-0.0186359491199255,0.0008311319979839027,-0.04025133326649666,0.04436394199728966,3.319942913984751,-26.40746660070264,6.0860923262291875,8.426570469915234
180,-27.360349655151367,6.0833330154418945,4.333454132080078,-0.13497628271579742,0.030122706666588783,-0.009554378688335419,0.1386263370513916,3.319942913984751,-27.808463208509682,6.183338681989677,4.301734140256212
181,-27.701400756835938,6.0833330154418945,0.0,-0.18304897844791412,0.04184199869632721,-2.371114138366437e-10,0.1877702921628952,3.319942913984751,-28.309112915746237,6.222246062520726,-7.871963581918711e-10
182,-27.360349655151367,6.0833330154418945,-4.333454132080078,-0.13497629761695862,0.030122706666588783,0.009554378688335419,0.1386263519525528,3.319942913984751,-27.808463257980687,6.183338681989677,-4.301734140256212
183,-26.345596313476562,6.0833330154418945,-8.560202598571777,-0.018635950982570648,0.00083113246364519,0.04025133326649666,0.04436394199728966,3.319942913984751,-26.407466606886516,6.086092327775156,-8.426570469915234
184,-24.68212890625,6.0833330154418945,-12.576171875,0.09911878407001495,-0.030356522649526596,0.08693161606788635,0.13528916239738464,3.319942913984751,-24.35306020143397,5.982551093178381,-12.287563872234177
185,-22.410903930664062,6.0833330154418945,-16.282474517822266,0.15375740826129913,-0.04459957033395767,0.11369995027780533,0.19636227190494537,3.319942913984751,-21.9004381126343,5.935264987944907,-15.904997173577048
186,-19.587848663330078,6.0833330154418945,-19.587848663330078,0.12393708527088165,-0.030991900712251663,0.07967405021190643,0.15056179463863373,3.319942913984751,-19.17638461530509,5.9804416742813356,-19.323335364900593
187,-16.282474517822266,6.0833330154418945,-22.410903930664062,0.04273504763841629,0.003888434497639537,-0.020906608551740646,0.04773353412747383,3.319942913984751,-16.140596599236304,6.096242395998827,-22.480312677580866
188,-12.576171875,6.0833330154418945,-24.68212890625,-0.031542904675006866,0.037679050117731094,-0.13898725807666779,0.14741818606853485,3.319942913984751,-12.680892517862285,6.208425310885932,-25.1435586688358
189,-8.560202598571777,6.0833330154418945,-26.345596313476562,-0.062073834240436554,0.047535866498947144,-0.19665704667568207,0.21162894368171692,3.319942913984751,-8.76628418470218,6.241149378585199,-26.99848648207266
190,-4.333454132080078,6.0833330154418945,-27.360349655151367,-0.0569736622273922,0.02715539000928402,-0.14475762844085693,0.1579182893037796,3.319942913984751,-4.522603438275669,6.173487360079709,-27.840936717938828
191,-0.0,6.0833330154418945,-27.701400756835938,-0.04990276321768761,-0.009511066600680351,-0.004996772855520248,0.05104619264602661,3.319942913984751,-0.16567432513282085,6.051756817276528,-27.717989757470413
192,4.333454132080078,6.0833330154418945,-27.360349655151367,-0.05959179252386093,-0.03969584032893181,0.14068518579006195,0.15785837173461914,3.319942913984751,4.1356127827588365,5.951545091627187,-26.893282869485024
193,8.560202598571777,6.0833330154418945,-26.345596313476562,-0.06855400651693344,-0.04696618393063545,0.20602381229400635,0.2221514880657196,3.319942913984751,8.33260721041062,5.927407965904477,-25.66160901773895
194,12.576171875,6.0833330154418945,-24.68212890625,-0.040632810443639755,-0.028859687969088554,0.1581505537033081,0.16581767797470093,3.319942913984751,12.441273263892352,5.987520498869108,-24.157078096139937
195,16.282474517822266,6.0833330154418945,-22.410903930664062,0.03894224390387535,0.004497662652283907,0.03572981804609299,0.0530409961938858,3.319942913984751,16.411760544525603,6.098264998693838,-22.292282974423973
196,19.587848663330078,6.0833330154418945,-19.587848663330078,0.13687488436698914,0.03603677079081535,-0.08233988285064697,0.16374748945236206,3.319942913984751,20.042265465786745,6.202973037271755,-19.861212373938418
197,22.410903930664062,6.0833330154418945,-16.282474517822266,0.18527689576148987,0.04890390858054161,-0.13307881355285645,0.23330043256282806,3.319942913984751,23.026012647872513,6.245691200200022,-16.724288581878568
198,24.68212890625,6.0833330154418945,-12.576171875,0.1313275396823883,0.034737009555101395,-0.10916662216186523,0.1742725968360901,3.319942913984751,25.118128841029595,6.198657904167374,-12.938598828689935
199,26.345596313476562,6.0833330154418945,-8.560202598571777,-0.013432889245450497,-6.515633140224963e-05,-0.05310729891061783,0.05477984994649887,3.319942913984751,26.300999888011788,6.083116700141154,-8.736515799270952
200,27.360349655151367,6.0833330154418945,-4.333454132080078,-0.16811922192573547,-0.035851139575242996,-0.012956653721630573,0.17238692939281464,3.319942913984751,26.80220343561439,5.964309278650788,-4.376469482792159
201,26.2310791015625,7.6041669845581055,0.0,-0.5681867599487305,-0.36994820833206177,-5.066174146861613e-10,0.6780102252960205,3.319942913984751,24.34473149405076,6.375960051764722,-1.6819408959885954e-09
202,25.908132553100586,7.6041669845581055,4.103445053100586,-0.4019043743610382,-0.2579481899738312,0.003388194367289543,0.47757288813591003,3.319942913984751,24.573832973341183,6.747793719079292,4.114693664981472
203,24.94723892211914,7.6041669845581055,8.105849266052246,-0.016457242891192436,0.008614220656454563,0.09191008657217026,0.09376838058233261,3.319942913984751,24.8926018151988,7.632765705386003,8.410985506691247
204,23.37206268310547,7.6041669845581055,11.908660888671875,0.33532771468162537,0.26607346534729004,0.24204528331756592,0.49175772070884705,3.319942913984751,24.48533155332543,8.487515700437209,12.712237411885459
205,21.221389770507812,7.6041669845581055,15.418242454528809,0.4495377540588379,0.36001822352409363,0.3231567442417145,0.6603995561599731,3.319942913984751,22.713829451664072,8.799406934652298,16.49110439768047
206,18.548173904418945,7.6041669845581055,18.548173904418945,0.3064969778060913,0.23905178904533386,0.21306079626083374,0.4432618319988251,3.319942913984751,19.56572637404402,8.39780527767454,19.255523585213048
207,15.418242454528809,7.6041669845581055,21.221389770507812,0.05412675440311432,-0.018849719315767288,-0.07697399705648422,0.0959688201546669,3.319942913984751,15.59794018926642,7.541586992485122,20.965840494419055
208,11.908660888671875,7.6041669845581055,23.37206268310547,-0.12854760885238647,-0.2582469582557678,-0.38267144560813904,0.4792216718196869,3.319942913984751,11.481890165552711,6.746801825438753,22.101615328874427
209,8.105849266052246,7.6041669845581055,24.94723892211914,-0.1661147177219391,-0.340104877948761,-0.49675965309143066,0.6245282888412476,3.319942913984751,7.554357886042717,6.475038205000468,23.298025231884722
210,4.103445053100586,7.6041669845581055,25.908132553100586,-0.1158837378025055,-0.22152172029018402,-0.32438749074935913,0.40954628586769104,3.319942913984751,3.718717658937091,6.868727518986997,24.831184601801958
211,0.0,7.6041669845581055,26.2310791015625,-0.08405802398920059,0.022365247830748558,0.03828638419508934,0.09503579884767532,3.319942913984751,-0.27906784110650673,7.678418330613312,26.358187711473086
212,-4.103445053100586,7.6041669845581055,25.908132553100586,-0.11371215432882309,0.24507391452789307,0.3665620982646942,0.45536738634109497,3.319942913984751,-4.480962914098503,8.417798390497488,27.12509779376984
213,-8.105849266052246,7.6041669845581055,24.94723892211914,-0.14621105790138245,0.31702038645744324,0.46577873826026917,0.5820905566215515,3.319942913984751,-8.591261631678154,8.656656570166202,26.49359774369108
214,-11.908660888671875,7.6041669845581055,23.37206268310547,-0.08777943253517151,0.20242981612682343,0.3038000166416168,0.37546971440315247,3.319942913984751,-12.20008359371062,8.276222418187588,24.380661395623253
215,-15.418242454528809,7.6041669845581055,21.221389770507812,0.08491354435682297,-0.023353463038802147,0.016281865537166595,0.08955888450145721,3.319942913984751,-15.136334334640045,7.526634820425429,21.27544463462438
216,-18.548173904418945,7.6041669845581055,18.548173904418945,0.28190118074417114,-0.22512494027614594,-0.20899051427841187,0.4169251024723053,3.319942913984751,-17.6122780769634,6.856765034327075,17.854337327450303
217,-21.221389770507812,7.6041669845581055,15.418242454528809,0.36072900891304016,-0.2904099225997925,-0.266259104013443,0.5341883897781372,3.319942913984751,-20.023790053498224,6.640022619872064,14.53427742887545
218,-23.37206268310547,7.6041669845581055,11.908660888671875,0.23835794627666473,-0.19062316417694092,-0.18272706866264343,0.35572585463523865,3.319942913984751,-22.580727908372296,6.9713089614075185,11.302017451872127
219,-24.94723892211914,7.6041669845581055,8.105849266052246,-0.03794509917497635,0.010952526703476906,-0.06521008163690567,0.07623741030693054,3.319942913984751,-25.07321448524555,7.640528747977543,7.889355517601434
220,-25.908132553100586,7.6041669845581055,4.103445053100586,-0.31455472111701965,0.20085962116718292,-0.001939244451932609,0.3732197880744934,3.319942913984751,-26.952436270533486,8.271009460557757,4.097006872223908
221,-26.2310791015625,7.6041669845581055,0.0,-0.429452508687973,0.27749019861221313,-3.9752592884134685e-10,0.5113025307655334,3.319942913984751,-27.65683691467411,8.525418603140944,-1.319763390582036e-09
222,-25.908132553100586,7.6041669845581055,-4.103445053100586,-0.31455472111701965,0.20085962116718292,0.0019392434041947126,0.3732197880744934,3.319942913984751,-26.952436270533486,8.271009460557757,-4.097006875702338
223,-24.94723892211914,7.6041669845581055,-8.105849266052246,-0.03794510290026665,0.01095252949744463,0.06521008163690567,0.07623741775751114,3.319942913984751,-25.073214497613304,7.640528757253356,-7.889355517601434
224,-23.37206268310547,7.6041669845581055,-11.908660888671875,0.23835794627666473,-0.19062316417694092,0.18272706866264343,0.35572585463523865,3.319942913984751,-22.580727908372296,6.9713089614075185,-11.302017451872127
225,-21.221389770507812,7.6041669845581055,-15.418242454528809,0.36072900891304016,-0.2904099225997925,0.266259104013443,0.5341883897781372,3.319942913984751,-20.023790053498224,6.640022619872064,-14.53427742887545
226,-18.548173904418945,7.6041669845581055,-18.548173904418945,0.28190118074417114,-0.22512494027614594,0.20899051427841187,0.4169251024723053,3.319942913984751,-17.6122780769634,6.856765034327075,-17.854337327450303
227,-15.418242454528809,7.6041669845581055,-21.221389770507812,0.08491354435682297,-0.023353466764092445,-0.016281859949231148,0.08955887705087662,3.319942913984751,-15.136334334640045,7.526634808057678,-21.275444616072754
228,-11.908660888671875,7.6041669845581055,-23.37206268310547,-0.08777942508459091,0.20242981612682343,-0.3038000166416168,0.37546971440315247,3.319942913984751,-12.200083568975117,8.276222418187588,-24.380661395623253
229,-8.105849266052246,7.6041669845581055,-24.94723892211914,-0.14621105790138245,0.31702038645744324,-0.46577873826026917,0.5820905566215515,3.319942913984751,-8.591261631678154,8.656656570166202,-26.49359774369108
230,-4.103445053100586,7.6041669845581055,-25.908132553100586,-0.11371215432882309,0.24507391452789307,-0.3665620982646942,0.45536738634109497,3.319942913984751,-4.480962914098503,8.417798390497488,-27.12509779376984
231,-0.0,7.6041669845581055,-26.2310791015625,-0.08405802398920059,0.022365251556038857,-0.03828638792037964,0.09503579884767532,3.319942913984751,-0.27906784110650673,7.678418342981063,-26.358187723840835
232,4.103445053100586,7.6041669845581055,-25.908132553100586,-0.1158837378025055,-0.22152170538902283,0.32438749074935913,0.40954628586769104,3.319942913984751,3.718717658937091,6.868727568458001,-24.831184601801958
233,8.105849266052246,7.6041669845581055,-24.94723892211914,-0.1661147177219391,-0.340104877948761,0.49675965309143066,0.6245282888412476,3.319942913984751,7.554357886042717,6.475038205000468,-23.298025231884722
234,11.908660888671875,7.6041669845581055,-23.37206268310547,-0.12854760885238647,-0.2582469880580902,0.38267144560813904,0.4792217016220093,3.319942913984751,11.481890165552711,6.746801726496744,-22.101615328874427
235,15.418242454528809,7.6041669845581055,-21.221389770507812,0.05412675067782402,-0.018849723041057587,0.07697399705648422,0.0959688201546669,3.319942913984751,15.59794017689867,7.541586980117371,-20.965840494419055
236,18.548173904418945,7.6041669845581055,-18.548173904418945,0.3064969778060913,0.23905178904533386,-0.21306079626083374,0.4432618319988251,3.319942913984751,19.56572637404402,8.39780527767454,-19.255523585213048
237,21.221389770507812,7.6041669845581055,-15.418242454528809,0.4495377540588379,0.36001822352409363,-0.3231567442417145,0.6603995561599731,3.319942913984751,22.713829451664072,8.799406934652298,-16.49110439768047
238,23.37206268310547,7.6041669845581055,-11.908660888671875,0.33532771468162537,0.26607346534729004,-0.24204528331756592,0.49175772070884705,3.319942913984751,24.48533155332543,8.487515700437209,-12.712237411885459
239,24.94723892211914,7.6041669845581055,-8.105849266052246,-0.01645723730325699,0.008614225313067436,-0.09191008657217026,0.09376838058233261,3.319942913984751,24.892601833750426,7.632765720845692,-8.410985506691247
240,25.908132553100586,7.6041669845581055,-4.103445053100586,-0.4019043743610382,-0.2579481899738312,-0.003388195764273405,0.47757288813591003,3.319942913984751,24.573832973341183,6.747793719079292,-4.1146936696193785
241,24.760759353637695,9.125,0.0,-0.6755029559135437,-0.4715850353240967,-7.608482732734956e-10,0.8238304853439331,3.319942913984751,22.51812810177677,7.559364603634517,-2.5259728334718753e-09
242,24.455913543701172,9.125,3.8734359741210938,-0.4810323417186737,-0.32884353399276733,0.024671752005815506,0.5832142233848572,3.319942913984751,22.85891362941477,8.033258239511008,3.95534478236839
243,23.54888153076172,9.125,7.651494979858398,-0.027978958562016487,0.011352777481079102,0.13693179190158844,0.14022132754325867,3.319942913984751,23.45599298554308,9.162690573152354,8.106100712081311
244,22.06199836730957,9.125,11.24114990234375,0.39128994941711426,0.340640664100647,0.30562466382980347,0.6021215319633484,3.319942913984751,23.36105866219037,10.255907558996002,12.255806339364478
245,20.031875610351562,9.125,14.554009437561035,0.5368866324424744,0.4607529938220978,0.3836584687232971,0.8048194646835327,3.319942913984751,21.81430858134209,10.654673636936934,15.827733652189185
246,17.508501052856445,9.125,17.508501052856445,0.3791070580482483,0.3043537437915802,0.23773367702960968,0.5411752462387085,3.319942913984751,18.767114843865333,10.135437055045587,18.297763289326436
247,14.554009437561035,9.125,20.031875610351562,0.08422479778528214,-0.02826773002743721,-0.11114795506000519,0.14229106903076172,3.319942913984751,14.833630958150081,9.031152750000976,19.662870744546204
248,11.24114990234375,9.125,22.06199836730957,-0.14002108573913574,-0.3349713683128357,-0.46754565834999084,0.5919549465179443,3.319942913984751,10.776287890935656,8.012914179382024,20.509773471906183
249,7.651494979858398,9.125,23.54888153076172,-0.2010790854692459,-0.43557608127593994,-0.5911698937416077,0.7613416910171509,3.319942913984751,6.983923894904241,7.678912275466697,21.58623123107315
250,3.8734359741210938,9.125,24.455913543701172,-0.1577472686767578,-0.2777688503265381,-0.3778235614299774,0.49476295709609985,3.319942913984751,3.3497240472772427,8.202823273632719,23.201560888195235
251,0.0,9.125,24.760759353637695,-0.12555742263793945,0.03655759245157242,0.05317552387714386,0.14116926491260529,3.319942913984751,-0.41684347558501567,9.24636912001194,24.937299057331046
252,-3.8734359741210938,9.125,24.455913543701172,-0.15082845091819763,0.31743544340133667,0.4379066824913025,0.5614950656890869,3.319942913984751,-4.3741778209742606,10.178867550967876,25.909738731224742
253,-7.651494979858398,9.125,23.54888153076172,-0.16995084285736084,0.40298157930374146,0.5533998608589172,0.7053572535514832,3.319942913984751,-8.21572207632843,10.46287583867584,25.386137477420426
254,-11.24114990234375,9.125,22.06199836730957,-0.08502000570297241,0.2533811330795288,0.3654845952987671,0.452779620885849,3.319942913984751,-11.523411467824276,9.966210897304808,23.275386359642297
255,-14.554009437561035,9.125,20.031875610351562,0.12190590798854828,-0.033472783863544464,0.029851481318473816,0.12989452481269836,3.319942913984751,-14.149288782161577,9.013872268400883,20.13098082422678
256,-17.508501052856445,9.125,17.508501052856445,0.3457423150539398,-0.2881530225276947,-0.23920121788978577,0.5096931457519531,3.319942913984751,-16.360656303928433,8.168348414715892,16.714366664506727
257,-20.031875610351562,9.125,14.554009437561035,0.42716801166534424,-0.3704007565975189,-0.3180743455886841,0.648722231388092,3.319942913984751,-18.61370219694225,7.895290632799476,13.498020767803547
258,-22.06199836730957,9.125,11.24114990234375,0.27570486068725586,-0.24358287453651428,-0.23188556730747223,0.43487548828125,3.319942913984751,-21.146673968719764,8.316318761714463,10.471303056305974
259,-23.54888153076172,9.125,7.651494979858398,-0.05178369954228401,0.013769656419754028,-0.09782692790031433,0.11154040694236755,3.319942913984751,-23.72080045711704,9.170714473258768,7.326715163778853
260,-24.455913543701172,9.125,3.8734359741210938,-0.3771589398384094,0.2574966251850128,-0.01654292270541191,0.4569759964942932,3.319942913984751,-25.7080596934637,9.979874096157971,3.818514415108664
261,-24.760759353637695,9.125,0.0,-0.5120950937271118,0.35616645216941833,-5.877563435952027e-10,0.6237755417823792,3.319942913984751,-26.460885831343376,10.307452289078949,-1.9513175080684796e-09
262,-24.455913543701172,9.125,-3.8734359741210938,-0.3771589398384094,0.2574966251850128,0.016542920842766762,0.4569759964942932,3.319942913984751,-25.7080596934637,9.979874096157971,-3.8185144212925395
263,-23.54888153076172,9.125,-7.651494979858398,-0.05178370326757431,0.013769660145044327,0.09782692044973373,0.11154040694236755,3.319942913984751,-23.72080046948479,9.170714485626519,-7.326715188514355
264,-22.06199836730957,9.125,-11.24114990234375,0.27570486068725586,-0.24358287453651428,0.23188556730747223,0.43487548828125,3.319942913984751,-21.146673968719764,8.316318761714463,-10.471303056305974
265,-20.031875610351562,9.125,-14.554009437561035,0.42716801166534424,-0.3704007565975189,0.3180743455886841,0.648722231388092,3.319942913984751,-18.61370219694225,7.895290632799476,-13.498020767803547
266,-17.508501052856445,9.125,-17.508501052856445,0.3457423150539398,-0.2881530225276947,0.23920121788978577,0.5096931457519531,3.319942913984751,-16.360656303928433,8.168348414715892,-16.714366664506727
267,-14.554009437561035,9.125,-20.031875610351562,0.12190590798854828,-0.03347278758883476,-0.029851475730538368,0.12989452481269836,3.319942913984751,-14.149288782161577,9.013872256033132,-20.13098080567515
268,-11.24114990234375,9.125,-22.06199836730957,-0.08502000570297241,0.2533811330795288,-0.3654845952987671,0.452779620885849,3.319942913984751,-11.523411467824276,9.966210897304808,-23.275386359642297
269,-7.651494979858398,9.125,-23.54888153076172,-0.16995084285736084,0.40298157930374146,-0.5533998608589172,0.7053572535514832,3.319942913984751,-8.21572207632843,10.46287583867584,-25.386137477420426
270,-3.8734359741210938,9.125,-24.455913543701172,-0.15082845091819763,0.31743544340133667,-0.4379067122936249,0.5614951252937317,3.319942913984751,-4.3741778209742606,10.178867550967876,-25.909738830166752
271,-0.0,9.125,-24.760759353637695,-0.12555742263793945,0.036557599902153015,-0.05317552760243416,0.14116926491260529,3.319942913984751,-0.41684347558501567,9.246369144747442,-24.937299069698796
272,3.8734359741210938,9.125,-24.455913543701172,-0.1577472686767578,-0.2777688503265381,0.3778235614299774,0.49476295709609985,3.319942913984751,3.3497240472772427,8.202823273632719,-23.201560888195235
273,7.651494979858398,9.125,-23.54888153076172,-0.2010790854692459,-0.43557608127593994,0.5911698937416077,0.7613416910171509,3.319942913984751,6.983923894904241,7.678912275466697,-21.58623123107315
274,11.24114990234375,9.125,-22.06199836730957,-0.14002108573913574,-0.3349713683128357,0.46754565834999084,0.5919549465179443,3.319942913984751,10.776287890935656,8.012914179382024,-20.509773471906183
275,14.554009437561035,9.125,-20.031875610351562,0.08422479033470154,-0.02826773375272751,0.11114796251058578,0.14229106903076172,3.319942913984751,14.833630933414579,9.031152737633224,-19.6628707198107
276,17.508501052856445,9.125,-17.508501052856445,0.3791070580482483,0.3043537139892578,-0.23773367702960968,0.5411752462387085,3.319942913984751,18.767114843865333,10.135436956103579,-18.297763289326436
277,20.031875610351562,9.125,-14.554009437561035,0.5368866324424744,0.4607529938220978,-0.3836584687232971,0.8048194646835327,3.319942913984751,21.81430858134209,10.654673636936934,-15.827733652189185
278,22.06199836730957,9.125,-11.24114990234375,0.39128994941711426,0.340640664100647,-0.30562466382980347,0.6021215319633484,3.319942913984751,23.36105866219037,10.255907558996002,-12.255806339364478
279,23.54888153076172,9.125,-7.651494979858398,-0.02797895297408104,0.01135278306901455,-0.13693179190158844,0.14022132754325867,3.319942913984751,23.455993004094704,9.162690591703981,-8.106100712081311
280,24.455913543701172,9.125,-3.8734359741210938,-0.4810323417186737,-0.32884350419044495,-0.024671753868460655,0.5832142233848572,3.319942913984751,22.85891362941477,8.033258338453017,-3.9553447885522655
281,23.878902435302734,10.645833015441895,0.0,-0.6175867915153503,-0.43608948588371277,-6.057601087405828e-10,0.7560340762138367,3.319942913984751,21.82854954304077,9.19804081691901,-2.01108898058793e-09
282,23.58491325378418,10.645833015441895,3.735482931137085,-0.4379449188709259,-0.3041369915008545,0.010703056119382381,0.5333006978034973,3.319942913984751,22.130961123663024,9.636115565627993,3.7710164664586094
283,22.710186004638672,10.645833015441895,7.378986835479736,-0.020397663116455078,0.010494636371731758,0.10952729731798172,0.11190366744995117,3.319942913984751,22.64246692751335,10.680674609099071,7.74261121009847
284,21.27625846862793,10.645833015441895,10.840794563293457,0.3631752133369446,0.31532225012779236,0.27000361680984497,0.5515671372413635,3.319942913984751,22.481979444680817,11.692684885375385,11.737191157671555
285,19.318437576293945,10.645833015441895,14.035667419433594,0.49092888832092285,0.42673397064208984,0.3523000180721283,0.7397488355636597,3.319942913984751,20.948293460345404,12.062565437431678,15.205283368028855
286,16.884933471679688,10.645833015441895,16.884933471679688,0.33833804726600647,0.2818950414657593,0.22630059719085693,0.4951256513595581,3.319942913984751,18.0081964742319,11.58170846084358,17.63623853575399
287,14.035667419433594,10.645833015441895,19.318437576293945,0.0638606920838356,-0.026573507115244865,-0.0932328924536705,0.11608923971652985,3.319942913984751,14.247681271599486,10.557610488794914,19.008909695642078
288,10.840794563293457,10.645833015441895,21.27625846862793,-0.13762494921684265,-0.3110538721084595,-0.425020694732666,0.544369101524353,3.319942913984751,10.383887588353488,9.613151916867896,19.86521402485334
289,7.378986835479736,10.645833015441895,22.710186004638672,-0.1828475445508957,-0.4040493071079254,-0.5428367853164673,0.7009713649749756,3.319942913984751,6.771943425608479,9.30441238140849,20.907998865777003
290,3.735482931137085,10.645833015441895,23.58491325378418,-0.13280484080314636,-0.2571001946926117,-0.34735608100891113,0.45209941267967224,3.319942913984751,3.294578440969806,9.792275045888058,22.431710894009132
291,0.0,10.645833015441895,23.878902435302734,-0.10051693022251129,0.03473718836903572,0.05046554282307625,0.11771617084741592,3.319942913984751,-0.33371047022772604,10.761158497819428,24.0464451565986
292,-3.735482931137085,10.645833015441895,23.58491325378418,-0.12992125749588013,0.2949494421482086,0.40420016646385193,0.5169646739959717,3.319942913984751,-4.166814089336521,11.625048325885595,24.926834732267302
293,-7.378986835479736,10.645833015441895,22.710186004638672,-0.1577972173690796,0.3737415671348572,0.5070552229881287,0.6493748426437378,3.319942913984751,-7.902864589130724,11.88663368291282,24.393580399197067
294,-10.840794563293457,10.645833015441895,21.27625846862793,-0.08736089617013931,0.23468811810016632,0.32964980602264404,0.41398000717163086,3.319942913984751,-11.130827751492868,11.424984170124958,22.370677006229254
295,-14.035667419433594,10.645833015441895,19.318437576293945,0.101873017847538,-0.031417664140462875,0.01897178590297699,0.10828254371881485,3.319942913984751,-13.697454815704418,10.541528164004813,19.38142282246817
296,-16.884933471679688,10.645833015441895,16.884933471679688,0.3124553859233856,-0.26776018738746643,-0.22554714977741241,0.4692498445510864,3.319942913984751,-15.847599427246973,9.756884478677646,16.13612981000671
297,-19.318437576293945,10.645833015441895,14.035667419433594,0.39365342259407043,-0.34428834915161133,-0.291175901889801,0.5985656976699829,3.319942913984751,-18.011530685386916,9.502815350308495,13.06898004723143
298,-21.27625846862793,10.645833015441895,10.840794563293457,0.2579217553138733,-0.22662323713302612,-0.20480220019817352,0.3997820317745209,3.319942913984751,-20.41997296471113,9.893456805177818,10.160862949977044
299,-22.710186004638672,10.645833015441895,7.378986835479736,-0.04397302120923996,0.012738761492073536,-0.07856868952512741,0.09093371778726578,3.319942913984751,-22.85617392480879,10.688124976390446,7.118143271429721
300,-23.58491325378418,10.645833015441895,3.735482931137085,-0.3461483418941498,0.23977722227573395,-0.007189452648162842,0.4211454391479492,3.319942913984751,-24.734105988643233,11.441879705471164,3.7116143587623878
301,-23.878902435302734,10.645833015441895,0.0,-0.4718097746372223,0.3317698836326599,-4.768506145502727e-10,0.5767804980278015,3.319942913984751,-25.445283953358324,11.74729008968169,-1.5831168188054516e-09
302,-23.58491325378418,10.645833015441895,-3.735482931137085,-0.3461483418941498,0.23977723717689514,0.00718945125117898,0.4211454391479492,3.319942913984751,-24.734105988643233,11.44187975494217,-3.7116143634002947
303,-22.710186004638672,10.645833015441895,-7.378986835479736,-0.04397302493453026,0.012738765217363834,0.07856868952512741,0.09093372523784637,3.319942913984751,-22.85617393717654,10.688124988758197,-7.118143271429721
304,-21.27625846862793,10.645833015441895,-10.840794563293457,0.2579217553138733,-0.22662322223186493,0.20480220019817352,0.3997820019721985,3.319942913984751,-20.41997296471113,9.893456854648823,-10.160862949977044
305,-19.318437576293945,10.645833015441895,-14.035667419433594,0.39365342259407043,-0.34428834915161133,0.291175901889801,0.5985656976699829,3.319942913984751,-18.011530685386916,9.502815350308495,-13.06898004723143
306,-16.884933471679688,10.645833015441895,-16.884933471679688,0.3124553859233856,-0.26776018738746643,0.2255471646785736,0.4692498445510864,3.319942913984751,-15.847599427246973,9.756884478677646,-16.136129760535706
307,-14.035667419433594,10.645833015441895,-19.318437576293945,0.101873017847538,-0.031417667865753174,-0.01897178217768669,0.10828254371881485,3.319942913984751,-13.697454815704418,10.541528151637062,-19.381422810100418
308,-10.840794563293457,10.645833015441895,-21.27625846862793,-0.08736089617013931,0.23468811810016632,-0.32964980602264404,0.41398000717163086,3.319942913984751,-11.130827751492868,11.424984170124958,-22.370677006229254
309,-7.378986835479736,10.645833015441895,-22.710186004638672,-0.1577972173690796,0.3737415671348572,-0.5070552229881287,0.6493748426437378,3.319942913984751,-7.902864589130724,11.88663368291282,-24.393580399197067
310,-3.735482931137085,10.645833015441895,-23.58491325378418,-0.12992125749588013,0.2949494421482086,-0.40420016646385193,0.5169646739959717,3.319942913984751,-4.166814089336521,11.625048325885595,-24.926834732267302
311,-0.0,10.645833015441895,-23.878902435302734,-0.10051693022251129,0.03473719209432602,-0.05046554654836655,0.11771617084741592,3.319942913984751,-0.33371047022772604,10.76115851018718,-24.04644516896635
312,3.735482931137085,10.645833015441895,-23.58491325378418,-0.13280484080314636,-0.2571001946926117,0.34735608100891113,0.45209941267967224,3.319942913984751,3.294578440969806,9.792275045888058,-22.431710894009132
313,7.378986835479736,10.645833015441895,-22.710186004638672,-0.1828475445508957,-0.4040493071079254,0.5428367853164673,0.7009713649749756,3.319942913984751,6.771943425608479,9.30441238140849,-20.907998865777003
314,10.840794563293457,10.645833015441895,-21.27625846862793,-0.13762494921684265,-0.3110538721084595,0.425020694732666,0.544369101524353,3.319942913984751,10.383887588353488,9.613151916867896,-19.86521402485334
315,14.035667419433594,10.645833015441895,-19.318437576293945,0.0638606920838356,-0.026573510840535164,0.0932328999042511,0.11608924716711044,3.319942913984751,14.247681271599486,10.557610476427163,-19.008909670906576
316,16.884933471679688,10.645833015441895,-16.884933471679688,0.33833804726600647,0.2818950116634369,-0.22630058228969574,0.4951256215572357,3.319942913984751,18.0081964742319,11.58170836190157,-17.636238486282984
317,19.318437576293945,10.645833015441895,-14.035667419433594,0.49092888832092285,0.42673397064208984,-0.3523000180721283,0.7397488355636597,3.319942913984751,20.948293460345404,12.062565437431678,-15.205283368028855
318,21.27625846862793,10.645833015441895,-10.840794563293457,0.3631752133369446,0.31532225012779236,-0.27000361680984497,0.5515671372413635,3.319942913984751,22.481979444680817,11.692684885375385,-11.737191157671555
319,22.710186004638672,10.645833015441895,-7.378986835479736,-0.02039765566587448,0.010494641028344631,-0.10952729731798172,0.11190366744995117,3.319942913984751,22.64246695224885,10.680674624558762,-7.74261121009847
320,23.58491325378418,10.645833015441895,-3.735482931137085,-0.4379448890686035,-0.3041369915008545,-0.010703057050704956,0.5333006381988525,3.319942913984751,22.13096122260503,9.636115565627993,-3.7710164695505473
321,22.997045516967773,12.166666984558105,0.0,-0.48488083481788635,-0.35696154832839966,-4.693683219869627e-10,0.602105438709259,3.319942913984751,21.387268825287123,10.981575021620209,-1.5582760346295297e-09
322,22.71391487121582,12.166666984558105,3.5975310802459717,-0.34393125772476196,-0.24911855161190033,0.00736542884260416,0.4247387647628784,3.319942913984751,21.572082729234634,11.339607614392033,3.6219838835404343
323,21.871490478515625,12.166666984558105,7.106478214263916,-0.01619597151875496,0.008202090859413147,0.08460767567157745,0.08653347939252853,3.319942913984751,21.817720777636836,12.193897457986674,7.38737086757849
324,20.49051856994629,12.166666984558105,10.440441131591797,0.2851269841194153,0.2579317092895508,0.21131356060504913,0.43872493505477905,3.319942913984751,21.437123880459385,13.022985535105924,11.141990089751417
325,18.60500144958496,12.166666984558105,13.517325401306152,0.3857507109642029,0.34983018040657043,0.2773873209953308,0.5900241732597351,3.319942913984751,19.885671789015145,13.328083213096907,14.438235472073814
326,16.261367797851562,12.166666984558105,16.261367797851562,0.266006201505661,0.23189273476600647,0.17964109778404236,0.3959854245185852,3.319942913984751,17.14449320161628,12.936537626149054,16.857765987500137
327,13.517325401306152,12.166666984558105,18.60500144958496,0.0501425676047802,-0.0207685474306345,-0.07145819067955017,0.08973228186368942,3.319942913984751,13.683795863314643,12.097716592682014,18.367764335792216
328,10.440441131591797,12.166666984558105,20.49051856994629,-0.10843048244714737,-0.2547178566455841,-0.3337952196598053,0.43365609645843506,3.319942913984751,10.080458119731443,11.321018241322214,19.382337495714737
329,7.106478214263916,12.166666984558105,21.871490478515625,-0.14379116892814636,-0.33219215273857117,-0.42858025431632996,0.5609889626502991,3.319942913984751,6.629099741887332,11.063808000992346,20.448628500124343
330,3.5975310802459717,12.166666984558105,22.71391487121582,-0.10390309244394302,-0.21250785887241364,-0.2759842276573181,0.3634868860244751,3.319942913984751,3.2525787447456005,11.461153024328564,21.797662990233352
331,0.0,12.166666984558105,22.997045516967773,-0.07833012193441391,0.027147291228175163,0.03788333386182785,0.09114675223827362,3.319942913984751,-0.260051533267719,12.256794441704965,23.122816022780466
332,-3.5975310802459717,12.166666984558105,22.71391487121582,-0.10229966044425964,0.24199140071868896,0.318682998418808,0.41301804780960083,3.319942913984751,-3.9371601130409375,12.970064620619361,23.771924233623757
333,-7.106478214263916,12.166666984558105,21.871490478515625,-0.125749871134758,0.30824756622314453,0.40182092785835266,0.5218138098716736,3.319942913984751,-7.523960607872251,13.19003130779368,23.20551302064974
334,-10.440441131591797,12.166666984558105,20.49051856994629,-0.07109744846820831,0.19474884867668152,0.2623871862888336,0.3344084322452545,3.319942913984751,-10.676480601836221,12.813222044728942,21.3616290497863
335,-13.517325401306152,12.166666984558105,18.60500144958496,0.07907497137784958,-0.024681665003299713,0.015963803976774216,0.08436159044504166,3.319942913984751,-13.254801010406714,12.084725265725055,18.658000367477893
336,-16.261367797851562,12.166666984558105,16.261367797851562,0.2476648986339569,-0.22071628272533417,-0.17879970371723175,0.37685927748680115,3.319942913984751,-15.439134472589005,11.433901525723078,15.667762988472965
337,-18.60500144958496,12.166666984558105,13.517325401306152,0.31387272477149963,-0.28507480025291443,-0.23138338327407837,0.4830341637134552,3.319942913984751,-17.562961921086735,11.220234921502824,12.749145777591558
338,-20.49051856994629,12.166666984558105,10.440441131591797,0.20668207108974457,-0.18830449879169464,-0.16265402734279633,0.3234693109989166,3.319942913984751,-19.804345892584198,11.54150679812317,9.900439046083997
339,-21.871490478515625,12.166666984558105,7.106478214263916,-0.03411499410867691,0.010073683224618435,-0.062013983726501465,0.07149158418178558,3.319942913984751,-21.98475031146736,12.200111037797404,6.900595328423152
340,-22.71391487121582,12.166666984558105,3.5975310802459717,-0.2758442759513855,0.19874532520771027,-0.005281112622469664,0.34002596139907837,3.319942913984751,-23.629702120523877,12.826490118669039,3.579998087817048
341,-22.997045516967773,12.166666984558105,0.0,-0.376489520072937,0.2752842903137207,-3.7612110648233e-10,0.46639662981033325,3.319942913984751,-24.24696923132344,13.080595113516463,-1.2487006022661155e-09
342,-22.71391487121582,12.166666984558105,-3.5975310802459717,-0.2758442759513855,0.19874534010887146,0.005281111691147089,0.34002599120140076,3.319942913984751,-23.629702120523877,12.826490168140042,-3.579998090908986
343,-21.871490478515625,12.166666984558105,-7.106478214263916,-0.03411499783396721,0.010073686018586159,0.062013980001211166,0.07149158418178558,3.319942913984751,-21.984750323835108,12.200111047073218,-6.900595340790903
344,-20.49051856994629,12.166666984558105,-10.440441131591797,0.20668207108974457,-0.18830449879169464,0.16265402734279633,0.3234693109989166,3.319942913984751,-19.804345892584198,11.54150679812317,-9.900439046083997
345,-18.60500144958496,12.166666984558105,-13.517325401306152,0.31387272477149963,-0.28507480025291443,0.23138338327407837,0.4830341637134552,3.319942913984751,-17.562961921086735,11.220234921502824,-12.749145777591558
346,-16.261367797851562,12.166666984558105,-16.261367797851562,0.2476648986339569,-0.22071628272533417,0.17879970371723175,0.37685927748680115,3.319942913984751,-15.439134472589005,11.433901525723078,-15.667762988472965
347,-13.517325401306152,12.166666984558105,-18.60500144958496,0.07907497882843018,-0.02468166872859001,-0.015963800251483917,0.08436159789562225,3.319942913984751,-13.254800985671212,12.084725253357304,-18.658000355110143
348,-10.440441131591797,12.166666984558105,-20.49051856994629,-0.07109744846820831,0.19474884867668152,-0.2623871862888336,0.3344084322452545,3.319942913984751,-10.676480601836221,12.813222044728942,-21.3616290497863
349,-7.106478214263916,12.166666984558105,-21.871490478515625,-0.125749871134758,0.30824756622314453,-0.40182092785835266,0.5218138098716736,3.319942913984751,-7.523960607872251,13.19003130779368,-23.20551302064974
350,-3.5975310802459717,12.166666984558105,-22.71391487121582,-0.10229966044425964,0.24199141561985016,-0.31868302822113037,0.4130180776119232,3.319942913984751,-3.9371601130409375,12.970064670090366,-23.771924332565764
351,-0.0,12.166666984558105,-22.997045516967773,-0.07833012193441391,0.027147293090820312,-0.03788333758711815,0.09114675223827362,3.319942913984751,-0.260051533267719,12.256794447888842,-23.12281603514822
352,3.5975310802459717,12.166666984558105,-22.71391487121582,-0.10390309244394302,-0.21250785887241364,0.2759842276573181,0.3634868860244751,3.319942913984751,3.2525787447456005,11.461153024328564,-21.797662990233352
353,7.106478214263916,12.166666984558105,-21.871490478515625,-0.14379116892814636,-0.33219215273857117,0.42858025431632996,0.5609889626502991,3.319942913984751,6.629099741887332,11.063808000992346,-20.448628500124343
354,10.440441131591797,12.166666984558105,-20.49051856994629,-0.10843048244714737,-0.2547178566455841,0.3337952196598053,0.43365609645843506,3.319942913984751,10.080458119731443,11.321018241322214,-19.382337495714737
355,13.517325401306152,12.166666984558105,-18.60500144958496,0.0501425638794899,-0.020768551155924797,0.07145819813013077,0.08973228931427002,3.319942913984751,13.683795850946893,12.097716580314263,-18.367764311056714
356,16.261367797851562,12.166666984558105,-16.261367797851562,0.266006201505661,0.23189273476600647,-0.17964109778404236,0.3959854245185852,3.319942913984751,17.14449320161628,12.936537626149054,-16.857765987500137
357,18.60500144958496,12.166666984558105,-13.517325401306152,0.3857507109642029,0.34983018040657043,-0.2773873209953308,0.5900241732597351,3.319942913984751,19.885671789015145,13.328083213096907,-14.438235472073814
358,20.49051856994629,12.166666984558105,-10.440441131591797,0.2851269841194153,0.2579317092895508,-0.21131356060504913,0.43872493505477905,3.319942913984751,21.437123880459385,13.022985535105924,-11.141990089751417
359,21.871490478515625,12.166666984558105,-7.106478214263916,-0.01619596593081951,0.008202094584703445,-0.08460767567157745,0.08653347194194794,3.319942913984751,21.817720796188464,12.193897470354424,-7.38737086757849
360,22.71391487121582,12.166666984558105,-3.5975310802459717,-0.34393125772476196,-0.24911855161190033,-0.007365429773926735,0.4247387647628784,3.319942913984751,21.572082729234634,11.339607614392033,-3.621983886632372
361,22.09312629699707,13.6875,0.0,-0.34132078289985657,-0.2697502076625824,-3.4480782118428976e-10,0.4350460171699524,3.319942913984751,20.959960782412963,12.791944709524694,-1.144742282627304e-09
362,21.821123123168945,13.6875,3.4561259746551514,-0.24294966459274292,-0.18861456215381622,0.006732214707881212,0.307644784450531,3.319942913984751,21.014544105749298,13.061310420903101,3.4784765431700055
363,21.011812210083008,13.6875,6.827151775360107,-0.01357988454401493,0.0053060539066791534,0.06143483892083168,0.06314116716384888,3.319942913984751,20.966727768618373,13.7051157960687,7.031111933507117
364,19.68511962890625,13.6875,10.030070304870605,0.1988639533519745,0.19430385529994965,0.14998961985111237,0.3159078061580658,3.319942913984751,20.34533660168413,14.332577707562987,10.528027280466572
365,17.873714447021484,13.6875,12.986014366149902,0.2721622884273529,0.26505613327026367,0.19612765312194824,0.42754310369491577,3.319942913984751,18.77727770793975,14.56747123145881,13.637146978368573
366,15.622200012207031,13.6875,15.622200012207031,0.1905839443206787,0.17728067934513092,0.1276531219482422,0.28990688920021057,3.319942913984751,16.254927827673733,14.27606173517827,16.04600108986713
367,12.986014366149902,13.6875,17.873714447021484,0.0392928421497345,-0.013593294657766819,-0.04911550506949425,0.0643509030342102,3.319942913984751,13.116464359015234,13.64237103772324,17.710653773999233
368,10.030070304870605,13.6875,19.68511962890625,-0.07420021295547485,-0.19204272329807281,-0.23537775874137878,0.3127119541168213,3.319942913984751,9.783729833652917,13.04992912160423,18.903678906663195
369,6.827151775360107,13.6875,21.011812210083008,-0.10192251950502396,-0.2529957592487335,-0.3049319386482239,0.40911921858787537,3.319942913984751,6.488774828953931,12.847568521813976,19.999455581120205
370,3.4561259746551514,13.6875,21.821123123168945,-0.07570875436067581,-0.1639954000711441,-0.19944234192371368,0.2690790891647339,3.319942913984751,3.2047772320888135,13.14304463360771,21.158985933350788
371,0.0,13.6875,22.09312629699707,-0.05800971761345863,0.01787661202251911,0.022701220586895943,0.06480776518583298,3.319942913984751,-0.1925889509330584,13.746849331410218,22.16849305342334
372,-3.4561259746551514,13.6875,21.821123123168945,-0.07447409629821777,0.18304190039634705,0.2248382717370987,0.29933756589889526,3.319942913984751,-3.7033757229358373,14.295188660183156,22.567573350215103
373,-6.827151775360107,13.6875,21.011812210083008,-0.0907527431845665,0.2362516224384308,0.2884599566459656,0.3837447464466095,3.319942913984751,-7.128445702020387,14.471841899831869,21.96948279911813
374,-10.030070304870605,13.6875,19.68511962890625,-0.05179569497704506,0.1516426056623459,0.19233232736587524,0.2503397464752197,3.319942913984751,-10.202029055384562,14.190944794126889,20.323651976274782
375,-12.986014366149902,13.6875,17.873714447021484,0.05598548427224159,-0.01620187982916832,0.01617981120944023,0.060486871749162674,3.319942913984751,-12.800145754354268,13.63371068386792,17.927430496595875
376,-15.622200012207031,13.6875,15.622200012207031,0.17841170728206635,-0.16841702163219452,-0.1263047456741333,0.2759491205215454,3.319942913984751,-15.029883328844013,13.12836510243778,15.202875466803546
377,-17.873714447021484,13.6875,12.986014366149902,0.22805026173591614,-0.22026869654655457,-0.16753923892974854,0.358600914478302,3.319942913984751,-17.116600596538962,12.956220501727609,12.429793657050686
378,-19.68511962890625,13.6875,10.030070304870605,0.1516779363155365,-0.1469734162092209,-0.11992176622152328,0.24287571012973785,3.319942913984751,-19.181557539027654,13.199556648312065,9.631936886870923
379,-21.011812210083008,13.6875,6.827151775360107,-0.023429151624441147,0.006592788267880678,-0.047207023948431015,0.05311208218336105,3.319942913984751,-21.089595655999247,13.709387680693352,6.6704271507122055
380,-21.821123123168945,13.6875,3.4561259746551514,-0.2005324512720108,0.15372243523597717,-0.005089855752885342,0.25272467732429504,3.319942913984751,-22.48687941379345,14.197849709582162,3.439227944115155
381,-22.09312629699707,13.6875,0.0,-0.2745194733142853,0.21359969675540924,-2.828740297555754e-10,0.3478300869464874,3.319942913984751,-23.004515277177656,14.396638799672413,-9.391256306373342e-10
382,-21.821123123168945,13.6875,-3.4561259746551514,-0.2005324512720108,0.15372243523597717,0.005089854821562767,0.25272467732429504,3.319942913984751,-22.48687941379345,14.197849709582162,-3.439227947207093
383,-21.011812210083008,13.6875,-6.827151775360107,-0.023429155349731445,0.006592790596187115,0.04720702022314072,0.053112078458070755,3.319942913984751,-21.089595668366997,13.709387688423197,-6.670427163079957
384,-19.68511962890625,13.6875,-10.030070304870605,0.1516779363155365,-0.1469734162092209,0.11992176622152328,0.24287571012973785,3.319942913984751,-19.181557539027654,13.199556648312065,-9.631936886870923
385,-17.873714447021484,13.6875,-12.986014366149902,0.22805026173591614,-0.22026869654655457,0.16753923892974854,0.358600914478302,3.319942913984751,-17.116600596538962,12.956220501727609,-12.429793657050686
386,-15.622200012207031,13.6875,-15.622200012207031,0.17841172218322754,-0.16841702163219452,0.1263047456741333,0.2759491503238678,3.319942913984751,-15.029883279373008,13.12836510243778,-15.202875466803546
387,-12.986014366149902,13.6875,-17.873714447021484,0.05598548799753189,-0.01620188169181347,-0.016179807484149933,0.06048687547445297,3.319942913984751,-12.800145741986517,13.633710677684045,-17.927430484228125
388,-10.030070304870605,13.6875,-19.68511962890625,-0.05179569125175476,0.1516426056623459,-0.19233232736587524,0.2503397464752197,3.319942913984751,-10.202029043016811,14.190944794126889,-20.323651976274782
389,-6.827151775360107,13.6875,-21.011812210083008,-0.0907527357339859,0.2362516224384308,-0.2884599566459656,0.3837447464466095,3.319942913984751,-7.128445677284884,14.471841899831869,-21.96948279911813
390,-3.4561259746551514,13.6875,-21.821123123168945,-0.07447409629821777,0.18304191529750824,-0.2248382717370987,0.29933756589889526,3.319942913984751,-3.7033757229358373,14.295188709654159,-22.567573350215103
391,-0.0,13.6875,-22.09312629699707,-0.05800971761345863,0.01787661574780941,-0.02270122431218624,0.06480776518583298,3.319942913984751,-0.1925889509330584,13.746849343777969,-22.16849306579109
392,3.4561259746551514,13.6875,-21.821123123168945,-0.07570875436067581,-0.1639954000711441,0.19944234192371368,0.2690790891647339,3.319942913984751,3.2047772320888135,13.14304463360771,-21.158985933350788
393,6.827151775360107,13.6875,-21.011812210083008,-0.10192251950502396,-0.2529957592487335,0.3049319386482239,0.40911921858787537,3.319942913984751,6.488774828953931,12.847568521813976,-19.999455581120205
394,10.030070304870605,13.6875,-19.68511962890625,-0.07420021295547485,-0.19204272329807281,0.23537775874137878,0.3127119541168213,3.319942913984751,9.783729833652917,13.04992912160423,-18.903678906663195
395,12.986014366149902,13.6875,-17.873714447021484,0.0392928384244442,-0.013593297451734543,0.049115508794784546,0.0643509030342102,3.319942913984751,13.116464346647483,13.642371028447426,-17.710653761631484
396,15.622200012207031,13.6875,-15.622200012207031,0.1905839443206787,0.17728067934513092,-0.1276531219482422,0.28990688920021057,3.319942913984751,16.254927827673733,14.27606173517827,-16.04600108986713
397,17.873714447021484,13.6875,-12.986014366149902,0.2721622884273529,0.26505613327026367,-0.19612765312194824,0.42754310369491577,3.319942913984751,18.77727770793975,14.56747123145881,-13.637146978368573
398,19.68511962890625,13.6875,-10.030070304870605,0.19886396825313568,0.19430385529994965,-0.14998961985111237,0.3159078061580658,3.319942913984751,20.345336651155137,14.332577707562987,-10.528027280466572
399,21.011812210083008,13.6875,-6.827151775360107,-0.013579881750047207,0.005306056700646877,-0.06143483892083168,0.06314116716384888,3.319942913984751,20.96672777789419,13.705115805344514,-7.031111933507117
400,21.821123123168945,13.6875,-3.4561259746551514,-0.24294964969158173,-0.18861456215381622,-0.006732215639203787,0.307644784450531,3.319942913984751,21.0145441552203,13.061310420903101,-3.4784765462619434
401,21.189207077026367,15.208333015441895,0.0,-0.21973589062690735,-0.19552500545978546,-2.1546475714728786e-10,0.29413244128227234,3.319942913984751,20.45969646399144,14.55920115905885,-7.153306937045836e-10
402,20.928333282470703,15.208333015441895,3.3147220611572266,-0.15702521800994873,-0.13716784119606018,0.003082512179389596,0.2085220366716385,3.319942913984751,20.407018522621662,14.752943613036448,3.3249558256244627
403,20.15213394165039,15.208333015441895,6.547824859619141,-0.010258699767291546,0.0027022615540772676,0.03757118433713913,0.03904019668698311,3.319942913984751,20.118075644051274,15.217304369540086,6.672559046829241
404,18.879722595214844,15.208333015441895,9.619698524475098,0.1269107311964035,0.13999499380588531,0.09528254717588425,0.21162158250808716,3.319942913984751,19.301058977958967,15.673108403121082,9.936031141798093
405,17.14242935180664,15.208333015441895,12.454703330993652,0.17583751678466797,0.19288218021392822,0.12745553255081177,0.290460467338562,3.319942913984751,17.726199869668573,15.848690842877055,12.877848423133873
406,14.9830322265625,15.208333015441895,14.9830322265625,0.12472308427095413,0.13099798560142517,0.08614888042211533,0.20034456253051758,3.319942913984751,15.397105746398177,15.643238849485623,15.269041591667621
407,12.454703330993652,15.208333015441895,17.14242935180664,0.027028663083910942,-0.007158816792070866,-0.02723495289683342,0.039032548666000366,3.319942913984751,12.544436949473564,15.184566152360544,17.05201086292409
408,9.619698524475098,15.208333015441895,18.879722595214844,-0.04748327657580376,-0.13847987353801727,-0.15046295523643494,0.20992960035800934,3.319942913984751,9.46205675687448,14.74858774055985,18.380194173160437
409,6.547824859619141,15.208333015441895,20.15213394165039,-0.06620959937572479,-0.18567396700382233,-0.20048536360263824,0.2811634838581085,3.319942913984751,6.328012769333934,14.591906044376117,19.486533979400157
410,3.3147220611572266,15.208333015441895,20.928333282470703,-0.04887457937002182,-0.12305065244436264,-0.1357189416885376,0.18960437178611755,3.319942913984751,3.1524612477037373,14.799811873798033,20.477754143718332
411,0.0,15.208333015441895,21.189207077026367,-0.03685346618294716,0.009655559435486794,0.00925905629992485,0.03920634835958481,3.319942913984751,-0.12235140390985208,15.240388921570297,21.219946615379488
412,-3.3147220611572266,15.208333015441895,20.928333282470703,-0.04845583438873291,0.13283808529376984,0.14569389820098877,0.20302864909172058,3.319942913984751,-3.4755926651773192,15.649347875420247,21.412028707413892
413,-6.547824859619141,15.208333015441895,20.15213394165039,-0.06163359805941582,0.1753002107143402,0.19289375841617584,0.26783737540245056,3.319942913984751,-6.752444886759882,15.790319707823002,20.79253020805606
414,-9.619698524475098,15.208333015441895,18.879722595214844,-0.03838877007365227,0.11543349176645279,0.13247717916965485,0.17985768616199493,3.319942913984751,-9.747147049657709,15.591565618468447,19.319539267463828
415,-12.454703330993652,15.208333015441895,17.14242935180664,0.033150814473629,-0.008663705550134182,0.014712493866682053,0.0372893251478672,3.319942913984751,-12.344644519389105,15.179570007591876,17.191273991566376
416,-14.9830322265625,15.208333015441895,14.9830322265625,0.11820270121097565,-0.12396988272666931,-0.08356495946645737,0.19058728218078613,3.319942913984751,-14.590606006263265,14.796760081735968,14.705601331524411
417,-17.14242935180664,15.208333015441895,12.454703330993652,0.15614427626132965,-0.16553844511508942,-0.11374344676733017,0.25440436601638794,3.319942913984751,-16.624039268273563,14.65875482759,12.077081580886253
418,-18.879722595214844,15.208333015441895,9.619698524475098,0.10706965625286102,-0.11228049546480179,-0.08184947818517685,0.17541424930095673,3.319942913984751,-18.524257448635375,14.83556818014483,9.34796292936087
419,-20.15213394165039,15.208333015441895,6.547824859619141,-0.013002831488847733,0.0034503017086535692,-0.031512681394815445,0.034264083951711655,3.319942913984751,-20.19530259991353,15.219787820150648,6.443204556321764
420,-20.928333282470703,15.208333015441895,3.3147220611572266,-0.13683563470840454,0.11564038693904877,-0.0025213039480149746,0.17917323112487793,3.319942913984751,-21.382619778301475,15.592252498630645,3.3063514759810126
421,-21.189207077026367,15.208333015441895,0.0,-0.1889846920967102,0.16152627766132355,-1.854371795007026e-10,0.2486080378293991,3.319942913984751,-21.81662546640443,15.74459103638594,-6.156408500726759e-10
422,-20.928333282470703,15.208333015441895,-3.3147220611572266,-0.13683564960956573,0.11564039438962936,0.0025213034823536873,0.17917324602603912,3.319942913984751,-21.38261982777248,15.592252523366147,-3.3063514775269813
423,-20.15213394165039,15.208333015441895,-6.547824859619141,-0.013002833351492882,0.0034503035712987185,0.031512681394815445,0.034264083951711655,3.319942913984751,-20.195302606097403,15.219787826334525,-6.443204556321764
424,-18.879722595214844,15.208333015441895,-9.619698524475098,0.10706965625286102,-0.11228049546480179,0.08184947818517685,0.17541424930095673,3.319942913984751,-18.524257448635375,14.83556818014483,-9.34796292936087
425,-17.14242935180664,15.208333015441895,-12.454703330993652,0.15614427626132965,-0.16553844511508942,0.11374344676733017,0.25440436601638794,3.319942913984751,-16.624039268273563,14.65875482759,-12.077081580886253
426,-14.9830322265625,15.208333015441895,-14.9830322265625,0.11820270121097565,-0.12396989017724991,0.08356495946645737,0.19058728218078613,3.319942913984751,-14.590606006263265,14.796760057000466,-14.705601331524411
427,-12.454703330993652,15.208333015441895,-17.14242935180664,0.033150818198919296,-0.008663707412779331,-0.014712492935359478,0.0372893288731575,3.319942913984751,-12.344644507021354,15.179570001408,-17.19127398847444
428,-9.619698524475098,15.208333015441895,-18.879722595214844,-0.03838876634836197,0.11543349176645279,-0.13247717916965485,0.17985768616199493,3.319942913984751,-9.747147037289958,15.591565618468447,-19.319539267463828
429,-6.547824859619141,15.208333015441895,-20.15213394165039,-0.06163359805941582,0.1753002107143402,-0.19289375841617584,0.26783737540245056,3.319942913984751,-6.752444886759882,15.790319707823002,-20.79253020805606
430,-3.3147220611572266,15.208333015441895,-20.928333282470703,-0.04845583438873291,0.13283810019493103,-0.14569391310214996,0.20302867889404297,3.319942913984751,-3.4755926651773192,15.649347924891252,-21.412028756884897
431,-0.0,15.208333015441895,-21.189207077026367,-0.03685346618294716,0.009655562229454517,-0.009259059093892574,0.03920635208487511,3.319942913984751,-0.12235140390985208,15.24038893084611,-21.219946624655304
432,3.3147220611572266,15.208333015441895,-20.928333282470703,-0.04887457937002182,-0.12305065244436264,0.1357189416885376,0.18960437178611755,3.319942913984751,3.1524612477037373,14.799811873798033,-20.477754143718332
433,6.547824859619141,15.208333015441895,-20.15213394165039,-0.06620959937572479,-0.18567396700382233,0.20048536360263824,0.2811634838581085,3.319942913984751,6.328012769333934,14.591906044376117,-19.486533979400157
434,9.619698524475098,15.208333015441895,-18.879722595214844,-0.047483280301094055,-0.13847987353801727,0.15046295523643494,0.20992960035800934,3.319942913984751,9.462056744506729,14.74858774055985,-18.380194173160437
435,12.454703330993652,15.208333015441895,-17.14242935180664,0.027028661221265793,-0.007158818654716015,0.02723495475947857,0.039032552391290665,3.319942913984751,12.544436943289687,15.184566146176667,-17.052010856740214
436,14.9830322265625,15.208333015441895,-14.9830322265625,0.12472308427095413,0.13099798560142517,-0.08614888042211533,0.20034456253051758,3.319942913984751,15.397105746398177,15.643238849485623,-15.269041591667621
437,17.14242935180664,15.208333015441895,-12.454703330993652,0.17583751678466797,0.19288218021392822,-0.12745553255081177,0.290460467338562,3.319942913984751,17.726199869668573,15.848690842877055,-12.877848423133873
438,18.879722595214844,15.208333015441895,-9.619698524475098,0.1269107311964035,0.13999499380588531,-0.09528254717588425,0.21162158250808716,3.319942913984751,19.301058977958967,15.673108403121082,-9.936031141798093
439,20.15213394165039,15.208333015441895,-6.547824859619141,-0.010258696973323822,0.002702263882383704,-0.03757118433713913,0.03904019668698311,3.319942913984751,20.118075653327086,15.217304377269931,-6.672559046829241
440,20.928333282470703,15.208333015441895,-3.3147220611572266,-0.15702521800994873,-0.13716784119606018,-0.003082512877881527,0.2085220366716385,3.319942913984751,20.407018522621662,14.752943613036448,-3.324955827943416
441,20.15884017944336,16.729167938232422,0.0,-0.10619204491376877,-0.11655037850141525,-1.2408098160054948e-10,0.15767289698123932,3.319942913984751,19.80628865241034,16.34222733500441,-4.119417756250165e-10
442,19.91065216064453,16.729167938232422,3.1535370349884033,-0.07735282927751541,-0.08240114152431488,0.0034459249582141638,0.11307202279567719,3.319942913984751,19.65384518320797,16.45560085232452,3.1649773091355495
443,19.172197341918945,16.729167938232422,6.229423999786377,-0.00874065700918436,3.648846984560805e-07,0.020383959636092186,0.022178929299116135,3.319942913984751,19.143178859617734,16.72916914962879,6.297097582139172
444,17.961658477783203,16.729167938232422,9.151922225952148,0.05809934437274933,0.08225861936807632,0.047491177916526794,0.11134372651576996,3.319942913984751,18.154544984440673,17.002261858717635,9.309590225552911
445,16.3088436126709,16.729167938232422,11.849068641662598,0.08595912903547287,0.11605162173509598,0.06318461894989014,0.15763643383979797,3.319942913984751,16.594223014004516,17.11445269746829,12.058837969618112
446,14.2544527053833,16.729167938232422,14.2544527053833,0.06586039811372757,0.08163496851921082,0.044593360275030136,0.11397556215524673,3.319942913984751,14.473105467413186,17.000191373501146,14.402500115839157
447,11.849068641662598,16.729167938232422,16.3088436126709,0.019694088026881218,-0.0004446023376658559,-0.009982047602534294,0.022083841264247894,3.319942913984751,11.914451889654833,16.727691883851946,16.275703784465808
448,9.151922225952148,16.729167938232422,17.961658477783203,-0.019512472674250603,-0.08156928420066833,-0.07285536080598831,0.11109540611505508,3.319942913984751,9.087141930562948,16.458362571151604,17.71978283892956
449,6.229423999786377,16.729167938232422,19.172197341918945,-0.03315189853310585,-0.11403781920671463,-0.10290635377168655,0.15714131295681,3.319942913984751,6.1193615891662505,16.350568888430814,18.830554121910627
450,3.1535370349884033,16.729167938232422,19.91065216064453,-0.027543602511286736,-0.0793774351477623,-0.07552070170640945,0.11297257989645004,3.319942913984751,3.0620938470054444,16.465639384883325,19.65992774215518
451,0.0,16.729167938232422,20.15884017944336,-0.0220769252628088,0.0011028082808479667,-0.003038419410586357,0.02231230027973652,3.319942913984751,-0.07329413158883301,16.732829198769906,20.14875280045147
452,-3.1535370349884033,16.729167938232422,19.91065216064453,-0.02739451453089714,0.07961313426494598,0.07156854122877121,0.11050233989953995,3.319942913984751,-3.2444852593873077,16.993478999195446,20.148255631961216
453,-6.229423999786377,16.729167938232422,19.172197341918945,-0.034158896654844284,0.11050228029489517,0.10388186573982239,0.15546390414237976,3.319942913984751,-6.3428295866851645,17.096029200676615,19.517079205973385
454,-9.151922225952148,16.729167938232422,17.961658477783203,-0.02261153608560562,0.0767684057354927,0.07810617983341217,0.11182685196399689,3.319942913984751,-9.226991234953866,16.984034662871878,18.22096653605956
455,-11.849068641662598,16.729167938232422,16.3088436126709,0.01577243022620678,-0.0008688095258548856,0.01587681472301483,0.022396376356482506,3.319942913984751,-11.796705073696783,16.726283540203458,16.36155373120722
456,-14.2544527053833,16.729167938232422,14.2544527053833,0.06430113315582275,-0.076811783015728,-0.0416288860142231,0.10847879946231842,3.319942913984751,-14.040976614001437,16.474157203498823,14.116247180243302
457,-16.3088436126709,16.729167938232422,11.849068641662598,0.08889801055192947,-0.10726040601730347,-0.06370597332715988,0.15318648517131805,3.319942913984751,-16.01370729247168,16.373069513324147,11.63756844693659
458,-17.961658477783203,16.729167938232422,9.151922225952148,0.06383219361305237,-0.07521935552358627,-0.04919218271970749,0.11023779213428497,3.319942913984751,-17.74973923891345,16.479443971867394,8.988606987508412
459,-19.172197341918945,16.729167938232422,6.229423999786377,-0.0047317505814135075,0.0001975917402887717,-0.021066050976514816,0.021591827273368835,3.319942913984751,-19.18790648373245,16.729823931530454,6.159485913121255
460,-19.91065216064453,16.729167938232422,3.1535370349884033,-0.07784247398376465,0.0750662311911583,-0.0031764316372573376,0.1081872433423996,3.319942913984751,-20.169084730553973,16.97838354055505,3.142991463282534
461,-20.15884017944336,16.729167938232422,0.0,-0.10906381905078888,0.10598903894424438,-1.1866300997365187e-10,0.15208087861537933,3.319942913984751,-20.52092583267314,17.08104549703542,-3.9395441911412737e-10
462,-19.91065216064453,16.729167938232422,-3.1535370349884033,-0.07784248143434525,0.07506623864173889,0.0031764311715960503,0.10818725824356079,3.319942913984751,-20.169084755289475,16.97838356529055,-3.1429914648285027
463,-19.172197341918945,16.729167938232422,-6.229423999786377,-0.004731751512736082,0.00019759290444198996,0.021066050976514816,0.021591827273368835,3.319942913984751,-19.18790648682439,16.729823935395377,-6.159485913121255
464,-17.961658477783203,16.729167938232422,-9.151922225952148,0.06383218616247177,-0.07521935552358627,0.04919218271970749,0.11023779213428497,3.319942913984751,-17.749739263648948,16.479443971867394,-8.988606987508412
465,-16.3088436126709,16.729167938232422,-11.849068641662598,0.08889801055192947,-0.10726040601730347,0.06370597332715988,0.15318648517131805,3.319942913984751,-16.01370729247168,16.373069513324147,-11.63756844693659
466,-14.2544527053833,16.729167938232422,-14.2544527053833,0.06430113315582275,-0.076811783015728,0.0416288860142231,0.10847879946231842,3.319942913984751,-14.040976614001437,16.474157203498823,-14.116247180243302
467,-11.849068641662598,16.729167938232422,-16.3088436126709,0.01577243022620678,-0.0008688106900081038,-0.01587681472301483,0.022396376356482506,3.319942913984751,-11.796705073696783,16.726283536338535,-16.36155373120722
468,-9.151922225952148,16.729167938232422,-17.961658477783203,-0.02261153608560562,0.07676839828491211,-0.07810617983341217,0.11182685196399689,3.319942913984751,-9.226991234953866,16.984034638136375,-18.22096653605956
469,-6.229423999786377,16.729167938232422,-19.172197341918945,-0.034158896654844284,0.11050228029489517,-0.10388186573982239,0.15546390414237976,3.319942913984751,-6.3428295866851645,17.096029200676615,-19.517079205973385
470,-3.1535370349884033,16.729167938232422,-19.91065216064453,-0.02739451453089714,0.07961313426494598,-0.07156854122877121,0.11050233989953995,3.319942913984751,-3.2444852593873077,16.993478999195446,-20.148255631961216
471,-0.0,16.729167938232422,-20.15884017944336,-0.0220769252628088,0.0011028095614165068,0.003038418246433139,0.02231230027973652,3.319942913984751,-0.07329413158883301,16.73282920302132,-20.14875280431639
472,3.1535370349884033,16.729167938232422,-19.91065216064453,-0.027543602511286736,-0.0793774351477623,0.07552070170640945,0.11297257989645004,3.319942913984751,3.0620938470054444,16.465639384883325,-19.65992774215518
473,6.229423999786377,16.729167938232422,-19.172197341918945,-0.03315190225839615,-0.11403781920671463,0.10290635377168655,0.15714131295681,3.319942913984751,6.119361576798499,16.350568888430814,-18.830554121910627
474,9.151922225952148,16.729167938232422,-17.961658477783203,-0.019512472674250603,-0.08156928420066833,0.07285536080598831,0.11109540611505508,3.319942913984751,9.087141930562948,16.458362571151604,-17.71978283892956
475,11.849068641662598,16.729167938232422,-16.3088436126709,0.019694088026881218,-0.0004446035891305655,0.009982048533856869,0.022083843126893044,3.319942913984751,11.914451889654833,16.727691879697154,-16.275703781373867
476,14.2544527053833,16.729167938232422,-14.2544527053833,0.06586039811372757,0.08163496851921082,-0.044593360275030136,0.11397556215524673,3.319942913984751,14.473105467413186,17.000191373501146,-14.402500115839157
477,16.3088436126709,16.729167938232422,-11.849068641662598,0.08595912903547287,0.11605162173509598,-0.06318461894989014,0.15763643383979797,3.319942913984751,16.594223014004516,17.11445269746829,-12.058837969618112
478,17.961658477783203,16.729167938232422,-9.151922225952148,0.05809934437274933,0.08225861936807632,-0.047491177916526794,0.11134372651576996,3.319942913984751,18.154544984440673,17.002261858717635,-9.309590225552911
479,19.172197341918945,16.729167938232422,-6.229423999786377,-0.008740655146539211,3.661638459107053e-07,-0.020383959636092186,0.022178927436470985,3.319942913984751,19.14317886580161,16.72916915387549,-6.297097582139172
480,19.91065216064453,16.729167938232422,-3.1535370349884033,-0.07735282927751541,-0.08240113407373428,-0.0034459251910448074,0.11307202279567719,3.319942913984751,19.65384518320797,16.45560087706002,-3.164977309908534
481,19.12847328186035,18.25,0.0,-0.004801980685442686,-0.046227969229221344,-4.158811142684904e-11,0.046476706862449646,3.319942913984751,19.112530980110623,18.096525781129543,-1.3807015583757573e-10
482,18.89297103881836,18.25,2.9923529624938965,-0.005838403478264809,-0.0333930142223835,0.003691517747938633,0.034099966287612915,3.319942913984751,18.87358787256171,18.139137099055805,3.0046085906830142
483,18.1922607421875,18.25,5.911023139953613,-0.006488526705652475,-0.0018013326916843653,0.005147210322320461,0.00847582146525383,3.319942913984751,18.17071920392887,18.244019678294514,5.92811158438999
484,17.043594360351562,18.25,8.684144973754883,-0.002733105793595314,0.03128185123205185,0.0050299749709665775,0.03180133178830147,3.319942913984751,17.034520605138944,18.353853960334174,8.700844203517264
485,15.475259780883789,18.25,11.24343490600586,0.005187906324863434,0.047222889959812164,0.005480739753693342,0.04782211035490036,3.319942913984751,15.492483333725437,18.40677729889996,11.261630649114528
486,13.525874137878418,18.25,13.525874137878418,0.01183960773050785,0.03636942058801651,0.006225812714546919,0.03875140845775604,3.319942913984751,13.565180959667677,18.370744400166917,13.546543480683875
487,11.24343490600586,18.25,15.475259780883789,0.011825723573565483,0.004145178012549877,0.0038395996671169996,0.013106211088597775,3.319942913984751,11.28269563318666,18.26376175436997,15.488007032591172
488,8.684144973754883,18.25,17.043594360351562,0.005159773398190737,-0.031262874603271484,-0.004037463106215,0.03194200247526169,3.319942913984751,8.701275126885973,18.146209040990076,17.03019021332161
489,5.911023139953613,18.25,18.1922607421875,-0.003068482270464301,-0.049103084951639175,-0.01419314369559288,0.051205214112997055,3.319942913984751,5.900835953983098,18.086980561060013,18.14514031534815
490,2.9923529624938965,18.25,18.89297103881836,-0.007906892336905003,-0.03839937970042229,-0.01872941292822361,0.043449077755212784,3.319942913984751,2.9661025313083482,18.122516251462173,18.83079045708421
491,0.0,18.25,19.12847328186035,-0.008788477629423141,-0.004838531371206045,-0.011527049355208874,0.015281413681805134,3.319942913984751,-0.02917724403051686,18.23393635206007,19.090204136034373
492,-2.9923529624938965,18.25,18.89297103881836,-0.008561963215470314,0.032203517854213715,0.00537009397521615,0.033752210438251495,3.319942913984751,-3.020778191600895,18.356913840905477,18.91079944425881
493,-5.911023139953613,18.25,18.1922607421875,-0.008780626580119133,0.050847526639699936,0.021632269024848938,0.05595109611749649,3.319942913984751,-5.940174318948626,18.418810885761122,18.26407864044996
494,-8.684144973754883,18.25,17.043594360351562,-0.006755896378308535,0.0395997129380703,0.02590876817703247,0.04780213162302971,3.319942913984751,-8.706574164063664,18.381468786364575,17.129609991670975
495,-11.24343490600586,18.25,15.475259780883789,0.0015870550414547324,0.004490019753575325,0.014998874627053738,0.015736747533082962,3.319942913984751,-11.238165973866877,18.264906609264536,15.525055188419621
496,-13.525874137878418,18.25,13.525874137878418,0.015228517353534698,-0.033913541585206985,-0.0032252564560621977,0.03731539100408554,3.319942913984751,-13.475316329600057,18.137408977926064,13.515166470561331
497,-15.475259780883789,18.25,11.24343490600586,0.025346921756863594,-0.05240591615438461,-0.01641809195280075,0.06048470735549927,3.319942913984751,-15.391109447605764,18.076015350012373,11.188927777966008
498,-17.043594360351562,18.25,8.684144973754883,0.021387547254562378,-0.03927764669060707,-0.018026523292064667,0.048219457268714905,3.319942913984751,-16.972588924396263,18.119600455191524,8.624297945487612
499,-18.1922607421875,18.25,5.911023139953613,0.0016985861584544182,-0.0020095056388527155,-0.011411906220018864,0.011711315251886845,3.319942913984751,-18.186621533106948,18.243328555993678,5.873136262763403
500,-18.89297103881836,18.25,2.9923529624938965,-0.02199425920844078,0.03675560653209686,-0.0042675090953707695,0.04304571822285652,3.319942913984751,-18.965990723825765,18.372026515455445,2.978185075912355
501,-19.12847328186035,18.25,0.0,-0.03258829936385155,0.05306078866124153,-5.896979432540306e-11,0.06226913258433342,3.319942913984751,-19.236664575412185,18.42615878932633,-1.9577635080976008e-10
502,-18.89297103881836,18.25,-2.9923529624938965,-0.02199425920844078,0.03675561025738716,0.0042675090953707695,0.04304571822285652,3.319942913984751,-18.965990723825765,18.3720265278232,-2.978185075912355
503,-18.1922607421875,18.25,-5.911023139953613,0.0016985858092084527,-0.002009505173191428,0.011411906220018864,0.011711315251886845,3.319942913984751,-18.186621534266422,18.243328557539648,-5.873136262763403
504,-17.043594360351562,18.25,-8.684144973754883,0.021387547254562378,-0.03927764296531677,0.018026523292064667,0.048219457268714905,3.319942913984751,-16.972588924396263,18.119600467559273,-8.624297945487612
505,-15.475259780883789,18.25,-11.24343490600586,0.025346921756863594,-0.05240591615438461,0.01641809195280075,0.06048470735549927,3.319942913984751,-15.391109447605764,18.076015350012373,-11.188927777966008
506,-13.525874137878418,18.25,-13.525874137878418,0.015228517353534698,-0.033913541585206985,0.0032252566888928413,0.03731539100408554,3.319942913984751,-13.475316329600057,18.137408977926064,-13.515166469788346
507,-11.24343490600586,18.25,-15.475259780883789,0.0015870551578700542,0.004490019287914038,-0.014998873695731163,0.015736747533082962,3.319942913984751,-11.238165973480386,18.264906607718565,-15.525055185327684
508,-8.684144973754883,18.25,-17.043594360351562,-0.006755895912647247,0.0395997129380703,-0.02590876817703247,0.04780213162302971,3.319942913984751,-8.706574162517695,18.381468786364575,-17.129609991670975
509,-5.911023139953613,18.25,-18.1922607421875,-0.008780626580119133,0.050847526639699936,-0.021632270887494087,0.05595109611749649,3.319942913984751,-5.940174318948626,18.418810885761122,-18.264078646633834
510,-2.9923529624938965,18.25,-18.89297103881836,-0.008561963215470314,0.032203517854213715,-0.005370094440877438,0.033752210438251495,3.319942913984751,-3.020778191600895,18.356913840905477,-18.91079944580478
511,-0.0,18.25,-19.12847328186035,-0.008788477629423141,-0.004838530905544758,0.011527049355208874,0.015281413681805134,3.319942913984751,-0.02917724403051686,18.23393635360604,-19.090204136034373
512,2.9923529624938965,18.25,-18.89297103881836,-0.007906892336905003,-0.03839937970042229,0.01872941292822361,0.043449077755212784,3.319942913984751,2.9661025313083482,18.122516251462173,-18.83079045708421
513,5.911023139953613,18.25,-18.1922607421875,-0.003068482270464301,-0.049103084951639175,0.014193144626915455,0.051205214112997055,3.319942913984751,5.900835953983098,18.086980561060013,-18.14514031225621
514,8.684144973754883,18.25,-17.043594360351562,0.005159773398190737,-0.031262874603271484,0.004037463106215,0.03194200247526169,3.319942913984751,8.701275126885973,18.146209040990076,-17.03019021332161
515,11.24343490600586,18.25,-15.475259780883789,0.011825723573565483,0.00414517754688859,-0.003839599434286356,0.013106211088597775,3.319942913984751,11.28269563318666,18.263761752824003,-15.488007031818189
516,13.525874137878418,18.25,-13.525874137878418,0.01183960773050785,0.03636942058801651,-0.006225812714546919,0.03875140845775604,3.319942913984751,13.565180959667677,18.370744400166917,-13.546543480683875
517,15.475259780883789,18.25,-11.24343490600586,0.005187906324863434,0.047222889959812164,-0.005480739753693342,0.04782211035490036,3.319942913984751,15.492483333725437,18.40677729889996,-11.261630649114528
518,17.043594360351562,18.25,-8.684144973754883,-0.0027331055607646704,0.03128185495734215,-0.0050299749709665775,0.031801335513591766,3.319942913984751,17.03452060591193,18.353853972701927,-8.700844203517264
519,18.1922607421875,18.25,-5.911023139953613,-0.006488526705652475,-0.001801332226023078,-0.005147210322320461,0.00847582146525383,3.319942913984751,18.17071920392887,18.24401967984048,-5.92811158438999
520,18.89297103881836,18.25,-2.9923529624938965,-0.005838403478264809,-0.0333930142223835,-0.003691517747938633,0.034099966287612915,3.319942913984751,18.87358787256171,18.139137099055805,-3.0046085906830142
521,18.505647659301758,19.770832061767578,0.0,0.06016179174184799,-0.01880202256143093,3.2305071812066544e-11,0.0630313977599144,3.319942913984751,18.705381373487732,19.708410420196174,1.0725099424823885e-10
522,18.277812957763672,19.770832061767578,2.894921064376831,0.041082289069890976,-0.013979451730847359,0.0015309000154957175,0.04342261329293251,3.319942913984751,18.41420381225153,19.72442108005236,2.9000035650352953
523,17.599916458129883,19.770832061767578,5.718560218811035,-0.002178450580686331,-0.0017570210620760918,-0.00761424470692873,0.008112304843962193,3.319942913984751,17.592684126561068,19.764998852142817,5.693281361050921
524,16.4886531829834,19.770832061767578,8.401388168334961,-0.039190519601106644,0.011916717514395714,-0.024373721331357956,0.04766532778739929,3.319942913984751,16.358542895138324,19.810394883637453,8.32046880491348
525,14.971384048461914,19.770832061767578,10.877346992492676,-0.04726412147283554,0.01980467140674591,-0.032872140407562256,0.06088267266750336,3.319942913984751,14.814469863292459,19.836582440268202,10.768213362879077
526,13.085469245910645,19.770832061767578,13.085469245910645,-0.027296580374240875,0.017010975629091263,-0.019638678058981895,0.037684932351112366,3.319942913984751,12.994846157321168,19.827307529767346,13.0202699558487
527,10.877346992492676,19.770832061767578,14.971384048461914,0.0009024989558383822,0.00418485002592206,0.01174207217991352,0.01249814871698618,3.319942913984751,10.88034323750599,19.784725524957228,15.010367057791115
528,8.401388168334961,19.770832061767578,16.4886531829834,0.017228063195943832,-0.01199418492615223,0.04098671302199364,0.04604972526431084,3.319942913984751,8.458584354664016,19.731012052512977,16.62472673044829
529,5.718560218811035,19.770832061767578,17.599916458129883,0.016467461362481117,-0.02211439423263073,0.04675929248332977,0.05428310111165047,3.319942913984751,5.773231250472722,19.69741353533789,17.755154639872853
530,2.894921064376831,19.770832061767578,18.277812957763672,0.008221402764320374,-0.019586823880672455,0.024006366729736328,0.03205527737736702,3.319942913984751,2.9222156522272513,19.70580492461747,18.35751272487858
531,0.0,19.770832061767578,18.505647659301758,0.004465936217457056,-0.00503883883357048,-0.011839129030704498,0.013619818724691868,3.319942913984751,0.014826653299454417,19.754103404487356,18.46634242676852
532,-2.894921064376831,19.770832061767578,18.277812957763672,0.007764965761452913,0.013446161523461342,-0.036991119384765625,0.0401177853345871,3.319942913984751,-2.869141821319761,19.815472550437686,18.155004553081856
533,-5.718560218811035,19.770832061767578,17.599916458129883,0.010610251687467098,0.024745702743530273,-0.0372190997004509,0.045936793088912964,3.319942913984751,-5.683334788905634,19.852986382242534,17.47635117181448
534,-8.401388168334961,19.770832061767578,16.4886531829834,0.004862944129854441,0.021399443969130516,-0.016816120594739914,0.027647176757454872,3.319942913984751,-8.385243471429947,19.841876994136108,16.432824622574177
535,-10.877346992492676,19.770832061767578,14.971384048461914,-0.009016832336783409,0.004626499488949776,0.007492029573768377,0.01260310597717762,3.319942913984751,-10.907282361115769,19.78619177596247,14.99625715895671
536,-13.085469245910645,19.770832061767578,13.085469245910645,-0.021850552409887314,-0.015726080164313316,0.02067919448018074,0.03394680097699165,3.319942913984751,-13.158011832550502,19.71862237336131,13.154122991092033
537,-14.971384048461914,19.770832061767578,10.877346992492676,-0.023871181532740593,-0.02687995880842209,0.019104555249214172,0.040710557252168655,3.319942913984751,-15.05063500843998,19.681592132993355,10.940773025317135
538,-16.4886531829834,19.770832061767578,8.401388168334961,-0.012680184096097946,-0.021301835775375366,0.009462954476475716,0.02653493545949459,3.319942913984751,-16.53075067032126,19.700111183030256,8.432804636994497
539,-17.599916458129883,19.770832061767578,5.718560218811035,0.005675324238836765,-0.0020335048902779818,0.000875900499522686,0.006091932766139507,3.319942913984751,-17.581074705638592,19.764080941616548,5.721468158467781
540,-18.277812957763672,19.770832061767578,2.894921064376831,0.02167605236172676,0.01877695880830288,-0.0018983461195603013,0.028740722686052322,3.319942913984751,-18.205849701322194,19.833170493109385,2.888618663628906
541,-18.505647659301758,19.770832061767578,0.0,0.02789217233657837,0.027649786323308945,1.117071712908313e-11,0.03927446901798248,3.319942913984751,-18.413047239397294,19.86262777394484,3.708614317682762e-11
542,-18.277812957763672,19.770832061767578,-2.894921064376831,0.02167605236172676,0.01877695880830288,0.0018983462359756231,0.028740722686052322,3.319942913984751,-18.205849701322194,19.833170493109385,-2.888618663242414
543,-17.599916458129883,19.770832061767578,-5.718560218811035,0.005675324704498053,-0.0020335044246166945,-0.0008759004413150251,0.006091933697462082,3.319942913984751,-17.58107470409262,19.764080943162515,-5.7214681582745355
544,-16.4886531829834,19.770832061767578,-8.401388168334961,-0.012680183164775372,-0.021301835775375366,-0.009462953545153141,0.02653493359684944,3.319942913984751,-16.530750667229324,19.700111183030256,-8.43280463390256
545,-14.971384048461914,19.770832061767578,-10.877346992492676,-0.023871181532740593,-0.02687995880842209,-0.019104555249214172,0.040710557252168655,3.319942913984751,-15.05063500843998,19.681592132993355,-10.940773025317135
546,-13.085469245910645,19.770832061767578,-13.085469245910645,-0.021850552409887314,-0.015726080164313316,-0.02067919448018074,0.03394680097699165,3.319942913984751,-13.158011832550502,19.71862237336131,-13.154122991092033
547,-10.877346992492676,19.770832061767578,-14.971384048461914,-0.009016832336783409,0.004626499488949776,-0.007492030039429665,0.01260310597717762,3.319942913984751,-10.907282361115769,19.78619177596247,-14.99625716050268
548,-8.401388168334961,19.770832061767578,-16.4886531829834,0.004862943664193153,0.021399443969130516,0.016816120594739914,0.027647176757454872,3.319942913984751,-8.385243472975915,19.841876994136108,-16.432824622574177
549,-5.718560218811035,19.770832061767578,-17.599916458129883,0.010610251687467098,0.024745702743530273,0.0372190997004509,0.045936793088912964,3.319942913984751,-5.683334788905634,19.852986382242534,-17.47635117181448
550,-2.894921064376831,19.770832061767578,-18.277812957763672,0.007764965761452913,0.013446161523461342,0.036991119384765625,0.0401177853345871,3.319942913984751,-2.869141821319761,19.815472550437686,-18.155004553081856
551,-0.0,19.770832061767578,-18.505647659301758,0.004465936217457056,-0.005038838367909193,0.011839129962027073,0.013619818724691868,3.319942913984751,0.014826653299454417,19.754103406033323,-18.466342423676583
552,2.894921064376831,19.770832061767578,-18.277812957763672,0.008221402764320374,-0.019586823880672455,-0.024006366729736328,0.03205527737736702,3.319942913984751,2.9222156522272513,19.70580492461747,-18.35751272487858
553,5.718560218811035,19.770832061767578,-17.599916458129883,0.016467461362481117,-0.02211439423263073,-0.046759288758039474,0.05428309738636017,3.319942913984751,5.773231250472722,19.69741353533789,-17.755154627505103
554,8.401388168334961,19.770832061767578,-16.4886531829834,0.017228063195943832,-0.01199418492615223,-0.04098671302199364,0.04604972526431084,3.319942913984751,8.458584354664016,19.731012052512977,-16.62472673044829
555,10.877346992492676,19.770832061767578,-14.971384048461914,0.0009024993050843477,0.00418485002592206,-0.01174207217991352,0.01249814871698618,3.319942913984751,10.880343238665466,19.784725524957228,-15.010367057791115
556,13.085469245910645,19.770832061767578,-13.085469245910645,-0.027296580374240875,0.017010975629091263,0.019638678058981895,0.037684932351112366,3.319942913984751,12.994846157321168,19.827307529767346,-13.0202699558487
557,14.971384048461914,19.770832061767578,-10.877346992492676,-0.04726412147283554,0.01980467140674591,0.032872140407562256,0.06088267266750336,3.319942913984751,14.814469863292459,19.836582440268202,-10.768213362879077
558,16.4886531829834,19.770832061767578,-8.401388168334961,-0.039190519601106644,0.011916717514395714,0.024373723194003105,0.04766532778739929,3.319942913984751,16.358542895138324,19.810394883637453,-8.320468798729605
559,17.599916458129883,19.770832061767578,-5.718560218811035,-0.002178451046347618,-0.0017570208292454481,0.007614245172590017,0.008112305775284767,3.319942913984751,17.592684125015097,19.764998852915802,-5.693281359504953
560,18.277812957763672,19.770832061767578,-2.894921064376831,0.041082289069890976,-0.013979451730847359,-0.0015308998990803957,0.04342261329293251,3.319942913984751,18.41420381225153,19.72442108005236,-2.900003564648803
561,17.882822036743164,21.291667938232422,0.0,0.07866572588682175,-0.010585302487015724,1.0505701864005346e-10,0.07937471568584442,3.319942913984751,18.143987755974585,21.25652533824827,3.487833045984094e-10
562,17.662654876708984,21.291667938232422,2.797489881515503,0.05637534335255623,-0.007799738552421331,-0.005533845629543066,0.05718075484037399,3.319942913984751,17.84981779839576,21.265773251494377,2.779117829930616
563,17.0075740814209,21.291667938232422,5.526095867156982,0.004104873165488243,-0.0008291671983897686,-0.019508715718984604,0.019953131675720215,3.319942913984751,17.021202025999468,21.28891515046762,5.461328044644796
564,15.933712005615234,21.291667938232422,8.118632316589355,-0.04512154310941696,0.006770320702344179,-0.03791716322302818,0.05932538956403732,3.319942913984751,15.783911058301069,21.314145016473574,7.99274949922866
565,14.467507362365723,21.291667938232422,10.511259078979492,-0.0635698214173317,0.010915134102106094,-0.044733691960573196,0.0784943699836731,3.319942913984751,14.256459184207976,21.3279055603499,10.362745775338611
566,12.645065307617188,21.291667938232422,12.645065307617188,-0.046824414283037186,0.009100912138819695,-0.025981593877077103,0.05431754142045975,3.319942913984751,12.489610925216732,21.321882446998494,12.558807899130956
567,10.511259078979492,21.291667938232422,14.467507362365723,-0.012973709031939507,0.0019672070629894733,0.015000853687524796,0.019930193200707436,3.319942913984751,10.468187105610804,21.298198953381533,14.517309340269342
568,8.118632316589355,21.291667938232422,15.933712005615234,0.0143349040299654,-0.006710088811814785,0.05565529689192772,0.057862136512994766,3.319942913984751,8.16622337964629,21.26939082642943,16.118484414157308
569,5.526095867156982,21.291667938232422,17.0075740814209,0.023723328486084938,-0.01191252563148737,0.06903918087482452,0.07396697252988815,3.319942913984751,5.604855963460492,21.252119033174505,17.236780220753584
570,2.797489881515503,21.291667938232422,17.662654876708984,0.020636949688196182,-0.010288623161613941,0.04408987611532211,0.049755971878767014,3.319942913984751,2.8660033763990898,21.25751029667236,17.809030748496514
571,0.0,21.291667938232422,17.882822036743164,0.017226414754986763,-0.0023678720463067293,-0.005165051203221083,0.018139293417334557,3.319942913984751,0.05719071359918067,21.283806738211062,17.86567436160066
572,-2.797489881515503,21.291667938232422,17.662654876708984,0.018701298162341118,0.007424173876643181,-0.04903519153594971,0.053002893924713135,3.319942913984751,-2.7354026391991226,21.316315771686373,17.499860840033325
573,-5.526095867156982,21.291667938232422,17.0075740814209,0.018871409818530083,0.013198873959481716,-0.06274126470088959,0.06683417409658432,3.319942913984751,-5.463443863853051,21.335487446306782,16.799276664262738
574,-8.118632316589355,21.291667938232422,15.933712005615234,0.00796562060713768,0.01117934100329876,-0.0422937236726284,0.044465579092502594,3.319942913984751,-8.092186910899198,21.328782712179343,15.793299257402262
575,-10.511259078979492,21.291667938232422,14.467507362365723,-0.015485571697354317,0.0022385192569345236,-0.004579253029078245,0.016302866861224174,3.319942913984751,-10.562670293005127,21.2990996943773,14.452304503720491
576,-12.645065307617188,21.291667938232422,12.645065307617188,-0.04002039507031441,-0.00833852868527174,0.026613742113113403,0.048779647797346115,3.319942913984751,-12.777930734645748,21.263984499010697,12.733421412160236
577,-14.467507362365723,21.291667938232422,10.511259078979492,-0.04834344983100891,-0.01396945584565401,0.03689815104007721,0.06239958480000496,3.319942913984751,-14.628004856069758,21.24529014228542,10.633758834064135
578,-15.933712005615234,21.291667938232422,8.118632316589355,-0.030546734109520912,-0.010956707410514355,0.028210584074258804,0.04299987852573395,3.319942913984751,-16.035125419067516,21.25529229510428,8.212289845286062
579,-17.0075740814209,21.291667938232422,5.526095867156982,0.007037634961307049,-0.001029035309329629,0.013172425329685211,0.014969970099627972,3.319942913984751,-16.984209535099897,21.28825159974897,5.569827567290264
580,-17.662654876708984,21.291667938232422,2.797489881515503,0.04432002827525139,0.009578962810337543,0.0031757766846567392,0.04545444995164871,3.319942913984751,-17.51551491288896,21.323469547937925,2.808033278816127
581,-17.882822036743164,21.291667938232422,0.0,0.05979425460100174,0.0140819838270545,7.692582681961824e-11,0.06143008545041084,3.319942913984751,-17.68430852488357,21.338419320653898,2.553893536522097e-10
582,-17.662654876708984,21.291667938232422,-2.797489881515503,0.04432002827525139,0.009578962810337543,-0.0031757764518260956,0.04545444995164871,3.319942913984751,-17.51551491288896,21.323469547937925,-2.8080332780431427
583,-17.0075740814209,21.291667938232422,-5.526095867156982,0.007037635426968336,-0.0010290351929143071,-0.013172425329685211,0.014969970099627972,3.319942913984751,-16.984209533553926,21.288251600135464,-5.569827567290264
584,-15.933712005615234,21.291667938232422,-8.118632316589355,-0.030546734109520912,-0.010956707410514355,-0.028210584074258804,0.04299987852573395,3.319942913984751,-16.035125419067516,21.25529229510428,-8.212289845286062
585,-14.467507362365723,21.291667938232422,-10.511259078979492,-0.04834344983100891,-0.01396945584565401,-0.03689815104007721,0.06239958480000496,3.319942913984751,-14.628004856069758,21.24529014228542,-10.633758834064135
586,-12.645065307617188,21.291667938232422,-12.645065307617188,-0.04002039507031441,-0.00833852868527174,-0.026613742113113403,0.048779647797346115,3.319942913984751,-12.777930734645748,21.263984499010697,-12.733421412160236
587,-10.511259078979492,21.291667938232422,-14.467507362365723,-0.015485571697354317,0.00223851902410388,0.0045792520977556705,0.016302866861224174,3.319942913984751,-10.562670293005127,21.299099693604315,-14.452304506812428
588,-8.118632316589355,21.291667938232422,-15.933712005615234,0.00796562060713768,0.01117934100329876,0.042293719947338104,0.044465579092502594,3.319942913984751,-8.092186910899198,21.328782712179343,-15.793299269770014
589,-5.526095867156982,21.291667938232422,-17.0075740814209,0.018871409818530083,0.013198873959481716,0.06274126470088959,0.06683417409658432,3.319942913984751,-5.463443863853051,21.335487446306782,-16.799276664262738
590,-2.797489881515503,21.291667938232422,-17.662654876708984,0.018701298162341118,0.007424173876643181,0.049035195261240005,0.05300289765000343,3.319942913984751,-2.7354026391991226,21.316315771686373,-17.49986082766557
591,-0.0,21.291667938232422,-17.882822036743164,0.017226414754986763,-0.0023678720463067293,0.005165052134543657,0.018139293417334557,3.319942913984751,0.05719071359918067,21.283806738211062,-17.865674358508723
592,2.797489881515503,21.291667938232422,-17.662654876708984,0.020636949688196182,-0.010288623161613941,-0.04408987611532211,0.049755971878767014,3.319942913984751,2.8660033763990898,21.25751029667236,-17.809030748496514
593,5.526095867156982,21.291667938232422,-17.0075740814209,0.023723328486084938,-0.01191252563148737,-0.06903918087482452,0.07396697252988815,3.319942913984751,5.604855963460492,21.252119033174505,-17.236780220753584
594,8.118632316589355,21.291667938232422,-15.933712005615234,0.0143349040299654,-0.006710088811814785,-0.05565530061721802,0.057862140238285065,3.319942913984751,8.16622337964629,21.26939082642943,-16.118484426525058
595,10.511259078979492,21.291667938232422,-14.467507362365723,-0.012973709031939507,0.0019672070629894733,-0.01500085461884737,0.019930195063352585,3.319942913984751,10.468187105610804,21.298198953381533,-14.51730934336128
596,12.645065307617188,21.291667938232422,-12.645065307617188,-0.046824414283037186,0.009100912138819695,0.025981593877077103,0.05431754142045975,3.319942913984751,12.489610925216732,21.321882446998494,-12.558807899130956
597,14.467507362365723,21.291667938232422,-10.511259078979492,-0.0635698214173317,0.010915134102106094,0.044733691960573196,0.0784943699836731,3.319942913984751,14.256459184207976,21.3279055603499,-10.362745775338611
598,15.933712005615234,21.291667938232422,-8.118632316589355,-0.04512154310941696,0.006770320702344179,0.03791716322302818,0.05932538956403732,3.319942913984751,15.783911058301069,21.314145016473574,-7.99274949922866
599,17.0075740814209,21.291667938232422,-5.526095867156982,0.0041048722341656685,-0.0008291670819744468,0.019508715718984604,0.019953131675720215,3.319942913984751,17.02120202290753,21.288915150854113,-5.461328044644796
600,17.662654876708984,21.291667938232422,-2.797489881515503,0.05637534335255623,-0.007799738552421331,0.005533846095204353,0.05718075484037399,3.319942913984751,17.84981779839576,21.265773251494377,-2.779117828384647
601,18.41583824157715,22.8125,0.0,0.04403173178434372,0.0015455872053280473,5.2708705455817295e-11,0.04405885189771652,3.319942913984751,18.562021077505058,22.817631261290273,1.7498989318335003e-10
602,18.189109802246094,22.8125,2.8808720111846924,0.03216319531202316,0.0003814254014287144,-0.002001600107178092,0.03222767636179924,3.319942913984751,18.295889774613354,22.813766310558687,2.8742268130922355
603,17.514503479003906,22.8125,5.690806865692139,0.003791507799178362,-0.0018419609405100346,-0.009227041155099869,0.010144291445612907,3.319942913984751,17.527091068455107,22.806384794827718,5.660173615792219
604,16.408632278442383,22.8125,8.360615730285645,-0.024211570620536804,-0.0025631096214056015,-0.020292695611715317,0.031694844365119934,3.319942913984751,16.32825124612429,22.80399062237465,8.293245139283881
605,14.898726463317871,22.8125,10.82455825805664,-0.036499496549367905,-0.0004930674913339317,-0.026584140956401825,0.04515720158815384,3.319942913984751,14.777550218384786,22.81086304407603,10.736300427664062
606,13.021964073181152,22.8125,13.021964073181152,-0.02894950844347477,0.0029236532282084227,-0.018882576376199722,0.03468678891658783,3.319942913984751,12.925853357760897,22.82220636181794,12.959274997543211
607,10.82455825805664,22.8125,14.898726463317871,-0.010037354193627834,0.004581350367516279,0.0036942532751709223,0.011635495349764824,3.319942913984751,10.791234815126352,22.827709821689115,14.91099117330124
608,8.360615730285645,22.8125,16.408632278442383,0.006793741602450609,0.00245455140247941,0.03016848675906658,0.0310212392359972,3.319942913984751,8.383170564578144,22.82064897053567,16.50878993228379
609,5.690806865692139,22.8125,17.514503479003906,0.013449445366859436,-0.0023733065463602543,0.04373336583375931,0.04581623524427414,3.319942913984751,5.735458256534868,22.804620757748697,17.659695757008397
610,2.8808720111846924,22.8125,18.189109802246094,0.011864062398672104,-0.00623106025159359,0.03369911015033722,0.03626585379242897,3.319942913984751,2.9202600210762366,22.79181323567111,18.3009889241973
611,0.0,22.8125,18.41583824157715,0.009727893397212029,-0.005675528198480606,0.004218298941850662,0.012026536278426647,3.319942913984751,0.032296050752073126,22.793657570374332,18.429842753258214
612,-2.8808720111846924,22.8125,18.189109802246094,0.01172623224556446,-0.0004275619285181165,-0.02746688760817051,0.02986833266913891,3.319942913984751,-2.8419415895332913,22.811080518805127,18.09792130336213
613,-5.690806865692139,22.8125,17.514503479003906,0.014481551013886929,0.005990096367895603,-0.042492419481277466,0.045290201902389526,3.319942913984751,-5.642728943020076,22.83238677799068,17.373431072048973
614,-8.360615730285645,22.8125,16.408632278442383,0.009909743443131447,0.008665218017995358,-0.03317517414689064,0.03569147363305092,3.319942913984751,-8.327715947762213,22.841268029156975,16.298492594113203
615,-10.82455825805664,22.8125,14.898726463317871,-0.005882437340915203,0.005105267278850079,-0.007661536801606417,0.010925473645329475,3.319942913984751,-10.844087614223572,22.829449195926415,14.873290598503145
616,-13.021964073181152,22.8125,13.021964073181152,-0.02628313936293125,-0.002520650392398238,0.016851942986249924,0.03132323548197746,3.319942913984751,-13.10922259546639,22.804131584591126,13.077911561885228
617,-14.898726463317871,22.8125,10.82455825805664,-0.036953993141651154,-0.008690866641700268,0.026843871921300888,0.04649432376027107,3.319942913984751,-15.021411610991937,22.783646818876502,10.913678380425678
618,-16.408632278442383,22.8125,8.360615730285645,-0.0266603734344244,-0.008646185509860516,0.02117820270359516,0.03512902185320854,3.319942913984751,-16.497143196310187,22.783795157683542,8.430926154282378
619,-17.514503479003906,22.8125,5.690806865692139,0.002322440268471837,-0.0021918299607932568,0.009347471408545971,0.009877908043563366,3.319942913984751,-17.50679310989144,22.805223249653004,5.721839937158616
620,-18.189109802246094,22.8125,2.8808720111846924,0.033463820815086365,0.005923271179199219,0.0015933396061882377,0.03402133285999298,3.319942913984751,-18.07801182745619,22.832164922178993,2.8861618077198283
621,-18.41583824157715,22.8125,0.0,0.04680157080292702,0.009553215466439724,5.129304619932995e-11,0.047766633331775665,3.319942913984751,-18.260459698226615,22.844216129993576,1.7028998526615795e-10
622,-18.189109802246094,22.8125,-2.8808720111846924,0.033463820815086365,0.005923271179199219,-0.0015933394897729158,0.03402133285999298,3.319942913984751,-18.07801182745619,22.832164922178993,-2.886161807333336
623,-17.514503479003906,22.8125,-5.690806865692139,0.0023224407341331244,-0.0021918299607932568,-0.009347471408545971,0.009877908043563366,3.319942913984751,-17.506793108345473,22.805223249653004,-5.721839937158616
624,-16.408632278442383,22.8125,-8.360615730285645,-0.0266603734344244,-0.008646185509860516,-0.02117820270359516,0.03512902185320854,3.319942913984751,-16.497143196310187,22.783795157683542,-8.430926154282378
625,-14.898726463317871,22.8125,-10.82455825805664,-0.036953989416360855,-0.008690866641700268,-0.026843871921300888,0.046494320034980774,3.319942913984751,-15.021411598624185,22.783646818876502,-10.913678380425678
626,-13.021964073181152,22.8125,-13.021964073181152,-0.02628313936293125,-0.002520650625228882,-0.016851944848895073,0.03132323548197746,3.319942913984751,-13.10922259546639,22.80413158381814,-13.077911568069103
627,-10.82455825805664,22.8125,-14.898726463317871,-0.00588243780657649,0.005105266813188791,0.007661536335945129,0.0109254727140069,3.319942913984751,-10.84408761576954,22.829449194380448,-14.873290600049113
628,-8.360615730285645,22.8125,-16.408632278442383,0.009909743443131447,0.008665218017995358,0.03317517414689064,0.03569147363305092,3.319942913984751,-8.327715947762213,22.841268029156975,-16.298492594113203
629,-5.690806865692139,22.8125,-17.514503479003906,0.014481551013886929,0.005990096367895603,0.042492419481277466,0.045290201902389526,3.319942913984751,-5.642728943020076,22.83238677799068,-17.373431072048973
630,-2.8808720111846924,22.8125,-18.189109802246094,0.01172623224556446,-0.00042756187031045556,0.02746688947081566,0.029868334531784058,3.319942913984751,-2.8419415895332913,22.811080518998374,-18.097921297178257
631,-0.0,22.8125,-18.41583824157715,0.009727893397212029,-0.005675528198480606,-0.004218298476189375,0.012026536278426647,3.319942913984751,0.032296050752073126,22.793657570374332,-18.429842751712247
632,2.8808720111846924,22.8125,-18.189109802246094,0.011864062398672104,-0.00623106025159359,-0.03369911015033722,0.03626585379242897,3.319942913984751,2.9202600210762366,22.79181323567111,-18.3009889241973
633,5.690806865692139,22.8125,-17.514503479003906,0.013449445366859436,-0.0023733065463602543,-0.04373336583375931,0.04581623524427414,3.319942913984751,5.735458256534868,22.804620757748697,-17.659695757008397
634,8.360615730285645,22.8125,-16.408632278442383,0.0067937420681118965,0.00245455140247941,-0.03016848862171173,0.03102124109864235,3.319942913984751,8.383170566124113,22.82064897053567,-16.508789938467665
635,10.82455825805664,22.8125,-14.898726463317871,-0.010037354193627834,0.004581350367516279,-0.003694253508001566,0.011635495349764824,3.319942913984751,10.791234815126352,22.827709821689115,-14.910991174074224
636,13.021964073181152,22.8125,-13.021964073181152,-0.02894950844347477,0.0029236532282084227,0.018882576376199722,0.03468678891658783,3.319942913984751,12.925853357760897,22.82220636181794,-12.959274997543211
637,14.898726463317871,22.8125,-10.82455825805664,-0.036499496549367905,-0.0004930674331262708,0.026584140956401825,0.04515720158815384,3.319942913984751,14.777550218384786,22.810863044269276,-10.736300427664062
638,16.408632278442383,22.8125,-8.360615730285645,-0.024211570620536804,-0.0025631096214056015,0.020292695611715317,0.031694844365119934,3.319942913984751,16.32825124612429,22.80399062237465,-8.293245139283881
639,17.514503479003906,22.8125,-5.690806865692139,0.0037915073335170746,-0.0018419609405100346,0.009227041155099869,0.010144290514290333,3.319942913984751,17.527091066909136,22.806384794827718,-5.660173615792219
640,18.189109802246094,22.8125,-2.8808720111846924,0.03216319531202316,0.00038142537232488394,0.0020016003400087357,0.03222767636179924,3.319942913984751,18.295889774613354,22.813766310462064,-2.8742268123192507
641,18.948854446411133,24.333332061767578,0.0,-0.008194494061172009,0.019122952595353127,1.4177295622197494e-11,0.020804736763238907,3.319942913984751,18.921649193919055,24.396819172730986,4.7067812140381606e-11
642,18.71556282043457,24.333332061767578,2.9642539024353027,-0.004289695993065834,0.01250472478568554,-0.0022140343207865953,0.013404162600636482,3.319942913984751,18.701321274619243,24.374847034211143,2.9569034348806884
643,18.02143096923828,24.333332061767578,5.855517864227295,0.003694659098982811,-0.0026284377090632915,-0.0015062046004459262,0.004777849186211824,3.319942913984751,18.033697026533538,24.324605798620524,5.850517350937033
644,16.88355255126953,24.333332061767578,8.60260009765625,0.008210510015487671,-0.015590094029903412,0.0012530910316854715,0.017664477229118347,3.319942913984751,16.91081097581565,24.281573839564643,8.606760288347472
645,15.329944610595703,24.333332061767578,11.137857437133789,0.0051304190419614315,-0.017517805099487305,0.0022129619028419256,0.01838727481663227,3.319942913984751,15.346977308939836,24.27517394885897,11.145204344322048
646,13.398862838745117,24.333332061767578,13.398862838745117,-0.002610580762848258,-0.007619060575962067,-0.0007902726647444069,0.008092573843896389,3.319942913984751,13.390195859640114,24.308037215597192,13.396239178611683
647,11.137857437133789,24.333332061767578,15.329944610595703,-0.008256510831415653,0.006648920010775328,-0.0050578247755765915,0.011745624244213104,3.319942913984751,11.110446292504792,24.355406096643,15.31315292107185
648,8.60260009765625,24.333332061767578,16.88355255126953,-0.007663714233785868,0.015308132395148277,-0.005289700347930193,0.0179179348051548,3.319942913984751,8.577157003890989,24.38415418743919,16.865991048082318
649,5.855517864227295,24.333332061767578,18.02143096923828,-0.0024685575626790524,0.013022399507462978,0.0007076355977915227,0.01327318325638771,3.319942913984751,5.847322394039315,24.376565684735457,18.02378027902685
650,2.9642539024353027,24.333332061767578,18.71556282043457,0.0025667750742286444,0.0024533099494874477,0.008866599760949612,0.00955110788345337,3.319942913984751,2.972775449154781,24.34147691075019,18.744999425482074
651,0.0,24.333332061767578,18.948854446411133,0.004538906272500753,-0.008326573297381401,0.011960435658693314,0.015263862907886505,3.319942913984751,0.015068909716629816,24.305688313751162,18.988562410024382
652,-2.9642539024353027,24.333332061767578,18.71556282043457,0.00435097748413682,-0.012041617184877396,0.006327759474515915,0.014281880110502243,3.319942913984751,-2.9498089055679353,24.293354580121726,18.73657062066339
653,-5.855517864227295,24.333332061767578,18.02143096923828,0.004133916925638914,-0.007242188788950443,-0.004314140882343054,0.009388843551278114,3.319942913984751,-5.841793496023018,24.309288408415963,18.007108267786016
654,-8.60260009765625,24.333332061767578,16.88355255126953,0.0038004748057574034,0.0014213330578058958,-0.01186472736299038,0.012539359740912914,3.319942913984751,-8.589982738255099,24.338050806381254,16.84416233373441
655,-11.137857437133789,24.333332061767578,15.329944610595703,0.0011463164119049907,0.007413223385810852,-0.010885557159781456,0.013219881802797318,3.319942913984751,-11.1340517320849,24.357943540217086,15.29380518223831
656,-13.398862838745117,24.333332061767578,13.398862838745117,-0.004508880898356438,0.0073501113802194595,-0.002984466729685664,0.009124756790697575,3.319942913984751,-13.413832065933617,24.357734011961337,13.388954579573873
657,-15.329944610595703,24.333332061767578,11.137857437133789,-0.009706973098218441,0.0028913726564496756,0.005370300728827715,0.011464095674455166,3.319942913984751,-15.362171207149373,24.342931253930047,11.155686528984427
658,-16.88355255126953,24.333332061767578,8.60260009765625,-0.009143877774477005,-0.0015984761994332075,0.008911452256143093,0.01286777388304472,3.319942913984751,-16.91390970349325,24.328025212036096,8.632185610427346
659,-18.02143096923828,24.333332061767578,5.855517864227295,-0.001220746780745685,-0.0031330662313848734,0.0073264422826468945,0.008061208762228489,3.319942913984751,-18.02548377886279,24.322930460733648,5.879841234368286
660,-18.71556282043457,24.333332061767578,2.9642539024353027,0.009081559255719185,-0.0022305871825665236,0.0036191523540765047,0.0100273871794343,3.319942913984751,-18.685412562135614,24.325926639656792,2.97626928164785
661,-18.948854446411133,24.333332061767578,0.0,0.013798754662275314,-0.0014630950754508376,3.6942920944582625e-11,0.013876104727387428,3.319942913984751,-18.903043368648298,24.32847466963935,1.2264838861186592e-10
662,-18.71556282043457,24.333332061767578,-2.9642539024353027,0.009081559255719185,-0.0022305871825665236,-0.0036191523540765047,0.0100273871794343,3.319942913984751,-18.685412562135614,24.325926639656792,-2.97626928164785
663,-18.02143096923828,24.333332061767578,-5.855517864227295,-0.0012207466643303633,-0.0031330662313848734,-0.0073264422826468945,0.008061208762228489,3.319942913984751,-18.025483778476296,24.322930460733648,-5.879841234368286
664,-16.88355255126953,24.333332061767578,-8.60260009765625,-0.009143877774477005,-0.0015984763158485293,-0.008911452256143093,0.01286777388304472,3.319942913984751,-16.91390970349325,24.328025211649603,-8.632185610427346
665,-15.329944610595703,24.333332061767578,-11.137857437133789,-0.009706973098218441,0.0028913726564496756,-0.005370300728827715,0.011464095674455166,3.319942913984751,-15.362171207149373,24.342931253930047,-11.155686528984427
666,-13.398862838745117,24.333332061767578,-13.398862838745117,-0.004508880898356438,0.0073501113802194595,0.0029844664968550205,0.009124756790697575,3.319942913984751,-13.413832065933617,24.357734011961337,-13.388954580346859
667,-11.137857437133789,24.333332061767578,-15.329944610595703,0.0011463162954896688,0.007413223385810852,0.010885557159781456,0.013219881802797318,3.319942913984751,-11.134051732471393,24.357943540217086,-15.29380518223831
668,-8.60260009765625,24.333332061767578,-16.88355255126953,0.0038004748057574034,0.0014213331742212176,0.011864728294312954,0.012539360672235489,3.319942913984751,-8.589982738255099,24.338050806767747,-16.844162330642472
669,-5.855517864227295,24.333332061767578,-18.02143096923828,0.004133916925638914,-0.007242188788950443,0.004314141348004341,0.009388843551278114,3.319942913984751,-5.841793496023018,24.309288408415963,-18.007108266240046
670,-2.9642539024353027,24.333332061767578,-18.71556282043457,0.00435097748413682,-0.012041617184877396,-0.006327759474515915,0.014281880110502243,3.319942913984751,-2.9498089055679353,24.293354580121726,-18.73657062066339
671,-0.0,24.333332061767578,-18.948854446411133,0.004538906272500753,-0.008326574228703976,-0.011960435658693314,0.01526386383920908,3.319942913984751,0.015068909716629816,24.305688310659225,-18.988562410024382
672,2.9642539024353027,24.333332061767578,-18.71556282043457,0.0025667750742286444,0.002453309716656804,-0.008866599760949612,0.00955110788345337,3.319942913984751,2.972775449154781,24.341476909977203,-18.744999425482074
673,5.855517864227295,24.333332061767578,-18.02143096923828,-0.0024685575626790524,0.013022399507462978,-0.0007076356559991837,0.01327318325638771,3.319942913984751,5.847322394039315,24.376565684735457,-18.023780279220098
674,8.60260009765625,24.333332061767578,-16.88355255126953,-0.007663714233785868,0.015308132395148277,0.005289700347930193,0.0179179348051548,3.319942913984751,8.577157003890989,24.38415418743919,-16.865991048082318
675,11.137857437133789,24.333332061767578,-15.329944610595703,-0.008256510831415653,0.006648920010775328,0.0050578247755765915,0.011745624244213104,3.319942913984751,11.110446292504792,24.355406096643,-15.31315292107185
676,13.398862838745117,24.333332061767578,-13.398862838745117,-0.002610580762848258,-0.007619060575962067,0.0007902726647444069,0.008092573843896389,3.319942913984751,13.390195859640114,24.308037215597192,-13.396239178611683
677,15.329944610595703,24.333332061767578,-11.137857437133789,0.0051304190419614315,-0.017517805099487305,-0.0022129619028419256,0.01838727481663227,3.319942913984751,15.346977308939836,24.27517394885897,-11.145204344322048
678,16.88355255126953,24.333332061767578,-8.60260009765625,0.008210510015487671,-0.015590094029903412,-0.0012530910316854715,0.017664477229118347,3.319942913984751,16.91081097581565,24.281573839564643,-8.606760288347472
679,18.02143096923828,24.333332061767578,-5.855517864227295,0.003694659098982811,-0.002628437941893935,0.0015062044840306044,0.004777849186211824,3.319942913984751,18.033697026533538,24.32460579784754,-5.850517351323526
680,18.71556282043457,24.333332061767578,-2.9642539024353027,-0.004289695993065834,0.01250472478568554,0.0022140343207865953,0.013404162600636482,3.319942913984751,18.701321274619243,24.374847034211143,-2.9569034348806884
681,20.303239822387695,25.854167938232422,0.0,-0.024088207632303238,0.031919825822114944,-6.038826556864496e-12,0.039988961070775986,3.319942913984751,20.22326834814824,25.96013993778618,-2.0048559436245216e-11
682,20.053272247314453,25.854167938232422,3.176126003265381,-0.015611105598509312,0.02137981355190277,-0.0012542884796857834,0.02650238387286663,3.319942913984751,20.001444267903214,25.925147698736378,3.1719618371151554
683,19.309528350830078,25.854167938232422,6.274045944213867,0.00298741040751338,-0.003085656091570854,0.0024280401412397623,0.00493368785828352,3.319942913984751,19.319446382843665,25.843923736156217,6.2821068988756466
684,18.09031867980957,25.854167938232422,9.217477798461914,0.017260605469346046,-0.02502550557255745,0.009248889051377773,0.03177650645375252,3.319942913984751,18.147622904628612,25.771084688337925,9.248183582130267
685,16.42566680908203,25.854167938232422,11.933944702148438,0.01757020875811577,-0.03010343201458454,0.01168228778988123,0.036761458963155746,3.319942913984751,16.48399889914577,25.75422626242898,11.972729230715585
686,14.356557846069336,25.854167938232422,14.356557846069336,0.0063815247267484665,-0.015740513801574707,0.004523796495050192,0.017577040940523148,3.319942913984751,14.377744143866323,25.801910330974405,14.371576592187386
687,11.933944702148438,25.854167938232422,16.42566680908203,-0.0056180162355303764,0.007685904856771231,-0.008520732633769512,0.012776467017829418,3.319942913984751,11.915293208956637,25.87968470359922,16.397378463152588
688,9.217477798461914,25.854167938232422,18.09031867980957,-0.009816715493798256,0.02452562190592289,-0.0170312337577343,0.03143146634101868,3.319942913984751,9.184886863419674,25.93559160289006,18.033775955979163
689,6.274045944213867,25.854167938232422,19.309528350830078,-0.006273066159337759,0.024615488946437836,-0.013235067017376423,0.028643334284424782,3.319942913984751,6.2532197226692166,25.935889956334417,19.265588683869627
690,3.176126003265381,25.854167938232422,20.053272247314453,-0.0012556839501485229,0.009532050229609013,0.000508724304381758,0.009627851657569408,3.319942913984751,3.1719572042328807,25.88581380084796,20.054961182963957
691,0.0,25.854167938232422,20.303239822387695,0.0003192743461113423,-0.00957576185464859,0.013479727320373058,0.01653784140944481,3.319942913984751,0.0010599726029894658,25.822376955517075,20.347991747587415
692,-3.176126003265381,25.854167938232422,20.053272247314453,-0.0007153606857173145,-0.020331591367721558,0.01599118858575821,0.025876697152853012,3.319942913984751,-3.1785009599048712,25.78666821554112,20.106362080545935
693,-6.274045944213867,25.854167938232422,19.309528350830078,-0.0003971843980252743,-0.017320286482572556,0.007490888237953186,0.018874943256378174,3.319942913984751,-6.275364573741636,25.79666557585642,19.334397672155124
694,-9.217477798461914,25.854167938232422,18.09031867980957,0.002705225022509694,-0.004548782482743263,-0.003963319584727287,0.006611926481127739,3.319942913984751,-9.208496605817698,25.83906624006158,18.077160685038397
695,-11.933944702148438,25.854167938232422,16.42566680908203,0.005567487329244614,0.008715062402188778,-0.00959980208426714,0.014110472053289413,3.319942913984751,-11.915460962041012,25.883101447899502,16.39379601417671
696,-14.356557846069336,25.854167938232422,14.356557846069336,0.00448526069521904,0.014822356402873993,-0.0071820723824203014,0.017070500180125237,3.319942913984751,-14.34166703660687,25.9033773153407,14.332713775755595
697,-16.42566680908203,25.854167938232422,11.933944702148438,-0.0001729019859340042,0.012106306850910187,-0.0011945432052016258,0.012166325934231281,3.319942913984751,-16.426240833805046,25.894360185876625,11.92997888689888
698,-18.09031867980957,25.854167938232422,9.217477798461914,-0.003985470160841942,0.004230249207466841,0.0028148528654128313,0.006457738112658262,3.319942913984751,-18.103550213228957,25.868212124113143,9.226822949286351
699,-19.309528350830078,25.854167938232422,6.274045944213867,-0.0033715052995830774,-0.0037706114817410707,0.003139742650091648,0.005953364074230194,3.319942913984751,-19.32072155595889,25.841649723362227,6.284469710576775
700,-20.053272247314453,25.854167938232422,3.176126003265381,0.00032579779508523643,-0.00888644065707922,0.00160150823649019,0.009035474620759487,3.319942913984751,-20.05219061723327,25.824665462542406,3.1814429191868046
701,-20.303239822387695,25.854167938232422,0.0,0.0024129003286361694,-0.010539333336055279,1.2886638804665562e-11,0.010812013410031796,3.319942913984751,-20.295229131039488,25.819177953205262,4.2782905184630354e-11
702,-20.053272247314453,25.854167938232422,-3.176126003265381,0.0003257978241890669,-0.00888644065707922,-0.00160150823649019,0.009035474620759487,3.319942913984751,-20.052190617136645,25.824665462542406,-3.1814429191868046
703,-19.309528350830078,25.854167938232422,-6.274045944213867,-0.0033715052995830774,-0.0037706117145717144,-0.003139742650091648,0.005953364074230194,3.319942913984751,-19.32072155595889,25.841649722589242,-6.284469710576775
704,-18.09031867980957,25.854167938232422,-9.217477798461914,-0.003985470160841942,0.004230249207466841,-0.0028148528654128313,0.006457738112658262,3.319942913984751,-18.103550213228957,25.868212124113143,-9.226822949286351
705,-16.42566680908203,25.854167938232422,-11.933944702148438,-0.00017290202958974987,0.012106305919587612,0.001194543088786304,0.012166325002908707,3.319942913984751,-16.426240833949983,25.894360182784688,-11.929978887285372
706,-14.356557846069336,25.854167938232422,-14.356557846069336,0.00448526069521904,0.014822356402873993,0.0071820723824203014,0.017070500180125237,3.319942913984751,-14.34166703660687,25.9033773153407,-14.332713775755595
707,-11.933944702148438,25.854167938232422,-16.42566680908203,0.005567487329244614,0.008715063333511353,0.00959980208426714,0.014110472984611988,3.319942913984751,-11.915460962041012,25.88310145099144,-16.39379601417671
708,-9.217477798461914,25.854167938232422,-18.09031867980957,0.002705225022509694,-0.004548782482743263,0.003963320050388575,0.006611926481127739,3.319942913984751,-9.208496605817698,25.83906624006158,-18.07716068349243
709,-6.274045944213867,25.854167938232422,-19.309528350830078,-0.0003971843689214438,-0.017320286482572556,-0.007490888237953186,0.018874943256378174,3.319942913984751,-6.275364573645014,25.79666557585642,-19.334397672155124
710,-3.176126003265381,25.854167938232422,-20.053272247314453,-0.0007153606857173145,-0.020331591367721558,-0.01599118858575821,0.025876697152853012,3.319942913984751,-3.1785009599048712,25.78666821554112,-20.106362080545935
711,-0.0,25.854167938232422,-20.303239822387695,0.00031927437521517277,-0.009575762785971165,-0.013479727320373058,0.01653784140944481,3.319942913984751,0.0010599726996125215,25.822376952425138,-20.347991747587415
712,3.176126003265381,25.854167938232422,-20.053272247314453,-0.0012556839501485229,0.009532050229609013,-0.0005087245372124016,0.009627851657569408,3.319942913984751,3.1719572042328807,25.88581380084796,-20.054961183736943
713,6.274045944213867,25.854167938232422,-19.309528350830078,-0.006273066159337759,0.024615488946437836,0.013235067017376423,0.028643334284424782,3.319942913984751,6.2532197226692166,25.935889956334417,-19.265588683869627
714,9.217477798461914,25.854167938232422,-18.09031867980957,-0.009816715493798256,0.02452562190592289,0.0170312337577343,0.03143146634101868,3.319942913984751,9.184886863419674,25.93559160289006,-18.033775955979163
715,11.933944702148438,25.854167938232422,-16.42566680908203,-0.005618016701191664,0.007685905322432518,0.008520732633769512,0.012776467949151993,3.319942913984751,11.915293207410668,25.879684705145188,-16.397378463152588
716,14.356557846069336,25.854167938232422,-14.356557846069336,0.0063815247267484665,-0.015740513801574707,-0.004523796495050192,0.017577040940523148,3.319942913984751,14.377744143866323,25.801910330974405,-14.371576592187386
717,16.42566680908203,25.854167938232422,-11.933944702148438,0.01757020875811577,-0.03010343201458454,-0.01168228778988123,0.036761458963155746,3.319942913984751,16.48399889914577,25.75422626242898,-11.972729230715585
718,18.09031867980957,25.854167938232422,-9.217477798461914,0.017260605469346046,-0.02502550557255745,-0.009248889051377773,0.03177650645375252,3.319942913984751,18.147622904628612,25.771084688337925,-9.248183582130267
719,19.309528350830078,25.854167938232422,-6.274045944213867,0.0029874106403440237,-0.003085656324401498,-0.0024280401412397623,0.00493368785828352,3.319942913984751,19.31944638361665,25.843923735383232,-6.2821068988756466
720,20.053272247314453,25.854167938232422,-3.176126003265381,-0.015611105598509312,0.02137981355190277,0.0012542884796857834,0.02650238387286663,3.319942913984751,20.001444267903214,25.925147698736378,-3.1719618371151554
721,21.657623291015625,27.375,0.0,-0.01944390870630741,0.026438595727086067,-1.7474348357193747e-11,0.032818667590618134,3.319942913984751,21.593070624085954,27.462774628539847,-5.801383900496646e-11
722,21.39098358154297,27.375,3.3879990577697754,-0.013006574474275112,0.01784457638859749,0.000830543867778033,0.022097278386354446,3.319942913984751,21.347802496781885,27.434242974934385,3.3907564159983585
723,20.597623825073242,27.375,6.6925740242004395,0.0013124315300956368,-0.00221966952085495,0.004410420078784227,0.005108934827148914,3.319942913984751,20.601981022831673,27.36763082390285,6.707216367088695
724,19.29708480834961,27.375,9.832356452941895,0.012873190455138683,-0.020525436848402023,0.009062736295163631,0.025867851451039314,3.319942913984751,19.339823065781523,27.306856721378708,9.862444220086335
725,17.521385192871094,27.375,12.730031967163086,0.014326692558825016,-0.02532484568655491,0.00958023127168417,0.03063303418457508,3.319942913984751,17.568948994312603,27.290922958015166,12.761837788087849
726,15.314252853393555,27.375,15.314252853393555,0.0069590359926223755,-0.01410201657563448,0.0028575363103300333,0.015983134508132935,3.319942913984751,15.337356455625427,27.328182109996828,15.323739710818488
727,12.730031967163086,27.375,17.521385192871094,-0.0018964210757985711,0.005180990323424339,-0.00773613853380084,0.009501942433416843,3.319942913984751,12.723735957450558,27.392200592111678,17.495701654564197
728,9.832356452941895,27.375,19.29708480834961,-0.006048985291272402,0.01988999731838703,-0.014284077100455761,0.025223741307854652,3.319942913984751,9.812274167087336,27.441033655656355,19.24966248779714
729,6.6925740242004395,27.375,20.597623825073242,-0.005109733436256647,0.021250775083899498,-0.011194976978003979,0.024556715041399002,3.319942913984751,6.675610000886389,27.445551360156475,20.560457140582894
730,3.3879990577697754,27.375,21.39098358154297,-0.0028694546781480312,0.00969436764717102,-0.00047361679025925696,0.010121207684278488,3.319942913984751,3.3784726320440575,27.407184747175787,21.389411200836204
731,0.0,27.375,21.657623291015625,-0.002206223551183939,-0.006297573912888765,0.00979568064212799,0.01185251958668232,3.319942913984751,-0.007324536245419392,27.35409241411261,21.690144391551115
732,-3.3879990577697754,27.375,21.39098358154297,-0.002291229087859392,-0.0164714977145195,0.01238567940890789,0.020735599100589752,3.319942913984751,-3.39560580754433,27.320315567879966,21.432103330131458
733,-6.6925740242004395,27.375,20.597623825073242,-0.0006225176039151847,-0.015486161224544048,0.006761289667338133,0.0169092807918787,3.319942913984751,-6.694640747108388,27.32358682877775,20.62007092079372
734,-9.832356452941895,27.375,19.29708480834961,0.00309582008048892,-0.005535074509680271,-0.0013854202115908265,0.006491574924439192,3.319942913984751,-9.822078507002704,27.356623868603208,19.292485292335247
735,-12.730031967163086,27.375,17.521385192871094,0.005989439785480499,0.006232419051229954,-0.005840086843818426,0.010431828908622265,3.319942913984751,-12.710147368988542,27.395691275466113,17.501996437936903
736,-15.314252853393555,27.375,15.314252853393555,0.005101601593196392,0.012940174899995327,-0.00498378649353981,0.014775404706597328,3.319942913984751,-15.297315827334248,27.417960641964964,15.297706966739515
737,-17.521385192871094,27.375,12.730031967163086,0.0009079423034563661,0.011949175037443638,-0.0018050427315756679,0.012118800543248653,3.319942913984751,-17.518370876254426,27.414670578993526,12.724039328336952
738,-19.29708480834961,27.375,9.832356452941895,-0.002909023081883788,0.005264738574624062,0.00016726092144381255,0.00601729704067111,3.319942913984751,-19.306742598916927,27.392478631524806,9.832911749652828
739,-20.597623825073242,27.375,6.6925740242004395,-0.003326034639030695,-0.002926064655184746,0.00019504658121149987,0.004434230737388134,3.319942913984751,-20.60866607020476,27.365285632382157,6.6932215677156295
740,-21.39098358154297,27.375,3.3879990577697754,-0.0011380721116438508,-0.009039709344506264,-0.00020229385700076818,0.0091133126989007,3.319942913984751,-21.394761915985626,27.344988681017224,3.387327453712683
741,-21.657623291015625,27.375,0.0,0.00022540190548170358,-0.011236447840929031,-8.903809764135295e-13,0.011238708160817623,3.319942913984751,-21.65687496955672,27.33769563461215,-2.956014013390921e-12
742,-21.39098358154297,27.375,-3.3879990577697754,-0.001138071995228529,-0.009039709344506264,0.00020229385700076818,0.0091133126989007,3.319942913984751,-21.394761915599133,27.344988681017224,-3.387327453712683
743,-20.597623825073242,27.375,-6.6925740242004395,-0.003326034639030695,-0.0029260648880153894,-0.00019504658121149987,0.004434230737388134,3.319942913984751,-20.60866607020476,27.365285631609172,-6.6932215677156295
744,-19.29708480834961,27.375,-9.832356452941895,-0.002909023081883788,0.005264738108962774,-0.00016726093599572778,0.006017296575009823,3.319942913984751,-19.306742598916927,27.392478629978836,-9.83291174970114
745,-17.521385192871094,27.375,-12.730031967163086,0.0009079422452487051,0.011949174106121063,0.0018050427315756679,0.012118799611926079,3.319942913984751,-17.518370876447673,27.414670575901585,-12.724039328336952
746,-15.314252853393555,27.375,-15.314252853393555,0.005101601593196392,0.012940174899995327,0.00498378649353981,0.014775404706597328,3.319942913984751,-15.297315827334248,27.417960641964964,-15.297706966739515
747,-12.730031967163086,27.375,-17.521385192871094,0.005989439785480499,0.006232419051229954,0.005840086843818426,0.010431828908622265,3.319942913984751,-12.710147368988542,27.395691275466113,-17.501996437936903
748,-9.832356452941895,27.375,-19.29708480834961,0.003095820313319564,-0.005535074509680271,0.0013854203280061483,0.006491574924439192,3.319942913984751,-9.822078506229719,27.356623868603208,-19.292485291948754
749,-6.6925740242004395,27.375,-20.597623825073242,-0.0006225175457075238,-0.015486161224544048,-0.006761289667338133,0.0169092807918787,3.319942913984751,-6.694640746915142,27.32358682877775,-20.62007092079372
750,-3.3879990577697754,27.375,-21.39098358154297,-0.002291229087859392,-0.0164714977145195,-0.01238567940890789,0.020735599100589752,3.319942913984751,-3.39560580754433,27.320315567879966,-21.432103330131458
751,-0.0,27.375,-21.657623291015625,-0.002206223551183939,-0.006297573912888765,-0.009795681573450565,0.011852520518004894,3.319942913984751,-0.007324536245419392,27.35409241411261,-21.690144394643053
752,3.3879990577697754,27.375,-21.39098358154297,-0.0028694546781480312,0.009694366715848446,0.0004736166447401047,0.010121206752955914,3.319942913984751,3.3784726320440575,27.40718474408385,-21.38941120131932
753,6.6925740242004395,27.375,-20.597623825073242,-0.005109733436256647,0.021250775083899498,0.011194976978003979,0.024556715041399002,3.319942913984751,6.675610000886389,27.445551360156475,-20.560457140582894
754,9.832356452941895,27.375,-19.29708480834961,-0.006048985291272402,0.01988999731838703,0.014284077100455761,0.025223741307854652,3.319942913984751,9.812274167087336,27.441033655656355,-19.24966248779714
755,12.730031967163086,27.375,-17.521385192871094,-0.001896421192213893,0.005180990789085627,0.00773613853380084,0.009501943364739418,3.319942913984751,12.723735957064065,27.392200593657645,-17.495701654564197
756,15.314252853393555,27.375,-15.314252853393555,0.006959035526961088,-0.01410201657563448,-0.0028575360774993896,0.015983134508132935,3.319942913984751,15.337356454079456,27.328182109996828,-15.323739710045505
757,17.521385192871094,27.375,-12.730031967163086,0.014326692558825016,-0.02532484382390976,-0.009580230340361595,0.03063303232192993,3.319942913984751,17.568948994312603,27.29092296419904,-12.761837784995912
758,19.29708480834961,27.375,-9.832356452941895,0.012873190455138683,-0.020525436848402023,-0.009062736295163631,0.025867851451039314,3.319942913984751,19.339823065781523,27.306856721378708,-9.862444220086335
759,20.597623825073242,27.375,-6.6925740242004395,0.0013124317629262805,-0.0022196699865162373,-0.004410420078784227,0.005108934827148914,3.319942913984751,20.601981023604658,27.36763082235688,-6.707216367088695
760,21.39098358154297,27.375,-3.3879990577697754,-0.013006573542952538,0.01784457638859749,-0.0008305439259856939,0.022097278386354446,3.319942913984751,21.347802499873822,27.434242974934385,-3.390756416191605
761,23.07359504699707,28.895832061767578,0.0,-0.020326917991042137,0.026076387614011765,-2.2765784049583182e-11,0.03306299448013306,3.319942913984751,23.006110839649562,28.982404180049038,-7.558110343672075e-11
762,22.789520263671875,28.895832061767578,3.6095049381256104,-0.014207054860889912,0.01802300661802292,0.0014367894036695361,0.022994205355644226,3.319942913984751,22.74235365255787,28.955667414877784,3.6142749969252113
763,21.944292068481445,28.895832061767578,7.130133152008057,-0.00020757876336574554,-0.0010993643663823605,0.005194689147174358,0.00531380157917738,3.319942913984751,21.943602918836916,28.89218223482952,7.147379223432572
764,20.55872344970703,28.895832061767578,10.47519302368164,0.012122939340770245,-0.01940704509615898,0.009863782674074173,0.024917729198932648,3.319942913984751,20.598970916268087,28.8314017799192,10.507940219075518
765,18.666929244995117,28.895832061767578,13.562318801879883,0.015515639446675777,-0.025730598717927933,0.01083273347467184,0.03193973749876022,3.319942913984751,18.718440282232052,28.810407942881408,13.598282858618205
766,16.315494537353516,28.895832061767578,16.315494537353516,0.009945396333932877,-0.01656639203429222,0.004865445662289858,0.01992558129131794,3.319942913984751,16.348512685439125,28.840832585923035,16.331647539203413
767,13.562318801879883,28.895832061767578,18.666929244995117,0.0012702572857961059,0.0020079815294593573,-0.005834071896970272,0.006299360189586878,3.319942913984751,13.566535983554799,28.90249844581772,18.647560459341094
768,10.47519302368164,28.895832061767578,20.55872344970703,-0.004452679306268692,0.018482688814401627,-0.014392098411917686,0.023844677954912186,3.319942913984751,10.460410382570547,28.957193533528336,20.510942504567012
769,7.130133152008057,28.895832061767578,21.944292068481445,-0.005516314413398504,0.023231666535139084,-0.014589814469218254,0.027982186526060104,3.319942913984751,7.111819303059982,28.97295986846097,21.895854717318013
770,3.6095049381256104,28.895832061767578,22.789520263671875,-0.004348610993474722,0.01424066536128521,-0.006041661836206913,0.016068872064352036,3.319942913984751,3.5950677978721477,28.943110257824205,22.769462291270067
771,0.0,28.895832061767578,23.07359504699707,-0.003761713160201907,-0.002207549987360835,0.005419210996478796,0.006956407800316811,3.319942913984751,-0.012488672950655507,28.88850312182977,23.09158651814422
772,-3.6095049381256104,28.895832061767578,22.789520263671875,-0.003915851004421711,-0.01592935621738434,0.01240235660225153,0.020564451813697815,3.319942913984751,-3.6225053399199605,28.842947508469333,22.83069537959023
773,-7.130133152008057,28.895832061767578,21.944292068481445,-0.002818780019879341,-0.01918902061879635,0.011468106880784035,0.022531788796186447,3.319942913984751,-7.139491340761137,28.832125608737897,21.982365528657123
774,-10.47519302368164,28.895832061767578,20.55872344970703,0.0007654657820239663,-0.010975699871778488,0.004900635685771704,0.012044424191117287,3.319942913984751,-10.472651720982713,28.859393364752243,20.57499328042603
775,-13.562318801879883,28.895832061767578,18.666929244995117,0.005409263540059328,0.0030997819267213345,-0.002118386561051011,0.006584553048014641,3.319942913984751,-13.544360355720187,28.906123160810093,18.659896322542675
776,-16.315494537353516,28.895832061767578,16.315494537353516,0.008076762780547142,0.014672992751002312,-0.005801946856081486,0.0177255030721426,3.319942913984751,-16.288680145992302,28.944545560078218,16.29623240500135
777,-18.666929244995117,28.895832061767578,13.562318801879883,0.006834115833044052,0.01752479560673237,-0.005783542525023222,0.019679252058267593,3.319942913984751,-18.644240370561853,28.95401338276118,13.543117770856202
778,-20.55872344970703,28.895832061767578,10.47519302368164,0.0023832188453525305,0.010648527182638645,-0.003948264289647341,0.011604294180870056,3.319942913984751,-20.55081129918893,28.931184564131954,10.462085011630688
779,-21.944292068481445,28.895832061767578,7.130133152008057,-0.0028357768896967173,-0.0018252539448440075,-0.0021088416688144207,0.003977485932409763,3.319942913984751,-21.953706685872035,28.88977232286717,7.123131918052961
780,-22.789520263671875,28.895832061767578,3.6095049381256104,-0.00661139190196991,-0.013228129595518112,-0.00086643872782588,0.014813664369285107,3.319942913984751,-22.811469707368396,28.851915426651665,3.606628411010763
781,-23.07359504699707,28.895832061767578,0.0,-0.007934941910207272,-0.017778750509023666,-1.083343050684027e-11,0.019469136372208595,3.319942913984751,-23.099938601164745,28.836807624995643,-3.596637084533058e-11
782,-22.789520263671875,28.895832061767578,-3.6095049381256104,-0.00661139190196991,-0.013228129595518112,0.00086643872782588,0.014813664369285107,3.319942913984751,-22.811469707368396,28.851915426651665,-3.606628411010763
783,-21.944292068481445,28.895832061767578,-7.130133152008057,-0.0028357768896967173,-0.0018252540612593293,0.0021088416688144207,0.003977485932409763,3.319942913984751,-21.953706685872035,28.889772322480678,-7.123131918052961
784,-20.55872344970703,28.895832061767578,-10.47519302368164,0.002383218612521887,0.010648527182638645,0.003948264289647341,0.011604294180870056,3.319942913984751,-20.550811299961914,28.931184564131954,-10.462085011630688
785,-18.666929244995117,28.895832061767578,-13.562318801879883,0.006834115833044052,0.01752479560673237,0.005783542525023222,0.019679252058267593,3.319942913984751,-18.644240370561853,28.95401338276118,-13.543117770856202
786,-16.315494537353516,28.895832061767578,-16.315494537353516,0.008076762780547142,0.014672993682324886,0.005801946856081486,0.0177255030721426,3.319942913984751,-16.288680145992302,28.944545563170156,-16.29623240500135
787,-13.562318801879883,28.895832061767578,-18.666929244995117,0.005409263540059328,0.003099782159551978,0.002118386561051011,0.006584553513675928,3.319942913984751,-13.544360355720187,28.90612316158308,-18.659896322542675
788,-10.47519302368164,28.895832061767578,-20.55872344970703,0.0007654658984392881,-0.010975699871778488,-0.004900635685771704,0.012044424191117287,3.319942913984751,-10.47265172059622,28.859393364752243,-20.57499328042603
789,-7.130133152008057,28.895832061767578,-21.944292068481445,-0.0028187797870486975,-0.01918902061879635,-0.011468106880784035,0.022531788796186447,3.319942913984751,-7.139491339988153,28.832125608737897,-21.982365528657123
790,-3.6095049381256104,28.895832061767578,-22.789520263671875,-0.003915851004421711,-0.01592935621738434,-0.01240235660225153,0.020564451813697815,3.319942913984751,-3.6225053399199605,28.842947508469333,-22.83069537959023
791,-0.0,28.895832061767578,-23.07359504699707,-0.003761713160201907,-0.0022075502201914787,-0.005419211462140083,0.006956408265978098,3.319942913984751,-0.012488672950655507,28.88850312105679,-23.091586519690185
792,3.6095049381256104,28.895832061767578,-22.789520263671875,-0.004348610993474722,0.01424066536128521,0.006041661370545626,0.016068872064352036,3.319942913984751,3.5950677978721477,28.943110257824205,-22.769462292816037
793,7.130133152008057,28.895832061767578,-21.944292068481445,-0.005516314413398504,0.023231666535139084,0.014589814469218254,0.027982186526060104,3.319942913984751,7.111819303059982,28.97295986846097,-21.895854717318013
794,10.47519302368164,28.895832061767578,-20.55872344970703,-0.004452679306268692,0.018482688814401627,0.014392098411917686,0.023844677954912186,3.319942913984751,10.460410382570547,28.957193533528336,-20.510942504567012
795,13.562318801879883,28.895832061767578,-18.666929244995117,0.001270257169380784,0.002007981762290001,0.005834071896970272,0.006299360189586878,3.319942913984751,13.566535983168308,28.9024984465907,-18.647560459341094
796,16.315494537353516,28.895832061767578,-16.315494537353516,0.009945396333932877,-0.01656639203429222,-0.004865445662289858,0.01992558129131794,3.319942913984751,16.348512685439125,28.840832585923035,-16.331647539203413
797,18.666929244995117,28.895832061767578,-13.562318801879883,0.015515639446675777,-0.025730598717927933,-0.01083273347467184,0.03193973749876022,3.319942913984751,18.718440282232052,28.810407942881408,-13.598282858618205
798,20.55872344970703,28.895832061767578,-10.47519302368164,0.012122939340770245,-0.01940704509615898,-0.009863782674074173,0.024917729198932648,3.319942913984751,20.598970916268087,28.8314017799192,-10.507940219075518
799,21.944292068481445,28.895832061767578,-7.130133152008057,-0.00020757857419084758,-0.001099364715628326,-0.005194689147174358,0.00531380157917738,3.319942913984751,21.943602919464965,28.89218223367004,-7.147379223432572
800,22.789520263671875,28.895832061767578,-3.6095049381256104,-0.014207053929567337,0.01802300661802292,-0.0014367894036695361,0.022994205355644226,3.319942913984751,22.742353655649808,28.955667414877784,-3.6142749969252113
801,24.489566802978516,30.416667938232422,0.0,-0.02750536985695362,0.03200744092464447,-2.757621388183029e-11,0.04220215231180191,3.319942913984751,24.39825054522539,30.52293081492498,-9.15514558715104e-11
802,24.188058853149414,30.416667938232422,3.831012010574341,-0.019696325063705444,0.022551681846380234,0.0013491058489307761,0.0299723818898201,3.319942913984751,24.122668178322623,30.49153823457675,3.835490964977714
803,23.29096031188965,30.416667938232422,7.567691802978516,-0.0014711235417053103,-0.00022600255033466965,0.006046904716640711,0.006227386184036732,3.319942913984751,23.286076265711767,30.415917622666896,7.587767181444068
804,21.820362091064453,30.416667938232422,11.118029594421387,0.015489687211811543,-0.02289612405002117,0.012763426639139652,0.030447790399193764,3.319942913984751,21.871786968363146,30.340654113434837,11.160403442250162
805,19.812475204467773,30.416667938232422,14.39460563659668,0.021577993407845497,-0.03218669071793556,0.01564873941242695,0.041790857911109924,3.319942913984751,19.88411291078016,30.309809962458793,14.44655855812176
806,17.31673812866211,30.416667938232422,17.31673812866211,0.015566068701446056,-0.022819774225354195,0.009538259357213974,0.029223671182990074,3.319942913984751,17.368416588146076,30.340907590494226,17.34840460522684
807,14.39460563659668,30.416667938232422,19.812475204467773,0.004024415742605925,-0.0005142476875334978,-0.004490657243877649,0.006051972508430481,3.319942913984751,14.407966467124274,30.41496066526616,19.797566478771827
808,11.118029594421387,30.416667938232422,21.820362091064453,-0.004879835061728954,0.021560795605182648,-0.018511826172471046,0.028833460062742233,3.319942913984751,11.101828820586785,30.488248548821723,21.758903884938242
809,7.567691802978516,30.416667938232422,23.29096031188965,-0.007564878091216087,0.03066287189722061,-0.023134510964155197,0.039149004966020584,3.319942913984751,7.542576839564425,30.518466922510022,23.2141550561457
810,3.831012010574341,30.416667938232422,24.188058853149414,-0.00629047304391861,0.02193288691341877,-0.014645359478890896,0.02711287885904312,3.319942913984751,3.8101279991665713,30.489483870723856,24.13943709572471
811,0.0,30.416667938232422,24.489566802978516,-0.0053267814218997955,0.0010334114776924253,0.0019460214534774423,0.005764506757259369,3.319942913984751,-0.017684610235981845,30.420098805345017,24.49602748311345
812,-3.831012010574341,30.416667938232422,24.188058853149414,-0.006207439582794905,-0.01946299523115158,0.016428353264927864,0.026215096935629845,3.319942913984751,-3.8516203556312294,30.35205190512984,24.24260004815975
813,-7.567691802978516,30.416667938232422,23.29096031188965,-0.00648109894245863,-0.027622515335679054,0.020588822662830353,0.03505577892065048,3.319942913984751,-7.589208681487365,30.3249627641773,23.3593140277964
814,-11.118029594421387,30.416667938232422,21.820362091064453,-0.002731256652623415,-0.0190740916877985,0.013463566079735756,0.023506347090005875,3.319942913984751,-11.127097210591538,30.35334304269282,21.865060361867837
815,-14.39460563659668,30.416667938232422,19.812475204467773,0.005313261412084103,0.0007077804184518754,0.0009789009345695376,0.005448848009109497,3.319942913984751,-14.376965912021483,30.41901772881732,19.81572509968899
816,-17.31673812866211,30.416667938232422,17.31673812866211,0.013507510535418987,0.019884226843714714,-0.009023578837513924,0.02567606419324875,3.319942913984751,-17.27189396477447,30.48268243624228,17.28678036204172
817,-19.812475204467773,30.416667938232422,14.39460563659668,0.016032923012971878,0.027242004871368408,-0.012114415876567364,0.0338517464697361,3.319942913984751,-19.759246815320395,30.50710983926786,14.354386467450205
818,-21.820362091064453,30.416667938232422,11.118029594421387,0.009852999821305275,0.018586579710245132,-0.009187466464936733,0.022955436259508133,3.319942913984751,-21.787650694126217,30.478374321836665,11.087527730233647
819,-23.29096031188965,30.416667938232422,7.567691802978516,-0.0026587736792862415,-0.0010212268680334091,-0.004349194932729006,0.005198795814067125,3.319942913984751,-23.299787288726083,30.413277523328322,7.553252724080064
820,-24.188058853149414,30.416667938232422,3.831012010574341,-0.01486072689294815,-0.02030252479016781,-0.0011221542954444885,0.025185171514749527,3.319942913984751,-24.237395618094318,30.349264714919304,3.8272865223727823
821,-24.489566802978516,30.416667938232422,0.0,-0.019886063411831856,-0.028236886486411095,-2.0914020515405696e-11,0.034536607563495636,3.319942913984751,-24.555587398289678,30.32292308702887,-6.943335421305285e-11
822,-24.188058853149414,30.416667938232422,-3.831012010574341,-0.01486072689294815,-0.02030252479016781,0.0011221542954444885,0.025185171514749527,3.319942913984751,-24.237395618094318,30.349264714919304,-3.8272865223727823
823,-23.29096031188965,30.416667938232422,-7.567691802978516,-0.002658773912116885,-0.0010212271008640528,0.004349194932729006,0.005198795814067125,3.319942913984751,-23.29978728949907,30.41327752255534,-7.553252724080064
824,-21.820362091064453,30.416667938232422,-11.118029594421387,0.009852999821305275,0.018586579710245132,0.009187466464936733,0.022955436259508133,3.319942913984751,-21.787650694126217,30.478374321836665,-11.087527730233647
825,-19.812475204467773,30.416667938232422,-14.39460563659668,0.016032923012971878,0.027242004871368408,0.012114415876567364,0.0338517464697361,3.319942913984751,-19.759246815320395,30.50710983926786,-14.354386467450205
826,-17.31673812866211,30.416667938232422,-17.31673812866211,0.013507511466741562,0.019884226843714714,0.009023579768836498,0.02567606419324875,3.319942913984751,-17.271893961682533,30.48268243624228,-17.286780358949784
827,-14.39460563659668,30.416667938232422,-19.812475204467773,0.005313261412084103,0.00070778070949018,-0.000978900701738894,0.005448848009109497,3.319942913984751,-14.376965912021483,30.419017729783548,-19.815725098916005
828,-11.118029594421387,30.416667938232422,-21.820362091064453,-0.0027312564197927713,-0.0190740916877985,-0.013463566079735756,0.023506347090005875,3.319942913984751,-11.127097209818553,30.35334304269282,-21.865060361867837
829,-7.567691802978516,30.416667938232422,-23.29096031188965,-0.00648109894245863,-0.027622515335679054,-0.020588822662830353,0.03505577892065048,3.319942913984751,-7.589208681487365,30.3249627641773,-23.3593140277964
830,-3.831012010574341,30.416667938232422,-24.188058853149414,-0.006207439582794905,-0.01946299523115158,-0.016428353264927864,0.026215096935629845,3.319942913984751,-3.8516203556312294,30.35205190512984,-24.24260004815975
831,-0.0,30.416667938232422,-24.489566802978516,-0.0053267814218997955,0.0010334111284464598,-0.0019460218027234077,0.005764506757259369,3.319942913984751,-0.017684610235981845,30.42009880418554,-24.496027484272926
832,3.831012010574341,30.416667938232422,-24.188058853149414,-0.00629047304391861,0.02193288691341877,0.014645359478890896,0.02711287885904312,3.319942913984751,3.8101279991665713,30.489483870723856,-24.13943709572471
833,7.567691802978516,30.416667938232422,-23.29096031188965,-0.007564878091216087,0.03066287189722061,0.023134510964155197,0.039149004966020584,3.319942913984751,7.542576839564425,30.518466922510022,-23.2141550561457
834,11.118029594421387,30.416667938232422,-21.820362091064453,-0.004879835527390242,0.021560795605182648,0.018511826172471046,0.028833460062742233,3.319942913984751,11.101828819040817,30.488248548821723,-21.758903884938242
835,14.39460563659668,30.416667938232422,-19.812475204467773,0.004024415276944637,-0.0005142473382875323,0.004490657709538937,0.006051972508430481,3.319942913984751,14.407966465578305,30.41496066642564,-19.79756647722586
836,17.31673812866211,30.416667938232422,-17.31673812866211,0.015566068701446056,-0.022819774225354195,-0.009538259357213974,0.029223671182990074,3.319942913984751,17.368416588146076,30.340907590494226,-17.34840460522684
837,19.812475204467773,30.416667938232422,-14.39460563659668,0.021577993407845497,-0.03218669071793556,-0.01564873941242695,0.041790857911109924,3.319942913984751,19.88411291078016,30.309809962458793,-14.44655855812176
838,21.820362091064453,30.416667938232422,-11.118029594421387,0.015489687211811543,-0.02289612405002117,-0.012763426639139652,0.030447790399193764,3.319942913984751,21.871786968363146,30.340654113434837,-11.160403442250162
839,23.29096031188965,30.416667938232422,-7.567691802978516,-0.0014711233088746667,-0.00022600285592488945,-0.006046904716640711,0.006227386184036732,3.319942913984751,23.286076266484752,30.415917621652355,-7.587767181444068
840,24.188058853149414,30.416667938232422,-3.831012010574341,-0.019696325063705444,0.022551681846380234,-0.001349105965346098,0.0299723818898201,3.319942913984751,24.122668178322623,30.49153823457675,-3.835490965364206
841,25.460363388061523,31.9375,0.0,-0.04557209461927414,0.043207719922065735,-4.6293205380187885e-11,0.06279906630516052,3.319942913984751,25.309066635454823,32.0809471635847,-1.5369079916759552e-10
842,25.14690399169922,31.9375,3.9828779697418213,-0.03300726041197777,0.030650105327367783,0.0019298887345939875,0.04508472606539726,3.319942913984751,25.037321771384423,32.03925659999448,3.9892850901710157
843,24.214244842529297,31.9375,7.867684841156006,-0.003362146904692054,0.00024914168170653284,0.009446077048778534,0.010029679164290428,3.319942913984751,24.203082706737288,31.93832713616076,7.899045277719052
844,22.685348510742188,31.9375,11.558762550354004,0.02500893548130989,-0.030401170253753662,0.020778821781277657,0.044513341039419174,3.319942913984751,22.768376748879664,31.836569850239208,11.627747052487708
845,20.59786605834961,31.9375,14.965226173400879,0.03633268177509308,-0.043594907969236374,0.02662709727883339,0.06268637627363205,3.319942913984751,20.718488487754893,31.792767394201718,15.053626616331725
846,18.00319480895996,31.9375,18.00319480895996,0.02755673974752426,-0.03177759051322937,0.017916616052389145,0.04571864381432533,3.319942913984751,18.094681611817276,31.832000213552096,18.062676951465676
847,14.965226173400879,31.9375,20.59786605834961,0.008459789678454399,-0.0018978535663336515,-0.0050246817991137505,0.010020843707025051,3.319942913984751,14.993312192197665,31.93119923450067,20.581184401615612
848,11.558762550354004,31.9375,22.685348510742188,-0.007387126795947552,0.028682343661785126,-0.030155206099152565,0.04226798936724663,3.319942913984751,11.534237711093091,32.03272374359642,22.585234947933557
849,7.867684841156006,31.9375,24.214244842529297,-0.01292194239795208,0.042335011065006256,-0.0411546528339386,0.060439519584178925,3.319942913984751,7.824784730057006,32.07804981999873,24.07761374447576
850,3.9828779697418213,31.9375,25.14690399169922,-0.01100201066583395,0.03144136071205139,-0.029347477480769157,0.04439457133412361,3.319942913984751,3.9463519223922012,32.041883522702015,25.049472041793614
851,0.0,31.9375,25.460363388061523,-0.009111321531236172,0.002768873469904065,-0.0007798506994731724,0.009554632939398289,3.319942913984751,-0.030249067354664223,31.946692501856127,25.45777432825784
852,-3.9828779697418213,31.9375,25.14690399169922,-0.010954826138913631,-0.026619186624884605,0.027379145845770836,0.03972665220499039,3.319942913984751,-4.019247367155643,31.849125819988675,25.23780119294084
853,-7.867684841156006,31.9375,24.214244842529297,-0.012757956050336361,-0.0394776314496994,0.03859836235642433,0.05666641518473625,3.319942913984751,-7.910040526942249,31.80643651720767,24.342389202125922
854,-11.558762550354004,31.9375,22.685348510742188,-0.007462765090167522,-0.028501762077212334,0.02802436053752899,0.040662121027708054,3.319942913984751,-11.583538504433838,31.84287577695568,22.77838778792771
855,-14.965226173400879,31.9375,20.59786605834961,0.007228550035506487,-0.0004892110591754317,0.004694376140832901,0.008632984943687916,3.319942913984751,-14.941227799932115,31.935875847210646,20.613451119153947
856,-18.00319480895996,31.9375,18.00319480895996,0.024498170241713524,0.027809221297502518,-0.016075018793344498,0.04039702191948891,3.319942913984751,-17.921862282260392,32.02982502719008,17.949826664224826
857,-20.59786605834961,31.9375,14.965226173400879,0.03213075175881386,0.039587460458278656,-0.023689433932304382,0.05622047185897827,3.319942913984751,-20.491193796726932,32.068928108831116,14.886578605081015
858,-22.685348510742188,31.9375,11.558762550354004,0.021815747022628784,0.027820536866784096,-0.018332740291953087,0.03982459753751755,3.319942913984751,-22.612921476001127,32.02986259423413,11.497898899127811
859,-24.214244842529297,31.9375,7.867684841156006,-0.0033220238983631134,-0.0006489064544439316,-0.008282900787889957,0.00894781295210123,3.319942913984751,-24.225273772230757,31.93534566761473,7.840186083378012
860,-25.14690399169922,31.9375,3.9828779697418213,-0.029318533837795258,-0.029143238440155983,-0.0016876229783520103,0.04137333482503891,3.319942913984751,-25.24423985036243,31.840746112050034,3.977275157793364
861,-25.460363388061523,31.9375,0.0,-0.04028656333684921,-0.04095043987035751,-4.006293907732328e-11,0.05744515359401703,3.319942913984751,-25.594112478540495,31.801546877327848,-1.330066707031622e-10
862,-25.14690399169922,31.9375,-3.9828779697418213,-0.029318533837795258,-0.029143238440155983,0.0016876228619366884,0.04137333482503891,3.319942913984751,-25.24423985036243,31.840746112050034,-3.977275158179856
863,-24.214244842529297,31.9375,-7.867684841156006,-0.0033220243640244007,-0.0006489068036898971,0.008282899856567383,0.00894781295210123,3.319942913984751,-24.225273773776724,31.93534566645525,-7.8401860864699495
864,-22.685348510742188,31.9375,-11.558762550354004,0.021815747022628784,0.027820536866784096,0.018332738429307938,0.03982459381222725,3.319942913984751,-22.612921476001127,32.02986259423413,-11.497898905311686
865,-20.59786605834961,31.9375,-14.965226173400879,0.03213075175881386,0.039587460458278656,0.023689433932304382,0.05622047185897827,3.319942913984751,-20.491193796726932,32.068928108831116,-14.886578605081015
866,-18.00319480895996,31.9375,-18.00319480895996,0.024498170241713524,0.027809223160147667,0.016075018793344498,0.04039702191948891,3.319942913984751,-17.921862282260392,32.02982503337395,-17.949826664224826
867,-14.965226173400879,31.9375,-20.59786605834961,0.007228550501167774,-0.0004892105935141444,-0.004694376140832901,0.00863298587501049,3.319942913984751,-14.941227798386146,31.935875848756616,-20.613451119153947
868,-11.558762550354004,31.9375,-22.685348510742188,-0.007462764624506235,-0.028501762077212334,-0.028024358674883842,0.040662117302417755,3.319942913984751,-11.583538502887869,31.84287577695568,-22.778387781743834
869,-7.867684841156006,31.9375,-24.214244842529297,-0.012757956050336361,-0.0394776314496994,-0.03859836235642433,0.05666641518473625,3.319942913984751,-7.910040526942249,31.80643651720767,-24.342389202125922
870,-3.9828779697418213,31.9375,-25.14690399169922,-0.010954826138913631,-0.026619186624884605,-0.027379145845770836,0.03972665220499039,3.319942913984751,-4.019247367155643,31.849125819988675,-25.23780119294084
871,-0.0,31.9375,-25.460363388061523,-0.009111321531236172,0.002768873004242778,0.0007798502338118851,0.009554632939398289,3.319942913984751,-0.030249067354664223,31.94669250031016,-25.45777432980381
872,3.9828779697418213,31.9375,-25.14690399169922,-0.01100201066583395,0.03144136071205139,0.029347477480769157,0.04439457133412361,3.319942913984751,3.9463519223922012,32.041883522702015,-25.049472041793614
873,7.867684841156006,31.9375,-24.214244842529297,-0.01292194239795208,0.042335011065006256,0.0411546528339386,0.060439519584178925,3.319942913984751,7.824784730057006,32.07804981999873,-24.07761374447576
874,11.558762550354004,31.9375,-22.685348510742188,-0.007387126795947552,0.028682343661785126,0.030155206099152565,0.04226798936724663,3.319942913984751,11.534237711093091,32.03272374359642,-22.585234947933557
875,14.965226173400879,31.9375,-20.59786605834961,0.008459788747131824,-0.0018978531006723642,0.005024682264775038,0.010020843707025051,3.319942913984751,14.993312189105728,31.931199236046638,-20.581184400069645
876,18.00319480895996,31.9375,-18.00319480895996,0.02755673974752426,-0.03177759051322937,-0.017916614189743996,0.04571864381432533,3.319942913984751,18.094681611817276,31.832000213552096,-18.0626769452818
877,20.59786605834961,31.9375,-14.965226173400879,0.03633268177509308,-0.043594907969236374,-0.02662709727883339,0.06268637627363205,3.319942913984751,20.718488487754893,31.792767394201718,-15.053626616331725
878,22.685348510742188,31.9375,-11.558762550354004,0.02500893548130989,-0.030401170253753662,-0.020778821781277657,0.044513341039419174,3.319942913984751,22.768376748879664,31.836569850239208,-11.627747052487708
879,24.214244842529297,31.9375,-7.867684841156006,-0.0033621464390307665,0.000249141245149076,-0.009446077048778534,0.010029679164290428,3.319942913984751,24.203082708283258,31.938327134711415,-7.899045277719052
880,25.14690399169922,31.9375,-3.9828779697418213,-0.03300725668668747,0.030650103464722633,-0.0019298888510093093,0.045084722340106964,3.319942913984751,25.037321783752176,32.039256593810606,-3.989285090557508
881,26.43115997314453,33.45833206176758,0.0,-0.07651545107364655,0.06277153640985489,-6.296865112664918e-11,0.09896908700466156,3.319942913984751,26.17713304354223,33.66672997927141,-2.0905232711109687e-10
882,26.10574722290039,33.45833206176758,4.134744167327881,-0.055271632969379425,0.04465818405151367,0.0008850776357576251,0.07106398791074753,3.319942913984751,25.92224855667933,33.60659468346083,4.137682574553041
883,25.137527465820312,33.45833206176758,8.167677879333496,-0.005158436484634876,0.0007224243599921465,0.012571755796670914,0.013608100824058056,3.319942913984751,25.120401751165907,33.46073046940242,8.209415390907001
884,23.550336837768555,33.45833206176758,11.999494552612305,0.042693085968494415,-0.04378938302397728,0.032725438475608826,0.06936255097389221,3.319942913984751,23.6920754460058,33.31295380988936,12.108141140186445
885,21.383258819580078,33.45833206176758,15.535845756530762,0.0613982155919075,-0.06328258663415909,0.045097194612026215,0.09903627634048462,3.319942913984751,21.587097390365738,33.24823748669287,15.685565868223549
886,18.689651489257812,33.45833206176758,18.689651489257812,0.04572491720318794,-0.046546000987291336,0.03276049718260765,0.07301060110330582,3.319942913984751,18.841455604119076,33.303801995615494,18.79841446973783
887,15.535845756530762,33.45833206176758,21.383258819580078,0.01263444498181343,-0.003253856673836708,-0.0054299067705869675,0.014131548814475536,3.319942913984751,15.577791392620263,33.44752944336015,21.36523183907347
888,11.999494552612305,33.45833206176758,23.550336837768555,-0.01410668808966875,0.0415731780230999,-0.049623314291238785,0.06625557690858841,3.319942913984751,11.952661153449215,33.596352639557196,23.385590267118918
889,8.167677879333496,33.45833206176758,25.137527465820312,-0.0221016276627779,0.06205129623413086,-0.07094888389110565,0.09681213647127151,3.319942913984751,8.094301737186928,33.664338823003646,24.90198122149091
890,4.134744167327881,33.45833206176758,26.10574722290039,-0.016852684319019318,0.04652060568332672,-0.05254161357879639,0.07217202335596085,3.319942913984751,4.078794217441331,33.61277781696022,25.93131206521014
891,0.0,33.45833206176758,26.43115997314453,-0.012614463455975056,0.004392155911773443,-0.0033234211150556803,0.013764477334916592,3.319942913984751,-0.04187929856438398,33.472913768663986,26.420126404763415
892,-4.134744167327881,33.45833206176758,26.10574722290039,-0.01686302199959755,-0.03938174620270729,0.04688552767038345,0.06351012736558914,3.319942913984751,-4.190728437723814,33.327586912521554,26.261404498258116
893,-8.167677879333496,33.45833206176758,25.137527465820312,-0.022706612944602966,-0.059040382504463196,0.06788001209497452,0.09278497844934464,3.319942913984751,-8.243062538079526,33.26232136223294,25.36288523097622
894,-11.999494552612305,33.45833206176758,23.550336837768555,-0.016057580709457397,-0.043213412165641785,0.04972807690501213,0.06780948489904404,3.319942913984751,-12.052804803904406,33.31486600025915,23.715431214315437
895,-15.535845756530762,33.45833206176758,21.383258819580078,0.009065586142241955,-0.0015375630464404821,0.008058063685894012,0.012226256541907787,3.319942913984751,-15.505748528056706,33.45322744022674,21.4100111310145
896,-18.689651489257812,33.45833206176758,18.689651489257812,0.04123765602707863,0.04113820195198059,-0.029136503115296364,0.0651293471455574,3.319942913984751,-18.55274482534137,33.594908543832126,18.59291996220189
897,-21.383258819580078,33.45833206176758,15.535845756530762,0.05752900242805481,0.05940791592001915,-0.04201483726501465,0.09275846928358078,3.319942913984751,-21.192265815620445,33.65556295126085,15.396358895270554
898,-23.550336837768555,33.45833206176758,11.999494552612305,0.04099660366773605,0.042263247072696686,-0.030941026285290718,0.06651504337787628,3.319942913984751,-23.414230453924414,33.59864362940856,11.896772111645038
899,-25.137527465820312,33.45833206176758,8.167677879333496,-0.003994832746684551,-0.0003367301542311907,-0.011933831498026848,0.012589218094944954,3.319942913984751,-25.15079008249022,33.457214136878115,8.128058240014933
900,-26.10574722290039,33.45833206176758,4.134744167327881,-0.051762793213129044,-0.04326210170984268,-0.0007990928716026247,0.06746580451726913,3.319942913984751,-26.277596741436376,33.3147043537519,4.132091224611188
901,-26.43115997314453,33.45833206176758,0.0,-0.07211130112409592,-0.061095356941223145,-5.7817899773437986e-11,0.09451286494731903,3.319942913984751,-26.670565376329694,33.25549896441319,-1.9195212665430598e-10
902,-26.10574722290039,33.45833206176758,-4.134744167327881,-0.051762793213129044,-0.04326210170984268,0.0007990926969796419,0.06746580451726913,3.319942913984751,-26.277596741436376,33.3147043537519,-4.132091225190926
903,-25.137527465820312,33.45833206176758,-8.167677879333496,-0.003994833678007126,-0.0003367307363077998,0.011933830566704273,0.01258921716362238,3.319942913984751,-25.15079008558216,33.45721413494565,-8.12805824310687
904,-23.550336837768555,33.45833206176758,-11.999494552612305,0.04099660366773605,0.042263247072696686,0.030941026285290718,0.06651504337787628,3.319942913984751,-23.414230453924414,33.59864362940856,-11.896772111645038
905,-21.383258819580078,33.45833206176758,-15.535845756530762,0.05752900242805481,0.05940791592001915,0.04201483726501465,0.09275846928358078,3.319942913984751,-21.192265815620445,33.65556295126085,-15.396358895270554
906,-18.689651489257812,33.45833206176758,-18.689651489257812,0.04123765602707863,0.04113820195198059,0.029136504977941513,0.0651293471455574,3.319942913984751,-18.55274482534137,33.594908543832126,-18.592919956018015
907,-15.535845756530762,33.45833206176758,-21.383258819580078,0.00906558707356453,-0.001537562464363873,-0.008058062754571438,0.012226256541907787,3.319942913984751,-15.505748524964769,33.4532274421592,-21.410011127922562
908,-11.999494552612305,33.45833206176758,-23.550336837768555,-0.016057580709457397,-0.043213412165641785,-0.04972807690501213,0.06780948489904404,3.319942913984751,-12.052804803904406,33.31486600025915,-23.715431214315437
909,-8.167677879333496,33.45833206176758,-25.137527465820312,-0.022706612944602966,-0.059040382504463196,-0.06788001209497452,0.09278497844934464,3.319942913984751,-8.243062538079526,33.26232136223294,-25.36288523097622
910,-4.134744167327881,33.45833206176758,-26.10574722290039,-0.01686302199959755,-0.03938174620270729,-0.04688552767038345,0.06351012736558914,3.319942913984751,-4.190728437723814,33.327586912521554,-26.261404498258116
911,-0.0,33.45833206176758,-26.43115997314453,-0.012614463455975056,0.004392155446112156,0.0033234201837331057,0.013764477334916592,3.319942913984751,-0.04187929856438398,33.472913767118015,-26.420126407855353
912,4.134744167327881,33.45833206176758,-26.10574722290039,-0.016852684319019318,0.04652060568332672,0.05254161357879639,0.07217202335596085,3.319942913984751,4.078794217441331,33.61277781696022,-25.93131206521014
913,8.167677879333496,33.45833206176758,-25.137527465820312,-0.0221016276627779,0.06205129623413086,0.07094888389110565,0.09681213647127151,3.319942913984751,8.094301737186928,33.664338823003646,-24.90198122149091
914,11.999494552612305,33.45833206176758,-23.550336837768555,-0.01410668808966875,0.0415731780230999,0.049623314291238785,0.06625557690858841,3.319942913984751,11.952661153449215,33.596352639557196,-23.385590267118918
915,15.535845756530762,33.45833206176758,-21.383258819580078,0.012634444050490856,-0.003253855975344777,0.005429907701909542,0.014131547883152962,3.319942913984751,15.577791389528326,33.4475294456791,-21.365231835981533
916,18.689651489257812,33.45833206176758,-18.689651489257812,0.04572491720318794,-0.046546000987291336,-0.03276049718260765,0.07301060110330582,3.319942913984751,18.841455604119076,33.303801995615494,-18.79841446973783
917,21.383258819580078,33.45833206176758,-15.535845756530762,0.0613982155919075,-0.06328258663415909,-0.045097190886735916,0.09903626888990402,3.319942913984751,21.587097390365738,33.24823748669287,-15.685565855855799
918,23.550336837768555,33.45833206176758,-11.999494552612305,0.042693089693784714,-0.04378938302397728,-0.032725438475608826,0.06936255842447281,3.319942913984751,23.69207545837355,33.31295380988936,-12.108141140186445
919,25.137527465820312,33.45833206176758,-8.167677879333496,-0.005158435553312302,0.0007224237197078764,-0.012571755796670914,0.013608100824058056,3.319942913984751,25.120401754257845,33.46073046727672,-8.209415390907001
920,26.10574722290039,33.45833206176758,-4.134744167327881,-0.055271632969379425,0.04465818405151367,-0.0008850778103806078,0.07106398791074753,3.319942913984751,25.92224855667933,33.60659468346083,-4.1376825751327795
921,26.91558074951172,34.97916793823242,0.0,-0.11877444386482239,0.07620736956596375,-1.1553730194791001e-10,0.14112026989459991,3.319942913984751,26.52125637624022,35.23217205481636,-3.835772469028804e-10
922,26.584205627441406,34.97916793823242,4.210524082183838,-0.08621130883693695,0.054255902767181396,0.003263622522354126,0.1019153743982315,3.319942913984751,26.297989003562865,35.15929443816617,4.221359122650848
923,25.598237991333008,34.97916793823242,8.31737232208252,-0.009125933982431889,0.0009888706263154745,0.022074420005083084,0.02390691451728344,3.319942913984751,25.56794041147454,34.9824509322611,8.390658136358718
924,23.981956481933594,34.97916793823242,12.219417572021484,0.06520460546016693,-0.053029872477054596,0.05256364867091179,0.09912993758916855,3.319942913984751,24.198432049790245,34.80311178887271,12.393925884959662
925,21.775161743164062,34.97916793823242,15.820581436157227,0.09548649191856384,-0.07676376402378082,0.070313960313797,0.1412600427865982,3.319942913984751,22.09217144539036,34.72431662381087,16.054019770455223
926,19.032188415527344,34.97916793823242,19.032188415527344,0.07286535948514938,-0.05654124170541763,0.0500737689435482,0.10494596511125565,3.319942913984751,19.27409724942502,34.79145424348462,19.198430469907986
927,15.820581436157227,34.97916793823242,21.775161743164062,0.022328395396471024,-0.004001836758106947,-0.00956975668668747,0.024620158597826958,3.319942913984751,15.89471043423439,34.96588206864442,21.743390697263536
928,12.219417572021484,34.97916793823242,23.981956481933594,-0.02002141624689102,0.05051620304584503,-0.07817880064249039,0.0952085554599762,3.319942913984751,12.15294761302468,35.14687884857589,23.72240732671673
929,8.31737232208252,34.97916793823242,25.598237991333008,-0.03450268134474754,0.07549726217985153,-0.1113819032907486,0.13891075551509857,3.319942913984751,8.202825389638551,35.22981453883167,25.22845643075675
930,4.210524082183838,34.97916793823242,26.584205627441406,-0.028372066095471382,0.05662773922085762,-0.08289577066898346,0.10432345420122147,3.319942913984751,4.11633044239507,35.167168799793686,26.30899640100961
931,0.0,34.97916793823242,26.91558074951172,-0.022626319900155067,0.005256363656371832,-0.006037242244929075,0.024000583216547966,3.319942913984751,-0.07511809042207197,34.99661876550672,26.895537449900658
932,-4.210524082183838,34.97916793823242,26.584205627441406,-0.02860257960855961,-0.048223357647657394,0.0731801688671112,0.09218967705965042,3.319942913984751,-4.30548301367696,34.81906914372153,26.82715961051598
933,-8.31737232208252,34.97916793823242,25.598237991333008,-0.036141254007816315,-0.0723155215382576,0.10740982741117477,0.13443435728549957,3.319942913984751,-8.437359222228292,34.73908453493037,25.95483248673906
934,-12.219417572021484,34.97916793823242,23.981956481933594,-0.024170231074094772,-0.053037289530038834,0.08026395738124847,0.09919403493404388,3.319942913984751,-12.299661359405299,34.803087164680214,24.248428238489844
935,-15.820581436157227,34.97916793823242,21.775161743164062,0.01603056490421295,-0.002077670767903328,0.015214556828141212,0.022198613733053207,3.319942913984751,-15.767360875796312,34.97227018988893,21.825673203295068
936,-19.032188415527344,34.97916793823242,19.032188415527344,0.06650638580322266,0.050226472318172455,-0.044285647571086884,0.09437698870897293,3.319942913984751,-18.8113910112452,35.14591695909959,18.885162593682487
937,-21.775161743164062,34.97916793823242,15.820581436157227,0.09158030152320862,0.07275683432817459,-0.0665593221783638,0.13457581400871277,3.319942913984751,-21.4711203700615,35.220716474804206,15.59960828613154
938,-23.981956481933594,34.97916793823242,12.219417572021484,0.0648806169629097,0.05192355811595917,-0.05097165331244469,0.0974867194890976,3.319942913984751,-23.766556537392624,35.15155118706838,12.050194592792746
939,-25.598237991333008,34.97916793823242,8.31737232208252,-0.006621974054723978,-0.00017561281856615096,-0.021655108779668808,0.02264564111828804,3.319942913984751,-25.62022256717258,34.97858491369982,8.24547859713789
940,-26.584205627441406,34.97916793823242,4.210524082183838,-0.08237126469612122,-0.05275766924023628,-0.0031943866051733494,0.09787032753229141,3.319942913984751,-26.857673523985255,34.80401548807995,4.199918901009465
941,-26.91558074951172,34.97916793823242,0.0,-0.11462453752756119,-0.07461632788181305,-1.0807992695260893e-10,0.1367712765932083,3.319942913984751,-27.296127670645124,34.73144598921363,-3.5881918763030355e-10
942,-26.584205627441406,34.97916793823242,-4.210524082183838,-0.08237126469612122,-0.05275766924023628,0.003194386139512062,0.09787032753229141,3.319942913984751,-26.857673523985255,34.80401548807995,-4.199918902555433
943,-25.598237991333008,34.97916793823242,-8.31737232208252,-0.006621974986046553,-0.0001756135607138276,0.021655108779668808,0.02264564298093319,3.319942913984751,-25.620222570264517,34.97858491123593,-8.24547859713789
944,-23.981956481933594,34.97916793823242,-12.219417572021484,0.0648806169629097,0.05192355811595917,0.05097165331244469,0.0974867194890976,3.319942913984751,-23.766556537392624,35.15155118706838,-12.050194592792746
945,-21.775161743164062,34.97916793823242,-15.820581436157227,0.09158030152320862,0.07275683432817459,0.0665593221783638,0.13457581400871277,3.319942913984751,-21.4711203700615,35.220716474804206,-15.59960828613154
946,-19.032188415527344,34.97916793823242,-19.032188415527344,0.06650638580322266,0.050226472318172455,0.04428565129637718,0.09437699615955353,3.319942913984751,-18.8113910112452,35.14591695909959,-18.885162581314738
947,-15.820581436157227,34.97916793823242,-21.775161743164062,0.0160305667668581,-0.002077670069411397,-0.015214555896818638,0.022198613733053207,3.319942913984751,-15.767360869612437,34.97227019220788,-21.82567320020313
948,-12.219417572021484,34.97916793823242,-23.981956481933594,-0.024170229211449623,-0.053037289530038834,-0.08026394993066788,0.09919402748346329,3.319942913984751,-12.299661353221424,34.803087164680214,-24.24842821375434
949,-8.31737232208252,34.97916793823242,-25.598237991333008,-0.036141254007816315,-0.0723155215382576,-0.10740982741117477,0.13443435728549957,3.319942913984751,-8.437359222228292,34.73908453493037,-25.95483248673906
950,-4.210524082183838,34.97916793823242,-26.584205627441406,-0.02860257960855961,-0.048223357647657394,-0.0731801688671112,0.09218967705965042,3.319942913984751,-4.30548301367696,34.81906914372153,-26.82715961051598
951,-0.0,34.97916793823242,-26.91558074951172,-0.022626319900155067,0.005256363190710545,0.006037240847945213,0.024000583216547966,3.319942913984751,-0.07511809042207197,34.996618763960754,-26.895537454538562
952,4.210524082183838,34.97916793823242,-26.584205627441406,-0.028372066095471382,0.05662773922085762,0.08289577066898346,0.10432345420122147,3.319942913984751,4.11633044239507,35.167168799793686,-26.30899640100961
953,8.31737232208252,34.97916793823242,-25.598237991333008,-0.03450268134474754,0.07549726217985153,0.1113819032907486,0.13891075551509857,3.319942913984751,8.202825389638551,35.22981453883167,-25.22845643075675
954,12.219417572021484,34.97916793823242,-23.981956481933594,-0.02002141624689102,0.05051620304584503,0.07817880064249039,0.0952085554599762,3.319942913984751,12.15294761302468,35.14687884857589,-23.72240732671673
955,15.820581436157227,34.97916793823242,-21.775161743164062,0.022328395396471024,-0.004001835826784372,0.009569757618010044,0.024620158597826958,3.319942913984751,15.89471043423439,34.96588207173636,-21.743390694171598
956,19.032188415527344,34.97916793823242,-19.032188415527344,0.07286535948514938,-0.05654124170541763,-0.050073765218257904,0.10494596511125565,3.319942913984751,19.27409724942502,34.79145424348462,-19.198430457540237
957,21.775161743164062,34.97916793823242,-15.820581436157227,0.09548649191856384,-0.07676376402378082,-0.070313960313797,0.1412600427865982,3.319942913984751,22.09217144539036,34.72431662381087,-16.054019770455223
958,23.981956481933594,34.97916793823242,-12.219417572021484,0.06520461291074753,-0.053029876202344894,-0.05256364867091179,0.09912995249032974,3.319942913984751,24.198432074525748,34.803111776504956,-12.393925884959662
959,25.598237991333008,34.97916793823242,-8.31737232208252,-0.00912593211978674,0.0009888698114082217,-0.022074420005083084,0.02390691265463829,3.319942913984751,25.567940417658416,34.98245092955566,-8.390658136358718
960,26.584205627441406,34.97916793823242,-4.210524082183838,-0.08621130883693695,0.054255902767181396,-0.0032636227551847696,0.1019153743982315,3.319942913984751,26.297989003562865,35.15929443816617,-4.221359123423833
961,27.399999618530273,36.5,0.0,-0.16756707429885864,0.0916527584195137,-1.668740978733041e-10,0.19099463522434235,3.319942913984751,26.84368649759462,36.80428192586202,-5.540124787620738e-10
962,27.062660217285156,36.5,4.286303997039795,-0.12172996997833252,0.06528199464082718,0.004861527122557163,0.13821563124656677,3.319942913984751,26.658523666036015,36.716732495518606,4.302443989561473
963,26.058948516845703,36.5,8.467065811157227,-0.01313698198646307,0.0012765900464728475,0.031481098383665085,0.03413604572415352,3.319942913984751,26.0153344865886,36.50423820607885,8.571581260660531
964,24.4135799407959,36.5,12.439339637756348,0.0917864516377449,-0.06366723775863647,0.07441310584545135,0.1342221349477768,3.319942913984751,24.718305720510433,36.288628405150234,12.68638690121555
965,22.16706657409668,36.5,16.105316162109375,0.13484743237495422,-0.09224910289049149,0.09936002641916275,0.19122275710105896,3.319942913984751,22.61475235167895,36.193738244537265,16.435185777753013
966,19.374725341796875,36.5,19.374725341796875,0.10329847782850266,-0.06798440217971802,0.07075702399015427,0.14247459173202515,3.319942913984751,19.717670391289023,36.27429566572196,19.609634622207636
967,16.105316162109375,36.5,22.16706657409668,0.03205972909927368,-0.004801380913704634,-0.01352341752499342,0.03512495383620262,3.319942913984751,16.21175263255678,36.484059689458206,22.12216959991172
968,12.439339637756348,36.5,24.4135799407959,-0.02800862118601799,0.06082957610487938,-0.11067552119493484,0.1293591558933258,3.319942913984751,12.346352614319343,36.70195072015009,24.046143528453204
969,8.467065811157227,36.5,26.058948516845703,-0.04890024662017822,0.09092871844768524,-0.1579560488462448,0.1887044757604599,3.319942913984751,8.30471978389846,36.80187815448811,25.534543451757582
970,4.286303997039795,36.5,27.062660217285156,-0.04056652635335922,0.06816945970058441,-0.11787138879299164,0.14207878708839417,3.319942913984751,4.151625445327984,36.726318714683124,26.67133393530032
971,0.0,36.5,27.399999618530273,-0.032558418810367584,0.0061678350903093815,-0.008909890428185463,0.034314416348934174,3.319942913984751,-0.1080920918200277,36.5204768604027,27.370419290938838
972,-4.286303997039795,36.5,27.062660217285156,-0.040975481271743774,-0.058417558670043945,0.10382722318172455,0.12598291039466858,3.319942913984751,-4.422340255735036,36.3060570400411,27.407360671166035
973,-8.467065811157227,36.5,26.058948516845703,-0.05152931809425354,-0.08753160387277603,0.15294717252254486,0.18360254168510437,3.319942913984751,-8.63814020562671,36.20940007197286,26.56672439847593
974,-12.439339637756348,36.5,24.4135799407959,-0.03437960520386696,-0.06424543261528015,0.11479243636131287,0.13596594333648682,3.319942913984751,-12.55347796443852,36.286708831233014,24.794684276472683
975,-16.105316162109375,36.5,22.16706657409668,0.022885706275701523,-0.002641456201672554,0.022391952574253082,0.03212681785225868,3.319942913984751,-16.029336923727822,36.49123051620066,22.241406578375855
976,-19.374725341796875,36.5,19.374725341796875,0.09482411295175552,0.06065656989812851,-0.06256060302257538,0.12878145277500153,3.319942913984751,-19.059914699927806,36.70137634941991,19.167027711097465
977,-22.16706657409668,36.5,16.105316162109375,0.13068459928035736,0.08802404999732971,-0.09477589279413223,0.18387269973754883,3.319942913984751,-21.73320116474892,36.79223482104887,15.790665608410917
978,-24.4135799407959,36.5,12.439339637756348,0.09275763481855392,0.06295090168714523,-0.07297533005475998,0.1337617039680481,3.319942913984751,-24.105629888362056,36.70899339998519,12.197065707845349
979,-26.058948516845703,36.5,8.467065811157227,-0.009199594147503376,-7.122108399926219e-06,-0.03130943700671196,0.03263301029801369,3.319942913984751,-26.089490644247242,36.49997635500669,8.363120267625941
980,-27.062660217285156,36.5,4.286303997039795,-0.11734679341316223,-0.06361421197652817,-0.0048409318551421165,0.13356822729110718,3.319942913984751,-27.452244872556015,36.2888044477198,4.270232379630233
981,-27.399999618530273,36.5,0.0,-0.1634192317724228,-0.09006652235984802,-1.5803366948397013e-10,0.1865953505039215,3.319942913984751,-27.94254213906196,36.20098428730417,-5.246627611743148e-10
982,-27.062660217285156,36.5,-4.286303997039795,-0.11734679341316223,-0.06361421197652817,0.004840931389480829,0.13356822729110718,3.319942913984751,-27.452244872556015,36.2888044477198,-4.270232381176202
983,-26.058948516845703,36.5,-8.467065811157227,-0.009199596010148525,-7.123006071196869e-06,0.03130943700671196,0.03263301029801369,3.319942913984751,-26.089490650431117,36.499976352026465,-8.363120267625941
984,-24.4135799407959,36.5,-12.439339637756348,0.09275763481855392,0.06295090168714523,0.07297533005475998,0.1337617039680481,3.319942913984751,-24.105629888362056,36.70899339998519,-12.197065707845349
985,-22.16706657409668,36.5,-16.105316162109375,0.13068459928035736,0.08802404999732971,0.09477589279413223,0.18387269973754883,3.319942913984751,-21.73320116474892,36.79223482104887,-15.790665608410917
986,-19.374725341796875,36.5,-19.374725341796875,0.09482411295175552,0.06065656989812851,0.06256060302257538,0.12878145277500153,3.319942913984751,-19.059914699927806,36.70137634941991,-19.167027711097465
987,-16.105316162109375,36.5,-22.16706657409668,0.022885706275701523,-0.0026414552703499794,-0.022391950711607933,0.03212681785225868,3.319942913984751,-16.029336923727822,36.49123051929259,-22.241406572191977
988,-12.439339637756348,36.5,-24.4135799407959,-0.03437960520386696,-0.06424543261528015,-0.11479242891073227,0.13596592843532562,3.319942913984751,-12.55347796443852,36.286708831233014,-24.79468425173718
989,-8.467065811157227,36.5,-26.058948516845703,-0.05152931809425354,-0.08753160387277603,-0.15294717252254486,0.18360254168510437,3.319942913984751,-8.63814020562671,36.20940007197286,-26.56672439847593
990,-4.286303997039795,36.5,-27.062660217285156,-0.040975481271743774,-0.058417558670043945,-0.10382722318172455,0.12598291039466858,3.319942913984751,-4.422340255735036,36.3060570400411,-27.407360671166035
991,-0.0,36.5,-27.399999618530273,-0.032558418810367584,0.0061678336933255196,0.008909888565540314,0.034314416348934174,3.319942913984751,-0.1080920918200277,36.52047685576479,-27.370419297122716
992,4.286303997039795,36.5,-27.062660217285156,-0.04056652635335922,0.06816945225000381,0.11787138879299164,0.14207878708839417,3.319942913984751,4.151625445327984,36.726318689947625,-26.67133393530032
993,8.467065811157227,36.5,-26.058948516845703,-0.04890024662017822,0.09092871844768524,0.1579560488462448,0.1887044757604599,3.319942913984751,8.30471978389846,36.80187815448811,-25.534543451757582
994,12.439339637756348,36.5,-24.4135799407959,-0.02800862304866314,0.06082957610487938,0.11067552119493484,0.1293591558933258,3.319942913984751,12.346352608135469,36.70195072015009,-24.046143528453204
995,16.105316162109375,36.5,-22.16706657409668,0.03205972909927368,-0.004801379982382059,0.013523419387638569,0.03512495383620262,3.319942913984751,16.21175263255678,36.48405969255014,-22.122169593727843
996,19.374725341796875,36.5,-19.374725341796875,0.10329847782850266,-0.06798440217971802,-0.07075702399015427,0.14247459173202515,3.319942913984751,19.717670391289023,36.27429566572196,-19.609634622207636
997,22.16706657409668,36.5,-16.105316162109375,0.13484743237495422,-0.09224910289049149,-0.09936002641916275,0.19122275710105896,3.319942913984751,22.61475235167895,36.193738244537265,-16.435185777753013
998,24.4135799407959,36.5,-12.439339637756348,0.0917864516377449,-0.06366723775863647,-0.07441310584545135,0.1342221349477768,3.319942913984751,24.718305720510433,36.288628405150234,-12.68638690121555
999,26.058948516845703,36.5,-8.467065811157227,-0.013136981055140495,0.0012765891151502728,-0.031481098383665085,0.03413604572415352,3.319942913984751,26.015334489680537,36.50423820298691,-8.571581260660531
1000,27.062660217285156,36.5,-4.286303997039795,-0.12172996997833252,0.06528199464082718,-0.0048615275882184505,0.13821563124656677,3.319942913984751,26.658523666036015,36.716732495518606,-4.302443991107443
