node_label,x,y,z,ux,uy,uz,umag,scale_factor,scaled_x,scaled_y,scaled_z
1,39.29999923706055,0.0,0.0,0.0,0.0,0.0,0.0,3.2553271735507496,39.29999923706055,0.0,0.0
2,38.8161506652832,0.0,6.147873878479004,0.0,0.0,0.0,0.0,3.2553271735507496,38.8161506652832,0.0,6.147873878479004
3,37.376522064208984,0.0,12.144368171691895,0.0,0.0,0.0,0.0,3.2553271735507496,37.376522064208984,0.0,12.144368171691895
4,35.01655578613281,0.0,17.841827392578125,0.0,0.0,0.0,0.0,3.2553271735507496,35.01655578613281,0.0,17.841827392578125
5,31.794368743896484,0.0,23.099960327148438,0.0,0.0,0.0,0.0,3.2553271735507496,31.794368743896484,0.0,23.099960327148438
6,27.789297103881836,0.0,27.789297103881836,0.0,0.0,0.0,0.0,3.2553271735507496,27.789297103881836,0.0,27.789297103881836
7,23.099960327148438,0.0,31.794368743896484,0.0,0.0,0.0,0.0,3.2553271735507496,23.099960327148438,0.0,31.794368743896484
8,17.841827392578125,0.0,35.01655578613281,0.0,0.0,0.0,0.0,3.2553271735507496,17.841827392578125,0.0,35.01655578613281
9,12.144368171691895,0.0,37.376522064208984,0.0,0.0,0.0,0.0,3.2553271735507496,12.144368171691895,0.0,37.376522064208984
10,6.147873878479004,0.0,38.8161506652832,0.0,0.0,0.0,0.0,3.2553271735507496,6.147873878479004,0.0,38.8161506652832
11,0.0,0.0,39.29999923706055,0.0,0.0,0.0,0.0,3.2553271735507496,0.0,0.0,39.29999923706055
12,-6.147873878479004,0.0,38.8161506652832,0.0,0.0,0.0,0.0,3.2553271735507496,-6.147873878479004,0.0,38.8161506652832
13,-12.144368171691895,0.0,37.376522064208984,0.0,0.0,0.0,0.0,3.2553271735507496,-12.144368171691895,0.0,37.376522064208984
14,-17.841827392578125,0.0,35.01655578613281,0.0,0.0,0.0,0.0,3.2553271735507496,-17.841827392578125,0.0,35.01655578613281
15,-23.099960327148438,0.0,31.794368743896484,0.0,0.0,0.0,0.0,3.2553271735507496,-23.099960327148438,0.0,31.794368743896484
16,-27.789297103881836,0.0,27.789297103881836,0.0,0.0,0.0,0.0,3.2553271735507496,-27.789297103881836,0.0,27.789297103881836
17,-31.794368743896484,0.0,23.099960327148438,0.0,0.0,0.0,0.0,3.2553271735507496,-31.794368743896484,0.0,23.099960327148438
18,-35.01655578613281,0.0,17.841827392578125,0.0,0.0,0.0,0.0,3.2553271735507496,-35.01655578613281,0.0,17.841827392578125
19,-37.376522064208984,0.0,12.144368171691895,0.0,0.0,0.0,0.0,3.2553271735507496,-37.376522064208984,0.0,12.144368171691895
20,-38.8161506652832,0.0,6.147873878479004,0.0,0.0,0.0,0.0,3.2553271735507496,-38.8161506652832,0.0,6.147873878479004
21,-39.29999923706055,0.0,0.0,0.0,0.0,0.0,0.0,3.2553271735507496,-39.29999923706055,0.0,0.0
22,-38.8161506652832,0.0,-6.147873878479004,0.0,0.0,0.0,0.0,3.2553271735507496,-38.8161506652832,0.0,-6.147873878479004
23,-37.376522064208984,0.0,-12.144368171691895,0.0,0.0,0.0,0.0,3.2553271735507496,-37.376522064208984,0.0,-12.144368171691895
24,-35.01655578613281,0.0,-17.841827392578125,0.0,0.0,0.0,0.0,3.2553271735507496,-35.01655578613281,0.0,-17.841827392578125
25,-31.794368743896484,0.0,-23.099960327148438,0.0,0.0,0.0,0.0,3.2553271735507496,-31.794368743896484,0.0,-23.099960327148438
26,-27.789297103881836,0.0,-27.789297103881836,0.0,0.0,0.0,0.0,3.2553271735507496,-27.789297103881836,0.0,-27.789297103881836
27,-23.099960327148438,0.0,-31.794368743896484,0.0,0.0,0.0,0.0,3.2553271735507496,-23.099960327148438,0.0,-31.794368743896484
28,-17.841827392578125,0.0,-35.01655578613281,0.0,0.0,0.0,0.0,3.2553271735507496,-17.841827392578125,0.0,-35.01655578613281
29,-12.144368171691895,0.0,-37.376522064208984,0.0,0.0,0.0,0.0,3.2553271735507496,-12.144368171691895,0.0,-37.376522064208984
30,-6.147873878479004,0.0,-38.8161506652832,0.0,0.0,0.0,0.0,3.2553271735507496,-6.147873878479004,0.0,-38.8161506652832
31,-0.0,0.0,-39.29999923706055,0.0,0.0,0.0,0.0,3.2553271735507496,0.0,0.0,-39.29999923706055
32,6.147873878479004,0.0,-38.8161506652832,0.0,0.0,0.0,0.0,3.2553271735507496,6.147873878479004,0.0,-38.8161506652832
33,12.144368171691895,0.0,-37.376522064208984,0.0,0.0,0.0,0.0,3.2553271735507496,12.144368171691895,0.0,-37.376522064208984
34,17.841827392578125,0.0,-35.01655578613281,0.0,0.0,0.0,0.0,3.2553271735507496,17.841827392578125,0.0,-35.01655578613281
35,23.099960327148438,0.0,-31.794368743896484,0.0,0.0,0.0,0.0,3.2553271735507496,23.099960327148438,0.0,-31.794368743896484
36,27.789297103881836,0.0,-27.789297103881836,0.0,0.0,0.0,0.0,3.2553271735507496,27.789297103881836,0.0,-27.789297103881836
37,31.794368743896484,0.0,-23.099960327148438,0.0,0.0,0.0,0.0,3.2553271735507496,31.794368743896484,0.0,-23.099960327148438
38,35.01655578613281,0.0,-17.841827392578125,0.0,0.0,0.0,0.0,3.2553271735507496,35.01655578613281,0.0,-17.841827392578125
39,37.376522064208984,0.0,-12.144368171691895,0.0,0.0,0.0,0.0,3.2553271735507496,37.376522064208984,0.0,-12.144368171691895
40,38.8161506652832,0.0,-6.147873878479004,0.0,0.0,0.0,0.0,3.2553271735507496,38.8161506652832,0.0,-6.147873878479004
41,35.62215042114258,1.7999999523162842,0.0,0.32700681686401367,0.6421350836753845,-2.718719138705694e-10,0.7206045389175415,3.2553271735507496,36.686664598016336,3.890359739295048,-8.850320289481135e-10
42,35.1835823059082,1.7999999523162842,5.5725321769714355,0.21539080142974854,0.42137619853019714,0.009697099216282368,0.47333404421806335,3.2553271735507496,35.88474983473534,3.1717173416791504,5.604099407554817
43,33.87868118286133,1.7999999523162842,11.00784969329834,-0.03021857514977455,-0.08112116158008575,-0.04325013607740402,0.09676972776651382,3.2553271735507496,33.780309834030284,1.53592403067463,10.867056350065798
44,31.73957061767578,1.7999999523162842,16.172119140625,-0.2229752242565155,-0.5087733864784241,-0.13416974246501923,0.5714629292488098,3.2553271735507496,31.013713311124974,0.14377612213363267,15.735352732110316
45,28.818925857543945,1.7999999523162842,20.938175201416016,-0.24035362899303436,-0.5755814909934998,-0.1667192280292511,0.6456463932991028,3.2553271735507496,28.036496157821386,-0.0737061159077117,20.39544956805899
46,25.18866539001465,1.7999999523162842,25.18866539001465,-0.11213481426239014,-0.2647210359573364,-0.07609595358371735,0.2973920702934265,3.2553271735507496,24.823629882045225,0.9382463705538618,24.940948164516318
47,20.938175201416016,1.7999999523162842,28.818925857543945,0.03440709784626961,0.18524311482906342,0.0934997946023941,0.2103356122970581,3.2553271735507496,21.050181561997995,2.403026897732516,29.123298279634533
48,16.172119140625,1.7999999523162842,31.73957061767578,0.09859037399291992,0.4722428321838379,0.2197197675704956,0.530103862285614,3.2553271735507496,16.493063064134684,3.337304876438898,32.45483034761427
49,11.00784969329834,1.7999999523162842,33.87868118286133,0.07711954414844513,0.43894267082214355,0.20820999145507812,0.49190396070480347,3.2553271735507496,11.25889904097662,3.22890195627455,34.556472825849816
50,5.5725321769714355,1.7999999523162842,35.1835823059082,0.033745232969522476,0.15070763230323792,0.07005801796913147,0.16958673298358917,3.2553271735507496,5.6823839508349225,2.2906026030145092,35.41164407552822
51,0.0,1.7999999523162842,35.62215042114258,0.021326204761862755,-0.18437471985816956,-0.09511835128068924,0.20855776965618134,3.2553271735507496,0.06942377386999922,1.1997999166461777,35.31250906751521
52,-5.5725321769714355,1.7999999523162842,35.1835823059082,0.03753756731748581,-0.36821967363357544,-0.18317578732967377,0.4129747748374939,3.2553271735507496,-5.450335114053834,0.6013244429009175,34.58728518787736
53,-11.00784969329834,1.7999999523162842,33.87868118286133,0.04338455572724342,-0.325527548789978,-0.15793026983737946,0.36440688371658325,3.2553271735507496,-10.866618770127017,0.7403012770009012,33.3645664839335
54,-16.172119140625,1.7999999523162842,31.73957061767578,0.010774116031825542,-0.11842712759971619,-0.059852756559848785,0.1331293284893036,3.2553271735507496,-16.13704586793561,1.414480905755366,31.544730312834588
55,-20.938175201416016,1.7999999523162842,28.818925857543945,-0.04999987781047821,0.11911700665950775,0.03938305750489235,0.1350550800561905,3.2553271735507496,-21.100941162326684,2.1877647809270053,28.947130594817132
56,-25.18866539001465,1.7999999523162842,25.18866539001465,-0.100863978266716,0.2662782073020935,0.0891764685511589,0.2983790636062622,3.2553271735507496,-25.51701063929872,2.666822636271169,25.47896397133053
57,-28.818925857543945,1.7999999523162842,20.938175201416016,-0.10631966590881348,0.2679775357246399,0.08220285177230835,0.2997885048389435,3.2553271735507496,-29.165031155059744,2.672354506261871,21.205772378533776
58,-31.73957061767578,1.7999999523162842,16.172119140625,-0.05730454996228218,0.14283540844917297,0.04413163661956787,0.16010424494743347,3.2553271735507496,-31.926115676336096,2.2649759387860975,16.315782056525947
59,-33.87868118286133,1.7999999523162842,11.00784969329834,0.024021614342927933,-0.03938986361026764,0.008542576804757118,0.04692094400525093,3.2553271735507496,-33.80048296893824,1.6717730589433222,11.03565857570301
60,-35.1835823059082,1.7999999523162842,5.5725321769714355,0.09754707664251328,-0.19353052973747253,-0.005145110655575991,0.21678553521633148,3.2553271735507496,-34.866034656613394,1.1699947599502183,5.555783158443414
61,-35.62215042114258,1.7999999523162842,0.0,0.12687179446220398,-0.2531691789627075,-1.1253360743257446e-10,0.283180296421051,3.2553271735507496,-35.20914122107262,0.9758514445334496,-3.663337102129522e-10
62,-35.1835823059082,1.7999999523162842,-5.5725321769714355,0.09754707664251328,-0.19353052973747253,0.005145110655575991,0.21678553521633148,3.2553271735507496,-34.866034656613394,1.1699947599502183,-5.555783158443414
63,-33.87868118286133,1.7999999523162842,-11.00784969329834,0.024021612480282784,-0.03938985988497734,-0.008542577736079693,0.04692094027996063,3.2553271735507496,-33.800482975001756,1.6717730710703609,-11.03565857873477
64,-31.73957061767578,1.7999999523162842,-16.172119140625,-0.05730455368757248,0.14283540844917297,-0.04413164034485817,0.16010424494743347,3.2553271735507496,-31.926115688463135,2.2649759387860975,-16.315782068652986
65,-28.818925857543945,1.7999999523162842,-20.938175201416016,-0.10631966590881348,0.2679775357246399,-0.08220285177230835,0.2997885048389435,3.2553271735507496,-29.165031155059744,2.672354506261871,-21.205772378533776
66,-25.18866539001465,1.7999999523162842,-25.18866539001465,-0.100863978266716,0.2662782073020935,-0.0891764685511589,0.2983790636062622,3.2553271735507496,-25.51701063929872,2.666822636271169,-25.47896397133053
67,-20.938175201416016,1.7999999523162842,-28.818925857543945,-0.04999987781047821,0.11911699920892715,-0.03938305750489235,0.1350550651550293,3.2553271735507496,-21.100941162326684,2.187764756672928,-28.947130594817132
68,-16.172119140625,1.7999999523162842,-31.73957061767578,0.010774116963148117,-0.11842713505029678,0.059852760285139084,0.13312934339046478,3.2553271735507496,-16.13704586490385,1.4144808815012886,-31.54473030070755
69,-11.00784969329834,1.7999999523162842,-33.87868118286133,0.04338455945253372,-0.325527548789978,0.15793026983737946,0.36440688371658325,3.2553271735507496,-10.866618757999978,0.7403012770009012,-33.3645664839335
70,-5.5725321769714355,1.7999999523162842,-35.1835823059082,0.03753756731748581,-0.36821967363357544,0.18317578732967377,0.4129747748374939,3.2553271735507496,-5.450335114053834,0.6013244429009175,-34.58728518787736
71,-0.0,1.7999999523162842,-35.62215042114258,0.021326204761862755,-0.18437471985816956,0.09511835128068924,0.20855776965618134,3.2553271735507496,0.06942377386999922,1.1997999166461777,-35.31250906751521
72,5.5725321769714355,1.7999999523162842,-35.1835823059082,0.033745232969522476,0.15070763230323792,-0.07005802541971207,0.16958673298358917,3.2553271735507496,5.6823839508349225,2.2906026030145092,-35.4116440997823
73,11.00784969329834,1.7999999523162842,-33.87868118286133,0.07711954414844513,0.43894270062446594,-0.20820999145507812,0.49190396070480347,3.2553271735507496,11.25889904097662,3.2289020532908594,-34.556472825849816
74,16.172119140625,1.7999999523162842,-31.73957061767578,0.09859037399291992,0.4722428023815155,-0.2197197675704956,0.530103862285614,3.2553271735507496,16.493063064134684,3.3373047794225883,-32.45483034761427
75,20.938175201416016,1.7999999523162842,-28.818925857543945,0.03440709784626961,0.18524311482906342,-0.09349978715181351,0.2103356122970581,3.2553271735507496,21.050181561997995,2.403026897732516,-29.123298255380455
76,25.18866539001465,1.7999999523162842,-25.18866539001465,-0.11213481426239014,-0.2647210359573364,0.07609596103429794,0.2973920702934265,3.2553271735507496,24.823629882045225,0.9382463705538618,-24.94094814026224
77,28.818925857543945,1.7999999523162842,-20.938175201416016,-0.24035362899303436,-0.5755814909934998,0.1667192280292511,0.6456463932991028,3.2553271735507496,28.036496157821386,-0.0737061159077117,-20.39544956805899
78,31.73957061767578,1.7999999523162842,-16.172119140625,-0.2229752242565155,-0.5087733268737793,0.13416974246501923,0.571462869644165,3.2553271735507496,31.013713311124974,0.14377631616625264,-15.735352732110316
79,33.87868118286133,1.7999999523162842,-11.00784969329834,-0.030218571424484253,-0.08112114667892456,0.04325013607740402,0.09676971286535263,3.2553271735507496,33.78030984615732,1.5359240791827848,-10.867056350065798
80,35.1835823059082,1.7999999523162842,-5.5725321769714355,0.21539081633090973,0.42137619853019714,-0.009697100147604942,0.47333404421806335,3.2553271735507496,35.884749883243494,3.1717173416791504,-5.604099410586577
81,31.944303512573242,3.5999999046325684,0.0,0.5071263909339905,1.0,-5.383690715454748e-10,1.1212390661239624,3.2553271735507496,33.59516583340538,6.855327078183318,-1.7525674680012717e-09
82,31.551015853881836,3.5999999046325684,4.997189998626709,0.3371759057044983,0.6596927046775818,0.0059104058891534805,0.740889310836792,3.2553271735507496,32.64863374198828,5.74751549236269,5.016430303524385
83,30.38083839416504,3.5999999046325684,9.871333122253418,-0.03939546272158623,-0.11795270442962646,-0.07694804668426514,0.1462389975786209,3.2553271735507496,30.252593273852852,3.2160252607090056,9.620842054930478
84,28.462583541870117,3.5999999046325684,14.502409934997559,-0.3413078486919403,-0.7875145077705383,-0.21170060336589813,0.8840177059173584,3.2553271735507496,27.351514827477097,1.0363825279216918,13.813255208203461
85,25.84348487854004,3.5999999046325684,18.776390075683594,-0.37866780161857605,-0.9049595594406128,-0.25740867853164673,1.0141993761062622,3.2553271735507496,24.610797294182365,0.6540604598210269,17.938440609751733
86,22.58803367614746,3.5999999046325684,22.58803367614746,-0.1879977285861969,-0.43264609575271606,-0.11785940080881119,0.4862269461154938,3.2553271735507496,21.976039561714995,2.1915953125981122,22.20436276603613
87,18.776390075683594,3.5999999046325684,25.84348487854004,0.04184294119477272,0.2716550827026367,0.14324909448623657,0.30994775891304016,3.2553271735507496,18.912602539176223,4.484326077187638,26.309807548407623
88,14.502409934997559,3.5999999046325684,28.462583541870117,0.1524064540863037,0.7386472821235657,0.3426807224750519,0.8284066915512085,3.2553271735507496,14.998542806409217,6.004538473798819,29.578121409595155
89,9.871333122253418,3.5999999046325684,30.38083839416504,0.12847796082496643,0.7084599733352661,0.3326578140258789,0.7931477427482605,3.2553271735507496,10.28957091932932,5.9062689072039,31.463748415657474
90,4.997189998626709,3.5999999046325684,31.551015853881836,0.06218448281288147,0.2643905282020569,0.12166297435760498,0.2976090610027313,3.2553271735507496,5.199620835300681,4.46067757551816,31.947068640323156
91,0.0,3.5999999046325684,31.944303512573242,0.038048241287469864,-0.2753885090351105,-0.14179274439811707,0.3120764195919037,3.2553271735507496,0.1238594737689162,2.703520207886947,31.482721738721715
92,-4.997189998626709,3.5999999046325684,31.551015853881836,0.059435777366161346,-0.5902031064033508,-0.2920840084552765,0.6611999869346619,3.2553271735507496,-4.803707097485531,1.678695694443676,30.600186844197747
93,-9.871333122253418,3.5999999046325684,30.38083839416504,0.06875364482402802,-0.542008101940155,-0.26229435205459595,0.6060513257980347,3.2553271735507496,-9.647517513977103,1.835586202102117,29.526984462452827
94,-14.502409934997559,3.5999999046325684,28.462583541870117,0.018843647092580795,-0.21413077414035797,-0.1078837513923645,0.24051189422607422,3.2553271735507496,-14.441067698568279,2.9029341768800028,28.111386634377958
95,-18.776390075683594,3.5999999046325684,25.84348487854004,-0.07900290191173553,0.18131664395332336,0.05748428404331207,0.20596511662006378,3.2553271735507496,-19.03357036906623,4.190244902710848,26.030615030438344
96,-22.58803367614746,3.5999999046325684,22.58803367614746,-0.16517439484596252,0.4390815198421478,0.1462339460849762,0.4913853108882904,3.2553271735507496,-23.125730372064325,5.029353907578675,23.064073014533438
97,-25.84348487854004,3.5999999046325684,18.776390075683594,-0.17853817343711853,0.45487847924232483,0.13964039087295532,0.5082221627235413,3.2553271735507496,-26.424685046046008,5.080778178773549,19.230965234617575
98,-28.462583541870117,3.5999999046325684,14.502409934997559,-0.09927896410226822,0.249759241938591,0.07718013226985931,0.2796297073364258,3.2553271735507496,-28.7857690514742,4.413047951760699,14.753656516833873
99,-30.38083839416504,3.5999999046325684,9.871333122253418,0.0378829650580883,-0.060727573931217194,0.016150150448083878,0.07337427884340286,3.2553271735507496,-30.25751694859677,3.402311783030465,9.923907145863998
100,-31.551015853881836,3.5999999046325684,4.997189998626709,0.16404953598976135,-0.32750096917152405,-0.008220219053328037,0.36638328433036804,3.2553271735507496,-31.016980941565976,2.5338771003242995,4.970430496169871
101,-31.944303512573242,3.5999999046325684,0.0,0.21474385261535645,-0.4313957691192627,-1.8597609563464346e-10,0.4818892478942871,3.2553271735507496,-31.245242013801494,2.1956655348638074,-6.054130377503278e-10
102,-31.551015853881836,3.5999999046325684,-4.997189998626709,0.16404953598976135,-0.32750096917152405,0.008220218122005463,0.36638328433036804,3.2553271735507496,-31.016980941565976,2.5338771003242995,-4.970430499201631
103,-30.38083839416504,3.5999999046325684,-9.871333122253418,0.0378829650580883,-0.0607275664806366,-0.016150152310729027,0.07337427139282227,3.2553271735507496,-30.25751694859677,3.4023118072845424,-9.923907151927517
104,-28.462583541870117,3.5999999046325684,-14.502409934997559,-0.09927897155284882,0.2497592568397522,-0.07718013226985931,0.2796297073364258,3.2553271735507496,-28.78576907572828,4.413048000268855,-14.753656516833873
105,-25.84348487854004,3.5999999046325684,-18.776390075683594,-0.17853817343711853,0.45487847924232483,-0.13964039087295532,0.5082221627235413,3.2553271735507496,-26.424685046046008,5.080778178773549,-19.230965234617575
106,-22.58803367614746,3.5999999046325684,-22.58803367614746,-0.16517439484596252,0.43908149003982544,-0.1462339460849762,0.491385281085968,3.2553271735507496,-23.125730372064325,5.029353810562365,-23.064073014533438
107,-18.776390075683594,3.5999999046325684,-25.84348487854004,-0.07900290191173553,0.18131662905216217,-0.057484280318021774,0.2059651017189026,3.2553271735507496,-19.03357036906623,4.190244854202693,-26.030615018311305
108,-14.502409934997559,3.5999999046325684,-28.462583541870117,0.018843648955225945,-0.21413078904151917,0.1078837588429451,0.2405119240283966,3.2553271735507496,-14.44106769250476,2.902934128371848,-28.111386610123883
109,-9.871333122253418,3.5999999046325684,-30.38083839416504,0.06875364482402802,-0.542008101940155,0.26229435205459595,0.6060513257980347,3.2553271735507496,-9.647517513977103,1.835586202102117,-29.526984462452827
110,-4.997189998626709,3.5999999046325684,-31.551015853881836,0.059435777366161346,-0.5902031064033508,0.2920839786529541,0.6611999273300171,3.2553271735507496,-4.803707097485531,1.678695694443676,-30.60018694121406
111,-0.0,3.5999999046325684,-31.944303512573242,0.038048241287469864,-0.2753884792327881,0.14179272949695587,0.3120763599872589,3.2553271735507496,0.1238594737689162,2.703520304903257,-31.48272178722987
112,4.997189998626709,3.5999999046325684,-31.551015853881836,0.06218448653817177,0.2643905282020569,-0.12166298180818558,0.2976090610027313,3.2553271735507496,5.19962084742772,4.46067757551816,-31.947068664577234
113,9.871333122253418,3.5999999046325684,-30.38083839416504,0.12847796082496643,0.7084599733352661,-0.3326578140258789,0.7931477427482605,3.2553271735507496,10.28957091932932,5.9062689072039,-31.463748415657474
114,14.502409934997559,3.5999999046325684,-28.462583541870117,0.1524064540863037,0.7386472821235657,-0.3426807224750519,0.8284066915512085,3.2553271735507496,14.998542806409217,6.004538473798819,-29.578121409595155
115,18.776390075683594,3.5999999046325684,-25.84348487854004,0.04184293746948242,0.27165505290031433,-0.14324907958507538,0.3099477291107178,3.2553271735507496,18.912602527049184,4.484325980171328,-26.30980749989947
116,22.58803367614746,3.5999999046325684,-22.58803367614746,-0.1879977285861969,-0.43264609575271606,0.11785940080881119,0.4862269461154938,3.2553271735507496,21.976039561714995,2.1915953125981122,-22.20436276603613
117,25.84348487854004,3.5999999046325684,-18.776390075683594,-0.37866780161857605,-0.9049595594406128,0.25740867853164673,1.0141993761062622,3.2553271735507496,24.610797294182365,0.6540604598210269,-17.938440609751733
118,28.462583541870117,3.5999999046325684,-14.502409934997559,-0.3413078486919403,-0.7875145077705383,0.21170060336589813,0.8840177059173584,3.2553271735507496,27.351514827477097,1.0363825279216918,-13.813255208203461
119,30.38083839416504,3.5999999046325684,-9.871333122253418,-0.03939545527100563,-0.11795268952846527,0.07694804668426514,0.14623898267745972,3.2553271735507496,30.25259329810693,3.2160253092171605,-9.620842054930478
120,31.551015853881836,3.5999999046325684,-4.997189998626709,0.3371759057044983,0.6596927046775818,-0.00591040775179863,0.740889310836792,3.2553271735507496,32.64863374198828,5.74751549236269,-5.016430309587904
121,29.49812126159668,5.449999809265137,0.0,-0.049550969153642654,0.26492422819137573,1.8911823496114977e-10,0.2695183753967285,3.2553271735507496,29.33681664523505,6.312414848228482,6.156417292829862e-10
122,29.134950637817383,5.449999809265137,4.614522933959961,-0.03181423246860504,0.18000544607639313,0.012841365300118923,0.18324574828147888,3.2553271735507496,29.031384902356674,6.0359764292647435,4.65632577936693
123,28.054380416870117,5.449999809265137,9.115421295166016,0.005915758665651083,-0.018665725365281105,0.026242848485708237,0.03274282440543175,3.2553271735507496,28.07363814680658,5.3892367662695015,9.200850352952918
124,26.283018112182617,5.449999809265137,13.391866683959961,0.03272344544529915,-0.20159943401813507,0.031377773731946945,0.2066342681646347,3.2553271735507496,26.389543633352904,4.79372769353345,13.494011603435094
125,23.864482879638672,5.449999809265137,17.338560104370117,0.03199361264705658,-0.2533459961414337,0.017282666638493538,0.25594234466552734,3.2553271735507496,23.96863255626869,4.625275703715644,17.394820838709823
126,20.858322143554688,5.449999809265137,20.858322143554688,0.013546468690037727,-0.14639531075954437,-0.012190927751362324,0.14752529561519623,3.2553271735507496,20.90242033118702,4.973435176069185,20.818636685174884
127,17.338560104370117,5.449999809265137,23.864482879638672,-0.002430326770991087,0.046056244522333145,-0.0353287011384964,0.05809648334980011,3.2553271735507496,17.330648595591903,5.599927953570385,23.74947639881627
128,13.391866683959961,5.449999809265137,26.283018112182617,-0.007661464624106884,0.20183421671390533,-0.032077349722385406,0.204510897397995,3.2553271735507496,13.366926109979907,6.107036219486243,26.178595843975845
129,9.115421295166016,5.449999809265137,28.054380416870117,-0.00862563494592905,0.2286396324634552,-0.0053589134477078915,0.22886502742767334,3.2553271735507496,9.087342031337403,6.194296617774079,28.036935400303086
130,4.614522933959961,5.449999809265137,29.134950637817383,-0.011785721406340599,0.11849116533994675,0.020913071930408478,0.12089837342500687,3.2553271735507496,4.576156554806001,5.83572731962196,29.203029529154865
131,0.0,5.449999809265137,29.49812126159668,-0.013407537713646889,-0.054400332272052765,0.025262534618377686,0.06146018207073212,3.2553271735507496,-0.04364592184964121,5.272908929369733,29.580359077012652
132,-4.614522933959961,5.449999809265137,29.134950637817383,-0.006005554459989071,-0.18530213832855225,0.008225840516388416,0.18558183312416077,3.2553271735507496,-4.634072978585802,4.846780723047141,29.161728439975676
133,-9.115421295166016,5.449999809265137,28.054380416870117,0.009050925262272358,-0.20301438868045807,-0.011116424575448036,0.20351986587047577,3.2553271735507496,-9.085957572213964,4.789121553171848,28.018192817876933
134,-13.391866683959961,5.449999809265137,26.283018112182617,0.01981087028980255,-0.10684727132320404,-0.015537233091890812,0.10977347195148468,3.2553271735507496,-13.327375819573877,5.102176983506961,26.232439335096792
135,-17.338560104370117,5.449999809265137,23.864482879638672,0.015393543057143688,0.041438620537519455,-0.0046799457632005215,0.044452473521232605,3.2553271735507496,-17.288449085358973,5.584896076735382,23.84924812502498
136,-20.858322143554688,5.449999809265137,20.858322143554688,-0.002356624463573098,0.15869098901748657,0.008220337331295013,0.1589212268590927,3.2553271735507496,-20.86599372720881,5.966590898011404,20.885082031045005
137,-23.864482879638672,5.449999809265137,17.338560104370117,-0.019270034506917,0.18555307388305664,0.010784394107758999,0.18686246871948242,3.2553271735507496,-23.9272131466043,6.0540357728125205,17.373666835559387
138,-26.283018112182617,5.449999809265137,13.391866683959961,-0.020980097353458405,0.1135132908821106,0.0025137807242572308,0.11546319723129272,3.2553271735507496,-26.35131519320107,5.819522709632842,13.400049862659984
139,-28.054380416870117,5.449999809265137,9.115421295166016,-0.005727150943130255,-0.01522184256464243,-0.006695226300507784,0.017587803304195404,3.2553271735507496,-28.073024166962316,5.400447731532945,9.093626143056902
140,-29.134950637817383,5.449999809265137,4.614522933959961,0.014274988323450089,-0.1325809359550476,-0.007534524891525507,0.133559912443161,3.2553271735507496,-29.088480880425937,5.018405485755879,4.589995590340783
141,-29.49812126159668,5.449999809265137,0.0,0.0232683215290308,-0.179382786154747,3.859220581992062e-11,0.18088559806346893,3.2553271735507496,-29.42237526224031,4.866050151028346,1.25630256292851e-10
142,-29.134950637817383,5.449999809265137,-4.614522933959961,0.014274987392127514,-0.1325809359550476,0.007534524891525507,0.133559912443161,3.2553271735507496,-29.088480883457695,5.018405485755879,-4.589995590340783
143,-28.054380416870117,5.449999809265137,-9.115421295166016,-0.005727151408791542,-0.015221839770674706,0.006695225834846497,0.017587801441550255,3.2553271735507496,-28.073024168478195,5.400447740628223,-9.09362614457278
144,-26.283018112182617,5.449999809265137,-13.391866683959961,-0.020980099216103554,0.1135132908821106,-0.0025137807242572308,0.11546319723129272,3.2553271735507496,-26.35131519926459,5.819522709632842,-13.400049862659984
145,-23.864482879638672,5.449999809265137,-17.338560104370117,-0.019270034506917,0.18555307388305664,-0.010784394107758999,0.18686246871948242,3.2553271735507496,-23.9272131466043,6.0540357728125205,-17.373666835559387
146,-20.858322143554688,5.449999809265137,-20.858322143554688,-0.002356623997911811,0.15869098901748657,-0.008220336399972439,0.1589212268590927,3.2553271735507496,-20.86599372569293,5.966590898011404,-20.885082028013247
147,-17.338560104370117,5.449999809265137,-23.864482879638672,0.015393543057143688,0.041438620537519455,0.004679946228861809,0.044452473521232605,3.2553271735507496,-17.288449085358973,5.584896076735382,-23.849248123509103
148,-13.391866683959961,5.449999809265137,-26.283018112182617,0.01981087028980255,-0.10684727132320404,0.015537233091890812,0.10977347195148468,3.2553271735507496,-13.327375819573877,5.102176983506961,-26.232439335096792
149,-9.115421295166016,5.449999809265137,-28.054380416870117,0.009050925262272358,-0.20301438868045807,0.011116424575448036,0.20351986587047577,3.2553271735507496,-9.085957572213964,4.789121553171848,-28.018192817876933
150,-4.614522933959961,5.449999809265137,-29.134950637817383,-0.006005554459989071,-0.18530213832855225,-0.008225840516388416,0.18558183312416077,3.2553271735507496,-4.634072978585802,4.846780723047141,-29.161728439975676
151,-0.0,5.449999809265137,-29.49812126159668,-0.013407537713646889,-0.054400332272052765,-0.025262534618377686,0.06146018207073212,3.2553271735507496,-0.04364592184964121,5.272908929369733,-29.580359077012652
152,4.614522933959961,5.449999809265137,-29.134950637817383,-0.011785721406340599,0.11849116533994675,-0.020913071930408478,0.12089837342500687,3.2553271735507496,4.576156554806001,5.83572731962196,-29.203029529154865
153,9.115421295166016,5.449999809265137,-28.054380416870117,-0.008625634014606476,0.2286396473646164,0.005358913913369179,0.22886504232883453,3.2553271735507496,9.087342034369163,6.194296666282233,-28.036935398787207
154,13.391866683959961,5.449999809265137,-26.283018112182617,-0.007661464158445597,0.20183421671390533,0.032077349722385406,0.204510897397995,3.2553271735507496,13.366926111495788,6.107036219486243,-26.178595843975845
155,17.338560104370117,5.449999809265137,-23.864482879638672,-0.0024303263053297997,0.04605624079704285,0.0353287011384964,0.05809647962450981,3.2553271735507496,17.330648597107782,5.599927941443347,-23.74947639881627
156,20.858322143554688,5.449999809265137,-20.858322143554688,0.013546469621360302,-0.14639531075954437,0.01219092682003975,0.14752529561519623,3.2553271735507496,20.90242033421878,4.973435176069185,-20.818636688206645
157,23.864482879638672,5.449999809265137,-17.338560104370117,0.03199361264705658,-0.2533459961414337,-0.017282666638493538,0.25594234466552734,3.2553271735507496,23.96863255626869,4.625275703715644,-17.394820838709823
158,26.283018112182617,5.449999809265137,-13.391866683959961,0.03272344544529915,-0.20159943401813507,-0.031377777457237244,0.2066342681646347,3.2553271735507496,26.389543633352904,4.79372769353345,-13.494011615562133
159,28.054380416870117,5.449999809265137,-9.115421295166016,0.005915758199989796,-0.018665719777345657,-0.026242848485708237,0.03274282068014145,3.2553271735507496,28.0736381452907,5.38923678446006,-9.200850352952918
160,29.134950637817383,5.449999809265137,-4.614522933959961,-0.03181423246860504,0.18000544607639313,-0.012841365300118923,0.18324574828147888,3.2553271735507496,29.031384902356674,6.0359764292647435,-4.65632577936693
161,27.05194091796875,7.300000190734863,0.0,-0.665966808795929,-0.5471620559692383,1.0071870004679795e-09,0.8619153499603271,3.2553271735507496,24.884001068612484,5.518808681602305,3.2787232114704852e-09
162,26.71888542175293,7.300000190734863,4.231855869293213,-0.4439867436885834,-0.35437771677970886,0.021889397874474525,0.5684952735900879,3.2553271735507496,25.273563310327173,6.146384779601005,4.303113021006654
163,25.727924346923828,7.300000190734863,8.359509468078613,0.047668538987636566,0.08037461340427399,0.14058764278888702,0.16881129145622253,3.2553271735507496,25.883101037213745,7.561645853813433,8.817168241914723
164,24.103456497192383,7.300000190734863,12.28132438659668,0.44211018085479736,0.43977630138397217,0.3001094460487366,0.6920478940010071,3.2553271735507496,25.54266978263244,8.731615934913751,13.258278821358395
165,21.885480880737305,7.300000190734863,15.900732040405273,0.49378377199172974,0.47797518968582153,0.32631203532218933,0.7607642412185669,3.2553271735507496,23.49290861156037,8.855965814002193,16.96298447604625
166,19.128610610961914,7.300000190734863,19.128610610961914,0.25227126479148865,0.19640204310417175,0.11747527867555618,0.34060972929000854,3.2553271735507496,19.949836114343665,7.939353098592759,19.5110310778549
167,15.900732040405273,7.300000190734863,21.885480880737305,-0.039847906678915024,-0.18162763118743896,-0.2214527577161789,0.2891673743724823,3.2553271735507496,15.771014066984288,6.708742827462739,21.164579700886076
168,12.28132438659668,7.300000190734863,24.103456497192383,-0.18519844114780426,-0.39608505368232727,-0.45099151134490967,0.6281521916389465,3.2553271735507496,11.678442868628993,6.010613752445476,22.635331575270577
169,8.359509468078613,7.300000190734863,25.727924346923828,-0.16845448315143585,-0.33448296785354614,-0.4031980633735657,0.5502948760986328,3.2553271735507496,7.811135011569297,6.211148696391312,24.415382734900824
170,4.231855869293213,7.300000190734863,26.71888542175293,-0.10016929358243942,-0.0814213827252388,-0.11917665600776672,0.17568837106227875,3.2553271735507496,3.905772045938915,7.034946951041318,26.330926414997936
171,0.0,7.300000190734863,27.05194091796875,-0.07274684309959412,0.17511242628097534,0.19921875,0.2750355899333954,3.2553271735507496,-0.23681477513214158,7.870048430433725,27.700463128324564
172,-4.231855869293213,7.300000190734863,26.71888542175293,-0.08259415626525879,0.28479260206222534,0.3575236201286316,0.4644908607006073,3.2553271735507496,-4.5007268705600065,8.22709328705425,27.8827417775439
173,-8.359509468078613,7.300000190734863,25.727924346923828,-0.06758730113506317,0.21762904524803162,0.3002232313156128,0.3769143521785736,3.2553271735507496,-8.579528246050542,8.008453935484686,26.705249189956756
174,-12.28132438659668,7.300000190734863,24.103456497192383,0.009339924901723862,0.050031013786792755,0.1133367046713829,0.12423986941576004,3.2553271735507496,-12.250919875265176,7.462867509435302,24.472404551669833
175,-15.900732040405273,7.300000190734863,21.885480880737305,0.11974573135375977,-0.1084795892238617,-0.06934130936861038,0.17582684755325317,3.2553271735507496,-15.51092050721267,6.946863636158803,21.65975223210008
176,-19.128610610961914,7.300000190734863,19.128610610961914,0.19634412229061127,-0.1835624873638153,-0.1609201580286026,0.31327542662620544,3.2553271735507496,-18.489446254302315,6.702444237574869,18.604762847759325
177,-21.885480880737305,7.300000190734863,15.900732040405273,0.18700268864631653,-0.16103404760360718,-0.15382876992225647,0.290801078081131,3.2553271735507496,-21.2767259468599,6.775781679703976,15.399969065603466
178,-24.103456497192383,7.300000190734863,12.28132438659668,0.08871918171644211,-0.07225988805294037,-0.09375714510679245,0.14792899787425995,3.2553271735507496,-23.81464653413566,7.064770613598391,11.976114204415998
179,-25.727924346923828,7.300000190734863,8.359509468078613,-0.054387398064136505,0.03458702564239502,-0.034241754561662674,0.07298458367586136,3.2553271735507496,-25.904973121740735,7.412592275160848,8.248041353983977
180,-26.71888542175293,7.300000190734863,4.231855869293213,-0.1772366613149643,0.11677325516939163,-0.004307715687900782,0.21229079365730286,3.2553271735507496,-27.295848741480945,7.680135341431759,4.217832845358458
181,-27.05194091796875,7.300000190734863,0.0,-0.22518759965896606,0.14719133079051971,3.186554631273708e-10,0.2690255641937256,3.2553271735507496,-27.78500023028525,7.77915612956834,1.037327788118929e-09
182,-26.71888542175293,7.300000190734863,-4.231855869293213,-0.1772366613149643,0.11677325516939163,0.004307716619223356,0.21229079365730286,3.2553271735507496,-27.295848741480945,7.680135341431759,-4.217832842326699
183,-25.727924346923828,7.300000190734863,-8.359509468078613,-0.05438739433884621,0.03458702191710472,0.03424175828695297,0.07298457622528076,3.2553271735507496,-25.904973109613696,7.41259226303381,-8.248041341856938
184,-24.103456497192383,7.300000190734863,-12.28132438659668,0.0887191891670227,-0.07225988805294037,0.09375714510679245,0.14792899787425995,3.2553271735507496,-23.814646509881584,7.064770613598391,-11.976114204415998
185,-21.885480880737305,7.300000190734863,-15.900732040405273,0.18700268864631653,-0.16103404760360718,0.15382878482341766,0.290801078081131,3.2553271735507496,-21.2767259468599,6.775781679703976,-15.39996901709531
186,-19.128610610961914,7.300000190734863,-19.128610610961914,0.19634412229061127,-0.1835624873638153,0.1609201580286026,0.31327542662620544,3.2553271735507496,-18.489446254302315,6.702444237574869,-18.604762847759325
187,-15.900732040405273,7.300000190734863,-21.885480880737305,0.11974573135375977,-0.1084795817732811,0.06934130191802979,0.17582684755325317,3.2553271735507496,-15.51092050721267,6.94686366041288,-21.659752256354157
188,-12.28132438659668,7.300000190734863,-24.103456497192383,0.009339922107756138,0.050031017512083054,-0.1133367046713829,0.12423986941576004,3.2553271735507496,-12.250919884360453,7.462867521562341,-24.472404551669833
189,-8.359509468078613,7.300000190734863,-25.727924346923828,-0.06758730858564377,0.21762904524803162,-0.3002232313156128,0.3769143521785736,3.2553271735507496,-8.57952827030462,8.008453935484686,-26.705249189956756
190,-4.231855869293213,7.300000190734863,-26.71888542175293,-0.08259415626525879,0.28479260206222534,-0.3575236201286316,0.4644908607006073,3.2553271735507496,-4.5007268705600065,8.22709328705425,-27.8827417775439
191,-0.0,7.300000190734863,-27.05194091796875,-0.07274684309959412,0.17511241137981415,-0.19921875,0.2750355899333954,3.2553271735507496,-0.23681477513214158,7.87004838192557,-27.700463128324564
192,4.231855869293213,7.300000190734863,-26.71888542175293,-0.10016929358243942,-0.0814213827252388,0.11917666345834732,0.17568838596343994,3.2553271735507496,3.905772045938915,7.034946951041318,-26.33092639074386
193,8.359509468078613,7.300000190734863,-25.727924346923828,-0.16845448315143585,-0.33448296785354614,0.4031980633735657,0.5502948760986328,3.2553271735507496,7.811135011569297,6.211148696391312,-24.415382734900824
194,12.28132438659668,7.300000190734863,-24.103456497192383,-0.18519842624664307,-0.39608505368232727,0.45099151134490967,0.6281521916389465,3.2553271735507496,11.678442917137149,6.010613752445476,-22.635331575270577
195,15.900732040405273,7.300000190734863,-21.885480880737305,-0.03984789922833443,-0.18162763118743896,0.2214527577161789,0.2891673743724823,3.2553271735507496,15.771014091238364,6.708742827462739,-21.164579700886076
196,19.128610610961914,7.300000190734863,-19.128610610961914,0.25227126479148865,0.19640205800533295,-0.11747528612613678,0.34060975909233093,3.2553271735507496,19.949836114343665,7.939353147100914,-19.511031102108976
197,21.885480880737305,7.300000190734863,-15.900732040405273,0.49378377199172974,0.47797518968582153,-0.32631203532218933,0.7607642412185669,3.2553271735507496,23.49290861156037,8.855965814002193,-16.96298447604625
198,24.103456497192383,7.300000190734863,-12.28132438659668,0.44211018085479736,0.43977630138397217,-0.3001094460487366,0.6920478940010071,3.2553271735507496,25.54266978263244,8.731615934913751,-13.258278821358395
199,25.727924346923828,7.300000190734863,-8.359509468078613,0.04766852781176567,0.08037460595369339,-0.14058764278888702,0.16881129145622253,3.2553271735507496,25.883101000832628,7.561645829559355,-8.817168241914723
200,26.71888542175293,7.300000190734863,-4.231855869293213,-0.4439867436885834,-0.35437771677970886,-0.021889394149184227,0.5684952735900879,3.2553271735507496,25.273563310327173,6.146384779601005,-4.303113008879615
201,25.46137046813965,9.100000381469727,0.0,-0.8582599759101868,-0.7126431465148926,1.0391637550455357e-09,1.1155582666397095,3.2553271735507496,22.667453446588205,6.780113781575089,3.3828180095687673e-09
202,25.147899627685547,9.100000381469727,3.9830360412597656,-0.5742025971412659,-0.46773549914360046,0.0034164118114858866,0.7406057119369507,3.2553271735507496,23.278682310088172,7.577368301073241,3.9941575794657354
203,24.21520233154297,9.100000381469727,7.8679962158203125,0.05715824291110039,0.08987455070018768,0.14883629977703094,0.1830211579799652,3.2553271735507496,24.401271112883887,9.392571448574712,8.352507066895226
204,22.686246871948242,9.100000381469727,11.559220314025879,0.5685275793075562,0.5645456910133362,0.37203386425971985,0.8833711743354797,3.2553271735507496,24.536990149781158,10.937781310136424,12.770312261831636
205,20.59868049621582,9.100000381469727,14.965818405151367,0.6415567398071289,0.6384497880935669,0.43924251198768616,1.006055235862732,3.2553271735507496,22.687157584684595,11.178363325598433,16.395696490203573
206,18.003908157348633,9.100000381469727,18.003908157348633,0.33221468329429626,0.29290950298309326,0.1943119466304779,0.4836524724960327,3.2553271735507496,19.08537564332911,10.053516645921835,18.636457117360372
207,14.965818405151367,9.100000381469727,20.59868049621582,-0.04957674816250801,-0.20612868666648865,-0.25086843967437744,0.32845374941825867,3.2553271735507496,14.804429869681673,8.428984066515978,19.782021647557542
208,11.559220314025879,9.100000381469727,22.686246871948242,-0.2417716383934021,-0.5223644375801086,-0.5866341590881348,0.8218623995780945,3.2553271735507496,10.772174529769952,7.399533233318644,20.776560752935545
209,7.8679962158203125,9.100000381469727,24.21520233154297,-0.21653661131858826,-0.4823528230190277,-0.566676676273346,0.7750321626663208,3.2553271735507496,7.163098700926315,7.52978412945697,22.370484348652923
210,3.9830360412597656,9.100000381469727,25.147899627685547,-0.12049892544746399,-0.16187655925750732,-0.20884397625923157,0.29041317105293274,3.2553271735507496,3.59077261486697,8.573039219357865,24.468044156736482
211,0.0,9.100000381469727,25.46137046813965,-0.08641467988491058,0.20579946041107178,0.23556362092494965,0.32451677322387695,3.2553271735507496,-0.2813080556230388,9.76994495724797,26.228207124436643
212,-3.9830360412597656,9.100000381469727,25.147899627685547,-0.11593526601791382,0.40246912837028503,0.48975229263305664,0.6444219946861267,3.2553271735507496,-4.3604432631007155,10.4101690715688,26.742203574202716
213,-7.8679962158203125,9.100000381469727,24.21520233154297,-0.11672183126211166,0.34984979033470154,0.4437990188598633,0.5770410895347595,3.2553271735507496,-8.24796396487447,10.238875910607312,25.659913337232645
214,-11.559220314025879,9.100000381469727,22.686246871948242,-0.019363757222890854,0.12166011333465576,0.1903502196073532,0.22673627734184265,3.2553271735507496,-11.622255679095595,9.496043854345295,23.305899114327413
215,-14.965818405151367,9.100000381469727,20.59868049621582,0.14903143048286438,-0.13319939374923706,-0.08383175730705261,0.2167491912841797,3.2553271735507496,-14.48067233978736,8.66639277549735,20.32578069864766
216,-18.003908157348633,9.100000381469727,18.003908157348633,0.28715595602989197,-0.2854233384132385,-0.23571912944316864,0.46849602460861206,3.2553271735507496,-17.06912157063758,8.17085403196754,17.23656526994656
217,-20.59868049621582,9.100000381469727,14.965818405151367,0.2986915707588196,-0.2811773717403412,-0.23439106345176697,0.47245797514915466,3.2553271735507496,-19.626341709414078,8.184676042655813,14.202798807059372
218,-22.686246871948242,9.100000381469727,11.559220314025879,0.15922684967517853,-0.1461362987756729,-0.14148738980293274,0.2583170235157013,3.2553271735507496,-22.167911381441755,8.624278917023148,11.098632569285625
219,-24.21520233154297,9.100000381469727,7.8679962158203125,-0.06935857236385345,0.04390743002295494,-0.045208629220724106,0.09371389448642731,3.2553271735507496,-24.440987176877705,9.24293343154423,7.7208273366391085
220,-25.147899627685547,9.100000381469727,3.9830360412597656,-0.2754347622394562,0.20199236273765564,0.0004726707411464304,0.34156322479248047,3.2553271735507496,-26.044529893744137,9.757551608739337,3.984574739167562
221,-25.46137046813965,9.100000381469727,0.0,-0.3575630784034729,0.26267895102500916,4.460458946642376e-10,0.4436796009540558,3.2553271735507496,-26.62535527352493,9.955106308661245,1.452025321551248e-09
222,-25.147899627685547,9.100000381469727,-3.9830360412597656,-0.2754347622394562,0.20199236273765564,-0.00047266960609704256,0.34156322479248047,3.2553271735507496,-26.044529893744137,9.757551608739337,-3.984574735472605
223,-24.21520233154297,9.100000381469727,-7.8679962158203125,-0.06935857236385345,0.04390742629766464,0.045208632946014404,0.09371389448642731,3.2553271735507496,-24.440987176877705,9.242933419417191,-7.72082732451207
224,-22.686246871948242,9.100000381469727,-11.559220314025879,0.15922684967517853,-0.1461363136768341,0.14148738980293274,0.2583170533180237,3.2553271735507496,-22.167911381441755,8.624278868514992,-11.098632569285625
225,-20.59868049621582,9.100000381469727,-14.965818405151367,0.2986915707588196,-0.2811773717403412,0.23439106345176697,0.47245797514915466,3.2553271735507496,-19.626341709414078,8.184676042655813,-14.202798807059372
226,-18.003908157348633,9.100000381469727,-18.003908157348633,0.28715595602989197,-0.2854233384132385,0.23571912944316864,0.46849602460861206,3.2553271735507496,-17.06912157063758,8.17085403196754,-17.23656526994656
227,-14.965818405151367,9.100000381469727,-20.59868049621582,0.14903143048286438,-0.13319939374923706,0.08383174985647202,0.2167491912841797,3.2553271735507496,-14.48067233978736,8.66639277549735,-20.325780722901737
228,-11.559220314025879,9.100000381469727,-22.686246871948242,-0.019363760948181152,0.12166011333465576,-0.1903502345085144,0.22673629224300385,3.2553271735507496,-11.622255691222634,9.496043854345295,-23.305899162835566
229,-7.8679962158203125,9.100000381469727,-24.21520233154297,-0.11672183871269226,0.34984979033470154,-0.4437990188598633,0.5770410895347595,3.2553271735507496,-8.247963989128547,10.238875910607312,-25.659913337232645
230,-3.9830360412597656,9.100000381469727,-25.147899627685547,-0.11593526601791382,0.40246912837028503,-0.48975229263305664,0.6444219946861267,3.2553271735507496,-4.3604432631007155,10.4101690715688,-26.742203574202716
231,-0.0,9.100000381469727,-25.46137046813965,-0.08641467988491058,0.20579944550991058,-0.23556362092494965,0.32451674342155457,3.2553271735507496,-0.2813080556230388,9.769944908739815,-26.228207124436643
232,3.9830360412597656,9.100000381469727,-25.147899627685547,-0.12049892544746399,-0.16187655925750732,0.20884397625923157,0.29041317105293274,3.2553271735507496,3.59077261486697,8.573039219357865,-24.468044156736482
233,7.8679962158203125,9.100000381469727,-24.21520233154297,-0.21653661131858826,-0.4823528528213501,0.566676676273346,0.7750321626663208,3.2553271735507496,7.163098700926315,7.52978403244066,-22.370484348652923
234,11.559220314025879,9.100000381469727,-22.686246871948242,-0.2417716383934021,-0.5223644375801086,0.5866341590881348,0.8218623995780945,3.2553271735507496,10.772174529769952,7.399533233318644,-20.776560752935545
235,14.965818405151367,9.100000381469727,-20.59868049621582,-0.049576740711927414,-0.20612868666648865,0.25086843967437744,0.32845374941825867,3.2553271735507496,14.804429893935751,8.428984066515978,-19.782021647557542
236,18.003908157348633,9.100000381469727,-18.003908157348633,0.33221468329429626,0.29290950298309326,-0.1943119615316391,0.4836524724960327,3.2553271735507496,19.08537564332911,10.053516645921835,-18.636457165868524
237,20.59868049621582,9.100000381469727,-14.965818405151367,0.6415567398071289,0.6384497880935669,-0.43924251198768616,1.006055235862732,3.2553271735507496,22.687157584684595,11.178363325598433,-16.395696490203573
238,22.686246871948242,9.100000381469727,-11.559220314025879,0.5685275793075562,0.5645456910133362,-0.37203386425971985,0.8833711743354797,3.2553271735507496,24.536990149781158,10.937781310136424,-12.770312261831636
239,24.21520233154297,9.100000381469727,-7.8679962158203125,0.057158228009939194,0.08987454324960709,-0.14883628487586975,0.18302114307880402,3.2553271735507496,24.401271064375734,9.392571424320634,-8.352507018387072
240,25.147899627685547,9.100000381469727,-3.9830360412597656,-0.5742026567459106,-0.46773549914360046,-0.003416408784687519,0.7406057119369507,3.2553271735507496,23.27868211605555,7.577368301073241,-3.9941575696125162
241,23.870800018310547,10.899999618530273,0.0,-0.7290434837341309,-0.5957745909690857,1.1410650202492434e-09,0.9415156245231628,3.2553271735507496,21.497524955010725,8.960558403237526,3.7145399672055985e-09
242,23.57691192626953,10.899999618530273,3.7342159748077393,-0.4992322027683258,-0.3979314863681793,0.023263461887836456,0.6388454437255859,3.2553271735507496,21.951747770686204,9.6046024377445,3.8099461544420756
243,22.70248031616211,10.899999618530273,7.376482963562012,0.020509734749794006,0.05854194238781929,0.14932438731193542,0.1616959571838379,3.2553271735507496,22.769246213015432,11.090572794377785,7.862582699252372
244,21.2690372467041,10.899999618530273,10.837116241455078,0.4635889530181885,0.46236956119537354,0.3291069269180298,0.7328107953071594,3.2553271735507496,22.778170962822152,12.40516381531231,11.90846696365512
245,19.3118839263916,10.899999618530273,14.030903816223145,0.5621498823165894,0.5504668951034546,0.38322561979293823,0.8751503825187683,3.2553271735507496,21.14186571390515,12.691949460300659,15.278428589935924
246,16.87920379638672,10.899999618530273,16.87920379638672,0.33205854892730713,0.28502848744392395,0.1824588030576706,0.47412586212158203,3.2553271735507496,17.960163013919612,11.827860598942548,17.4731668960339
247,14.030903816223145,10.899999618530273,19.3118839263916,0.005665697157382965,-0.13837170600891113,-0.19819852709770203,0.2417881041765213,3.2553271735507496,14.049347514136683,10.44955444390889,18.666682875372718
248,10.837116241455078,10.899999618530273,21.2690372467041,-0.19135285913944244,-0.44143539667129517,-0.5120134353637695,0.7025943994522095,3.2553271735507496,10.214200079361822,9.462982976379053,19.602265997341352
249,7.376482963562012,10.899999618530273,22.70248031616211,-0.204941526055336,-0.4511021673679352,-0.5345514416694641,0.7288616895675659,3.2553271735507496,6.709331244805117,9.431514475049795,20.962340482434776
250,3.7342159748077393,10.899999618530273,23.57691192626953,-0.13631893694400787,-0.19450290501117706,-0.24335193634033203,0.3400505781173706,3.2553271735507496,3.2904532351043594,10.266829026512829,22.784721755164657
251,0.0,10.899999618530273,23.870800018310547,-0.10205638408660889,0.14615999162197113,0.16946695744991302,0.2459619790315628,3.2553271735507496,-0.3322269203514702,11.375798210943225,24.42247040991622
252,-3.7342159748077393,10.899999618530273,23.57691192626953,-0.12092361599206924,0.3659721612930298,0.44849756360054016,0.5913612842559814,3.2553271735507496,-4.127861907870738,12.091358739950572,25.036918232329676
253,-7.376482963562012,10.899999618530273,22.70248031616211,-0.12003155797719955,0.3591216802597046,0.4542856216430664,0.5913978219032288,3.2553271735507496,-7.767224955928822,12.069058182890894,24.18132864485018
254,-10.837116241455078,10.899999618530273,21.2690372467041,-0.0285462848842144,0.16009171307086945,0.23405514657497406,0.28500184416770935,3.2553271735507496,-10.930043738342583,11.421150522350164,22.03096332545902
255,-14.030903816223145,10.899999618530273,19.3118839263916,0.14116260409355164,-0.10096462070941925,-0.045437343418598175,0.17940257489681244,3.2553271735507496,-13.57137335522822,10.571326745167656,19.16397050766708
256,-16.87920379638672,10.899999618530273,16.87920379638672,0.29358091950416565,-0.2830944061279297,-0.2265097200870514,0.4665178060531616,3.2553271735507496,-15.923501851488792,9.978434705581812,16.141840549513965
257,-19.3118839263916,10.899999618530273,14.030903816223145,0.3207721710205078,-0.3054046034812927,-0.251115620136261,0.5091422200202942,3.2553271735507496,-18.267665561549673,9.905807713890129,13.213440314290526
258,-21.2690372467041,10.899999618530273,10.837116241455078,0.18194980919361115,-0.17400546371936798,-0.16620488464832306,0.30167484283447266,3.2553271735507496,-20.676731088613764,10.333554904138316,10.296064964082523
259,-22.70248031616211,10.899999618530273,7.376482963562012,-0.06478587538003922,0.03485242649912834,-0.06352851539850235,0.09719966351985931,3.2553271735507496,-22.913379536749023,11.013455669577066,7.16967686108993
260,-23.57691192626953,10.899999618530273,3.7342159748077393,-0.2947078347206116,0.21744243800640106,-0.007767616771161556,0.36632534861564636,3.2553271735507496,-24.53628234889384,11.607845895655634,3.7089298408588487
261,-23.870800018310547,10.899999618530273,0.0,-0.38765305280685425,0.28904420137405396,5.854905449353964e-10,0.48355087637901306,3.2553271735507496,-25.132737535022603,11.840933061620506,1.9059632807852323e-09
262,-23.57691192626953,10.899999618530273,-3.7342159748077393,-0.2947078347206116,0.21744243800640106,0.007767618168145418,0.36632534861564636,3.2553271735507496,-24.53628234889384,11.607845895655634,-3.708929836311209
263,-22.70248031616211,10.899999618530273,-7.376482963562012,-0.06478586792945862,0.03485242277383804,0.06352851539850235,0.09719964861869812,3.2553271735507496,-22.913379512494945,11.013455657450027,-7.16967686108993
264,-21.2690372467041,10.899999618530273,-10.837116241455078,0.18194980919361115,-0.17400547862052917,0.16620488464832306,0.30167484283447266,3.2553271735507496,-20.676731088613764,10.333554855630162,-10.296064964082523
265,-19.3118839263916,10.899999618530273,-14.030903816223145,0.3207721710205078,-0.3054046034812927,0.251115620136261,0.5091422200202942,3.2553271735507496,-18.267665561549673,9.905807713890129,-13.213440314290526
266,-16.87920379638672,10.899999618530273,-16.87920379638672,0.29358091950416565,-0.2830944061279297,0.2265097200870514,0.4665178060531616,3.2553271735507496,-15.923501851488792,9.978434705581812,-16.141840549513965
267,-14.030903816223145,10.899999618530273,-19.3118839263916,0.14116260409355164,-0.10096461325883865,0.04543733969330788,0.17940257489681244,3.2553271735507496,-13.57137335522822,10.571326769421734,-19.16397051979412
268,-10.837116241455078,10.899999618530273,-21.2690372467041,-0.0285462886095047,0.16009171307086945,-0.23405514657497406,0.28500184416770935,3.2553271735507496,-10.93004375046962,11.421150522350164,-22.03096332545902
269,-7.376482963562012,10.899999618530273,-22.70248031616211,-0.12003156542778015,0.3591216802597046,-0.4542856216430664,0.5913978219032288,3.2553271735507496,-7.767224980182899,12.069058182890894,-24.18132864485018
270,-3.7342159748077393,10.899999618530273,-23.57691192626953,-0.12092361599206924,0.3659721612930298,-0.44849756360054016,0.5913612842559814,3.2553271735507496,-4.127861907870738,12.091358739950572,-25.036918232329676
271,-0.0,10.899999618530273,-23.870800018310547,-0.10205638408660889,0.14615999162197113,-0.16946695744991302,0.2459619790315628,3.2553271735507496,-0.3322269203514702,11.375798210943225,-24.42247040991622
272,3.7342159748077393,10.899999618530273,-23.57691192626953,-0.13631893694400787,-0.19450290501117706,0.24335193634033203,0.3400505781173706,3.2553271735507496,3.2904532351043594,10.266829026512829,-22.784721755164657
273,7.376482963562012,10.899999618530273,-22.70248031616211,-0.204941526055336,-0.4511021673679352,0.5345514416694641,0.7288616895675659,3.2553271735507496,6.709331244805117,9.431514475049795,-20.962340482434776
274,10.837116241455078,10.899999618530273,-21.2690372467041,-0.19135285913944244,-0.44143539667129517,0.5120134353637695,0.7025943994522095,3.2553271735507496,10.214200079361822,9.462982976379053,-19.602265997341352
275,14.030903816223145,10.899999618530273,-19.3118839263916,0.005665703676640987,-0.13837169110774994,0.19819852709770203,0.2417880892753601,3.2553271735507496,14.049347535359,10.449554492417045,-18.666682875372718
276,16.87920379638672,10.899999618530273,-16.87920379638672,0.33205854892730713,0.28502851724624634,-0.1824588179588318,0.4741258919239044,3.2553271735507496,17.960163013919612,11.827860695958858,-17.473166944542054
277,19.3118839263916,10.899999618530273,-14.030903816223145,0.5621498823165894,0.5504668951034546,-0.38322561979293823,0.8751503825187683,3.2553271735507496,21.14186571390515,12.691949460300659,-15.278428589935924
278,21.2690372467041,10.899999618530273,-10.837116241455078,0.4635889530181885,0.46236956119537354,-0.3291069269180298,0.7328107953071594,3.2553271735507496,22.778170962822152,12.40516381531231,-11.90846696365512
279,22.70248031616211,10.899999618530273,-7.376482963562012,0.02050972357392311,0.058541931211948395,-0.14932438731193542,0.1616959422826767,3.2553271735507496,22.769246176634315,11.090572757996668,-7.862582699252372
280,23.57691192626953,10.899999618530273,-3.7342159748077393,-0.4992322027683258,-0.3979315161705017,-0.023263458162546158,0.6388454437255859,3.2553271735507496,21.951747770686204,9.60460234072819,-3.8099461423150367
281,22.715253829956055,12.75,0.0,-0.4227905869483948,-0.4018980860710144,6.24149620875869e-10,0.5833300948143005,3.2553271735507496,21.338932143541474,11.441690239414989,2.0318112211986148e-09
282,22.435590744018555,12.75,3.5534489154815674,-0.29883161187171936,-0.27421218156814575,0.008025960996747017,0.4056563377380371,3.2553271735507496,21.462796077576577,11.857349634022583,3.5795760444081366
283,21.603490829467773,12.75,7.019399166107178,-0.010286481119692326,0.02549838274717331,0.07614917308092117,0.0809609517455101,3.2553271735507496,21.57000496795862,12.83300557823847,7.26728963848092
284,20.239439010620117,12.75,10.312508583068848,0.25494229793548584,0.30346688628196716,0.18616048991680145,0.43788519501686096,3.2553271735507496,21.069359600776977,13.737884001186522,10.918521884536531
285,18.377025604248047,12.75,13.351691246032715,0.34143707156181335,0.38470056653022766,0.24117177724838257,0.5681000351905823,3.2553271735507496,19.488514981360808,14.002326207906219,14.136784286002904
286,16.062110900878906,12.75,16.062110900878906,0.23078326880931854,0.225641667842865,0.15019984543323517,0.355998694896698,3.2553271735507496,16.81338594703475,13.484537452814191,16.55106053918084
287,13.351691246032715,12.75,18.377025604248047,0.03523774445056915,-0.06413896381855011,-0.07548949867486954,0.10513880848884583,3.2553271735507496,13.46640163307729,12.541206688198086,18.13128258789402
288,10.312508583068848,12.75,20.239439010620117,-0.10556549578905106,-0.3001311719417572,-0.3053353726863861,0.4409676492214203,3.2553271735507496,9.968858356037392,11.772974840348365,19.245472474867878
289,7.019399166107178,12.75,21.603490829467773,-0.1329176425933838,-0.3431112468242645,-0.37804266810417175,0.527549684047699,3.2553271735507496,6.586708752328629,11.633060634662094,20.372838259226636
290,3.5534489154815674,12.75,22.435590744018555,-0.09312666207551956,-0.1810617446899414,-0.2278732806444168,0.30558496713638306,3.2553271735507496,3.2502911618450505,12.160584782420326,21.69378866141063
291,0.0,12.75,22.715253829956055,-0.06832316517829895,0.07505138218402863,0.057688433676958084,0.11674211174249649,3.2553271735507496,-0.2224142561879129,12.994316803836211,22.90304855570424
292,-3.5534489154815674,12.75,22.435590744018555,-0.0880102589726448,0.26950788497924805,0.2993365526199341,0.412289559841156,3.2553271735507496,-3.839951103066457,13.627336341459136,23.41002915779923
293,-7.019399166107178,12.75,21.603490829467773,-0.10502645373344421,0.29733118414878845,0.35583311319351196,0.47545093297958374,3.2553271735507496,-7.361294634887329,13.717910283303572,22.761844032095773
294,-10.312508583068848,12.75,20.239439010620117,-0.05195944756269455,0.15795591473579407,0.2174801230430603,0.27376532554626465,3.2553271735507496,-10.481653584642373,13.264198181462495,20.947407964869353
295,-13.351691246032715,12.75,18.377025604248047,0.08161160349845886,-0.057480588555336,-0.004223812837153673,0.09991151839494705,3.2553271735507496,-13.086018775487132,12.562881878124124,18.363275711543267
296,-16.062110900878906,12.75,16.062110900878906,0.2245657742023468,-0.22692881524562836,-0.16965223848819733,0.36153608560562134,3.2553271735507496,-15.331075833868544,12.011272461269229,15.509837358874565
297,-18.377025604248047,12.75,13.351691246032715,0.2734818458557129,-0.2650453746318817,-0.2065831571817398,0.4332643151283264,3.2553271735507496,-17.486752719961128,11.887190589736896,12.679195480861091
298,-20.239439010620117,12.75,10.312508583068848,0.17280961573123932,-0.16181600093841553,-0.14041075110435486,0.2752503752708435,3.2553271735507496,-19.67688717267935,12.223235975029862,9.85542564954017
299,-21.603490829467773,12.75,7.019399166107178,-0.038200121372938156,0.02117791213095188,-0.051237545907497406,0.06732784956693649,3.2553271735507496,-21.727844722606036,12.818941032838957,6.852604190608448
300,-22.435590744018555,12.75,3.5534489154815674,-0.24558384716510773,0.18747608363628387,-0.002998899668455124,0.30897846817970276,3.2553271735507496,-23.235046515080263,13.360295989452068,3.543686515900093
301,-22.715253829956055,12.75,0.0,-0.33119121193885803,0.2537286579608917,4.743376802451849e-10,0.41721200942993164,3.2553271735507496,-23.793389581821824,13.575969794968655,1.5441243399411768e-09
302,-22.435590744018555,12.75,-3.5534489154815674,-0.24558384716510773,0.18747608363628387,0.002998901065438986,0.30897846817970276,3.2553271735507496,-23.235046515080263,13.360295989452068,-3.5436865113524534
303,-21.603490829467773,12.75,-7.019399166107178,-0.03820011764764786,0.021177908405661583,0.051237545907497406,0.06732784956693649,3.2553271735507496,-21.727844710478998,12.818941020711918,-6.852604190608448
304,-20.239439010620117,12.75,-10.312508583068848,0.1728096306324005,-0.16181600093841553,0.14041075110435486,0.2752503752708435,3.2553271735507496,-19.676887124171195,12.223235975029862,-9.85542564954017
305,-18.377025604248047,12.75,-13.351691246032715,0.2734818458557129,-0.2650453746318817,0.2065831571817398,0.4332643151283264,3.2553271735507496,-17.486752719961128,11.887190589736896,-12.679195480861091
306,-16.062110900878906,12.75,-16.062110900878906,0.2245657742023468,-0.22692881524562836,0.16965223848819733,0.36153608560562134,3.2553271735507496,-15.331075833868544,12.011272461269229,-15.509837358874565
307,-13.351691246032715,12.75,-18.377025604248047,0.08161159604787827,-0.0574805848300457,0.0042238081805408,0.09991151094436646,3.2553271735507496,-13.08601879974121,12.562881890251163,-18.363275726702067
308,-10.312508583068848,12.75,-20.239439010620117,-0.05195944756269455,0.15795592963695526,-0.2174801379442215,0.27376535534858704,3.2553271735507496,-10.481653584642373,13.264198229970651,-20.94740801337751
309,-7.019399166107178,12.75,-21.603490829467773,-0.10502645373344421,0.29733118414878845,-0.35583311319351196,0.47545093297958374,3.2553271735507496,-7.361294634887329,13.717910283303572,-22.761844032095773
310,-3.5534489154815674,12.75,-22.435590744018555,-0.0880102664232254,0.26950788497924805,-0.2993365526199341,0.412289559841156,3.2553271735507496,-3.8399511273205342,13.627336341459136,-23.41002915779923
311,-0.0,12.75,-22.715253829956055,-0.06832316517829895,0.07505138218402863,-0.057688429951667786,0.1167421042919159,3.2553271735507496,-0.2224142561879129,12.994316803836211,-22.9030485435772
312,3.5534489154815674,12.75,-22.435590744018555,-0.09312666207551956,-0.1810617446899414,0.227873295545578,0.30558496713638306,3.2553271735507496,3.2502911618450505,12.160584782420326,-21.693788612902473
313,7.019399166107178,12.75,-21.603490829467773,-0.1329176276922226,-0.3431112468242645,0.37804266810417175,0.527549684047699,3.2553271735507496,6.586708800836784,11.633060634662094,-20.372838259226636
314,10.312508583068848,12.75,-20.239439010620117,-0.10556549578905106,-0.3001311719417572,0.3053353428840637,0.4409676492214203,3.2553271735507496,9.968858356037392,11.772974840348365,-19.24547257188419
315,13.351691246032715,12.75,-18.377025604248047,0.03523774817585945,-0.06413895636796951,0.07548949867486954,0.10513880848884583,3.2553271735507496,13.466401645204328,12.541206712452164,-18.13128258789402
316,16.062110900878906,12.75,-16.062110900878906,0.23078328371047974,0.225641667842865,-0.15019984543323517,0.355998694896698,3.2553271735507496,16.8133859955429,13.484537452814191,-16.55106053918084
317,18.377025604248047,12.75,-13.351691246032715,0.34143707156181335,0.38470056653022766,-0.24117177724838257,0.5681000351905823,3.2553271735507496,19.488514981360808,14.002326207906219,-14.136784286002904
318,20.239439010620117,12.75,-10.312508583068848,0.25494229793548584,0.30346688628196716,-0.18616048991680145,0.43788519501686096,3.2553271735507496,21.069359600776977,13.737884001186522,-10.918521884536531
319,21.603490829467773,12.75,-7.019399166107178,-0.010286487638950348,0.025498375296592712,-0.07614916563034058,0.0809609442949295,3.2553271735507496,21.570004946736304,12.833005553984393,-7.267289614226843
320,22.435590744018555,12.75,-3.5534489154815674,-0.29883161187171936,-0.27421218156814575,-0.008025959134101868,0.4056563377380371,3.2553271735507496,21.462796077576577,11.857349634022583,-3.579576038344617
321,21.559707641601562,14.600000381469727,0.0,-0.057768192142248154,-0.17107392847537994,1.5378549822475662e-10,0.1805642694234848,3.2553271735507496,21.371653275954,14.043098773417745,5.006221112690908e-10
322,21.29427146911621,14.600000381469727,3.372680902481079,-0.0554516576230526,-0.12276681512594223,0.003808757057413459,0.13476306200027466,3.2553271735507496,21.113758181237454,14.200354232179965,3.3850796528275304
323,20.504499435424805,14.600000381469727,6.662315845489502,-0.03695918992161751,-0.0038587108720093966,0.009840692393481731,0.038441002368927,3.2553271735507496,20.38418518016054,14.5874390151132,6.694350518844558
324,19.209840774536133,14.600000381469727,9.787901878356934,0.010564346797764301,0.12010828405618668,0.027914609760046005,0.12376118451356888,3.2553271735507496,19.24423117973771,14.990992142326384,9.878773066047877
325,17.442169189453125,14.600000381469727,12.672477722167969,0.06825485080480576,0.17746907472610474,0.05885584279894829,0.19904272258281708,3.2553271735507496,17.664361060004662,15.177720282890524,12.864072746553616
326,15.245015144348145,14.600000381469727,15.245015144348145,0.09285244345664978,0.13108046352863312,0.07485322654247284,0.17721925675868988,3.2553271735507496,15.547280226663162,15.026710176316113,15.488686886739806
327,12.672477722167969,14.600000381469727,17.442169189453125,0.06214405968785286,0.004011727403849363,0.03667834401130676,0.07227225601673126,3.2553271735507496,12.874776968344596,14.613059866700356,17.561569199393976
328,9.787901878356934,14.600000381469727,19.209840774536133,0.0023334065917879343,-0.12930314242839813,-0.05723581463098526,0.1414237767457962,3.2553271735507496,9.795497880242124,14.179076348297059,19.023519471867573
329,6.662315845489502,14.600000381469727,20.504499435424805,-0.03922433406114578,-0.18660679459571838,-0.14689427614212036,0.24070432782173157,3.2553271735507496,6.5346278049558215,13.992534212253082,20.02631050666029
330,3.372680902481079,14.600000381469727,21.29427146911621,-0.04431804269552231,-0.13053689897060394,-0.1528155356645584,0.20580708980560303,3.2553271735507496,3.228411173815763,14.17506006709967,20.79680690332666
331,0.0,14.600000381469727,21.559707641601562,-0.03709837421774864,0.0055038402788341045,-0.05119917914271355,0.06346603482961655,3.2553271735507496,-0.12076734568559169,14.617917182288299,21.393037562474795
332,-3.372680902481079,14.600000381469727,21.29427146911621,-0.04619207605719566,0.13776640594005585,0.0944874957203865,0.17332391440868378,3.2553271735507496,-3.523051222872791,15.048475106328814,21.601859181495545
333,-6.662315845489502,14.600000381469727,20.504499435424805,-0.0632578432559967,0.18570928275585175,0.18185921013355255,0.267511248588562,3.2553271735507496,-6.868240821580962,15.20454485600547,21.096510663933035
334,-9.787901878356934,14.600000381469727,19.209840774536133,-0.04861598461866379,0.12232564389705658,0.1538240611553192,0.20245720446109772,3.2553271735507496,-9.946162814154995,14.998210374069908,19.710588420760974
335,-12.672477722167969,14.600000381469727,17.442169189453125,0.02092571370303631,-0.011469673365354538,0.04085026681423187,0.04730944335460663,3.2553271735507496,-12.604357677724531,14.562662842091736,17.575150173060294
336,-15.245015144348145,14.600000381469727,15.245015144348145,0.11489764600992203,-0.13506639003753662,-0.07238378375768661,0.19153018295764923,3.2553271735507496,-14.870985715115031,14.16031509174713,15.009382246157326
337,-17.442169189453125,14.600000381469727,12.672477722167969,0.16447360813617706,-0.1778518557548523,-0.1186155155301094,0.2697266936302185,3.2553271735507496,-16.90675378355549,14.021034402564528,12.286345411258072
338,-19.209840774536133,14.600000381469727,9.787901878356934,0.11860834062099457,-0.11871149390935898,-0.09306037425994873,0.19188691675662994,3.2553271735507496,-18.823731820302847,14.213555629533786,9.48495991324772
339,-20.504499435424805,14.600000381469727,6.662315845489502,-0.009342021308839321,0.005791376810520887,-0.04055532440543175,0.04201842099428177,3.2553271735507496,-20.53491077124736,14.618853207773286,6.530294995920334
340,-21.29427146911621,14.600000381469727,3.372680902481079,-0.14478559792041779,0.12500788271427155,-0.006763718090951443,0.19140423834323883,3.2553271735507496,-21.76559596036534,15.00694193897754,3.3506627871853683
341,-21.559707641601562,14.600000381469727,0.0,-0.20227882266044617,0.17348530888557434,3.688174765592578e-10,0.2664842903614044,3.2553271735507496,-22.218191389641966,15.164751821696782,1.2006215535237685e-09
342,-21.29427146911621,14.600000381469727,-3.372680902481079,-0.1447855830192566,0.12500788271427155,0.006763719022274017,0.19140423834323883,3.2553271735507496,-21.765595911857186,15.00694193897754,-3.3506627841536085
343,-20.504499435424805,14.600000381469727,-6.662315845489502,-0.009342017583549023,0.005791374482214451,0.04055532440543175,0.04201842099428177,3.2553271735507496,-20.534910759120322,14.618853200193888,-6.530294995920334
344,-19.209840774536133,14.600000381469727,-9.787901878356934,0.11860834062099457,-0.11871149390935898,0.09306037425994873,0.19188691675662994,3.2553271735507496,-18.823731820302847,14.213555629533786,-9.48495991324772
345,-17.442169189453125,14.600000381469727,-12.672477722167969,0.16447360813617706,-0.1778518557548523,0.1186155155301094,0.2697266936302185,3.2553271735507496,-16.90675378355549,14.021034402564528,-12.286345411258072
346,-15.245015144348145,14.600000381469727,-15.245015144348145,0.11489764600992203,-0.13506639003753662,0.07238377630710602,0.19153018295764923,3.2553271735507496,-14.870985715115031,14.16031509174713,-15.009382270411404
347,-12.672477722167969,14.600000381469727,-17.442169189453125,0.02092571184039116,-0.011469670571386814,-0.04085027053952217,0.04730944335460663,3.2553271735507496,-12.60435768378805,14.562662851187016,-17.575150185187333
348,-9.787901878356934,14.600000381469727,-19.209840774536133,-0.04861598461866379,0.12232565134763718,-0.1538240611553192,0.20245720446109772,3.2553271735507496,-9.946162814154995,14.998210398323984,-19.710588420760974
349,-6.662315845489502,14.600000381469727,-20.504499435424805,-0.0632578432559967,0.18570928275585175,-0.18185921013355255,0.267511248588562,3.2553271735507496,-6.868240821580962,15.20454485600547,-21.096510663933035
350,-3.372680902481079,14.600000381469727,-21.29427146911621,-0.04619207605719566,0.13776640594005585,-0.0944874957203865,0.17332391440868378,3.2553271735507496,-3.523051222872791,15.048475106328814,-21.601859181495545
351,-0.0,14.600000381469727,-21.559707641601562,-0.03709837421774864,0.005503837484866381,0.051199182868003845,0.06346603482961655,3.2553271735507496,-0.12076734568559169,14.61791717319302,-21.393037550347756
352,3.372680902481079,14.600000381469727,-21.29427146911621,-0.04431804269552231,-0.13053689897060394,0.1528155356645584,0.20580708980560303,3.2553271735507496,3.228411173815763,14.17506006709967,-20.79680690332666
353,6.662315845489502,14.600000381469727,-20.504499435424805,-0.03922433406114578,-0.18660679459571838,0.14689427614212036,0.24070432782173157,3.2553271735507496,6.5346278049558215,13.992534212253082,-20.02631050666029
354,9.787901878356934,14.600000381469727,-19.209840774536133,0.0023334077559411526,-0.12930314242839813,0.05723581090569496,0.1414237767457962,3.2553271735507496,9.795497884031823,14.179076348297059,-19.023519483994612
355,12.672477722167969,14.600000381469727,-17.442169189453125,0.06214406341314316,0.004011730197817087,-0.03667834401130676,0.07227225601673126,3.2553271735507496,12.874776980471635,14.613059875795635,-17.561569199393976
356,15.245015144348145,14.600000381469727,-15.245015144348145,0.09285244345664978,0.13108046352863312,-0.07485322654247284,0.17721925675868988,3.2553271735507496,15.547280226663162,15.026710176316113,-15.488686886739806
357,17.442169189453125,14.600000381469727,-12.672477722167969,0.06825485080480576,0.17746907472610474,-0.05885583907365799,0.19904272258281708,3.2553271735507496,17.664361060004662,15.177720282890524,-12.864072734426578
358,19.209840774536133,14.600000381469727,-9.787901878356934,0.010564345866441727,0.12010828405618668,-0.027914607897400856,0.12376118451356888,3.2553271735507496,19.24423117670595,14.990992142326384,-9.878773059984358
359,20.504499435424805,14.600000381469727,-6.662315845489502,-0.03695918992161751,-0.0038587134331464767,-0.009840691462159157,0.038441002368927,3.2553271735507496,20.38418518016054,14.58743900677586,-6.694350515812798
360,21.29427146911621,14.600000381469727,-3.372680902481079,-0.0554516576230526,-0.12276681512594223,-0.003808756824582815,0.13476306200027466,3.2553271735507496,21.113758181237454,14.200354232179965,-3.3850796520695905
361,20.902143478393555,16.399999618530273,0.0,0.25891798734664917,-0.053864311426877975,-2.974388235710279e-10,0.264461487531662,3.2553271735507496,21.74500623832417,16.224653661857758,-9.682606848397344e-10
362,20.644804000854492,16.399999618530273,3.2698159217834473,0.16325697302818298,-0.04323839768767357,-0.0021231428254395723,0.16889910399913788,3.2553271735507496,21.176258861424778,16.259244487596796,3.2629043972504643
363,19.879119873046875,16.399999618530273,6.459117889404297,-0.04126576706767082,-0.012388583272695541,-0.04976363852620125,0.06582370400428772,3.2553271735507496,19.74478630017407,16.35967072676087,6.297120964655197
364,18.623947143554688,16.399999618530273,9.489375114440918,-0.18721747398376465,0.030909676104784012,-0.11393268406391144,0.22132880985736847,3.2553271735507496,18.01449301313181,16.50062072707983,9.118486952052095
365,16.91019058227539,16.399999618530273,12.285971641540527,-0.17749135196208954,0.06632671505212784,-0.11445388197898865,0.22136418521404266,3.2553271735507496,16.332398161162942,16.615914776371824,11.913386809415956
366,14.780048370361328,16.399999618530273,14.780048370361328,-0.057813990861177444,0.06808527559041977,-0.016895841807127,0.09090397506952286,3.2553271735507496,14.591844914899523,16.62163946627846,14.725046877406573
367,12.285971641540527,16.399999618530273,16.91019058227539,0.05255137011408806,0.025360189378261566,0.11339917778968811,0.1275310069322586,3.2553271735507496,12.457043544680241,16.48255533213972,17.279342007192476
368,9.489375114440918,16.399999618530273,18.623947143554688,0.08115844428539276,-0.04183879494667053,0.16756905615329742,0.190831258893013,3.2553271735507496,9.753572403486261,16.263800652431758,19.16943924549677
369,6.459117889404297,16.399999618530273,19.879119873046875,0.04875451698899269,-0.09016100317239761,0.0997975692152977,0.1430578976869583,3.2553271735507496,6.617829793391906,16.106496054908572,20.203993611967746
370,3.2698159217834473,16.399999618530273,20.644804000854492,0.016167912632226944,-0.08282774686813354,-0.029891958460211754,0.08952857553958893,3.2553271735507496,3.32244776711473,16.130368203426457,20.547495896208314
371,0.0,16.399999618530273,20.902143478393555,0.010973121970891953,-0.019151683896780014,-0.11651007831096649,0.11858243495225906,3.2553271735507496,0.03572110213053133,16.337654621521832,20.52286505447534
372,-3.2698159217834473,16.399999618530273,20.644804000854492,0.013088016770780087,0.06136553734540939,-0.10554409772157669,0.1227867379784584,3.2553271735507496,-3.227210145141639,16.59976451977033,20.301223431533547
373,-6.459117889404297,16.399999618530273,19.879119873046875,-0.0030895345844328403,0.10531655699014664,-0.029058966785669327,0.10929568111896515,3.2553271735507496,-6.469175335290626,16.742839468325105,19.784523428834177
374,-9.489375114440918,16.399999618530273,18.623947143554688,-0.03138977289199829,0.08261168748140335,0.03970550745725632,0.09688413888216019,3.2553271735507496,-9.591559095107828,16.668927689641368,18.753201560919916
375,-12.285971641540527,16.399999618530273,16.91019058227539,-0.042713284492492676,0.00711344089359045,0.05561240389943123,0.07048237323760986,3.2553271735507496,-12.425017357220543,16.423156195968627,17.09122715187569
376,-14.780048370361328,16.399999618530273,14.780048370361328,-0.021694177761673927,-0.07331220805644989,0.02857183665037155,0.08161903917789459,3.2553271735507496,-14.850670016736746,16.161344395491106,14.873059046607535
377,-16.91019058227539,16.399999618530273,12.285971641540527,0.014336920343339443,-0.10867264866828918,-0.0032504487317055464,0.10966247320175171,3.2553271735507496,-16.863519215896684,16.046234592298656,12.275390367457973
378,-18.623947143554688,16.399999618530273,9.489375114440918,0.0331377349793911,-0.07808500528335571,-0.014611585065722466,0.0860748216509819,3.2553271735507496,-18.516072974406352,16.14580737898451,9.441809624527822
379,-19.879119873046875,16.399999618530273,6.459117889404297,0.020007509738206863,-0.0009886798216030002,-0.008579323068261147,0.02179180458188057,3.2553271735507496,-19.81398888292101,16.396781142241068,6.431189385889516
380,-20.644804000854492,16.399999618530273,3.2698159217834473,-0.008865018375217915,0.07624419033527374,-0.00124509132001549,0.0767679363489151,3.2553271735507496,-20.673662536065365,16.648199403154067,3.265762742175849
381,-20.902143478393555,16.399999618530273,0.0,-0.023387761786580086,0.10818414390087128,8.536490958555021e-11,0.11068331450223923,3.2553271735507496,-20.97827829486594,16.752174401918104,2.7789070984154447e-10
382,-20.644804000854492,16.399999618530273,-3.2698159217834473,-0.00886501744389534,0.07624419033527374,0.0012450915528461337,0.0767679363489151,3.2553271735507496,-20.673662533033607,16.648199403154067,-3.265762741417909
383,-19.879119873046875,16.399999618530273,-6.459117889404297,0.020007511600852013,-0.0009886816842481494,0.008579323068261147,0.02179180458188057,3.2553271735507496,-19.81398887685749,16.396781136177548,-6.431189385889516
384,-18.623947143554688,16.399999618530273,-9.489375114440918,0.033137738704681396,-0.07808500528335571,0.014611585065722466,0.0860748291015625,3.2553271735507496,-18.516072962279313,16.14580737898451,-9.441809624527822
385,-16.91019058227539,16.399999618530273,-12.285971641540527,0.014336919412016869,-0.10867264866828918,0.003250448266044259,0.10966247320175171,3.2553271735507496,-16.863519218928445,16.046234592298656,-12.275390368973852
386,-14.780048370361328,16.399999618530273,-14.780048370361328,-0.021694177761673927,-0.07331220805644989,-0.0285718385130167,0.08161903917789459,3.2553271735507496,-14.850670016736746,16.161344395491106,-14.873059052671055
387,-12.285971641540527,16.399999618530273,-16.91019058227539,-0.042713284492492676,0.0071134427562355995,-0.05561240389943123,0.07048237323760986,3.2553271735507496,-12.425017357220543,16.423156202032146,-17.09122715187569
388,-9.489375114440918,16.399999618530273,-18.623947143554688,-0.03138977289199829,0.08261168748140335,-0.03970550745725632,0.09688413888216019,3.2553271735507496,-9.591559095107828,16.668927689641368,-18.753201560919916
389,-6.459117889404297,16.399999618530273,-19.879119873046875,-0.0030895338859409094,0.10531655699014664,0.029058968648314476,0.10929568111896515,3.2553271735507496,-6.469175333016806,16.742839468325105,-19.784523422770658
390,-3.2698159217834473,16.399999618530273,-20.644804000854492,0.013088016770780087,0.06136553734540939,0.10554409772157669,0.1227867379784584,3.2553271735507496,-3.227210145141639,16.59976451977033,-20.301223431533547
391,-0.0,16.399999618530273,-20.902143478393555,0.010973121970891953,-0.019151685759425163,0.11651007831096649,0.11858243495225906,3.2553271735507496,0.03572110213053133,16.337654615458312,-20.52286505447534
392,3.2698159217834473,16.399999618530273,-20.644804000854492,0.016167914494872093,-0.08282774686813354,0.029891956597566605,0.08952857553958893,3.2553271735507496,3.3224477731782494,16.130368203426457,-20.547495902271834
393,6.459117889404297,16.399999618530273,-19.879119873046875,0.04875451698899269,-0.09016100317239761,-0.0997975692152977,0.1430578976869583,3.2553271735507496,6.617829793391906,16.106496054908572,-20.203993611967746
394,9.489375114440918,16.399999618530273,-18.623947143554688,0.08115844428539276,-0.04183879494667053,-0.16756905615329742,0.190831258893013,3.2553271735507496,9.753572403486261,16.263800652431758,-19.16943924549677
395,12.285971641540527,16.399999618530273,-16.91019058227539,0.05255137011408806,0.025360191240906715,-0.11339917778968811,0.1275310069322586,3.2553271735507496,12.457043544680241,16.48255533820324,-17.279342007192476
396,14.780048370361328,16.399999618530273,-14.780048370361328,-0.05781399458646774,0.06808527559041977,0.016895843669772148,0.09090397506952286,3.2553271735507496,14.591844902772484,16.62163946627846,-14.725046871343054
397,16.91019058227539,16.399999618530273,-12.285971641540527,-0.17749135196208954,0.06632671505212784,0.11445388942956924,0.22136418521404266,3.2553271735507496,16.332398161162942,16.615914776371824,-11.913386785161878
398,18.623947143554688,16.399999618530273,-9.489375114440918,-0.18721747398376465,0.030909674242138863,0.11393268406391144,0.22132880985736847,3.2553271735507496,18.01449301313181,16.50062072101631,-9.118486952052095
399,19.879119873046875,16.399999618530273,-6.459117889404297,-0.041265763342380524,-0.012388584204018116,0.04976363480091095,0.06582369655370712,3.2553271735507496,19.74478631230111,16.35967072372911,-6.297120976782236
400,20.644804000854492,16.399999618530273,-3.2698159217834473,0.16325697302818298,-0.04323839768767357,0.0021231418941169977,0.16889910399913788,3.2553271735507496,21.176258861424778,16.259244487596796,-3.262904400282224
401,20.24458122253418,18.200000762939453,0.0,0.4858374297618866,0.030276788398623466,-7.484032837901111e-10,0.48677992820739746,3.2553271735507496,21.826141009566104,18.298561614941338,-2.436297546496562e-09
402,19.995336532592773,18.200000762939453,3.166949987411499,0.3281930088996887,0.01627800241112709,-0.016700781881809235,0.32902055978775024,3.2553271735507496,21.063712152633315,18.25299098651952,3.1125834783321014
403,19.253740310668945,18.200000762939453,6.255918979644775,-0.02449304237961769,-0.012608128599822521,-0.10233453661203384,0.10597750544548035,3.2553271735507496,19.174007444247646,18.158957179300828,5.922786581818897
404,18.038053512573242,18.200000762939453,9.190847396850586,-0.31579357385635376,-0.029465459287166595,-0.21973349153995514,0.3858453035354614,3.2553271735507496,17.010042110365948,18.104081052640787,8.475542990901387
405,16.378210067749023,18.200000762939453,11.899465560913086,-0.36648041009902954,-0.018872836604714394,-0.2455834150314331,0.4415600597858429,3.2553271735507496,15.18519643017963,18.138563505098144,11.10001119658787
406,14.315079689025879,18.200000762939453,14.315079689025879,-0.20048967003822327,0.00898665189743042,-0.10060678422451019,0.22449631989002228,3.2553271735507496,13.662420218134226,18.2292552550604,13.987571690496274
407,11.899465560913086,18.200000762939453,16.378210067749023,0.01474064402282238,0.02827393263578415,0.14962095022201538,0.15298081934452057,3.2553271735507496,11.947451179956218,18.292041664151864,16.865275212739235
408,9.190847396850586,18.200000762939453,18.038053512573242,0.13137152791023254,0.02144216001033783,0.3332957327365875,0.35889315605163574,3.2553271735507496,9.618504701487646,18.269802009080728,19.123040168179163
409,6.255918979644775,18.200000762939453,19.253740310668945,0.12740954756736755,-0.005219725891947746,0.31586235761642456,0.34063097834587097,3.2553271735507496,6.670678742010634,18.18300884740491,20.281975626519497
410,3.166949987411499,18.200000762939453,19.995336532592773,0.07888483256101608,-0.027907954528927803,0.11142273992300034,0.13934381306171417,3.2553271735507496,3.4237459264283756,18.109151240203214,20.358054005615596
411,0.0,18.200000762939453,20.24458122253418,0.057591136544942856,-0.02662746049463749,-0.13575094938278198,0.1498468518257141,3.2553271735507496,0.18747799175042412,18.11331966722861,19.802667468173098
412,-3.166949987411499,18.200000762939453,19.995336532592773,0.0657188668847084,-0.0021561626344919205,-0.27086660265922546,0.27873343229293823,3.2553271735507496,-2.9530135742267434,18.192981748124797,19.113577120548822
413,-6.255918979644775,18.200000762939453,19.253740310668945,0.0563814677298069,0.025345629081130028,-0.23790322244167328,0.24580320715904236,3.2553271735507496,-6.07237885565926,18.282509078017995,18.479287485979278
414,-9.190847396850586,18.200000762939453,18.038053512573242,-0.002146607032045722,0.033515121787786484,-0.09575727581977844,0.10147574543952942,3.2553271735507496,-9.197835305052939,18.309103449620096,17.72633225053192
415,-11.899465560913086,18.200000762939453,16.378210067749023,-0.08944004029035568,0.015641633421182632,0.049262747168540955,0.10330052673816681,3.2553271735507496,-12.190622154473754,18.250919397254147,16.538576427250536
416,-14.315079689025879,18.200000762939453,14.315079689025879,-0.15109319984912872,-0.014825977385044098,0.12332203984260559,0.19559471309185028,3.2553271735507496,-14.806937488233482,18.15173735588347,14.71653327642322
417,-16.378210067749023,18.200000762939453,11.899465560913086,-0.14431053400039673,-0.03528474271297455,0.11805121600627899,0.18975412845611572,3.2553271735507496,-16.847988070510134,18.08513738117416,12.283760892249035
418,-18.038053512573242,18.200000762939453,9.190847396850586,-0.06789452582597733,-0.030884036794304848,0.07082600146532059,0.10285821557044983,3.2553271735507496,-18.25907240742989,18.09946311873401,9.421409204014589
419,-19.253740310668945,18.200000762939453,6.255918979644775,0.041305746883153915,-0.004737899173051119,0.025021560490131378,0.04852515459060669,3.2553271735507496,-19.119276590416405,18.184577351015875,6.337372345432944
420,-19.995336532592773,18.200000762939453,3.166949987411499,0.13309010863304138,0.02493944950401783,0.0027228319086134434,0.13543398678302765,3.2553271735507496,-19.56208468542881,18.28118683060328,3.1758136961126193
421,-20.24458122253418,18.200000762939453,0.0,0.16843536496162415,0.03774600103497505,-1.9251709948431284e-10,0.1726129651069641,3.2553271735507496,-19.696269001987666,18.322876345801483,-6.267061453244566e-10
422,-19.995336532592773,18.200000762939453,-3.166949987411499,0.13309010863304138,0.02493944764137268,-0.0027228323742747307,0.13543398678302765,3.2553271735507496,-19.56208468542881,18.28118682453976,-3.175813697628499
423,-19.253740310668945,18.200000762939453,-6.255918979644775,0.041305746883153915,-0.004737899638712406,-0.025021560490131378,0.04852515459060669,3.2553271735507496,-19.119276590416405,18.184577349499996,-6.337372345432944
424,-18.038053512573242,18.200000762939453,-9.190847396850586,-0.06789452582597733,-0.030884036794304848,-0.07082600146532059,0.10285821557044983,3.2553271735507496,-18.25907240742989,18.09946311873401,-9.421409204014589
425,-16.378210067749023,18.200000762939453,-11.899465560913086,-0.14431053400039673,-0.03528474271297455,-0.11805121600627899,0.18975412845611572,3.2553271735507496,-16.847988070510134,18.08513738117416,-12.283760892249035
426,-14.315079689025879,18.200000762939453,-14.315079689025879,-0.15109318494796753,-0.014825977385044098,-0.12332203984260559,0.1955946981906891,3.2553271735507496,-14.806937439725326,18.15173735588347,-14.71653327642322
427,-11.899465560913086,18.200000762939453,-16.378210067749023,-0.08944003283977509,0.015641633421182632,-0.049262743443250656,0.10330052673816681,3.2553271735507496,-12.190622130219678,18.250919397254147,-16.538576415123497
428,-9.190847396850586,18.200000762939453,-18.038053512573242,-0.0021466051694005728,0.033515121787786484,0.09575728327035904,0.10147575289011002,3.2553271735507496,-9.19783529898942,18.309103449620096,-17.726332226277847
429,-6.255918979644775,18.200000762939453,-19.253740310668945,0.0563814714550972,0.025345629081130028,0.23790322244167328,0.24580320715904236,3.2553271735507496,-6.0723788435322215,18.282509078017995,-18.479287485979278
430,-3.166949987411499,18.200000762939453,-19.995336532592773,0.0657188668847084,-0.0021561633329838514,0.27086660265922546,0.27873343229293823,3.2553271735507496,-2.9530135742267434,18.192981745850975,-19.113577120548822
431,-0.0,18.200000762939453,-20.24458122253418,0.057591136544942856,-0.02662746049463749,0.13575094938278198,0.1498468518257141,3.2553271735507496,0.18747799175042412,18.11331966722861,-19.802667468173098
432,3.166949987411499,18.200000762939453,-19.995336532592773,0.07888483256101608,-0.027907954528927803,-0.11142274737358093,0.13934381306171417,3.2553271735507496,3.4237459264283756,18.109151240203214,-20.35805402986967
433,6.255918979644775,18.200000762939453,-19.253740310668945,0.12740954756736755,-0.005219725426286459,-0.31586238741874695,0.34063100814819336,3.2553271735507496,6.670678742010634,18.18300884892079,-20.28197572353581
434,9.190847396850586,18.200000762939453,-18.038053512573242,0.13137152791023254,0.02144216001033783,-0.3332957327365875,0.35889315605163574,3.2553271735507496,9.618504701487646,18.269802009080728,-19.123040168179163
435,11.899465560913086,18.200000762939453,-16.378210067749023,0.014740640297532082,0.02827393263578415,-0.14962095022201538,0.15298081934452057,3.2553271735507496,11.947451167829179,18.292041664151864,-16.865275212739235
436,14.315079689025879,18.200000762939453,-14.315079689025879,-0.20048967003822327,0.00898665189743042,0.10060679167509079,0.22449631989002228,3.2553271735507496,13.662420218134226,18.2292552550604,-13.987571666242196
437,16.378210067749023,18.200000762939453,-11.899465560913086,-0.36648041009902954,-0.018872836604714394,0.2455834150314331,0.4415600597858429,3.2553271735507496,15.18519643017963,18.138563505098144,-11.10001119658787
438,18.038053512573242,18.200000762939453,-9.190847396850586,-0.31579357385635376,-0.029465457424521446,0.21973349153995514,0.3858453035354614,3.2553271735507496,17.010042110365948,18.104081058704306,-8.475542990901387
439,19.253740310668945,18.200000762939453,-6.255918979644775,-0.024493034929037094,-0.012608127668499947,0.10233453661203384,0.10597749799489975,3.2553271735507496,19.174007468501724,18.15895718233259,-5.922786581818897
440,19.995336532592773,18.200000762939453,-3.166949987411499,0.3281930088996887,0.01627800241112709,0.016700778156518936,0.32902055978775024,3.2553271735507496,21.063712152633315,18.25299098651952,-3.1125834904591403
441,19.982086181640625,20.049999237060547,0.0,0.5805999636650085,0.043370217084884644,-7.832111625916127e-10,0.5822175741195679,3.2553271735507496,21.872129020321907,20.191183483259767,-2.5496085802127514e-09
442,19.736074447631836,20.049999237060547,3.125886917114258,0.4021632671356201,0.026647264137864113,-0.008713380433619022,0.40313929319381714,3.2553271735507496,21.04524745934237,20.13674480010932,3.0975220130152126
443,19.004093170166016,20.049999237060547,6.174804210662842,-0.005340529140084982,-0.009928346611559391,-0.10431570559740067,0.10492311418056488,3.2553271735507496,18.986708000535156,20.017679220547507,5.835222459603504
444,17.804168701171875,20.049999237060547,9.071677207946777,-0.3616913855075836,-0.037135716527700424,-0.2543632984161377,0.44373461604118347,3.2553271735507496,16.62674490548982,19.929110329938645,8.243641450658727
445,16.165847778320312,20.049999237060547,11.745176315307617,-0.4531451463699341,-0.03455785661935806,-0.31665724515914917,0.553901195526123,3.2553271735507496,14.690712069779634,19.93750210734788,10.714353380439317
446,14.12946891784668,20.049999237060547,14.12946891784668,-0.279621422290802,-0.006615604739636183,-0.17531278729438782,0.3301006853580475,3.2553271735507496,13.219209703556523,20.028463279182137,13.558768437496337
447,11.745176315307617,20.049999237060547,16.165847778320312,-0.017243411391973495,0.022845517843961716,0.12882474064826965,0.13196615874767303,3.2553271735507496,11.689043369638611,20.124368872091836,16.585214457178253
448,9.071677207946777,20.049999237060547,17.804168701171875,0.14885251224040985,0.03131653741002083,0.40441012382507324,0.4320710003376007,3.2553271735507496,9.556240835894279,20.151944812272905,19.120655966518658
449,6.174804210662842,20.049999237060547,19.004093170166016,0.16408343613147736,0.015242436900734901,0.45484647154808044,0.48377785086631775,3.2553271735507496,6.708949479031219,20.09961835609464,20.48476724879016
450,3.125886917114258,20.049999237060547,19.736074447631836,0.10648367553949356,-0.009508516639471054,0.23587200045585632,0.25896868109703064,3.2553271735507496,3.4725261196375325,20.019045904463916,20.50391498019556
451,0.0,20.049999237060547,19.982086181640625,0.07761705666780472,-0.02264310047030449,-0.1097688227891922,0.13633161783218384,3.2553271735507496,0.2526689137017331,19.976288536806123,19.62475275000629
452,-3.125886917114258,20.049999237060547,19.736074447631836,0.10001958906650543,-0.015904486179351807,-0.36364081501960754,0.37748047709465027,3.2553271735507496,-2.8002904309386834,19.99822493101954,18.552304621086368
453,-6.174804210662842,20.049999237060547,19.004093170166016,0.11121073365211487,0.002243894850835204,-0.38935738801956177,0.4049346148967743,3.2553271735507496,-5.812776887414597,20.05730384894306,17.736607484723194
454,-9.071677207946777,20.049999237060547,17.804168701171875,0.04235871508717537,0.015675829723477364,-0.21168705821037292,0.21645183861255646,3.2553271735507496,-8.933785731686802,20.10102919152734,17.11505806829063
455,-11.745176315307617,20.049999237060547,16.165847778320312,-0.10325153172016144,0.0142851322889328,0.028593655675649643,0.10808580368757248,3.2553271735507496,-12.081293832226995,20.096502016378476,16.258929482632407
456,-14.12946891784668,20.049999237060547,14.12946891784668,-0.2426959127187729,0.001022235257551074,0.18844352662563324,0.3072674870491028,3.2553271735507496,-14.919523517429802,20.053326947272215,14.742914250750838
457,-16.165847778320312,20.049999237060547,11.745176315307617,-0.27619534730911255,-0.012098250910639763,0.21127507090568542,0.3479473888874054,3.2553271735507496,-17.064953997623952,20.010615472118705,12.432945794720757
458,-17.804168701171875,20.049999237060547,9.071677207946777,-0.1628665030002594,-0.014384930953383446,0.1371069699525833,0.21337933838367462,3.2553271735507496,-18.334352454049803,20.003171580438348,9.518005252916629
459,-19.004093170166016,20.049999237060547,6.174804210662842,0.04810541868209839,-0.004612009972333908,0.04814167693257332,0.0682130679488182,3.2553271735507496,-18.847494293535146,20.03498563567292,6.331521119761749
460,-19.736074447631836,20.049999237060547,3.125886917114258,0.24690133333206177,0.008809547871351242,0.002289086813107133,0.24706906080245972,3.2553271735507496,-18.932329828050065,20.078677197632853,3.1333386436195823
461,-19.982086181640625,20.049999237060547,0.0,0.3275262713432312,0.01491926982998848,-3.9439090881998595e-10,0.3278658986091614,3.2553271735507496,-18.915881010485247,20.098566341547645,-1.2838714424830763e-09
462,-19.736074447631836,20.049999237060547,-3.125886917114258,0.24690133333206177,0.008809547871351242,-0.002289087977260351,0.24706906080245972,3.2553271735507496,-18.932329828050065,20.078677197632853,-3.133338647409282
463,-19.004093170166016,20.049999237060547,-6.174804210662842,0.04810541123151779,-0.004612010437995195,-0.04814167693257332,0.0682130679488182,3.2553271735507496,-18.847494317789224,20.034985634157042,-6.331521119761749
464,-17.804168701171875,20.049999237060547,-9.071677207946777,-0.1628665030002594,-0.01438493188470602,-0.1371069699525833,0.21337933838367462,3.2553271735507496,-18.334352454049803,20.003171577406587,-9.518005252916629
465,-16.165847778320312,20.049999237060547,-11.745176315307617,-0.27619534730911255,-0.012098250910639763,-0.21127507090568542,0.3479473888874054,3.2553271735507496,-17.064953997623952,20.010615472118705,-12.432945794720757
466,-14.12946891784668,20.049999237060547,-14.12946891784668,-0.2426959127187729,0.0010222356067970395,-0.18844351172447205,0.3072674870491028,3.2553271735507496,-14.919523517429802,20.053326948409126,-14.742914202242682
467,-11.745176315307617,20.049999237060547,-16.165847778320312,-0.10325153172016144,0.014285133220255375,-0.028593651950359344,0.10808580368757248,3.2553271735507496,-12.081293832226995,20.096502019410238,-16.258929470505368
468,-9.071677207946777,20.049999237060547,-17.804168701171875,0.04235871881246567,0.015675829723477364,0.21168705821037292,0.21645183861255646,3.2553271735507496,-8.933785719559763,20.10102919152734,-17.11505806829063
469,-6.174804210662842,20.049999237060547,-19.004093170166016,0.11121073365211487,0.002243894385173917,0.38935738801956177,0.4049346148967743,3.2553271735507496,-5.812776887414597,20.057303847427182,-17.736607484723194
470,-3.125886917114258,20.049999237060547,-19.736074447631836,0.10001958906650543,-0.015904486179351807,0.36364081501960754,0.37748047709465027,3.2553271735507496,-2.8002904309386834,19.99822493101954,-18.552304621086368
471,-0.0,20.049999237060547,-19.982086181640625,0.07761705666780472,-0.02264310047030449,0.1097688153386116,0.13633161783218384,3.2553271735507496,0.2526689137017331,19.976288536806123,-19.62475277426037
472,3.125886917114258,20.049999237060547,-19.736074447631836,0.10648368299007416,-0.00950851570814848,-0.23587200045585632,0.258968710899353,3.2553271735507496,3.47252614389161,20.019045907495677,-20.50391498019556
473,6.174804210662842,20.049999237060547,-19.004093170166016,0.16408343613147736,0.015242437832057476,-0.45484647154808044,0.48377785086631775,3.2553271735507496,6.708949479031219,20.099618359126403,-20.48476724879016
474,9.071677207946777,20.049999237060547,-17.804168701171875,0.14885249733924866,0.03131653741002083,-0.40441012382507324,0.4320710003376007,3.2553271735507496,9.556240787386123,20.151944812272905,-19.120655966518658
475,11.745176315307617,20.049999237060547,-16.165847778320312,-0.017243416979908943,0.022845515981316566,-0.12882472574710846,0.13196614384651184,3.2553271735507496,11.689043351448053,20.124368866028316,-16.585214408670097
476,14.12946891784668,20.049999237060547,-14.12946891784668,-0.279621422290802,-0.006615605670958757,0.17531278729438782,0.3301006853580475,3.2553271735507496,13.219209703556523,20.02846327615038,-13.558768437496337
477,16.165847778320312,20.049999237060547,-11.745176315307617,-0.4531451463699341,-0.03455786034464836,0.31665724515914917,0.553901195526123,3.2553271735507496,14.690712069779634,19.93750209522084,-10.714353380439317
478,17.804168701171875,20.049999237060547,-9.071677207946777,-0.3616913855075836,-0.037135716527700424,0.2543632984161377,0.44373461604118347,3.2553271735507496,16.62674490548982,19.929110329938645,-8.243641450658727
479,19.004093170166016,20.049999237060547,-6.174804210662842,-0.005340520292520523,-0.009928345680236816,0.10431570559740067,0.10492311418056488,3.2553271735507496,18.986708029336874,20.017679223579268,-5.835222459603504
480,19.736074447631836,20.049999237060547,-3.125886917114258,0.4021632671356201,0.026647264137864113,0.008713378570973873,0.40313929319381714,3.2553271735507496,21.04524745934237,20.13674480010932,-3.0975220190787316
481,19.71959114074707,21.899999618530273,0.0,0.5239875912666321,0.03438536822795868,-8.785490668294926e-10,0.5251145958900452,3.2553271735507496,21.42534218520074,22.011935242095294,-2.859964650547701e-09
482,19.476810455322266,21.899999618530273,3.0848240852355957,0.3744600713253021,0.02194794826209545,-0.022188367322087288,0.37575840950012207,3.2553271735507496,20.695800500917272,21.97144737091156,3.0125936901552794
483,18.75444793701172,21.899999618530273,6.09368896484375,0.023938219994306564,-0.005845589097589254,-0.11007555574178696,0.1127999871969223,3.2553271735507496,18.83237467504562,21.880970313495478,5.73535701709381
484,17.57028579711914,21.899999618530273,8.952507019042969,-0.3047345280647278,-0.028104448691010475,-0.24038183689117432,0.3891483247280121,3.2553271735507496,16.57827520719087,21.808510443008764,8.169985493383084
485,15.953484535217285,21.899999618530273,11.590885162353516,-0.4229939579963684,-0.02909286692738533,-0.3002553880214691,0.5195417404174805,3.2553271735507496,14.576500809503923,21.80529281826506,10.613455638722202
486,13.943857192993164,21.899999618530273,13.943857192993164,-0.3012981116771698,-0.009917600080370903,-0.1844363957643509,0.35340583324432373,3.2553271735507496,12.963033262710944,21.867714585492234,13.343456382069713
487,11.590885162353516,21.899999618530273,15.953484535217285,-0.0669347271323204,0.013681508600711823,0.09249786287546158,0.11499258875846863,3.2553271735507496,11.372990726265469,21.94453740525334,16.254595341731147
488,8.952507019042969,21.899999618530273,17.57028579711914,0.11361180990934372,0.024577122181653976,0.374880313873291,0.39248812198638916,3.2553271735507496,9.322350631077137,21.98000619221589,18.790643869700098
489,6.09368896484375,21.899999618530273,18.75444793701172,0.1632629632949829,0.01708955690264702,0.4688490629196167,0.4967557489871979,3.2553271735507496,6.625163325692326,21.9556317174994,20.28070503182775
490,3.0848240852355957,21.899999618530273,19.476810455322266,0.1280650794506073,-0.0004507901321630925,0.2921549677848816,0.31899121403694153,3.2553271735507496,3.501717818354093,21.898532149163476,20.427870460840236
491,0.0,21.899999618530273,19.71959114074707,0.10091695934534073,-0.01398437563329935,-0.05426829308271408,0.11543329060077667,3.2553271735507496,0.3285177200290039,21.854475900526054,19.542930091612696
492,-3.0848240852355957,21.899999618530273,19.476810455322266,0.11846550554037094,-0.014941465109586716,-0.3555660843849182,0.3750793933868408,3.2553271735507496,-2.699180105921599,21.851360261146375,18.319326518831
493,-6.09368896484375,21.899999618530273,18.75444793701172,0.12973015010356903,-0.005463277455419302,-0.43708059191703796,0.45595964789390564,3.2553271735507496,-5.671374881982784,21.882214862973,17.331607609112538
494,-8.952507019042969,21.899999618530273,17.57028579711914,0.0589749775826931,0.005256682634353638,-0.27971938252449036,0.28591716289520264,3.2553271735507496,-8.760524171958481,21.917111840352618,16.65970769021833
495,-11.590885162353516,21.899999618530273,15.953484535217285,-0.10430819541215897,0.009166024625301361,-0.012867976911365986,0.10549786686897278,3.2553271735507496,-11.930442465302757,21.92983802756645,15.911595060309091
496,-13.943857192993164,21.899999618530273,13.943857192993164,-0.27545469999313354,0.005099715664982796,0.19465909898281097,0.3373328745365143,3.2553271735507496,-14.84055236296308,21.916600861511874,14.577536247490814
497,-15.953484535217285,21.899999618530273,11.590885162353516,-0.3320253789424896,-0.001773111172951758,0.25085482001304626,0.4161395728588104,3.2553271735507496,-17.034335773597256,21.894227561547236,12.407499674558167
498,-17.57028579711914,21.899999618530273,8.952507019042969,-0.20878496766090393,-0.00521429255604744,0.18027529120445251,0.27589404582977295,3.2553271735507496,-18.249949175774596,21.88302539028173,9.539362073220598
499,-18.75444793701172,21.899999618530273,6.09368896484375,0.04644240811467171,-0.003062307834625244,0.07538220286369324,0.08859317749738693,3.2553271735507496,-18.603262703870893,21.89003080462244,6.3390826982280455
500,-19.476810455322266,21.899999618530273,3.0848240852355957,0.2966526448726654,0.0016673223581165075,0.012664652429521084,0.2969275414943695,3.2553271735507496,-18.511109039362577,21.905427298309718,3.1260516724329914
501,-19.71959114074707,21.899999618530273,0.0,0.39987123012542725,0.004023904446512461,-6.033802901761476e-10,0.3998914957046509,3.2553271735507496,-18.417879459398602,21.91309874401878,-1.9642002545953498e-09
502,-19.476810455322266,21.899999618530273,-3.0848240852355957,0.2966526448726654,0.0016673222417011857,-0.012664654292166233,0.2969275414943695,3.2553271735507496,-18.511109039362577,21.90542729793075,-3.1260516784965104
503,-18.75444793701172,21.899999618530273,-6.09368896484375,0.04644240066409111,-0.003062308067455888,-0.07538220286369324,0.08859317749738693,3.2553271735507496,-18.60326272812497,21.8900308038645,-6.3390826982280455
504,-17.57028579711914,21.899999618530273,-8.952507019042969,-0.20878496766090393,-0.005214293021708727,-0.18027529120445251,0.27589404582977295,3.2553271735507496,-18.249949175774596,21.883025388765848,-9.539362073220598
505,-15.953484535217285,21.899999618530273,-11.590885162353516,-0.3320253789424896,-0.001773111056536436,-0.25085482001304626,0.4161395728588104,3.2553271735507496,-17.034335773597256,21.894227561926208,-12.407499674558167
506,-13.943857192993164,21.899999618530273,-13.943857192993164,-0.27545469999313354,0.005099715664982796,-0.19465909898281097,0.3373328745365143,3.2553271735507496,-14.84055236296308,21.916600861511874,-14.577536247490814
507,-11.590885162353516,21.899999618530273,-15.953484535217285,-0.10430819541215897,0.009166024625301361,0.012867982499301434,0.10549786686897278,3.2553271735507496,-11.930442465302757,21.92983802756645,-15.911595042118535
508,-8.952507019042969,21.899999618530273,-17.57028579711914,0.0589749813079834,0.00525668216869235,0.27971938252449036,0.28591716289520264,3.2553271735507496,-8.760524159831443,21.91711183883674,-16.65970769021833
509,-6.09368896484375,21.899999618530273,-18.75444793701172,0.12973015010356903,-0.005463277455419302,0.43708059191703796,0.45595964789390564,3.2553271735507496,-5.671374881982784,21.882214862973,-17.331607609112538
510,-3.0848240852355957,21.899999618530273,-19.476810455322266,0.11846550554037094,-0.014941465109586716,0.3555660843849182,0.3750793933868408,3.2553271735507496,-2.699180105921599,21.851360261146375,-18.319326518831
511,-0.0,21.899999618530273,-19.71959114074707,0.10091695934534073,-0.013984374701976776,0.054268285632133484,0.11543328315019608,3.2553271735507496,0.3285177200290039,21.854475903557812,-19.542930115866774
512,3.0848240852355957,21.899999618530273,-19.476810455322266,0.1280650794506073,-0.00045078975381329656,-0.2921549677848816,0.31899121403694153,3.2553271735507496,3.501717818354093,21.898532150395127,-20.427870460840236
513,6.09368896484375,21.899999618530273,-18.75444793701172,0.1632629632949829,0.01708955690264702,-0.4688490629196167,0.4967557489871979,3.2553271735507496,6.625163325692326,21.9556317174994,-20.28070503182775
514,8.952507019042969,21.899999618530273,-17.57028579711914,0.11361180990934372,0.024577122181653976,-0.374880313873291,0.39248812198638916,3.2553271735507496,9.322350631077137,21.98000619221589,-18.790643869700098
515,11.590885162353516,21.899999618530273,-15.953484535217285,-0.066934734582901,0.013681508600711823,-0.09249785542488098,0.11499258875846863,3.2553271735507496,11.372990702011391,21.94453740525334,-16.25459531747707
516,13.943857192993164,21.899999618530273,-13.943857192993164,-0.3012981116771698,-0.009917601011693478,0.1844363957643509,0.35340583324432373,3.2553271735507496,12.963033262710944,21.867714582460472,-13.343456382069713
517,15.953484535217285,21.899999618530273,-11.590885162353516,-0.4229939579963684,-0.02909286692738533,0.3002553880214691,0.5195417404174805,3.2553271735507496,14.576500809503923,21.80529281826506,-10.613455638722202
518,17.57028579711914,21.899999618530273,-8.952507019042969,-0.3047345280647278,-0.028104448691010475,0.24038182199001312,0.3891483247280121,3.2553271735507496,16.57827520719087,21.808510443008764,-8.16998554189124
519,18.75444793701172,21.899999618530273,-6.09368896484375,0.02393822744488716,-0.005845588631927967,0.11007554829120636,0.1127999797463417,3.2553271735507496,18.8323746992997,21.88097031501136,-5.735357041347888
520,19.476810455322266,21.899999618530273,-3.0848240852355957,0.3744600713253021,0.0219479501247406,0.02218836545944214,0.37575840950012207,3.2553271735507496,20.695800500917272,21.971447376975078,-3.012593696218799
521,19.956710815429688,23.700000762939453,0.0,0.3580278158187866,0.054991498589515686,-5.079943132813014e-10,0.3622264266014099,3.2553271735507496,21.122208493151607,23.879016082612182,-1.6536876920338729e-09
522,19.71101188659668,23.700000762939453,3.1219170093536377,0.2611238956451416,0.035627029836177826,-0.006308236159384251,0.2636186182498932,3.2553271735507496,20.56105559975374,23.815978401278066,3.1013816367668188
523,18.97995948791504,23.700000762939453,6.16696310043335,0.028867261484265327,-0.008084350265562534,-0.0611158162355423,0.06807215511798859,3.2553271735507496,19.073931868650764,23.673683557839464,5.968011123108055
524,17.78156089782715,23.700000762939453,9.06015682220459,-0.20046798884868622,-0.044234808534383774,-0.15609043836593628,0.2578921616077423,3.2553271735507496,17.128972006300952,23.556001988700658,8.552031376660508
525,16.14531898498535,23.700000762939453,11.730260848999023,-0.29787564277648926,-0.04788412153720856,-0.21724657714366913,0.3717779517173767,3.2553271735507496,15.17563631071615,23.544122280917772,11.023052163062347
526,14.111525535583496,23.700000762939453,14.111525535583496,-0.2272375077009201,-0.019082827493548393,-0.15976248681545258,0.27843329310417175,3.2553271735507496,13.371793101914744,23.637879916051524,13.59144637093911
527,11.730260848999023,23.700000762939453,16.14531898498535,-0.06278786808252335,0.019168417900800705,0.02989327162504196,0.07213426381349564,3.2553271735507496,11.525865795860666,23.762400234605906,16.242631364412684
528,9.06015682220459,23.700000762939453,17.78156089782715,0.07578673213720322,0.03982720524072647,0.2556339502334595,0.2695896029472351,3.2553271735507496,9.30686743072544,23.829651346406173,18.61373304250425
529,6.16696310043335,23.700000762939453,18.97995948791504,0.11891722679138184,0.0315713956952095,0.36481761932373047,0.3850064277648926,3.2553271735507496,6.554077580210632,23.802775985252993,20.16756019748967
530,3.1219170093536377,23.700000762939453,19.71101188659668,0.09140689671039581,0.004561207722872496,0.2632676661014557,0.2787218689918518,3.2553271735507496,3.419476364064936,23.71484898638393,20.568034273974035
531,0.0,23.700000762939453,19.956710815429688,0.06840449571609497,-0.020085284486413002,-0.0013682079734280705,0.07130543887615204,3.2553271735507496,0.22267901369763982,23.634616590562334,19.95225685083472
532,-3.1219170093536377,23.700000762939453,19.71101188659668,0.08938738703727722,-0.026856357231736183,-0.26454469561576843,0.2805267572402954,3.2553271735507496,-2.830931819358491,23.612574533460396,18.849832350339955
533,-6.16696310043335,23.700000762939453,18.97995948791504,0.11590003967285156,-0.015410973690450191,-0.36350953578948975,0.38185009360313416,3.2553271735507496,-5.789670551870706,23.649833001514054,17.796617018214693
534,-9.06015682220459,23.700000762939453,17.78156089782715,0.07398246228694916,0.002432923996821046,-0.2534254193305969,0.26401472091674805,3.2553271735507496,-8.81931970235569,23.707920726537488,16.956578243811762
535,-11.730260848999023,23.700000762939453,16.14531898498535,-0.06156044080853462,0.013601774349808693,-0.028595969080924988,0.06922734528779984,3.2553271735507496,-11.930660224778808,23.744278988588892,16.0522297497822
536,-14.111525535583496,23.700000762939453,14.111525535583496,-0.22394956648349762,0.013049853034317493,0.16022156178951263,0.2756712734699249,3.2553271735507496,-14.840554644862136,23.74248230413291,14.633099139465637
537,-16.14531898498535,23.700000762939453,11.730260848999023,-0.295755535364151,0.005090626887977123,0.21749120950698853,0.36715075373649597,3.2553271735507496,-17.108100015984324,23.71657241897829,12.438265893315542
538,-17.78156089782715,23.700000762939453,9.06015682220459,-0.201205313205719,-0.002348602283746004,0.15560173988342285,0.25436389446258545,3.2553271735507496,-18.436550021368515,23.69235529410531,9.566691394298871
539,-18.97995948791504,23.700000762939453,6.16696310043335,0.027184341102838516,-0.004645928740501404,0.05933723971247673,0.06543302536010742,3.2553271735507496,-18.891465563627897,23.68487674486412,6.36012522927287
540,-19.71101188659668,23.700000762939453,3.1219170093536377,0.26112738251686096,-0.0030531540978699923,0.004456858150660992,0.2611832618713379,3.2553271735507496,-18.86095682253136,23.690061747439618,3.1364255408001456
541,-19.956710815429688,23.700000762939453,0.0,0.35929298400878906,-0.0017897175857797265,-4.783732854285461e-10,0.35929742455482483,3.2553271735507496,-18.78709460131974,23.694174646649483,-1.5572615551562948e-09
542,-19.71101188659668,23.700000762939453,-3.1219170093536377,0.26112738251686096,-0.003053154330700636,-0.004456859081983566,0.2611832618713379,3.2553271735507496,-18.86095682253136,23.69006174668168,-3.1364255438319053
543,-18.97995948791504,23.700000762939453,-6.16696310043335,0.02718433551490307,-0.004645929206162691,-0.05933724343776703,0.06543302536010742,3.2553271735507496,-18.891465581818455,23.684876743348237,-6.360125241399908
544,-17.78156089782715,23.700000762939453,-9.06015682220459,-0.201205313205719,-0.002348602283746004,-0.15560173988342285,0.25436389446258545,3.2553271735507496,-18.436550021368515,23.69235529410531,-9.566691394298871
545,-16.14531898498535,23.700000762939453,-11.730260848999023,-0.295755535364151,0.005090626887977123,-0.21749120950698853,0.36715075373649597,3.2553271735507496,-17.108100015984324,23.71657241897829,-12.438265893315542
546,-14.111525535583496,23.700000762939453,-14.111525535583496,-0.22394956648349762,0.013049853034317493,-0.16022156178951263,0.2756712734699249,3.2553271735507496,-14.840554644862136,23.74248230413291,-14.633099139465637
547,-11.730260848999023,23.700000762939453,-16.14531898498535,-0.06156044080853462,0.013601774349808693,0.028595972806215286,0.06922734528779984,3.2553271735507496,-11.930660224778808,23.744278988588892,-16.05222973765516
548,-9.06015682220459,23.700000762939453,-17.78156089782715,0.07398246973752975,0.0024329237639904022,0.2534254491329193,0.26401475071907043,3.2553271735507496,-8.819319678101614,23.707920725779548,-16.956578146795454
549,-6.16696310043335,23.700000762939453,-18.97995948791504,0.11590004712343216,-0.015410973690450191,0.36350953578948975,0.38185009360313416,3.2553271735507496,-5.789670527616629,23.649833001514054,-17.796617018214693
550,-3.1219170093536377,23.700000762939453,-19.71101188659668,0.08938738703727722,-0.026856357231736183,0.26454469561576843,0.2805267572402954,3.2553271735507496,-2.830931819358491,23.612574533460396,-18.849832350339955
551,-0.0,23.700000762939453,-19.956710815429688,0.06840449571609497,-0.020085284486413002,0.0013682019198313355,0.07130543887615204,3.2553271735507496,0.22267901369763982,23.634616590562334,-19.952256870541156
552,3.1219170093536377,23.700000762939453,-19.71101188659668,0.09140689671039581,0.004561208188533783,-0.2632676661014557,0.2787218689918518,3.2553271735507496,3.419476364064936,23.71484898789981,-20.568034273974035
553,6.16696310043335,23.700000762939453,-18.97995948791504,0.11891722679138184,0.0315713956952095,-0.36481761932373047,0.3850064277648926,3.2553271735507496,6.554077580210632,23.802775985252993,-20.16756019748967
554,9.06015682220459,23.700000762939453,-17.78156089782715,0.07578672468662262,0.03982720524072647,-0.2556339502334595,0.2695896029472351,3.2553271735507496,9.306867406471362,23.829651346406173,-18.61373304250425
555,11.730260848999023,23.700000762939453,-16.14531898498535,-0.06278786808252335,0.019168417900800705,-0.029893266037106514,0.07213426381349564,3.2553271735507496,11.525865795860666,23.762400234605906,-16.242631346222126
556,14.111525535583496,23.700000762939453,-14.111525535583496,-0.2272375077009201,-0.019082829356193542,0.15976250171661377,0.27843329310417175,3.2553271735507496,13.371793101914744,23.637879909988005,-13.591446322430954
557,16.14531898498535,23.700000762939453,-11.730260848999023,-0.29787564277648926,-0.04788412153720856,0.21724659204483032,0.3717779815196991,3.2553271735507496,15.17563631071615,23.544122280917772,-11.023052114554194
558,17.78156089782715,23.700000762939453,-9.06015682220459,-0.20046798884868622,-0.044234808534383774,0.15609043836593628,0.2578921616077423,3.2553271735507496,17.128972006300952,23.556001988700658,-8.552031376660508
559,18.97995948791504,23.700000762939453,-6.16696310043335,0.028867267072200775,-0.00808434933423996,0.0611158162355423,0.06807215511798859,3.2553271735507496,19.073931886841322,23.673683560871225,-5.968011123108055
560,19.71101188659668,23.700000762939453,-3.1219170093536377,0.2611238956451416,0.035627029836177826,0.006308234762400389,0.2636186182498932,3.2553271735507496,20.56105559975374,23.815978401278066,-3.1013816413144584
561,20.193830490112305,25.5,0.0,0.11638934165239334,0.08502063155174255,-1.8675713753246725e-10,0.14413531124591827,3.2553271735507496,20.572715876705022,25.776769972202835,-6.079555846639952e-10
562,19.94521141052246,25.5,3.159010887145996,0.09330770373344421,0.05625249072909355,-0.003442215733230114,0.10900697112083435,3.2553271735507496,20.248958513987564,25.68312026165033,3.1478053487323883
563,19.205474853515625,25.5,6.240237236022949,0.030360154807567596,-0.009653914719820023,-0.01938234269618988,0.03729091212153435,3.2553271735507496,19.304307090453907,25.468573349081428,6.17714136915697
564,17.992834091186523,25.5,9.167806625366211,-0.049548033624887466,-0.06666827201843262,-0.05195195972919464,0.0979728177189827,3.2553271735507496,17.83153903093142,25.282972962484724,8.99868599914055
565,16.3371524810791,25.5,11.869635581970215,-0.10744702070951462,-0.07679930329322815,-0.08552117645740509,0.15734314918518066,3.2553271735507496,15.987377274846349,25.249993141079788,11.591236172334396
566,14.279194831848145,25.5,14.279194831848145,-0.1096215769648552,-0.03647279366850853,-0.08484411239624023,0.14333763718605042,3.2553271735507496,13.922340733546967,25.381269123675594,14.00299948724887
567,11.869635581970215,25.5,16.3371524810791,-0.05716082453727722,0.023459898307919502,-0.0217710193246603,0.06551109999418259,3.2553271735507496,11.68355839659145,25.57636964445051,16.266280690275636
568,9.167806625366211,25.5,17.992834091186523,0.010211928747594357,0.06208690628409386,0.08715236932039261,0.10749233514070511,3.2553271735507496,9.201049794512619,25.70211319314831,18.27654356727453
569,6.240237236022949,25.5,19.205474853515625,0.048243448138237,0.05730416998267174,0.1740029901266098,0.18944191932678223,3.2553271735507496,6.397285443693138,25.68654382170236,19.77191151555386
570,3.159010887145996,25.5,19.94521141052246,0.048321403563022614,0.018174121156334877,0.1653074324131012,0.173181414604187,3.2553271735507496,3.3163128652288156,25.55916271045562,20.483341187246733
571,0.0,25.5,20.193830490112305,0.04001756012439728,-0.025666791945695877,0.0475161075592041,0.06721584498882294,3.2553271735507496,0.13027025089215138,25.416446194721303,20.348510966231142
572,-3.159010887145996,25.5,19.94521141052246,0.05161495879292488,-0.04671772941946983,-0.10998126119375229,0.13016346096992493,3.2553271735507496,-2.9909873092256856,25.34791850593421,19.587186422377055
573,-6.240237236022949,25.5,19.205474853515625,0.07179100811481476,-0.036838311702013016,-0.20269186794757843,0.21816278994083405,3.2553271735507496,-6.006534016490191,25.380079242888705,18.54564650792811
574,-9.167806625366211,25.5,17.992834091186523,0.05687921866774559,-0.008364672772586346,-0.17180472612380981,0.18116864562034607,3.2553271735507496,-8.982646159226764,25.47277025342554,17.433553497691243
575,-11.869635581970215,25.5,16.3371524810791,-0.019917162135243416,0.018272418528795242,-0.0478244349360466,0.054934062063694,3.2553271735507496,-11.934472461089088,25.55948270056328,16.18146829847208
576,-14.279194831848145,25.5,14.279194831848145,-0.12725074589252472,0.029062964022159576,0.07923786342144012,0.1526959389448166,3.2553271735507496,-14.693437642806682,25.594609456525262,14.537140001818061
577,-16.3371524810791,25.5,11.869635581970215,-0.1879274696111679,0.02289116196334362,0.13353316485881805,0.23167185485363007,3.2553271735507496,-16.94891787956097,25.574518221573424,12.304329722105358
578,-17.992834091186523,25.5,9.167806625366211,-0.13978227972984314,0.007938734255731106,0.10605338960886002,0.1756400614976883,3.2553271735507496,-18.447871144771955,25.525843177346278,9.513045106407098
579,-19.205474853515625,25.5,6.240237236022949,0.006743920035660267,-0.006457560695707798,0.046032872051000595,0.046970266848802567,3.2553271735507496,-19.183521187367287,25.47897852719241,6.390089295287156
580,-19.94521141052246,25.5,3.159010887145996,0.16576379537582397,-0.015368986874818802,0.00706771295517683,0.16662470996379852,3.2553271735507496,-19.405596023044634,25.449968919396458,3.1820186051838397
581,-20.193830490112305,25.5,0.0,0.23399600386619568,-0.018198581412434578,-3.6640912526308966e-10,0.23470261693000793,3.2553271735507496,-19.43209694022439,25.440757663408025,-1.1927815821058963e-09
582,-19.94521141052246,25.5,-3.159010887145996,0.16576379537582397,-0.015368986874818802,-0.007067713886499405,0.16662470996379852,3.2553271735507496,-19.405596023044634,25.449968919396458,-3.1820186082155995
583,-19.205474853515625,25.5,-6.240237236022949,0.006743916776031256,-0.006457560695707798,-0.046032872051000595,0.04697026312351227,3.2553271735507496,-19.183521197978447,25.47897852719241,-6.390089295287156
584,-17.992834091186523,25.5,-9.167806625366211,-0.13978229463100433,0.007938734255731106,-0.10605338960886002,0.1756400763988495,3.2553271735507496,-18.447871193280108,25.525843177346278,-9.513045106407098
585,-16.3371524810791,25.5,-11.869635581970215,-0.1879274696111679,0.02289116196334362,-0.13353316485881805,0.23167185485363007,3.2553271735507496,-16.94891787956097,25.574518221573424,-12.304329722105358
586,-14.279194831848145,25.5,-14.279194831848145,-0.12725074589252472,0.029062964022159576,-0.07923786342144012,0.1526959389448166,3.2553271735507496,-14.693437642806682,25.594609456525262,-14.537140001818061
587,-11.869635581970215,25.5,-16.3371524810791,-0.019917160272598267,0.018272418528795242,0.0478244386613369,0.0549340657889843,3.2553271735507496,-11.934472455025569,25.55948270056328,-16.18146828634504
588,-9.167806625366211,25.5,-17.992834091186523,0.05687922239303589,-0.00836467370390892,0.17180472612380981,0.18116864562034607,3.2553271735507496,-8.982646147099725,25.47277025039378,-17.433553497691243
589,-6.240237236022949,25.5,-19.205474853515625,0.07179100811481476,-0.036838311702013016,0.20269186794757843,0.21816278994083405,3.2553271735507496,-6.006534016490191,25.380079242888705,-18.54564650792811
590,-3.159010887145996,25.5,-19.94521141052246,0.05161495879292488,-0.04671772941946983,0.10998125374317169,0.13016346096992493,3.2553271735507496,-2.9909873092256856,25.34791850593421,-19.587186446631133
591,-0.0,25.5,-20.193830490112305,0.04001756012439728,-0.025666790083050728,-0.0475161112844944,0.06721584498882294,3.2553271735507496,0.13027025089215138,25.416446200784822,-20.34851097835818
592,3.159010887145996,25.5,-19.94521141052246,0.048321403563022614,0.018174123018980026,-0.1653074324131012,0.173181414604187,3.2553271735507496,3.3163128652288156,25.55916271651914,-20.483341187246733
593,6.240237236022949,25.5,-19.205474853515625,0.048243448138237,0.05730416998267174,-0.1740029901266098,0.18944191932678223,3.2553271735507496,6.397285443693138,25.68654382170236,-19.77191151555386
594,9.167806625366211,25.5,-17.992834091186523,0.010211926884949207,0.06208690628409386,-0.08715236186981201,0.10749232769012451,3.2553271735507496,9.2010497884491,25.70211319314831,-18.276543543020452
595,11.869635581970215,25.5,-16.3371524810791,-0.05716082453727722,0.023459896445274353,0.02177102118730545,0.06551109999418259,3.2553271735507496,11.68355839659145,25.57636963838699,-16.266280684212116
596,14.279194831848145,25.5,-14.279194831848145,-0.1096215769648552,-0.03647279366850853,0.08484411984682083,0.14333763718605042,3.2553271735507496,13.922340733546967,25.381269123675594,-14.002999462994792
597,16.3371524810791,25.5,-11.869635581970215,-0.10744702070951462,-0.07679930329322815,0.08552117645740509,0.15734314918518066,3.2553271735507496,15.987377274846349,25.249993141079788,-11.591236172334396
598,17.992834091186523,25.5,-9.167806625366211,-0.049548033624887466,-0.06666827201843262,0.05195195972919464,0.0979728177189827,3.2553271735507496,17.83153903093142,25.282972962484724,-8.99868599914055
599,19.205474853515625,25.5,-6.240237236022949,0.030360156670212746,-0.009653912857174873,0.01938234269618988,0.037290915846824646,3.2553271735507496,19.304307096517427,25.468573355144947,-6.17714136915697
600,19.94521141052246,25.5,-3.159010887145996,0.09330771118402481,0.05625249072909355,0.0034422152675688267,0.10900697857141495,3.2553271735507496,20.24895853824164,25.68312026165033,-3.147805350248268
601,20.718503952026367,27.299999237060547,0.0,-0.1310006082057953,0.156134694814682,1.5510198680956933e-10,0.2038116753101349,3.2553271735507496,20.292054112382367,27.808268751824833,5.04907712332901e-10
602,20.463424682617188,27.299999237060547,3.2410879135131836,-0.08191390335559845,0.10584717243909836,0.0009249132708646357,0.13384456932544708,3.2553271735507496,20.1967681271321,27.644566413745057,3.244098808817007
603,19.7044677734375,27.299999237060547,6.402369976043701,0.023115217685699463,-0.011514590121805668,0.025083359330892563,0.03600102663040161,3.2553271735507496,19.779715369692298,27.262515478944735,6.4840245172774935
604,18.4603214263916,27.299999237060547,9.406003952026367,0.09761557728052139,-0.1185704916715622,0.05756232514977455,0.16401581466197968,3.2553271735507496,18.778092067674727,26.91401349354084,9.593388153259191
605,16.761621475219727,27.299999237060547,12.178030014038086,0.09034352749586105,-0.1468813121318817,0.05659424886107445,0.18149098753929138,3.2553271735507496,17.05571921523143,26.821852510390844,12.362262810222235
606,14.65019416809082,27.299999237060547,14.65019416809082,0.02484474517405033,-0.08209400624036789,0.003925112541764975,0.08586090058088303,3.2553271735507496,14.73107194217585,27.03275638776063,14.662971693607272
607,12.178030014038086,27.299999237060547,16.761621475219727,-0.03449024632573128,0.029377607628703117,-0.06483609974384308,0.07909703254699707,3.2553271735507496,12.065752977951474,27.395632961468177,16.550558757896546
608,9.406003952026367,27.299999237060547,18.4603214263916,-0.04723024740815163,0.1146041750907898,-0.08887287229299545,0.15252278745174408,3.2553271735507496,9.252254044225086,27.67307332243596,18.171011150224707
609,6.402369976043701,27.299999237060547,19.7044677734375,-0.025255780667066574,0.12329769134521484,-0.04262014850974083,0.1328783482313156,3.2553271735507496,6.320154146948962,27.701373562132698,19.56572524585297
610,3.2410879135131836,27.299999237060547,20.463424682617188,-0.004525927826762199,0.05768119916319847,0.03598210588097572,0.06813454627990723,3.2553271735507496,3.226354537673195,27.4877704120995,20.58055820965311
611,0.0,27.299999237060547,20.718503952026367,-0.0010489806300029159,-0.034729693084955215,0.08004135638475418,0.0872574970126152,3.2553271735507496,-0.003414775149376877,27.186942723432015,20.979064754473516
612,-3.2410879135131836,27.299999237060547,20.463424682617188,-0.0007075900794006884,-0.0962621346116066,0.055986370891332626,0.11136145889759064,3.2553271735507496,-3.2433913507263914,26.986634494475382,20.645678637128235
613,-6.402369976043701,27.299999237060547,19.7044677734375,0.012764250859618187,-0.09558108448982239,-0.008473657071590424,0.09680120646953583,3.2553271735507496,-6.360818163370368,26.988851535443377,19.676883247313
614,-9.406003952026367,27.299999237060547,18.4603214263916,0.03085097298026085,-0.04210086539387703,-0.055144503712654114,0.07592879235744476,3.2553271735507496,-9.305573941353243,27.162947145913858,18.280808024983827
615,-12.178030014038086,27.299999237060547,16.761621475219727,0.02801605500280857,0.02674056962132454,-0.050229936838150024,0.0634271502494812,3.2553271735507496,-12.08682858889175,27.38704853998507,16.59810659690476
616,-14.65019416809082,27.299999237060547,14.65019416809082,-0.005536814220249653,0.07200700044631958,-0.009236181154847145,0.07280776649713516,3.2553271735507496,-14.6682183098769,27.534405582299332,14.620127376597608
617,-16.761621475219727,27.299999237060547,12.178030014038086,-0.04559990018606186,0.07452940940856934,0.026674019172787666,0.0913536325097084,3.2553271735507496,-16.910064069406616,27.54261684873695,12.264862673479076
618,-18.4603214263916,27.299999237060547,9.406003952026367,-0.05362079292535782,0.040016550570726395,0.032524075359106064,0.07439307123422623,3.2553271735507496,-18.634874650668856,27.4302662015252,9.511880458337478
619,-19.7044677734375,27.299999237060547,6.402369976043701,-0.015633342787623405,-0.00992254912853241,0.01685248129069805,0.025037262588739395,3.2553271735507496,-19.755359419027485,27.267698093251543,6.457230316331066
620,-20.463424682617188,27.299999237060547,3.2410879135131836,0.04003392532467842,-0.05121192708611488,0.0029232059605419636,0.06506859511137009,3.2553271735507496,-20.33310115764386,27.133287659207216,3.250603905310421
621,-20.718503952026367,27.299999237060547,0.0,0.06619904935359955,-0.0669335201382637,-1.2642732694079228e-10,0.09414037317037582,3.2553271735507496,-20.503004387802367,27.08210873013305,-4.115623128697459e-10
622,-20.463424682617188,27.299999237060547,-3.2410879135131836,0.04003392532467842,-0.05121192708611488,-0.002923206426203251,0.06506859511137009,3.2553271735507496,-20.33310115764386,27.133287659207216,-3.250603906826301
623,-19.7044677734375,27.299999237060547,-6.402369976043701,-0.015633342787623405,-0.009922548197209835,-0.01685248129069805,0.025037262588739395,3.2553271735507496,-19.755359419027485,27.267698096283304,-6.457230316331066
624,-18.4603214263916,27.299999237060547,-9.406003952026367,-0.05362079292535782,0.040016550570726395,-0.032524075359106064,0.07439307123422623,3.2553271735507496,-18.634874650668856,27.4302662015252,-9.511880458337478
625,-16.761621475219727,27.299999237060547,-12.178030014038086,-0.04559990018606186,0.07452940940856934,-0.026674019172787666,0.0913536325097084,3.2553271735507496,-16.910064069406616,27.54261684873695,-12.264862673479076
626,-14.65019416809082,27.299999237060547,-14.65019416809082,-0.005536813288927078,0.07200700044631958,0.00923618208616972,0.07280777394771576,3.2553271735507496,-14.66821830684514,27.534405582299332,-14.620127373565849
627,-12.178030014038086,27.299999237060547,-16.761621475219727,0.02801605500280857,0.02674056775867939,0.050229936838150024,0.0634271502494812,3.2553271735507496,-12.08682858889175,27.38704853392155,-16.59810659690476
628,-9.406003952026367,27.299999237060547,-18.4603214263916,0.03085097298026085,-0.04210086539387703,0.055144503712654114,0.07592879235744476,3.2553271735507496,-9.305573941353243,27.162947145913858,-18.280808024983827
629,-6.402369976043701,27.299999237060547,-19.7044677734375,0.012764250859618187,-0.09558108448982239,0.008473656140267849,0.09680120646953583,3.2553271735507496,-6.360818163370368,26.988851535443377,-19.676883250344762
630,-3.2410879135131836,27.299999237060547,-20.463424682617188,-0.000707590370438993,-0.0962621346116066,-0.055986370891332626,0.11136145889759064,3.2553271735507496,-3.2433913516738166,26.986634494475382,-20.645678637128235
631,-0.0,27.299999237060547,-20.718503952026367,-0.0010489808628335595,-0.034729693084955215,-0.08004135638475418,0.0872574970126152,3.2553271735507496,-0.0034147759073167978,27.186942723432015,-20.979064754473516
632,3.2410879135131836,27.299999237060547,-20.463424682617188,-0.004525928292423487,0.05768120288848877,-0.035982102155685425,0.06813455373048782,3.2553271735507496,3.226354536157315,27.48777042422654,-20.58055819752607
633,6.402369976043701,27.299999237060547,-19.7044677734375,-0.025255780667066574,0.12329769134521484,0.04262014850974083,0.1328783482313156,3.2553271735507496,6.320154146948962,27.701373562132698,-19.56572524585297
634,9.406003952026367,27.299999237060547,-18.4603214263916,-0.04723024740815163,0.1146041750907898,0.08887287229299545,0.15252278745174408,3.2553271735507496,9.252254044225086,27.67307332243596,-18.171011150224707
635,12.178030014038086,27.299999237060547,-16.761621475219727,-0.03449024260044098,0.029377605766057968,0.06483609229326248,0.07909702509641647,3.2553271735507496,12.065752990078513,27.395632955404658,-16.550558782150624
636,14.65019416809082,27.299999237060547,-14.65019416809082,0.02484474703669548,-0.08209401369094849,-0.0039251139387488365,0.08586090058088303,3.2553271735507496,14.73107194823937,27.032756363506554,-14.662971698154912
637,16.761621475219727,27.299999237060547,-12.178030014038086,0.09034352749586105,-0.1468813121318817,-0.056594252586364746,0.18149098753929138,3.2553271735507496,17.05571921523143,26.821852510390844,-12.362262822349274
638,18.4603214263916,27.299999237060547,-9.406003952026367,0.09761557728052139,-0.1185704916715622,-0.05756232514977455,0.16401581466197968,3.2553271735507496,18.778092067674727,26.91401349354084,-9.593388153259191
639,19.7044677734375,27.299999237060547,-6.402369976043701,0.023115215823054314,-0.011514588259160519,-0.025083359330892563,0.03600102663040161,3.2553271735507496,19.779715363628778,27.262515485008255,-6.4840245172774935
640,20.463424682617188,27.299999237060547,-3.2410879135131836,-0.08191390335559845,0.10584717243909836,-0.0009249128052033484,0.13384456932544708,3.2553271735507496,20.1967681271321,27.644566413745057,-3.244098807301127
641,21.243175506591797,29.100000381469727,0.0,-0.30870330333709717,0.20730365812778473,5.164713656746756e-10,0.3718501627445221,3.2553271735507496,20.238245254673664,29.77484161294958,1.6812832710416372e-09
642,20.98163604736328,29.100000381469727,3.323164939880371,-0.21279990673065186,0.1424778699874878,0.013935341499745846,0.25647208094596863,3.2553271735507496,20.288902728453927,29.563812463269628,3.368529035737203
643,20.203460693359375,29.100000381469727,6.564501762390137,0.005312045104801655,-0.010476358234882355,0.06803355365991592,0.06904010474681854,3.2553271735507496,20.220753138136164,29.06589640782786,6.785973238332484
644,18.92780876159668,29.100000381469727,9.644200325012207,0.19379523396492004,-0.1542413830757141,0.14165079593658447,0.2853277921676636,3.2553271735507496,19.558675652827308,28.597894215857302,10.105320010179662
645,17.18609046936035,29.100000381469727,12.486425399780273,0.2387775182723999,-0.1991628110408783,0.16134490072727203,0.3503037393093109,3.2553271735507496,17.963389413025507,28.4516602707276,13.01165583943161
646,15.02119255065918,29.100000381469727,15.02119255065918,0.14345978200435638,-0.12052372843027115,0.07422856986522675,0.20153549313545227,3.2553271735507496,15.488201077329627,28.707656213253014,15.262830831195263
647,12.486425399780273,29.100000381469727,17.18609046936035,0.004544790834188461,0.027925657108426094,-0.08693457394838333,0.09142274409532547,3.2553271735507496,12.501220180880912,29.190907531894048,16.903089988465123
648,9.644200325012207,29.100000381469727,18.92780876159668,-0.08064865320920944,0.15158711373806,-0.2161371111869812,0.27604004740715027,3.2553271735507496,9.381662572709997,29.59346603198136,18.22421175033694
649,6.564501762390137,29.100000381469727,20.203460693359375,-0.08722613006830215,0.1768675595521927,-0.21827833354473114,0.29416996240615845,3.2553271735507496,6.28055217093512,29.675762154199585,19.492893302773837
650,3.323164939880371,29.100000381469727,20.98163604736328,-0.057929761707782745,0.09563282132148743,-0.08904311060905457,0.1429341435432434,3.2553271735507496,3.1345846124357064,29.411316503400887,20.691771589780142
651,0.0,29.100000381469727,21.243175506591797,-0.04190073907375336,-0.035158317536115646,0.08167397975921631,0.0982975959777832,3.2553271735507496,-0.13640061449864896,28.985548555018084,21.50905103227401
652,-3.323164939880371,29.100000381469727,20.98163604736328,-0.04546600580215454,-0.13438045978546143,0.1831272840499878,0.23164816200733185,3.2553271735507496,-3.471171664040941,28.66254801913587,21.577775271349754
653,-6.564501762390137,29.100000381469727,20.203460693359375,-0.03850407898426056,-0.14800706505775452,0.16637171804904938,0.22598274052143097,3.2553271735507496,-6.689845137000145,28.618188960709723,20.74505506803477
654,-9.644200325012207,29.100000381469727,18.92780876159668,0.0018679265631362796,-0.07750362902879715,0.06792186945676804,0.10307125002145767,3.2553271735507496,-9.638119612913032,28.847700711843487,19.148916668917664
655,-12.486425399780273,29.100000381469727,17.18609046936035,0.061438895761966705,0.02864142507314682,-0.034367918968200684,0.07600146532058716,3.2553271735507496,-12.286421692893391,29.19323759079956,17.074211648844777
656,-15.02119255065918,29.100000381469727,15.02119255065918,0.10096242278814316,0.10899529606103897,-0.08451352268457413,0.17092666029930115,3.2553271735507496,-14.692526832249417,29.454815730526434,14.746073383731588
657,-17.18609046936035,29.100000381469727,12.486425399780273,0.09196345508098602,0.12426353991031647,-0.07760938256978989,0.17297953367233276,3.2553271735507496,-16.886719335061603,29.50451885962139,12.233781467778341
658,-18.92780876159668,29.100000381469727,9.644200325012207,0.038786325603723526,0.07373695075511932,-0.04359547793865204,0.09403234720230103,3.2553271735507496,-18.80154658189669,29.34003828095764,9.50228278103458
659,-20.203460693359375,29.100000381469727,6.564501762390137,-0.029528621584177017,-0.010985155589878559,-0.013684701174497604,0.03434944152832031,3.2553271735507496,-20.299586017599843,29.064240105972313,6.519953582794873
660,-20.98163604736328,29.100000381469727,3.323164939880371,-0.08228126913309097,-0.08587086945772171,-0.0006614095764234662,0.11893044412136078,3.2553271735507496,-21.249488498646475,28.820462606707576,3.321011835313393
661,-21.243175506591797,29.100000381469727,0.0,-0.10155884921550751,-0.11530057340860367,1.0074388545611157e-10,0.15365032851696014,3.2553271735507496,-21.573782788157583,28.724659291726717,3.2795430789436414e-10
662,-20.98163604736328,29.100000381469727,-3.323164939880371,-0.08228126913309097,-0.08587086945772171,0.0006614098674617708,0.11893044412136078,3.2553271735507496,-21.249488498646475,28.820462606707576,-3.3210118343659683
663,-20.203460693359375,29.100000381469727,-6.564501762390137,-0.029528619721531868,-0.01098515372723341,0.013684701174497604,0.03434944152832031,3.2553271735507496,-20.299586011536324,29.064240112035833,-6.519953582794873
664,-18.92780876159668,29.100000381469727,-9.644200325012207,0.038786325603723526,0.07373695075511932,0.04359547793865204,0.09403234720230103,3.2553271735507496,-18.80154658189669,29.34003828095764,-9.50228278103458
665,-17.18609046936035,29.100000381469727,-12.486425399780273,0.09196345508098602,0.12426353991031647,0.07760938256978989,0.17297953367233276,3.2553271735507496,-16.886719335061603,29.50451885962139,-12.233781467778341
666,-15.02119255065918,29.100000381469727,-15.02119255065918,0.10096242278814316,0.10899529606103897,0.08451352268457413,0.17092666029930115,3.2553271735507496,-14.692526832249417,29.454815730526434,-14.746073383731588
667,-12.486425399780273,29.100000381469727,-17.18609046936035,0.06143889203667641,0.02864142321050167,0.034367915242910385,0.07600146532058716,3.2553271735507496,-12.28642170502043,29.19323758473604,-17.074211660971816
668,-9.644200325012207,29.100000381469727,-18.92780876159668,0.0018679252825677395,-0.07750362902879715,-0.06792186945676804,0.10307125002145767,3.2553271735507496,-9.638119617081701,28.847700711843487,-19.148916668917664
669,-6.564501762390137,29.100000381469727,-20.203460693359375,-0.03850407898426056,-0.14800706505775452,-0.16637171804904938,0.22598274052143097,3.2553271735507496,-6.689845137000145,28.618188960709723,-20.74505506803477
670,-3.323164939880371,29.100000381469727,-20.98163604736328,-0.04546600580215454,-0.13438045978546143,-0.1831272840499878,0.23164816200733185,3.2553271735507496,-3.471171664040941,28.66254801913587,-21.577775271349754
671,-0.0,29.100000381469727,-21.243175506591797,-0.04190073907375336,-0.03515831381082535,-0.08167397975921631,0.0982975959777832,3.2553271735507496,-0.13640061449864896,28.985548567145123,-21.50905103227401
672,3.323164939880371,29.100000381469727,-20.98163604736328,-0.057929761707782745,0.09563282877206802,0.08904311805963516,0.1429341584444046,3.2553271735507496,3.1345846124357064,29.411316527654964,-20.691771565526064
673,6.564501762390137,29.100000381469727,-20.203460693359375,-0.08722613006830215,0.17686757445335388,0.21827833354473114,0.29416996240615845,3.2553271735507496,6.28055217093512,29.67576220270774,-19.492893302773837
674,9.644200325012207,29.100000381469727,-18.92780876159668,-0.08064865320920944,0.15158711373806,0.2161371111869812,0.27604004740715027,3.2553271735507496,9.381662572709997,29.59346603198136,-18.22421175033694
675,12.486425399780273,29.100000381469727,-17.18609046936035,0.004544793628156185,0.027925653383135796,0.08693456649780273,0.09142273664474487,3.2553271735507496,12.501220189976191,29.19090751976701,-16.9030900127192
676,15.02119255065918,29.100000381469727,-15.02119255065918,0.14345979690551758,-0.12052373588085175,-0.07422857731580734,0.20153552293777466,3.2553271735507496,15.488201125837783,28.707656188998936,-15.26283085544934
677,17.18609046936035,29.100000381469727,-12.486425399780273,0.2387775182723999,-0.1991628110408783,-0.16134490072727203,0.3503037393093109,3.2553271735507496,17.963389413025507,28.4516602707276,-13.01165583943161
678,18.92780876159668,29.100000381469727,-9.644200325012207,0.19379523396492004,-0.1542413830757141,-0.14165079593658447,0.2853277921676636,3.2553271735507496,19.558675652827308,28.597894215857302,-10.105320010179662
679,20.203460693359375,29.100000381469727,-6.564501762390137,0.005312039982527494,-0.010476354509592056,-0.06803355365991592,0.06904010474681854,3.2553271735507496,20.220753121461485,29.0658964199549,-6.785973238332484
680,20.98163604736328,29.100000381469727,-3.323164939880371,-0.21279990673065186,0.1424778699874878,-0.013935339637100697,0.25647208094596863,3.2553271735507496,20.288902728453927,29.563812463269628,-3.3685290296736836
681,22.485313415527344,30.950000762939453,0.0,-0.36622515320777893,0.2454952746629715,4.732833569498496e-10,0.4408954381942749,3.2553271735507496,21.293130722652275,31.74916820152813,1.5406921726681643e-09
682,22.20848274230957,30.950000762939453,3.5174779891967773,-0.2575623393058777,0.17280587553977966,0.004534393083304167,0.3101947605609894,3.2553271735507496,21.37003306028385,31.512540425333327,3.532238922216418
683,21.38480567932129,30.950000762939453,6.9483442306518555,-0.006319080945104361,-0.002137393457815051,0.06317287683486938,0.06352409720420837,3.2553271735507496,21.364235003408822,30.943042847935658,7.153992613243781
684,20.034561157226562,30.950000762939453,10.20811939239502,0.22070454061031342,-0.1754012107849121,0.15905706584453583,0.3236900269985199,3.2553271735507496,20.753026645601352,30.379012435197627,10.725902180983988
685,18.191001892089844,30.950000762939453,13.216535568237305,0.28962135314941406,-0.24389314651489258,0.2060123234987259,0.4310515820980072,3.2553271735507496,19.13381415303767,30.156048775646727,13.887173083009035
686,15.899518013000488,30.950000762939453,15.899518013000488,0.1904643326997757,-0.16713371872901917,0.12649540603160858,0.2832162380218506,3.2553271735507496,16.51954173083028,30.40592582674429,16.311301945584518
687,13.216535568237305,30.950000762939453,18.191001892089844,0.025034019723534584,0.008068271912634373,-0.06491661816835403,0.07004260271787643,3.2553271735507496,13.298029492906533,30.976265627740247,17.97967706095138
688,10.20811939239502,30.950000762939453,20.034561157226562,-0.08833450824022293,0.17591357231140137,-0.253408819437027,0.3208809792995453,3.2553271735507496,9.92056166735838,31.522656995081142,19.209632541295793
689,6.9483442306518555,30.950000762939453,21.38480567932129,-0.10592480003833771,0.23625995218753815,-0.30624234676361084,0.4010276794433594,3.2553271735507496,6.6035243507341255,31.719104205317347,20.387886646209754
690,3.5174779891967773,30.950000762939453,22.20848274230957,-0.07138705998659134,0.15552541613578796,-0.1781105101108551,0.24699720740318298,3.2553271735507496,3.285089752982529,31.456286876264073,21.628674758850718
691,0.0,30.950000762939453,22.485313415527344,-0.052193451672792435,-0.014362049289047718,0.050516147166490555,0.07404259592294693,3.2553271735507496,-0.16990676151184905,30.90324759362094,22.64976000210151
692,-3.5174779891967773,30.950000762939453,22.20848274230957,-0.06851043552160263,-0.170073464512825,0.2339463084936142,0.29723650217056274,3.2553271735507496,-3.740501871622047,30.396355992410935,22.97005451750072
693,-6.9483442306518555,30.950000762939453,21.38480567932129,-0.0804968774318695,-0.22097814083099365,0.2681031823158264,0.3566376566886902,3.2553271735507496,-7.210387903141804,30.230644616331595,22.25756925402943
694,-10.20811939239502,30.950000762939453,20.034561157226562,-0.0378771610558033,-0.14222921431064606,0.1567445546388626,0.2150178700685501,3.2553271735507496,-10.331421944036935,30.486998136721233,20.544815965248564
695,-13.216535568237305,30.950000762939453,18.191001892089844,0.06205889955163002,0.014692830853164196,-0.008188082836568356,0.06429798156023026,3.2553271735507496,-13.014513546166228,30.997830734472142,18.16434700353268
696,-15.899518013000488,30.950000762939453,15.899518013000488,0.1631373018026352,0.1567547768354416,-0.12391649186611176,0.2579556703567505,3.2553271735507496,-15.36845272142262,31.46028884755575,15.496129289777654
697,-18.191001892089844,30.950000762939453,13.216535568237305,0.19262194633483887,0.20480969548225403,-0.14482542872428894,0.3162667155265808,3.2553271735507496,-17.563954435963808,31.61672333004949,12.74508141468999
698,-20.034561157226562,30.950000762939453,10.20811939239502,0.11772394925355911,0.13632702827453613,-0.09550585597753525,0.2038758248090744,3.2553271735507496,-19.65133118624374,31.39378984257097,9.897216584198125
699,-21.38480567932129,30.950000762939453,6.9483442306518555,-0.02874797210097313,-0.0063270824030041695,-0.03373301774263382,0.044770464301109314,3.2553271735507496,-21.478389734086065,30.92940403966366,6.83853222134839
700,-22.20848274230957,30.950000762939453,3.5174779891967773,-0.1686021238565445,-0.14257566630840302,-0.001543848542496562,0.22080960869789124,3.2553271735507496,-22.757337817618147,30.485870322118604,3.512452257084542
701,-22.485313415527344,30.950000762939453,0.0,-0.22556999325752258,-0.1979343593120575,2.5459928609805615e-10,0.3000997006893158,3.2553271735507496,-23.219617544116215,30.305659664491554,8.288039744016238e-10
702,-22.20848274230957,30.950000762939453,-3.5174779891967773,-0.1686021238565445,-0.14257565140724182,0.001543849240988493,0.22080959379673004,3.2553271735507496,-22.757337817618147,30.48587037062676,-3.512452254810722
703,-21.38480567932129,30.950000762939453,-6.9483442306518555,-0.02874796837568283,-0.006327079609036446,0.03373301774263382,0.044770460575819016,3.2553271735507496,-21.478389721959026,30.929404048758936,-6.83853222134839
704,-20.034561157226562,30.950000762939453,-10.20811939239502,0.11772394925355911,0.13632702827453613,0.09550585597753525,0.2038758248090744,3.2553271735507496,-19.65133118624374,31.39378984257097,-9.897216584198125
705,-18.191001892089844,30.950000762939453,-13.216535568237305,0.19262194633483887,0.20480969548225403,0.14482542872428894,0.3162667155265808,3.2553271735507496,-17.563954435963808,31.61672333004949,-12.74508141468999
706,-15.899518013000488,30.950000762939453,-15.899518013000488,0.1631373018026352,0.1567547768354416,0.12391649186611176,0.2579556703567505,3.2553271735507496,-15.36845272142262,31.46028884755575,-15.496129289777654
707,-13.216535568237305,30.950000762939453,-18.191001892089844,0.06205889955163002,0.014692827127873898,0.008188079111278057,0.06429798156023026,3.2553271735507496,-13.014513546166228,30.997830722345103,-18.164347015659718
708,-10.20811939239502,30.950000762939453,-20.034561157226562,-0.0378771610558033,-0.14222921431064606,-0.1567445546388626,0.2150178700685501,3.2553271735507496,-10.331421944036935,30.486998136721233,-20.544815965248564
709,-6.9483442306518555,30.950000762939453,-21.38480567932129,-0.0804968774318695,-0.22097814083099365,-0.2681031823158264,0.3566376566886902,3.2553271735507496,-7.210387903141804,30.230644616331595,-22.25756925402943
710,-3.5174779891967773,30.950000762939453,-22.20848274230957,-0.06851043552160263,-0.170073464512825,-0.2339463084936142,0.29723650217056274,3.2553271735507496,-3.740501871622047,30.396355992410935,-22.97005451750072
711,-0.0,30.950000762939453,-22.485313415527344,-0.052193451672792435,-0.01436204556375742,-0.050516143441200256,0.07404259592294693,3.2553271735507496,-0.16990676151184905,30.90324760574798,-22.64975998997447
712,3.5174779891967773,30.950000762939453,-22.20848274230957,-0.07138705998659134,0.15552541613578796,0.1781105101108551,0.24699720740318298,3.2553271735507496,3.285089752982529,31.456286876264073,-21.628674758850718
713,6.9483442306518555,30.950000762939453,-21.38480567932129,-0.10592480003833771,0.23625995218753815,0.30624234676361084,0.4010276794433594,3.2553271735507496,6.6035243507341255,31.719104205317347,-20.387886646209754
714,10.20811939239502,30.950000762939453,-20.034561157226562,-0.08833450824022293,0.17591355741024017,0.253408819437027,0.3208809792995453,3.2553271735507496,9.92056166735838,31.522656946572987,-19.209632541295793
715,13.216535568237305,30.950000762939453,-18.191001892089844,0.025034021586179733,0.008068268187344074,0.06491661071777344,0.07004259526729584,3.2553271735507496,13.298029498970052,30.976265615613208,-17.97967708520546
716,15.899518013000488,30.950000762939453,-15.899518013000488,0.1904643326997757,-0.16713371872901917,-0.12649540603160858,0.2832162380218506,3.2553271735507496,16.51954173083028,30.40592582674429,-16.311301945584518
717,18.191001892089844,30.950000762939453,-13.216535568237305,0.28962135314941406,-0.24389314651489258,-0.2060123234987259,0.4310515820980072,3.2553271735507496,19.13381415303767,30.156048775646727,-13.887173083009035
718,20.034561157226562,30.950000762939453,-10.20811939239502,0.22070452570915222,-0.1754012107849121,-0.15905706584453583,0.3236899971961975,3.2553271735507496,20.753026597093196,30.379012435197627,-10.725902180983988
719,21.38480567932129,30.950000762939453,-6.9483442306518555,-0.006319086533039808,-0.0021373897325247526,-0.06317287683486938,0.06352410465478897,3.2553271735507496,21.364234985218268,30.943042860062697,-7.153992613243781
720,22.20848274230957,30.950000762939453,-3.5174779891967773,-0.2575623393058777,0.17280587553977966,-0.004534391686320305,0.3101947605609894,3.2553271735507496,21.37003306028385,31.512540425333327,-3.5322389176687783
721,23.727453231811523,32.79999923706055,0.0,-0.30502569675445557,0.20505045354366302,4.767437000730013e-10,0.36754095554351807,3.2553271735507496,22.734494792535493,33.46750555043014,1.5519567216667695e-09
722,23.43532943725586,32.79999923706055,3.7117910385131836,-0.2219172567129135,0.14875905215740204,0.011941006407141685,0.2674305737018585,3.2553271735507496,22.712916161198475,33.28425862186019,3.7506629211498956
723,22.56614875793457,32.79999923706055,7.332186222076416,-0.024348996579647064,0.009448127821087837,0.061759527772665024,0.06705504655838013,3.2553271735507496,22.486884807720152,32.83075598429571,7.533233691060435
724,21.141315460205078,32.79999923706055,10.772038459777832,0.16781415045261383,-0.13828395307064056,0.1390683948993683,0.25811636447906494,3.2553271735507496,21.687605424279806,32.34983972696367,11.224751584675833
725,19.195913314819336,32.79999923706055,13.946646690368652,0.24767287075519562,-0.21198442578315735,0.18166695535182953,0.3732052147388458,3.2553271735507496,20.00216954114005,32.109920575439084,14.538032066661694
726,16.777843475341797,32.79999923706055,16.777843475341797,0.18993599712848663,-0.16612310707569122,0.12500134110450745,0.281598836183548,3.2553271735507496,17.396147288029617,32.25921417244237,17.184763737769586
727,13.946646690368652,32.79999923706055,19.195913314819336,0.05779481679201126,-0.02139701135456562,-0.03350018709897995,0.07014510035514832,3.2553271735507496,14.134787727962074,32.730344964565255,19.086859245436994
728,10.772038459777832,32.79999923706055,21.141315460205078,-0.054342422634363174,0.1414901614189148,-0.21226096153259277,0.2608203887939453,3.2553271735507496,10.59513609469961,33.26059600431762,20.450336584244017
729,7.332186222076416,32.79999923706055,22.56614875793457,-0.09400241822004318,0.2256879061460495,-0.2933647930622101,0.3818826973438263,3.2553271735507496,7.026177595665227,33.53468721067955,21.611150375316065
730,3.7117910385131836,32.79999923706055,23.43532943725586,-0.0796780213713646,0.1769036501646042,-0.20961794257164001,0.28562769293785095,3.2553271735507496,3.452413010408223,33.375878496541695,22.7529544527386
731,0.0,32.79999923706055,23.727453231811523,-0.06555811315774918,0.02014004811644554,-0.0017058809753507376,0.06860318779945374,3.2553271735507496,-0.21341310720913584,32.86556168297063,23.72190003111762
732,-3.7117910385131836,32.79999923706055,23.43532943725586,-0.0793171375989914,-0.15191632509231567,0.20443809032440186,0.26676714420318604,3.2553271735507496,-3.969994271867444,32.305461895881564,24.100842307997706
733,-7.332186222076416,32.79999923706055,22.56614875793457,-0.09306308627128601,-0.23454369604587555,0.2855979800224304,0.3811006247997284,3.2553271735507496,-7.635137015669831,32.03648276993738,23.49586362301279
734,-10.772038459777832,32.79999923706055,21.141315460205078,-0.054380811750888824,-0.17624898254871368,0.20604845881462097,0.2765446603298187,3.2553271735507496,-10.949065793990249,32.22625113485905,21.812070607252565
735,-13.946646690368652,32.79999923706055,19.195913314819336,0.053136102855205536,-0.011492988094687462,0.034241754561662674,0.06424976140260696,3.2553271735507496,-13.773671290847513,32.762585800610616,19.30738142891397
736,-16.777843475341797,32.79999923706055,16.777843475341797,0.17840561270713806,0.1603144109249115,-0.11621897667646408,0.2665260136127472,3.2553271735507496,-16.197074836382278,33.32187509525619,16.39951268248464
737,-19.195913314819336,32.79999923706055,13.946646690368652,0.23256292939186096,0.23577992618083954,-0.16935540735721588,0.37196630239486694,3.2553271735507496,-18.438844891209445,33.56754003773482,13.395339430810951
738,-21.141315460205078,32.79999923706055,10.772038459777832,0.1577242761850357,0.1701001226902008,-0.1292654126882553,0.26555705070495605,3.2553271735507496,-20.627871338011307,33.35373078867828,10.351237249253503
739,-22.56614875793457,32.79999923706055,7.332186222076416,-0.021179718896746635,0.0032331920228898525,-0.05716753005981445,0.061050474643707275,3.2553271735507496,-22.635095672387315,32.81052433490997,7.1460872080279225
740,-23.43532943725586,32.79999923706055,3.7117910385131836,-0.20442712306976318,-0.1650630086660385,-0.010958349332213402,0.26297593116760254,3.2553271735507496,-24.10080660599566,32.26266513960195,3.6761180261547675
741,-23.727453231811523,32.79999923706055,0.0,-0.28136834502220154,-0.23492859303951263,4.126149144578761e-10,0.3665509521961212,3.2553271735507496,-24.6433992511393,32.03522980429498,1.3431965432470422e-09
742,-23.43532943725586,32.79999923706055,-3.7117910385131836,-0.20442712306976318,-0.1650630086660385,0.010958350263535976,0.26297593116760254,3.2553271735507496,-24.10080660599566,32.26266513960195,-3.6761180231230077
743,-22.56614875793457,32.79999923706055,-7.332186222076416,-0.021179715171456337,0.0032331955153495073,0.05716753005981445,0.061050474643707275,3.2553271735507496,-22.635095660260276,32.81052434627907,-7.1460872080279225
744,-21.141315460205078,32.79999923706055,-10.772038459777832,0.1577242761850357,0.1701001226902008,0.1292654126882553,0.26555705070495605,3.2553271735507496,-20.627871338011307,33.35373078867828,-10.351237249253503
745,-19.195913314819336,32.79999923706055,-13.946646690368652,0.23256292939186096,0.23577992618083954,0.16935540735721588,0.37196630239486694,3.2553271735507496,-18.438844891209445,33.56754003773482,-13.395339430810951
746,-16.777843475341797,32.79999923706055,-16.777843475341797,0.17840561270713806,0.1603144109249115,0.11621897667646408,0.2665260136127472,3.2553271735507496,-16.197074836382278,33.32187509525619,-16.39951268248464
747,-13.946646690368652,32.79999923706055,-19.195913314819336,0.05313609912991524,-0.011492992751300335,-0.03424175828695297,0.06424976140260696,3.2553271735507496,-13.773671302974552,32.76258578545182,-19.30738144104101
748,-10.772038459777832,32.79999923706055,-21.141315460205078,-0.05438081547617912,-0.17624898254871368,-0.20604845881462097,0.2765446603298187,3.2553271735507496,-10.949065806117288,32.22625113485905,-21.812070607252565
749,-7.332186222076416,32.79999923706055,-22.56614875793457,-0.09306308627128601,-0.23454369604587555,-0.2855979800224304,0.3811006247997284,3.2553271735507496,-7.635137015669831,32.03648276993738,-23.49586362301279
750,-3.7117910385131836,32.79999923706055,-23.43532943725586,-0.0793171375989914,-0.15191632509231567,-0.20443809032440186,0.26676714420318604,3.2553271735507496,-3.969994271867444,32.305461895881564,-24.100842307997706
751,-0.0,32.79999923706055,-23.727453231811523,-0.06555811315774918,0.02014005184173584,0.0017058858647942543,0.06860318779945374,3.2553271735507496,-0.21341310720913584,32.86556169509767,-23.721900015200884
752,3.7117910385131836,32.79999923706055,-23.43532943725586,-0.0796780213713646,0.1769036501646042,0.20961794257164001,0.28562769293785095,3.2553271735507496,3.452413010408223,33.375878496541695,-22.7529544527386
753,7.332186222076416,32.79999923706055,-22.56614875793457,-0.09400241822004318,0.2256879061460495,0.2933647930622101,0.3818826973438263,3.2553271735507496,7.026177595665227,33.53468721067955,-21.611150375316065
754,10.772038459777832,32.79999923706055,-21.141315460205078,-0.054342418909072876,0.1414901465177536,0.21226096153259277,0.2608203887939453,3.2553271735507496,10.595136106826649,33.260595955809464,-20.450336584244017
755,13.946646690368652,32.79999923706055,-19.195913314819336,0.05779482051730156,-0.02139701321721077,0.03350018337368965,0.07014510035514832,3.2553271735507496,14.134787740089113,32.73034495850174,-19.08685925756403
756,16.777843475341797,32.79999923706055,-16.777843475341797,0.18993599712848663,-0.16612310707569122,-0.12500134110450745,0.281598836183548,3.2553271735507496,17.396147288029617,32.25921417244237,-17.184763737769586
757,19.195913314819336,32.79999923706055,-13.946646690368652,0.24767287075519562,-0.21198442578315735,-0.18166695535182953,0.3732052147388458,3.2553271735507496,20.00216954114005,32.109920575439084,-14.538032066661694
758,21.141315460205078,32.79999923706055,-10.772038459777832,0.16781415045261383,-0.13828395307064056,-0.1390683948993683,0.25811636447906494,3.2553271735507496,21.687605424279806,32.34983972696367,-11.224751584675833
759,22.56614875793457,32.79999923706055,-7.332186222076416,-0.024349002167582512,0.009448130615055561,-0.061759527772665024,0.06705505400896072,3.2553271735507496,22.486884789529594,32.830755993390994,-7.533233691060435
760,23.43532943725586,32.79999923706055,-3.7117910385131836,-0.2219172716140747,0.14875905215740204,-0.011941005475819111,0.2674306035041809,3.2553271735507496,22.71291611269032,33.28425862186019,-3.750662918118136
761,25.5637264251709,34.650001525878906,0.0,-0.180979385972023,0.08175384998321533,2.1778243097791972e-10,0.19858808815479279,3.2553271735507496,24.97457931216364,34.91613705527166,7.089530654843626e-10
762,25.248994827270508,34.650001525878906,3.9990479946136475,-0.13753394782543182,0.067298024892807,0.00262639531865716,0.15313884615898132,3.2553271735507496,24.80127682962867,34.86907861503875,4.007597770662959
763,24.312549591064453,34.650001525878906,7.899625778198242,-0.029161065816879272,0.024101965129375458,0.028294673189520836,0.04724257439374924,3.2553271735507496,24.217620781101065,34.72846130790054,7.991734196698827
764,22.777446746826172,34.650001525878906,11.60568904876709,0.08831598609685898,-0.040130894631147385,0.07729510962963104,0.12403522431850433,3.2553271735507496,23.064944176226206,34.51936233408723,11.857309919527012
765,20.681489944458008,34.650001525878906,15.025981903076172,0.15371206402778625,-0.09929027408361435,0.11831153184175491,0.21790726482868195,3.2553271735507496,21.181873003390233,34.326779198585214,15.411124647625051
766,18.076284408569336,34.650001525878906,18.076284408569336,0.13676893711090088,-0.11425913870334625,0.10493798553943634,0.20681603252887726,3.2553271735507496,18.521512046044105,34.278050646831396,18.417891884433537
767,15.025981903076172,34.650001525878906,20.681489944458008,0.058804020285606384,-0.05994472652673721,0.014219798147678375,0.08516740053892136,3.2553271735507496,15.217408228225937,34.45486182870535,20.72778003977055
768,11.60568904876709,34.650001525878906,22.777446746826172,-0.023099839687347412,0.04583655297756195,-0.12008021026849747,0.13059039413928986,3.2553271735507496,11.530491512928203,34.79921450232866,22.386546375333445
769,7.899625778198242,34.650001525878906,24.312549591064453,-0.061424486339092255,0.14106592535972595,-0.2148534208536148,0.26426228880882263,3.2553271735507496,7.699668978697199,35.1092172659645,23.613131411829347
770,3.9990479946136475,34.650001525878906,25.248994827270508,-0.05534789338707924,0.1564386934041977,-0.19328732788562775,0.25474780797958374,3.2553271735507496,3.8188724932718987,35.15926065551236,24.61978133650141
771,0.0,34.650001525878906,25.5637264251709,-0.04371742159128189,0.06773823499679565,-0.0500316396355629,0.09488333016633987,3.2553271735507496,-0.1423145104636742,34.870511642952344,25.40085706912795
772,-3.9990479946136475,34.650001525878906,25.248994827270508,-0.058434098958969116,-0.07745564728975296,0.13203111290931702,0.1638479083776474,3.2553271735507496,-4.189270104816734,34.39785805251161,25.678799296878356
773,-7.899625778198242,34.650001525878906,24.312549591064453,-0.08441219478845596,-0.18472015857696533,0.23638752102851868,0.31165045499801636,3.2553271735507496,-8.174415089672161,34.048676974160706,25.08206831175689
774,-11.60568904876709,34.650001525878906,22.777446746826172,-0.06995163857936859,-0.17648456990718842,0.1992025077342987,0.27517572045326233,3.2553271735507496,-11.833404518668909,34.07548650974762,23.42591608329309
775,-15.025981903076172,34.650001525878906,20.681489944458008,0.017435703426599503,-0.04953177273273468,0.05597156658768654,0.07674774527549744,3.2553271735507496,-14.96922298392159,34.48875940014789,20.86369570611711
776,-18.076284408569336,34.650001525878906,18.076284408569336,0.14319641888141632,0.11724643409252167,-0.09066734462976456,0.206088587641716,3.2553271735507496,-17.610133215029506,35.03167702878222,17.78113253784237
777,-20.681489944458008,34.650001525878906,15.025981903076172,0.2176147699356079,0.21346664428710938,-0.1530768871307373,0.34111103415489197,3.2553271735507496,-19.97308267052063,35.34490529367343,14.527666552756921
778,-22.777446746826172,34.650001525878906,11.60568904876709,0.1656031608581543,0.17232225835323334,-0.12021777033805847,0.26752883195877075,3.2553271735507496,-22.238354277258725,35.210966856103816,11.214340874241925
779,-24.312549591064453,34.650001525878906,7.899625778198242,-0.0035344550851732492,0.01755034737288952,-0.04980257526040077,0.05292261764407158,3.2553271735507496,-24.32405539874691,34.70713364858713,7.737502101640254
780,-25.248994827270508,34.650001525878906,3.9990479946136475,-0.18965940177440643,-0.15086904168128967,-0.005485329777002335,0.24240924417972565,3.2553271735507496,-25.86639823158611,34.15887343484624,3.9811914515346847
781,-25.5637264251709,34.650001525878906,0.0,-0.2699390649795532,-0.22274084389209747,3.298771256154964e-10,0.3499722480773926,3.2553271735507496,-26.44246639860172,33.92490720409734,1.0738579709489396e-09
782,-25.248994827270508,34.650001525878906,-3.9990479946136475,-0.18965938687324524,-0.15086904168128967,0.005485330708324909,0.24240924417972565,3.2553271735507496,-25.86639818307796,34.15887343484624,-3.981191448502925
783,-24.312549591064453,34.650001525878906,-7.899625778198242,-0.003534451127052307,0.017550351098179817,0.04980257526040077,0.05292261764407158,3.2553271735507496,-24.324055385861932,34.70713366071417,-7.737502101640254
784,-22.777446746826172,34.650001525878906,-11.60568904876709,0.1656031757593155,0.17232225835323334,0.12021777033805847,0.26752886176109314,3.2553271735507496,-22.23835422875057,35.210966856103816,-11.214340874241925
785,-20.681489944458008,34.650001525878906,-15.025981903076172,0.2176147699356079,0.21346664428710938,0.1530768871307373,0.34111103415489197,3.2553271735507496,-19.97308267052063,35.34490529367343,-14.527666552756921
786,-18.076284408569336,34.650001525878906,-18.076284408569336,0.14319641888141632,0.11724643409252167,0.09066733717918396,0.206088587641716,3.2553271735507496,-17.610133215029506,35.03167702878222,-17.78113256209645
787,-15.025981903076172,34.650001525878906,-20.681489944458008,0.017435701563954353,-0.04953177645802498,-0.05597157031297684,0.07674775272607803,3.2553271735507496,-14.96922298998511,34.48875938802085,-20.86369571824415
788,-11.60568904876709,34.650001525878906,-22.777446746826172,-0.06995164602994919,-0.1764845848083496,-0.1992025077342987,0.27517572045326233,3.2553271735507496,-11.833404542922986,34.075486461239464,-23.42591608329309
789,-7.899625778198242,34.650001525878906,-24.312549591064453,-0.08441219478845596,-0.18472015857696533,-0.23638752102851868,0.31165045499801636,3.2553271735507496,-8.174415089672161,34.048676974160706,-25.08206831175689
790,-3.9990479946136475,34.650001525878906,-25.248994827270508,-0.058434098958969116,-0.07745564728975296,-0.13203111290931702,0.1638479083776474,3.2553271735507496,-4.189270104816734,34.39785805251161,-25.678799296878356
791,-0.0,34.650001525878906,-25.5637264251709,-0.04371742159128189,0.06773823499679565,0.050031643360853195,0.09488333016633987,3.2553271735507496,-0.1423145104636742,34.870511642952344,-25.400857057000913
792,3.9990479946136475,34.650001525878906,-25.248994827270508,-0.05534789338707924,0.1564387083053589,0.19328732788562775,0.25474780797958374,3.2553271735507496,3.8188724932718987,35.15926070402052,-24.61978133650141
793,7.899625778198242,34.650001525878906,-24.312549591064453,-0.061424482613801956,0.14106592535972595,0.2148534208536148,0.26426228880882263,3.2553271735507496,7.699668990824237,35.1092172659645,-23.613131411829347
794,11.60568904876709,34.650001525878906,-22.777446746826172,-0.023099837824702263,0.04583654925227165,0.12008021026849747,0.13059037923812866,3.2553271735507496,11.53049151899172,34.79921449020162,-22.386546375333445
795,15.025981903076172,34.650001525878906,-20.681489944458008,0.05880402401089668,-0.05994473025202751,-0.014219800941646099,0.08516740053892136,3.2553271735507496,15.217408240352974,34.45486181657831,-20.72778004886583
796,18.076284408569336,34.650001525878906,-18.076284408569336,0.13676893711090088,-0.11425913870334625,-0.10493799299001694,0.20681603252887726,3.2553271735507496,18.521512046044105,34.278050646831396,-18.417891908687615
797,20.681489944458008,34.650001525878906,-15.025981903076172,0.15371206402778625,-0.09929027408361435,-0.11831153184175491,0.21790726482868195,3.2553271735507496,21.181873003390233,34.326779198585214,-15.411124647625051
798,22.777446746826172,34.650001525878906,-11.60568904876709,0.08831598609685898,-0.040130894631147385,-0.07729510962963104,0.12403522431850433,3.2553271735507496,23.064944176226206,34.51936233408723,-11.857309919527012
799,24.312549591064453,34.650001525878906,-7.899625778198242,-0.02916106954216957,0.024101966992020607,-0.028294671326875687,0.047242578119039536,3.2553271735507496,24.217620768974026,34.728461313964054,-7.991734190635308
800,25.248994827270508,34.650001525878906,-3.9990479946136475,-0.13753394782543182,0.067298024892807,-0.0026263948529958725,0.15313884615898132,3.2553271735507496,24.80127682962867,34.86907861503875,-4.007597769147079
801,27.399999618530273,36.5,0.0,-0.03310762718319893,-0.064470574259758,-3.474742368836381e-11,0.07247461378574371,3.2553271735507496,27.292223460109017,36.290127187717786,-1.1311423254361172e-10
802,27.062660217285156,36.5,4.286303997039795,-0.035402100533246994,-0.031541015952825546,-0.0032990691252052784,0.04752923548221588,3.2553271735507496,26.947414797418503,36.39732367368737,4.275564447669092
803,26.058948516845703,36.5,8.467065811157227,-0.031389303505420685,0.03584026172757149,-0.003307068720459938,0.04775719344615936,3.2553271735507496,25.956766064185675,36.616671777908934,8.456300220486714
804,24.4135799407959,36.5,12.439339637756348,-0.004759118426591158,0.07220429182052612,0.009706451557576656,0.07300907373428345,3.2553271735507496,24.39808745325967,36.735048593210344,12.47093731327048
805,22.16706657409668,36.5,16.105316162109375,0.03830895572900772,0.038594722747802734,0.03992437571287155,0.06746172904968262,3.2553271735507496,22.29177475867167,36.62563844971658,16.235283067254535
806,19.374725341796875,36.5,19.374725341796875,0.0671098381280899,-0.03947911038994789,0.06768355518579483,0.10316682606935501,3.2553271735507496,19.59318982146784,36.371482579159995,19.595057458195715
807,16.105316162109375,36.5,22.16706657409668,0.056789152324199677,-0.09180425852537155,0.05555282533168793,0.12140488624572754,3.2553271735507496,16.290183432833256,36.20114710257468,22.34790919596644
808,12.439339637756348,36.5,24.4135799407959,0.016648121178150177,-0.06519167870283127,-0.014289136976003647,0.06878440082073212,3.2553271735507496,12.493534719016147,36.28777975682928,24.367064124911327
809,8.467065811157227,36.5,26.058948516845703,-0.018689695745706558,0.0264983419328928,-0.10692062228918076,0.11172952502965927,3.2553271735507496,8.406224736730833,36.58626077254819,25.71088690969478
810,4.286303997039795,36.5,27.062660217285156,-0.027391931042075157,0.10915592312812805,-0.14933593571186066,0.18699346482753754,3.2553271735507496,4.197134299582499,36.85533824271301,26.576522887774708
811,0.0,36.5,27.399999618530273,-0.023544786497950554,0.10887371003627777,-0.09167255461215973,0.14426261186599731,3.2553271735507496,-0.07664598328222923,36.85441954676638,27.101575460432496
812,-4.286303997039795,36.5,27.062660217285156,-0.03597186505794525,0.016118070110678673,0.03975385054945946,0.05598335340619087,3.2553271735507496,-4.403404186846225,36.552469591616486,27.19207200723209
813,-8.467065811157227,36.5,26.058948516845703,-0.06534704566001892,-0.1012464389204979,0.15382544696331024,0.19540558755397797,3.2553271735507496,-8.679791824605548,36.170409716156854,26.55970067432896
814,-12.439339637756348,36.5,24.4135799407959,-0.0716906189918518,-0.14931048452854156,0.1675025075674057,0.23556369543075562,3.2553271735507496,-12.672716057849197,36.01394552241821,24.958855405317966
815,-16.105316162109375,36.5,22.16706657409668,-0.014439258724451065,-0.08370120078325272,0.07556162029504776,0.11368351429700851,3.2553271735507496,-16.15232067340101,36.22752520663145,22.413044369920673
816,-19.374725341796875,36.5,19.374725341796875,0.09258107095956802,0.05177942290902138,-0.04762979969382286,0.11627966910600662,3.2553271735507496,-19.073343665745764,36.668558962426516,19.219674760582794
817,-22.16706657409668,36.5,16.105316162109375,0.17338499426841736,0.15613028407096863,-0.11530973762273788,0.2602601647377014,3.2553271735507496,-21.60264169076876,37.00825515635042,15.72994523985107
818,-24.4135799407959,36.5,12.439339637756348,0.14880281686782837,0.14841975271701813,-0.09997697919607162,0.23273611068725586,3.2553271735507496,-23.92917808754516,36.98315485411139,12.113881860649858
819,-26.058948516845703,36.5,8.467065811157227,0.012368136085569859,0.030669495463371277,-0.04383036121726036,0.05490618571639061,3.2553271735507496,-26.018686187360174,36.599839241981,8.324383645260134
820,-27.062660217285156,36.5,4.286303997039795,-0.15007275342941284,-0.11223400384187698,-0.005303279031068087,0.1874738186597824,3.2553271735507496,-27.551196129533505,36.134641597497136,4.269040088701037
821,-27.399999618530273,36.5,0.0,-0.22206781804561615,-0.1753971427679062,2.6219998394694244e-10,0.2829810380935669,3.2553271735507496,-28.12290302098529,35.929024914984474,8.53546732647052e-10
822,-27.062660217285156,36.5,-4.286303997039795,-0.15007275342941284,-0.11223400384187698,0.005303279496729374,0.1874738186597824,3.2553271735507496,-27.551196129533505,36.134641597497136,-4.269040087185157
823,-26.058948516845703,36.5,-8.467065811157227,0.012368139810860157,0.030669499188661575,0.04383036121726036,0.05490618944168091,3.2553271735507496,-26.018686175233135,36.59983925410804,-8.324383645260134
824,-24.4135799407959,36.5,-12.439339637756348,0.14880281686782837,0.14841975271701813,0.09997697919607162,0.23273611068725586,3.2553271735507496,-23.92917808754516,36.98315485411139,-12.113881860649858
825,-22.16706657409668,36.5,-16.105316162109375,0.17338499426841736,0.15613028407096863,0.11530973762273788,0.2602601647377014,3.2553271735507496,-21.60264169076876,37.00825515635042,-15.72994523985107
826,-19.374725341796875,36.5,-19.374725341796875,0.09258107095956802,0.05177942290902138,0.04762979969382286,0.11627966910600662,3.2553271735507496,-19.073343665745764,36.668558962426516,-19.219674760582794
827,-16.105316162109375,36.5,-22.16706657409668,-0.014439260587096214,-0.08370120078325272,-0.07556162774562836,0.11368352174758911,3.2553271735507496,-16.15232067946453,36.22752520663145,-22.41304439417475
828,-12.439339637756348,36.5,-24.4135799407959,-0.0716906189918518,-0.14931048452854156,-0.1675025075674057,0.23556369543075562,3.2553271735507496,-12.672716057849197,36.01394552241821,-24.958855405317966
829,-8.467065811157227,36.5,-26.058948516845703,-0.06534704566001892,-0.1012464389204979,-0.15382544696331024,0.19540558755397797,3.2553271735507496,-8.679791824605548,36.170409716156854,-26.55970067432896
830,-4.286303997039795,36.5,-27.062660217285156,-0.03597186505794525,0.01611807383596897,-0.03975384682416916,0.055983349680900574,3.2553271735507496,-4.403404186846225,36.552469603743525,-27.19207199510505
831,-0.0,36.5,-27.399999618530273,-0.023544786497950554,0.10887371003627777,0.09167255461215973,0.14426261186599731,3.2553271735507496,-0.07664598328222923,36.85441954676638,-27.101575460432496
832,4.286303997039795,36.5,-27.062660217285156,-0.027391931042075157,0.10915591567754745,0.14933593571186066,0.18699346482753754,3.2553271735507496,4.197134299582499,36.85533821845893,-26.576522887774708
833,8.467065811157227,36.5,-26.058948516845703,-0.01868969388306141,0.02649834007024765,0.10692062228918076,0.11172952502965927,3.2553271735507496,8.406224742794352,36.58626076648466,-25.71088690969478
834,12.439339637756348,36.5,-24.4135799407959,0.016648123040795326,-0.06519167870283127,0.014289135113358498,0.06878440827131271,3.2553271735507496,12.493534725079664,36.28777975682928,-24.367064130974843
835,16.105316162109375,36.5,-22.16706657409668,0.056789152324199677,-0.09180425852537155,-0.055552829056978226,0.12140489369630814,3.2553271735507496,16.290183432833256,36.20114710257468,-22.34790920809348
836,19.374725341796875,36.5,-19.374725341796875,0.0671098381280899,-0.03947911038994789,-0.06768355518579483,0.10316682606935501,3.2553271735507496,19.59318982146784,36.371482579159995,-19.595057458195715
837,22.16706657409668,36.5,-16.105316162109375,0.03830895572900772,0.03859472647309303,-0.03992437571287155,0.06746172904968262,3.2553271735507496,22.29177475867167,36.62563846184362,-16.235283067254535
838,24.4135799407959,36.5,-12.439339637756348,-0.004759118892252445,0.07220429182052612,-0.009706450626254082,0.07300907373428345,3.2553271735507496,24.39808745174379,36.735048593210344,-12.470937310238721
839,26.058948516845703,36.5,-8.467065811157227,-0.031389303505420685,0.03584026172757149,0.003307068720459938,0.04775719344615936,3.2553271735507496,25.956766064185675,36.616671777908934,-8.456300220486714
840,27.062660217285156,36.5,-4.286303997039795,-0.035402100533246994,-0.031541019678115845,0.0032990688923746347,0.04752923920750618,3.2553271735507496,26.947414797418503,36.39732366156033,-4.275564448427032
