node_label,x,y,z,ux,uy,uz,umag,deformed_x,deformed_y,deformed_z
1,39.29999923706055,0.0,0.0,9.49005647639185e-31,-4.74347658565284e-31,2.7614106734432154e-31,0.0,39.29999923706055,-4.74347658565284e-31,2.7614106734432154e-31
2,38.8161506652832,0.0,6.147873878479004,9.811266420324665e-31,-4.745513952461685e-31,-1.260189541645079e-31,0.0,38.8161506652832,-4.745513952461685e-31,6.147873878479004
3,37.376522064208984,0.0,12.144368171691895,9.891845147480311e-31,-4.746303414467697e-31,2.706668312948444e-32,0.0,37.376522064208984,-4.746303414467697e-31,12.144368171691895
4,35.01655578613281,0.0,17.841827392578125,9.733469383000804e-31,-4.746846492857777e-31,1.792701177906564e-31,0.0,35.01655578613281,-4.746846492857777e-31,17.841827392578125
5,31.794368743896484,0.0,23.099960327148438,9.343691442991304e-31,-4.7481522319826705e-31,3.26969090425572e-31,0.0,31.794368743896484,-4.7481522319826705e-31,23.099960327148438
6,27.789297103881836,0.0,27.789297103881836,8.734076311072943e-31,-4.75085304780312e-31,4.668142444092822e-31,0.0,27.789297103881836,-4.75085304780312e-31,27.789297103881836
7,23.099960327148438,0.0,31.794368743896484,7.918944329625178e-31,-4.75494235755076e-31,5.9567640202495445e-31,0.0,23.099960327148438,-4.75494235755076e-31,31.794368743896484
8,17.841827392578125,0.0,35.01655578613281,6.915234842441099e-31,-4.759767996959756e-31,7.105720410607668e-31,0.0,17.841827392578125,-4.759767996959756e-31,35.01655578613281
9,12.144368171691895,0.0,37.376522064208984,5.743368067185449e-31,-4.764272961509847e-31,8.0864306455213e-31,0.0,12.144368171691895,-4.764272961509847e-31,37.376522064208984
10,6.147873878479004,0.0,38.8161506652832,4.428067471242463e-31,-4.767038194420722e-31,8.871648646729339e-31,0.0,6.147873878479004,-4.767038194420722e-31,38.8161506652832
11,0.0,0.0,39.29999923706055,2.999958914230726e-31,-4.766856227895214e-31,9.437318157441079e-31,0.0,2.999958914230726e-31,-4.766856227895214e-31,39.29999923706055
12,-6.147873878479004,0.0,38.8161506652832,1.4943441371975209e-31,-4.762649368712492e-31,9.763991799116515e-31,0.0,-6.147873878479004,-4.762649368712492e-31,38.8161506652832
13,-12.144368171691895,0.0,37.376522064208984,-4.778367271019321e-33,-4.752549991447967e-31,9.836107907341722e-31,0.0,-12.144368171691895,-4.752549991447967e-31,37.376522064208984
14,-17.841827392578125,0.0,35.01655578613281,-1.5807425017852187e-31,-4.7386457740687005e-31,9.655263273642857e-31,0.0,-17.841827392578125,-4.7386457740687005e-31,35.01655578613281
15,-23.099960327148438,0.0,31.794368743896484,-3.0713814807889477e-31,-4.728534171662927e-31,9.244954619499635e-31,0.0,-23.099960327148438,-4.728534171662927e-31,31.794368743896484
16,-27.789297103881836,0.0,27.789297103881836,-4.492101820706897e-31,-4.724937158949411e-31,8.623154783338391e-31,0.0,-27.789297103881836,-4.724937158949411e-31,27.789297103881836
17,-31.794368743896484,0.0,23.099960327148438,-5.798780400685471e-31,-4.7249164702488365e-31,7.795144555980757e-31,0.0,-31.794368743896484,-4.7249164702488365e-31,23.099960327148438
18,-35.01655578613281,0.0,17.841827392578125,-6.951206380169482e-31,-4.724082809655233e-31,6.77759997048524e-31,0.0,-35.01655578613281,-4.724082809655233e-31,17.841827392578125
19,-37.376522064208984,0.0,12.144368171691895,-7.926361228781127e-31,-4.723207771660481e-31,5.598104707090493e-31,0.0,-37.376522064208984,-4.723207771660481e-31,12.144368171691895
20,-38.8161506652832,0.0,6.147873878479004,-8.704441628290973e-31,-4.722898381547345e-31,4.28485088191116e-31,0.0,-38.8161506652832,-4.722898381547345e-31,6.147873878479004
21,-39.29999923706055,0.0,0.0,-9.265669651147566e-31,-4.722145594965078e-31,2.8672213868392626e-31,0.0,-39.29999923706055,-4.722145594965078e-31,2.8672213868392626e-31
22,-38.8161506652832,0.0,-6.147873878479004,-9.594694281524647e-31,-4.720255400048956e-31,1.37832836959481e-31,0.0,-38.8161506652832,-4.720255400048956e-31,-6.147873878479004
23,-37.376522064208984,0.0,-12.144368171691895,-9.681032930999323e-31,-4.7168939564033445e-31,-1.4619526262892847e-32,0.0,-37.376522064208984,-4.7168939564033445e-31,-12.144368171691895
24,-35.01655578613281,0.0,-17.841827392578125,-9.515335247307413e-31,-4.709885188886002e-31,-1.667483405426746e-31,0.0,-35.01655578613281,-4.709885188886002e-31,-17.841827392578125
25,-31.794368743896484,0.0,-23.099960327148438,-9.098083653330496e-31,-4.698114258654608e-31,-3.1401664731227945e-31,0.0,-31.794368743896484,-4.698114258654608e-31,-23.099960327148438
26,-27.789297103881836,0.0,-27.789297103881836,-8.453085201056903e-31,-4.687543273056533e-31,-4.52994568583727e-31,0.0,-27.789297103881836,-4.687543273056533e-31,-27.789297103881836
27,-23.099960327148438,0.0,-31.794368743896484,-7.6089669395110814e-31,-4.6831666724895515e-31,-5.817058397445277e-31,0.0,-23.099960327148438,-4.6831666724895515e-31,-31.794368743896484
28,-17.841827392578125,0.0,-35.01655578613281,-6.581527982965822e-31,-4.684396239580512e-31,-6.966489217323392e-31,0.0,-17.841827392578125,-4.684396239580512e-31,-35.01655578613281
29,-12.144368171691895,0.0,-37.376522064208984,-5.391044198379589e-31,-4.6860057264456574e-31,-7.936726267768937e-31,0.0,-12.144368171691895,-4.6860057264456574e-31,-37.376522064208984
30,-6.147873878479004,0.0,-38.8161506652832,-4.068821821501222e-31,-4.686948943112757e-31,-8.703797457386723e-31,0.0,-6.147873878479004,-4.686948943112757e-31,-38.8161506652832
31,-0.0,0.0,-39.29999923706055,-2.6483024911172634e-31,-4.6883830462207604e-31,-9.254161091255276e-31,0.0,-2.6483024911172634e-31,-4.6883830462207604e-31,-39.29999923706055
32,6.147873878479004,0.0,-38.8161506652832,-1.1631356734154823e-31,-4.690521035346036e-31,-9.576820184623784e-31,0.0,6.147873878479004,-4.690521035346036e-31,-38.8161506652832
33,12.144368171691895,0.0,-37.376522064208984,3.5246783747647626e-32,-4.693616817268362e-31,-9.665727054156136e-31,0.0,12.144368171691895,-4.693616817268362e-31,-37.376522064208984
34,17.841827392578125,0.0,-35.01655578613281,1.8642021499379857e-31,-4.697968967552846e-31,-9.519236948156663e-31,0.0,17.841827392578125,-4.697968967552846e-31,-35.01655578613281
35,23.099960327148438,0.0,-31.794368743896484,3.3373906802048877e-31,-4.703652247640202e-31,-9.13990398075083e-31,0.0,23.099960327148438,-4.703652247640202e-31,-31.794368743896484
36,27.789297103881836,0.0,-27.789297103881836,4.737251167570885e-31,-4.710587194112313e-31,-8.534988945444797e-31,0.0,27.789297103881836,-4.710587194112313e-31,-27.789297103881836
37,31.794368743896484,0.0,-23.099960327148438,6.029140618022894e-31,-4.718395297788215e-31,-7.71690929436291e-31,0.0,31.794368743896484,-4.718395297788215e-31,-23.099960327148438
38,35.01655578613281,0.0,-17.841827392578125,7.1793839395962975e-31,-4.726390069967027e-31,-6.703717799547357e-31,0.0,35.01655578613281,-4.726390069967027e-31,-17.841827392578125
39,37.376522064208984,0.0,-12.144368171691895,8.156698876627014e-31,-4.73371292957491e-31,-5.519420876828372e-31,0.0,37.376522064208984,-4.73371292957491e-31,-12.144368171691895
40,38.8161506652832,0.0,-6.147873878479004,8.933962072464168e-31,-4.7395650106510435e-31,-4.193787685541659e-31,0.0,38.8161506652832,-4.7395650106510435e-31,-6.147873878479004
41,36.36062240600586,1.338165044784546,0.0,-0.0016930140554904938,-0.004051651805639267,-1.0500416811385958e-19,0.004391147755086422,36.35892939195037,1.3341133929789066,-1.0500416811385958e-19
42,35.9129638671875,1.338165044784546,5.688055038452148,-0.0016725314781069756,-0.004052529111504555,-0.00026557786623016,0.0043921391479671,35.91129133570939,1.3341125156730413,5.687789460585918
43,34.58100509643555,1.338165044784546,11.23604965209961,-0.0016115475445985794,-0.0040552252903580666,-0.0005250287358649075,0.004395178519189358,34.57939354889095,1.3341098194941878,11.235524623363744
44,32.397552490234375,1.338165044784546,16.50737762451172,-0.0015114459674805403,-0.004059942439198494,-0.0007723871385678649,0.004400475416332483,32.396041044266894,1.3341051023453474,16.50660523737315
45,29.416362762451172,1.338165044784546,21.372238159179688,-0.001374491723254323,-0.004067032597959042,-0.0010020032059401274,0.004408400505781174,29.414988270727918,1.3340980121865869,21.371236155973747
46,25.71084213256836,1.338165044784546,25.71084213256836,-0.0012037416454404593,-0.0040769255720078945,-0.0012086660135537386,0.004419410601258278,25.70963839092292,1.334088119212538,25.709633466554806
47,21.372238159179688,1.338165044784546,29.416362762451172,-0.0010029181139543653,-0.004089948255568743,-0.0013876473531126976,0.004433856811374426,21.371235241065733,1.3340750965289772,29.41497511509806
48,16.50737762451172,1.338165044784546,32.397552490234375,-0.0007763325702399015,-0.0041061881929636,-0.0015347151784226298,0.0044518341310322285,16.50660129194148,1.3340588565915823,32.39601777505595
49,11.23604965209961,1.338165044784546,34.58100509643555,-0.000528839707840234,-0.004125320352613926,-0.0016461119521409273,0.0044729881919920444,11.23552081239177,1.334039724431932,34.579358984483406
50,5.688055038452148,1.338165044784546,35.9129638671875,-0.00026587446336634457,-0.0041466373950243,-0.001718622981570661,0.004496549256145954,5.687789163988782,1.3340184073895216,35.91124524420593
51,0.0,1.338165044784546,36.36062240600586,6.52935386824538e-06,-0.0041691395454108715,-0.00174973183311522,0.004521430004388094,6.52935386824538e-06,1.333995905239135,36.358872674172744
52,-5.688055038452148,1.338165044784546,35.9129638671875,0.0002818063658196479,-0.0041917054913938046,-0.0017378022894263268,0.004546401556581259,-5.687773232086329,1.333973339293152,35.911226064898074
53,-11.23604965209961,1.338165044784546,34.58100509643555,0.0005529066547751427,-0.004212747793644667,-0.0016820899909362197,0.004569724202156067,-11.235496745444834,1.3339522969909012,34.57932300644461
54,-16.50737762451172,1.338165044784546,32.397552490234375,0.0008127210312522948,-0.004231794737279415,-0.0015836389502510428,0.004590916447341442,-16.506564903480466,1.3339332500472665,32.395968851284124
55,-21.372238159179688,1.338165044784546,29.416362762451172,0.0010538954520598054,-0.004246766213327646,-0.0014437303179875016,0.004607610870152712,-21.371184263727628,1.3339182785712183,29.414919032133184
56,-25.71084213256836,1.338165044784546,25.71084213256836,0.0012677374761551619,-0.004252303391695023,-0.0012638033367693424,0.004613723140209913,-25.709574395092204,1.3339127413928509,25.70957832923159
57,-29.416362762451172,1.338165044784546,21.372238159179688,0.0014483894919976592,-0.004250851925462484,-0.0010502528166398406,0.004612006712704897,-29.414914372959174,1.3339141928590834,21.371187906363048
58,-32.397552490234375,1.338165044784546,16.50737762451172,0.001593517023138702,-0.004248852375894785,-0.000810963858384639,0.00460974033921957,-32.395958973211236,1.3339161924086511,16.506566660653334
59,-34.58100509643555,1.338165044784546,11.23604965209961,0.0016996716149151325,-0.004246789496392012,-0.0005518374964594841,0.004607453476637602,-34.57930542482063,1.3339182552881539,11.23549781460315
60,-35.9129638671875,1.338165044784546,5.688055038452148,0.001764162676408887,-0.004244965501129627,-0.00027927340124733746,0.004605430644005537,-35.91119970451109,1.3339200792834163,5.687775765050901
61,-36.36062240600586,1.338165044784546,0.0,0.0017858493374660611,-0.004244386218488216,5.569659742147276e-20,0.004604788031429052,-36.35883655666839,1.3339206585660577,5.569659742147276e-20
62,-35.9129638671875,1.338165044784546,-5.688055038452148,0.001764162676408887,-0.004244965501129627,0.00027927340124733746,0.004605430644005537,-35.91119970451109,1.3339200792834163,-5.687775765050901
63,-34.58100509643555,1.338165044784546,-11.23604965209961,0.0016996716149151325,-0.004246789496392012,0.0005518374964594841,0.004607453476637602,-34.57930542482063,1.3339182552881539,-11.23549781460315
64,-32.397552490234375,1.338165044784546,-16.50737762451172,0.001593517023138702,-0.004248852375894785,0.000810963858384639,0.00460974033921957,-32.395958973211236,1.3339161924086511,-16.506566660653334
65,-29.416362762451172,1.338165044784546,-21.372238159179688,0.0014483894919976592,-0.004250851925462484,0.0010502528166398406,0.004612006712704897,-29.414914372959174,1.3339141928590834,-21.371187906363048
66,-25.71084213256836,1.338165044784546,-25.71084213256836,0.0012677374761551619,-0.004252303391695023,0.0012638033367693424,0.004613723140209913,-25.709574395092204,1.3339127413928509,-25.70957832923159
67,-21.372238159179688,1.338165044784546,-29.416362762451172,0.0010538954520598054,-0.004246766213327646,0.0014437303179875016,0.004607610870152712,-21.371184263727628,1.3339182785712183,-29.414919032133184
68,-16.50737762451172,1.338165044784546,-32.397552490234375,0.0008127210312522948,-0.004231794737279415,0.0015836389502510428,0.004590916447341442,-16.506564903480466,1.3339332500472665,-32.395968851284124
69,-11.23604965209961,1.338165044784546,-34.58100509643555,0.0005529066547751427,-0.004212747793644667,0.0016820899909362197,0.004569724202156067,-11.235496745444834,1.3339522969909012,-34.57932300644461
70,-5.688055038452148,1.338165044784546,-35.9129638671875,0.0002818063658196479,-0.0041917054913938046,0.0017378022894263268,0.004546401556581259,-5.687773232086329,1.333973339293152,-35.911226064898074
71,-0.0,1.338165044784546,-36.36062240600586,6.52935386824538e-06,-0.0041691395454108715,0.00174973183311522,0.004521430004388094,6.52935386824538e-06,1.333995905239135,-36.358872674172744
72,5.688055038452148,1.338165044784546,-35.9129638671875,-0.00026587446336634457,-0.0041466373950243,0.001718622981570661,0.004496549256145954,5.687789163988782,1.3340184073895216,-35.91124524420593
73,11.23604965209961,1.338165044784546,-34.58100509643555,-0.000528839707840234,-0.004125320352613926,0.0016461119521409273,0.0044729881919920444,11.23552081239177,1.334039724431932,-34.579358984483406
74,16.50737762451172,1.338165044784546,-32.397552490234375,-0.0007763325702399015,-0.0041061881929636,0.0015347151784226298,0.0044518341310322285,16.50660129194148,1.3340588565915823,-32.39601777505595
75,21.372238159179688,1.338165044784546,-29.416362762451172,-0.0010029181139543653,-0.004089948255568743,0.0013876473531126976,0.004433856811374426,21.371235241065733,1.3340750965289772,-29.41497511509806
76,25.71084213256836,1.338165044784546,-25.71084213256836,-0.0012037416454404593,-0.0040769255720078945,0.0012086660135537386,0.004419410601258278,25.70963839092292,1.334088119212538,-25.709633466554806
77,29.416362762451172,1.338165044784546,-21.372238159179688,-0.001374491723254323,-0.004067032597959042,0.0010020032059401274,0.004408400505781174,29.414988270727918,1.3340980121865869,-21.371236155973747
78,32.397552490234375,1.338165044784546,-16.50737762451172,-0.0015114459674805403,-0.004059942439198494,0.0007723871385678649,0.004400475416332483,32.396041044266894,1.3341051023453474,-16.50660523737315
79,34.58100509643555,1.338165044784546,-11.23604965209961,-0.0016115475445985794,-0.0040552252903580666,0.0005250287358649075,0.004395178519189358,34.57939354889095,1.3341098194941878,-11.235524623363744
80,35.9129638671875,1.338165044784546,-5.688055038452148,-0.0016725314781069756,-0.004052529111504555,0.00026557786623016,0.0043921391479671,35.91129133570939,1.3341125156730413,-5.687789460585918
81,33.42124557495117,2.676331043243408,0.0,-0.003783814376220107,-0.008871066384017467,-2.581447161079589e-19,0.009644328616559505,33.41746176057495,2.6674599768593907,-2.581447161079589e-19
82,33.00977325439453,2.676331043243408,5.228234767913818,-0.003737969323992729,-0.008872845210134983,-0.0005934471264481544,0.009646344929933548,33.00603528507054,2.667458198033273,5.22764132078737
83,31.785493850708008,2.676331043243408,10.327733039855957,-0.003601477714255452,-0.008878280408680439,-0.0011730978731065989,0.009652495384216309,31.781892372993752,2.6674527628347278,10.32655994198285
84,29.778547286987305,2.676331043243408,15.172927856445312,-0.003377444576472044,-0.008887679316103458,-0.001725511159747839,0.009663092903792858,29.775169842410833,2.6674433639273047,15.171202345285565
85,27.03835678100586,2.676331043243408,19.644514083862305,-0.003070976585149765,-0.008901668712496758,-0.0022379597648978233,0.009678795002400875,27.03528580442071,2.6674293745309114,19.642276124097407
86,23.632389068603516,2.676331043243408,23.632389068603516,-0.002689002314582467,-0.008921121247112751,-0.0026987281162291765,0.009700529277324677,23.629700066288933,2.6674099219962955,23.629690340487286
87,19.644514083862305,2.676331043243408,27.03835678100586,-0.002240000059828162,-0.008946878835558891,-0.0030972750391811132,0.009729200974106789,19.642274083802477,2.6673841644078493,27.03525950596668
88,15.172927856445312,2.676331043243408,29.778547286987305,-0.0017337530152872205,-0.008979362435638905,-0.003424254944548011,0.00976526364684105,15.171194103430025,2.6673516808077693,29.775123032042757
89,10.327733039855957,2.676331043243408,31.785493850708008,-0.0011812231969088316,-0.009018209762871265,-0.00367147964425385,0.009808321483433247,10.326551816659048,2.667312833480537,31.781822371063754
90,5.228234767913818,2.676331043243408,33.00977325439453,-0.0005945576704107225,-0.009062115103006363,-0.003831966081634164,0.009856946766376495,5.227640210243408,2.667268928140402,33.0059412883129
91,0.0,2.676331043243408,33.42124557495117,1.2844398952438496e-05,-0.009109162725508213,-0.0039002965204417706,0.009909052401781082,1.2844398952438496e-05,2.6672218805179,33.41734527843073
92,-5.228234767913818,2.676331043243408,33.00977325439453,0.0006264043622650206,-0.0091567263007164,-0.003872809698805213,0.00996176153421402,-5.227608363551553,2.667174316942692,33.005900444695726
93,-10.327733039855957,2.676331043243408,31.785493850708008,0.001230550347827375,-0.009201551787555218,-0.0037479621823877096,0.010011495091021061,-10.32650248950813,2.667129491455853,31.78174588852562
94,-15.172927856445312,2.676331043243408,29.778547286987305,0.0018094921251758933,-0.009242317639291286,-0.0035279139410704374,0.010056882165372372,-15.171118364320137,2.667088725604117,29.775019373046234
95,-19.644514083862305,2.676331043243408,27.03835678100586,0.0023463224060833454,-0.00927355419844389,-0.0032155015505850315,0.010091753676533699,-19.64216776145622,2.6670574890449643,27.035141279455274
96,-23.632389068603516,2.676331043243408,23.632389068603516,0.002822413109242916,-0.009285231120884418,-0.002814816078171134,0.010104687884449959,-23.629566655494273,2.667045812122524,23.629574252525344
97,-27.03835678100586,2.676331043243408,19.644514083862305,0.003225077874958515,-0.0092819444835186,-0.0023392338771373034,0.010100873187184334,-27.0351317031309,2.6670490987598896,19.642174849985167
98,-29.778547286987305,2.676331043243408,15.172927856445312,0.0035481175873428583,-0.009276237338781357,-0.0018059039721265435,0.010094503872096539,-29.774999169399962,2.667054805904627,15.171121952473186
99,-31.785493850708008,2.676331043243408,10.327733039855957,0.0037841866724193096,-0.00927062425762415,-0.001228717272169888,0.010088324546813965,-31.78170966403559,2.667060418985784,10.326504322583787
100,-33.00977325439453,2.676331043243408,5.228234767913818,0.003927525598555803,-0.009265848435461521,-0.0006217755144461989,0.010083056055009365,-33.005845728795975,2.6670651948079467,5.227612992399372
101,-33.42124557495117,2.676331043243408,0.0,0.00397565308958292,-0.009264159947633743,3.467138911249438e-19,0.010081194341182709,-33.41726992186159,2.6670668832957745,3.467138911249438e-19
102,-33.00977325439453,2.676331043243408,-5.228234767913818,0.003927525598555803,-0.009265848435461521,0.0006217755144461989,0.010083056055009365,-33.005845728795975,2.6670651948079467,-5.227612992399372
103,-31.785493850708008,2.676331043243408,-10.327733039855957,0.0037841866724193096,-0.00927062425762415,0.001228717272169888,0.010088324546813965,-31.78170966403559,2.667060418985784,-10.326504322583787
104,-29.778547286987305,2.676331043243408,-15.172927856445312,0.0035481175873428583,-0.009276237338781357,0.0018059039721265435,0.010094503872096539,-29.774999169399962,2.667054805904627,-15.171121952473186
105,-27.03835678100586,2.676331043243408,-19.644514083862305,0.003225077874958515,-0.0092819444835186,0.0023392338771373034,0.010100873187184334,-27.0351317031309,2.6670490987598896,-19.642174849985167
106,-23.632389068603516,2.676331043243408,-23.632389068603516,0.002822413109242916,-0.009285231120884418,0.002814816078171134,0.010104687884449959,-23.629566655494273,2.667045812122524,-23.629574252525344
107,-19.644514083862305,2.676331043243408,-27.03835678100586,0.0023463224060833454,-0.00927355419844389,0.0032155015505850315,0.010091753676533699,-19.64216776145622,2.6670574890449643,-27.035141279455274
108,-15.172927856445312,2.676331043243408,-29.778547286987305,0.0018094921251758933,-0.009242317639291286,0.0035279139410704374,0.010056882165372372,-15.171118364320137,2.667088725604117,-29.775019373046234
109,-10.327733039855957,2.676331043243408,-31.785493850708008,0.001230550347827375,-0.009201551787555218,0.0037479621823877096,0.010011495091021061,-10.32650248950813,2.667129491455853,-31.78174588852562
110,-5.228234767913818,2.676331043243408,-33.00977325439453,0.0006264043622650206,-0.0091567263007164,0.003872809698805213,0.00996176153421402,-5.227608363551553,2.667174316942692,-33.005900444695726
111,-0.0,2.676331043243408,-33.42124557495117,1.2844398952438496e-05,-0.009109162725508213,0.0039002965204417706,0.009909052401781082,1.2844398952438496e-05,2.6672218805179,-33.41734527843073
112,5.228234767913818,2.676331043243408,-33.00977325439453,-0.0005945576704107225,-0.009062115103006363,0.003831966081634164,0.009856946766376495,5.227640210243408,2.667268928140402,-33.0059412883129
113,10.327733039855957,2.676331043243408,-31.785493850708008,-0.0011812231969088316,-0.009018209762871265,0.00367147964425385,0.009808321483433247,10.326551816659048,2.667312833480537,-31.781822371063754
114,15.172927856445312,2.676331043243408,-29.778547286987305,-0.0017337530152872205,-0.008979362435638905,0.003424254944548011,0.00976526364684105,15.171194103430025,2.6673516808077693,-29.775123032042757
115,19.644514083862305,2.676331043243408,-27.03835678100586,-0.002240000059828162,-0.008946878835558891,0.0030972750391811132,0.009729200974106789,19.642274083802477,2.6673841644078493,-27.03525950596668
116,23.632389068603516,2.676331043243408,-23.632389068603516,-0.002689002314582467,-0.008921121247112751,0.0026987281162291765,0.009700529277324677,23.629700066288933,2.6674099219962955,-23.629690340487286
117,27.03835678100586,2.676331043243408,-19.644514083862305,-0.003070976585149765,-0.008901668712496758,0.0022379597648978233,0.009678795002400875,27.03528580442071,2.6674293745309114,-19.642276124097407
118,29.778547286987305,2.676331043243408,-15.172927856445312,-0.003377444576472044,-0.008887679316103458,0.001725511159747839,0.009663092903792858,29.775169842410833,2.6674433639273047,-15.171202345285565
119,31.785493850708008,2.676331043243408,-10.327733039855957,-0.003601477714255452,-0.008878280408680439,0.0011730978731065989,0.009652495384216309,31.781892372993752,2.6674527628347278,-10.32655994198285
120,33.00977325439453,2.676331043243408,-5.228234767913818,-0.003737969323992729,-0.008872845210134983,0.0005934471264481544,0.009646344929933548,33.00603528507054,2.667458198033273,-5.22764132078737
121,31.00996208190918,4.258080959320068,0.0,-0.0033726904075592756,-0.008357548154890537,-2.172976844300837e-19,0.009012416936457157,31.00658939150162,4.249723411165178,-2.172976844300837e-19
122,30.628177642822266,4.258080959320068,4.851027011871338,-0.003331833053380251,-0.008359160274267197,-0.000529480108525604,0.009014267474412918,30.624845809768885,4.249721799045801,4.850497531762812
123,29.49222755432129,4.258080959320068,9.582605361938477,-0.00321010360494256,-0.008363938890397549,-0.0010466094827279449,0.009019735269248486,29.489017450716347,4.249717020429671,9.581558752455749
124,27.63007926940918,4.258080959320068,14.078227996826172,-0.0030100771691650152,-0.008371807634830475,-0.0015392486238852143,0.009028676897287369,27.627069192240015,4.249709151685238,14.076688748202287
125,25.08758544921875,4.258080959320068,18.227197647094727,-0.002736154478043318,-0.008382908999919891,-0.0019957642070949078,0.00904117152094841,25.084849294740707,4.2496980503201485,18.22520188288763
126,21.92735481262207,4.258080959320068,21.92735481262207,-0.002394584007561207,-0.008397828787565231,-0.002405433217063546,0.009057795628905296,21.92496022861451,4.249683130532503,21.924949379405007
127,18.227197647094727,4.258080959320068,25.08758544921875,-0.001993243582546711,-0.008417501114308834,-0.0027587844524532557,0.00907955039292574,18.22520440351218,4.2496634582057595,25.084826664766297
128,14.078227996826172,4.258080959320068,27.63007926940918,-0.001541271572932601,-0.008442828431725502,-0.003047729143872857,0.009107443504035473,14.07668672525324,4.249638130888343,27.627031540265307
129,9.582605361938477,4.258080959320068,29.49222755432129,-0.0010487408144399524,-0.008474175818264484,-0.0032654739916324615,0.00914192758500576,9.581556621124037,4.249606783501804,29.488962080329657
130,4.851027011871338,4.258080959320068,30.628177642822266,-0.000526523101143539,-0.008510969579219818,-0.003406351199373603,0.009182432666420937,4.850500488770194,4.2495699897408485,30.624771291622892
131,0.0,4.258080959320068,31.00996208190918,1.3629856766783632e-05,-0.008551834151148796,-0.0034659539815038443,0.009227507747709751,1.3629856766783632e-05,4.24952912516892,31.006496127927676
132,-4.851027011871338,4.258080959320068,30.628177642822266,0.0005590777145698667,-0.008594335056841373,-0.0034411181695759296,0.009274506010115147,-4.850467934156768,4.249486624263227,30.62473652465269
133,-9.582605361938477,4.258080959320068,29.49222755432129,0.001096234074793756,-0.008635463193058968,-0.0033304363023489714,0.009320125915110111,-9.581509127863683,4.249445496127009,29.48889711801894
134,-14.078227996826172,4.258080959320068,27.63007926940918,0.001611121348105371,-0.008673233911395073,-0.003135477192699909,0.00936225987970829,-14.076616875478067,4.249407725408673,27.62694379221648
135,-18.227197647094727,4.258080959320068,25.08758544921875,0.0020886738784611225,-0.008701737970113754,-0.0028580042999237776,0.009394199587404728,-18.225108973216265,4.249379221349955,25.084727444918826
136,-21.92735481262207,4.258080959320068,21.92735481262207,0.002511949511244893,-0.008712469600141048,-0.002501522656530142,0.009406095370650291,-21.924842863110825,4.249368489719927,21.92485328996554
137,-25.08758544921875,4.258080959320068,18.227197647094727,0.002869023010134697,-0.008708914741873741,-0.002078303834423423,0.009401905350387096,-25.084716426208615,4.249372044578195,18.225119343260303
138,-27.63007926940918,4.258080959320068,14.078227996826172,0.0031544887460768223,-0.008701566606760025,-0.0016038095345720649,0.009393628686666489,-27.626924780663103,4.249379392713308,14.0766241872916
139,-29.49222755432129,4.258080959320068,9.582605361938477,0.003362529445439577,-0.008694030344486237,-0.0010907091200351715,0.009385223500430584,-29.48886502487585,4.249386928975582,9.581514652818441
140,-30.628177642822266,4.258080959320068,4.851027011871338,0.003488511312752962,-0.008687862195074558,-0.0005517542595043778,0.009378330782055855,-30.624689131509513,4.249393097124994,4.8504752576118335
141,-31.00996208190918,4.258080959320068,0.0,0.0035307081416249275,-0.008685559965670109,2.1448121199252308e-19,0.009375758469104767,-31.006431373767555,4.249395399354398,2.1448121199252308e-19
142,-30.628177642822266,4.258080959320068,-4.851027011871338,0.003488511312752962,-0.008687862195074558,0.0005517542595043778,0.009378330782055855,-30.624689131509513,4.249393097124994,-4.8504752576118335
143,-29.49222755432129,4.258080959320068,-9.582605361938477,0.003362529445439577,-0.008694030344486237,0.0010907091200351715,0.009385223500430584,-29.48886502487585,4.249386928975582,-9.581514652818441
144,-27.63007926940918,4.258080959320068,-14.078227996826172,0.0031544887460768223,-0.008701566606760025,0.0016038095345720649,0.009393628686666489,-27.626924780663103,4.249379392713308,-14.0766241872916
145,-25.08758544921875,4.258080959320068,-18.227197647094727,0.002869023010134697,-0.008708914741873741,0.002078303834423423,0.009401905350387096,-25.084716426208615,4.249372044578195,-18.225119343260303
146,-21.92735481262207,4.258080959320068,-21.92735481262207,0.002511949511244893,-0.008712469600141048,0.002501522656530142,0.009406095370650291,-21.924842863110825,4.249368489719927,-21.92485328996554
147,-18.227197647094727,4.258080959320068,-25.08758544921875,0.0020886738784611225,-0.008701737970113754,0.0028580042999237776,0.009394199587404728,-18.225108973216265,4.249379221349955,-25.084727444918826
148,-14.078227996826172,4.258080959320068,-27.63007926940918,0.001611121348105371,-0.008673233911395073,0.003135477192699909,0.00936225987970829,-14.076616875478067,4.249407725408673,-27.62694379221648
149,-9.582605361938477,4.258080959320068,-29.49222755432129,0.001096234074793756,-0.008635463193058968,0.0033304363023489714,0.009320125915110111,-9.581509127863683,4.249445496127009,-29.48889711801894
150,-4.851027011871338,4.258080959320068,-30.628177642822266,0.0005590777145698667,-0.008594335056841373,0.0034411181695759296,0.009274506010115147,-4.850467934156768,4.249486624263227,-30.62473652465269
151,-0.0,4.258080959320068,-31.00996208190918,1.3629856766783632e-05,-0.008551834151148796,0.0034659539815038443,0.009227507747709751,1.3629856766783632e-05,4.24952912516892,-31.006496127927676
152,4.851027011871338,4.258080959320068,-30.628177642822266,-0.000526523101143539,-0.008510969579219818,0.003406351199373603,0.009182432666420937,4.850500488770194,4.2495699897408485,-30.624771291622892
153,9.582605361938477,4.258080959320068,-29.49222755432129,-0.0010487408144399524,-0.008474175818264484,0.0032654739916324615,0.00914192758500576,9.581556621124037,4.249606783501804,-29.488962080329657
154,14.078227996826172,4.258080959320068,-27.63007926940918,-0.001541271572932601,-0.008442828431725502,0.003047729143872857,0.009107443504035473,14.07668672525324,4.249638130888343,-27.627031540265307
155,18.227197647094727,4.258080959320068,-25.08758544921875,-0.001993243582546711,-0.008417501114308834,0.0027587844524532557,0.00907955039292574,18.22520440351218,4.2496634582057595,-25.084826664766297
156,21.92735481262207,4.258080959320068,-21.92735481262207,-0.002394584007561207,-0.008397828787565231,0.002405433217063546,0.009057795628905296,21.92496022861451,4.249683130532503,-21.924949379405007
157,25.08758544921875,4.258080959320068,-18.227197647094727,-0.002736154478043318,-0.008382908999919891,0.0019957642070949078,0.00904117152094841,25.084849294740707,4.2496980503201485,-18.22520188288763
158,27.63007926940918,4.258080959320068,-14.078227996826172,-0.0030100771691650152,-0.008371807634830475,0.0015392486238852143,0.009028676897287369,27.627069192240015,4.249709151685238,-14.076688748202287
159,29.49222755432129,4.258080959320068,-9.582605361938477,-0.00321010360494256,-0.008363938890397549,0.0010466094827279449,0.009019735269248486,29.489017450716347,4.249717020429671,-9.581558752455749
160,30.628177642822266,4.258080959320068,-4.851027011871338,-0.003331833053380251,-0.008359160274267197,0.000529480108525604,0.009014267474412918,30.624845809768885,4.249721799045801,-4.850497531762812
161,28.598678588867188,5.8398308753967285,0.0,-0.00213265186175704,-0.006574620027095079,2.9366147346672484e-19,0.006911861710250378,28.59654593700543,5.833256255369633,2.9366147346672484e-19
162,28.24658203125,5.8398308753967285,4.473818778991699,-0.0021068870555609465,-0.00657592574134469,-0.00033585247001610696,0.006913361605256796,28.24447514419444,5.833254949655384,4.473482926521683
163,27.198959350585938,5.8398308753967285,8.837477684020996,-0.0020300173200666904,-0.006579641718417406,-0.0006638781051151454,0.0069176144897937775,27.19692933326587,5.833251233678311,8.836813805915881
164,25.481609344482422,5.8398308753967285,12.983529090881348,-0.0019034006400033832,-0.006585283204913139,-0.0009762532426975667,0.00692401360720396,25.47970594384242,5.833245592191815,12.98255283763865
165,23.136817932128906,5.8398308753967285,16.80988121032715,-0.0017295454163104296,-0.0065923999063670635,-0.001265300321392715,0.006931958254426718,23.135088386712596,5.8332384754903615,16.808615910005756
166,20.222320556640625,5.8398308753967285,20.222320556640625,-0.0015123290941119194,-0.00660098297521472,-0.0015238411724567413,0.006941340863704681,20.220808227546513,5.833229892421514,20.22079671546817
167,16.80988121032715,5.8398308753967285,23.136817932128906,-0.0012569734826683998,-0.00661164615303278,-0.0017456344794481993,0.00695277564227581,16.80862423684448,5.833219229243696,23.135072297649458
168,12.983529090881348,5.8398308753967285,25.481609344482422,-0.0009697299101389945,-0.006625444628298283,-0.0019256597151979804,0.006967428606003523,12.982559360971209,5.83320543076843,25.479683684767224
169,8.837477684020996,5.8398308753967285,27.198959350585938,-0.0006574494764208794,-0.006643396802246571,-0.0020601048599928617,0.006986486725509167,8.836820234544575,5.833187478594482,27.196899245725945
170,4.473818778991699,5.8398308753967285,28.24658203125,-0.0003272589237894863,-0.006665907800197601,-0.002146076178178191,0.007010497152805328,4.47349152006791,5.833164967596531,28.244435955071822
171,0.0,5.8398308753967285,28.598678588867188,1.348544901702553e-05,-0.00669251149520278,-0.0021813916973769665,0.0070390598848462105,1.348544901702553e-05,5.833138363901526,28.59649719716981
172,-4.473818778991699,5.8398308753967285,28.24658203125,0.0003570705885067582,-0.006721709854900837,-0.0021644295193254948,0.007070618215948343,-4.4734617084031925,5.833109165541828,28.244417601730675
173,-8.837477684020996,5.8398308753967285,27.198959350585938,0.0006952384137548506,-0.006751055829226971,-0.002094229217618704,0.007102528121322393,-8.836782445607241,5.8330798195675015,27.19686512136832
174,-12.983529090881348,5.8398308753967285,25.481609344482422,0.0010194155620411038,-0.006778360344469547,-0.0019715530797839165,0.007132488768547773,-12.982509675319307,5.833052515052259,25.479637791402638
175,-16.80988121032715,5.8398308753967285,23.136817932128906,0.0013200679095461965,-0.0067994133569300175,-0.001797404489479959,0.007155785337090492,-16.808561142417602,5.8330314620397985,23.135020527639426
176,-20.222320556640625,5.8398308753967285,20.222320556640625,0.001586350379511714,-0.006808469071984291,-0.0015735210618004203,0.00716573279350996,-20.220734206261113,5.833022406324744,20.220747035578825
177,-23.136817932128906,5.8398308753967285,16.80988121032715,0.0018107665237039328,-0.006807159166783094,-0.0013072752626612782,0.007164164911955595,-23.135007165605202,5.833023716229945,16.808573935064487
178,-25.481609344482422,5.8398308753967285,12.983529090881348,0.0019897266756743193,-0.0068017253652215,-0.0010085804387927055,0.007158191874623299,-25.479619617806748,5.833029150031507,12.982520510442555
179,-27.198959350585938,5.8398308753967285,8.837477684020996,0.002119470853358507,-0.0067949919030070305,-0.0006856612162664533,0.007150818593800068,-27.19683987973258,5.8330358834937215,8.83679202280473
180,-28.24658203125,5.8398308753967285,4.473818778991699,0.002197669120505452,-0.006789292208850384,-0.00034672612673603,0.007144540548324585,-28.244384362129495,5.833041583187878,4.473472052864963
181,-28.598678588867188,5.8398308753967285,0.0,0.002223813906311989,-0.006787147838622332,2.5517997154559815e-19,0.007142179179936647,-28.596454774960876,5.833043727558106,2.5517997154559815e-19
182,-28.24658203125,5.8398308753967285,-4.473818778991699,0.002197669120505452,-0.006789292208850384,0.00034672612673603,0.007144540548324585,-28.244384362129495,5.833041583187878,-4.473472052864963
183,-27.198959350585938,5.8398308753967285,-8.837477684020996,0.002119470853358507,-0.0067949919030070305,0.0006856612162664533,0.007150818593800068,-27.19683987973258,5.8330358834937215,-8.83679202280473
184,-25.481609344482422,5.8398308753967285,-12.983529090881348,0.0019897266756743193,-0.0068017253652215,0.0010085804387927055,0.007158191874623299,-25.479619617806748,5.833029150031507,-12.982520510442555
185,-23.136817932128906,5.8398308753967285,-16.80988121032715,0.0018107665237039328,-0.006807159166783094,0.0013072752626612782,0.007164164911955595,-23.135007165605202,5.833023716229945,-16.808573935064487
186,-20.222320556640625,5.8398308753967285,-20.222320556640625,0.001586350379511714,-0.006808469071984291,0.0015735210618004203,0.00716573279350996,-20.220734206261113,5.833022406324744,-20.220747035578825
187,-16.80988121032715,5.8398308753967285,-23.136817932128906,0.0013200679095461965,-0.0067994133569300175,0.001797404489479959,0.007155785337090492,-16.808561142417602,5.8330314620397985,-23.135020527639426
188,-12.983529090881348,5.8398308753967285,-25.481609344482422,0.0010194155620411038,-0.006778360344469547,0.0019715530797839165,0.007132488768547773,-12.982509675319307,5.833052515052259,-25.479637791402638
189,-8.837477684020996,5.8398308753967285,-27.198959350585938,0.0006952384137548506,-0.006751055829226971,0.002094229217618704,0.007102528121322393,-8.836782445607241,5.8330798195675015,-27.19686512136832
190,-4.473818778991699,5.8398308753967285,-28.24658203125,0.0003570705885067582,-0.006721709854900837,0.0021644295193254948,0.007070618215948343,-4.4734617084031925,5.833109165541828,-28.244417601730675
191,-0.0,5.8398308753967285,-28.598678588867188,1.348544901702553e-05,-0.00669251149520278,0.0021813916973769665,0.0070390598848462105,1.348544901702553e-05,5.833138363901526,-28.59649719716981
192,4.473818778991699,5.8398308753967285,-28.24658203125,-0.0003272589237894863,-0.006665907800197601,0.002146076178178191,0.007010497152805328,4.47349152006791,5.833164967596531,-28.244435955071822
193,8.837477684020996,5.8398308753967285,-27.198959350585938,-0.0006574494764208794,-0.006643396802246571,0.0020601048599928617,0.006986486725509167,8.836820234544575,5.833187478594482,-27.196899245725945
194,12.983529090881348,5.8398308753967285,-25.481609344482422,-0.0009697299101389945,-0.006625444628298283,0.0019256597151979804,0.006967428606003523,12.982559360971209,5.83320543076843,-25.479683684767224
195,16.80988121032715,5.8398308753967285,-23.136817932128906,-0.0012569734826683998,-0.00661164615303278,0.0017456344794481993,0.00695277564227581,16.80862423684448,5.833219229243696,-23.135072297649458
196,20.222320556640625,5.8398308753967285,-20.222320556640625,-0.0015123290941119194,-0.00660098297521472,0.0015238411724567413,0.006941340863704681,20.220808227546513,5.833229892421514,-20.22079671546817
197,23.136817932128906,5.8398308753967285,-16.80988121032715,-0.0017295454163104296,-0.0065923999063670635,0.001265300321392715,0.006931958254426718,23.135088386712596,5.8332384754903615,-16.808615910005756
198,25.481609344482422,5.8398308753967285,-12.983529090881348,-0.0019034006400033832,-0.006585283204913139,0.0009762532426975667,0.00692401360720396,25.47970594384242,5.833245592191815,-12.98255283763865
199,27.198959350585938,5.8398308753967285,-8.837477684020996,-0.0020300173200666904,-0.006579641718417406,0.0006638781051151454,0.0069176144897937775,27.19692933326587,5.833251233678311,-8.836813805915881
200,28.24658203125,5.8398308753967285,-4.473818778991699,-0.0021068870555609465,-0.00657592574134469,0.00033585247001610696,0.006913361605256796,28.24447514419444,5.833254949655384,-4.473482926521683
201,26.730859756469727,7.601560115814209,0.0,-0.0013717650435864925,-0.005844462662935257,2.11604342445549e-19,0.006003289483487606,26.72948799142614,7.595715653151274,2.11604342445549e-19
202,26.401758193969727,7.601560115814209,4.181628227233887,-0.001355409505777061,-0.005845746956765652,-0.000216940970858559,0.006004744675010443,26.40040278446395,7.595714368857443,4.181411286263028
203,25.42255973815918,7.601560115814209,8.260290145874023,-0.0013065373059362173,-0.005849391687661409,-0.00042898592073470354,0.006008864380419254,25.421253200853243,7.595710724126548,8.259861159953289
204,23.817371368408203,7.601560115814209,12.135557174682617,-0.0012257787166163325,-0.005854833871126175,-0.0006311332108452916,0.006014976650476456,23.816145589691587,7.595705281943083,12.134926041471772
205,21.62571907043457,7.601560115814209,15.712005615234375,-0.0011143781011924148,-0.005861371755599976,-0.0008182515157386661,0.006022213492542505,21.624604692333378,7.595698744058609,15.711187363718636
206,18.901573181152344,7.601560115814209,18.901573181152344,-0.0009744921699166298,-0.005868526175618172,-0.0009852721123024821,0.006029925309121609,18.900598688982427,7.595691589638591,18.90058790904004
207,15.712005615234375,7.601560115814209,21.62571907043457,-0.0008094024378806353,-0.005876363255083561,-0.0011276241857558489,0.00603807158768177,15.711196212796494,7.595683752559125,21.624591446248814
208,12.135557174682617,7.601560115814209,23.817371368408203,-0.0006234348402358592,-0.005885586142539978,-0.0012417377438396215,0.006047372240573168,12.134933739842381,7.595674529671669,23.816129630664364
209,8.260290145874023,7.601560115814209,25.42255973815918,-0.00042154552647843957,-0.005897271912544966,-0.0013253107899799943,0.0060590398497879505,8.259868600347545,7.595662843901664,25.4212344273692
210,4.181628227233887,7.601560115814209,26.401758193969727,-0.00020878779469057918,-0.0059122731909155846,-0.0013770759105682373,0.006074117496609688,4.181419439439196,7.595647842623293,26.40038111805916
211,0.0,7.601560115814209,26.730859756469727,9.937712093233131e-06,-0.005930769722908735,-0.0013964035315439105,0.006092952564358711,9.937712093233131e-06,7.5956293460913,26.729463352938183
212,-4.181628227233887,7.601560115814209,26.401758193969727,0.0002298368635820225,-0.005951854400336742,-0.001382767572067678,0.006114690564572811,-4.181398390370305,7.595608261413872,26.40037542639766
213,-8.260290145874023,7.601560115814209,25.42255973815918,0.00044586238800548017,-0.005973563063889742,-0.0013356704730540514,0.00613728491589427,-8.259844283486018,7.595586552750319,25.421224067686126
214,-12.135557174682617,7.601560115814209,23.817371368408203,0.0006528716767206788,-0.005994265433400869,-0.0012559877941384912,0.006159136537462473,-12.134904303005897,7.595565850380808,23.816115380614065
215,-15.712005615234375,7.601560115814209,21.62571907043457,0.0008455075439997017,-0.006011334713548422,-0.0011446804273873568,0.006177485454827547,-15.711160107690375,7.595548781100661,21.624574390007183
216,-18.901573181152344,7.601560115814209,18.901573181152344,0.0010171318426728249,-0.006020959001034498,-0.0010025030933320522,0.006188014056533575,-18.90055604930967,7.5955391568131745,18.90057067805901
217,-21.62571907043457,7.601560115814209,15.712005615234375,0.0011626771884039044,-0.006023612804710865,-0.0008337295148521662,0.006191190332174301,-21.624556393246166,7.595536503009498,15.711171885719523
218,-23.817371368408203,7.601560115814209,12.135557174682617,0.0012793709756806493,-0.00602255342528224,-0.0006439909338951111,0.006190530490130186,-23.816091997432522,7.595537562388927,12.134913183748722
219,-25.42255973815918,7.601560115814209,8.260290145874023,0.0013639484532177448,-0.006019266322255135,-0.00043808796908706427,0.006187393795698881,-25.421195789705962,7.595540849491954,8.259852057904936
220,-26.401758193969727,7.601560115814209,4.181628227233887,0.0014146971516311169,-0.006015748251229525,-0.00022158451611176133,0.006183824967592955,-26.400343496818095,7.5955443675629795,4.181406642717775
221,-26.730859756469727,7.601560115814209,0.0,0.0014316317392513156,-0.006014338228851557,4.604578831855639e-22,0.006182380486279726,-26.729428124730475,7.595545777585357,4.604578831855639e-22
222,-26.401758193969727,7.601560115814209,-4.181628227233887,0.0014146971516311169,-0.006015748251229525,0.00022158451611176133,0.006183824967592955,-26.400343496818095,7.5955443675629795,-4.181406642717775
223,-25.42255973815918,7.601560115814209,-8.260290145874023,0.0013639484532177448,-0.006019266322255135,0.00043808796908706427,0.006187393795698881,-25.421195789705962,7.595540849491954,-8.259852057904936
224,-23.817371368408203,7.601560115814209,-12.135557174682617,0.0012793709756806493,-0.00602255342528224,0.0006439909338951111,0.006190530490130186,-23.816091997432522,7.595537562388927,-12.134913183748722
225,-21.62571907043457,7.601560115814209,-15.712005615234375,0.0011626771884039044,-0.006023612804710865,0.0008337295148521662,0.006191190332174301,-21.624556393246166,7.595536503009498,-15.711171885719523
226,-18.901573181152344,7.601560115814209,-18.901573181152344,0.0010171318426728249,-0.006020959001034498,0.0010025030933320522,0.006188014056533575,-18.90055604930967,7.5955391568131745,-18.90057067805901
227,-15.712005615234375,7.601560115814209,-21.62571907043457,0.0008455075439997017,-0.006011334713548422,0.0011446804273873568,0.006177485454827547,-15.711160107690375,7.595548781100661,-21.624574390007183
228,-12.135557174682617,7.601560115814209,-23.817371368408203,0.0006528716767206788,-0.005994265433400869,0.0012559877941384912,0.006159136537462473,-12.134904303005897,7.595565850380808,-23.816115380614065
229,-8.260290145874023,7.601560115814209,-25.42255973815918,0.00044586238800548017,-0.005973563063889742,0.0013356704730540514,0.00613728491589427,-8.259844283486018,7.595586552750319,-25.421224067686126
230,-4.181628227233887,7.601560115814209,-26.401758193969727,0.0002298368635820225,-0.005951854400336742,0.001382767572067678,0.006114690564572811,-4.181398390370305,7.595608261413872,-26.40037542639766
231,-0.0,7.601560115814209,-26.730859756469727,9.937712093233131e-06,-0.005930769722908735,0.0013964035315439105,0.006092952564358711,9.937712093233131e-06,7.5956293460913,-26.729463352938183
232,4.181628227233887,7.601560115814209,-26.401758193969727,-0.00020878779469057918,-0.0059122731909155846,0.0013770759105682373,0.006074117496609688,4.181419439439196,7.595647842623293,-26.40038111805916
233,8.260290145874023,7.601560115814209,-25.42255973815918,-0.00042154552647843957,-0.005897271912544966,0.0013253107899799943,0.0060590398497879505,8.259868600347545,7.595662843901664,-25.4212344273692
234,12.135557174682617,7.601560115814209,-23.817371368408203,-0.0006234348402358592,-0.005885586142539978,0.0012417377438396215,0.006047372240573168,12.134933739842381,7.595674529671669,-23.816129630664364
235,15.712005615234375,7.601560115814209,-21.62571907043457,-0.0008094024378806353,-0.005876363255083561,0.0011276241857558489,0.00603807158768177,15.711196212796494,7.595683752559125,-21.624591446248814
236,18.901573181152344,7.601560115814209,-18.901573181152344,-0.0009744921699166298,-0.005868526175618172,0.0009852721123024821,0.006029925309121609,18.900598688982427,7.595691589638591,-18.90058790904004
237,21.62571907043457,7.601560115814209,-15.712005615234375,-0.0011143781011924148,-0.005861371755599976,0.0008182515157386661,0.006022213492542505,21.624604692333378,7.595698744058609,-15.711187363718636
238,23.817371368408203,7.601560115814209,-12.135557174682617,-0.0012257787166163325,-0.005854833871126175,0.0006311332108452916,0.006014976650476456,23.816145589691587,7.595705281943083,-12.134926041471772
239,25.42255973815918,7.601560115814209,-8.260290145874023,-0.0013065373059362173,-0.005849391687661409,0.00042898592073470354,0.006008864380419254,25.421253200853243,7.595710724126548,-8.259861159953289
240,26.401758193969727,7.601560115814209,-4.181628227233887,-0.001355409505777061,-0.005845746956765652,0.000216940970858559,0.006004744675010443,26.40040278446395,7.595714368857443,-4.181411286263028
241,24.8630428314209,9.363289833068848,0.0,-0.0010737431002780795,-0.005601257085800171,6.905191050234215e-19,0.005703245289623737,24.86196908832062,9.357688575983047,6.905191050234215e-19
242,24.556936264038086,9.363289833068848,3.889436960220337,-0.001061095274053514,-0.005602542776614428,-0.00017053948249667883,0.005704690236598253,24.555875168764032,9.357687290292233,3.8892664207378402
243,23.64615821838379,9.363289833068848,7.683103084564209,-0.0010233183857053518,-0.005606252700090408,-0.00033735870965756476,0.005708858370780945,23.645134899998084,9.357683580368757,7.682765725854551
244,22.153133392333984,9.363289833068848,11.287585258483887,-0.0009608951513655484,-0.005611947737634182,-0.000496650580316782,0.0057152374647557735,22.15217249718262,9.357677885331213,11.28708860790357
245,20.114622116088867,9.363289833068848,14.614129066467285,-0.000874640594702214,-0.00561893405392766,-0.0006444177706725895,0.005722996778786182,20.113747475494165,9.35767089901492,14.613484648696613
246,17.580825805664062,9.363289833068848,17.580825805664062,-0.0007659093244001269,-0.005626460071653128,-0.0007764817564748228,0.005731194280087948,17.580059896339662,9.357663372997195,17.580049323907588
247,14.614129066467285,9.363289833068848,20.114622116088867,-0.0006369312759488821,-0.005634054075926542,-0.0008887822041288018,0.005739179439842701,14.613492135191336,9.357655778992921,20.11373333388474
248,11.287585258483887,9.363289833068848,22.153133392333984,-0.0004909951239824295,-0.00564182735979557,-0.000977952848188579,0.005746971815824509,11.287094263359904,9.357648005709052,22.152155439485796
249,7.683103084564209,9.363289833068848,23.64615821838379,-0.0003322332922834903,-0.00565049285069108,-0.0010418444871902466,0.005755335558205843,7.6827708512719255,9.357639340218157,23.6451163738966
250,3.889436960220337,9.363289833068848,24.556936264038086,-0.00016506951942574233,-0.005660960916429758,-0.0010795693378895521,0.0057653444819152355,3.889271890700911,9.357628872152418,24.555856694700196
251,0.0,9.363289833068848,24.8630428314209,6.248273166420404e-06,-0.00567380478605628,-0.0010911322897300124,0.005777773447334766,6.248273166420404e-06,9.357616028282791,24.86195169913117
252,-3.889436960220337,9.363289833068848,24.556936264038086,0.00017776858294382691,-0.0056886631064116955,-0.0010766959749162197,0.005792388692498207,-3.889259191637393,9.357601169962436,24.55585956806317
253,-7.683103084564209,9.363289833068848,23.64615821838379,0.00034561226493678987,-0.0057042730040848255,-0.0010364401387050748,0.005807959008961916,-7.682757472299272,9.357585560064763,23.645121778245084
254,-11.287585258483887,9.363289833068848,22.153133392333984,0.0005062686395831406,-0.005719816777855158,-0.0009718486107885838,0.0058238389901816845,-11.287078989844304,9.357570016290992,22.152161543723196
255,-14.614129066467285,9.363289833068848,20.114622116088867,0.0006563342758454382,-0.0057341172359883785,-0.0008844885742291808,0.005838937591761351,-14.61347273219144,9.35755571583286,20.113737627514638
256,-17.580825805664062,9.363289833068848,17.580825805664062,0.000791450496762991,-0.00574486143887043,-0.0007749870419502258,0.005850677844136953,-17.5800343551673,9.357544971629977,17.580050818622112
257,-20.114622116088867,9.363289833068848,14.614129066467285,0.0009080289746634662,-0.0057518454268574715,-0.000645785010419786,0.0058587780222296715,-20.113714087114204,9.35753798764199,14.613483281456865
258,-22.153133392333984,9.363289833068848,11.287585258483887,0.001003167824819684,-0.005756140686571598,-0.000500196183566004,0.005864272825419903,-22.152130224509165,9.357533692382276,11.28708506230032
259,-23.64615821838379,9.363289833068848,7.683103084564209,0.0010730434441938996,-0.005757741630077362,-0.00034116662573069334,0.00586680555716157,-23.645085174939595,9.35753209143877,7.682761917938478
260,-24.556936264038086,9.363289833068848,3.889436960220337,0.0011153293307870626,-0.005757633130997419,-0.00017285550711676478,0.005867212079465389,-24.5558209347073,9.35753219993785,3.88926410471322
261,-24.8630428314209,9.363289833068848,0.0,0.0011294940486550331,-0.0057574184611439705,-4.54871530227797e-19,0.005867164582014084,-24.861913337372243,9.357532414607704,-4.54871530227797e-19
262,-24.556936264038086,9.363289833068848,-3.889436960220337,0.0011153293307870626,-0.005757633130997419,0.00017285550711676478,0.005867212079465389,-24.5558209347073,9.35753219993785,-3.88926410471322
263,-23.64615821838379,9.363289833068848,-7.683103084564209,0.0010730434441938996,-0.005757741630077362,0.00034116662573069334,0.00586680555716157,-23.645085174939595,9.35753209143877,-7.682761917938478
264,-22.153133392333984,9.363289833068848,-11.287585258483887,0.001003167824819684,-0.005756140686571598,0.000500196183566004,0.005864272825419903,-22.152130224509165,9.357533692382276,-11.28708506230032
265,-20.114622116088867,9.363289833068848,-14.614129066467285,0.0009080289746634662,-0.0057518454268574715,0.000645785010419786,0.0058587780222296715,-20.113714087114204,9.35753798764199,-14.613483281456865
266,-17.580825805664062,9.363289833068848,-17.580825805664062,0.000791450496762991,-0.00574486143887043,0.0007749870419502258,0.005850677844136953,-17.5800343551673,9.357544971629977,-17.580050818622112
267,-14.614129066467285,9.363289833068848,-20.114622116088867,0.0006563342758454382,-0.0057341172359883785,0.0008844885742291808,0.005838937591761351,-14.61347273219144,9.35755571583286,-20.113737627514638
268,-11.287585258483887,9.363289833068848,-22.153133392333984,0.0005062686395831406,-0.005719816777855158,0.0009718486107885838,0.0058238389901816845,-11.287078989844304,9.357570016290992,-22.152161543723196
269,-7.683103084564209,9.363289833068848,-23.64615821838379,0.00034561226493678987,-0.0057042730040848255,0.0010364401387050748,0.005807959008961916,-7.682757472299272,9.357585560064763,-23.645121778245084
270,-3.889436960220337,9.363289833068848,-24.556936264038086,0.00017776858294382691,-0.0056886631064116955,0.0010766959749162197,0.005792388692498207,-3.889259191637393,9.357601169962436,-24.55585956806317
271,-0.0,9.363289833068848,-24.8630428314209,6.248273166420404e-06,-0.00567380478605628,0.0010911322897300124,0.005777773447334766,6.248273166420404e-06,9.357616028282791,-24.86195169913117
272,3.889436960220337,9.363289833068848,-24.556936264038086,-0.00016506951942574233,-0.005660960916429758,0.0010795693378895521,0.0057653444819152355,3.889271890700911,9.357628872152418,-24.555856694700196
273,7.683103084564209,9.363289833068848,-23.64615821838379,-0.0003322332922834903,-0.00565049285069108,0.0010418444871902466,0.005755335558205843,7.6827708512719255,9.357639340218157,-23.6451163738966
274,11.287585258483887,9.363289833068848,-22.153133392333984,-0.0004909951239824295,-0.00564182735979557,0.000977952848188579,0.005746971815824509,11.287094263359904,9.357648005709052,-22.152155439485796
275,14.614129066467285,9.363289833068848,-20.114622116088867,-0.0006369312759488821,-0.005634054075926542,0.0008887822041288018,0.005739179439842701,14.613492135191336,9.357655778992921,-20.11373333388474
276,17.580825805664062,9.363289833068848,-17.580825805664062,-0.0007659093244001269,-0.005626460071653128,0.0007764817564748228,0.005731194280087948,17.580059896339662,9.357663372997195,-17.580049323907588
277,20.114622116088867,9.363289833068848,-14.614129066467285,-0.000874640594702214,-0.00561893405392766,0.0006444177706725895,0.005722996778786182,20.113747475494165,9.35767089901492,-14.613484648696613
278,22.153133392333984,9.363289833068848,-11.287585258483887,-0.0009608951513655484,-0.005611947737634182,0.000496650580316782,0.0057152374647557735,22.15217249718262,9.357677885331213,-11.28708860790357
279,23.64615821838379,9.363289833068848,-7.683103084564209,-0.0010233183857053518,-0.005606252700090408,0.00033735870965756476,0.005708858370780945,23.645134899998084,9.357683580368757,-7.682765725854551
280,24.556936264038086,9.363289833068848,-3.889436960220337,-0.001061095274053514,-0.005602542776614428,0.00017053948249667883,0.005704690236598253,24.555875168764032,9.357687290292233,-3.8892664207378402
281,23.5282039642334,11.250774383544922,0.0,-0.000888278940692544,-0.005520664155483246,-9.972872035972607e-20,0.005591670051217079,23.527315685292706,11.245253719389439,-9.972872035972607e-20
282,23.23853302001953,11.250774383544922,3.680622100830078,-0.0008778676274232566,-0.005521859508007765,-0.00014147695037536323,0.005592995788902044,23.237655152392108,11.245252524036914,3.6804806238797028
283,22.376651763916016,11.250774383544922,7.270615100860596,-0.0008468645391985774,-0.005525382701307535,-0.00027995105483569205,0.0055969106033444405,22.375804899376817,11.245249000843614,7.27033514980576
284,20.963783264160156,11.250774383544922,10.681580543518066,-0.0007958528585731983,-0.005530999042093754,-0.00041244536987505853,0.005603163968771696,20.962987411301583,11.245243384502828,10.681168098148191
285,19.034717559814453,11.250774383544922,13.8295316696167,-0.000725563324522227,-0.005538213532418013,-0.0005358820199035108,0.0056111873127520084,19.03399199648993,11.245236170012504,13.828995787596796
286,16.636953353881836,11.250774383544922,16.636953353881836,-0.0006368664326146245,-0.005546288099139929,-0.0006468634237535298,0.005620083771646023,16.63631648744922,11.245228095445782,16.636306490458082
287,13.8295316696167,11.250774383544922,19.034717559814453,-0.0005311183049343526,-0.005554467439651489,-0.0007416735752485693,0.005628878716379404,13.829000551311765,11.24521991610527,19.033975886239205
288,10.681580543518066,11.250774383544922,20.963783264160156,-0.000410637614550069,-0.005562339909374714,-0.0008167492342181504,0.005636960733681917,10.681169905903516,11.245212043635547,20.962966514925938
289,7.270615100860596,11.250774383544922,22.376651763916016,-0.00027884484734386206,-0.005570076406002045,-0.0008694539428688586,0.005644418299198151,7.270336256013252,11.24520430713892,22.375782309973147
290,3.680622100830078,11.250774383544922,23.23853302001953,-0.00013985381519887596,-0.005578306503593922,-0.0008986108005046844,0.005651951767504215,3.6804822470148792,11.245196077041328,23.237634409219027
291,0.0,11.250774383544922,23.5282039642334,2.1955725060252007e-06,-0.005587708204984665,-0.0009044717298820615,0.0056604379788041115,2.1955725060252007e-06,11.245186675339937,23.527299492503516
292,-3.680622100830078,11.250774383544922,23.23853302001953,0.0001436326710972935,-0.005598417017608881,-0.000887997739482671,0.005670224316418171,-3.680478468158981,11.245175966527313,23.23764502228005
293,-7.270615100860596,11.250774383544922,22.376651763916016,0.0002812703314702958,-0.005609937012195587,-0.0008504469296894968,0.005681000184267759,-7.270333830529125,11.245164446532726,22.375801316986326
294,-10.681580543518066,11.250774383544922,20.963783264160156,0.0004126739804632962,-0.005622108466923237,-0.0007941754884086549,0.005692900624126196,-10.681167869537603,11.245152275077999,20.962989088671748
295,-13.8295316696167,11.250774383544922,19.034717559814453,0.0005360302748158574,-0.005634488072246313,-0.0007211662014015019,0.005705687217414379,-13.828995639341883,11.245139895472676,19.03399639361305
296,-16.636953353881836,11.250774383544922,16.636953353881836,0.0006487123901024461,-0.005645643454045057,-0.0006319316453300416,0.005717819090932608,-16.636304641491733,11.245128740090877,16.636321422236506
297,-19.034717559814453,11.250774383544922,13.8295316696167,0.0007482370710931718,-0.005655214190483093,-0.0005279206088744104,0.005728874821215868,-19.03396932274336,11.245119169354439,13.829003749007825
298,-20.963783264160156,11.250774383544922,10.681580543518066,0.0008320317720063031,-0.005663303192704916,-0.00041065688128583133,0.005738808307796717,-20.96295123238815,11.245111080352217,10.68116988663678
299,-22.376651763916016,11.250774383544922,7.270615100860596,0.0008956363890320063,-0.005669000092893839,-0.000281377142528072,0.005746207199990749,-22.375756127526984,11.245105383452028,7.270333723718068
300,-23.23853302001953,11.250774383544922,3.680622100830078,0.0009351961780339479,-0.0056720906868577,-0.00014306850789580494,0.005750449374318123,-23.237597823841497,11.245102292858064,3.6804790323221823
301,-23.5282039642334,11.250774383544922,0.0,0.0009486550115980208,-0.005673071835190058,-3.70935290424145e-19,0.00575184216722846,-23.5272553092218,11.245101311709732,-3.70935290424145e-19
302,-23.23853302001953,11.250774383544922,-3.680622100830078,0.0009351961780339479,-0.0056720906868577,0.00014306850789580494,0.005750449374318123,-23.237597823841497,11.245102292858064,-3.6804790323221823
303,-22.376651763916016,11.250774383544922,-7.270615100860596,0.0008956363890320063,-0.005669000092893839,0.000281377142528072,0.005746207199990749,-22.375756127526984,11.245105383452028,-7.270333723718068
304,-20.963783264160156,11.250774383544922,-10.681580543518066,0.0008320317720063031,-0.005663303192704916,0.00041065688128583133,0.005738808307796717,-20.96295123238815,11.245111080352217,-10.68116988663678
305,-19.034717559814453,11.250774383544922,-13.8295316696167,0.0007482370710931718,-0.005655214190483093,0.0005279206088744104,0.005728874821215868,-19.03396932274336,11.245119169354439,-13.829003749007825
306,-16.636953353881836,11.250774383544922,-16.636953353881836,0.0006487123901024461,-0.005645643454045057,0.0006319316453300416,0.005717819090932608,-16.636304641491733,11.245128740090877,-16.636321422236506
307,-13.8295316696167,11.250774383544922,-19.034717559814453,0.0005360302748158574,-0.005634488072246313,0.0007211662014015019,0.005705687217414379,-13.828995639341883,11.245139895472676,-19.03399639361305
308,-10.681580543518066,11.250774383544922,-20.963783264160156,0.0004126739804632962,-0.005622108466923237,0.0007941754884086549,0.005692900624126196,-10.681167869537603,11.245152275077999,-20.962989088671748
309,-7.270615100860596,11.250774383544922,-22.376651763916016,0.0002812703314702958,-0.005609937012195587,0.0008504469296894968,0.005681000184267759,-7.270333830529125,11.245164446532726,-22.375801316986326
310,-3.680622100830078,11.250774383544922,-23.23853302001953,0.0001436326710972935,-0.005598417017608881,0.000887997739482671,0.005670224316418171,-3.680478468158981,11.245175966527313,-23.23764502228005
311,-0.0,11.250774383544922,-23.5282039642334,2.1955725060252007e-06,-0.005587708204984665,0.0009044717298820615,0.0056604379788041115,2.1955725060252007e-06,11.245186675339937,-23.527299492503516
312,3.680622100830078,11.250774383544922,-23.23853302001953,-0.00013985381519887596,-0.005578306503593922,0.0008986108005046844,0.005651951767504215,3.6804822470148792,11.245196077041328,-23.237634409219027
313,7.270615100860596,11.250774383544922,-22.376651763916016,-0.00027884484734386206,-0.005570076406002045,0.0008694539428688586,0.005644418299198151,7.270336256013252,11.24520430713892,-22.375782309973147
314,10.681580543518066,11.250774383544922,-20.963783264160156,-0.000410637614550069,-0.005562339909374714,0.0008167492342181504,0.005636960733681917,10.681169905903516,11.245212043635547,-20.962966514925938
315,13.8295316696167,11.250774383544922,-19.034717559814453,-0.0005311183049343526,-0.005554467439651489,0.0007416735752485693,0.005628878716379404,13.829000551311765,11.24521991610527,-19.033975886239205
316,16.636953353881836,11.250774383544922,-16.636953353881836,-0.0006368664326146245,-0.005546288099139929,0.0006468634237535298,0.005620083771646023,16.63631648744922,11.245228095445782,-16.636306490458082
317,19.034717559814453,11.250774383544922,-13.8295316696167,-0.000725563324522227,-0.005538213532418013,0.0005358820199035108,0.0056111873127520084,19.03399199648993,11.245236170012504,-13.828995787596796
318,20.963783264160156,11.250774383544922,-10.681580543518066,-0.0007958528585731983,-0.005530999042093754,0.00041244536987505853,0.005603163968771696,20.962987411301583,11.245243384502828,-10.681168098148191
319,22.376651763916016,11.250774383544922,-7.270615100860596,-0.0008468645391985774,-0.005525382701307535,0.00027995105483569205,0.0055969106033444405,22.375804899376817,11.245249000843614,-7.27033514980576
320,23.23853302001953,11.250774383544922,-3.680622100830078,-0.0008778676274232566,-0.005521859508007765,0.00014147695037536323,0.005592995788902044,23.237655152392108,11.245252524036914,-3.6804806238797028
321,22.19336700439453,13.138258934020996,0.0,-0.0007065216777846217,-0.005439084954559803,-1.5286825047620454e-19,0.005484780762344599,22.192660482716747,13.132819849066436,-1.5286825047620454e-19
322,21.920129776000977,13.138258934020996,3.4718070030212402,-0.0006982177146710455,-0.005440143868327141,-0.00011307397653581575,0.005485932808369398,21.919431558286306,13.132818790152669,3.4716939290447044
323,21.107145309448242,13.138258934020996,6.858128070831299,-0.0006735828355886042,-0.005443325266242027,-0.00022378865105565637,0.005489406641572714,21.106471726612654,13.132815608754754,6.857904282180243
324,19.77443504333496,13.138258934020996,10.075577735900879,-0.0006332963239401579,-0.005448574665933847,-0.000329894304741174,0.005495166871696711,19.77380174701102,13.132810359355062,10.075247841596138
325,17.954811096191406,13.138258934020996,13.044934272766113,-0.0005781129584647715,-0.005455628503113985,-0.0004291479999665171,0.0055029322393238544,17.95423298323294,13.132803305517882,13.044505124766147
326,15.693079948425293,13.138258934020996,15.693079948425293,-0.0005086612654849887,-0.005463894456624985,-0.0005189870134927332,0.005512007512152195,15.692571287159808,13.132795039564371,15.6925609614118
327,13.044934272766113,13.138258934020996,17.954811096191406,-0.00042565862531773746,-0.005472518503665924,-0.0005962722934782505,0.005521338898688555,13.044508614140796,13.13278641551733,17.954214823897928
328,10.075577735900879,13.138258934020996,19.77443504333496,-0.0003304866550024599,-0.005480685271322727,-0.000657523050904274,0.00552987027913332,10.075247249245876,13.132778248749673,19.773777520284057
329,6.858128070831299,13.138258934020996,21.107145309448242,-0.00022564781829714775,-0.0054879761300981045,-0.0006996943848207593,0.005537000019103289,6.857902423013002,13.132770957890898,21.10644561506342
330,3.4718070030212402,13.138258934020996,21.920129776000977,-0.00011467472359072417,-0.005494538228958845,-0.0007211031042970717,0.005542841274291277,3.4716923282976495,13.132764395792037,21.91940867289668
331,0.0,13.138258934020996,22.19336700439453,-1.475459953326208e-06,-0.005500964354723692,-0.0007219351828098297,0.005548134911805391,-1.475459953326208e-06,13.132757969666272,22.19264506921172
332,-3.4718070030212402,13.138258934020996,21.920129776000977,0.00011048649321310222,-0.005507859401404858,-0.0007038378389552236,0.0055537475273013115,-3.471696516528027,13.132751074619591,21.91942593816202
333,-6.858128070831299,13.138258934020996,21.107145309448242,0.00021866527094971389,-0.005515613127499819,-0.0006692589377053082,0.0055603692308068275,-6.857909405560349,13.132743320893496,21.106476050510537
334,-10.075577735900879,13.138258934020996,19.77443504333496,0.00032177800312638283,-0.005524748470634222,-0.0006213641026988626,0.0055688852444291115,-10.075255957897753,13.132734185550362,19.773813679232262
335,-13.044934272766113,13.138258934020996,17.954811096191406,0.0004191627085674554,-0.005535291042178869,-0.00056227738969028,0.005579542834311724,-13.044515110057546,13.132723642978817,17.954248818801716
336,-15.693079948425293,13.138258934020996,15.693079948425293,0.0005094441003166139,-0.005546331871300936,-0.0004922483349218965,0.00559138972312212,-15.692570504324976,13.132712602149695,15.692587700090371
337,-17.954811096191406,13.138258934020996,13.044934272766113,0.0005913976929150522,-0.005557558964937925,-0.0004119643708691001,0.005604099482297897,-17.95421969849849,13.132701375056058,13.044522308395244
338,-19.77443504333496,13.138258934020996,10.075577735900879,0.0006631126161664724,-0.005568660795688629,-0.0003219086502213031,0.005617234855890274,-19.773771930718794,13.132690273225307,10.075255827250658
339,-21.107145309448242,13.138258934020996,6.858128070831299,0.0007199120009317994,-0.005578051321208477,-0.00022187104332260787,0.005628690589219332,-21.10642539744731,13.132680882699788,6.857906199787976
340,-21.920129776000977,13.138258934020996,3.4718070030212402,0.0007565494743175805,-0.005584237165749073,-0.00011335386079736054,0.0056363921612501144,-21.91937322652666,13.132674696855247,3.471693649160443
341,-22.19336700439453,13.138258934020996,0.0,0.0007692680810578167,-0.005586411338299513,-5.954843761459924e-19,0.005639127921313047,-22.192597736313473,13.132672522682697,-5.954843761459924e-19
342,-21.920129776000977,13.138258934020996,-3.4718070030212402,0.0007565494743175805,-0.005584237165749073,0.00011335386079736054,0.0056363921612501144,-21.91937322652666,13.132674696855247,-3.471693649160443
343,-21.107145309448242,13.138258934020996,-6.858128070831299,0.0007199120009317994,-0.005578051321208477,0.00022187104332260787,0.005628690589219332,-21.10642539744731,13.132680882699788,-6.857906199787976
344,-19.77443504333496,13.138258934020996,-10.075577735900879,0.0006631126161664724,-0.005568660795688629,0.0003219086502213031,0.005617234855890274,-19.773771930718794,13.132690273225307,-10.075255827250658
345,-17.954811096191406,13.138258934020996,-13.044934272766113,0.0005913976929150522,-0.005557558964937925,0.0004119643708691001,0.005604099482297897,-17.95421969849849,13.132701375056058,-13.044522308395244
346,-15.693079948425293,13.138258934020996,-15.693079948425293,0.0005094441003166139,-0.005546331871300936,0.0004922483349218965,0.00559138972312212,-15.692570504324976,13.132712602149695,-15.692587700090371
347,-13.044934272766113,13.138258934020996,-17.954811096191406,0.0004191627085674554,-0.005535291042178869,0.00056227738969028,0.005579542834311724,-13.044515110057546,13.132723642978817,-17.954248818801716
348,-10.075577735900879,13.138258934020996,-19.77443504333496,0.00032177800312638283,-0.005524748470634222,0.0006213641026988626,0.0055688852444291115,-10.075255957897753,13.132734185550362,-19.773813679232262
349,-6.858128070831299,13.138258934020996,-21.107145309448242,0.00021866527094971389,-0.005515613127499819,0.0006692589377053082,0.0055603692308068275,-6.857909405560349,13.132743320893496,-21.106476050510537
350,-3.4718070030212402,13.138258934020996,-21.920129776000977,0.00011048649321310222,-0.005507859401404858,0.0007038378389552236,0.0055537475273013115,-3.471696516528027,13.132751074619591,-21.91942593816202
351,-0.0,13.138258934020996,-22.19336700439453,-1.475459953326208e-06,-0.005500964354723692,0.0007219351828098297,0.005548134911805391,-1.475459953326208e-06,13.132757969666272,-22.19264506921172
352,3.4718070030212402,13.138258934020996,-21.920129776000977,-0.00011467472359072417,-0.005494538228958845,0.0007211031042970717,0.005542841274291277,3.4716923282976495,13.132764395792037,-21.91940867289668
353,6.858128070831299,13.138258934020996,-21.107145309448242,-0.00022564781829714775,-0.0054879761300981045,0.0006996943848207593,0.005537000019103289,6.857902423013002,13.132770957890898,-21.10644561506342
354,10.075577735900879,13.138258934020996,-19.77443504333496,-0.0003304866550024599,-0.005480685271322727,0.000657523050904274,0.00552987027913332,10.075247249245876,13.132778248749673,-19.773777520284057
355,13.044934272766113,13.138258934020996,-17.954811096191406,-0.00042565862531773746,-0.005472518503665924,0.0005962722934782505,0.005521338898688555,13.044508614140796,13.13278641551733,-17.954214823897928
356,15.693079948425293,13.138258934020996,-15.693079948425293,-0.0005086612654849887,-0.005463894456624985,0.0005189870134927332,0.005512007512152195,15.692571287159808,13.132795039564371,-15.6925609614118
357,17.954811096191406,13.138258934020996,-13.044934272766113,-0.0005781129584647715,-0.005455628503113985,0.0004291479999665171,0.0055029322393238544,17.95423298323294,13.132803305517882,-13.044505124766147
358,19.77443504333496,13.138258934020996,-10.075577735900879,-0.0006332963239401579,-0.005448574665933847,0.000329894304741174,0.005495166871696711,19.77380174701102,13.132810359355062,-10.075247841596138
359,21.107145309448242,13.138258934020996,-6.858128070831299,-0.0006735828355886042,-0.005443325266242027,0.00022378865105565637,0.005489406641572714,21.106471726612654,13.132815608754754,-6.857904282180243
360,21.920129776000977,13.138258934020996,-3.4718070030212402,-0.0006982177146710455,-0.005440143868327141,0.00011307397653581575,0.005485932808369398,21.919431558286306,13.132818790152669,-3.4716939290447044
361,21.374425888061523,15.10483169555664,0.0,-0.0005574580864049494,-0.005412844941020012,-4.835975483478088e-19,0.005441474728286266,21.37386842997512,15.09941885061562,-4.835975483478088e-19
362,21.111270904541016,15.10483169555664,3.3436970710754395,-0.0005508749163709581,-0.005413808394223452,-8.958101534517482e-05,0.005442500580102205,21.110720029624645,15.099417887162417,3.3436074900600943
363,20.328285217285156,15.10483169555664,6.605061054229736,-0.0005314158042892814,-0.005416722036898136,-0.00017729484534356743,0.005445614457130432,20.327753801480867,15.099414973519742,6.604883759384393
364,19.04475212097168,15.10483169555664,9.70378589630127,-0.0004998077638447285,-0.005421600770205259,-0.0002614577824715525,0.00545086432248354,19.044252313207835,15.099410094786435,9.703524438518798
365,17.292272567749023,15.10483169555664,12.56357192993164,-0.00045684969518333673,-0.005428304895758629,-0.00034053775016218424,0.00545812863856554,17.29181571805384,15.099403390660882,12.563231392181478
366,15.114001274108887,15.10483169555664,15.114001274108887,-0.0004030736454296857,-0.00543639250099659,-0.00041280832374468446,0.005466922651976347,15.113598200463457,15.099395303055644,15.113588465785142
367,12.56357192993164,15.10483169555664,17.292272567749023,-0.00033876177622005343,-0.0054450868628919125,-0.0004758700670208782,0.005476329475641251,12.56323316815542,15.099386608693749,17.291796697682003
368,9.70378589630127,15.10483169555664,19.04475212097168,-0.00026446982519701123,-0.005453457124531269,-0.0005264892242848873,0.0054851919412612915,9.703521426476073,15.09937823843211,19.044225631747395
369,6.605061054229736,15.10483169555664,20.328285217285156,-0.00018176526646129787,-0.00546075776219368,-0.0005611675442196429,0.005492524243891239,6.604879288963275,15.099370937794447,20.327724049740937
370,3.3436970710754395,15.10483169555664,21.111270904541016,-9.358055103803053e-05,-0.005466759204864502,-0.000577387458179146,0.005497962236404419,3.3436034905244014,15.099364936351776,21.110693517082836
371,0.0,15.10483169555664,21.374425888061523,-3.7135239381314022e-06,-0.005471874959766865,-0.0005748854600824416,0.005501992534846067,-3.7135239381314022e-06,15.099359820596874,21.37385100260144
372,-3.3436970710754395,15.10483169555664,21.111270904541016,8.437218639301136e-05,-0.005476921331137419,-0.0005558180855587125,0.00550569873303175,-3.3436126988890464,15.099354774225503,21.110715086455457
373,-6.605061054229736,15.10483169555664,20.328285217285156,0.00016853763372637331,-0.005482769571244717,-0.0005237854784354568,0.005510310176759958,-6.60489251659601,15.099348925985396,20.32776143180672
374,-9.70378589630127,15.10483169555664,19.04475212097168,0.00024833742645569146,-0.00549027556553483,-0.00048278592294082046,0.005517053417861462,-9.703537558874814,15.099341419991106,19.04426933504874
375,-12.56357192993164,15.10483169555664,17.292272567749023,0.00032419449416920543,-0.005499678198248148,-0.00043502243352122605,0.005526373628526926,-12.563247735437471,15.099332017358392,17.291837545315502
376,-15.114001274108887,15.10483169555664,15.114001274108887,0.00039578843279741704,-0.005510387942194939,-0.0003804781590588391,0.005537669640034437,-15.11360548567609,15.099321307614446,15.113620795949828
377,-17.292272567749023,15.10483169555664,12.56357192993164,0.0004628470924217254,-0.0055221254006028175,-0.0003194075543433428,0.005550685804337263,-17.2918097206566,15.099309570156038,12.563252522377297
378,-19.04475212097168,15.10483169555664,9.70378589630127,0.000524329487234354,-0.005534392781555653,-0.0002513475192245096,0.005564854480326176,-19.044227791484445,15.099297302775085,9.703534548782045
379,-20.328285217285156,15.10483169555664,6.605061054229736,0.0005755957099609077,-0.005545403808355331,-0.00017476988432463259,0.00557793490588665,-20.327709621575195,15.099286291748285,6.604886284345412
380,-21.111270904541016,15.10483169555664,3.3436970710754395,0.0006101209437474608,-0.005553067196160555,-8.995208190754056e-05,0.005587208084762096,-21.110660783597268,15.09927862836048,3.343607118993532
381,-21.374425888061523,15.10483169555664,0.0,0.0006224004901014268,-0.00555583368986845,-1.5695467779858135e-19,0.005590587854385376,-21.373803487571422,15.099275861866772,-1.5695467779858135e-19
382,-21.111270904541016,15.10483169555664,-3.3436970710754395,0.0006101209437474608,-0.005553067196160555,8.995208190754056e-05,0.005587208084762096,-21.110660783597268,15.09927862836048,-3.343607118993532
383,-20.328285217285156,15.10483169555664,-6.605061054229736,0.0005755957099609077,-0.005545403808355331,0.00017476988432463259,0.00557793490588665,-20.327709621575195,15.099286291748285,-6.604886284345412
384,-19.04475212097168,15.10483169555664,-9.70378589630127,0.000524329487234354,-0.005534392781555653,0.0002513475192245096,0.005564854480326176,-19.044227791484445,15.099297302775085,-9.703534548782045
385,-17.292272567749023,15.10483169555664,-12.56357192993164,0.0004628470924217254,-0.0055221254006028175,0.0003194075543433428,0.005550685804337263,-17.2918097206566,15.099309570156038,-12.563252522377297
386,-15.114001274108887,15.10483169555664,-15.114001274108887,0.00039578843279741704,-0.005510387942194939,0.0003804781590588391,0.005537669640034437,-15.11360548567609,15.099321307614446,-15.113620795949828
387,-12.56357192993164,15.10483169555664,-17.292272567749023,0.00032419449416920543,-0.005499678198248148,0.00043502243352122605,0.005526373628526926,-12.563247735437471,15.099332017358392,-17.291837545315502
388,-9.70378589630127,15.10483169555664,-19.04475212097168,0.00024833742645569146,-0.00549027556553483,0.00048278592294082046,0.005517053417861462,-9.703537558874814,15.099341419991106,-19.04426933504874
389,-6.605061054229736,15.10483169555664,-20.328285217285156,0.00016853763372637331,-0.005482769571244717,0.0005237854784354568,0.005510310176759958,-6.60489251659601,15.099348925985396,-20.32776143180672
390,-3.3436970710754395,15.10483169555664,-21.111270904541016,8.437218639301136e-05,-0.005476921331137419,0.0005558180855587125,0.00550569873303175,-3.3436126988890464,15.099354774225503,-21.110715086455457
391,-0.0,15.10483169555664,-21.374425888061523,-3.7135239381314022e-06,-0.005471874959766865,0.0005748854600824416,0.005501992534846067,-3.7135239381314022e-06,15.099359820596874,-21.37385100260144
392,3.3436970710754395,15.10483169555664,-21.111270904541016,-9.358055103803053e-05,-0.005466759204864502,0.000577387458179146,0.005497962236404419,3.3436034905244014,15.099364936351776,-21.110693517082836
393,6.605061054229736,15.10483169555664,-20.328285217285156,-0.00018176526646129787,-0.00546075776219368,0.0005611675442196429,0.005492524243891239,6.604879288963275,15.099370937794447,-20.327724049740937
394,9.70378589630127,15.10483169555664,-19.04475212097168,-0.00026446982519701123,-0.005453457124531269,0.0005264892242848873,0.0054851919412612915,9.703521426476073,15.09937823843211,-19.044225631747395
395,12.56357192993164,15.10483169555664,-17.292272567749023,-0.00033876177622005343,-0.0054450868628919125,0.0004758700670208782,0.005476329475641251,12.56323316815542,15.099386608693749,-17.291796697682003
396,15.114001274108887,15.10483169555664,-15.114001274108887,-0.0004030736454296857,-0.00543639250099659,0.00041280832374468446,0.005466922651976347,15.113598200463457,15.099395303055644,-15.113588465785142
397,17.292272567749023,15.10483169555664,-12.56357192993164,-0.00045684969518333673,-0.005428304895758629,0.00034053775016218424,0.00545812863856554,17.29181571805384,15.099403390660882,-12.563231392181478
398,19.04475212097168,15.10483169555664,-9.70378589630127,-0.0004998077638447285,-0.005421600770205259,0.0002614577824715525,0.00545086432248354,19.044252313207835,15.099410094786435,-9.703524438518798
399,20.328285217285156,15.10483169555664,-6.605061054229736,-0.0005314158042892814,-0.005416722036898136,0.00017729484534356743,0.005445614457130432,20.327753801480867,15.099414973519742,-6.604883759384393
400,21.111270904541016,15.10483169555664,-3.3436970710754395,-0.0005508749163709581,-0.005413808394223452,8.958101534517482e-05,0.005442500580102205,21.110720029624645,15.099417887162417,-3.3436074900600943
401,20.555482864379883,17.0714054107666,0.0,-0.0004501755756791681,-0.005401879083365202,-3.604394282760069e-19,0.005420604720711708,20.555032688804204,17.066003531683236,-3.604394282760069e-19
402,20.302410125732422,17.0714054107666,3.215585947036743,-0.00044484424870461226,-0.005402771756052971,-7.270126661751419e-05,0.005421541631221771,20.301965281483717,17.06600263901055,3.2155132457701256
403,19.54942512512207,17.0714054107666,6.351994037628174,-0.0004290962824597955,-0.00540546840056777,-0.0001439074258087203,0.0054243821650743484,19.54899602883961,17.065999942366034,6.351850130202365
404,18.3150691986084,17.0714054107666,9.33199405670166,-0.00040357746183872223,-0.005409986712038517,-0.00021229615958873183,0.005429171025753021,18.31466562114656,17.065995424054563,9.331781760542071
405,16.629735946655273,17.0714054107666,12.082209587097168,-0.0003690567391458899,-0.005416241008788347,-0.0002767355472315103,0.005435848608613014,16.629366889916128,17.065989169757813,12.081932851549936
406,14.534921646118164,17.0714054107666,14.534921646118164,-0.0003260949160903692,-0.0054239132441580296,-0.000336023629643023,0.005444087088108063,14.534595551202074,17.065981497522444,14.534585622488521
407,12.082209587097168,17.0714054107666,16.629735946655273,-0.00027490800130181015,-0.0054323673248291016,-0.0003883811878040433,0.005453166551887989,12.081934679095866,17.065973043441772,16.62934756546747
408,9.33199405670166,17.0714054107666,18.3150691986084,-0.0002156835253117606,-0.005440711975097656,-0.00043103881762363017,0.005462019704282284,9.331778373176348,17.065964698791504,18.314638159790775
409,6.351994037628174,17.0714054107666,19.54942512512207,-0.0001493293821113184,-0.005448052193969488,-0.00046049209777265787,0.005469517782330513,6.3518447082460625,17.065957358572632,19.548964633024298
410,3.215585947036743,17.0714054107666,20.302410125732422,-7.809899398125708e-05,-0.005453869234770536,-0.00047372281551361084,0.0054749613627791405,3.215507848042762,17.06595154153183,20.30193640291691
411,0.0,17.0714054107666,20.555482864379883,-5.380462880566483e-06,-0.005458342842757702,-0.00046991807175800204,0.005478536244481802,-5.380462880566483e-06,17.065947067923844,20.555012946308125
412,-3.215585947036743,17.0714054107666,20.302410125732422,6.553062121383846e-05,-0.005462317261844873,-0.00045119496644474566,0.005481312051415443,-3.2155204164155293,17.065943093504757,20.301958930765977
413,-6.351994037628174,17.0714054107666,19.54942512512207,0.00013274021330289543,-0.00546693243086338,-0.00042165248305536807,0.005484775640070438,-6.351861297414871,17.065938478335738,19.549003472639015
414,-9.33199405670166,17.0714054107666,18.3150691986084,0.00019627837173175067,-0.005473261699080467,-0.0003857580595649779,0.005490348674356937,-9.331797778329928,17.06593214906752,18.314683440548833
415,-12.082209587097168,17.0714054107666,16.629735946655273,0.00025702276616357267,-0.005481724627315998,-0.00034587029949761927,0.005498635582625866,-12.081952564331004,17.065923686139286,16.629390076355776
416,-14.534921646118164,17.0714054107666,14.534921646118164,0.00031521241180598736,-0.005491982214152813,-0.0003018791030626744,0.005509297363460064,-14.534606433706358,17.06591342855245,14.534619767015101
417,-16.629735946655273,17.0714054107666,12.082209587097168,0.0003711970057338476,-0.00550373550504446,-0.00025367256603203714,0.005522068589925766,-16.62936474964954,17.065901675261557,12.081955914531136
418,-18.3150691986084,17.0714054107666,9.33199405670166,0.0004243075381964445,-0.0055163209326565266,-0.00020044871780555695,0.00553624564781785,-18.314644891070202,17.065889089833945,9.331793607983855
419,-19.54942512512207,17.0714054107666,6.351994037628174,0.0004700831195805222,-0.005527901463210583,-0.00014020325033925474,0.0055496240966022015,-19.54895504200249,17.06587750930339,6.351853834377835
420,-20.302410125732422,17.0714054107666,3.215585947036743,0.0005017166258767247,-0.005536150187253952,-7.251970237120986e-05,0.005559311248362064,-20.301908409106545,17.065869260579348,3.215513427334372
421,-20.555482864379883,17.0714054107666,0.0,0.000513122824486345,-0.005539159756153822,-1.427952327174459e-19,0.005562875885516405,-20.554969741555396,17.065866251010448,-1.427952327174459e-19
422,-20.302410125732422,17.0714054107666,-3.215585947036743,0.0005017166258767247,-0.005536150187253952,7.251970237120986e-05,0.005559311248362064,-20.301908409106545,17.065869260579348,-3.215513427334372
423,-19.54942512512207,17.0714054107666,-6.351994037628174,0.0004700831195805222,-0.005527901463210583,0.00014020325033925474,0.0055496240966022015,-19.54895504200249,17.06587750930339,-6.351853834377835
424,-18.3150691986084,17.0714054107666,-9.33199405670166,0.0004243075381964445,-0.0055163209326565266,0.00020044871780555695,0.00553624564781785,-18.314644891070202,17.065889089833945,-9.331793607983855
425,-16.629735946655273,17.0714054107666,-12.082209587097168,0.0003711970057338476,-0.00550373550504446,0.00025367256603203714,0.005522068589925766,-16.62936474964954,17.065901675261557,-12.081955914531136
426,-14.534921646118164,17.0714054107666,-14.534921646118164,0.00031521241180598736,-0.005491982214152813,0.0003018791030626744,0.005509297363460064,-14.534606433706358,17.06591342855245,-14.534619767015101
427,-12.082209587097168,17.0714054107666,-16.629735946655273,0.00025702276616357267,-0.005481724627315998,0.00034587029949761927,0.005498635582625866,-12.081952564331004,17.065923686139286,-16.629390076355776
428,-9.33199405670166,17.0714054107666,-18.3150691986084,0.00019627837173175067,-0.005473261699080467,0.0003857580595649779,0.005490348674356937,-9.331797778329928,17.06593214906752,-18.314683440548833
429,-6.351994037628174,17.0714054107666,-19.54942512512207,0.00013274021330289543,-0.00546693243086338,0.00042165248305536807,0.005484775640070438,-6.351861297414871,17.065938478335738,-19.549003472639015
430,-3.215585947036743,17.0714054107666,-20.302410125732422,6.553062121383846e-05,-0.005462317261844873,0.00045119496644474566,0.005481312051415443,-3.2155204164155293,17.065943093504757,-20.301958930765977
431,-0.0,17.0714054107666,-20.555482864379883,-5.380462880566483e-06,-0.005458342842757702,0.00046991807175800204,0.005478536244481802,-5.380462880566483e-06,17.065947067923844,-20.555012946308125
432,3.215585947036743,17.0714054107666,-20.302410125732422,-7.809899398125708e-05,-0.005453869234770536,0.00047372281551361084,0.0054749613627791405,3.215507848042762,17.06595154153183,-20.30193640291691
433,6.351994037628174,17.0714054107666,-19.54942512512207,-0.0001493293821113184,-0.005448052193969488,0.00046049209777265787,0.005469517782330513,6.3518447082460625,17.065957358572632,-19.548964633024298
434,9.33199405670166,17.0714054107666,-18.3150691986084,-0.0002156835253117606,-0.005440711975097656,0.00043103881762363017,0.005462019704282284,9.331778373176348,17.065964698791504,-18.314638159790775
435,12.082209587097168,17.0714054107666,-16.629735946655273,-0.00027490800130181015,-0.0054323673248291016,0.0003883811878040433,0.005453166551887989,12.081934679095866,17.065973043441772,-16.62934756546747
436,14.534921646118164,17.0714054107666,-14.534921646118164,-0.0003260949160903692,-0.0054239132441580296,0.000336023629643023,0.005444087088108063,14.534595551202074,17.065981497522444,-14.534585622488521
437,16.629735946655273,17.0714054107666,-12.082209587097168,-0.0003690567391458899,-0.005416241008788347,0.0002767355472315103,0.005435848608613014,16.629366889916128,17.065989169757813,-12.081932851549936
438,18.3150691986084,17.0714054107666,-9.33199405670166,-0.00040357746183872223,-0.005409986712038517,0.00021229615958873183,0.005429171025753021,18.31466562114656,17.065995424054563,-9.331781760542071
439,19.54942512512207,17.0714054107666,-6.351994037628174,-0.0004290962824597955,-0.00540546840056777,0.0001439074258087203,0.0054243821650743484,19.54899602883961,17.065999942366034,-6.351850130202365
440,20.302410125732422,17.0714054107666,-3.215585947036743,-0.00044484424870461226,-0.005402771756052971,7.270126661751419e-05,0.005421541631221771,20.301965281483717,17.06600263901055,-3.2155132457701256
441,20.237306594848633,19.076425552368164,0.0,-0.00036470816121436656,-0.00541634950786829,-5.535536603174903e-19,0.005428614094853401,20.23694188668742,19.071009202860296,-5.535536603174903e-19
442,19.98815155029297,19.076425552368164,3.1658120155334473,-0.0003604554513003677,-0.005417210515588522,-5.9129077271791175e-05,0.005429511424154043,19.98779109484167,19.071008341852576,3.1657528864561755
443,19.246822357177734,19.076425552368164,6.253672122955322,-0.00034785192110575736,-0.005419800523668528,-0.00011707850353559479,0.00543221365660429,19.24647450525663,19.071005751844496,6.253555044451787
444,18.031572341918945,19.076425552368164,9.187544822692871,-0.0003273320908192545,-0.005424115806818008,-0.000172776315594092,0.0054367296397686005,18.031245009828126,19.071001436561346,9.187372046377277
445,16.372325897216797,19.076425552368164,11.895191192626953,-0.00029948880546726286,-0.005430059041827917,-0.00022531031572725624,0.005442976951599121,16.37202640841133,19.070995493326336,11.894965882311226
446,14.3099365234375,19.076425552368164,14.3099365234375,-0.00026485128910280764,-0.005437335465103388,-0.00027381180552765727,0.00545066362246871,14.309671672148397,19.07098821690306,14.309662711631972
447,11.895191192626953,19.076425552368164,16.372325897216797,-0.0002236764266854152,-0.005445376038551331,-0.0003170759591739625,0.00545918382704258,11.894967516200268,19.070980176329613,16.372008821257623
448,9.187544822692871,19.076425552368164,18.031572341918945,-0.00017603885498829186,-0.005453370977193117,-0.0003530530375428498,0.005467622075229883,9.187368783837883,19.07097218139097,18.031219288881402
449,6.253672122955322,19.076425552368164,19.246822357177734,-0.0001223974395543337,-0.0054604671895504,-0.0003787169116549194,0.005474952980875969,6.253549725515768,19.070965085178614,19.24644364026608
450,3.1658120155334473,19.076425552368164,19.98815155029297,-6.435284740291536e-05,-0.005466115660965443,-0.00039088891935534775,0.005480451975017786,3.1657476626860444,19.0709594367072,19.987760661373613
451,0.0,19.076425552368164,20.237306594848633,-4.8114588935277425e-06,-0.005470399744808674,-0.0003880074364133179,0.005484145134687424,-4.8114588935277425e-06,19.070955152623355,20.23691858741222
452,-3.1658120155334473,19.076425552368164,19.98815155029297,5.303895159158856e-05,-0.0054740882478654385,-0.0003714537597261369,0.005486933048814535,-3.1657589765818557,19.0709514641203,19.987780096533243
453,-6.253672122955322,19.076425552368164,19.246822357177734,0.00010725916945375502,-0.005478326231241226,-0.0003451782395131886,0.005490237846970558,-6.2535648637858685,19.070947226136923,19.24647717893822
454,-9.187544822692871,19.076425552368164,18.031572341918945,0.00015802236157469451,-0.005484199617058039,-0.000313999829813838,0.005495453719049692,-9.187386800331296,19.070941352751106,18.03125834208913
455,-11.895191192626953,19.076425552368164,16.372325897216797,0.00020670233061537147,-0.005492225289344788,-0.0002806023112498224,0.005503271706402302,-11.894984490296338,19.07093332707882,16.372045294905547
456,-14.3099365234375,19.076425552368164,14.3099365234375,0.00025398435536772013,-0.005502248182892799,-0.00024488268536515534,0.005513547919690609,-14.309682539082132,19.07092330418527,14.309691640752135
457,-16.372325897216797,19.076425552368164,11.895191192626953,0.00030032903305254877,-0.005513882730156183,-0.00020644905453082174,0.005525914020836353,-16.372025568183744,19.070911669638008,11.894984743572422
458,-18.031572341918945,19.076425552368164,9.187544822692871,0.0003451557131484151,-0.005526264198124409,-0.0001640244881855324,0.00553946103900671,-18.031227186205797,19.07089928817004,9.187380798204686
459,-19.246822357177734,19.076425552368164,6.253672122955322,0.000384249520720914,-0.005537595134228468,-0.00011532934877322987,0.005552108399569988,-19.246438107657013,19.070887957233936,6.253556793606549
460,-19.98815155029297,19.076425552368164,3.1658120155334473,0.0004113628820050508,-0.005545646883547306,-5.986758696963079e-05,0.005561205092817545,-19.987740187410964,19.070879905484617,3.1657521479464776
461,-20.237306594848633,19.076425552368164,0.0,0.00042114430107176304,-0.005548577290028334,-9.139870139858738e-20,0.005564536899328232,-20.23688545054756,19.070876975078136,-9.139870139858738e-20
462,-19.98815155029297,19.076425552368164,-3.1658120155334473,0.0004113628820050508,-0.005545646883547306,5.986758696963079e-05,0.005561205092817545,-19.987740187410964,19.070879905484617,-3.1657521479464776
463,-19.246822357177734,19.076425552368164,-6.253672122955322,0.000384249520720914,-0.005537595134228468,0.00011532934877322987,0.005552108399569988,-19.246438107657013,19.070887957233936,-6.253556793606549
464,-18.031572341918945,19.076425552368164,-9.187544822692871,0.0003451557131484151,-0.005526264198124409,0.0001640244881855324,0.00553946103900671,-18.031227186205797,19.07089928817004,-9.187380798204686
465,-16.372325897216797,19.076425552368164,-11.895191192626953,0.00030032903305254877,-0.005513882730156183,0.00020644905453082174,0.005525914020836353,-16.372025568183744,19.070911669638008,-11.894984743572422
466,-14.3099365234375,19.076425552368164,-14.3099365234375,0.00025398435536772013,-0.005502248182892799,0.00024488268536515534,0.005513547919690609,-14.309682539082132,19.07092330418527,-14.309691640752135
467,-11.895191192626953,19.076425552368164,-16.372325897216797,0.00020670233061537147,-0.005492225289344788,0.0002806023112498224,0.005503271706402302,-11.894984490296338,19.07093332707882,-16.372045294905547
468,-9.187544822692871,19.076425552368164,-18.031572341918945,0.00015802236157469451,-0.005484199617058039,0.000313999829813838,0.005495453719049692,-9.187386800331296,19.070941352751106,-18.03125834208913
469,-6.253672122955322,19.076425552368164,-19.246822357177734,0.00010725916945375502,-0.005478326231241226,0.0003451782395131886,0.005490237846970558,-6.2535648637858685,19.070947226136923,-19.24647717893822
470,-3.1658120155334473,19.076425552368164,-19.98815155029297,5.303895159158856e-05,-0.0054740882478654385,0.0003714537597261369,0.005486933048814535,-3.1657589765818557,19.0709514641203,-19.987780096533243
471,-0.0,19.076425552368164,-20.237306594848633,-4.8114588935277425e-06,-0.005470399744808674,0.0003880074364133179,0.005484145134687424,-4.8114588935277425e-06,19.070955152623355,-20.23691858741222
472,3.1658120155334473,19.076425552368164,-19.98815155029297,-6.435284740291536e-05,-0.005466115660965443,0.00039088891935534775,0.005480451975017786,3.1657476626860444,19.0709594367072,-19.987760661373613
473,6.253672122955322,19.076425552368164,-19.246822357177734,-0.0001223974395543337,-0.0054604671895504,0.0003787169116549194,0.005474952980875969,6.253549725515768,19.070965085178614,-19.24644364026608
474,9.187544822692871,19.076425552368164,-18.031572341918945,-0.00017603885498829186,-0.005453370977193117,0.0003530530375428498,0.005467622075229883,9.187368783837883,19.07097218139097,-18.031219288881402
475,11.895191192626953,19.076425552368164,-16.372325897216797,-0.0002236764266854152,-0.005445376038551331,0.0003170759591739625,0.00545918382704258,11.894967516200268,19.070980176329613,-16.372008821257623
476,14.3099365234375,19.076425552368164,-14.3099365234375,-0.00026485128910280764,-0.005437335465103388,0.00027381180552765727,0.00545066362246871,14.309671672148397,19.07098821690306,-14.309662711631972
477,16.372325897216797,19.076425552368164,-11.895191192626953,-0.00029948880546726286,-0.005430059041827917,0.00022531031572725624,0.005442976951599121,16.37202640841133,19.070995493326336,-11.894965882311226
478,18.031572341918945,19.076425552368164,-9.187544822692871,-0.0003273320908192545,-0.005424115806818008,0.000172776315594092,0.0054367296397686005,18.031245009828126,19.071001436561346,-9.187372046377277
479,19.246822357177734,19.076425552368164,-6.253672122955322,-0.00034785192110575736,-0.005419800523668528,0.00011707850353559479,0.00543221365660429,19.24647450525663,19.071005751844496,-6.253555044451787
480,19.98815155029297,19.076425552368164,-3.1658120155334473,-0.0003604554513003677,-0.005417210515588522,5.9129077271791175e-05,0.005429511424154043,19.98779109484167,19.071008341852576,-3.1657528864561755
481,19.919130325317383,21.081445693969727,0.0,-0.0002946463937405497,-0.005431426223367453,-1.0821584547611303e-19,0.00543941231444478,19.918835678923642,21.07601426774636,-1.0821584547611303e-19
482,19.67389488220215,21.081445693969727,3.1160390377044678,-0.0002913200587499887,-0.005432263948023319,-4.8026780859800056e-05,0.005440281704068184,19.6736035621434,21.076013430021703,3.115991010923608
483,18.9442195892334,21.081445693969727,6.155350208282471,-0.0002813831379171461,-0.005434771068394184,-9.516208956483752e-05,0.005442882422357798,18.94393820609548,21.076010922901332,6.155255046192906
484,17.748075485229492,21.081445693969727,9.043095588684082,-0.00026498723309487104,-0.005438909400254488,-0.00014052250480744988,0.0054471734911203384,17.747810497996397,21.076006784569472,9.042955066179275
485,16.11491584777832,21.081445693969727,11.708171844482422,-0.0002424381673336029,-0.005444548092782497,-0.00018326955614611506,0.005453024059534073,16.114673409610987,21.076001145876944,11.707988574926276
486,14.084953308105469,21.081445693969727,14.084953308105469,-0.00021416049276012927,-0.005451389122754335,-0.00022262429411057383,0.005460134707391262,14.084739147612709,21.075994304846972,14.084730683811358
487,11.708171844482422,21.081445693969727,16.11491584777832,-0.00018055387772619724,-0.00545891560614109,-0.00025771380751393735,0.005467977374792099,11.707991290604696,21.075986778363585,16.114658133970806
488,9.043095588684082,21.081445693969727,17.748075485229492,-0.00014191567606758326,-0.00546642579138279,-0.0002872119948733598,0.005475805141031742,9.042953673008014,21.075979268178344,17.74778827323462
489,6.155350208282471,21.081445693969727,18.9442195892334,-9.866795153357089e-05,-0.00547318859025836,-0.0003090225509367883,0.005482793319970369,6.155251540330937,21.075972505379468,18.94391056668246
490,3.1160390377044678,21.081445693969727,19.67389488220215,-5.188616705709137e-05,-0.005478715989738703,-0.00032055258634500206,0.005488330963999033,3.1159871515374107,21.075966977979988,19.673574329615803
491,0.0,21.081445693969727,19.919130325317383,-3.647582616395084e-06,-0.005483036860823631,-0.00031994175515137613,0.005492364522069693,-3.647582616395084e-06,21.075962657108903,19.91881038356223
492,-3.1160390377044678,21.081445693969727,19.67389488220215,4.347366120782681e-05,-0.005486783105880022,-0.00030746107222512364,0.0054955631494522095,-3.11599556404326,21.075958910863847,19.673587421129923
493,-6.155350208282471,21.081445693969727,18.9442195892334,8.76373378559947e-05,-0.005490974988788366,-0.00028592359740287066,0.005499112419784069,-6.155262570944615,21.075954718980938,18.943933665635996
494,-9.043095588684082,21.081445693969727,17.748075485229492,0.0001288472267333418,-0.005496619269251823,-0.00025970954447984695,0.005504259839653969,-9.042966741457349,21.075949074700475,17.747815775685012
495,-11.708171844482422,21.081445693969727,16.11491584777832,0.00016833533300086856,-0.005504309199750423,-0.000231764221098274,0.005511757452040911,-11.708003509149421,21.075941384769976,16.114684083557222
496,-14.084953308105469,21.081445693969727,14.084953308105469,0.00020680563466157764,-0.005514068063348532,-0.0002022220432991162,0.005521649029105902,-14.084746502470807,21.075931625906378,14.08475108606217
497,-16.11491584777832,21.081445693969727,11.708171844482422,0.00024453381774947047,-0.005525402259081602,-0.00017046988068614155,0.005533437244594097,-16.11467131396057,21.075920291710645,11.708001374601736
498,-17.748075485229492,21.081445693969727,9.043095588684082,0.0002805146505124867,-0.0055372328497469425,-0.00013523874804377556,0.005545982625335455,-17.74779497057898,21.07590846111998,9.042960349936038
499,-18.9442195892334,21.081445693969727,6.155350208282471,0.0003109582175966352,-0.005547852721065283,-9.476044215261936e-05,0.005557368043810129,-18.943908631015802,21.07589784124866,6.155255447840318
500,-19.67389488220215,21.081445693969727,3.1160390377044678,0.0003313741472084075,-0.005555299110710621,-4.8992063966579735e-05,0.005565389525145292,-19.67356350805494,21.075890394859016,3.115990045640501
501,-19.919130325317383,21.081445693969727,0.0,0.0003385888412594795,-0.005557986907660961,2.0342742944591505e-19,0.0055682905949652195,-19.918791736476123,21.075887707062066,2.0342742944591505e-19
502,-19.67389488220215,21.081445693969727,-3.1160390377044678,0.0003313741472084075,-0.005555299110710621,4.8992063966579735e-05,0.005565389525145292,-19.67356350805494,21.075890394859016,-3.115990045640501
503,-18.9442195892334,21.081445693969727,-6.155350208282471,0.0003109582175966352,-0.005547852721065283,9.476044215261936e-05,0.005557368043810129,-18.943908631015802,21.07589784124866,-6.155255447840318
504,-17.748075485229492,21.081445693969727,-9.043095588684082,0.0002805146505124867,-0.0055372328497469425,0.00013523874804377556,0.005545982625335455,-17.74779497057898,21.07590846111998,-9.042960349936038
505,-16.11491584777832,21.081445693969727,-11.708171844482422,0.00024453381774947047,-0.005525402259081602,0.00017046988068614155,0.005533437244594097,-16.11467131396057,21.075920291710645,-11.708001374601736
506,-14.084953308105469,21.081445693969727,-14.084953308105469,0.00020680563466157764,-0.005514068063348532,0.0002022220432991162,0.005521649029105902,-14.084746502470807,21.075931625906378,-14.08475108606217
507,-11.708171844482422,21.081445693969727,-16.11491584777832,0.00016833533300086856,-0.005504309199750423,0.000231764221098274,0.005511757452040911,-11.708003509149421,21.075941384769976,-16.114684083557222
508,-9.043095588684082,21.081445693969727,-17.748075485229492,0.0001288472267333418,-0.005496619269251823,0.00025970954447984695,0.005504259839653969,-9.042966741457349,21.075949074700475,-17.747815775685012
509,-6.155350208282471,21.081445693969727,-18.9442195892334,8.76373378559947e-05,-0.005490974988788366,0.00028592359740287066,0.005499112419784069,-6.155262570944615,21.075954718980938,-18.943933665635996
510,-3.1160390377044678,21.081445693969727,-19.67389488220215,4.347366120782681e-05,-0.005486783105880022,0.00030746107222512364,0.0054955631494522095,-3.11599556404326,21.075958910863847,-19.673587421129923
511,-0.0,21.081445693969727,-19.919130325317383,-3.647582616395084e-06,-0.005483036860823631,0.00031994175515137613,0.005492364522069693,-3.647582616395084e-06,21.075962657108903,-19.91881038356223
512,3.1160390377044678,21.081445693969727,-19.67389488220215,-5.188616705709137e-05,-0.005478715989738703,0.00032055258634500206,0.005488330963999033,3.1159871515374107,21.075966977979988,-19.673574329615803
513,6.155350208282471,21.081445693969727,-18.9442195892334,-9.866795153357089e-05,-0.00547318859025836,0.0003090225509367883,0.005482793319970369,6.155251540330937,21.075972505379468,-18.94391056668246
514,9.043095588684082,21.081445693969727,-17.748075485229492,-0.00014191567606758326,-0.00546642579138279,0.0002872119948733598,0.005475805141031742,9.042953673008014,21.075979268178344,-17.74778827323462
515,11.708171844482422,21.081445693969727,-16.11491584777832,-0.00018055387772619724,-0.00545891560614109,0.00025771380751393735,0.005467977374792099,11.707991290604696,21.075986778363585,-16.114658133970806
516,14.084953308105469,21.081445693969727,-14.084953308105469,-0.00021416049276012927,-0.005451389122754335,0.00022262429411057383,0.005460134707391262,14.084739147612709,21.075994304846972,-14.084730683811358
517,16.11491584777832,21.081445693969727,-11.708171844482422,-0.0002424381673336029,-0.005444548092782497,0.00018326955614611506,0.005453024059534073,16.114673409610987,21.076001145876944,-11.707988574926276
518,17.748075485229492,21.081445693969727,-9.043095588684082,-0.00026498723309487104,-0.005438909400254488,0.00014052250480744988,0.0054471734911203384,17.747810497996397,21.076006784569472,-9.042955066179275
519,18.9442195892334,21.081445693969727,-6.155350208282471,-0.0002813831379171461,-0.005434771068394184,9.516208956483752e-05,0.005442882422357798,18.94393820609548,21.076010922901332,-6.155255046192906
520,19.67389488220215,21.081445693969727,-3.1160390377044678,-0.0002913200587499887,-0.005432263948023319,4.8026780859800056e-05,0.005440281704068184,19.6736035621434,21.076013430021703,-3.115991010923608
521,20.09393882751465,23.09049415588379,0.0,-0.0002270201366627589,-0.005461248103529215,-5.472188009938295e-19,0.005465964321047068,20.093711807377986,23.08503290778026,-5.472188009938295e-19
522,19.846548080444336,23.09049415588379,3.1433849334716797,-0.000224636634811759,-0.005462051369249821,-3.720223321579397e-05,0.005466795526444912,19.846323443809524,23.08503210451454,3.143347731238464
523,19.110471725463867,23.09049415588379,6.20936918258667,-0.00021740463853348047,-0.005464466288685799,-7.382672629319131e-05,0.005469287745654583,19.110254320825334,23.085029689595103,6.209295355860377
524,17.903831481933594,23.09049415588379,9.122456550598145,-0.0002051597402896732,-0.005468477960675955,-0.00010918449697783217,0.005473414435982704,17.903626322193304,23.085025677923113,9.122347366101167
525,16.256338119506836,23.09049415588379,11.810920715332031,-0.0001878402108559385,-0.005473988596349955,-0.00014246594219002873,0.005479062907397747,16.25615027929598,23.08502016728744,11.810778249389841
526,14.208560943603516,23.09049415588379,14.208560943603516,-0.00016565233818255365,-0.005480719264596701,-0.00017285678768530488,0.005485945846885443,14.208395291265333,23.085013436619192,14.20838808681583
527,11.810920715332031,23.09049415588379,16.256338119506836,-0.00013906977255828679,-0.005488138180226088,-0.00019966604304499924,0.005493529606610537,11.810781645559473,23.085006017703563,16.25613845346379
528,9.122456550598145,23.09049415588379,17.903831481933594,-0.0001086718839360401,-0.005495474673807621,-0.00022227634326554835,0.005501041654497385,9.122347878714208,23.08499868120998,17.903609205590328
529,6.20936918258667,23.09049415588379,19.110471725463867,-7.500164065277204e-05,-0.005501888692378998,-0.0002398368378635496,0.0055076247081160545,6.209294180946017,23.08499226719141,19.110231888626004
530,3.1433849334716797,23.09049415588379,19.846548080444336,-3.8696900446666405e-05,-0.0055068060755729675,-0.0002509218466002494,0.005512655712664127,3.143346236571233,23.084987349808216,19.846297158597736
531,0.0,23.09049415588379,20.09393882751465,-9.032484058479895e-07,-0.005510265938937664,-0.0002537775435484946,0.005516106728464365,-9.032484058479895e-07,23.08498388994485,20.0936850499711
532,-3.1433849334716797,23.09049415588379,19.846548080444336,3.657303022919223e-05,-0.005513055715709925,-0.0002473283384460956,0.005518721882253885,-3.1433483604414505,23.08498110016808,19.84630075210589
533,-6.20936918258667,23.09049415588379,19.110471725463867,7.189042662503198e-05,-0.00551642058417201,-0.0002324746164958924,0.005521785002201796,-6.209297292160045,23.084977735299617,19.11023925084737
534,-9.122456550598145,23.09049415588379,17.903831481933594,0.00010451323032611981,-0.005521475337445736,-0.0002125260652974248,0.005526552442461252,-9.122352037367818,23.084972680546343,17.903618955868296
535,-11.810920715332031,23.09049415588379,16.256338119506836,0.00013540303916670382,-0.0055288756266236305,-0.00019045961380470544,0.00553381210193038,-11.810785312292865,23.084965280257165,16.25614765989303
536,-14.208560943603516,23.09049415588379,14.208560943603516,0.00016514827439095825,-0.0055387686006724834,-0.00016667255840729922,0.005543736275285482,-14.208395795329125,23.084955387283117,14.208394271045108
537,-16.256338119506836,23.09049415588379,11.810920715332031,0.00019353054813109338,-0.005550626665353775,-0.00014055253996048123,0.005555777344852686,-16.256144588958705,23.084943529218435,11.81078016279207
538,-17.903831481933594,23.09049415588379,9.122456550598145,0.00021909533825237304,-0.0055632260628044605,-0.0001109160075429827,0.005568643566220999,-17.90361238659534,23.084930929820985,9.122345634590602
539,-19.110471725463867,23.09049415588379,6.20936918258667,0.00023873188183642924,-0.005574749317020178,-7.683785224799067e-05,0.0055803875438869,-19.11023299358203,23.08491940656677,6.209292344734422
540,-19.846548080444336,23.09049415588379,3.1433849334716797,0.0002504713775124401,-0.005582965910434723,-3.925929922843352e-05,0.005588719621300697,-19.846297609066823,23.084911189973354,3.1433456741724513
541,-20.09393882751465,23.09049415588379,0.0,0.0002543115697335452,-0.005585954990237951,-1.2976752581064785e-19,0.005591741297394037,-20.093684515944915,23.08490820089355,-1.2976752581064785e-19
542,-19.846548080444336,23.09049415588379,-3.1433849334716797,0.0002504713775124401,-0.005582965910434723,3.925929922843352e-05,0.005588719621300697,-19.846297609066823,23.084911189973354,-3.1433456741724513
543,-19.110471725463867,23.09049415588379,-6.20936918258667,0.00023873188183642924,-0.005574749317020178,7.683785224799067e-05,0.0055803875438869,-19.11023299358203,23.08491940656677,-6.209292344734422
544,-17.903831481933594,23.09049415588379,-9.122456550598145,0.00021909533825237304,-0.0055632260628044605,0.0001109160075429827,0.005568643566220999,-17.90361238659534,23.084930929820985,-9.122345634590602
545,-16.256338119506836,23.09049415588379,-11.810920715332031,0.00019353054813109338,-0.005550626665353775,0.00014055253996048123,0.005555777344852686,-16.256144588958705,23.084943529218435,-11.81078016279207
546,-14.208560943603516,23.09049415588379,-14.208560943603516,0.00016514827439095825,-0.0055387686006724834,0.00016667255840729922,0.005543736275285482,-14.208395795329125,23.084955387283117,-14.208394271045108
547,-11.810920715332031,23.09049415588379,-16.256338119506836,0.00013540303916670382,-0.0055288756266236305,0.00019045961380470544,0.00553381210193038,-11.810785312292865,23.084965280257165,-16.25614765989303
548,-9.122456550598145,23.09049415588379,-17.903831481933594,0.00010451323032611981,-0.005521475337445736,0.0002125260652974248,0.005526552442461252,-9.122352037367818,23.084972680546343,-17.903618955868296
549,-6.20936918258667,23.09049415588379,-19.110471725463867,7.189042662503198e-05,-0.00551642058417201,0.0002324746164958924,0.005521785002201796,-6.209297292160045,23.084977735299617,-19.11023925084737
550,-3.1433849334716797,23.09049415588379,-19.846548080444336,3.657303022919223e-05,-0.005513055715709925,0.0002473283384460956,0.005518721882253885,-3.1433483604414505,23.08498110016808,-19.84630075210589
551,-0.0,23.09049415588379,-20.09393882751465,-9.032484058479895e-07,-0.005510265938937664,0.0002537775435484946,0.005516106728464365,-9.032484058479895e-07,23.08498388994485,-20.0936850499711
552,3.1433849334716797,23.09049415588379,-19.846548080444336,-3.8696900446666405e-05,-0.0055068060755729675,0.0002509218466002494,0.005512655712664127,3.143346236571233,23.084987349808216,-19.846297158597736
553,6.20936918258667,23.09049415588379,-19.110471725463867,-7.500164065277204e-05,-0.005501888692378998,0.0002398368378635496,0.0055076247081160545,6.209294180946017,23.08499226719141,-19.110231888626004
554,9.122456550598145,23.09049415588379,-17.903831481933594,-0.0001086718839360401,-0.005495474673807621,0.00022227634326554835,0.005501041654497385,9.122347878714208,23.08499868120998,-17.903609205590328
555,11.810920715332031,23.09049415588379,-16.256338119506836,-0.00013906977255828679,-0.005488138180226088,0.00019966604304499924,0.005493529606610537,11.810781645559473,23.085006017703563,-16.25613845346379
556,14.208560943603516,23.09049415588379,-14.208560943603516,-0.00016565233818255365,-0.005480719264596701,0.00017285678768530488,0.005485945846885443,14.208395291265333,23.085013436619192,-14.20838808681583
557,16.256338119506836,23.09049415588379,-11.810920715332031,-0.0001878402108559385,-0.005473988596349955,0.00014246594219002873,0.005479062907397747,16.25615027929598,23.08502016728744,-11.810778249389841
558,17.903831481933594,23.09049415588379,-9.122456550598145,-0.0002051597402896732,-0.005468477960675955,0.00010918449697783217,0.005473414435982704,17.903626322193304,23.085025677923113,-9.122347366101167
559,19.110471725463867,23.09049415588379,-6.20936918258667,-0.00021740463853348047,-0.005464466288685799,7.382672629319131e-05,0.005469287745654583,19.110254320825334,23.085029689595103,-6.209295355860377
560,19.846548080444336,23.09049415588379,-3.1433849334716797,-0.000224636634811759,-0.005462051369249821,3.720223321579397e-05,0.005466795526444912,19.846323443809524,23.08503210451454,-3.143347731238464
561,20.268747329711914,25.099544525146484,0.0,-0.00016500300262123346,-0.00548885203897953,-6.294577695780992e-19,0.005491331685334444,20.268582326709293,25.094055673107505,-6.294577695780992e-19
562,20.01920509338379,25.099544525146484,3.1707310676574707,-0.0001634534273762256,-0.00548962689936161,-2.727244282141328e-05,0.005492127500474453,20.019041639956413,25.094054898247123,3.1707037952146493
563,19.276723861694336,25.099544525146484,6.263387203216553,-0.00015863004955463111,-0.005491962656378746,-5.42261877853889e-05,0.005494520999491215,19.27656523164478,25.094052562490106,6.263332977028767
564,18.059585571289062,25.099544525146484,9.201818466186523,-0.00015011828509159386,-0.005495866294950247,-8.034535130718723e-05,0.0054985033348202705,18.05943545300397,25.094048658851534,9.201738120835216
565,16.39776039123535,25.099544525146484,11.91366958618164,-0.0001375413266941905,-0.00550126563757658,-0.00010486205428605899,0.005503983702510595,16.397622849908657,25.094043259508908,11.913564724127355
566,14.332167625427246,25.099544525146484,14.332167625427246,-0.00012087260256521404,-0.005507903639227152,-0.000126926475786604,0.005510691553354263,14.33204675282468,25.094036621507257,14.33204069895146
567,11.91366958618164,25.099544525146484,16.39776039123535,-0.00010059140913654119,-0.005515242926776409,-0.00014594709500670433,0.005518090445548296,11.913568994772504,25.094029282219708,16.397614444140345
568,9.201818466186523,25.099544525146484,18.059585571289062,-7.752724923193455e-05,-0.00552245881408453,-0.0001618622336536646,0.005525374319404364,9.201740938937292,25.0940220663324,18.05942370905541
569,6.263387203216553,25.099544525146484,19.276723861694336,-5.244652493274771e-05,-0.00552861113101244,-0.00017497609951533377,0.005531628150492907,6.26333475669162,25.094015914015472,19.27654888559482
570,3.1707310676574707,25.099544525146484,20.01920509338379,-2.5754881789907813e-05,-0.005533015355467796,-0.00018524522602092475,0.005536175332963467,3.170705312775681,25.094011509791017,20.019019848157768
571,0.0,25.099544525146484,20.268747329711914,2.258738732052734e-06,-0.00553566450253129,-0.00019159015209879726,0.005538979545235634,2.258738732052734e-06,25.094008860643953,20.268555739559815
572,-3.1707310676574707,25.099544525146484,20.01920509338379,3.08042363030836e-05,-0.0055374461226165295,-0.00019206188153475523,0.005540861748158932,-3.1707002634211676,25.094007079023868,20.019013031502254
573,-6.263387203216553,25.099544525146484,19.276723861694336,5.844231782248244e-05,-0.0055398340336978436,-0.0001854300790000707,0.0055432445369660854,-6.26332876089873,25.094004691112787,19.276538431615336
574,-9.201818466186523,25.099544525146484,18.059585571289062,8.418343350058421e-05,-0.005544130224734545,-0.00017299993487540632,0.005547467619180679,-9.201734282753023,25.09400039492175,18.059412571354187
575,-11.91366958618164,25.099544525146484,16.39776039123535,0.00010801957250805572,-0.0055511523969471455,-0.00015692457964178175,0.005554420407861471,-11.913561566609133,25.093993372749537,16.39760346665571
576,-14.332167625427246,25.099544525146484,14.332167625427246,0.0001296536938752979,-0.005561234429478645,-0.00013773134560324252,0.005564450286328793,-14.33203797173337,25.093983290717006,14.332029894081643
577,-16.39776039123535,25.099544525146484,11.91366958618164,0.0001482886291341856,-0.005573777016252279,-0.00011532416829140857,0.005576941650360823,-16.397612102606217,25.093970748130232,11.91355426201335
578,-18.059585571289062,25.099544525146484,9.201818466186523,0.00016245277947746217,-0.005587311927229166,-8.953538781497627e-05,0.00559038994833827,-18.059423118509585,25.093957213219255,9.201728930798708
579,-19.276723861694336,25.099544525146484,6.263387203216553,0.00017047428991645575,-0.00559983542189002,-6.068409493309446e-05,0.005602757912129164,-19.27655338740442,25.093944689724594,6.26332651912162
580,-20.01920509338379,25.099544525146484,3.1707310676574707,0.00017326648230664432,-0.005608843173831701,-3.0397131922654808e-05,0.005611601285636425,-20.019031826901482,25.093935681972653,3.170700670525548
581,-20.268747329711914,25.099544525146484,0.0,0.0001737220009090379,-0.005612129811197519,-3.5091397823336424e-19,0.005614818073809147,-20.268573607711005,25.093932395335287,-3.5091397823336424e-19
582,-20.01920509338379,25.099544525146484,-3.1707310676574707,0.00017326648230664432,-0.005608843173831701,3.0397131922654808e-05,0.005611601285636425,-20.019031826901482,25.093935681972653,-3.170700670525548
583,-19.276723861694336,25.099544525146484,-6.263387203216553,0.00017047428991645575,-0.00559983542189002,6.068409493309446e-05,0.005602757912129164,-19.27655338740442,25.093944689724594,-6.26332651912162
584,-18.059585571289062,25.099544525146484,-9.201818466186523,0.00016245277947746217,-0.005587311927229166,8.953538781497627e-05,0.00559038994833827,-18.059423118509585,25.093957213219255,-9.201728930798708
585,-16.39776039123535,25.099544525146484,-11.91366958618164,0.0001482886291341856,-0.005573777016252279,0.00011532416829140857,0.005576941650360823,-16.397612102606217,25.093970748130232,-11.91355426201335
586,-14.332167625427246,25.099544525146484,-14.332167625427246,0.0001296536938752979,-0.005561234429478645,0.00013773134560324252,0.005564450286328793,-14.33203797173337,25.093983290717006,-14.332029894081643
587,-11.91366958618164,25.099544525146484,-16.39776039123535,0.00010801957250805572,-0.0055511523969471455,0.00015692457964178175,0.005554420407861471,-11.913561566609133,25.093993372749537,-16.39760346665571
588,-9.201818466186523,25.099544525146484,-18.059585571289062,8.418343350058421e-05,-0.005544130224734545,0.00017299993487540632,0.005547467619180679,-9.201734282753023,25.09400039492175,-18.059412571354187
589,-6.263387203216553,25.099544525146484,-19.276723861694336,5.844231782248244e-05,-0.0055398340336978436,0.0001854300790000707,0.0055432445369660854,-6.26332876089873,25.094004691112787,-19.276538431615336
590,-3.1707310676574707,25.099544525146484,-20.01920509338379,3.08042363030836e-05,-0.0055374461226165295,0.00019206188153475523,0.005540861748158932,-3.1707002634211676,25.094007079023868,-20.019013031502254
591,-0.0,25.099544525146484,-20.268747329711914,2.258738732052734e-06,-0.00553566450253129,0.00019159015209879726,0.005538979545235634,2.258738732052734e-06,25.094008860643953,-20.268555739559815
592,3.1707310676574707,25.099544525146484,-20.01920509338379,-2.5754881789907813e-05,-0.005533015355467796,0.00018524522602092475,0.005536175332963467,3.170705312775681,25.094011509791017,-20.019019848157768
593,6.263387203216553,25.099544525146484,-19.276723861694336,-5.244652493274771e-05,-0.00552861113101244,0.00017497609951533377,0.005531628150492907,6.26333475669162,25.094015914015472,-19.27654888559482
594,9.201818466186523,25.099544525146484,-18.059585571289062,-7.752724923193455e-05,-0.00552245881408453,0.0001618622336536646,0.005525374319404364,9.201740938937292,25.0940220663324,-18.05942370905541
595,11.91366958618164,25.099544525146484,-16.39776039123535,-0.00010059140913654119,-0.005515242926776409,0.00014594709500670433,0.005518090445548296,11.913568994772504,25.094029282219708,-16.397614444140345
596,14.332167625427246,25.099544525146484,-14.332167625427246,-0.00012087260256521404,-0.005507903639227152,0.000126926475786604,0.005510691553354263,14.33204675282468,25.094036621507257,-14.33204069895146
597,16.39776039123535,25.099544525146484,-11.91366958618164,-0.0001375413266941905,-0.00550126563757658,0.00010486205428605899,0.005503983702510595,16.397622849908657,25.094043259508908,-11.913564724127355
598,18.059585571289062,25.099544525146484,-9.201818466186523,-0.00015011828509159386,-0.005495866294950247,8.034535130718723e-05,0.0054985033348202705,18.05943545300397,25.094048658851534,-9.201738120835216
599,19.276723861694336,25.099544525146484,-6.263387203216553,-0.00015863004955463111,-0.005491962656378746,5.42261877853889e-05,0.005494520999491215,19.27656523164478,25.094052562490106,-6.263332977028767
600,20.01920509338379,25.099544525146484,-3.1707310676574707,-0.0001634534273762256,-0.00548962689936161,2.727244282141328e-05,0.005492127500474453,20.019041639956413,25.094054898247123,-3.1707037952146493
601,20.940584182739258,27.080230712890625,0.0,-9.268397116102278e-05,-0.005535592790693045,-1.00057431595397e-18,0.005536368582397699,20.940491498768097,27.074695120099932,-1.00057431595397e-18
602,20.682771682739258,27.080230712890625,3.2758290767669678,-9.205625246977434e-05,-0.005536351352930069,-1.5582443666062318e-05,0.005537138320505619,20.682679626486788,27.074694361537695,3.2758134943233017
603,19.915679931640625,27.080230712890625,6.470995903015137,-8.992708171717823e-05,-0.005538652651011944,-3.115899380645715e-05,0.005539470352232456,19.915590004558908,27.074692060239613,6.47096474402133
604,18.6581974029541,27.080230712890625,9.506826400756836,-8.568624616600573e-05,-0.005542541388422251,-4.645912486012094e-05,0.005543398205190897,18.658111716707936,27.074688171502203,9.506779941631976
605,16.941287994384766,27.080230712890625,12.308566093444824,-7.870217086747289e-05,-0.005548000335693359,-6.085298446123488e-05,0.005548892542719841,16.941209292213898,27.07468271255493,12.308505240460363
606,14.807229042053223,27.080230712890625,14.807229042053223,-6.874012615298852e-05,-0.005554813425987959,-7.354935951298103e-05,0.005555725656449795,14.80716030192707,27.074675899464637,14.80715549269371
607,12.308566093444824,27.080230712890625,16.941287994384766,-5.6216504162875935e-05,-0.0055624269880354404,-8.407122368225828e-05,0.005563346669077873,12.308509876940661,27.07466828590259,16.941203923161083
608,9.506826400756836,27.080230712890625,18.6581974029541,-4.205603909213096e-05,-0.005569885950535536,-9.275647607864812e-05,0.005570816807448864,9.506784344717744,27.07466082694009,18.658104646478023
609,6.470995903015137,27.080230712890625,19.915679931640625,-2.7107957066618837e-05,-0.005575970280915499,-0.00010079812636831775,0.00557694723829627,6.47096879505807,27.07465474260971,19.915579133514257
610,3.2758290767669678,27.080230712890625,20.682771682739258,-1.152581626229221e-05,-0.005579596385359764,-0.00010947221744572744,0.005580682307481766,3.2758175509507055,27.074651116505265,20.682662210521812
611,0.0,27.080230712890625,20.940584182739258,5.251958555163583e-06,-0.005580406170338392,-0.0001188484238809906,0.005581674166023731,5.251958555163583e-06,27.074650306720287,20.940465334315377
612,-3.2758290767669678,27.080230712890625,20.682771682739258,2.3658574718865566e-05,-0.005579331889748573,-0.00012683433305937797,0.00558082340285182,-3.275805418192249,27.074651381000876,20.6826448484062
613,-6.470995903015137,27.080230712890625,19.915679931640625,4.28998246206902e-05,-0.005578521639108658,-0.00013017089804634452,0.005580205004662275,-6.470953003190516,27.074652191251516,19.91554976074258
614,-9.506826400756836,27.080230712890625,18.6581974029541,6.130634574219584e-05,-0.005580258090049028,-0.00012736523058265448,0.005582048092037439,-9.506765094411094,27.074650454800576,18.65807003772352
615,-12.308566093444824,27.080230712890625,16.941287994384766,7.744115282548591e-05,-0.005586239509284496,-0.00011870720481965691,0.005588036961853504,-12.308488652291999,27.07464447338134,16.941169287179946
616,-14.807229042053223,27.080230712890625,14.807229042053223,8.965958841145039e-05,-0.005597303155809641,-0.00010446432861499488,0.005598996300250292,-14.807139382464811,27.074633409734815,14.807124577724608
617,-16.941287994384766,27.080230712890625,12.308566093444824,9.658496855990961e-05,-0.005612586159259081,-8.567293843952939e-05,0.005614071153104305,-16.941191409416206,27.074618126731366,12.308480420506385
618,-18.6581974029541,27.080230712890625,9.506826400756836,9.760992543306202e-05,-0.0056297569535672665,-6.392710929503664e-05,0.005630965810269117,-18.65809979302867,27.074600955937058,9.506762473647541
619,-19.915679931640625,27.080230712890625,6.470995903015137,9.330397006124258e-05,-0.005645813886076212,-4.121924575883895e-05,0.005646734964102507,-19.915586627670564,27.07458489900455,6.470954683769378
620,-20.682771682739258,27.080230712890625,3.2758290767669678,8.738278120290488e-05,-0.005657314322888851,-1.978436739591416e-05,0.005658023990690708,-20.682684299958055,27.074573398567736,3.275809292399572
621,-20.940584182739258,27.080230712890625,0.0,8.472949411952868e-05,-0.005661478731781244,-7.119575197751733e-20,0.005662112962454557,-20.94049945324514,27.074569234158844,-7.119575197751733e-20
622,-20.682771682739258,27.080230712890625,-3.2758290767669678,8.738278120290488e-05,-0.005657314322888851,1.978436739591416e-05,0.005658023990690708,-20.682684299958055,27.074573398567736,-3.275809292399572
623,-19.915679931640625,27.080230712890625,-6.470995903015137,9.330397006124258e-05,-0.005645813886076212,4.121924575883895e-05,0.005646734964102507,-19.915586627670564,27.07458489900455,-6.470954683769378
624,-18.6581974029541,27.080230712890625,-9.506826400756836,9.760992543306202e-05,-0.0056297569535672665,6.392710929503664e-05,0.005630965810269117,-18.65809979302867,27.074600955937058,-9.506762473647541
625,-16.941287994384766,27.080230712890625,-12.308566093444824,9.658496855990961e-05,-0.005612586159259081,8.567293843952939e-05,0.005614071153104305,-16.941191409416206,27.074618126731366,-12.308480420506385
626,-14.807229042053223,27.080230712890625,-14.807229042053223,8.965958841145039e-05,-0.005597303155809641,0.00010446432861499488,0.005598996300250292,-14.807139382464811,27.074633409734815,-14.807124577724608
627,-12.308566093444824,27.080230712890625,-16.941287994384766,7.744115282548591e-05,-0.005586239509284496,0.00011870720481965691,0.005588036961853504,-12.308488652291999,27.07464447338134,-16.941169287179946
628,-9.506826400756836,27.080230712890625,-18.6581974029541,6.130634574219584e-05,-0.005580258090049028,0.00012736523058265448,0.005582048092037439,-9.506765094411094,27.074650454800576,-18.65807003772352
629,-6.470995903015137,27.080230712890625,-19.915679931640625,4.28998246206902e-05,-0.005578521639108658,0.00013017089804634452,0.005580205004662275,-6.470953003190516,27.074652191251516,-19.91554976074258
630,-3.2758290767669678,27.080230712890625,-20.682771682739258,2.3658574718865566e-05,-0.005579331889748573,0.00012683433305937797,0.00558082340285182,-3.275805418192249,27.074651381000876,-20.6826448484062
631,-0.0,27.080230712890625,-20.940584182739258,5.251958555163583e-06,-0.005580406170338392,0.0001188484238809906,0.005581674166023731,5.251958555163583e-06,27.074650306720287,-20.940465334315377
632,3.2758290767669678,27.080230712890625,-20.682771682739258,-1.152581626229221e-05,-0.005579596385359764,0.00010947221744572744,0.005580682307481766,3.2758175509507055,27.074651116505265,-20.682662210521812
633,6.470995903015137,27.080230712890625,-19.915679931640625,-2.7107957066618837e-05,-0.005575970280915499,0.00010079812636831775,0.00557694723829627,6.47096879505807,27.07465474260971,-19.915579133514257
634,9.506826400756836,27.080230712890625,-18.6581974029541,-4.205603909213096e-05,-0.005569885950535536,9.275647607864812e-05,0.005570816807448864,9.506784344717744,27.07466082694009,-18.658104646478023
635,12.308566093444824,27.080230712890625,-16.941287994384766,-5.6216504162875935e-05,-0.0055624269880354404,8.407122368225828e-05,0.005563346669077873,12.308509876940661,27.07466828590259,-16.941203923161083
636,14.807229042053223,27.080230712890625,-14.807229042053223,-6.874012615298852e-05,-0.005554813425987959,7.354935951298103e-05,0.005555725656449795,14.80716030192707,27.074675899464637,-14.80715549269371
637,16.941287994384766,27.080230712890625,-12.308566093444824,-7.870217086747289e-05,-0.005548000335693359,6.085298446123488e-05,0.005548892542719841,16.941209292213898,27.07468271255493,-12.308505240460363
638,18.6581974029541,27.080230712890625,-9.506826400756836,-8.568624616600573e-05,-0.005542541388422251,4.645912486012094e-05,0.005543398205190897,18.658111716707936,27.074688171502203,-9.506779941631976
639,19.915679931640625,27.080230712890625,-6.470995903015137,-8.992708171717823e-05,-0.005538652651011944,3.115899380645715e-05,0.005539470352232456,19.915590004558908,27.074692060239613,-6.47096474402133
640,20.682771682739258,27.080230712890625,-3.2758290767669678,-9.205625246977434e-05,-0.005536351352930069,1.5582443666062318e-05,0.005537138320505619,20.682679626486788,27.074694361537695,-3.2758134943233017
641,21.6124210357666,29.060916900634766,0.0,-1.5502180758630857e-05,-0.005582059733569622,-1.0484771724075283e-18,0.005582081153988838,21.612405533585843,29.055334840901196,-1.0484771724075283e-18
642,21.346336364746094,29.060916900634766,3.3809280395507812,-1.576304748596158e-05,-0.005582837853580713,-3.0906569463695632e-06,0.005582861136645079,21.346320601698608,29.055334062781185,3.380924948893835
643,20.55463409423828,29.060916900634766,6.678605079650879,-1.6279807823593728e-05,-0.005585196893662214,-6.427635526051745e-06,0.0055852243676781654,20.554617814430458,29.055331703741103,6.678598652015353
644,19.256807327270508,29.060916900634766,9.811834335327148,-1.638530557102058e-05,-0.005589181557297707,-9.991831575462129e-06,0.005589214153587818,19.256790941964937,29.055327719077468,9.811824343495573
645,17.48481559753418,29.060916900634766,12.703462600708008,-1.5360865290858783e-05,-0.005594765767455101,-1.3409471648628823e-05,0.005594802554696798,17.48480023666889,29.05532213486731,12.70344919123636
646,15.2822904586792,29.060916900634766,15.2822904586792,-1.2855034583481029e-05,-0.005601712968200445,-1.616279041627422e-05,0.005601751152426004,15.282277603644616,29.055315187666565,15.282274295888783
647,12.703462600708008,29.060916900634766,17.48481559753418,-9.133525054494385e-06,-0.005609430372714996,-1.8078513676300645e-05,0.005609467159956694,12.703453467182953,29.05530747026205,17.484797519020503
648,9.811834335327148,29.060916900634766,19.256807327270508,-4.934941443934804e-06,-0.005616890266537666,-1.9856041035382077e-05,0.005616927519440651,9.811829400385705,29.055300010368228,19.256787471229472
649,6.678605079650879,29.060916900634766,20.55463409423828,-8.96562596608419e-07,-0.00562273571267724,-2.3192349544842727e-05,0.005622783675789833,6.678604183088282,29.05529416492209,20.554610901888736
650,3.3809280395507812,29.060916900634766,21.346336364746094,3.1239162581186974e-06,-0.00562564330175519,-3.013871901202947e-05,0.005625725258141756,3.3809311634670394,29.05529125733301,21.34630622602708
651,0.0,29.060916900634766,21.6124210357666,8.240907845902257e-06,-0.005624936893582344,-4.17280534747988e-05,0.0056250980123877525,8.240907845902257e-06,29.055291963741183,21.612379307713127
652,-3.3809280395507812,29.060916900634766,21.346336364746094,1.5775500287418254e-05,-0.005621383897960186,-5.63506328035146e-05,0.005621688440442085,-3.380912264050494,29.055295516736805,21.34628001411329
653,-6.678605079650879,29.060916900634766,20.55463409423828,2.5756464310688898e-05,-0.005617466755211353,-6.972080882405862e-05,0.00561795849353075,-6.678579323186568,29.055299433879554,20.554564373429457
654,-9.811834335327148,29.060916900634766,19.256807327270508,3.636399924289435e-05,-0.0056163775734603405,-7.762349559925497e-05,0.0056170313619077206,-9.811797971327906,29.055300523061305,19.25672970377491
655,-12.703462600708008,29.060916900634766,17.48481559753418,4.443340003490448e-05,-0.0056210728362202644,-7.743487367406487e-05,0.005621782038360834,-12.703418167307973,29.055295827798545,17.484738162660506
656,-15.2822904586792,29.060916900634766,15.2822904586792,4.6274493797682226e-05,-0.005633270367980003,-6.84504266246222e-05,0.005633876658976078,-15.282244184185402,29.055283630266786,15.282222008252575
657,-17.48481559753418,29.060916900634766,12.703462600708008,4.0277940570376813e-05,-0.005651623010635376,-5.334090383257717e-05,0.0056520183570683,-17.48477531959361,29.05526527762413,12.703409259804175
658,-19.256807327270508,29.060916900634766,9.811834335327148,2.7883565053343773e-05,-0.0056723724119365215,-3.640139038907364e-05,0.00567255774512887,-19.256779443705454,29.05524452822283,9.81179793393676
659,-20.55463409423828,29.060916900634766,6.678605079650879,1.2562301890284289e-05,-0.005691370461136103,-2.1046032998128794e-05,0.0056914230808615685,-20.55462153193639,29.05522553017363,6.678584033617881
660,-21.346336364746094,29.060916900634766,3.3809280395507812,-1.3161618994672608e-07,-0.005704645533114672,-9.14588599698618e-06,0.005704652518033981,-21.346336496362284,29.05521225510165,3.3809188936647843
661,-21.6124210357666,29.060916900634766,0.0,-4.996567895432236e-06,-0.005709374789148569,-3.8486651120439824e-19,0.005709377117455006,-21.612426032334497,29.055207525845617,-3.8486651120439824e-19
662,-21.346336364746094,29.060916900634766,-3.3809280395507812,-1.3161618994672608e-07,-0.005704645533114672,9.14588599698618e-06,0.005704652518033981,-21.346336496362284,29.05521225510165,-3.3809188936647843
663,-20.55463409423828,29.060916900634766,-6.678605079650879,1.2562301890284289e-05,-0.005691370461136103,2.1046032998128794e-05,0.0056914230808615685,-20.55462153193639,29.05522553017363,-6.678584033617881
664,-19.256807327270508,29.060916900634766,-9.811834335327148,2.7883565053343773e-05,-0.0056723724119365215,3.640139038907364e-05,0.00567255774512887,-19.256779443705454,29.05524452822283,-9.81179793393676
665,-17.48481559753418,29.060916900634766,-12.703462600708008,4.0277940570376813e-05,-0.005651623010635376,5.334090383257717e-05,0.0056520183570683,-17.48477531959361,29.05526527762413,-12.703409259804175
666,-15.2822904586792,29.060916900634766,-15.2822904586792,4.6274493797682226e-05,-0.005633270367980003,6.84504266246222e-05,0.005633876658976078,-15.282244184185402,29.055283630266786,-15.282222008252575
667,-12.703462600708008,29.060916900634766,-17.48481559753418,4.443340003490448e-05,-0.0056210728362202644,7.743487367406487e-05,0.005621782038360834,-12.703418167307973,29.055295827798545,-17.484738162660506
668,-9.811834335327148,29.060916900634766,-19.256807327270508,3.636399924289435e-05,-0.0056163775734603405,7.762349559925497e-05,0.0056170313619077206,-9.811797971327906,29.055300523061305,-19.25672970377491
669,-6.678605079650879,29.060916900634766,-20.55463409423828,2.5756464310688898e-05,-0.005617466755211353,6.972080882405862e-05,0.00561795849353075,-6.678579323186568,29.055299433879554,-20.554564373429457
670,-3.3809280395507812,29.060916900634766,-21.346336364746094,1.5775500287418254e-05,-0.005621383897960186,5.63506328035146e-05,0.005621688440442085,-3.380912264050494,29.055295516736805,-21.34628001411329
671,-0.0,29.060916900634766,-21.6124210357666,8.240907845902257e-06,-0.005624936893582344,4.17280534747988e-05,0.0056250980123877525,8.240907845902257e-06,29.055291963741183,-21.612379307713127
672,3.3809280395507812,29.060916900634766,-21.346336364746094,3.1239162581186974e-06,-0.00562564330175519,3.013871901202947e-05,0.005625725258141756,3.3809311634670394,29.05529125733301,-21.34630622602708
673,6.678605079650879,29.060916900634766,-20.55463409423828,-8.96562596608419e-07,-0.00562273571267724,2.3192349544842727e-05,0.005622783675789833,6.678604183088282,29.05529416492209,-20.554610901888736
674,9.811834335327148,29.060916900634766,-19.256807327270508,-4.934941443934804e-06,-0.005616890266537666,1.9856041035382077e-05,0.005616927519440651,9.811829400385705,29.055300010368228,-19.256787471229472
675,12.703462600708008,29.060916900634766,-17.48481559753418,-9.133525054494385e-06,-0.005609430372714996,1.8078513676300645e-05,0.005609467159956694,12.703453467182953,29.05530747026205,-17.484797519020503
676,15.2822904586792,29.060916900634766,-15.2822904586792,-1.2855034583481029e-05,-0.005601712968200445,1.616279041627422e-05,0.005601751152426004,15.282277603644616,29.055315187666565,-15.282274295888783
677,17.48481559753418,29.060916900634766,-12.703462600708008,-1.5360865290858783e-05,-0.005594765767455101,1.3409471648628823e-05,0.005594802554696798,17.48480023666889,29.05532213486731,-12.70344919123636
678,19.256807327270508,29.060916900634766,-9.811834335327148,-1.638530557102058e-05,-0.005589181557297707,9.991831575462129e-06,0.005589214153587818,19.256790941964937,29.055327719077468,-9.811824343495573
679,20.55463409423828,29.060916900634766,-6.678605079650879,-1.6279807823593728e-05,-0.005585196893662214,6.427635526051745e-06,0.0055852243676781654,20.554617814430458,29.055331703741103,-6.678598652015353
680,21.346336364746094,29.060916900634766,-3.3809280395507812,-1.576304748596158e-05,-0.005582837853580713,3.0906569463695632e-06,0.005582861136645079,21.346320601698608,29.055334062781185,-3.380924948893835
681,22.794918060302734,30.975154876708984,0.0,8.39042040752247e-05,-0.005665138363838196,-1.271595597561177e-18,0.005665759555995464,22.79500196450681,30.969489738345146,-1.271595597561177e-18
682,22.51427459716797,30.975154876708984,3.565911054611206,8.254376007243991e-05,-0.005666021257638931,1.3017263881920371e-05,0.005666637327522039,22.51435714092804,30.969488855451345,3.565924071875088
683,21.67925453186035,30.975154876708984,7.0440168380737305,7.872140849940479e-05,-0.005668667145073414,2.5441375328227878e-05,0.005669270642101765,21.67933325326885,30.96948620956391,7.044042279449059
684,20.310420989990234,30.975154876708984,10.348675727844238,7.308422209462151e-05,-0.0056730336509644985,3.691486199386418e-05,0.005673624575138092,20.31049407421233,30.96948184305802,10.348712642706232
685,18.441476821899414,30.975154876708984,13.398516654968262,6.634034070884809e-05,-0.005678955465555191,4.737985000247136e-05,0.005679540801793337,18.441543162240123,30.96947592124343,13.398564034818264
686,16.118440628051758,30.975154876708984,16.118440628051758,5.889762542210519e-05,-0.00568603677675128,5.687451994162984e-05,0.005686626303941011,16.11849952567718,30.969468839932233,16.1184975025717
687,13.398516654968262,30.975154876708984,18.441476821899414,5.068716563982889e-05,-0.005693559534847736,6.510796811198816e-05,0.0056941574439406395,13.398567342133902,30.969461317174137,18.441541929867526
688,10.348675727844238,30.975154876708984,20.310420989990234,4.1334773413836956e-05,-0.00570045318454504,7.102888048393652e-05,0.005701045505702496,10.348717062617652,30.96945442352444,20.31049201887072
689,7.0440168380737305,30.975154876708984,21.67925453186035,3.068201112910174e-05,-0.005705384537577629,7.272476068465039e-05,0.005705930758267641,7.04404752008486,30.969449492171407,21.679327256621036
690,3.565911054611206,30.975154876708984,22.51427459716797,1.9381057427381165e-05,-0.0057069999165833,6.791121995775029e-05,0.005707437172532082,3.5659304356686334,30.9694478767924,22.514342508387927
691,0.0,30.975154876708984,22.794918060302734,9.14117117645219e-06,-0.0057043530978262424,5.503813736140728e-05,0.005704625975340605,9.14117117645219e-06,30.969450523611158,22.794973098440096
692,-3.565911054611206,30.975154876708984,22.51427459716797,2.188139887948637e-06,-0.005697706248611212,3.4951779525727034e-05,0.00569781381636858,-3.565908866471318,30.969457170460373,22.514309548947494
693,-7.0440168380737305,30.975154876708984,21.67925453186035,-3.523662996940402e-07,-0.005689350422471762,1.191612500406336e-05,0.005689362995326519,-7.04401719044003,30.969465526286513,21.679266447985356
694,-10.348675727844238,30.975154876708984,20.310420989990234,-6.389628737224484e-08,-0.005683543160557747,-7.740494766039774e-06,0.005683548282831907,-10.348675791740526,30.969471333548427,20.31041324949547
695,-13.398516654968262,30.975154876708984,18.441476821899414,-1.8303051092516398e-06,-0.005685851443558931,-1.7644302715780213e-05,0.00568587938323617,-13.398518485273371,30.969469025265425,18.4414591775967
696,-16.118440628051758,30.975154876708984,16.118440628051758,-1.2086762581020594e-05,-0.005700091365724802,-1.5269381037796848e-05,0.005700124893337488,-16.11845271481434,30.96945478534326,16.11842535867072
697,-18.441476821899414,30.975154876708984,13.398516654968262,-3.2699193980079144e-05,-0.005723749287426472,-5.691510068572825e-06,0.005723845679312944,-18.441509521093394,30.969431127421558,13.398510963458193
698,-20.310420989990234,30.975154876708984,10.348675727844238,-5.89272276556585e-05,-0.005749798845499754,3.3237945444852812e-06,0.005750101525336504,-20.31047991721789,30.969405077863485,10.348679051638783
699,-21.67925453186035,30.975154876708984,7.0440168380737305,-8.410008013015613e-05,-0.00577211007475853,7.31392628949834e-06,0.0057727275416255,-21.67933863194048,30.969382766634226,7.04402415200002
700,-22.51427459716797,30.975154876708984,3.565911054611206,-0.00010203090641880408,-0.005786782596260309,5.492465788847767e-06,0.005787684582173824,-22.514376628074388,30.969368094112724,3.565916547076995
701,-22.794918060302734,30.975154876708984,0.0,-0.00010844675853149965,-0.005791833158582449,-1.290271991624129e-19,0.00579284830018878,-22.795026507061266,30.969363043550402,-1.290271991624129e-19
702,-22.51427459716797,30.975154876708984,-3.565911054611206,-0.00010203090641880408,-0.005786782596260309,-5.492465788847767e-06,0.005787684582173824,-22.514376628074388,30.969368094112724,-3.565916547076995
703,-21.67925453186035,30.975154876708984,-7.0440168380737305,-8.410008013015613e-05,-0.00577211007475853,-7.31392628949834e-06,0.0057727275416255,-21.67933863194048,30.969382766634226,-7.04402415200002
704,-20.310420989990234,30.975154876708984,-10.348675727844238,-5.89272276556585e-05,-0.005749798845499754,-3.3237945444852812e-06,0.005750101525336504,-20.31047991721789,30.969405077863485,-10.348679051638783
705,-18.441476821899414,30.975154876708984,-13.398516654968262,-3.2699193980079144e-05,-0.005723749287426472,5.691510068572825e-06,0.005723845679312944,-18.441509521093394,30.969431127421558,-13.398510963458193
706,-16.118440628051758,30.975154876708984,-16.118440628051758,-1.2086762581020594e-05,-0.005700091365724802,1.5269381037796848e-05,0.005700124893337488,-16.11845271481434,30.96945478534326,-16.11842535867072
707,-13.398516654968262,30.975154876708984,-18.441476821899414,-1.8303051092516398e-06,-0.005685851443558931,1.7644302715780213e-05,0.00568587938323617,-13.398518485273371,30.969469025265425,-18.4414591775967
708,-10.348675727844238,30.975154876708984,-20.310420989990234,-6.389628737224484e-08,-0.005683543160557747,7.740494766039774e-06,0.005683548282831907,-10.348675791740526,30.969471333548427,-20.31041324949547
709,-7.0440168380737305,30.975154876708984,-21.67925453186035,-3.523662996940402e-07,-0.005689350422471762,-1.191612500406336e-05,0.005689362995326519,-7.04401719044003,30.969465526286513,-21.679266447985356
710,-3.565911054611206,30.975154876708984,-22.51427459716797,2.188139887948637e-06,-0.005697706248611212,-3.4951779525727034e-05,0.00569781381636858,-3.565908866471318,30.969457170460373,-22.514309548947494
711,-0.0,30.975154876708984,-22.794918060302734,9.14117117645219e-06,-0.0057043530978262424,-5.503813736140728e-05,0.005704625975340605,9.14117117645219e-06,30.969450523611158,-22.794973098440096
712,3.565911054611206,30.975154876708984,-22.51427459716797,1.9381057427381165e-05,-0.0057069999165833,-6.791121995775029e-05,0.005707437172532082,3.5659304356686334,30.9694478767924,-22.514342508387927
713,7.0440168380737305,30.975154876708984,-21.67925453186035,3.068201112910174e-05,-0.005705384537577629,-7.272476068465039e-05,0.005705930758267641,7.04404752008486,30.969449492171407,-21.679327256621036
714,10.348675727844238,30.975154876708984,-20.310420989990234,4.1334773413836956e-05,-0.00570045318454504,-7.102888048393652e-05,0.005701045505702496,10.348717062617652,30.96945442352444,-20.31049201887072
715,13.398516654968262,30.975154876708984,-18.441476821899414,5.068716563982889e-05,-0.005693559534847736,-6.510796811198816e-05,0.0056941574439406395,13.398567342133902,30.969461317174137,-18.441541929867526
716,16.118440628051758,30.975154876708984,-16.118440628051758,5.889762542210519e-05,-0.00568603677675128,-5.687451994162984e-05,0.005686626303941011,16.11849952567718,30.969468839932233,-16.1184975025717
717,18.441476821899414,30.975154876708984,-13.398516654968262,6.634034070884809e-05,-0.005678955465555191,-4.737985000247136e-05,0.005679540801793337,18.441543162240123,30.96947592124343,-13.398564034818264
718,20.310420989990234,30.975154876708984,-10.348675727844238,7.308422209462151e-05,-0.0056730336509644985,-3.691486199386418e-05,0.005673624575138092,20.31049407421233,30.96948184305802,-10.348712642706232
719,21.67925453186035,30.975154876708984,-7.0440168380737305,7.872140849940479e-05,-0.005668667145073414,-2.5441375328227878e-05,0.005669270642101765,21.67933325326885,30.96948620956391,-7.044042279449059
720,22.51427459716797,30.975154876708984,-3.565911054611206,8.254376007243991e-05,-0.005666021257638931,-1.3017263881920371e-05,0.005666637327522039,22.51435714092804,30.969488855451345,-3.565924071875088
721,23.977415084838867,32.8893928527832,0.0,0.0002168163046007976,-0.005766377784311771,-1.3679946057626474e-18,0.005770452320575714,23.977631901143468,32.88362647499889,-1.3679946057626474e-18
722,23.682212829589844,32.8893928527832,3.750894069671631,0.0002139861899195239,-0.005767403170466423,3.446833579801023e-05,0.005771474447101355,23.682426815779763,32.88362544961274,3.750928538007429
723,22.803876876831055,32.8893928527832,7.40942907333374,0.00020570619381032884,-0.005770420655608177,6.790120824007317e-05,0.005774484947323799,22.804082583024865,32.883622432127595,7.40949697454198
724,21.364032745361328,32.8893928527832,10.885519027709961,0.00019250829063821584,-0.005775224417448044,9.940549352904782e-05,0.0057792868465185165,21.364225253651966,32.883617628365755,10.88561843320349
725,19.398136138916016,32.8893928527832,14.093570709228516,0.00017500943795312196,-0.005781406536698341,0.0001282395824091509,0.005785475950688124,19.39831114835397,32.883611446246505,14.093698948810925
726,16.954593658447266,32.8893928527832,16.954593658447266,0.00015369958418887109,-0.005788314156234264,0.00015364713908638805,0.0057923924177885056,16.954747358031454,32.88360453862697,16.954747305586352
727,14.093570709228516,32.8893928527832,19.398136138916016,0.00012890464859083295,-0.005795059259980917,0.0001745986082823947,0.00579912168905139,14.093699613877106,32.88359779352322,19.398310737524298
728,10.885519027709961,32.8893928527832,21.364032745361328,0.00010098051279783249,-0.005800584331154823,0.00018960244779009372,0.005804560612887144,10.885620008222759,32.88359226845205,21.364222347809118
729,7.40942907333374,32.8893928527832,22.803876876831055,7.066573743941262e-05,-0.005803768523037434,0.0001967584394151345,0.005807532928884029,7.40949973907118,32.883589084260166,22.80407363527047
730,3.750894069671631,32.8893928527832,23.682212829589844,3.940850365324877e-05,-0.005803553853183985,0.00019412653637118638,0.005806933622807264,3.750933478175284,32.88358929893002,23.682406956126215
731,0.0,32.8893928527832,23.977415084838867,9.453542588744313e-06,-0.005799128208309412,0.0001804150961106643,0.005801941733807325,9.453542588744313e-06,32.883593724574894,23.977595499934978
732,-3.750894069671631,32.8893928527832,23.682212829589844,-1.656631320656743e-05,-0.005790517665445805,0.00015617799363099039,0.005792647134512663,-3.7509106359848374,32.88360233511776,23.682369007583475
733,-7.40942907333374,32.8893928527832,22.803876876831055,-3.6940571590093896e-05,-0.005779581610113382,0.00012511160457506776,0.005781054031103849,-7.40946601390533,32.88361327117309,22.80400198843563
734,-10.885519027709961,32.8893928527832,21.364032745361328,-5.2859373681712896e-05,-0.005770788062363863,9.414283704245463e-05,0.0057717980816960335,-10.885571887083643,32.88362206472084,21.36412688819837
735,-14.093570709228516,32.8893928527832,19.398136138916016,-7.009665569057688e-05,-0.0057714153081178665,7.197506783995777e-05,0.0057722898200154305,-14.093640805884206,32.883621437475085,19.398208113983856
736,-16.954593658447266,32.8893928527832,16.954593658447266,-9.638137998990715e-05,-0.005787033587694168,6.28948473604396e-05,0.005788177717477083,-16.954690039827256,32.88360581919551,16.954656553294626
737,-19.398136138916016,32.8893928527832,14.093570709228516,-0.0001327579520875588,-0.0058141062036156654,6.0824746469734237e-05,0.005815939977765083,-19.398268896868103,32.88357874657959,14.093631533974985
738,-21.364032745361328,32.8893928527832,10.885519027709961,-0.0001717970590107143,-0.005842949263751507,5.590302316704765e-05,0.005845741834491491,-21.36420454242034,32.88354990351945,10.885574930733128
739,-22.803876876831055,32.8893928527832,7.40942907333374,-0.00020512913761194795,-0.005866378080099821,4.339730367064476e-05,0.0058701238594949245,-22.804082005968667,32.8835264747031,7.409472470637411
740,-23.682212829589844,32.8893928527832,3.750894069671631,-0.00022708317555952817,-0.005881128367036581,2.3735861759632826e-05,0.005885559134185314,-23.682439912765403,32.88351172441617,3.7509178055333905
741,-23.977415084838867,32.8893928527832,0.0,-0.00023465791309718043,-0.005886085331439972,-2.9992462657103494e-19,0.005890761036425829,-23.977649742751964,32.88350676745176,-2.9992462657103494e-19
742,-23.682212829589844,32.8893928527832,-3.750894069671631,-0.00022708317555952817,-0.005881128367036581,-2.3735861759632826e-05,0.005885559134185314,-23.682439912765403,32.88351172441617,-3.7509178055333905
743,-22.803876876831055,32.8893928527832,-7.40942907333374,-0.00020512913761194795,-0.005866378080099821,-4.339730367064476e-05,0.0058701238594949245,-22.804082005968667,32.8835264747031,-7.409472470637411
744,-21.364032745361328,32.8893928527832,-10.885519027709961,-0.0001717970590107143,-0.005842949263751507,-5.590302316704765e-05,0.005845741834491491,-21.36420454242034,32.88354990351945,-10.885574930733128
745,-19.398136138916016,32.8893928527832,-14.093570709228516,-0.0001327579520875588,-0.0058141062036156654,-6.0824746469734237e-05,0.005815939977765083,-19.398268896868103,32.88357874657959,-14.093631533974985
746,-16.954593658447266,32.8893928527832,-16.954593658447266,-9.638137998990715e-05,-0.005787033587694168,-6.28948473604396e-05,0.005788177717477083,-16.954690039827256,32.88360581919551,-16.954656553294626
747,-14.093570709228516,32.8893928527832,-19.398136138916016,-7.009665569057688e-05,-0.0057714153081178665,-7.197506783995777e-05,0.0057722898200154305,-14.093640805884206,32.883621437475085,-19.398208113983856
748,-10.885519027709961,32.8893928527832,-21.364032745361328,-5.2859373681712896e-05,-0.005770788062363863,-9.414283704245463e-05,0.0057717980816960335,-10.885571887083643,32.88362206472084,-21.36412688819837
749,-7.40942907333374,32.8893928527832,-22.803876876831055,-3.6940571590093896e-05,-0.005779581610113382,-0.00012511160457506776,0.005781054031103849,-7.40946601390533,32.88361327117309,-22.80400198843563
750,-3.750894069671631,32.8893928527832,-23.682212829589844,-1.656631320656743e-05,-0.005790517665445805,-0.00015617799363099039,0.005792647134512663,-3.7509106359848374,32.88360233511776,-23.682369007583475
751,-0.0,32.8893928527832,-23.977415084838867,9.453542588744313e-06,-0.005799128208309412,-0.0001804150961106643,0.005801941733807325,9.453542588744313e-06,32.883593724574894,-23.977595499934978
752,3.750894069671631,32.8893928527832,-23.682212829589844,3.940850365324877e-05,-0.005803553853183985,-0.00019412653637118638,0.005806933622807264,3.750933478175284,32.88358929893002,-23.682406956126215
753,7.40942907333374,32.8893928527832,-22.803876876831055,7.066573743941262e-05,-0.005803768523037434,-0.0001967584394151345,0.005807532928884029,7.40949973907118,32.883589084260166,-22.80407363527047
754,10.885519027709961,32.8893928527832,-21.364032745361328,0.00010098051279783249,-0.005800584331154823,-0.00018960244779009372,0.005804560612887144,10.885620008222759,32.88359226845205,-21.364222347809118
755,14.093570709228516,32.8893928527832,-19.398136138916016,0.00012890464859083295,-0.005795059259980917,-0.0001745986082823947,0.00579912168905139,14.093699613877106,32.88359779352322,-19.398310737524298
756,16.954593658447266,32.8893928527832,-16.954593658447266,0.00015369958418887109,-0.005788314156234264,-0.00015364713908638805,0.0057923924177885056,16.954747358031454,32.88360453862697,-16.954747305586352
757,19.398136138916016,32.8893928527832,-14.093570709228516,0.00017500943795312196,-0.005781406536698341,-0.0001282395824091509,0.005785475950688124,19.39831114835397,32.883611446246505,-14.093698948810925
758,21.364032745361328,32.8893928527832,-10.885519027709961,0.00019250829063821584,-0.005775224417448044,-9.940549352904782e-05,0.0057792868465185165,21.364225253651966,32.883617628365755,-10.88561843320349
759,22.803876876831055,32.8893928527832,-7.40942907333374,0.00020570619381032884,-0.005770420655608177,-6.790120824007317e-05,0.005774484947323799,22.804082583024865,32.883622432127595,-7.40949697454198
760,23.682212829589844,32.8893928527832,-3.750894069671631,0.0002139861899195239,-0.005767403170466423,-3.446833579801023e-05,0.005771474447101355,23.682426815779763,32.88362544961274,-3.750928538007429
761,25.68870735168457,34.69314956665039,0.0,0.00043736101360991597,-0.005996937397867441,-1.2547504779768408e-18,0.006012864876538515,25.68914471269818,34.68715262925252,-1.2547504779768408e-18
762,25.3724365234375,34.69314956665039,4.018599033355713,0.00043191786971874535,-0.005998141132295132,6.96942224749364e-05,0.006014075595885515,25.37286844130722,34.687151425518095,4.018668727578188
763,24.431413650512695,34.69314956665039,7.938247203826904,0.00041576928924769163,-0.006001580506563187,0.0001374866988044232,0.006017535924911499,24.431829419801943,34.68714798614383,7.938384690525709
764,22.888805389404297,34.69314956665039,11.662428855895996,0.00038939525256864727,-0.00600673770532012,0.0002015302306972444,0.006022718735039234,22.889194784656866,34.68714282894507,11.662630386126693
765,20.78260040283203,34.69314956665039,15.099443435668945,0.00035345039214007556,-0.006012763362377882,0.00026000122306868434,0.0060287523083388805,20.78295385322417,34.68713680328801,15.099703436892014
766,18.16465950012207,34.69314956665039,18.16465950012207,0.000308715010760352,-0.006018568761646748,0.00031099640182219446,0.006034500431269407,18.16496821513283,34.687130997888744,18.164970496523893
767,15.099443435668945,34.69314956665039,20.78260040283203,0.0002561982546467334,-0.006023014429956675,0.0003524652565829456,0.006038755644112825,15.099699633923592,34.687126552220434,20.782952868088614
768,11.662428855895996,34.69314956665039,22.888805389404297,0.00019733970111701638,-0.006025133654475212,0.000382285681553185,0.006040473934262991,11.662626195597113,34.687124432995915,22.88918767508585
769,7.938247203826904,34.69314956665039,24.431413650512695,0.0001341850875178352,-0.0060242884792387486,0.000398508389480412,0.006038945633918047,7.938381388914422,34.68712527817115,24.431812158902176
770,4.018599033355713,34.69314956665039,25.3724365234375,6.941326864762232e-05,-0.006020164117217064,0.0003996856976300478,0.006033816374838352,4.0186684466243605,34.687129402533174,25.37283620913513
771,0.0,34.69314956665039,25.68870735168457,6.192766250023851e-06,-0.006012687925249338,0.0003852682129945606,0.006025021895766258,6.192766250023851e-06,34.68713687872514,25.689092619897565
772,-4.018599033355713,34.69314956665039,25.3724365234375,-5.220302409725264e-05,-0.006002246402204037,0.00035632835351862013,0.00601304043084383,-4.01865123637981,34.68714732024819,25.37279285179102
773,-7.938247203826904,34.69314956665039,24.431413650512695,-0.00010332458623452112,-0.00599006749689579,0.00031620863592252135,0.005999297834932804,-7.938350528413139,34.687159499153495,24.431729859148618
774,-11.662428855895996,34.69314956665039,22.888805389404297,-0.0001472175499657169,-0.005979381036013365,0.0002712360583245754,0.005987339653074741,-11.662576073445962,34.68717018561438,22.88907662546262
775,-15.099443435668945,34.69314956665039,20.78260040283203,-0.0001893230073619634,-0.005978272762149572,0.00023153396614361554,0.0059857494197785854,-15.099632758676307,34.68717129388824,20.782831936798175
776,-18.16465950012207,34.69314956665039,18.16465950012207,-0.00023864730610512197,-0.005994446575641632,0.00020321542979218066,0.006002635695040226,-18.164898147428175,34.68715512007475,18.164862715551862
777,-20.78260040283203,34.69314956665039,15.099443435668945,-0.0002958941913675517,-0.006023164372891188,0.00017898187797982246,0.00603308342397213,-20.7828962970234,34.6871264022775,15.099622417546925
778,-22.888805389404297,34.69314956665039,11.662428855895996,-0.0003510354144964367,-0.006051925476640463,0.00014761328930035233,0.006063894834369421,-22.889156424818793,34.68709764117375,11.662576469185296
779,-24.431413650512695,34.69314956665039,7.938247203826904,-0.00039493083022534847,-0.00607380410656333,0.00010561988892732188,0.006087546236813068,-24.43180858134292,34.68707576254383,7.938352823715832
780,-25.3724365234375,34.69314956665039,4.018599033355713,-0.00042291791760362685,-0.006087218411266804,5.5100837926147506e-05,0.006102141458541155,-25.372859441355104,34.687062348239124,4.018654134193639
781,-25.68870735168457,34.69314956665039,0.0,-0.0004324909532442689,-0.0060917045921087265,-2.3903950644558063e-19,0.006107037886977196,-25.689139842637815,34.68705786205828,-2.3903950644558063e-19
782,-25.3724365234375,34.69314956665039,-4.018599033355713,-0.00042291791760362685,-0.006087218411266804,-5.5100837926147506e-05,0.006102141458541155,-25.372859441355104,34.687062348239124,-4.018654134193639
783,-24.431413650512695,34.69314956665039,-7.938247203826904,-0.00039493083022534847,-0.00607380410656333,-0.00010561988892732188,0.006087546236813068,-24.43180858134292,34.68707576254383,-7.938352823715832
784,-22.888805389404297,34.69314956665039,-11.662428855895996,-0.0003510354144964367,-0.006051925476640463,-0.00014761328930035233,0.006063894834369421,-22.889156424818793,34.68709764117375,-11.662576469185296
785,-20.78260040283203,34.69314956665039,-15.099443435668945,-0.0002958941913675517,-0.006023164372891188,-0.00017898187797982246,0.00603308342397213,-20.7828962970234,34.6871264022775,-15.099622417546925
786,-18.16465950012207,34.69314956665039,-18.16465950012207,-0.00023864730610512197,-0.005994446575641632,-0.00020321542979218066,0.006002635695040226,-18.164898147428175,34.68715512007475,-18.164862715551862
787,-15.099443435668945,34.69314956665039,-20.78260040283203,-0.0001893230073619634,-0.005978272762149572,-0.00023153396614361554,0.0059857494197785854,-15.099632758676307,34.68717129388824,-20.782831936798175
788,-11.662428855895996,34.69314956665039,-22.888805389404297,-0.0001472175499657169,-0.005979381036013365,-0.0002712360583245754,0.005987339653074741,-11.662576073445962,34.68717018561438,-22.88907662546262
789,-7.938247203826904,34.69314956665039,-24.431413650512695,-0.00010332458623452112,-0.00599006749689579,-0.00031620863592252135,0.005999297834932804,-7.938350528413139,34.687159499153495,-24.431729859148618
790,-4.018599033355713,34.69314956665039,-25.3724365234375,-5.220302409725264e-05,-0.006002246402204037,-0.00035632835351862013,0.00601304043084383,-4.01865123637981,34.68714732024819,-25.37279285179102
791,-0.0,34.69314956665039,-25.68870735168457,6.192766250023851e-06,-0.006012687925249338,-0.0003852682129945606,0.006025021895766258,6.192766250023851e-06,34.68713687872514,-25.689092619897565
792,4.018599033355713,34.69314956665039,-25.3724365234375,6.941326864762232e-05,-0.006020164117217064,-0.0003996856976300478,0.006033816374838352,4.0186684466243605,34.687129402533174,-25.37283620913513
793,7.938247203826904,34.69314956665039,-24.431413650512695,0.0001341850875178352,-0.0060242884792387486,-0.000398508389480412,0.006038945633918047,7.938381388914422,34.68712527817115,-24.431812158902176
794,11.662428855895996,34.69314956665039,-22.888805389404297,0.00019733970111701638,-0.006025133654475212,-0.000382285681553185,0.006040473934262991,11.662626195597113,34.687124432995915,-22.88918767508585
795,15.099443435668945,34.69314956665039,-20.78260040283203,0.0002561982546467334,-0.006023014429956675,-0.0003524652565829456,0.006038755644112825,15.099699633923592,34.687126552220434,-20.782952868088614
796,18.16465950012207,34.69314956665039,-18.16465950012207,0.000308715010760352,-0.006018568761646748,-0.00031099640182219446,0.006034500431269407,18.16496821513283,34.687130997888744,-18.164970496523893
797,20.78260040283203,34.69314956665039,-15.099443435668945,0.00035345039214007556,-0.006012763362377882,-0.00026000122306868434,0.0060287523083388805,20.78295385322417,34.68713680328801,-15.099703436892014
798,22.888805389404297,34.69314956665039,-11.662428855895996,0.00038939525256864727,-0.00600673770532012,-0.0002015302306972444,0.006022718735039234,22.889194784656866,34.68714282894507,-11.662630386126693
799,24.431413650512695,34.69314956665039,-7.938247203826904,0.00041576928924769163,-0.006001580506563187,-0.0001374866988044232,0.006017535924911499,24.431829419801943,34.68714798614383,-7.938384690525709
800,25.3724365234375,34.69314956665039,-4.018599033355713,0.00043191786971874535,-0.005998141132295132,-6.96942224749364e-05,0.006014075595885515,25.37286844130722,34.687151425518095,-4.018668727578188
801,27.399999618530273,36.49690246582031,0.0,0.0007303836173377931,-0.006293107755482197,-1.2442949150341705e-18,0.006335350219160318,27.40073000214761,36.49060935806483,-1.2442949150341705e-18
802,27.062660217285156,36.49690246582031,4.286303997039795,0.0007213507778942585,-0.006294439546763897,0.00011644633923424408,0.006336708553135395,27.06338156806305,36.49060802627355,4.286420443379029
803,26.058948516845703,36.49690246582031,8.467065811157227,0.0006944235065020621,-0.006298141088336706,0.00022977340267971158,0.006340473424643278,26.059642940352205,36.490604324731976,8.467295584559906
804,24.4135799407959,36.49690246582031,12.439339637756348,0.0006501000607386231,-0.0063033513724803925,0.0003368239849805832,0.006345732603222132,24.414230040856637,36.49059911444783,12.439676461741328
805,22.16706657409668,36.49690246582031,16.105316162109375,0.0005892156041227281,-0.006308748386800289,0.0004343440232332796,0.0063510737381875515,22.167655789700802,36.49059371743351,16.10575050613261
806,19.374725341796875,36.49690246582031,19.374725341796875,0.0005130729987286031,-0.006312795914709568,0.0005189736257307231,0.006354838144034147,19.375238414795604,36.4905896699056,19.375244315422606
807,16.105316162109375,36.49690246582031,22.16706657409668,0.00042367298738099635,-0.006314119324088097,0.0005874063353985548,0.006355521269142628,16.105739835096756,36.490588346496224,22.16765398043208
808,12.439339637756348,36.49690246582031,24.4135799407959,0.00032389472471550107,-0.006311886478215456,0.0006367533933371305,0.006352186668664217,12.439663532481063,36.4905905793421,24.414216694189236
809,8.467065811157227,36.49690246582031,26.058948516845703,0.00021745401318185031,-0.006306016352027655,0.0006649958086200058,0.006344710011035204,8.467283265170408,36.490596449468285,26.059613512654323
810,4.286303997039795,36.49690246582031,27.062660217285156,0.00010859157919185236,-0.006297057028859854,0.0006712812464684248,0.006333666853606701,4.286412588618987,36.49060540879145,27.063331498531625
811,0.0,36.49690246582031,27.399999618530273,1.6569443914704607e-06,-0.0062859151512384415,0.0006560977781191468,0.006320063024759293,1.6569443914704607e-06,36.490616550669074,27.400655716308393
812,-4.286303997039795,36.49690246582031,27.062660217285156,-9.937606955645606e-05,-0.0062736268155276775,0.0006214150344021618,0.006305111106485128,-4.286403373109351,36.490628839004785,27.06328163231956
813,-8.467065811157227,36.49690246582031,26.058948516845703,-0.00019137981871608645,-0.00626084441319108,0.0005703226779587567,0.006289679557085037,-8.467257190975943,36.49064162140712,26.059518839523662
814,-12.439339637756348,36.49690246582031,24.4135799407959,-0.00027301290538161993,-0.0062491209246218204,0.0005080677219666541,0.006275681778788567,-12.43961265066173,36.49065334489569,24.414088008517865
815,-16.105316162109375,36.49690246582031,22.16706657409668,-0.0003488275979179889,-0.006246503442525864,0.00044546733261086047,0.006272075232118368,-16.105664989707293,36.49065596237779,22.16751204142929
816,-19.374725341796875,36.49690246582031,19.374725341796875,-0.00042846513679251075,-0.006262417882680893,0.00039047785685397685,0.006289191544055939,-19.375153806933668,36.49064004793763,19.37511581965373
817,-22.16706657409668,36.49690246582031,16.105316162109375,-0.0005118231056258082,-0.0062911235727369785,0.00033527359482832253,0.006320807617157698,-22.167578397202305,36.490611342247576,16.105651435704203
818,-24.4135799407959,36.49690246582031,12.439339637756348,-0.0005866046994924545,-0.006318008527159691,0.00026799729675985873,0.006350839044898748,-24.41416654549539,36.49058445729315,12.439607635053108
819,-26.058948516845703,36.49690246582031,8.467065811157227,-0.0006436003022827208,-0.006337130907922983,0.00018696427287068218,0.006372472736984491,-26.059592117147986,36.49056533491239,8.467252775430097
820,-27.062660217285156,36.49690246582031,4.286303997039795,-0.0006793274078518152,-0.0063486769795417786,9.606801177142188e-05,0.006385641172528267,-27.063339544693008,36.49055378884077,4.286400065051566
821,-27.399999618530273,36.49690246582031,0.0,-0.0006915269186720252,-0.006352569442242384,-5.087492156434024e-19,0.006390097551047802,-27.400691145448945,36.49054989637807,-5.087492156434024e-19
822,-27.062660217285156,36.49690246582031,-4.286303997039795,-0.0006793274078518152,-0.0063486769795417786,-9.606801177142188e-05,0.006385641172528267,-27.063339544693008,36.49055378884077,-4.286400065051566
823,-26.058948516845703,36.49690246582031,-8.467065811157227,-0.0006436003022827208,-0.006337130907922983,-0.00018696427287068218,0.006372472736984491,-26.059592117147986,36.49056533491239,-8.467252775430097
824,-24.4135799407959,36.49690246582031,-12.439339637756348,-0.0005866046994924545,-0.006318008527159691,-0.00026799729675985873,0.006350839044898748,-24.41416654549539,36.49058445729315,-12.439607635053108
825,-22.16706657409668,36.49690246582031,-16.105316162109375,-0.0005118231056258082,-0.0062911235727369785,-0.00033527359482832253,0.006320807617157698,-22.167578397202305,36.490611342247576,-16.105651435704203
826,-19.374725341796875,36.49690246582031,-19.374725341796875,-0.00042846513679251075,-0.006262417882680893,-0.00039047785685397685,0.006289191544055939,-19.375153806933668,36.49064004793763,-19.37511581965373
827,-16.105316162109375,36.49690246582031,-22.16706657409668,-0.0003488275979179889,-0.006246503442525864,-0.00044546733261086047,0.006272075232118368,-16.105664989707293,36.49065596237779,-22.16751204142929
828,-12.439339637756348,36.49690246582031,-24.4135799407959,-0.00027301290538161993,-0.0062491209246218204,-0.0005080677219666541,0.006275681778788567,-12.43961265066173,36.49065334489569,-24.414088008517865
829,-8.467065811157227,36.49690246582031,-26.058948516845703,-0.00019137981871608645,-0.00626084441319108,-0.0005703226779587567,0.006289679557085037,-8.467257190975943,36.49064162140712,-26.059518839523662
830,-4.286303997039795,36.49690246582031,-27.062660217285156,-9.937606955645606e-05,-0.0062736268155276775,-0.0006214150344021618,0.006305111106485128,-4.286403373109351,36.490628839004785,-27.06328163231956
831,-0.0,36.49690246582031,-27.399999618530273,1.6569443914704607e-06,-0.0062859151512384415,-0.0006560977781191468,0.006320063024759293,1.6569443914704607e-06,36.490616550669074,-27.400655716308393
832,4.286303997039795,36.49690246582031,-27.062660217285156,0.00010859157919185236,-0.006297057028859854,-0.0006712812464684248,0.006333666853606701,4.286412588618987,36.49060540879145,-27.063331498531625
833,8.467065811157227,36.49690246582031,-26.058948516845703,0.00021745401318185031,-0.006306016352027655,-0.0006649958086200058,0.006344710011035204,8.467283265170408,36.490596449468285,-26.059613512654323
834,12.439339637756348,36.49690246582031,-24.4135799407959,0.00032389472471550107,-0.006311886478215456,-0.0006367533933371305,0.006352186668664217,12.439663532481063,36.4905905793421,-24.414216694189236
835,16.105316162109375,36.49690246582031,-22.16706657409668,0.00042367298738099635,-0.006314119324088097,-0.0005874063353985548,0.006355521269142628,16.105739835096756,36.490588346496224,-22.16765398043208
836,19.374725341796875,36.49690246582031,-19.374725341796875,0.0005130729987286031,-0.006312795914709568,-0.0005189736257307231,0.006354838144034147,19.375238414795604,36.4905896699056,-19.375244315422606
837,22.16706657409668,36.49690246582031,-16.105316162109375,0.0005892156041227281,-0.006308748386800289,-0.0004343440232332796,0.0063510737381875515,22.167655789700802,36.49059371743351,-16.10575050613261
838,24.4135799407959,36.49690246582031,-12.439339637756348,0.0006501000607386231,-0.0063033513724803925,-0.0003368239849805832,0.006345732603222132,24.414230040856637,36.49059911444783,-12.439676461741328
839,26.058948516845703,36.49690246582031,-8.467065811157227,0.0006944235065020621,-0.006298141088336706,-0.00022977340267971158,0.006340473424643278,26.059642940352205,36.490604324731976,-8.467295584559906
840,27.062660217285156,36.49690246582031,-4.286303997039795,0.0007213507778942585,-0.006294439546763897,-0.00011644633923424408,0.006336708553135395,27.06338156806305,36.49060802627355,-4.286420443379029
