node_label,x,y,z,ux,uy,uz,umag,deformed_x,deformed_y,deformed_z
1,39.29999923706055,0.0,0.0,1.0421607537554093e-30,-4.844165670162354e-31,4.002916085030279e-31,0.0,39.29999923706055,-4.844165670162354e-31,4.002916085030279e-31
2,38.8161506652832,0.0,6.147873878479004,1.0920793908969767e-30,-4.845267343467945e-31,-2.3299936672422785e-31,0.0,38.8161506652832,-4.845267343467945e-31,6.147873878479004
3,37.376522064208984,0.0,12.144368171691895,1.1157429385349619e-30,-4.848140251661355e-31,-6.065656056987402e-32,0.0,37.376522064208984,-4.848140251661355e-31,12.144368171691895
4,35.01655578613281,0.0,17.841827392578125,1.1132609527428617e-30,-4.853857856183754e-31,1.1262478378406333e-31,0.0,35.01655578613281,-4.853857856183754e-31,17.841827392578125
5,31.794368743896484,0.0,23.099960327148438,1.0851506510350378e-30,-4.8629115136737874e-31,2.830941399393224e-31,0.0,31.794368743896484,-4.8629115136737874e-31,23.099960327148438
6,27.789297103881836,0.0,27.789297103881836,1.0320801844004977e-30,-4.874887450119965e-31,4.472558992025606e-31,0.0,27.789297103881836,-4.874887450119965e-31,27.789297103881836
7,23.099960327148438,0.0,31.794368743896484,9.547784533762993e-31,-4.888308304222173e-31,6.016322557423787e-31,0.0,23.099960327148438,-4.888308304222173e-31,31.794368743896484
8,17.841827392578125,0.0,35.01655578613281,8.541657289798142e-31,-4.900767133747668e-31,7.4253838741725405e-31,0.0,17.841827392578125,-4.900767133747668e-31,35.01655578613281
9,12.144368171691895,0.0,37.376522064208984,7.316989189094516e-31,-4.9094404012657756e-31,8.660227994372365e-31,0.0,12.144368171691895,-4.9094404012657756e-31,37.376522064208984
10,6.147873878479004,0.0,38.8161506652832,5.897457038866378e-31,-4.911733085447619e-31,9.680631382129082e-31,0.0,6.147873878479004,-4.911733085447619e-31,38.8161506652832
11,0.0,0.0,39.29999923706055,4.3187314502883e-31,-4.9063540232982566e-31,1.0450928128245524e-30,0.0,4.3187314502883e-31,-4.9063540232982566e-31,39.29999923706055
12,-6.147873878479004,0.0,38.8161506652832,2.6258834628583807e-31,-4.893032380919258e-31,1.094362953242658e-30,0.0,-6.147873878479004,-4.893032380919258e-31,38.8161506652832
13,-12.144368171691895,0.0,37.376522064208984,8.72298563942237e-32,-4.871908277237241e-31,1.1141497205116314e-30,0.0,-12.144368171691895,-4.871908277237241e-31,37.376522064208984
14,-17.841827392578125,0.0,35.01655578613281,-8.854314219284938e-32,-4.8473324519434695e-31,1.1049749400836894e-30,0.0,-17.841827392578125,-4.8473324519434695e-31,35.01655578613281
15,-23.099960327148438,0.0,31.794368743896484,-2.6058570358011617e-31,-4.827206578064171e-31,1.0695035987114683e-30,0.0,-23.099960327148438,-4.827206578064171e-31,31.794368743896484
16,-27.789297103881836,0.0,27.789297103881836,-4.255876826954352e-31,-4.81492501308678e-31,1.0101491273565284e-30,0.0,-27.789297103881836,-4.81492501308678e-31,27.789297103881836
17,-31.794368743896484,0.0,23.099960327148438,-5.792277095738982e-31,-4.810970179892873e-31,9.283840913020317e-31,0.0,-31.794368743896484,-4.810970179892873e-31,23.099960327148438
18,-35.01655578613281,0.0,17.841827392578125,-7.178584133239998e-31,-4.812225137661811e-31,8.261227595884054e-31,0.0,-35.01655578613281,-4.812225137661811e-31,17.841827392578125
19,-37.376522064208984,0.0,12.144368171691895,-8.392558526735323e-31,-4.818038192325497e-31,7.05608962852273e-31,0.0,-37.376522064208984,-4.818038192325497e-31,12.144368171691895
20,-38.8161506652832,0.0,6.147873878479004,-9.411895506016975e-31,-4.827065518742072e-31,5.688698175917406e-31,0.0,-38.8161506652832,-4.827065518742072e-31,6.147873878479004
21,-39.29999923706055,0.0,0.0,-1.0209624528699686e-30,-4.836205222418586e-31,4.1800851829929935e-31,0.0,-39.29999923706055,-4.836205222418586e-31,4.1800851829929935e-31
22,-38.8161506652832,0.0,-6.147873878479004,-1.0759440852398496e-30,-4.84291588456856e-31,2.5576909196773484e-31,0.0,-38.8161506652832,-4.84291588456856e-31,-6.147873878479004
23,-37.376522064208984,0.0,-12.144368171691895,-1.1037941795181755e-30,-4.845558866066949e-31,8.560241385286902e-32,0.0,-37.376522064208984,-4.845558866066949e-31,-12.144368171691895
24,-35.01655578613281,0.0,-17.841827392578125,-1.1024033346022825e-30,-4.841594628918236e-31,-8.81279634656107e-32,0.0,-35.01655578613281,-4.841594628918236e-31,-17.841827392578125
25,-31.794368743896484,0.0,-23.099960327148438,-1.0711136498139026e-30,-4.83076456436524e-31,-2.5998965741458823e-31,0.0,-31.794368743896484,-4.83076456436524e-31,-23.099960327148438
26,-27.789297103881836,0.0,-27.789297103881836,-1.0117092434589398e-30,-4.818662614924654e-31,-4.253564394467414e-31,0.0,-27.789297103881836,-4.818662614924654e-31,-27.789297103881836
27,-23.099960327148438,0.0,-31.794368743896484,-9.268859472617958e-31,-4.80920693836664e-31,-5.808063984870525e-31,0.0,-23.099960327148438,-4.80920693836664e-31,-31.794368743896484
28,-17.841827392578125,0.0,-35.01655578613281,-8.19007257184008e-31,-4.804298073957606e-31,-7.217997988625329e-31,0.0,-17.841827392578125,-4.804298073957606e-31,-35.01655578613281
29,-12.144368171691895,0.0,-37.376522064208984,-6.910699315037886e-31,-4.801553529747306e-31,-8.436580319975878e-31,0.0,-12.144368171691895,-4.801553529747306e-31,-37.376522064208984
30,-6.147873878479004,0.0,-38.8161506652832,-5.468502223132673e-31,-4.800431167741141e-31,-9.435192863654792e-31,0.0,-6.147873878479004,-4.800431167741141e-31,-38.8161506652832
31,-0.0,0.0,-39.29999923706055,-3.902033043952879e-31,-4.80175994655531e-31,-1.0197142659484915e-30,0.0,-3.902033043952879e-31,-4.80175994655531e-31,-39.29999923706055
32,6.147873878479004,0.0,-38.8161506652832,-2.2483057436171957e-31,-4.805308058703832e-31,-1.0709345044748373e-30,0.0,6.147873878479004,-4.805308058703832e-31,-38.8161506652832
33,12.144368171691895,0.0,-37.376522064208984,-5.432104568702117e-32,-4.810526783423743e-31,-1.0962802315486233e-30,0.0,12.144368171691895,-4.810526783423743e-31,-37.376522064208984
34,17.841827392578125,0.0,-35.01655578613281,1.1779469022358431e-31,-4.816876803906885e-31,-1.0951622894012172e-30,0.0,17.841827392578125,-4.816876803906885e-31,-35.01655578613281
35,23.099960327148438,0.0,-31.794368743896484,2.878509894189079e-31,-4.823662227497572e-31,-1.0672811620720297e-30,0.0,23.099960327148438,-4.823662227497572e-31,-31.794368743896484
36,27.789297103881836,0.0,-27.789297103881836,4.519314985126173e-31,-4.8301692940259834e-31,-1.012781670465082e-30,0.0,27.789297103881836,-4.8301692940259834e-31,-27.789297103881836
37,31.794368743896484,0.0,-23.099960327148438,6.058854294025239e-31,-4.8357303227008535e-31,-9.324770685920469e-31,0.0,31.794368743896484,-4.8357303227008535e-31,-23.099960327148438
38,35.01655578613281,0.0,-17.841827392578125,7.455125291841565e-31,-4.839853486685798e-31,-8.280401319339186e-31,0.0,35.01655578613281,-4.839853486685798e-31,-17.841827392578125
39,37.376522064208984,0.0,-12.144368171691895,8.668653937879059e-31,-4.842378448551364e-31,-7.020947049410547e-31,0.0,37.376522064208984,-4.842378448551364e-31,-12.144368171691895
40,38.8161506652832,0.0,-6.147873878479004,9.665823914890644e-31,-4.8435713402185785e-31,-5.5813463894274305e-31,0.0,38.8161506652832,-4.8435713402185785e-31,-6.147873878479004
41,35.80722427368164,1.5208330154418945,0.0,-0.0020295819267630577,-0.005099472124129534,-6.684183512455619e-20,0.005488517228513956,35.80519469175488,1.515733543317765,-6.684183512455619e-20
42,35.36637878417969,1.5208330154418945,5.6014838218688965,-0.002004733309149742,-0.005099739413708448,-0.00031764336745254695,0.005488824564963579,35.36437405087054,1.515733276028186,5.601166178501444
43,34.05469512939453,1.5208330154418945,11.065040588378906,-0.0019308611517772079,-0.005100888200104237,-0.0006278210203163326,0.005490122362971306,34.052764268242754,1.5157321272417903,11.06441276735859
44,31.90447235107422,1.5208330154418945,16.256139755249023,-0.00180992076639086,-0.0051038870587944984,-0.0009233746095560491,0.005493459291756153,31.902662430307828,1.5157291283831,16.255216380639467
45,28.96865463256836,1.5208330154418945,21.046958923339844,-0.0016449681716039777,-0.00511012552306056,-0.0011976895621046424,0.005500342231243849,28.967009664396755,1.515722889918834,21.04576123377774
46,25.31953239440918,1.5208330154418945,25.31953239440918,-0.0014399252831935883,-0.005121115129441023,-0.0014448165893554688,0.00551241310313344,25.318092469125986,1.5157119003124535,25.318087577819824
47,21.046958923339844,1.5208330154418945,28.96865463256836,-0.001199344638735056,-0.005138088017702103,-0.0016594498883932829,0.005531017202883959,21.04575957870111,1.5156949274241924,28.966995182679966
48,16.256139755249023,1.5208330154418945,31.90447235107422,-0.0009282662649638951,-0.005161570385098457,-0.0018367989687249064,0.0055567361414432526,16.25521148898406,1.515671445056796,31.902635552105494
49,11.065040588378906,1.5208330154418945,34.05469512939453,-0.0006322202389128506,-0.005191053729504347,-0.0019724383018910885,0.005589029751718044,11.064408368139993,1.5156419617123902,34.05272269109264
50,5.6014838218688965,1.5208330154418945,35.36637878417969,-0.000317370897391811,-0.005224856548011303,-0.0020622590091079473,0.005626078695058823,5.601166450971505,1.5156081588938832,35.36431652517058
51,0.0,1.5208330154418945,35.80722427368164,9.283616236643866e-06,-0.005260260310024023,-0.002102616475895047,0.005664928816258907,9.283616236643866e-06,1.5155727551318705,35.805121657205746
52,-5.6014838218688965,1.5208330154418945,35.36637878417969,0.0003398088738322258,-0.005294224247336388,-0.002090799156576395,0.005702255759388208,-5.601144012995064,1.5155387911945581,35.36428798502311
53,-11.065040588378906,1.5208330154418945,34.05469512939453,0.0006654341705143452,-0.005323686171323061,-0.0020254626870155334,0.005734713282436132,-11.064375154208392,1.5155093292705715,34.052669666707516
54,-16.256139755249023,1.5208330154418945,31.90447235107422,0.0009771600598469377,-0.005347148049622774,-0.0019075153395533562,0.005760681349784136,-16.255162595189176,1.5154858673922718,31.902564835734665
55,-21.046958923339844,1.5208330154418945,28.96865463256836,0.0012654949678108096,-0.0053609744645655155,-0.0017383038066327572,0.0057760910131037235,-21.045693428372033,1.515472040977329,28.966916328761727
56,-25.31953239440918,1.5208330154418945,25.31953239440918,0.0015195917803794146,-0.005358566530048847,-0.0015200660564005375,0.005773560144007206,-25.3180128026288,1.5154744489118457,25.31801232835278
57,-28.96865463256836,1.5208330154418945,21.046958923339844,0.001732456497848034,-0.0053443764336407185,-0.0012612787541002035,0.005758001934736967,-28.96692217607051,1.5154886390082538,21.045697644585744
58,-31.90447235107422,1.5208330154418945,16.256139755249023,0.0019018815364688635,-0.005328834522515535,-0.000972248031757772,0.0057409838773310184,-31.90257046953775,1.515504180919379,16.255167507217266
59,-34.05469512939453,1.5208330154418945,11.065040588378906,0.0020248782820999622,-0.005315148737281561,-0.0006606198148801923,0.005726024508476257,-34.05267025111243,1.515517866704613,11.064379968564026
60,-35.36637878417969,1.5208330154418945,5.6014838218688965,0.0020991454366594553,-0.005305351689457893,-0.00033399093081243336,0.005715305916965008,-35.36427963874303,1.5155276637524366,5.601149830938084
61,-35.80722427368164,1.5208330154418945,0.0,0.0021240077912807465,-0.005301914643496275,3.43532761284218e-20,0.005711541511118412,-35.80510026589036,1.5155311007983983,3.43532761284218e-20
62,-35.36637878417969,1.5208330154418945,-5.6014838218688965,0.0020991454366594553,-0.005305351689457893,0.00033399093081243336,0.005715305916965008,-35.36427963874303,1.5155276637524366,-5.601149830938084
63,-34.05469512939453,1.5208330154418945,-11.065040588378906,0.0020248782820999622,-0.005315148737281561,0.0006606198148801923,0.005726024508476257,-34.05267025111243,1.515517866704613,-11.064379968564026
64,-31.90447235107422,1.5208330154418945,-16.256139755249023,0.0019018815364688635,-0.005328834522515535,0.000972248031757772,0.0057409838773310184,-31.90257046953775,1.515504180919379,-16.255167507217266
65,-28.96865463256836,1.5208330154418945,-21.046958923339844,0.001732456497848034,-0.0053443764336407185,0.0012612787541002035,0.005758001934736967,-28.96692217607051,1.5154886390082538,-21.045697644585744
66,-25.31953239440918,1.5208330154418945,-25.31953239440918,0.0015195917803794146,-0.005358566530048847,0.0015200660564005375,0.005773560144007206,-25.3180128026288,1.5154744489118457,-25.31801232835278
67,-21.046958923339844,1.5208330154418945,-28.96865463256836,0.0012654949678108096,-0.0053609744645655155,0.0017383038066327572,0.0057760910131037235,-21.045693428372033,1.515472040977329,-28.966916328761727
68,-16.256139755249023,1.5208330154418945,-31.90447235107422,0.0009771600598469377,-0.005347148049622774,0.0019075153395533562,0.005760681349784136,-16.255162595189176,1.5154858673922718,-31.902564835734665
69,-11.065040588378906,1.5208330154418945,-34.05469512939453,0.0006654341705143452,-0.005323686171323061,0.0020254626870155334,0.005734713282436132,-11.064375154208392,1.5155093292705715,-34.052669666707516
70,-5.6014838218688965,1.5208330154418945,-35.36637878417969,0.0003398088738322258,-0.005294224247336388,0.002090799156576395,0.005702255759388208,-5.601144012995064,1.5155387911945581,-35.36428798502311
71,-0.0,1.5208330154418945,-35.80722427368164,9.283616236643866e-06,-0.005260260310024023,0.002102616475895047,0.005664928816258907,9.283616236643866e-06,1.5155727551318705,-35.805121657205746
72,5.6014838218688965,1.5208330154418945,-35.36637878417969,-0.000317370897391811,-0.005224856548011303,0.0020622590091079473,0.005626078695058823,5.601166450971505,1.5156081588938832,-35.36431652517058
73,11.065040588378906,1.5208330154418945,-34.05469512939453,-0.0006322202389128506,-0.005191053729504347,0.0019724383018910885,0.005589029751718044,11.064408368139993,1.5156419617123902,-34.05272269109264
74,16.256139755249023,1.5208330154418945,-31.90447235107422,-0.0009282662649638951,-0.005161570385098457,0.0018367989687249064,0.0055567361414432526,16.25521148898406,1.515671445056796,-31.902635552105494
75,21.046958923339844,1.5208330154418945,-28.96865463256836,-0.001199344638735056,-0.005138088017702103,0.0016594498883932829,0.005531017202883959,21.04575957870111,1.5156949274241924,-28.966995182679966
76,25.31953239440918,1.5208330154418945,-25.31953239440918,-0.0014399252831935883,-0.005121115129441023,0.0014448165893554688,0.00551241310313344,25.318092469125986,1.5157119003124535,-25.318087577819824
77,28.96865463256836,1.5208330154418945,-21.046958923339844,-0.0016449681716039777,-0.00511012552306056,0.0011976895621046424,0.005500342231243849,28.967009664396755,1.515722889918834,-21.04576123377774
78,31.90447235107422,1.5208330154418945,-16.256139755249023,-0.00180992076639086,-0.0051038870587944984,0.0009233746095560491,0.005493459291756153,31.902662430307828,1.5157291283831,-16.255216380639467
79,34.05469512939453,1.5208330154418945,-11.065040588378906,-0.0019308611517772079,-0.005100888200104237,0.0006278210203163326,0.005490122362971306,34.052764268242754,1.5157321272417903,-11.06441276735859
80,35.36637878417969,1.5208330154418945,-5.6014838218688965,-0.002004733309149742,-0.005099739413708448,0.00031764336745254695,0.005488824564963579,35.36437405087054,1.515733276028186,-5.601166178501444
81,32.314453125,3.0416669845581055,0.0,-0.004348090849816799,-0.010707548819482327,-3.7592099231933766e-19,0.011556707322597504,32.31010503415018,3.030959435738623,-3.7592099231933766e-19
82,31.916606903076172,3.0416669845581055,5.055093765258789,-0.004294403363019228,-0.010706931352615356,-0.0006803452270105481,0.01155608706176281,31.912312499713153,3.03096005320549,5.0544134200317785
83,30.73287010192871,3.0416669845581055,9.98571491241455,-0.00413489667698741,-0.010705893859267235,-0.0013442342169582844,0.011555107310414314,30.728735205251724,3.0309610906988382,9.984370678197592
84,28.792387008666992,3.0416669845581055,14.670454025268555,-0.003874066285789013,-0.010706736706197262,-0.001975972205400467,0.01155625656247139,28.788512942381203,3.030960247851908,14.668478053063154
85,26.142940521240234,3.0416669845581055,18.99395751953125,-0.0035189029294997454,-0.010712828487157822,-0.0025612206663936377,0.011563184671103954,26.139421618310735,3.0309541560709476,18.991396298864856
86,22.849767684936523,3.0416669845581055,22.849767684936523,-0.0030782802496105433,-0.010727927088737488,-0.003087290097028017,0.011579965241253376,22.846689404686913,3.030939057469368,22.846680394839495
87,18.99395751953125,3.0416669845581055,26.142940521240234,-0.0025623536203056574,-0.010755290277302265,-0.003543083555996418,0.011610141023993492,18.991395165910944,3.030911694280803,26.139397437684238
88,14.670454025268555,3.0416669845581055,28.792387008666992,-0.0019821657333523035,-0.0107966847717762,-0.003918746951967478,0.011655640788376331,14.668471859535202,3.0308702997863293,28.788468261715025
89,9.98571491241455,3.0416669845581055,30.73287010192871,-0.0013496276224032044,-0.010851599276065826,-0.0042052618227899075,0.011715926229953766,9.984365284792148,3.0308153852820396,30.72866484010592
90,5.055093765258789,3.0416669845581055,31.916606903076172,-0.0006778324604965746,-0.010916763916611671,-0.00439418712630868,0.011787453666329384,5.0544159327982925,3.030750220641494,31.912212715949863
91,0.0,3.0416669845581055,32.314453125,1.8423959772917442e-05,-0.010986531153321266,-0.004477993585169315,0.011864090338349342,1.8423959772917442e-05,3.030680453404784,32.30997513141483
92,-5.055093765258789,3.0416669845581055,31.916606903076172,0.0007223208085633814,-0.011053729802370071,-0.004450775682926178,0.011938010342419147,-5.054371444450226,3.0306132547557354,31.912156127393246
93,-9.98571491241455,3.0416669845581055,30.73287010192871,0.001415190869010985,-0.01111109834164381,-0.004309460520744324,0.01200127974152565,-9.98429972154554,3.0305558862164617,30.728560641407967
94,-14.670454025268555,3.0416669845581055,28.792387008666992,0.002077537588775158,-0.011154109612107277,-0.004055645316839218,0.01204900722950697,-14.66837648767978,3.030512874945998,28.788331363350153
95,-18.99395751953125,3.0416669845581055,26.142940521240234,0.0026886453852057457,-0.011175314895808697,-0.0036929668858647346,0.012072882615029812,-18.991268874146044,3.0304916696622968,26.13924755435437
96,-22.849767684936523,3.0416669845581055,22.849767684936523,0.0032270196825265884,-0.011165463365614414,-0.003228096989914775,0.012062414549291134,-22.846540665253997,3.030501521192491,22.84653958794661
97,-26.142940521240234,3.0416669845581055,18.99395751953125,0.003678391221910715,-0.01113247498869896,-0.0026778478641062975,0.012026363983750343,-26.139262130018324,3.0305345095694065,18.991279671667144
98,-28.792387008666992,3.0416669845581055,14.670454025268555,0.0040364814922213554,-0.01109426561743021,-0.0020631030201911926,0.011984669603407383,-28.78835052717477,3.0305727189406753,14.668390922248363
99,-30.73287010192871,3.0416669845581055,9.98571491241455,0.004295438062399626,-0.011059732176363468,-0.0014011282473802567,0.011947034858167171,-30.72857466386631,3.030607252381742,9.98431378416717
100,-31.916606903076172,3.0416669845581055,5.055093765258789,0.004451388493180275,-0.011034953407943249,-0.0007081280928105116,0.011920004151761532,-31.91215551458299,3.030632031150162,5.0543856371659786
101,-32.314453125,3.0416669845581055,0.0,0.0045034694485366344,-0.011026053689420223,1.5792343554285166e-19,0.01191029418259859,-32.30994965555146,3.0306409308686852,1.5792343554285166e-19
102,-31.916606903076172,3.0416669845581055,-5.055093765258789,0.004451388493180275,-0.011034953407943249,0.0007081280928105116,0.011920004151761532,-31.91215551458299,3.030632031150162,-5.0543856371659786
103,-30.73287010192871,3.0416669845581055,-9.98571491241455,0.004295438062399626,-0.011059732176363468,0.0014011282473802567,0.011947034858167171,-30.72857466386631,3.030607252381742,-9.98431378416717
104,-28.792387008666992,3.0416669845581055,-14.670454025268555,0.0040364814922213554,-0.01109426561743021,0.0020631030201911926,0.011984669603407383,-28.78835052717477,3.0305727189406753,-14.668390922248363
105,-26.142940521240234,3.0416669845581055,-18.99395751953125,0.003678391221910715,-0.01113247498869896,0.0026778478641062975,0.012026363983750343,-26.139262130018324,3.0305345095694065,-18.991279671667144
106,-22.849767684936523,3.0416669845581055,-22.849767684936523,0.0032270196825265884,-0.011165463365614414,0.003228096989914775,0.012062414549291134,-22.846540665253997,3.030501521192491,-22.84653958794661
107,-18.99395751953125,3.0416669845581055,-26.142940521240234,0.0026886453852057457,-0.011175314895808697,0.0036929668858647346,0.012072882615029812,-18.991268874146044,3.0304916696622968,-26.13924755435437
108,-14.670454025268555,3.0416669845581055,-28.792387008666992,0.002077537588775158,-0.011154109612107277,0.004055645316839218,0.01204900722950697,-14.66837648767978,3.030512874945998,-28.788331363350153
109,-9.98571491241455,3.0416669845581055,-30.73287010192871,0.001415190869010985,-0.01111109834164381,0.004309460520744324,0.01200127974152565,-9.98429972154554,3.0305558862164617,-30.728560641407967
110,-5.055093765258789,3.0416669845581055,-31.916606903076172,0.0007223208085633814,-0.011053729802370071,0.004450775682926178,0.011938010342419147,-5.054371444450226,3.0306132547557354,-31.912156127393246
111,-0.0,3.0416669845581055,-32.314453125,1.8423959772917442e-05,-0.010986531153321266,0.004477993585169315,0.011864090338349342,1.8423959772917442e-05,3.030680453404784,-32.30997513141483
112,5.055093765258789,3.0416669845581055,-31.916606903076172,-0.0006778324604965746,-0.010916763916611671,0.00439418712630868,0.011787453666329384,5.0544159327982925,3.030750220641494,-31.912212715949863
113,9.98571491241455,3.0416669845581055,-30.73287010192871,-0.0013496276224032044,-0.010851599276065826,0.0042052618227899075,0.011715926229953766,9.984365284792148,3.0308153852820396,-30.72866484010592
114,14.670454025268555,3.0416669845581055,-28.792387008666992,-0.0019821657333523035,-0.0107966847717762,0.003918746951967478,0.011655640788376331,14.668471859535202,3.0308702997863293,-28.788468261715025
115,18.99395751953125,3.0416669845581055,-26.142940521240234,-0.0025623536203056574,-0.010755290277302265,0.003543083555996418,0.011610141023993492,18.991395165910944,3.030911694280803,-26.139397437684238
116,22.849767684936523,3.0416669845581055,-22.849767684936523,-0.0030782802496105433,-0.010727927088737488,0.003087290097028017,0.011579965241253376,22.846689404686913,3.030939057469368,-22.846680394839495
117,26.142940521240234,3.0416669845581055,-18.99395751953125,-0.0035189029294997454,-0.010712828487157822,0.0025612206663936377,0.011563184671103954,26.139421618310735,3.0309541560709476,-18.991396298864856
118,28.792387008666992,3.0416669845581055,-14.670454025268555,-0.003874066285789013,-0.010706736706197262,0.001975972205400467,0.01155625656247139,28.788512942381203,3.030960247851908,-14.668478053063154
119,30.73287010192871,3.0416669845581055,-9.98571491241455,-0.00413489667698741,-0.010705893859267235,0.0013442342169582844,0.011555107310414314,30.728735205251724,3.0309610906988382,-9.984370678197592
120,31.916606903076172,3.0416669845581055,-5.055093765258789,-0.004294403363019228,-0.010706931352615356,0.0006803452270105481,0.01155608706176281,31.912312499713153,3.03096005320549,-5.0544134200317785
121,30.00792694091797,4.5625,0.0,-0.0037138271145522594,-0.009846980683505535,4.078144401011799e-19,0.010524045675992966,30.004213113803416,4.5526530193164945,4.078144401011799e-19
122,29.638479232788086,4.5625,4.694273948669434,-0.0036670402623713017,-0.009844857268035412,-0.0005811325390823185,0.010521696880459785,29.634812192525715,4.552655142731965,4.693692816130351
123,28.53923225402832,4.5625,9.272958755493164,-0.0035282161552459,-0.00983935035765171,-0.0011473483173176646,0.010515585541725159,28.535704037873074,4.552660649642348,9.271811407175846
124,26.737258911132812,4.5625,13.623312950134277,-0.003301795106381178,-0.009832926094532013,-0.0016845758073031902,0.010508381761610508,26.73395711602643,4.552667073905468,13.621628374326974
125,24.27692222595215,4.5625,17.638216018676758,-0.00299462559632957,-0.00982927717268467,-0.002180264098569751,0.010504095815122128,24.27392760035582,4.552670722827315,17.636035754578188
126,21.218807220458984,4.5625,21.218807220458984,-0.0026152697391808033,-0.009832693263888359,-0.002623752225190401,0.010507404804229736,21.216191950719804,4.552667306736112,21.216183468233794
127,17.638216018676758,4.5625,24.27692222595215,-0.0021732475142925978,-0.00984717346727848,-0.0030062235891819,0.010522699914872646,17.636042771162465,4.5526528265327215,24.273916002362967
128,13.623312950134277,4.5625,26.737258911132812,-0.0016784858889877796,-0.009875424206256866,-0.0033202937338501215,0.010552993044257164,13.62163446424529,4.552624575793743,26.733938617398962
129,9.272958755493164,4.5625,28.53923225402832,-0.0011411416344344616,-0.009917919524013996,-0.0035593875218182802,0.010598895139992237,9.27181761385873,4.552582080475986,28.535672866506502
130,4.694273948669434,4.5625,29.638479232788086,-0.0005718826432712376,-0.009972242638468742,-0.003717177314683795,0.01065786462277174,4.693702066026162,4.552527757361531,29.634762055473402
131,0.0,4.5625,30.00792694091797,1.7439702787669376e-05,-0.010033175349235535,-0.0037875294219702482,0.010724284686148167,1.7439702787669376e-05,4.5524668246507645,30.004139411496
132,-4.694273948669434,4.5625,29.638479232788086,0.0006131554255262017,-0.01009303331375122,-0.003764787456020713,0.010789759457111359,-4.693660793243907,4.552406966686249,29.634714445332065
133,-9.272958755493164,4.5625,28.53923225402832,0.0011993460357189178,-0.010143210180103779,-0.0036449949257075787,0.01084477361291647,-9.271759409457445,4.552356789819896,28.535587259102613
134,-13.623312950134277,4.5625,26.737258911132812,0.0017586308531463146,-0.010177280753850937,-0.0034283827990293503,0.010882262140512466,-13.621554319281131,4.552322719246149,26.733830528333783
135,-17.638216018676758,4.5625,24.27692222595215,0.0022731588687747717,-0.010189106687903404,-0.0031185750849545,0.010895442217588425,-17.635942859807983,4.552310893312097,24.273803650867194
136,-21.218807220458984,4.5625,21.218807220458984,0.00272518303245306,-0.010173826478421688,-0.002722922246903181,0.010878771543502808,-21.21608203742653,4.552326173521578,21.21608429821208
137,-24.27692222595215,4.5625,17.638216018676758,0.0031021414324641228,-0.010137625969946384,-0.0022560851648449898,0.010839033871889114,-24.273820084519684,4.552362374030054,17.635959933511913
138,-26.737258911132812,4.5625,13.623312950134277,0.0033981106244027615,-0.010093793272972107,-0.0017354873707517982,0.010790909640491009,-26.73386080050841,4.552406206727028,13.621577462763526
139,-28.53923225402832,4.5625,9.272958755493164,0.0036094619426876307,-0.010052409954369068,-0.0011766249081119895,0.010745399631559849,-28.535622792085633,4.552447590045631,9.271782130585052
140,-29.638479232788086,4.5625,4.694273948669434,0.0037354042287915945,-0.01002245768904686,-0.00059390754904598,0.010712404735386372,-29.634743828559294,4.552477542310953,4.693680041120388
141,-30.00792694091797,4.5625,0.0,0.003777207573875785,-0.010011589154601097,-3.9237800910002157e-19,0.01070043072104454,-30.004149733344093,4.552488410845399,-3.9237800910002157e-19
142,-29.638479232788086,4.5625,-4.694273948669434,0.0037354042287915945,-0.01002245768904686,0.00059390754904598,0.010712404735386372,-29.634743828559294,4.552477542310953,-4.693680041120388
143,-28.53923225402832,4.5625,-9.272958755493164,0.0036094619426876307,-0.010052409954369068,0.0011766249081119895,0.010745399631559849,-28.535622792085633,4.552447590045631,-9.271782130585052
144,-26.737258911132812,4.5625,-13.623312950134277,0.0033981106244027615,-0.010093793272972107,0.0017354873707517982,0.010790909640491009,-26.73386080050841,4.552406206727028,-13.621577462763526
145,-24.27692222595215,4.5625,-17.638216018676758,0.0031021414324641228,-0.010137625969946384,0.0022560851648449898,0.010839033871889114,-24.273820084519684,4.552362374030054,-17.635959933511913
146,-21.218807220458984,4.5625,-21.218807220458984,0.00272518303245306,-0.010173826478421688,0.002722922246903181,0.010878771543502808,-21.21608203742653,4.552326173521578,-21.21608429821208
147,-17.638216018676758,4.5625,-24.27692222595215,0.0022731588687747717,-0.010189106687903404,0.0031185750849545,0.010895442217588425,-17.635942859807983,4.552310893312097,-24.273803650867194
148,-13.623312950134277,4.5625,-26.737258911132812,0.0017586308531463146,-0.010177280753850937,0.0034283827990293503,0.010882262140512466,-13.621554319281131,4.552322719246149,-26.733830528333783
149,-9.272958755493164,4.5625,-28.53923225402832,0.0011993460357189178,-0.010143210180103779,0.0036449949257075787,0.01084477361291647,-9.271759409457445,4.552356789819896,-28.535587259102613
150,-4.694273948669434,4.5625,-29.638479232788086,0.0006131554255262017,-0.01009303331375122,0.003764787456020713,0.010789759457111359,-4.693660793243907,4.552406966686249,-29.634714445332065
151,-0.0,4.5625,-30.00792694091797,1.7439702787669376e-05,-0.010033175349235535,0.0037875294219702482,0.010724284686148167,1.7439702787669376e-05,4.5524668246507645,-30.004139411496
152,4.694273948669434,4.5625,-29.638479232788086,-0.0005718826432712376,-0.009972242638468742,0.003717177314683795,0.01065786462277174,4.693702066026162,4.552527757361531,-29.634762055473402
153,9.272958755493164,4.5625,-28.53923225402832,-0.0011411416344344616,-0.009917919524013996,0.0035593875218182802,0.010598895139992237,9.27181761385873,4.552582080475986,-28.535672866506502
154,13.623312950134277,4.5625,-26.737258911132812,-0.0016784858889877796,-0.009875424206256866,0.0033202937338501215,0.010552993044257164,13.62163446424529,4.552624575793743,-26.733938617398962
155,17.638216018676758,4.5625,-24.27692222595215,-0.0021732475142925978,-0.00984717346727848,0.0030062235891819,0.010522699914872646,17.636042771162465,4.5526528265327215,-24.273916002362967
156,21.218807220458984,4.5625,-21.218807220458984,-0.0026152697391808033,-0.009832693263888359,0.002623752225190401,0.010507404804229736,21.216191950719804,4.552667306736112,-21.216183468233794
157,24.27692222595215,4.5625,-17.638216018676758,-0.00299462559632957,-0.00982927717268467,0.002180264098569751,0.010504095815122128,24.27392760035582,4.552670722827315,-17.636035754578188
158,26.737258911132812,4.5625,-13.623312950134277,-0.003301795106381178,-0.009832926094532013,0.0016845758073031902,0.010508381761610508,26.73395711602643,4.552667073905468,-13.621628374326974
159,28.53923225402832,4.5625,-9.272958755493164,-0.0035282161552459,-0.00983935035765171,0.0011473483173176646,0.010515585541725159,28.535704037873074,4.552660649642348,-9.271811407175846
160,29.638479232788086,4.5625,-4.694273948669434,-0.0036670402623713017,-0.009844857268035412,0.0005811325390823185,0.010521696880459785,29.634812192525715,4.552655142731965,-4.693692816130351
161,27.701400756835938,6.0833330154418945,0.0,-0.0025328933261334896,-0.008147004060447216,2.865309180925763e-19,0.008531659841537476,27.698867863509804,6.075186011381447,2.865309180925763e-19
162,27.360349655151367,6.0833330154418945,4.333454132080078,-0.0025002460461109877,-0.008144179359078407,-0.000396596675273031,0.008528551086783409,27.357849409105256,6.075188836082816,4.333057535404805
163,26.345596313476562,6.0833330154418945,8.560202598571777,-0.0024034930393099785,-0.0081364456564188,-0.0007823214982636273,0.008520008996129036,26.343192820437253,6.075196569785476,8.559420277073514
164,24.68212890625,6.0833330154418945,12.576171875,-0.0022460571490228176,-0.008125925436615944,-0.0011469945311546326,0.008508292026817799,24.679882849100977,6.075207090005279,12.575024880468845
165,22.410903930664062,6.0833330154418945,16.282474517822266,-0.002033218042925,-0.008115848526358604,-0.0014817003393545747,0.008496847003698349,22.408870712621137,6.075217166915536,16.28099281748291
166,19.587848663330078,6.0833330154418945,19.587848663330078,-0.0017715467838570476,-0.008110078051686287,-0.0017791350837796926,0.00848982110619545,19.58607711654622,6.075222937390208,19.5860695282463
167,16.282474517822266,6.0833330154418945,22.410903930664062,-0.0014682686887681484,-0.008112414740025997,-0.0020336362067610025,0.0084913345053792,16.281006249133497,6.0752206007018685,22.4088702944573
168,12.576171875,6.0833330154418945,24.68212890625,-0.0011307222303003073,-0.008125783875584602,-0.0022408857475966215,0.008504614233970642,12.5750411527697,6.07520723156631,24.679888020502403
169,8.560202598571777,6.0833330154418945,26.345596313476562,-0.0007660927949473262,-0.008151398040354252,-0.00239737331867218,0.008531095460057259,8.55943650577683,6.07518161740154,26.34319894015789
170,4.333454132080078,6.0833330154418945,27.360349655151367,-0.00038151329499669373,-0.00818804930895567,-0.0024997517466545105,0.008569624274969101,4.333072618785081,6.075144966132939,27.357849903404713
171,0.0,6.0833330154418945,27.701400756835938,1.5426796380779706e-05,-0.00823182612657547,-0.0025444531347602606,0.008616114966571331,1.5426796380779706e-05,6.075101189315319,27.698856303701177
172,-4.333454132080078,6.0833330154418945,27.360349655151367,0.0004159342497587204,-0.00827622227370739,-0.0025276215746998787,0.008663586340844631,-4.333038197830319,6.075056793168187,27.357822033576667
173,-8.560202598571777,6.0833330154418945,26.345596313476562,0.0008093335200101137,-0.00831285398453474,-0.0024456309620290995,0.008702853694558144,-8.559393265051767,6.07502016145736,26.343150682514533
174,-12.576171875,6.0833330154418945,24.68212890625,0.001183584681712091,-0.008334875106811523,-0.0022978384513407946,0.008726458065211773,-12.574988290318288,6.074998140335083,24.67983106779866
175,-16.282474517822266,6.0833330154418945,22.410903930664062,0.0015265997499227524,-0.00833848025649786,-0.0020875073969364166,0.00873031746596098,-16.280947918072343,6.074994535185397,22.408816423267126
176,-19.587848663330078,6.0833330154418945,19.587848663330078,0.001826940686441958,-0.00832215603441,-0.0018205582164227962,0.00871265958994627,-19.586021722643636,6.0750108594074845,19.586028105113655
177,-22.410903930664062,6.0833330154418945,16.282474517822266,0.0020762733183801174,-0.008289874531328678,-0.0015066448831930757,0.008677724748849869,-22.408827657345682,6.075043140910566,16.280967872939073
178,-24.68212890625,6.0833330154418945,12.576171875,0.002269993769004941,-0.008249676786363125,-0.0011572354706004262,0.008634189143776894,-24.679858912480995,6.075083338655531,12.5750146395294
179,-26.345596313476562,6.0833330154418945,8.560202598571777,0.002406148938462138,-0.00821024551987648,-0.0007832463597878814,0.00859134178608656,-26.3431901645381,6.075122769922018,8.55941935221199
180,-27.360349655151367,6.0833330154418945,4.333454132080078,0.0024862412828952074,-0.008181487210094929,-0.00039480943814851344,0.008560024201869965,-27.357863413868472,6.0751515282318,4.33305932264193
181,-27.701400756835938,6.0833330154418945,0.0,0.002512688748538494,-0.00817108154296875,-7.895195962513712e-19,0.008548694662749767,-27.6988880680874,6.075161933898926,-7.895195962513712e-19
182,-27.360349655151367,6.0833330154418945,-4.333454132080078,0.0024862412828952074,-0.008181487210094929,0.00039480943814851344,0.008560024201869965,-27.357863413868472,6.0751515282318,-4.33305932264193
183,-26.345596313476562,6.0833330154418945,-8.560202598571777,0.002406148938462138,-0.00821024551987648,0.0007832463597878814,0.00859134178608656,-26.3431901645381,6.075122769922018,-8.55941935221199
184,-24.68212890625,6.0833330154418945,-12.576171875,0.002269993769004941,-0.008249676786363125,0.0011572354706004262,0.008634189143776894,-24.679858912480995,6.075083338655531,-12.5750146395294
185,-22.410903930664062,6.0833330154418945,-16.282474517822266,0.0020762733183801174,-0.008289874531328678,0.0015066448831930757,0.008677724748849869,-22.408827657345682,6.075043140910566,-16.280967872939073
186,-19.587848663330078,6.0833330154418945,-19.587848663330078,0.001826940686441958,-0.00832215603441,0.0018205582164227962,0.00871265958994627,-19.586021722643636,6.0750108594074845,-19.586028105113655
187,-16.282474517822266,6.0833330154418945,-22.410903930664062,0.0015265997499227524,-0.00833848025649786,0.0020875073969364166,0.00873031746596098,-16.280947918072343,6.074994535185397,-22.408816423267126
188,-12.576171875,6.0833330154418945,-24.68212890625,0.001183584681712091,-0.008334875106811523,0.0022978384513407946,0.008726458065211773,-12.574988290318288,6.074998140335083,-24.67983106779866
189,-8.560202598571777,6.0833330154418945,-26.345596313476562,0.0008093335200101137,-0.00831285398453474,0.0024456309620290995,0.008702853694558144,-8.559393265051767,6.07502016145736,-26.343150682514533
190,-4.333454132080078,6.0833330154418945,-27.360349655151367,0.0004159342497587204,-0.00827622227370739,0.0025276215746998787,0.008663586340844631,-4.333038197830319,6.075056793168187,-27.357822033576667
191,-0.0,6.0833330154418945,-27.701400756835938,1.5426796380779706e-05,-0.00823182612657547,0.0025444531347602606,0.008616114966571331,1.5426796380779706e-05,6.075101189315319,-27.698856303701177
192,4.333454132080078,6.0833330154418945,-27.360349655151367,-0.00038151329499669373,-0.00818804930895567,0.0024997517466545105,0.008569624274969101,4.333072618785081,6.075144966132939,-27.357849903404713
193,8.560202598571777,6.0833330154418945,-26.345596313476562,-0.0007660927949473262,-0.008151398040354252,0.00239737331867218,0.008531095460057259,8.55943650577683,6.07518161740154,-26.34319894015789
194,12.576171875,6.0833330154418945,-24.68212890625,-0.0011307222303003073,-0.008125783875584602,0.0022408857475966215,0.008504614233970642,12.5750411527697,6.07520723156631,-24.679888020502403
195,16.282474517822266,6.0833330154418945,-22.410903930664062,-0.0014682686887681484,-0.008112414740025997,0.0020336362067610025,0.0084913345053792,16.281006249133497,6.0752206007018685,-22.4088702944573
196,19.587848663330078,6.0833330154418945,-19.587848663330078,-0.0017715467838570476,-0.008110078051686287,0.0017791350837796926,0.00848982110619545,19.58607711654622,6.075222937390208,-19.5860695282463
197,22.410903930664062,6.0833330154418945,-16.282474517822266,-0.002033218042925,-0.008115848526358604,0.0014817003393545747,0.008496847003698349,22.408870712621137,6.075217166915536,-16.28099281748291
198,24.68212890625,6.0833330154418945,-12.576171875,-0.0022460571490228176,-0.008125925436615944,0.0011469945311546326,0.008508292026817799,24.679882849100977,6.075207090005279,-12.575024880468845
199,26.345596313476562,6.0833330154418945,-8.560202598571777,-0.0024034930393099785,-0.0081364456564188,0.0007823214982636273,0.008520008996129036,26.343192820437253,6.075196569785476,-8.559420277073514
200,27.360349655151367,6.0833330154418945,-4.333454132080078,-0.0025002460461109877,-0.008144179359078407,0.000396596675273031,0.008528551086783409,27.357849409105256,6.075188836082816,-4.333057535404805
201,26.2310791015625,7.6041669845581055,0.0,-0.0019154857145622373,-0.007599480450153351,7.854931912221927e-19,0.007837167009711266,26.229163615847938,7.596567504107952,7.854931912221927e-19
202,25.908132553100586,7.6041669845581055,4.103445053100586,-0.0018908861093223095,-0.007597168907523155,-0.0003011676308233291,0.007834739051759243,25.906241666991264,7.596569815650582,4.103143885469763
203,24.94723892211914,7.6041669845581055,8.105849266052246,-0.001817929558455944,-0.007590813562273979,-0.0005939943948760629,0.00782803539186716,24.945420992560685,7.5965761709958315,8.10525527165737
204,23.37206268310547,7.6041669845581055,11.908660888671875,-0.001699067302979529,-0.007582073099911213,-0.0008705937652848661,0.007818733341991901,23.37036361580249,7.596584911458194,11.90779029490659
205,21.221389770507812,7.6041669845581055,15.418242454528809,-0.001538125448860228,-0.007573460228741169,-0.001123921130783856,0.0078093744814395905,21.219851645058952,7.596593524329364,15.417118533398025
206,18.548173904418945,7.6041669845581055,18.548173904418945,-0.0013399723684415221,-0.007567959371954203,-0.001348041812889278,0.007802996318787336,18.546833932050504,7.596599025186151,18.546825862606056
207,15.418242454528809,7.6041669845581055,21.221389770507812,-0.0011101409327238798,-0.007568520028144121,-0.0015382471028715372,0.0078026349656283855,15.417132313596085,7.596598464529961,21.21985152340494
208,11.908660888671875,7.6041669845581055,23.37206268310547,-0.0008544775191694498,-0.007577451877295971,-0.0016910041449591517,0.007810723502188921,11.907806411152706,7.5965895326808095,23.37037167896051
209,8.105849266052246,7.6041669845581055,24.94723892211914,-0.0005788846756331623,-0.007595824543386698,-0.0018037541303783655,0.0078284852206707,8.105270381376613,7.596571160014719,24.945435167988762
210,4.103445053100586,7.6041669845581055,25.908132553100586,-0.0002892022312153131,-0.007622853387147188,-0.0018744840053841472,0.007855267263948917,4.103155850869371,7.596544131170958,25.906258069095202
211,0.0,7.6041669845581055,26.2310791015625,8.585626346757635e-06,-0.007655671797692776,-0.0019014196004718542,0.007888268679380417,8.585626346757635e-06,7.596511312760413,26.229177681962028
212,-4.103445053100586,7.6041669845581055,25.908132553100586,0.00030797903309576213,-0.007689348421990871,-0.0018827746389433742,0.00792248547077179,-4.10313707406749,7.596477636136115,25.906249778461643
213,-8.105849266052246,7.6041669845581055,24.94723892211914,0.0006014103419147432,-0.007717316970229149,-0.001816719537600875,0.007951046340167522,-8.105247855710331,7.596449667587876,24.94542220258154
214,-11.908660888671875,7.6041669845581055,23.37206268310547,0.0008803681121207774,-0.007734012324362993,-0.0017033701296895742,0.00796815287321806,-11.907780520559754,7.5964329722337425,23.37035931297578
215,-15.418242454528809,7.6041669845581055,21.221389770507812,0.0011364298406988382,-0.007736301515251398,-0.0015452875522896647,0.007970554754137993,-15.41710602468811,7.596430683042854,21.219844482955523
216,-18.548173904418945,7.6041669845581055,18.548173904418945,0.0013614119961857796,-0.007723142392933369,-0.0013465628726407886,0.00795698445290327,-18.54681249242276,7.596443842165172,18.546827341546305
217,-21.221389770507812,7.6041669845581055,15.418242454528809,0.0015491193626075983,-0.007697535678744316,-0.0011140474816784263,0.007930506020784378,-21.219840651145205,7.596469448879361,15.41712840704713
218,-23.37206268310547,7.6041669845581055,11.908660888671875,0.0016960111679509282,-0.007665594574064016,-0.0008557536639273167,0.007897474803030491,-23.370366671937518,7.5965013899840415,11.907805135007948
219,-24.94723892211914,7.6041669845581055,8.105849266052246,0.0018000563140958548,-0.007634305860847235,-0.0005793226300738752,0.007865013554692268,-24.945438865805045,7.596532678697258,8.105269943422172
220,-25.908132553100586,7.6041669845581055,4.103445053100586,0.0018616809975355864,-0.007611558306962252,-0.00029210158390924335,0.007841364480555058,-25.90627087210305,7.596555426251143,4.103152951516677
221,-26.2310791015625,7.6041669845581055,0.0,0.0018821313278749585,-0.00760334637016058,-6.148527584901333e-19,0.007832834497094154,-26.229196970234625,7.596563638187945,-6.148527584901333e-19
222,-25.908132553100586,7.6041669845581055,-4.103445053100586,0.0018616809975355864,-0.007611558306962252,0.00029210158390924335,0.007841364480555058,-25.90627087210305,7.596555426251143,-4.103152951516677
223,-24.94723892211914,7.6041669845581055,-8.105849266052246,0.0018000563140958548,-0.007634305860847235,0.0005793226300738752,0.007865013554692268,-24.945438865805045,7.596532678697258,-8.105269943422172
224,-23.37206268310547,7.6041669845581055,-11.908660888671875,0.0016960111679509282,-0.007665594574064016,0.0008557536639273167,0.007897474803030491,-23.370366671937518,7.5965013899840415,-11.907805135007948
225,-21.221389770507812,7.6041669845581055,-15.418242454528809,0.0015491193626075983,-0.007697535678744316,0.0011140474816784263,0.007930506020784378,-21.219840651145205,7.596469448879361,-15.41712840704713
226,-18.548173904418945,7.6041669845581055,-18.548173904418945,0.0013614119961857796,-0.007723142392933369,0.0013465628726407886,0.00795698445290327,-18.54681249242276,7.596443842165172,-18.546827341546305
227,-15.418242454528809,7.6041669845581055,-21.221389770507812,0.0011364298406988382,-0.007736301515251398,0.0015452875522896647,0.007970554754137993,-15.41710602468811,7.596430683042854,-21.219844482955523
228,-11.908660888671875,7.6041669845581055,-23.37206268310547,0.0008803681121207774,-0.007734012324362993,0.0017033701296895742,0.00796815287321806,-11.907780520559754,7.5964329722337425,-23.37035931297578
229,-8.105849266052246,7.6041669845581055,-24.94723892211914,0.0006014103419147432,-0.007717316970229149,0.001816719537600875,0.007951046340167522,-8.105247855710331,7.596449667587876,-24.94542220258154
230,-4.103445053100586,7.6041669845581055,-25.908132553100586,0.00030797903309576213,-0.007689348421990871,0.0018827746389433742,0.00792248547077179,-4.10313707406749,7.596477636136115,-25.906249778461643
231,-0.0,7.6041669845581055,-26.2310791015625,8.585626346757635e-06,-0.007655671797692776,0.0019014196004718542,0.007888268679380417,8.585626346757635e-06,7.596511312760413,-26.229177681962028
232,4.103445053100586,7.6041669845581055,-25.908132553100586,-0.0002892022312153131,-0.007622853387147188,0.0018744840053841472,0.007855267263948917,4.103155850869371,7.596544131170958,-25.906258069095202
233,8.105849266052246,7.6041669845581055,-24.94723892211914,-0.0005788846756331623,-0.007595824543386698,0.0018037541303783655,0.0078284852206707,8.105270381376613,7.596571160014719,-24.945435167988762
234,11.908660888671875,7.6041669845581055,-23.37206268310547,-0.0008544775191694498,-0.007577451877295971,0.0016910041449591517,0.007810723502188921,11.907806411152706,7.5965895326808095,-23.37037167896051
235,15.418242454528809,7.6041669845581055,-21.221389770507812,-0.0011101409327238798,-0.007568520028144121,0.0015382471028715372,0.0078026349656283855,15.417132313596085,7.596598464529961,-21.21985152340494
236,18.548173904418945,7.6041669845581055,-18.548173904418945,-0.0013399723684415221,-0.007567959371954203,0.001348041812889278,0.007802996318787336,18.546833932050504,7.596599025186151,-18.546825862606056
237,21.221389770507812,7.6041669845581055,-15.418242454528809,-0.001538125448860228,-0.007573460228741169,0.001123921130783856,0.0078093744814395905,21.219851645058952,7.596593524329364,-15.417118533398025
238,23.37206268310547,7.6041669845581055,-11.908660888671875,-0.001699067302979529,-0.007582073099911213,0.0008705937652848661,0.007818733341991901,23.37036361580249,7.596584911458194,-11.90779029490659
239,24.94723892211914,7.6041669845581055,-8.105849266052246,-0.001817929558455944,-0.007590813562273979,0.0005939943948760629,0.00782803539186716,24.945420992560685,7.5965761709958315,-8.10525527165737
240,25.908132553100586,7.6041669845581055,-4.103445053100586,-0.0018908861093223095,-0.007597168907523155,0.0003011676308233291,0.007834739051759243,25.906241666991264,7.596569815650582,-4.103143885469763
241,24.760759353637695,9.125,0.0,-0.0014398805797100067,-0.007186734117567539,2.129827613881862e-19,0.007329556625336409,24.759319473057985,9.117813265882432,2.129827613881862e-19
242,24.455913543701172,9.125,3.8734359741210938,-0.0014222465688362718,-0.007185633759945631,-0.0002283317589899525,0.00732859130948782,24.454491297132336,9.117814366240054,3.873207642362104
243,23.54888153076172,9.125,7.651494979858398,-0.0013697445392608643,-0.0071826959028840065,-0.0004508863785304129,0.0073260231874883175,23.547511786222458,9.117817304097116,7.651044093479868
244,22.06199836730957,9.125,11.24114990234375,-0.0012835814850404859,-0.007178956177085638,-0.0006619991618208587,0.007322788704186678,22.06071478582453,9.117821043822914,11.24048790318193
245,20.031875610351562,9.125,14.554009437561035,-0.001165741472505033,-0.0071759349666535854,-0.000856224272865802,0.007320254109799862,20.030709868879057,9.117824065033346,14.55315321328817
246,17.508501052856445,9.125,17.508501052856445,-0.0010189786553382874,-0.007175366394221783,-0.0010284585878252983,0.007319967728108168,17.507482074201107,9.117824633605778,17.50747259426862
247,14.554009437561035,9.125,20.031875610351562,-0.000846839277073741,-0.007178882602602243,-0.0011741304770112038,0.007323392201215029,14.553162598283961,9.117821117397398,20.03070147987455
248,11.24114990234375,9.125,22.06199836730957,-0.0006536313449032605,-0.0071876803413033485,-0.0012894509127363563,0.007331620901823044,11.240496270998847,9.117812319658697,22.060708916396834
249,7.651494979858398,9.125,23.54888153076172,-0.0004442992794793099,-0.007202204316854477,-0.0013716818066313863,0.007345111109316349,7.651050680578919,9.117797795683146,23.547509848955087
250,3.8734359741210938,9.125,24.455913543701172,-0.00022415666899178177,-0.007221820764243603,-0.0014192218659445643,0.007363364100456238,3.873211817452102,9.117778179235756,24.454494321835227
251,0.0,9.125,24.760759353637695,1.3696272844754276e-06,-0.007244702894240618,-0.0014315982116386294,0.007384795229882002,1.3696272844754276e-06,9.11775529710576,24.759327755426057
252,-3.8734359741210938,9.125,24.455913543701172,0.00022693804930895567,-0.0072679342702031136,-0.0014092855853959918,0.007406784221529961,-3.873209036071785,9.117732065729797,24.454504258115776
253,-7.651494979858398,9.125,23.54888153076172,0.0004473244189284742,-0.0072878459468483925,-0.001353298663161695,0.0074259149841964245,-7.65104765543947,9.117712154053152,23.547528232098557
254,-11.24114990234375,9.125,22.06199836730957,0.0006574791041202843,-0.007301138248294592,-0.001265428843908012,0.007439100183546543,-11.24049242323963,9.117698861751705,22.060732938465662
255,-14.554009437561035,9.125,20.031875610351562,0.0008520925184711814,-0.007305072620511055,-0.001147318398579955,0.007443553302437067,-14.553157345042564,9.117694927379489,20.030728291952983
256,-17.508501052856445,9.125,17.508501052856445,0.0010252074571326375,-0.0072980099357664585,-0.0010005513904616237,0.007437277585268021,-17.507475845399313,9.117701990064234,17.507500501465984
257,-20.031875610351562,9.125,14.554009437561035,0.0011725816875696182,-0.007282271981239319,-0.0008294242434203625,0.007422558963298798,-20.030703028663993,9.11771772801876,14.553180013317615
258,-22.06199836730957,9.125,11.24114990234375,0.001291723339818418,-0.0072629074566066265,-0.000639326695818454,0.007404533214867115,-22.060706643969752,9.117737092543393,11.240510575647932
259,-23.54888153076172,9.125,7.651494979858398,0.0013794817496091127,-0.007244505453854799,-0.0004346122732385993,0.007387470453977585,-23.54750204901211,9.117755494546145,7.65106036758516
260,-24.455913543701172,9.125,3.8734359741210938,0.0014331906568259,-0.007231323979794979,-0.00021984880731906742,0.0073752570897340775,-24.454480353044346,9.117768676020205,3.8732161253137747
261,-24.760759353637695,9.125,0.0,0.001451314426958561,-0.007226576562970877,-4.967244910787191e-19,0.007370869629085064,-24.759308039210737,9.11777342343703,-4.967244910787191e-19
262,-24.455913543701172,9.125,-3.8734359741210938,0.0014331906568259,-0.007231323979794979,0.00021984880731906742,0.0073752570897340775,-24.454480353044346,9.117768676020205,-3.8732161253137747
263,-23.54888153076172,9.125,-7.651494979858398,0.0013794817496091127,-0.007244505453854799,0.0004346122732385993,0.007387470453977585,-23.54750204901211,9.117755494546145,-7.65106036758516
264,-22.06199836730957,9.125,-11.24114990234375,0.001291723339818418,-0.0072629074566066265,0.000639326695818454,0.007404533214867115,-22.060706643969752,9.117737092543393,-11.240510575647932
265,-20.031875610351562,9.125,-14.554009437561035,0.0011725816875696182,-0.007282271981239319,0.0008294242434203625,0.007422558963298798,-20.030703028663993,9.11771772801876,-14.553180013317615
266,-17.508501052856445,9.125,-17.508501052856445,0.0010252074571326375,-0.0072980099357664585,0.0010005513904616237,0.007437277585268021,-17.507475845399313,9.117701990064234,-17.507500501465984
267,-14.554009437561035,9.125,-20.031875610351562,0.0008520925184711814,-0.007305072620511055,0.001147318398579955,0.007443553302437067,-14.553157345042564,9.117694927379489,-20.030728291952983
268,-11.24114990234375,9.125,-22.06199836730957,0.0006574791041202843,-0.007301138248294592,0.001265428843908012,0.007439100183546543,-11.24049242323963,9.117698861751705,-22.060732938465662
269,-7.651494979858398,9.125,-23.54888153076172,0.0004473244189284742,-0.0072878459468483925,0.001353298663161695,0.0074259149841964245,-7.65104765543947,9.117712154053152,-23.547528232098557
270,-3.8734359741210938,9.125,-24.455913543701172,0.00022693804930895567,-0.0072679342702031136,0.0014092855853959918,0.007406784221529961,-3.873209036071785,9.117732065729797,-24.454504258115776
271,-0.0,9.125,-24.760759353637695,1.3696272844754276e-06,-0.007244702894240618,0.0014315982116386294,0.007384795229882002,1.3696272844754276e-06,9.11775529710576,-24.759327755426057
272,3.8734359741210938,9.125,-24.455913543701172,-0.00022415666899178177,-0.007221820764243603,0.0014192218659445643,0.007363364100456238,3.873211817452102,9.117778179235756,-24.454494321835227
273,7.651494979858398,9.125,-23.54888153076172,-0.0004442992794793099,-0.007202204316854477,0.0013716818066313863,0.007345111109316349,7.651050680578919,9.117797795683146,-23.547509848955087
274,11.24114990234375,9.125,-22.06199836730957,-0.0006536313449032605,-0.0071876803413033485,0.0012894509127363563,0.007331620901823044,11.240496270998847,9.117812319658697,-22.060708916396834
275,14.554009437561035,9.125,-20.031875610351562,-0.000846839277073741,-0.007178882602602243,0.0011741304770112038,0.007323392201215029,14.553162598283961,9.117821117397398,-20.03070147987455
276,17.508501052856445,9.125,-17.508501052856445,-0.0010189786553382874,-0.007175366394221783,0.0010284585878252983,0.007319967728108168,17.507482074201107,9.117824633605778,-17.50747259426862
277,20.031875610351562,9.125,-14.554009437561035,-0.001165741472505033,-0.0071759349666535854,0.000856224272865802,0.007320254109799862,20.030709868879057,9.117824065033346,-14.55315321328817
278,22.06199836730957,9.125,-11.24114990234375,-0.0012835814850404859,-0.007178956177085638,0.0006619991618208587,0.007322788704186678,22.06071478582453,9.117821043822914,-11.24048790318193
279,23.54888153076172,9.125,-7.651494979858398,-0.0013697445392608643,-0.0071826959028840065,0.0004508863785304129,0.0073260231874883175,23.547511786222458,9.117817304097116,-7.651044093479868
280,24.455913543701172,9.125,-3.8734359741210938,-0.0014222465688362718,-0.007185633759945631,0.0002283317589899525,0.00732859130948782,24.454491297132336,9.117814366240054,-3.873207642362104
281,23.878902435302734,10.645833015441895,0.0,-0.0006967171793803573,-0.0067923772148787975,7.531570467162698e-19,0.006828016135841608,23.878205718123354,10.639040638227016,7.531570467162698e-19
282,23.58491325378418,10.645833015441895,3.735482931137085,-0.0006900957669131458,-0.006792434956878424,-0.00011381357035133988,0.00682834954932332,23.584223158017267,10.639040580485016,3.7353691175667336
283,22.710186004638672,10.645833015441895,7.378986835479736,-0.0006699412479065359,-0.006792810279875994,-0.00022613327018916607,0.006829511374235153,22.709516063390765,10.639040205162019,7.378760702209547
284,21.27625846862793,10.645833015441895,10.840794563293457,-0.0006354872020892799,-0.006794057786464691,-0.0003350582846906036,0.006831934675574303,21.27562298142584,10.63903895765543,10.840459505008766
285,19.318437576293945,10.645833015441895,14.035667419433594,-0.000585768953897059,-0.0067969332449138165,-0.0004379572346806526,0.006836170796304941,19.31785180734005,10.63903608219698,14.035229462198913
286,16.884933471679688,10.645833015441895,16.884933471679688,-0.0005201029707677662,-0.006802193354815245,-0.0005313418805599213,0.006842708680778742,16.88441336870892,10.63903082208708,16.884402129799128
287,14.035667419433594,10.645833015441895,19.318437576293945,-0.0004386776126921177,-0.006810412742197514,-0.0006110903341323137,0.006851831451058388,14.035228741820902,10.639022602699697,19.317826485959813
288,10.840794563293457,10.645833015441895,21.27625846862793,-0.0003430357901379466,-0.006821827031672001,-0.0006730541354045272,0.006863526534289122,10.840451527503319,10.639011188410223,21.275585414492525
289,7.378986835479736,10.645833015441895,22.710186004638672,-0.00023621766013093293,-0.006836234126240015,-0.0007139599765650928,0.006877473089843988,7.378750617819605,10.638996781315655,22.709472044662107
290,3.735482931137085,10.645833015441895,23.58491325378418,-0.00012238099589012563,-0.006852919235825539,-0.0007322775200009346,0.00689301872625947,3.735360550141195,10.638980096206069,23.58418097626418
291,0.0,10.645833015441895,23.878902435302734,-5.9819171838171314e-06,-0.00687069958075881,-0.0007287824410013855,0.0069092451594769955,-5.9819171838171314e-06,10.638962315861136,23.878173652861733
292,-3.735482931137085,10.645833015441895,23.58491325378418,0.00010928186384262517,-0.006888079456984997,-0.0007064983365125954,0.006925079505890608,-3.7353736492732423,10.63894493598491,23.584206755447667
293,-7.378986835479736,10.645833015441895,22.710186004638672,0.0002213400148320943,-0.0069035072810947895,-0.0006697927019558847,0.006939454469829798,-7.378765495464904,10.6389295081608,22.709516211936716
294,-10.840794563293457,10.645833015441895,21.27625846862793,0.00032979316893033683,-0.006915558595210314,-0.0006226235418580472,0.006951357703655958,-10.840464770124527,10.638917456846684,21.27563584508607
295,-14.035667419433594,10.645833015441895,19.318437576293945,0.00043392134830355644,-0.006921958178281784,-0.0005653708940371871,0.006958551239222288,-14.03523349808529,10.638911057263613,19.317872205399908
296,-16.884933471679688,10.645833015441895,16.884933471679688,0.0005308958934620023,-0.006920593325048685,-0.0004960845108143985,0.00695863226428628,-16.884402575786225,10.638912422116846,16.884437387168873
297,-19.318437576293945,10.645833015441895,14.035667419433594,0.0006189007544890046,-0.006913333665579557,-0.0004156396025791764,0.006953414995223284,-19.317818675539456,10.638919681776315,14.035251779831015
298,-21.27625846862793,10.645833015441895,10.840794563293457,0.000696958159096539,-0.006904476787894964,-0.0003254621697124094,0.0069471923634409904,-21.275561510468833,10.638928538654,10.840469101123745
299,-22.710186004638672,10.645833015441895,7.378986835479736,0.0007602204568684101,-0.0068966057151556015,-0.00022504429216496646,0.006942028179764748,-22.709425784181803,10.638936409726739,7.378761791187571
300,-23.58491325378418,10.645833015441895,3.735482931137085,0.0008017250802367926,-0.006891127675771713,-0.0001152973563876003,0.006938565522432327,-23.584111528703943,10.638941887766123,3.7353676337806974
301,-23.878902435302734,10.645833015441895,0.0,0.0008162258891388774,-0.006889171898365021,-5.093449924795937e-19,0.006937356200069189,-23.878086209413595,10.63894384354353,-5.093449924795937e-19
302,-23.58491325378418,10.645833015441895,-3.735482931137085,0.0008017250802367926,-0.006891127675771713,0.0001152973563876003,0.006938565522432327,-23.584111528703943,10.638941887766123,-3.7353676337806974
303,-22.710186004638672,10.645833015441895,-7.378986835479736,0.0007602204568684101,-0.0068966057151556015,0.00022504429216496646,0.006942028179764748,-22.709425784181803,10.638936409726739,-7.378761791187571
304,-21.27625846862793,10.645833015441895,-10.840794563293457,0.000696958159096539,-0.006904476787894964,0.0003254621697124094,0.0069471923634409904,-21.275561510468833,10.638928538654,-10.840469101123745
305,-19.318437576293945,10.645833015441895,-14.035667419433594,0.0006189007544890046,-0.006913333665579557,0.0004156396025791764,0.006953414995223284,-19.317818675539456,10.638919681776315,-14.035251779831015
306,-16.884933471679688,10.645833015441895,-16.884933471679688,0.0005308958934620023,-0.006920593325048685,0.0004960845108143985,0.00695863226428628,-16.884402575786225,10.638912422116846,-16.884437387168873
307,-14.035667419433594,10.645833015441895,-19.318437576293945,0.00043392134830355644,-0.006921958178281784,0.0005653708940371871,0.006958551239222288,-14.03523349808529,10.638911057263613,-19.317872205399908
308,-10.840794563293457,10.645833015441895,-21.27625846862793,0.00032979316893033683,-0.006915558595210314,0.0006226235418580472,0.006951357703655958,-10.840464770124527,10.638917456846684,-21.27563584508607
309,-7.378986835479736,10.645833015441895,-22.710186004638672,0.0002213400148320943,-0.0069035072810947895,0.0006697927019558847,0.006939454469829798,-7.378765495464904,10.6389295081608,-22.709516211936716
310,-3.735482931137085,10.645833015441895,-23.58491325378418,0.00010928186384262517,-0.006888079456984997,0.0007064983365125954,0.006925079505890608,-3.7353736492732423,10.63894493598491,-23.584206755447667
311,-0.0,10.645833015441895,-23.878902435302734,-5.9819171838171314e-06,-0.00687069958075881,0.0007287824410013855,0.0069092451594769955,-5.9819171838171314e-06,10.638962315861136,-23.878173652861733
312,3.735482931137085,10.645833015441895,-23.58491325378418,-0.00012238099589012563,-0.006852919235825539,0.0007322775200009346,0.00689301872625947,3.735360550141195,10.638980096206069,-23.58418097626418
313,7.378986835479736,10.645833015441895,-22.710186004638672,-0.00023621766013093293,-0.006836234126240015,0.0007139599765650928,0.006877473089843988,7.378750617819605,10.638996781315655,-22.709472044662107
314,10.840794563293457,10.645833015441895,-21.27625846862793,-0.0003430357901379466,-0.006821827031672001,0.0006730541354045272,0.006863526534289122,10.840451527503319,10.639011188410223,-21.275585414492525
315,14.035667419433594,10.645833015441895,-19.318437576293945,-0.0004386776126921177,-0.006810412742197514,0.0006110903341323137,0.006851831451058388,14.035228741820902,10.639022602699697,-19.317826485959813
316,16.884933471679688,10.645833015441895,-16.884933471679688,-0.0005201029707677662,-0.006802193354815245,0.0005313418805599213,0.006842708680778742,16.88441336870892,10.63903082208708,-16.884402129799128
317,19.318437576293945,10.645833015441895,-14.035667419433594,-0.000585768953897059,-0.0067969332449138165,0.0004379572346806526,0.006836170796304941,19.31785180734005,10.63903608219698,-14.035229462198913
318,21.27625846862793,10.645833015441895,-10.840794563293457,-0.0006354872020892799,-0.006794057786464691,0.0003350582846906036,0.006831934675574303,21.27562298142584,10.63903895765543,-10.840459505008766
319,22.710186004638672,10.645833015441895,-7.378986835479736,-0.0006699412479065359,-0.006792810279875994,0.00022613327018916607,0.006829511374235153,22.709516063390765,10.639040205162019,-7.378760702209547
320,23.58491325378418,10.645833015441895,-3.735482931137085,-0.0006900957669131458,-0.006792434956878424,0.00011381357035133988,0.00682834954932332,23.584223158017267,10.639040580485016,-3.7353691175667336
321,22.997045516967773,12.166666984558105,0.0,3.215724427718669e-05,-0.006415112875401974,5.554359098013547e-19,0.006415193434804678,22.99707767421205,12.160251871682703,5.554359098013547e-19
322,22.71391487121582,12.166666984558105,3.5975310802459717,2.789470090647228e-05,-0.006416358519345522,-1.6789196024546982e-06,0.006416419520974159,22.713942765916727,12.16025062603876,3.5975294013263692
323,21.871490478515625,12.166666984558105,7.106478214263916,1.6082443835330196e-05,-0.006420135963708162,-6.126628704805626e-06,0.006420159246772528,21.87150656095946,12.160246848594397,7.106472087635211
324,20.49051856994629,12.166666984558105,10.440441131591797,-5.428444751487405e-07,-0.00642652390524745,-1.5191693819360808e-05,0.006426541600376368,20.490518027101814,12.160240460652858,10.440425939897978
325,18.60500144958496,12.166666984558105,13.517325401306152,-1.807568514777813e-05,-0.006435518153011799,-2.904798020608723e-05,0.006435608956962824,18.604983373899813,12.160231466405094,13.517296353325946
326,16.261367797851562,12.166666984558105,16.261367797851562,-3.23926069540903e-05,-0.006446910556405783,-4.5826971472706646e-05,0.006447154562920332,16.26133540524461,12.1602200740017,16.26132197088009
327,13.517325401306152,12.166666984558105,18.60500144958496,-4.02922451030463e-05,-0.006460214965045452,-6.184922676766291e-05,0.006460636388510466,13.51728510906105,12.16020676959306,18.604939600358193
328,10.440441131591797,12.166666984558105,20.49051856994629,-4.048858318128623e-05,-0.006474686786532402,-7.256418030010536e-05,0.006475219968706369,10.440400643008616,12.160192297771573,20.49044600576599
329,7.106478214263916,12.166666984558105,21.871490478515625,-3.403952723601833e-05,-0.0064894286915659904,-7.404376083286479e-05,0.006489940453320742,7.10644417473668,12.16017755586654,21.871416434754792
330,3.5975310802459717,12.166666984558105,22.71391487121582,-2.3912909455248155e-05,-0.006503578275442123,-6.46346525172703e-05,0.006503943353891373,3.5975071673365164,12.160163406282663,22.713850236563303
331,0.0,12.166666984558105,22.997045516967773,-1.3645254512084648e-05,-0.006516552064567804,-4.618608727469109e-05,0.006516729947179556,-1.3645254512084648e-05,12.160150432493538,22.9969993308805
332,-3.5975310802459717,12.166666984558105,22.71391487121582,-5.4217971410253085e-06,-0.00652824342250824,-2.4105229385895655e-05,0.0065282899886369705,-3.5975365020431127,12.160138741135597,22.713890765986434
333,-7.106478214263916,12.166666984558105,21.871490478515625,1.591971567904693e-06,-0.006539147347211838,-5.944800250290427e-06,0.006539150141179562,-7.106476622292348,12.160127837210894,21.871484533715375
334,-10.440441131591797,12.166666984558105,20.49051856994629,1.1424373951740563e-05,-0.006549771875143051,2.1059977370896377e-06,0.006549782119691372,-10.440429707217845,12.160117212682962,20.490520675944026
335,-13.517325401306152,12.166666984558105,18.60500144958496,2.7880405468749814e-05,-0.006558554247021675,4.486360580813198e-07,0.0065586138516664505,-13.517297520900684,12.160108430311084,18.60500189822102
336,-16.261367797851562,12.166666984558105,16.261367797851562,5.1463681302266195e-05,-0.0065630231983959675,-5.789366696262732e-06,0.006563227158039808,-16.26131633417026,12.16010396135971,16.261362008484866
337,-18.60500144958496,12.166666984558105,13.517325401306152,8.284753857878968e-05,-0.006564564537256956,-1.384007373417262e-05,0.006565101910382509,-18.604918602046382,12.160102420020849,13.517311561232418
338,-20.49051856994629,12.166666984558105,10.440441131591797,0.00012212240835651755,-0.006566566415131092,-2.096027492370922e-05,0.0065677352249622345,-20.490396447537933,12.160100418142974,10.440420171316873
339,-21.871490478515625,12.166666984558105,7.106478214263916,0.00016244816652033478,-0.0065694269724190235,-2.185586708947085e-05,0.006571471691131592,-21.871328030349105,12.160097557585686,7.1064563583968265
340,-22.71391487121582,12.166666984558105,3.5975310802459717,0.00019264488946646452,-0.0065717510879039764,-1.3959506759420037e-05,0.00657458882778883,-22.713722226326354,12.160095233470201,3.5975171207392123
341,-22.997045516967773,12.166666984558105,0.0,0.0002038270904449746,-0.006572625134140253,-5.340377296315853e-19,0.006575785111635923,-22.99684168987733,12.160094359423965,-5.340377296315853e-19
342,-22.71391487121582,12.166666984558105,-3.5975310802459717,0.00019264488946646452,-0.0065717510879039764,1.3959506759420037e-05,0.00657458882778883,-22.713722226326354,12.160095233470201,-3.5975171207392123
343,-21.871490478515625,12.166666984558105,-7.106478214263916,0.00016244816652033478,-0.0065694269724190235,2.185586708947085e-05,0.006571471691131592,-21.871328030349105,12.160097557585686,-7.1064563583968265
344,-20.49051856994629,12.166666984558105,-10.440441131591797,0.00012212240835651755,-0.006566566415131092,2.096027492370922e-05,0.0065677352249622345,-20.490396447537933,12.160100418142974,-10.440420171316873
345,-18.60500144958496,12.166666984558105,-13.517325401306152,8.284753857878968e-05,-0.006564564537256956,1.384007373417262e-05,0.006565101910382509,-18.604918602046382,12.160102420020849,-13.517311561232418
346,-16.261367797851562,12.166666984558105,-16.261367797851562,5.1463681302266195e-05,-0.0065630231983959675,5.789366696262732e-06,0.006563227158039808,-16.26131633417026,12.16010396135971,-16.261362008484866
347,-13.517325401306152,12.166666984558105,-18.60500144958496,2.7880405468749814e-05,-0.006558554247021675,-4.486360580813198e-07,0.0065586138516664505,-13.517297520900684,12.160108430311084,-18.60500189822102
348,-10.440441131591797,12.166666984558105,-20.49051856994629,1.1424373951740563e-05,-0.006549771875143051,-2.1059977370896377e-06,0.006549782119691372,-10.440429707217845,12.160117212682962,-20.490520675944026
349,-7.106478214263916,12.166666984558105,-21.871490478515625,1.591971567904693e-06,-0.006539147347211838,5.944800250290427e-06,0.006539150141179562,-7.106476622292348,12.160127837210894,-21.871484533715375
350,-3.5975310802459717,12.166666984558105,-22.71391487121582,-5.4217971410253085e-06,-0.00652824342250824,2.4105229385895655e-05,0.0065282899886369705,-3.5975365020431127,12.160138741135597,-22.713890765986434
351,-0.0,12.166666984558105,-22.997045516967773,-1.3645254512084648e-05,-0.006516552064567804,4.618608727469109e-05,0.006516729947179556,-1.3645254512084648e-05,12.160150432493538,-22.9969993308805
352,3.5975310802459717,12.166666984558105,-22.71391487121582,-2.3912909455248155e-05,-0.006503578275442123,6.46346525172703e-05,0.006503943353891373,3.5975071673365164,12.160163406282663,-22.713850236563303
353,7.106478214263916,12.166666984558105,-21.871490478515625,-3.403952723601833e-05,-0.0064894286915659904,7.404376083286479e-05,0.006489940453320742,7.10644417473668,12.16017755586654,-21.871416434754792
354,10.440441131591797,12.166666984558105,-20.49051856994629,-4.048858318128623e-05,-0.006474686786532402,7.256418030010536e-05,0.006475219968706369,10.440400643008616,12.160192297771573,-20.49044600576599
355,13.517325401306152,12.166666984558105,-18.60500144958496,-4.02922451030463e-05,-0.006460214965045452,6.184922676766291e-05,0.006460636388510466,13.51728510906105,12.16020676959306,-18.604939600358193
356,16.261367797851562,12.166666984558105,-16.261367797851562,-3.23926069540903e-05,-0.006446910556405783,4.5826971472706646e-05,0.006447154562920332,16.26133540524461,12.1602200740017,-16.26132197088009
357,18.60500144958496,12.166666984558105,-13.517325401306152,-1.807568514777813e-05,-0.006435518153011799,2.904798020608723e-05,0.006435608956962824,18.604983373899813,12.160231466405094,-13.517296353325946
358,20.49051856994629,12.166666984558105,-10.440441131591797,-5.428444751487405e-07,-0.00642652390524745,1.5191693819360808e-05,0.006426541600376368,20.490518027101814,12.160240460652858,-10.440425939897978
359,21.871490478515625,12.166666984558105,-7.106478214263916,1.6082443835330196e-05,-0.006420135963708162,6.126628704805626e-06,0.006420159246772528,21.87150656095946,12.160246848594397,-7.106472087635211
360,22.71391487121582,12.166666984558105,-3.5975310802459717,2.789470090647228e-05,-0.006416358519345522,1.6789196024546982e-06,0.006416419520974159,22.713942765916727,12.16025062603876,-3.5975294013263692
361,22.09312629699707,13.6875,0.0,0.0003218793135602027,-0.00629488006234169,9.953283365091586e-19,0.006303104106336832,22.09344817631063,13.681205119937658,9.953283365091586e-19
362,21.821123123168945,13.6875,3.4561259746551514,0.00031270188628695905,-0.006297009531408548,4.1726281779119745e-05,0.006304907146841288,21.821435825055232,13.681202990468591,3.4561677009369305
363,21.011812210083008,13.6875,6.827151775360107,0.0002865501737687737,-0.006303314585238695,7.863034988986328e-05,0.006310314405709505,21.012098760256777,13.681196685414761,6.827230405709997
364,19.68511962890625,13.6875,10.030070304870605,0.0002473077329341322,-0.006313501391559839,0.00010713551455410197,0.006319251377135515,19.685366936639184,13.68118649860844,10.03017744038516
365,17.873714447021484,13.6875,12.986014366149902,0.00020058265363331884,-0.006326974369585514,0.00012593611609190702,0.0063314056023955345,17.873915029675118,13.681173025630414,12.986140302265994
366,15.622200012207031,13.6875,15.622200012207031,0.00015245613758452237,-0.006342754699289799,0.00013653344649355859,0.006346055772155523,15.622352468344616,13.68115724530071,15.622336545653525
367,12.986014366149902,13.6875,17.873714447021484,0.0001079767826013267,-0.006359495688229799,0.00014299785834737122,0.006362019572407007,12.986122342932504,13.68114050431177,17.87385744487983
368,10.030070304870605,13.6875,19.68511962890625,6.981404294492677e-05,-0.006375627126544714,0.00015081779565662146,0.006377792917191982,10.03014011891355,13.681124372873455,19.685270446701907
369,6.827151775360107,13.6875,21.011812210083008,3.7596844776999205e-05,-0.006389633286744356,0.0001649746554903686,0.006391873117536306,6.827189372204884,13.681110366713256,21.011977184738498
370,3.4561259746551514,13.6875,21.821123123168945,8.351150427188259e-06,-0.006400463171303272,0.00018767951405607164,0.006403219420462847,3.4561343258055786,13.681099536828697,21.821310802683
371,0.0,13.6875,22.09312629699707,-2.179564762627706e-05,-0.006407983601093292,0.0002165568439522758,0.0064116790890693665,-2.179564762627706e-05,13.681092016398907,22.093342853841023
372,-3.4561259746551514,13.6875,21.821123123168945,-5.5019281717250124e-05,-0.006413293071091175,0.0002443009288981557,0.00641818018630147,-3.4561809939368686,13.681086706928909,21.821367424097843
373,-6.827151775360107,13.6875,21.011812210083008,-8.937732491176575e-05,-0.006418654229491949,0.000260587694356218,0.006424563471227884,-6.827241152685019,13.681081345770508,21.012072797777364
374,-10.030070304870605,13.6875,19.68511962890625,-0.00011855452612508088,-0.006426252890378237,0.00025700018159113824,0.00643248250707984,-10.03018885939673,13.681073747109622,19.68537662908784
375,-12.986014366149902,13.6875,17.873714447021484,-0.00013591200695373118,-0.006435567047446966,0.00023326512018684298,0.006441227160394192,-12.986150278156856,13.681064432952553,17.87394771214167
376,-15.622200012207031,13.6875,15.622200012207031,-0.0001383020862704143,-0.00644439272582531,0.00019558101485017687,0.006448843516409397,-15.622338314293302,13.681055607274175,15.622395593221881
377,-17.873714447021484,13.6875,12.986014366149902,-0.00012366635201033205,-0.0064535196870565414,0.00014940419350750744,0.006456433329731226,-17.873838113373495,13.681046480312943,12.98616377034341
378,-19.68511962890625,13.6875,10.030070304870605,-9.246627450920641e-05,-0.006464933976531029,0.00010082329390570521,0.006466381251811981,-19.68521209518076,13.681035066023469,10.030171128164511
379,-21.011812210083008,13.6875,6.827151775360107,-5.3874755394645035e-05,-0.006477010436356068,5.803907697554678e-05,0.006477494724094868,-21.011866084838402,13.681022989563644,6.827209814437083
380,-21.821123123168945,13.6875,3.4561259746551514,-2.2589521904592402e-05,-0.006486058700829744,2.5348497729282826e-05,0.00648614764213562,-21.82114571269085,13.68101394129917,3.4561513231528807
381,-22.09312629699707,13.6875,0.0,-1.0644455869623926e-05,-0.006489388179033995,-7.570192046950682e-19,0.0064893970265984535,-22.09313694145294,13.681010611820966,-7.570192046950682e-19
382,-21.821123123168945,13.6875,-3.4561259746551514,-2.2589521904592402e-05,-0.006486058700829744,-2.5348497729282826e-05,0.00648614764213562,-21.82114571269085,13.68101394129917,-3.4561513231528807
383,-21.011812210083008,13.6875,-6.827151775360107,-5.3874755394645035e-05,-0.006477010436356068,-5.803907697554678e-05,0.006477494724094868,-21.011866084838402,13.681022989563644,-6.827209814437083
384,-19.68511962890625,13.6875,-10.030070304870605,-9.246627450920641e-05,-0.006464933976531029,-0.00010082329390570521,0.006466381251811981,-19.68521209518076,13.681035066023469,-10.030171128164511
385,-17.873714447021484,13.6875,-12.986014366149902,-0.00012366635201033205,-0.0064535196870565414,-0.00014940419350750744,0.006456433329731226,-17.873838113373495,13.681046480312943,-12.98616377034341
386,-15.622200012207031,13.6875,-15.622200012207031,-0.0001383020862704143,-0.00644439272582531,-0.00019558101485017687,0.006448843516409397,-15.622338314293302,13.681055607274175,-15.622395593221881
387,-12.986014366149902,13.6875,-17.873714447021484,-0.00013591200695373118,-0.006435567047446966,-0.00023326512018684298,0.006441227160394192,-12.986150278156856,13.681064432952553,-17.87394771214167
388,-10.030070304870605,13.6875,-19.68511962890625,-0.00011855452612508088,-0.006426252890378237,-0.00025700018159113824,0.00643248250707984,-10.03018885939673,13.681073747109622,-19.68537662908784
389,-6.827151775360107,13.6875,-21.011812210083008,-8.937732491176575e-05,-0.006418654229491949,-0.000260587694356218,0.006424563471227884,-6.827241152685019,13.681081345770508,-21.012072797777364
390,-3.4561259746551514,13.6875,-21.821123123168945,-5.5019281717250124e-05,-0.006413293071091175,-0.0002443009288981557,0.00641818018630147,-3.4561809939368686,13.681086706928909,-21.821367424097843
391,-0.0,13.6875,-22.09312629699707,-2.179564762627706e-05,-0.006407983601093292,-0.0002165568439522758,0.0064116790890693665,-2.179564762627706e-05,13.681092016398907,-22.093342853841023
392,3.4561259746551514,13.6875,-21.821123123168945,8.351150427188259e-06,-0.006400463171303272,-0.00018767951405607164,0.006403219420462847,3.4561343258055786,13.681099536828697,-21.821310802683
393,6.827151775360107,13.6875,-21.011812210083008,3.7596844776999205e-05,-0.006389633286744356,-0.0001649746554903686,0.006391873117536306,6.827189372204884,13.681110366713256,-21.011977184738498
394,10.030070304870605,13.6875,-19.68511962890625,6.981404294492677e-05,-0.006375627126544714,-0.00015081779565662146,0.006377792917191982,10.03014011891355,13.681124372873455,-19.685270446701907
395,12.986014366149902,13.6875,-17.873714447021484,0.0001079767826013267,-0.006359495688229799,-0.00014299785834737122,0.006362019572407007,12.986122342932504,13.68114050431177,-17.87385744487983
396,15.622200012207031,13.6875,-15.622200012207031,0.00015245613758452237,-0.006342754699289799,-0.00013653344649355859,0.006346055772155523,15.622352468344616,13.68115724530071,-15.622336545653525
397,17.873714447021484,13.6875,-12.986014366149902,0.00020058265363331884,-0.006326974369585514,-0.00012593611609190702,0.0063314056023955345,17.873915029675118,13.681173025630414,-12.986140302265994
398,19.68511962890625,13.6875,-10.030070304870605,0.0002473077329341322,-0.006313501391559839,-0.00010713551455410197,0.006319251377135515,19.685366936639184,13.68118649860844,-10.03017744038516
399,21.011812210083008,13.6875,-6.827151775360107,0.0002865501737687737,-0.006303314585238695,-7.863034988986328e-05,0.006310314405709505,21.012098760256777,13.681196685414761,-6.827230405709997
400,21.821123123168945,13.6875,-3.4561259746551514,0.00031270188628695905,-0.006297009531408548,-4.1726281779119745e-05,0.006304907146841288,21.821435825055232,13.681202990468591,-3.4561677009369305
401,21.189207077026367,15.208333015441895,0.0,0.0003147997194901109,-0.006352478172630072,3.4856227790248184e-19,0.006360273342579603,21.189521876745857,15.201980537269264,3.4856227790248184e-19
402,20.928333282470703,15.208333015441895,3.3147220611572266,0.00030463244183920324,-0.006355323828756809,3.8788752135587856e-05,0.006362739019095898,20.928637914912542,15.201977691613138,3.314760849909362
403,20.15213394165039,15.208333015441895,6.547824859619141,0.0002757495385594666,-0.006363671738654375,7.209387695183977e-05,0.006370051298290491,20.15240969118895,15.20196934370324,6.5478969534960925
404,18.879722595214844,15.208333015441895,9.619698524475098,0.00023271502868738025,-0.006376912817358971,9.590270929038525e-05,0.006381878163665533,18.87995531024353,15.201956102624536,9.619794427184388
405,17.14242935180664,15.208333015441895,12.454703330993652,0.00018213970179203898,-0.006393927615135908,0.00010890627163462341,0.006397448480129242,17.142611491508433,15.201939087826759,12.454812237265287
406,14.9830322265625,15.208333015441895,14.9830322265625,0.00013121464871801436,-0.006413036026060581,0.0001131751632783562,0.006415376905351877,14.983163441211218,15.201919979415834,14.983145401725778
407,12.454703330993652,15.208333015441895,17.14242935180664,8.590552897658199e-05,-0.006432078313082457,0.00011393677414162084,0.006433660630136728,12.454789236522629,15.201900937128812,17.142543288580782
408,9.619698524475098,15.208333015441895,18.879722595214844,4.928897396894172e-05,-0.006448671221733093,0.00011824574903585017,0.006449943408370018,9.619747813449067,15.201884344220161,18.87984084096388
409,6.547824859619141,15.208333015441895,20.15213394165039,2.065020817099139e-05,-0.006460662931203842,0.00013264644076116383,0.0064620571210980415,6.547845509827312,15.20187235251069,20.152266588091152
410,3.3147220611572266,15.208333015441895,20.928333282470703,-4.089645699423272e-06,-0.006466771941632032,0.00016030081314966083,0.006468759384006262,3.314717971511527,15.201866243500262,20.928493583283853
411,0.0,15.208333015441895,21.189207077026367,-3.033247048733756e-05,-0.006467305123806,0.00019847913063131273,0.006470421329140663,-3.033247048733756e-05,15.201865710318089,21.189405556157
412,-3.3147220611572266,15.208333015441895,20.928333282470703,-6.144259532447904e-05,-0.006464631296694279,0.00023782691278029233,0.006469296291470528,-3.314783503752551,15.2018683841452,20.928571109383483
413,-6.547824859619141,15.208333015441895,20.15213394165039,-9.549276728648692e-05,-0.006462859455496073,0.00026486144633963704,0.006468989420682192,-6.547920352386427,15.201870155986398,20.15239880309673
414,-9.619698524475098,15.208333015441895,18.879722595214844,-0.00012478907592594624,-0.006465943995863199,0.00026838702615350485,0.006472714710980654,-9.619823313551024,15.201867071446031,18.879990982240997
415,-12.454703330993652,15.208333015441895,17.14242935180664,-0.00014046313299331814,-0.006474573630839586,0.00024671622668392956,0.006480794865638018,-12.454843794126646,15.201858441811055,17.142676068033325
416,-14.9830322265625,15.208333015441895,14.9830322265625,-0.00013724899326916784,-0.006486976519227028,0.00020628917263820767,0.0064917067065835,-14.98316947555577,15.201846038922668,14.983238515735138
417,-17.14242935180664,15.208333015441895,12.454703330993652,-0.00011234610428800806,-0.0065033226273953915,0.00015460692520719022,0.00650613009929657,-17.14254169791093,15.2018296928145,12.45485793791886
418,-18.879722595214844,15.208333015441895,9.619698524475098,-6.741580000380054e-05,-0.0065240333788096905,0.00010064044909086078,0.006525157950818539,-18.879790011014848,15.201808982063085,9.619799164924189
419,-20.15213394165039,15.208333015441895,6.547824859619141,-1.4471604117716197e-05,-0.006545348558574915,5.49170290469192e-05,0.006545594893395901,-20.15214841325451,15.20178766688332,6.5478797766481875
420,-20.928333282470703,15.208333015441895,3.3147220611572266,2.7831583793158643e-05,-0.006561216898262501,2.261574445583392e-05,0.006561315152794123,-20.92830545088691,15.201771798543632,3.3147446769016824
421,-21.189207077026367,15.208333015441895,0.0,4.3913645640714094e-05,-0.00656705629080534,-6.470282748608561e-19,0.006567202974110842,-21.189163163380726,15.20176595915109,-6.470282748608561e-19
422,-20.928333282470703,15.208333015441895,-3.3147220611572266,2.7831583793158643e-05,-0.006561216898262501,-2.261574445583392e-05,0.006561315152794123,-20.92830545088691,15.201771798543632,-3.3147446769016824
423,-20.15213394165039,15.208333015441895,-6.547824859619141,-1.4471604117716197e-05,-0.006545348558574915,-5.49170290469192e-05,0.006545594893395901,-20.15214841325451,15.20178766688332,-6.5478797766481875
424,-18.879722595214844,15.208333015441895,-9.619698524475098,-6.741580000380054e-05,-0.0065240333788096905,-0.00010064044909086078,0.006525157950818539,-18.879790011014848,15.201808982063085,-9.619799164924189
425,-17.14242935180664,15.208333015441895,-12.454703330993652,-0.00011234610428800806,-0.0065033226273953915,-0.00015460692520719022,0.00650613009929657,-17.14254169791093,15.2018296928145,-12.45485793791886
426,-14.9830322265625,15.208333015441895,-14.9830322265625,-0.00013724899326916784,-0.006486976519227028,-0.00020628917263820767,0.0064917067065835,-14.98316947555577,15.201846038922668,-14.983238515735138
427,-12.454703330993652,15.208333015441895,-17.14242935180664,-0.00014046313299331814,-0.006474573630839586,-0.00024671622668392956,0.006480794865638018,-12.454843794126646,15.201858441811055,-17.142676068033325
428,-9.619698524475098,15.208333015441895,-18.879722595214844,-0.00012478907592594624,-0.006465943995863199,-0.00026838702615350485,0.006472714710980654,-9.619823313551024,15.201867071446031,-18.879990982240997
429,-6.547824859619141,15.208333015441895,-20.15213394165039,-9.549276728648692e-05,-0.006462859455496073,-0.00026486144633963704,0.006468989420682192,-6.547920352386427,15.201870155986398,-20.15239880309673
430,-3.3147220611572266,15.208333015441895,-20.928333282470703,-6.144259532447904e-05,-0.006464631296694279,-0.00023782691278029233,0.006469296291470528,-3.314783503752551,15.2018683841452,-20.928571109383483
431,-0.0,15.208333015441895,-21.189207077026367,-3.033247048733756e-05,-0.006467305123806,-0.00019847913063131273,0.006470421329140663,-3.033247048733756e-05,15.201865710318089,-21.189405556157
432,3.3147220611572266,15.208333015441895,-20.928333282470703,-4.089645699423272e-06,-0.006466771941632032,-0.00016030081314966083,0.006468759384006262,3.314717971511527,15.201866243500262,-20.928493583283853
433,6.547824859619141,15.208333015441895,-20.15213394165039,2.065020817099139e-05,-0.006460662931203842,-0.00013264644076116383,0.0064620571210980415,6.547845509827312,15.20187235251069,-20.152266588091152
434,9.619698524475098,15.208333015441895,-18.879722595214844,4.928897396894172e-05,-0.006448671221733093,-0.00011824574903585017,0.006449943408370018,9.619747813449067,15.201884344220161,-18.87984084096388
435,12.454703330993652,15.208333015441895,-17.14242935180664,8.590552897658199e-05,-0.006432078313082457,-0.00011393677414162084,0.006433660630136728,12.454789236522629,15.201900937128812,-17.142543288580782
436,14.9830322265625,15.208333015441895,-14.9830322265625,0.00013121464871801436,-0.006413036026060581,-0.0001131751632783562,0.006415376905351877,14.983163441211218,15.201919979415834,-14.983145401725778
437,17.14242935180664,15.208333015441895,-12.454703330993652,0.00018213970179203898,-0.006393927615135908,-0.00010890627163462341,0.006397448480129242,17.142611491508433,15.201939087826759,-12.454812237265287
438,18.879722595214844,15.208333015441895,-9.619698524475098,0.00023271502868738025,-0.006376912817358971,-9.590270929038525e-05,0.006381878163665533,18.87995531024353,15.201956102624536,-9.619794427184388
439,20.15213394165039,15.208333015441895,-6.547824859619141,0.0002757495385594666,-0.006363671738654375,-7.209387695183977e-05,0.006370051298290491,20.15240969118895,15.20196934370324,-6.5478969534960925
440,20.928333282470703,15.208333015441895,-3.3147220611572266,0.00030463244183920324,-0.006355323828756809,-3.8788752135587856e-05,0.006362739019095898,20.928637914912542,15.201977691613138,-3.314760849909362
441,20.15884017944336,16.729167938232422,0.0,-6.262127863010392e-05,-0.006660118233412504,7.760416187480087e-19,0.006660412531346083,20.15877755816473,16.72250781999901,7.760416187480087e-19
442,19.91065216064453,16.729167938232422,3.1535370349884033,-6.877800478832796e-05,-0.006663546431809664,-2.2526875909534283e-05,0.0066639394499361515,19.910583382639743,16.722504391800612,3.153514508112494
443,19.172197341918945,16.729167938232422,6.229423999786377,-8.560073183616623e-05,-0.006673533469438553,-4.932833689963445e-05,0.006674264557659626,19.17211174118711,16.722494404762983,6.229374671449477
444,17.961658477783203,16.729167938232422,9.151922225952148,-0.00010844704956980422,-0.006689127534627914,-8.308894757647067e-05,0.006690522655844688,17.961550030733633,16.722478810697794,9.151839137004572
445,16.3088436126709,16.729167938232422,11.849068641662598,-0.00013062982179690152,-0.0067086294293403625,-0.00012354712816886604,0.006711038760840893,16.3087129828491,16.72245930880308,11.848945094534429
446,14.2544527053833,16.729167938232422,14.2544527053833,-0.00014503064448945224,-0.006729565095156431,-0.00016673607751727104,0.0067331925965845585,14.254307674738811,16.722438373137265,14.254285969305784
447,11.849068641662598,16.729167938232422,16.3088436126709,-0.00014612100494559854,-0.00674884207546711,-0.00020522787235677242,0.006753542460501194,11.848922520657652,16.722419096156955,16.30863838479854
448,9.151922225952148,16.729167938232422,17.961658477783203,-0.0001318764843745157,-0.006763147655874491,-0.00022966234246268868,0.006768330931663513,9.151790349467774,16.722404790576547,17.96142881544074
449,6.229423999786377,16.729167938232422,19.172197341918945,-0.0001048525155056268,-0.006769638508558273,-0.00023152468202169985,0.006774407811462879,6.229319147270871,16.722398299723864,19.171965817236924
450,3.1535370349884033,16.729167938232422,19.91065216064453,-7.16920621925965e-05,-0.006766882259398699,-0.00020665605552494526,0.0067704166285693645,3.1534653429262107,16.722401055973023,19.910445504589006
451,0.0,16.729167938232422,20.15884017944336,-4.063465166836977e-05,-0.006755898706614971,-0.00015842269931454211,0.006757878232747316,-4.063465166836977e-05,16.722412039525807,20.158681756744045
452,-3.1535370349884033,16.729167938232422,19.91065216064453,-1.7347549146506935e-05,-0.006740782875567675,-9.87261300906539e-05,0.006741528399288654,-3.15355438253755,16.722427155356854,19.91055343451444
453,-6.229423999786377,16.729167938232422,19.172197341918945,-8.737243888390367e-07,-0.006728016305714846,-4.4767257350031286e-05,0.006728165317326784,-6.229424873510766,16.722439921926707,19.172152574661595
454,-9.151922225952148,16.729167938232422,17.961658477783203,1.6904064978007227e-05,-0.00672371219843626,-1.108416745410068e-05,0.006723742466419935,-9.15190532188717,16.722444226033986,17.96164739361575
455,-11.849068641662598,16.729167938232422,16.3088436126709,4.610667019733228e-05,-0.0067300209775567055,-1.431480995961465e-06,0.006730178836733103,-11.8490225349924,16.722437917254865,16.308842181189902
456,-14.2544527053833,16.729167938232422,14.2544527053833,9.328406304121017e-05,-0.006745717953890562,-9.84300368145341e-06,0.00674637034535408,-14.25435942132026,16.72242222027853,14.25444286237962
457,-16.3088436126709,16.729167938232422,11.849068641662598,0.00016124153626151383,-0.006770176813006401,-2.752100772340782e-05,0.006772152613848448,-16.308682371134637,16.722397761419415,11.849041120654874
458,-17.961658477783203,16.729167938232422,9.151922225952148,0.000246376555878669,-0.006801824551075697,-4.348136644694023e-05,0.0068064238876104355,-17.961412101227324,16.722366113681346,9.151878744585701
459,-19.172197341918945,16.729167938232422,6.229423999786377,0.00033317148336209357,-0.006834253668785095,-4.584080306813121e-05,0.006842523347586393,-19.171864170435583,16.722333684563637,6.229378158983309
460,-19.91065216064453,16.729167938232422,3.1535370349884033,0.0003984836512245238,-0.006858444772660732,-2.9455348339979537e-05,0.006870074197649956,-19.910253676993307,16.72230949345976,3.1535075796400633
461,-20.15884017944336,16.729167938232422,0.0,0.0004227579920552671,-0.006867368705570698,-7.594887524138452e-19,0.006880369037389755,-20.158417421451304,16.72230056952685,-7.594887524138452e-19
462,-19.91065216064453,16.729167938232422,-3.1535370349884033,0.0003984836512245238,-0.006858444772660732,2.9455348339979537e-05,0.006870074197649956,-19.910253676993307,16.72230949345976,-3.1535075796400633
463,-19.172197341918945,16.729167938232422,-6.229423999786377,0.00033317148336209357,-0.006834253668785095,4.584080306813121e-05,0.006842523347586393,-19.171864170435583,16.722333684563637,-6.229378158983309
464,-17.961658477783203,16.729167938232422,-9.151922225952148,0.000246376555878669,-0.006801824551075697,4.348136644694023e-05,0.0068064238876104355,-17.961412101227324,16.722366113681346,-9.151878744585701
465,-16.3088436126709,16.729167938232422,-11.849068641662598,0.00016124153626151383,-0.006770176813006401,2.752100772340782e-05,0.006772152613848448,-16.308682371134637,16.722397761419415,-11.849041120654874
466,-14.2544527053833,16.729167938232422,-14.2544527053833,9.328406304121017e-05,-0.006745717953890562,9.84300368145341e-06,0.00674637034535408,-14.25435942132026,16.72242222027853,-14.25444286237962
467,-11.849068641662598,16.729167938232422,-16.3088436126709,4.610667019733228e-05,-0.0067300209775567055,1.431480995961465e-06,0.006730178836733103,-11.8490225349924,16.722437917254865,-16.308842181189902
468,-9.151922225952148,16.729167938232422,-17.961658477783203,1.6904064978007227e-05,-0.00672371219843626,1.108416745410068e-05,0.006723742466419935,-9.15190532188717,16.722444226033986,-17.96164739361575
469,-6.229423999786377,16.729167938232422,-19.172197341918945,-8.737243888390367e-07,-0.006728016305714846,4.4767257350031286e-05,0.006728165317326784,-6.229424873510766,16.722439921926707,-19.172152574661595
470,-3.1535370349884033,16.729167938232422,-19.91065216064453,-1.7347549146506935e-05,-0.006740782875567675,9.87261300906539e-05,0.006741528399288654,-3.15355438253755,16.722427155356854,-19.91055343451444
471,-0.0,16.729167938232422,-20.15884017944336,-4.063465166836977e-05,-0.006755898706614971,0.00015842269931454211,0.006757878232747316,-4.063465166836977e-05,16.722412039525807,-20.158681756744045
472,3.1535370349884033,16.729167938232422,-19.91065216064453,-7.16920621925965e-05,-0.006766882259398699,0.00020665605552494526,0.0067704166285693645,3.1534653429262107,16.722401055973023,-19.910445504589006
473,6.229423999786377,16.729167938232422,-19.172197341918945,-0.0001048525155056268,-0.006769638508558273,0.00023152468202169985,0.006774407811462879,6.229319147270871,16.722398299723864,-19.171965817236924
474,9.151922225952148,16.729167938232422,-17.961658477783203,-0.0001318764843745157,-0.006763147655874491,0.00022966234246268868,0.006768330931663513,9.151790349467774,16.722404790576547,-17.96142881544074
475,11.849068641662598,16.729167938232422,-16.3088436126709,-0.00014612100494559854,-0.00674884207546711,0.00020522787235677242,0.006753542460501194,11.848922520657652,16.722419096156955,-16.30863838479854
476,14.2544527053833,16.729167938232422,-14.2544527053833,-0.00014503064448945224,-0.006729565095156431,0.00016673607751727104,0.0067331925965845585,14.254307674738811,16.722438373137265,-14.254285969305784
477,16.3088436126709,16.729167938232422,-11.849068641662598,-0.00013062982179690152,-0.0067086294293403625,0.00012354712816886604,0.006711038760840893,16.3087129828491,16.72245930880308,-11.848945094534429
478,17.961658477783203,16.729167938232422,-9.151922225952148,-0.00010844704956980422,-0.006689127534627914,8.308894757647067e-05,0.006690522655844688,17.961550030733633,16.722478810697794,-9.151839137004572
479,19.172197341918945,16.729167938232422,-6.229423999786377,-8.560073183616623e-05,-0.006673533469438553,4.932833689963445e-05,0.006674264557659626,19.17211174118711,16.722494404762983,-6.229374671449477
480,19.91065216064453,16.729167938232422,-3.1535370349884033,-6.877800478832796e-05,-0.006663546431809664,2.2526875909534283e-05,0.0066639394499361515,19.910583382639743,16.722504391800612,-3.153514508112494
481,19.12847328186035,18.25,0.0,-0.0005439388332888484,-0.00702644232660532,6.462718698894646e-19,0.007047464605420828,19.127929343027063,18.242973557673395,6.462718698894646e-19
482,18.89297103881836,18.25,2.9923529624938965,-0.0005445850547403097,-0.007030325476080179,-0.00010008808749262244,0.007052096538245678,18.89242645376362,18.24296967452392,2.992252874406404
483,18.1922607421875,18.25,5.911023139953613,-0.0005448802839964628,-0.007041540462523699,-0.00020262508769519627,0.007065496873110533,18.191715861903504,18.242958459537476,5.910820514865918
484,17.043594360351562,18.25,8.684144973754883,-0.0005402292590588331,-0.007058736868202686,-0.00030833788332529366,0.0070860907435417175,17.043054131092504,18.242941263131797,8.683836635871558
485,15.475259780883789,18.25,11.24343490600586,-0.0005241510225459933,-0.0070795780047774315,-0.0004147835716139525,0.007111061830073595,15.474735629861243,18.242920421995223,11.243020122434245
486,13.525874137878418,18.25,13.525874137878418,-0.0004900670610368252,-0.007100777234882116,-0.0005155849503353238,0.007136317435652018,13.525384070817381,18.242899222765118,13.525358552928083
487,11.24343490600586,18.25,15.475259780883789,-0.00043353313230909407,-0.007118365727365017,-0.0006008071359246969,0.007156818173825741,11.24300137287355,18.242881634272635,15.474658973747864
488,8.684144973754883,18.25,17.043594360351562,-0.0003543212660588324,-0.0071282763965427876,-0.000658805132843554,0.0071674189530313015,8.683790652488824,18.242871723603457,17.04293555521872
489,5.911023139953613,18.25,18.1922607421875,-0.0002575090329628438,-0.007127274759113789,-0.0006794940563850105,0.007164221256971359,5.91076563092065,18.242872725240886,18.191581248131115
490,2.9923529624938965,18.25,18.89297103881836,-0.00015270865696948022,-0.007114126812666655,-0.0006583571084775031,0.007146156392991543,2.992200253836927,18.242885873187333,18.892312681709882
491,0.0,18.25,19.12847328186035,-5.102696013636887e-05,-0.007090761326253414,-0.0005998685956001282,0.007116273045539856,-5.102696013636887e-05,18.242909238673747,19.12787341326475
492,-2.9923529624938965,18.25,18.89297103881836,3.971207843278535e-05,-0.007062818389385939,-0.0005182886379770935,0.007081921212375164,-2.9923132504154637,18.242937181610614,18.892452750180382
493,-5.911023139953613,18.25,18.1922607421875,0.00011932413326576352,-0.0070386119186878204,-0.0004337457357905805,0.007052973378449678,-5.9109038158203475,18.242961388081312,18.19182699645171
494,-8.684144973754883,18.25,17.043594360351562,0.00019582582172006369,-0.0070261298678815365,-0.00036383108817972243,0.007038268260657787,-8.683949147933163,18.24297387013212,17.043230529263383
495,-11.24343490600586,18.25,15.475259780883789,0.00028042399208061397,-0.007029456552118063,-0.000315211626002565,0.00704210577532649,-11.243154482013779,18.242970543447882,15.474944569257786
496,-13.525874137878418,18.25,13.525874137878418,0.00038122423575259745,-0.007048475090414286,-0.0002831212477758527,0.007064452860504389,-13.525492913642665,18.242951524909586,13.525591016630642
497,-15.475259780883789,18.25,11.24343490600586,0.0005006761639378965,-0.007081366144120693,-0.0002571239019744098,0.007103698793798685,-15.474759104719851,18.24291863385588,11.243177782103885
498,-17.043594360351562,18.25,8.684144973754883,0.0006320296670310199,-0.007123669143766165,-0.00022386244381777942,0.00715515436604619,-17.04296233068453,18.242876330856234,8.683921111311065
499,-18.1922607421875,18.25,5.911023139953613,0.0007557320059277117,-0.0071661644615232944,-0.00017069435853045434,0.0072079249657690525,-18.191505010181572,18.242833835538477,5.910852445595083
500,-18.89297103881836,18.25,2.9923529624938965,0.0008450551540590823,-0.007197556551545858,-9.343651618110016e-05,0.007247597444802523,-18.8921259836643,18.242802443448454,2.9922595259777154
501,-19.12847328186035,18.25,0.0,0.0008776969625614583,-0.007209102623164654,-8.253634518436135e-19,0.007262335158884525,-19.12759558489779,18.242790897376835,-8.253634518436135e-19
502,-18.89297103881836,18.25,-2.9923529624938965,0.0008450551540590823,-0.007197556551545858,9.343651618110016e-05,0.007247597444802523,-18.8921259836643,18.242802443448454,-2.9922595259777154
503,-18.1922607421875,18.25,-5.911023139953613,0.0007557320059277117,-0.0071661644615232944,0.00017069435853045434,0.0072079249657690525,-18.191505010181572,18.242833835538477,-5.910852445595083
504,-17.043594360351562,18.25,-8.684144973754883,0.0006320296670310199,-0.007123669143766165,0.00022386244381777942,0.00715515436604619,-17.04296233068453,18.242876330856234,-8.683921111311065
505,-15.475259780883789,18.25,-11.24343490600586,0.0005006761639378965,-0.007081366144120693,0.0002571239019744098,0.007103698793798685,-15.474759104719851,18.24291863385588,-11.243177782103885
506,-13.525874137878418,18.25,-13.525874137878418,0.00038122423575259745,-0.007048475090414286,0.0002831212477758527,0.007064452860504389,-13.525492913642665,18.242951524909586,-13.525591016630642
507,-11.24343490600586,18.25,-15.475259780883789,0.00028042399208061397,-0.007029456552118063,0.000315211626002565,0.00704210577532649,-11.243154482013779,18.242970543447882,-15.474944569257786
508,-8.684144973754883,18.25,-17.043594360351562,0.00019582582172006369,-0.0070261298678815365,0.00036383108817972243,0.007038268260657787,-8.683949147933163,18.24297387013212,-17.043230529263383
509,-5.911023139953613,18.25,-18.1922607421875,0.00011932413326576352,-0.0070386119186878204,0.0004337457357905805,0.007052973378449678,-5.9109038158203475,18.242961388081312,-18.19182699645171
510,-2.9923529624938965,18.25,-18.89297103881836,3.971207843278535e-05,-0.007062818389385939,0.0005182886379770935,0.007081921212375164,-2.9923132504154637,18.242937181610614,-18.892452750180382
511,-0.0,18.25,-19.12847328186035,-5.102696013636887e-05,-0.007090761326253414,0.0005998685956001282,0.007116273045539856,-5.102696013636887e-05,18.242909238673747,-19.12787341326475
512,2.9923529624938965,18.25,-18.89297103881836,-0.00015270865696948022,-0.007114126812666655,0.0006583571084775031,0.007146156392991543,2.992200253836927,18.242885873187333,-18.892312681709882
513,5.911023139953613,18.25,-18.1922607421875,-0.0002575090329628438,-0.007127274759113789,0.0006794940563850105,0.007164221256971359,5.91076563092065,18.242872725240886,-18.191581248131115
514,8.684144973754883,18.25,-17.043594360351562,-0.0003543212660588324,-0.0071282763965427876,0.000658805132843554,0.0071674189530313015,8.683790652488824,18.242871723603457,-17.04293555521872
515,11.24343490600586,18.25,-15.475259780883789,-0.00043353313230909407,-0.007118365727365017,0.0006008071359246969,0.007156818173825741,11.24300137287355,18.242881634272635,-15.474658973747864
516,13.525874137878418,18.25,-13.525874137878418,-0.0004900670610368252,-0.007100777234882116,0.0005155849503353238,0.007136317435652018,13.525384070817381,18.242899222765118,-13.525358552928083
517,15.475259780883789,18.25,-11.24343490600586,-0.0005241510225459933,-0.0070795780047774315,0.0004147835716139525,0.007111061830073595,15.474735629861243,18.242920421995223,-11.243020122434245
518,17.043594360351562,18.25,-8.684144973754883,-0.0005402292590588331,-0.007058736868202686,0.00030833788332529366,0.0070860907435417175,17.043054131092504,18.242941263131797,-8.683836635871558
519,18.1922607421875,18.25,-5.911023139953613,-0.0005448802839964628,-0.007041540462523699,0.00020262508769519627,0.007065496873110533,18.191715861903504,18.242958459537476,-5.910820514865918
520,18.89297103881836,18.25,-2.9923529624938965,-0.0005445850547403097,-0.007030325476080179,0.00010008808749262244,0.007052096538245678,18.89242645376362,18.24296967452392,-2.992252874406404
521,18.505647659301758,19.770832061767578,0.0,-0.0010440590558573604,-0.0072509353049099445,7.784696523397933e-19,0.007325716316699982,18.5046036002459,19.763581126462668,7.784696523397933e-19
522,18.277812957763672,19.770832061767578,2.894921064376831,-0.0010387676302343607,-0.007254872936755419,-0.00017835649487096816,0.007331032305955887,18.276774190133438,19.763577188830823,2.89474270788196
523,17.599916458129883,19.770832061767578,5.718560218811035,-0.001021173782646656,-0.0072661531157791615,-0.0003572449495550245,0.007346251048147678,17.598895284347236,19.7635659086518,5.71820297386148
524,16.4886531829834,19.770832061767578,8.401388168334961,-0.0009865714237093925,-0.007283156272023916,-0.0005352523294277489,0.007369137369096279,16.48766661155969,19.763548905495554,8.400852916005533
525,14.971384048461914,19.770832061767578,10.877346992492676,-0.0009286153363063931,-0.007303173188120127,-0.0007074784371070564,0.007395890075713396,14.970455433125608,19.763528888579458,10.876639514055569
526,13.085469245910645,19.770832061767578,13.085469245910645,-0.0008414497715421021,-0.007322533987462521,-0.0008648757357150316,0.007421290501952171,13.084627796139102,19.763509527780116,13.08460437017493
527,10.877346992492676,19.770832061767578,14.971384048461914,-0.0007222207495942712,-0.007336983922868967,-0.0009949635714292526,0.007439279928803444,10.876624771743082,19.76349507784471,14.970389084890485
528,8.401388168334961,19.770832061767578,16.4886531829834,-0.0005732495337724686,-0.0073423972353339195,-0.00108420941978693,0.0074441200122237206,8.400814918801188,19.763489664532244,16.48756897356361
529,5.718560218811035,19.770832061767578,17.599916458129883,-0.0004028764960821718,-0.0073357862420380116,-0.0011218392755836248,0.0074319979175925255,5.718157342314953,19.76349627552554,17.5987946188543
530,2.894921064376831,19.770832061767578,18.277812957763672,-0.00022410765814129263,-0.00731644919142127,-0.0011040654499083757,0.007402676157653332,2.8946969567186898,19.763515612576157,18.276708892313763
531,0.0,19.770832061767578,18.505647659301758,-5.090675040264614e-05,-0.007286925800144672,-0.0010370585368946195,0.007360527757555246,-5.090675040264614e-05,19.763545135967433,18.504610600764863
532,-2.894921064376831,19.770832061767578,18.277812957763672,0.00010689866030588746,-0.007253256160765886,-0.0009368607425130904,0.007314291782677174,-2.894814165716525,19.763578805606812,18.27687609702116
533,-5.718560218811035,19.770832061767578,17.599916458129883,0.00024790942552499473,-0.007223933469504118,-0.0008251426625065506,0.007275131065398455,-5.71831230938551,19.763608128298074,17.599091315467376
534,-8.401388168334961,19.770832061767578,16.4886531829834,0.0003800326958298683,-0.0072073861956596375,-0.0007217206875793636,0.007253393996506929,-8.401008135639131,19.76362467557192,16.48793146229582
535,-10.877346992492676,19.770832061767578,14.971384048461914,0.0005163720343261957,-0.007208962459117174,-0.0006365898880176246,0.007255413103848696,-10.87683062045835,19.76362309930846,14.970747458573896
536,-13.085469245910645,19.770832061767578,13.085469245910645,0.0006676531047560275,-0.007229612674564123,-0.0005665605422109365,0.007282448001205921,-13.084801592805889,19.763602449093014,13.084902685368434
537,-14.971384048461914,19.770832061767578,10.877346992492676,0.000835742219351232,-0.007266523782163858,-0.0004985082196071744,0.007331394590437412,-14.970548306242563,19.763565537985414,10.876848484273069
538,-16.4886531829834,19.770832061767578,8.401388168334961,0.0010095768375322223,-0.007312977220863104,-0.00041530642192810774,0.0073940083384513855,-16.487643606145866,19.763519084546715,8.400972861913033
539,-17.599916458129883,19.770832061767578,5.718560218811035,0.0011654242407530546,-0.0073584602214396,-0.00030366028659045696,0.007456363644450903,-17.59875103388913,19.76347360154614,5.718256558524445
540,-18.277812957763672,19.770832061767578,2.894921064376831,0.0012745240237563848,-0.007391531020402908,-0.00016155550838448107,0.007502349093556404,-18.276538433739915,19.763440530747175,2.8947595088684466
541,-18.505647659301758,19.770832061767578,0.0,0.0013138263020664454,-0.00740360701456666,-5.129133979433592e-19,0.00751927774399519,-18.50433383299969,19.76342845475301,-5.129133979433592e-19
542,-18.277812957763672,19.770832061767578,-2.894921064376831,0.0012745240237563848,-0.007391531020402908,0.00016155550838448107,0.007502349093556404,-18.276538433739915,19.763440530747175,-2.8947595088684466
543,-17.599916458129883,19.770832061767578,-5.718560218811035,0.0011654242407530546,-0.0073584602214396,0.00030366028659045696,0.007456363644450903,-17.59875103388913,19.76347360154614,-5.718256558524445
544,-16.4886531829834,19.770832061767578,-8.401388168334961,0.0010095768375322223,-0.007312977220863104,0.00041530642192810774,0.0073940083384513855,-16.487643606145866,19.763519084546715,-8.400972861913033
545,-14.971384048461914,19.770832061767578,-10.877346992492676,0.000835742219351232,-0.007266523782163858,0.0004985082196071744,0.007331394590437412,-14.970548306242563,19.763565537985414,-10.876848484273069
546,-13.085469245910645,19.770832061767578,-13.085469245910645,0.0006676531047560275,-0.007229612674564123,0.0005665605422109365,0.007282448001205921,-13.084801592805889,19.763602449093014,-13.084902685368434
547,-10.877346992492676,19.770832061767578,-14.971384048461914,0.0005163720343261957,-0.007208962459117174,0.0006365898880176246,0.007255413103848696,-10.87683062045835,19.76362309930846,-14.970747458573896
548,-8.401388168334961,19.770832061767578,-16.4886531829834,0.0003800326958298683,-0.0072073861956596375,0.0007217206875793636,0.007253393996506929,-8.401008135639131,19.76362467557192,-16.48793146229582
549,-5.718560218811035,19.770832061767578,-17.599916458129883,0.00024790942552499473,-0.007223933469504118,0.0008251426625065506,0.007275131065398455,-5.71831230938551,19.763608128298074,-17.599091315467376
550,-2.894921064376831,19.770832061767578,-18.277812957763672,0.00010689866030588746,-0.007253256160765886,0.0009368607425130904,0.007314291782677174,-2.894814165716525,19.763578805606812,-18.27687609702116
551,-0.0,19.770832061767578,-18.505647659301758,-5.090675040264614e-05,-0.007286925800144672,0.0010370585368946195,0.007360527757555246,-5.090675040264614e-05,19.763545135967433,-18.504610600764863
552,2.894921064376831,19.770832061767578,-18.277812957763672,-0.00022410765814129263,-0.00731644919142127,0.0011040654499083757,0.007402676157653332,2.8946969567186898,19.763515612576157,-18.276708892313763
553,5.718560218811035,19.770832061767578,-17.599916458129883,-0.0004028764960821718,-0.0073357862420380116,0.0011218392755836248,0.0074319979175925255,5.718157342314953,19.76349627552554,-17.5987946188543
554,8.401388168334961,19.770832061767578,-16.4886531829834,-0.0005732495337724686,-0.0073423972353339195,0.00108420941978693,0.0074441200122237206,8.400814918801188,19.763489664532244,-16.48756897356361
555,10.877346992492676,19.770832061767578,-14.971384048461914,-0.0007222207495942712,-0.007336983922868967,0.0009949635714292526,0.007439279928803444,10.876624771743082,19.76349507784471,-14.970389084890485
556,13.085469245910645,19.770832061767578,-13.085469245910645,-0.0008414497715421021,-0.007322533987462521,0.0008648757357150316,0.007421290501952171,13.084627796139102,19.763509527780116,-13.08460437017493
557,14.971384048461914,19.770832061767578,-10.877346992492676,-0.0009286153363063931,-0.007303173188120127,0.0007074784371070564,0.007395890075713396,14.970455433125608,19.763528888579458,-10.876639514055569
558,16.4886531829834,19.770832061767578,-8.401388168334961,-0.0009865714237093925,-0.007283156272023916,0.0005352523294277489,0.007369137369096279,16.48766661155969,19.763548905495554,-8.400852916005533
559,17.599916458129883,19.770832061767578,-5.718560218811035,-0.001021173782646656,-0.0072661531157791615,0.0003572449495550245,0.007346251048147678,17.598895284347236,19.7635659086518,-5.71820297386148
560,18.277812957763672,19.770832061767578,-2.894921064376831,-0.0010387676302343607,-0.007254872936755419,0.00017835649487096816,0.007331032305955887,18.276774190133438,19.763577188830823,-2.89474270788196
561,17.882822036743164,21.291667938232422,0.0,-0.001378716086037457,-0.00739482045173645,1.032415599658433e-18,0.007522248663008213,17.881443320657127,21.284273117780685,1.032415599658433e-18
562,17.662654876708984,21.291667938232422,2.797489881515503,-0.0013682317221537232,-0.007398330140858889,-0.00023090557078830898,0.007527328096330166,17.66128664498683,21.284269608091563,2.7972589759447146
563,17.0075740814209,21.291667938232422,5.526095867156982,-0.0013352312380447984,-0.0074082729406654835,-0.0004599112144205719,0.007541675586253405,17.006238850182854,21.284259665291756,5.525635955942562
564,15.933712005615234,21.291667938232422,8.118632316589355,-0.0012756312498822808,-0.007422915659844875,-0.0006832210929132998,0.007562652230262756,15.932436374365352,21.284245022572577,8.117949095496442
565,14.467507362365723,21.291667938232422,10.511259078979492,-0.0011843733955174685,-0.007439489010721445,-0.0008938211249187589,0.007586016785353422,14.466322988970205,21.2842284492217,10.510365257854573
566,12.645065307617188,21.291667938232422,12.645065307617188,-0.0010576422791928053,-0.007454447913914919,-0.001081242342479527,0.0076063452288508415,12.644007665337995,21.284213490318507,12.643984065274708
567,10.511259078979492,21.291667938232422,14.467507362365723,-0.0008951620548032224,-0.0074639515951275826,-0.0012327545555308461,0.007617845665663481,10.510363916924689,21.284203986637294,14.466274607810192
568,8.118632316589355,21.291667938232422,15.933712005615234,-0.0007017871830612421,-0.007464586291462183,-0.001335994224064052,0.007615604437887669,8.117930529406294,21.28420335194096,15.93237601139117
569,5.526095867156982,21.291667938232422,17.0075740814209,-0.00048758115735836327,-0.00745425745844841,-0.0013824860798195004,0.007597035728394985,5.525608285999624,21.284213680773973,17.00619159534108
570,2.797489881515503,21.291667938232422,17.662654876708984,-0.0002659179735928774,-0.0074330600909888744,-0.0013708770275115967,0.007563094142824411,2.79722396354191,21.284234878141433,17.661283999681473
571,0.0,21.291667938232422,17.882822036743164,-4.992006142856553e-05,-0.007403819356113672,-0.001308421604335308,0.0075187101028859615,-4.992006142856553e-05,21.284264118876308,17.88151361513883
572,-2.797489881515503,21.291667938232422,17.662654876708984,0.0001515397016191855,-0.007372002117335796,-0.0012097344733774662,0.007472137454897165,-2.7973383418138837,21.284295936115086,17.661445142235607
573,-5.526095867156982,21.291667938232422,17.0075740814209,0.0003366926102899015,-0.007344787009060383,-0.0010930235730484128,0.0074333008378744125,-5.5257591745466925,21.28432315122336,17.00648105784785
574,-8.118632316589355,21.291667938232422,15.933712005615234,0.0005113612278364599,-0.007329336833208799,-0.0009751000325195491,0.0074115777388215065,-8.118120955361519,21.284338601399213,15.932736905582715
575,-10.511259078979492,21.291667938232422,14.467507362365723,0.0006860286230221391,-0.007330710534006357,-0.0008659076411277056,0.007413484156131744,-10.51057305035647,21.284337227698416,14.466641454724595
576,-12.645065307617188,21.291667938232422,12.645065307617188,0.0008692399715073407,-0.00735017703846097,-0.0007642353884875774,0.0074407486245036125,-12.64419606764568,21.28431776119396,12.6443010722287
577,-14.467507362365723,21.291667938232422,10.511259078979492,0.0010602952679619193,-0.007384526543319225,-0.0006585726514458656,0.007489270530641079,-14.46644706709776,21.284283411689103,10.510600506328046
578,-15.933712005615234,21.291667938232422,8.118632316589355,0.0012461168225854635,-0.007426551077514887,-0.0005339384078979492,0.007549275178462267,-15.932465888792649,21.284241387154907,8.118098378181458
579,-17.0075740814209,21.291667938232422,5.526095867156982,0.0014046099968254566,-0.007466667797416449,-0.00038051139563322067,0.007607157342135906,-17.006169471424073,21.284201270435005,5.525715355761349
580,-17.662654876708984,21.291667938232422,2.797489881515503,0.0015119736781343818,-0.0074953800067305565,-0.00019888061797246337,0.007648943457752466,-17.66114290303085,21.28417255822569,2.7972910008975305
581,-17.882822036743164,21.291667938232422,0.0,0.0015500399749726057,-0.007505788467824459,-5.735980043184518e-19,0.00766416871920228,-17.88127199676819,21.284162149764597,-5.735980043184518e-19
582,-17.662654876708984,21.291667938232422,-2.797489881515503,0.0015119736781343818,-0.0074953800067305565,0.00019888061797246337,0.007648943457752466,-17.66114290303085,21.28417255822569,-2.7972910008975305
583,-17.0075740814209,21.291667938232422,-5.526095867156982,0.0014046099968254566,-0.007466667797416449,0.00038051139563322067,0.007607157342135906,-17.006169471424073,21.284201270435005,-5.525715355761349
584,-15.933712005615234,21.291667938232422,-8.118632316589355,0.0012461168225854635,-0.007426551077514887,0.0005339384078979492,0.007549275178462267,-15.932465888792649,21.284241387154907,-8.118098378181458
585,-14.467507362365723,21.291667938232422,-10.511259078979492,0.0010602952679619193,-0.007384526543319225,0.0006585726514458656,0.007489270530641079,-14.46644706709776,21.284283411689103,-10.510600506328046
586,-12.645065307617188,21.291667938232422,-12.645065307617188,0.0008692399715073407,-0.00735017703846097,0.0007642353884875774,0.0074407486245036125,-12.64419606764568,21.28431776119396,-12.6443010722287
587,-10.511259078979492,21.291667938232422,-14.467507362365723,0.0006860286230221391,-0.007330710534006357,0.0008659076411277056,0.007413484156131744,-10.51057305035647,21.284337227698416,-14.466641454724595
588,-8.118632316589355,21.291667938232422,-15.933712005615234,0.0005113612278364599,-0.007329336833208799,0.0009751000325195491,0.0074115777388215065,-8.118120955361519,21.284338601399213,-15.932736905582715
589,-5.526095867156982,21.291667938232422,-17.0075740814209,0.0003366926102899015,-0.007344787009060383,0.0010930235730484128,0.0074333008378744125,-5.5257591745466925,21.28432315122336,-17.00648105784785
590,-2.797489881515503,21.291667938232422,-17.662654876708984,0.0001515397016191855,-0.007372002117335796,0.0012097344733774662,0.007472137454897165,-2.7973383418138837,21.284295936115086,-17.661445142235607
591,-0.0,21.291667938232422,-17.882822036743164,-4.992006142856553e-05,-0.007403819356113672,0.001308421604335308,0.0075187101028859615,-4.992006142856553e-05,21.284264118876308,-17.88151361513883
592,2.797489881515503,21.291667938232422,-17.662654876708984,-0.0002659179735928774,-0.0074330600909888744,0.0013708770275115967,0.007563094142824411,2.79722396354191,21.284234878141433,-17.661283999681473
593,5.526095867156982,21.291667938232422,-17.0075740814209,-0.00048758115735836327,-0.00745425745844841,0.0013824860798195004,0.007597035728394985,5.525608285999624,21.284213680773973,-17.00619159534108
594,8.118632316589355,21.291667938232422,-15.933712005615234,-0.0007017871830612421,-0.007464586291462183,0.001335994224064052,0.007615604437887669,8.117930529406294,21.28420335194096,-15.93237601139117
595,10.511259078979492,21.291667938232422,-14.467507362365723,-0.0008951620548032224,-0.0074639515951275826,0.0012327545555308461,0.007617845665663481,10.510363916924689,21.284203986637294,-14.466274607810192
596,12.645065307617188,21.291667938232422,-12.645065307617188,-0.0010576422791928053,-0.007454447913914919,0.001081242342479527,0.0076063452288508415,12.644007665337995,21.284213490318507,-12.643984065274708
597,14.467507362365723,21.291667938232422,-10.511259078979492,-0.0011843733955174685,-0.007439489010721445,0.0008938211249187589,0.007586016785353422,14.466322988970205,21.2842284492217,-10.510365257854573
598,15.933712005615234,21.291667938232422,-8.118632316589355,-0.0012756312498822808,-0.007422915659844875,0.0006832210929132998,0.007562652230262756,15.932436374365352,21.284245022572577,-8.117949095496442
599,17.0075740814209,21.291667938232422,-5.526095867156982,-0.0013352312380447984,-0.0074082729406654835,0.0004599112144205719,0.007541675586253405,17.006238850182854,21.284259665291756,-5.525635955942562
600,17.662654876708984,21.291667938232422,-2.797489881515503,-0.0013682317221537232,-0.007398330140858889,0.00023090557078830898,0.007527328096330166,17.66128664498683,21.284269608091563,-2.7972589759447146
601,18.41583824157715,22.8125,0.0,-0.0010736359981819987,-0.007505714427679777,6.193761439710912e-19,0.007582113612443209,18.414764605578966,22.80499428557232,6.193761439710912e-19
602,18.189109802246094,22.8125,2.8808720111846924,-0.0010654706275090575,-0.007510041352361441,-0.0001773545955074951,0.007587318308651447,18.188044331618585,22.80498995864764,2.880694656589185
603,17.514503479003906,22.8125,5.690806865692139,-0.0010394040727987885,-0.007522382773458958,-0.0003534182324074209,0.007602072320878506,17.513464074931107,22.80497761722654,5.690453447459731
604,16.408632278442383,22.8125,8.360615730285645,-0.000991424429230392,-0.007540803402662277,-0.0005250367685221136,0.007623798679560423,16.407640854013152,22.804959196597338,8.360090693517122
605,14.898726463317871,22.8125,10.82455825805664,-0.0009169222903437912,-0.0075620668940246105,-0.000686121464241296,0.007648291531950235,14.897809541027527,22.804937933105975,10.8238721365924
606,13.021964073181152,22.8125,13.021964073181152,-0.000813015503808856,-0.00758179510012269,-0.0008278825553134084,0.007670071441680193,13.021151057677343,22.804918204899877,13.021136190625839
607,10.82455825805664,22.8125,14.898726463317871,-0.0006805051816627383,-0.00759494723752141,-0.0009404256124980748,0.00768314441666007,10.823877752874978,22.80490505276248,14.897786037705373
608,8.360615730285645,22.8125,16.408632278442383,-0.0005246929358690977,-0.007596727926284075,-0.0010152707109227777,0.007682210300117731,8.360091037349775,22.804903272073716,16.40761700773146
609,5.690806865692139,22.8125,17.514503479003906,-0.0003546469088178128,-0.007583852391690016,-0.001047952682711184,0.0076641240157186985,5.690452218783321,22.80491614760831,17.513455526321195
610,2.8808720111846924,22.8125,18.189109802246094,-0.00018103692855220288,-0.007555882912129164,-0.0010397041914984584,0.007629228290170431,2.88069097425614,22.80494411708787,18.188070098054595
611,0.0,22.8125,18.41583824157715,-1.3266742826090194e-05,-0.007516129873692989,-0.0009974869899451733,0.007582042366266251,-1.3266742826090194e-05,22.804983870126307,18.414840754587203
612,-2.8808720111846924,22.8125,18.189109802246094,0.00014306872617453337,-0.007471676450222731,-0.0009321428369730711,0.007530956529080868,-2.880728942458518,22.805028323549777,18.18817765940912
613,-5.690806865692139,22.8125,17.514503479003906,0.0002873599878512323,-0.007432294078171253,-0.0008552175713703036,0.007486852817237377,-5.690519505704287,22.80506770592183,17.513648261432536
614,-8.360615730285645,22.8125,16.408632278442383,0.00042351739830337465,-0.007408151403069496,-0.0007760825683362782,0.007460722234100103,-8.360192212887341,22.80509184859693,16.407856195874047
615,-10.82455825805664,22.8125,14.898726463317871,0.0005579686257988214,-0.007406903896480799,-0.0006992381531745195,0.0074607296846807,-10.824000289430842,22.80509309610352,14.898027225164697
616,-13.021964073181152,22.8125,13.021964073181152,0.0006954209529794753,-0.00743108382448554,-0.0006220977520570159,0.007489433977752924,-13.021268652228173,22.805068916175514,13.021341975429095
617,-14.898726463317871,22.8125,10.82455825805664,0.0008343866793438792,-0.007476553320884705,-0.0005363352247513831,0.007542062550783157,-14.897892076638527,22.805023446679115,10.82402192283189
618,-16.408632278442383,22.8125,8.360615730285645,0.0009656564216129482,-0.00753322197124362,-0.00043265867861919105,0.007607175502926111,-16.40766662202077,22.804966778028756,8.360183071607025
619,-17.514503479003906,22.8125,5.690806865692139,0.0010749235516414046,-0.007587730884552002,-0.0003062047762796283,0.0076696076430380344,-17.513428555452265,22.804912269115448,5.690500660915859
620,-18.189109802246094,22.8125,2.8808720111846924,0.0011477265506982803,-0.00762686925008893,-0.0001591748441569507,0.007714385632425547,-18.187962075695395,22.80487313074991,2.8807128363405354
621,-18.41583824157715,22.8125,0.0,0.0011733463034033775,-0.00764106772840023,-1.9164397020145868e-19,0.007730631157755852,-18.414664895273745,22.8048589322716,-1.9164397020145868e-19
622,-18.189109802246094,22.8125,-2.8808720111846924,0.0011477265506982803,-0.00762686925008893,0.0001591748441569507,0.007714385632425547,-18.187962075695395,22.80487313074991,-2.8807128363405354
623,-17.514503479003906,22.8125,-5.690806865692139,0.0010749235516414046,-0.007587730884552002,0.0003062047762796283,0.0076696076430380344,-17.513428555452265,22.804912269115448,-5.690500660915859
624,-16.408632278442383,22.8125,-8.360615730285645,0.0009656564216129482,-0.00753322197124362,0.00043265867861919105,0.007607175502926111,-16.40766662202077,22.804966778028756,-8.360183071607025
625,-14.898726463317871,22.8125,-10.82455825805664,0.0008343866793438792,-0.007476553320884705,0.0005363352247513831,0.007542062550783157,-14.897892076638527,22.805023446679115,-10.82402192283189
626,-13.021964073181152,22.8125,-13.021964073181152,0.0006954209529794753,-0.00743108382448554,0.0006220977520570159,0.007489433977752924,-13.021268652228173,22.805068916175514,-13.021341975429095
627,-10.82455825805664,22.8125,-14.898726463317871,0.0005579686257988214,-0.007406903896480799,0.0006992381531745195,0.0074607296846807,-10.824000289430842,22.80509309610352,-14.898027225164697
628,-8.360615730285645,22.8125,-16.408632278442383,0.00042351739830337465,-0.007408151403069496,0.0007760825683362782,0.007460722234100103,-8.360192212887341,22.80509184859693,-16.407856195874047
629,-5.690806865692139,22.8125,-17.514503479003906,0.0002873599878512323,-0.007432294078171253,0.0008552175713703036,0.007486852817237377,-5.690519505704287,22.80506770592183,-17.513648261432536
630,-2.8808720111846924,22.8125,-18.189109802246094,0.00014306872617453337,-0.007471676450222731,0.0009321428369730711,0.007530956529080868,-2.880728942458518,22.805028323549777,-18.18817765940912
631,-0.0,22.8125,-18.41583824157715,-1.3266742826090194e-05,-0.007516129873692989,0.0009974869899451733,0.007582042366266251,-1.3266742826090194e-05,22.804983870126307,-18.414840754587203
632,2.8808720111846924,22.8125,-18.189109802246094,-0.00018103692855220288,-0.007555882912129164,0.0010397041914984584,0.007629228290170431,2.88069097425614,22.80494411708787,-18.188070098054595
633,5.690806865692139,22.8125,-17.514503479003906,-0.0003546469088178128,-0.007583852391690016,0.001047952682711184,0.0076641240157186985,5.690452218783321,22.80491614760831,-17.513455526321195
634,8.360615730285645,22.8125,-16.408632278442383,-0.0005246929358690977,-0.007596727926284075,0.0010152707109227777,0.007682210300117731,8.360091037349775,22.804903272073716,-16.40761700773146
635,10.82455825805664,22.8125,-14.898726463317871,-0.0006805051816627383,-0.00759494723752141,0.0009404256124980748,0.00768314441666007,10.823877752874978,22.80490505276248,-14.897786037705373
636,13.021964073181152,22.8125,-13.021964073181152,-0.000813015503808856,-0.00758179510012269,0.0008278825553134084,0.007670071441680193,13.021151057677343,22.804918204899877,-13.021136190625839
637,14.898726463317871,22.8125,-10.82455825805664,-0.0009169222903437912,-0.0075620668940246105,0.000686121464241296,0.007648291531950235,14.897809541027527,22.804937933105975,-10.8238721365924
638,16.408632278442383,22.8125,-8.360615730285645,-0.000991424429230392,-0.007540803402662277,0.0005250367685221136,0.007623798679560423,16.407640854013152,22.804959196597338,-8.360090693517122
639,17.514503479003906,22.8125,-5.690806865692139,-0.0010394040727987885,-0.007522382773458958,0.0003534182324074209,0.007602072320878506,17.513464074931107,22.80497761722654,-5.690453447459731
640,18.189109802246094,22.8125,-2.8808720111846924,-0.0010654706275090575,-0.007510041352361441,0.0001773545955074951,0.007587318308651447,18.188044331618585,22.80498995864764,-2.880694656589185
641,18.948854446411133,24.333332061767578,0.0,-0.00057569844648242,-0.00769249489530921,8.616759569516555e-19,0.0077140070497989655,18.94827874796465,24.32563956687227,8.616759569516555e-19
642,18.71556282043457,24.333332061767578,2.9642539024353027,-0.0005706534720957279,-0.007698164787143469,-9.370776388095692e-05,0.007719855289906263,18.714992166962475,24.325633896980435,2.9641601946714218
643,18.02143096923828,24.333332061767578,5.855517864227295,-0.0005544372252188623,-0.007714358624070883,-0.00018612596613820642,0.00773649662733078,18.020876532013062,24.325617703143507,5.855331738261157
644,16.88355255126953,24.333332061767578,8.60260009765625,-0.0005244534113444388,-0.007738583721220493,-0.00027474045054987073,0.007761199027299881,16.883028097858187,24.325593478046358,8.6023253572057
645,15.329944610595703,24.333332061767578,11.137857437133789,-0.000478208065032959,-0.007766610477119684,-0.00035539380041882396,0.0077894302085042,15.32946640253067,24.32556545129046,11.13750204333337
646,13.398862838745117,24.333332061767578,13.398862838745117,-0.00041506014531478286,-0.0077926176600158215,-0.0004230439371895045,0.007815122604370117,13.398447778599802,24.325539444107562,13.398439794807928
647,11.137857437133789,24.333332061767578,15.329944610595703,-0.0003371897037141025,-0.007809781935065985,-0.0004734135582111776,0.007831379771232605,11.137520247430075,24.325522279832512,15.329471197037492
648,8.60260009765625,24.333332061767578,16.88355255126953,-0.000249244476435706,-0.007811493240296841,-0.0005046838195994496,0.007831746712327003,8.602350853179814,24.32552056852728,16.883047867449932
649,5.855517864227295,24.333332061767578,18.02143096923828,-0.00015683523088227957,-0.00779311079531908,-0.000518277520313859,0.00781189976260066,5.855361028996413,24.32553895097226,18.020912691717967
650,2.9642539024353027,24.333332061767578,18.71556282043457,-6.46897460683249e-05,-0.007753837388008833,-0.0005182457971386611,0.007771406322717667,2.9641892126892344,24.32557822437957,18.71504457463743
651,0.0,24.333332061767578,18.948854446411133,2.4583883714512922e-05,-0.007697981782257557,-0.0005095891538076103,0.007714869454503059,2.4583883714512922e-05,24.32563407998532,18.948344857257325
652,-2.9642539024353027,24.333332061767578,18.71556282043457,0.00011059059033868834,-0.007634988520294428,-0.0004962696693837643,0.007651899475604296,-2.964143311844964,24.325697073247284,18.715066550765187
653,-5.855517864227295,24.333332061767578,18.02143096923828,0.00019410431559663266,-0.007578080520033836,-0.00047953464672900736,0.007595717906951904,-5.855323759911698,24.325753981247544,18.020951434591552
654,-8.60260009765625,24.333332061767578,16.88355255126953,0.0002753819280769676,-0.007541509810835123,-0.0004574490594677627,0.007560387719422579,-8.602324715728173,24.325790551956743,16.883095102210063
655,-11.137857437133789,24.333332061767578,15.329944610595703,0.0003527423832565546,-0.007536830380558968,-0.00042588403448462486,0.007557090371847153,-11.137504694750533,24.32579523138702,15.329518726561219
656,-13.398862838745117,24.333332061767578,13.398862838745117,0.00042267999378964305,-0.0075685386545956135,-0.0003810838970821351,0.007589905057102442,-13.398440158751328,24.325763523112983,13.398481754848035
657,-15.329944610595703,24.333332061767578,11.137857437133789,0.00048198638251051307,-0.007630754262208939,-0.000322425679769367,0.007652756292372942,-15.329462624213193,24.32570130750537,11.13753501145402
658,-16.88355255126953,24.333332061767578,8.60260009765625,0.0005289291148073971,-0.0077086081728339195,-0.0002520033740438521,0.007730841636657715,-16.883023622154724,24.325623453594744,8.602348094282206
659,-18.02143096923828,24.333332061767578,5.855517864227295,0.0005626078927889466,-0.007783239241689444,-0.00017275540449190885,0.00780545873567462,-18.020868361345492,24.32554882252589,5.855345108822803
660,-18.71556282043457,24.333332061767578,2.9642539024353027,0.0005827508866786957,-0.007836665958166122,-8.776926551945508e-05,0.007858793251216412,-18.71498006954789,24.325495395809412,2.9641661331697833
661,-18.948854446411133,24.333332061767578,0.0,0.0005894501809962094,-0.00785602256655693,5.347046956992445e-19,0.007878105156123638,-18.948264996230137,24.32547603920102,5.347046956992445e-19
662,-18.71556282043457,24.333332061767578,-2.9642539024353027,0.0005827508866786957,-0.007836665958166122,8.776926551945508e-05,0.007858793251216412,-18.71498006954789,24.325495395809412,-2.9641661331697833
663,-18.02143096923828,24.333332061767578,-5.855517864227295,0.0005626078927889466,-0.007783239241689444,0.00017275540449190885,0.00780545873567462,-18.020868361345492,24.32554882252589,-5.855345108822803
664,-16.88355255126953,24.333332061767578,-8.60260009765625,0.0005289291148073971,-0.0077086081728339195,0.0002520033740438521,0.007730841636657715,-16.883023622154724,24.325623453594744,-8.602348094282206
665,-15.329944610595703,24.333332061767578,-11.137857437133789,0.00048198638251051307,-0.007630754262208939,0.000322425679769367,0.007652756292372942,-15.329462624213193,24.32570130750537,-11.13753501145402
666,-13.398862838745117,24.333332061767578,-13.398862838745117,0.00042267999378964305,-0.0075685386545956135,0.0003810838970821351,0.007589905057102442,-13.398440158751328,24.325763523112983,-13.398481754848035
667,-11.137857437133789,24.333332061767578,-15.329944610595703,0.0003527423832565546,-0.007536830380558968,0.00042588403448462486,0.007557090371847153,-11.137504694750533,24.32579523138702,-15.329518726561219
668,-8.60260009765625,24.333332061767578,-16.88355255126953,0.0002753819280769676,-0.007541509810835123,0.0004574490594677627,0.007560387719422579,-8.602324715728173,24.325790551956743,-16.883095102210063
669,-5.855517864227295,24.333332061767578,-18.02143096923828,0.00019410431559663266,-0.007578080520033836,0.00047953464672900736,0.007595717906951904,-5.855323759911698,24.325753981247544,-18.020951434591552
670,-2.9642539024353027,24.333332061767578,-18.71556282043457,0.00011059059033868834,-0.007634988520294428,0.0004962696693837643,0.007651899475604296,-2.964143311844964,24.325697073247284,-18.715066550765187
671,-0.0,24.333332061767578,-18.948854446411133,2.4583883714512922e-05,-0.007697981782257557,0.0005095891538076103,0.007714869454503059,2.4583883714512922e-05,24.32563407998532,-18.948344857257325
672,2.9642539024353027,24.333332061767578,-18.71556282043457,-6.46897460683249e-05,-0.007753837388008833,0.0005182457971386611,0.007771406322717667,2.9641892126892344,24.32557822437957,-18.71504457463743
673,5.855517864227295,24.333332061767578,-18.02143096923828,-0.00015683523088227957,-0.00779311079531908,0.000518277520313859,0.00781189976260066,5.855361028996413,24.32553895097226,-18.020912691717967
674,8.60260009765625,24.333332061767578,-16.88355255126953,-0.000249244476435706,-0.007811493240296841,0.0005046838195994496,0.007831746712327003,8.602350853179814,24.32552056852728,-16.883047867449932
675,11.137857437133789,24.333332061767578,-15.329944610595703,-0.0003371897037141025,-0.007809781935065985,0.0004734135582111776,0.007831379771232605,11.137520247430075,24.325522279832512,-15.329471197037492
676,13.398862838745117,24.333332061767578,-13.398862838745117,-0.00041506014531478286,-0.0077926176600158215,0.0004230439371895045,0.007815122604370117,13.398447778599802,24.325539444107562,-13.398439794807928
677,15.329944610595703,24.333332061767578,-11.137857437133789,-0.000478208065032959,-0.007766610477119684,0.00035539380041882396,0.0077894302085042,15.32946640253067,24.32556545129046,-11.13750204333337
678,16.88355255126953,24.333332061767578,-8.60260009765625,-0.0005244534113444388,-0.007738583721220493,0.00027474045054987073,0.007761199027299881,16.883028097858187,24.325593478046358,-8.6023253572057
679,18.02143096923828,24.333332061767578,-5.855517864227295,-0.0005544372252188623,-0.007714358624070883,0.00018612596613820642,0.00773649662733078,18.020876532013062,24.325617703143507,-5.855331738261157
680,18.71556282043457,24.333332061767578,-2.9642539024353027,-0.0005706534720957279,-0.007698164787143469,9.370776388095692e-05,0.007719855289906263,18.714992166962475,24.325633896980435,-2.9641601946714218
681,20.303239822387695,25.854167938232422,0.0,-1.9447812519501895e-05,-0.008221641182899475,9.309001433261983e-20,0.00822166446596384,20.303220374575176,25.845946297049522,9.309001433261983e-20
682,20.053272247314453,25.854167938232422,3.176126003265381,-1.723398600006476e-05,-0.008231761865317822,7.218803688147091e-08,0.00823177956044674,20.053255013328453,25.845936176367104,3.1761260754534177
683,19.309528350830078,25.854167938232422,6.274045944213867,-1.031927331496263e-05,-0.00826051365584135,1.5070594372446067e-06,0.008260520175099373,19.309518031556763,25.84590742457658,6.274047451273304
684,18.09031867980957,25.854167938232422,9.217477798461914,1.6618968174952897e-06,-0.008303076960146427,6.0057122936996166e-06,0.008303078822791576,18.090320341706388,25.845864861272275,9.217483804174208
685,16.42566680908203,25.854167938232422,11.933944702148438,1.8133623598259874e-05,-0.008351537398993969,1.529011206002906e-05,0.008351570926606655,16.42568494270563,25.845816400833428,11.933959992260498
686,14.356557846069336,25.854167938232422,14.356557846069336,3.6773475585505366e-05,-0.008395375683903694,2.9948365408927202e-05,0.008395509794354439,14.356594619544921,25.845772562548518,14.356587794434745
687,11.933944702148438,25.854167938232422,16.42566680908203,5.374960528570227e-05,-0.00842264574021101,4.7976420319173485e-05,0.008422953076660633,11.933998451753723,25.84574529249221,16.42571478550235
688,9.217477798461914,25.854167938232422,18.09031867980957,6.525114440592006e-05,-0.008422067388892174,6.40800572000444e-05,0.008422563783824444,9.21754304960632,25.84574587084353,18.09038275986677
689,6.274045944213867,25.854167938232422,19.309528350830078,6.965419015614316e-05,-0.008385901339352131,7.071404252201319e-05,0.008386488072574139,6.274115598404023,25.84578203689307,19.3095990648726
690,3.176126003265381,25.854167938232422,20.053272247314453,6.897142884554341e-05,-0.008312973193824291,6.094511263654567e-05,0.008313482627272606,3.1761949746942264,25.845854965038598,20.05333319242709
691,0.0,25.854167938232422,20.303239822387695,6.837323599029332e-05,-0.00821082666516304,3.2024207030190155e-05,0.008211174048483372,6.837323599029332e-05,25.84595711156726,20.303271846594726
692,-3.176126003265381,25.854167938232422,20.053272247314453,7.359722803812474e-05,-0.008095884695649147,-1.2206004612380639e-05,0.008096227422356606,-3.1760524060373427,25.846072053536773,20.05326004130984
693,-6.274045944213867,25.854167938232422,19.309528350830078,8.734533184906468e-05,-0.007991020567715168,-6.148796819616109e-05,0.007991734892129898,-6.273958598882018,25.846176917664707,19.309466862861882
694,-9.217477798461914,25.854167938232422,18.09031867980957,0.00010621911496855319,-0.007921384647488594,-0.00010158044460695237,0.007922748103737831,-9.217371579346946,25.846246553584933,18.090217099364963
695,-11.933944702148438,25.854167938232422,16.42566680908203,0.00011955526861129329,-0.007909093052148819,-0.0001186528243124485,0.007910885848104954,-11.933825146879826,25.846258845180273,16.42554815625772
696,-14.356557846069336,25.854167938232422,14.356557846069336,0.00011394384637242183,-0.007963954471051693,-0.00010765879414975643,0.007965496741235256,-14.356443902222964,25.84620398376137,14.356450187275186
697,-16.42566680908203,25.854167938232422,11.933944702148438,8.404207619605586e-05,-0.008074474520981312,-7.778259896440431e-05,0.008075286634266376,-16.425582767005835,25.84609346371144,11.933866919549473
698,-18.09031867980957,25.854167938232422,9.217477798461914,3.7180958315730095e-05,-0.008211723528802395,-4.4682761654257774e-05,0.008211929351091385,-18.090281498851255,25.84595621470362,9.21743311570026
699,-19.309528350830078,25.854167938232422,6.274045944213867,-1.2634432096092496e-05,-0.008341852575540543,-1.954183062480297e-05,0.00834188424050808,-19.309540985262174,25.84582608565688,6.274026402383242
700,-20.053272247314453,25.854167938232422,3.176126003265381,-5.053171844338067e-05,-0.008434454910457134,-5.816468728880864e-06,0.008434608578681946,-20.053322779032897,25.845733483321965,3.176120186796652
701,-20.303239822387695,25.854167938232422,0.0,-6.468594074249268e-05,-0.008467943407595158,5.49776908736938e-19,0.00846819020807743,-20.303304508328438,25.845699994824827,5.49776908736938e-19
702,-20.053272247314453,25.854167938232422,-3.176126003265381,-5.053171844338067e-05,-0.008434454910457134,5.816468728880864e-06,0.008434608578681946,-20.053322779032897,25.845733483321965,-3.176120186796652
703,-19.309528350830078,25.854167938232422,-6.274045944213867,-1.2634432096092496e-05,-0.008341852575540543,1.954183062480297e-05,0.00834188424050808,-19.309540985262174,25.84582608565688,-6.274026402383242
704,-18.09031867980957,25.854167938232422,-9.217477798461914,3.7180958315730095e-05,-0.008211723528802395,4.4682761654257774e-05,0.008211929351091385,-18.090281498851255,25.84595621470362,-9.21743311570026
705,-16.42566680908203,25.854167938232422,-11.933944702148438,8.404207619605586e-05,-0.008074474520981312,7.778259896440431e-05,0.008075286634266376,-16.425582767005835,25.84609346371144,-11.933866919549473
706,-14.356557846069336,25.854167938232422,-14.356557846069336,0.00011394384637242183,-0.007963954471051693,0.00010765879414975643,0.007965496741235256,-14.356443902222964,25.84620398376137,-14.356450187275186
707,-11.933944702148438,25.854167938232422,-16.42566680908203,0.00011955526861129329,-0.007909093052148819,0.0001186528243124485,0.007910885848104954,-11.933825146879826,25.846258845180273,-16.42554815625772
708,-9.217477798461914,25.854167938232422,-18.09031867980957,0.00010621911496855319,-0.007921384647488594,0.00010158044460695237,0.007922748103737831,-9.217371579346946,25.846246553584933,-18.090217099364963
709,-6.274045944213867,25.854167938232422,-19.309528350830078,8.734533184906468e-05,-0.007991020567715168,6.148796819616109e-05,0.007991734892129898,-6.273958598882018,25.846176917664707,-19.309466862861882
710,-3.176126003265381,25.854167938232422,-20.053272247314453,7.359722803812474e-05,-0.008095884695649147,1.2206004612380639e-05,0.008096227422356606,-3.1760524060373427,25.846072053536773,-20.05326004130984
711,-0.0,25.854167938232422,-20.303239822387695,6.837323599029332e-05,-0.00821082666516304,-3.2024207030190155e-05,0.008211174048483372,6.837323599029332e-05,25.84595711156726,-20.303271846594726
712,3.176126003265381,25.854167938232422,-20.053272247314453,6.897142884554341e-05,-0.008312973193824291,-6.094511263654567e-05,0.008313482627272606,3.1761949746942264,25.845854965038598,-20.05333319242709
713,6.274045944213867,25.854167938232422,-19.309528350830078,6.965419015614316e-05,-0.008385901339352131,-7.071404252201319e-05,0.008386488072574139,6.274115598404023,25.84578203689307,-19.3095990648726
714,9.217477798461914,25.854167938232422,-18.09031867980957,6.525114440592006e-05,-0.008422067388892174,-6.40800572000444e-05,0.008422563783824444,9.21754304960632,25.84574587084353,-18.09038275986677
715,11.933944702148438,25.854167938232422,-16.42566680908203,5.374960528570227e-05,-0.00842264574021101,-4.7976420319173485e-05,0.008422953076660633,11.933998451753723,25.84574529249221,-16.42571478550235
716,14.356557846069336,25.854167938232422,-14.356557846069336,3.6773475585505366e-05,-0.008395375683903694,-2.9948365408927202e-05,0.008395509794354439,14.356594619544921,25.845772562548518,-14.356587794434745
717,16.42566680908203,25.854167938232422,-11.933944702148438,1.8133623598259874e-05,-0.008351537398993969,-1.529011206002906e-05,0.008351570926606655,16.42568494270563,25.845816400833428,-11.933959992260498
718,18.09031867980957,25.854167938232422,-9.217477798461914,1.6618968174952897e-06,-0.008303076960146427,-6.0057122936996166e-06,0.008303078822791576,18.090320341706388,25.845864861272275,-9.217483804174208
719,19.309528350830078,25.854167938232422,-6.274045944213867,-1.031927331496263e-05,-0.00826051365584135,-1.5070594372446067e-06,0.008260520175099373,19.309518031556763,25.84590742457658,-6.274047451273304
720,20.053272247314453,25.854167938232422,-3.176126003265381,-1.723398600006476e-05,-0.008231761865317822,-7.218803688147091e-08,0.00823177956044674,20.053255013328453,25.845936176367104,-3.1761260754534177
721,21.657623291015625,27.375,0.0,0.0003979358298238367,-0.00863681361079216,1.616980028495989e-19,0.008645975962281227,21.65802122684545,27.366363186389208,1.616980028495989e-19
722,21.39098358154297,27.375,3.3879990577697754,0.00039955315878614783,-0.008651855401694775,7.228893809951842e-05,0.008661378175020218,21.391383134701755,27.366348144598305,3.388071346707875
723,20.597623825073242,27.375,6.6925740242004395,0.00040354355587624013,-0.008694389835000038,0.00014697873848490417,0.008704991079866886,20.59802736862912,27.366305610165,6.692721002938924
724,19.29708480834961,27.375,9.832356452941895,0.0004072250740136951,-0.008756780996918678,0.00022558624914381653,0.008769147098064423,19.297492033423623,27.36624321900308,9.832582039191038
725,17.521385192871094,27.375,12.730031967163086,0.0004060455830767751,-0.008826849982142448,0.0003075709973927587,0.00884153600782156,17.52179123845417,27.366173150017858,12.730339538160479
726,15.314252853393555,27.375,15.314252853393555,0.0003941312897950411,-0.0088889691978693,0.00038897592457942665,0.008906201459467411,15.31464698468335,27.36611103080213,15.314641829318134
727,12.730031967163086,27.375,17.521385192871094,0.00036589408409781754,-0.00892605260014534,0.0004615584039129317,0.00894546415656805,12.730397861247184,27.366073947399855,17.521846751275007
728,9.832356452941895,27.375,19.29708480834961,0.00031853377004154027,-0.00892256572842598,0.0005134284729138017,0.008942999877035618,9.832674986711936,27.366077434271574,19.297598236822523
729,6.6925740242004395,27.375,20.597623825073242,0.000254411599598825,-0.00886834692209959,0.0005319017800502479,0.008887926116585732,6.692828435800038,27.3661316530779,20.598155726853292
730,3.3879990577697754,27.375,21.39098358154297,0.00018173587159253657,-0.00876250583678484,0.0005082417628727853,0.008779114112257957,3.388180793641368,27.366237494163215,21.39149182330584
731,0.0,27.375,21.657623291015625,0.00011234576959395781,-0.008616221137344837,0.0004426204541232437,0.00862831436097622,0.00011234576959395781,27.366383778862655,21.65806591146975
732,-3.3879990577697754,27.375,21.39098358154297,5.672352926922031e-05,-0.008452987298369408,0.0003466963826213032,0.00846028421074152,-3.387942334240506,27.36654701270163,21.39133027792559
733,-6.6925740242004395,27.375,20.597623825073242,1.8229369743494317e-05,-0.008305137977004051,0.00024152912374120206,0.008308669552206993,-6.692555794830696,27.366694862022996,20.597865354196983
734,-9.832356452941895,27.375,19.29708480834961,-1.0696999197534751e-05,-0.008207719773054123,0.00015183008508756757,0.008209130726754665,-9.832367149941092,27.366792280226946,19.297236638434697
735,-12.730031967163086,27.375,17.521385192871094,-4.870920383837074e-05,-0.008191384375095367,9.857078111963347e-05,0.008192121982574463,-12.730080676366924,27.366808615624905,17.521483763652213
736,-15.314252853393555,27.375,15.314252853393555,-0.00011712229024851695,-0.008269600570201874,8.689468813827261e-05,0.008270886726677418,-15.314369975683803,27.366730399429798,15.314339748081693
737,-17.521385192871094,27.375,12.730031967163086,-0.00022240237740334123,-0.00842551700770855,9.901475277729332e-05,0.008429032750427723,-17.521607595248497,27.36657448299229,12.730130981915863
738,-19.29708480834961,27.375,9.832356452941895,-0.0003492937539704144,-0.008617930114269257,0.00010776487033581361,0.008625678718090057,-19.29743410210358,27.36638206988573,9.83246421781223
739,-20.597623825073242,27.375,6.6925740242004395,-0.00047099063522182405,-0.008799661882221699,9.476186824031174e-05,0.008812766522169113,-20.598094815708464,27.36620033811778,6.69266878606868
740,-21.39098358154297,27.375,3.3879990577697754,-0.000559140054974705,-0.008928731083869934,5.589131615124643e-05,0.008946395479142666,-21.391542721597943,27.36607126891613,3.3880549490859266
741,-21.657623291015625,27.375,0.0,-0.0005913746426813304,-0.008975357748568058,8.340471939141952e-19,0.008994819596409798,-21.658214665658306,27.366024642251432,8.340471939141952e-19
742,-21.39098358154297,27.375,-3.3879990577697754,-0.000559140054974705,-0.008928731083869934,-5.589131615124643e-05,0.008946395479142666,-21.391542721597943,27.36607126891613,-3.3880549490859266
743,-20.597623825073242,27.375,-6.6925740242004395,-0.00047099063522182405,-0.008799661882221699,-9.476186824031174e-05,0.008812766522169113,-20.598094815708464,27.36620033811778,-6.69266878606868
744,-19.29708480834961,27.375,-9.832356452941895,-0.0003492937539704144,-0.008617930114269257,-0.00010776487033581361,0.008625678718090057,-19.29743410210358,27.36638206988573,-9.83246421781223
745,-17.521385192871094,27.375,-12.730031967163086,-0.00022240237740334123,-0.00842551700770855,-9.901475277729332e-05,0.008429032750427723,-17.521607595248497,27.36657448299229,-12.730130981915863
746,-15.314252853393555,27.375,-15.314252853393555,-0.00011712229024851695,-0.008269600570201874,-8.689468813827261e-05,0.008270886726677418,-15.314369975683803,27.366730399429798,-15.314339748081693
747,-12.730031967163086,27.375,-17.521385192871094,-4.870920383837074e-05,-0.008191384375095367,-9.857078111963347e-05,0.008192121982574463,-12.730080676366924,27.366808615624905,-17.521483763652213
748,-9.832356452941895,27.375,-19.29708480834961,-1.0696999197534751e-05,-0.008207719773054123,-0.00015183008508756757,0.008209130726754665,-9.832367149941092,27.366792280226946,-19.297236638434697
749,-6.6925740242004395,27.375,-20.597623825073242,1.8229369743494317e-05,-0.008305137977004051,-0.00024152912374120206,0.008308669552206993,-6.692555794830696,27.366694862022996,-20.597865354196983
750,-3.3879990577697754,27.375,-21.39098358154297,5.672352926922031e-05,-0.008452987298369408,-0.0003466963826213032,0.00846028421074152,-3.387942334240506,27.36654701270163,-21.39133027792559
751,-0.0,27.375,-21.657623291015625,0.00011234576959395781,-0.008616221137344837,-0.0004426204541232437,0.00862831436097622,0.00011234576959395781,27.366383778862655,-21.65806591146975
752,3.3879990577697754,27.375,-21.39098358154297,0.00018173587159253657,-0.00876250583678484,-0.0005082417628727853,0.008779114112257957,3.388180793641368,27.366237494163215,-21.39149182330584
753,6.6925740242004395,27.375,-20.597623825073242,0.000254411599598825,-0.00886834692209959,-0.0005319017800502479,0.008887926116585732,6.692828435800038,27.3661316530779,-20.598155726853292
754,9.832356452941895,27.375,-19.29708480834961,0.00031853377004154027,-0.00892256572842598,-0.0005134284729138017,0.008942999877035618,9.832674986711936,27.366077434271574,-19.297598236822523
755,12.730031967163086,27.375,-17.521385192871094,0.00036589408409781754,-0.00892605260014534,-0.0004615584039129317,0.00894546415656805,12.730397861247184,27.366073947399855,-17.521846751275007
756,15.314252853393555,27.375,-15.314252853393555,0.0003941312897950411,-0.0088889691978693,-0.00038897592457942665,0.008906201459467411,15.31464698468335,27.36611103080213,-15.314641829318134
757,17.521385192871094,27.375,-12.730031967163086,0.0004060455830767751,-0.008826849982142448,-0.0003075709973927587,0.00884153600782156,17.52179123845417,27.366173150017858,-12.730339538160479
758,19.29708480834961,27.375,-9.832356452941895,0.0004072250740136951,-0.008756780996918678,-0.00022558624914381653,0.008769147098064423,19.297492033423623,27.36624321900308,-9.832582039191038
759,20.597623825073242,27.375,-6.6925740242004395,0.00040354355587624013,-0.008694389835000038,-0.00014697873848490417,0.008704991079866886,20.59802736862912,27.366305610165,-6.692721002938924
760,21.39098358154297,27.375,-3.3879990577697754,0.00039955315878614783,-0.008651855401694775,-7.228893809951842e-05,0.008661378175020218,21.391383134701755,27.366348144598305,-3.388071346707875
761,23.07359504699707,28.895832061767578,0.0,0.0005469621974043548,-0.008821750991046429,-6.973750364342024e-20,0.00883869081735611,23.074142009194475,28.88701031077653,-6.973750364342024e-20
762,22.789520263671875,28.895832061767578,3.6095049381256104,0.0005515664233826101,-0.00884219165891409,0.00010248328180750832,0.008859970606863499,22.790071830095258,28.886989870108664,3.609607421407418
763,21.944292068481445,28.895832061767578,7.130133152008057,0.0005632414249703288,-0.008899875916540623,0.00020969519391655922,0.008920146152377129,21.944855309906416,28.886932185851038,7.130342847201973
764,20.55872344970703,28.895832061767578,10.47519302368164,0.0005758458282798529,-0.008984176442027092,0.0003241955128032714,0.009008447639644146,20.55929929553531,28.88684788532555,10.475517219194444
765,18.666929244995117,28.895832061767578,13.562318801879883,0.0005802078521810472,-0.009078401140868664,0.0004442957288119942,0.009107766672968864,18.6675094528473,28.88675366062671,13.562763097608695
766,16.315494537353516,28.895832061767578,16.315494537353516,0.0005660912138409913,-0.009161566384136677,0.000562470406293869,0.009196256287395954,16.316060628567357,28.88667049538344,16.31605700775981
767,13.562318801879883,28.895832061767578,18.666929244995117,0.0005252253613434732,-0.009211261756718159,0.0006650820723734796,0.009250164031982422,13.562844027241226,28.88662080001086,18.66759432706749
768,10.47519302368164,28.895832061767578,20.55872344970703,0.0004548042779788375,-0.00920763798058033,0.0007343605393543839,0.009248066693544388,10.47564782795962,28.886624423786998,20.559457810246386
769,7.130133152008057,28.895832061767578,21.944292068481445,0.0003600571071729064,-0.009138177148997784,0.0007530396105721593,0.009176218882203102,7.1304932091152295,28.88669388461858,21.945045108092017
770,3.6095049381256104,28.895832061767578,22.789520263671875,0.0002541668654885143,-0.009002422913908958,0.0007108942372724414,0.00903402455151081,3.609759104991099,28.88682963885367,22.790231157909147
771,0.0,28.895832061767578,23.07359504699707,0.00015436594549100846,-0.008815317414700985,0.00061094417469576,0.008837810717523098,0.00015436594549100846,28.887016744352877,23.074205991171766
772,-3.6095049381256104,28.895832061767578,22.789520263671875,7.468610419891775e-05,-0.008607489988207817,0.00047215522499755025,0.00862075388431549,-3.6094302520214114,28.88722457177937,22.789992418896873
773,-7.130133152008057,28.895832061767578,21.944292068481445,1.8118147636414506e-05,-0.00842101126909256,0.0003258298384025693,0.008427332155406475,-7.13011503386042,28.887411050498486,21.944617898319848
774,-10.47519302368164,28.895832061767578,20.55872344970703,-2.775528992060572e-05,-0.008300849236547947,0.0002061814593616873,0.008303456008434296,-10.475220778971561,28.88753121253103,20.558929631166393
775,-13.562318801879883,28.895832061767578,18.666929244995117,-8.885194984031841e-05,-0.008284216746687889,0.00013869279064238071,0.008285854011774063,-13.562407653829723,28.88754784502089,18.66706793778576
776,-16.315494537353516,28.895832061767578,16.315494537353516,-0.00019237161905039102,-0.008385691791772842,0.00012645953393075615,0.008388850837945938,-16.315686908972566,28.887446369975805,16.315620996887446
777,-18.666929244995117,28.895832061767578,13.562318801879883,-0.00034608200076036155,-0.008584066294133663,0.0001446201786166057,0.008592257276177406,-18.667275326995878,28.887247995473444,13.5624634220585
778,-20.55872344970703,28.895832061767578,10.47519302368164,-0.0005297824391163886,-0.008828962221741676,0.00015692837769165635,0.008846234530210495,-20.559253232146148,28.887003099545836,10.475349952059332
779,-21.944292068481445,28.895832061767578,7.130133152008057,-0.0007059596246108413,-0.009060800075531006,0.00013780892186332494,0.009089305065572262,-21.944998028106056,28.886771261692047,7.13027096092992
780,-22.789520263671875,28.895832061767578,3.6095049381256104,-0.0008334371377713978,-0.009225474670529366,8.122209692373872e-05,0.009263400919735432,-22.790353700809646,28.88660658709705,3.609586160222534
781,-23.07359504699707,28.895832061767578,0.0,-0.0008799802744761109,-0.009284919127821922,9.547673283774678e-19,0.009326525963842869,-23.074475027271546,28.886547142639756,9.547673283774678e-19
782,-22.789520263671875,28.895832061767578,-3.6095049381256104,-0.0008334371377713978,-0.009225474670529366,-8.122209692373872e-05,0.009263400919735432,-22.790353700809646,28.88660658709705,-3.609586160222534
783,-21.944292068481445,28.895832061767578,-7.130133152008057,-0.0007059596246108413,-0.009060800075531006,-0.00013780892186332494,0.009089305065572262,-21.944998028106056,28.886771261692047,-7.13027096092992
784,-20.55872344970703,28.895832061767578,-10.47519302368164,-0.0005297824391163886,-0.008828962221741676,-0.00015692837769165635,0.008846234530210495,-20.559253232146148,28.887003099545836,-10.475349952059332
785,-18.666929244995117,28.895832061767578,-13.562318801879883,-0.00034608200076036155,-0.008584066294133663,-0.0001446201786166057,0.008592257276177406,-18.667275326995878,28.887247995473444,-13.5624634220585
786,-16.315494537353516,28.895832061767578,-16.315494537353516,-0.00019237161905039102,-0.008385691791772842,-0.00012645953393075615,0.008388850837945938,-16.315686908972566,28.887446369975805,-16.315620996887446
787,-13.562318801879883,28.895832061767578,-18.666929244995117,-8.885194984031841e-05,-0.008284216746687889,-0.00013869279064238071,0.008285854011774063,-13.562407653829723,28.88754784502089,-18.66706793778576
788,-10.47519302368164,28.895832061767578,-20.55872344970703,-2.775528992060572e-05,-0.008300849236547947,-0.0002061814593616873,0.008303456008434296,-10.475220778971561,28.88753121253103,-20.558929631166393
789,-7.130133152008057,28.895832061767578,-21.944292068481445,1.8118147636414506e-05,-0.00842101126909256,-0.0003258298384025693,0.008427332155406475,-7.13011503386042,28.887411050498486,-21.944617898319848
790,-3.6095049381256104,28.895832061767578,-22.789520263671875,7.468610419891775e-05,-0.008607489988207817,-0.00047215522499755025,0.00862075388431549,-3.6094302520214114,28.88722457177937,-22.789992418896873
791,-0.0,28.895832061767578,-23.07359504699707,0.00015436594549100846,-0.008815317414700985,-0.00061094417469576,0.008837810717523098,0.00015436594549100846,28.887016744352877,-23.074205991171766
792,3.6095049381256104,28.895832061767578,-22.789520263671875,0.0002541668654885143,-0.009002422913908958,-0.0007108942372724414,0.00903402455151081,3.609759104991099,28.88682963885367,-22.790231157909147
793,7.130133152008057,28.895832061767578,-21.944292068481445,0.0003600571071729064,-0.009138177148997784,-0.0007530396105721593,0.009176218882203102,7.1304932091152295,28.88669388461858,-21.945045108092017
794,10.47519302368164,28.895832061767578,-20.55872344970703,0.0004548042779788375,-0.00920763798058033,-0.0007343605393543839,0.009248066693544388,10.47564782795962,28.886624423786998,-20.559457810246386
795,13.562318801879883,28.895832061767578,-18.666929244995117,0.0005252253613434732,-0.009211261756718159,-0.0006650820723734796,0.009250164031982422,13.562844027241226,28.88662080001086,-18.66759432706749
796,16.315494537353516,28.895832061767578,-16.315494537353516,0.0005660912138409913,-0.009161566384136677,-0.000562470406293869,0.009196256287395954,16.316060628567357,28.88667049538344,-16.31605700775981
797,18.666929244995117,28.895832061767578,-13.562318801879883,0.0005802078521810472,-0.009078401140868664,-0.0004442957288119942,0.009107766672968864,18.6675094528473,28.88675366062671,-13.562763097608695
798,20.55872344970703,28.895832061767578,-10.47519302368164,0.0005758458282798529,-0.008984176442027092,-0.0003241955128032714,0.009008447639644146,20.55929929553531,28.88684788532555,-10.475517219194444
799,21.944292068481445,28.895832061767578,-7.130133152008057,0.0005632414249703288,-0.008899875916540623,-0.00020969519391655922,0.008920146152377129,21.944855309906416,28.886932185851038,-7.130342847201973
800,22.789520263671875,28.895832061767578,-3.6095049381256104,0.0005515664233826101,-0.00884219165891409,-0.00010248328180750832,0.008859970606863499,22.790071830095258,28.886989870108664,-3.609607421407418
801,24.489566802978516,30.416667938232422,0.0,0.0005741388304159045,-0.008887013420462608,3.5550700036655436e-21,0.008905540220439434,24.49014094180893,30.40778092481196,3.5550700036655436e-21
802,24.188058853149414,30.416667938232422,3.831012010574341,0.0005836844211444259,-0.008913313038647175,0.00011385832476662472,0.008933129720389843,24.18864253757056,30.407754625193775,3.8311258688991074
803,23.29096031188965,30.416667938232422,7.567691802978516,0.0006088277441449463,-0.008987556211650372,0.00023568094184156507,0.00901123695075512,23.291569139633793,30.40768038202077,7.567927483920357
804,21.820362091064453,30.416667938232422,11.118029594421387,0.0006396896787919104,-0.009096162393689156,0.00036995665868744254,0.009126129560172558,21.821001780743245,30.407571775838733,11.118399551080074
805,19.812475204467773,30.416667938232422,14.39460563659668,0.0006619281484745443,-0.009217891842126846,0.0005146218463778496,0.00925594475120306,19.813137132616248,30.407450046390295,14.395120258443058
806,17.31673812866211,30.416667938232422,17.31673812866211,0.0006600971682928503,-0.009326201863586903,0.0006590719567611814,0.00937273446470499,17.317398225830402,30.407341736368835,17.31739720061887
807,14.39460563659668,30.416667938232422,19.812475204467773,0.0006222027586773038,-0.009392897598445415,0.0007842805935069919,0.009446097537875175,14.395227839355357,30.407275040633976,19.81325948506128
808,11.118029594421387,30.416667938232422,21.820362091064453,0.0005444517591968179,-0.009393100626766682,0.0008660186431370676,0.009448638185858727,11.118574046180584,30.407274837605655,21.82122810970759
809,7.567691802978516,30.416667938232422,23.29096031188965,0.00043435144471004605,-0.009311074391007423,0.0008813847089186311,0.009362777695059776,7.568126154423226,30.407356863841414,23.291841696598567
810,3.831012010574341,30.416667938232422,24.188058853149414,0.0003101153124589473,-0.009145986288785934,0.0008175160619430244,0.009187686257064342,3.8313221258867998,30.407521951943636,24.188876369211357
811,0.0,30.416667938232422,24.489566802978516,0.00019505000091157854,-0.008916076272726059,0.0006795918452553451,0.008944065310060978,0.00019505000091157854,30.407751861959696,24.49024639482377
812,-3.831012010574341,30.416667938232422,24.188058853149414,0.00010765899060061201,-0.00865931436419487,0.000494210165925324,0.008674073964357376,-3.83090435158374,30.408008623868227,24.18855306331534
813,-7.567691802978516,30.416667938232422,23.29096031188965,5.092002174933441e-05,-0.008428789675235748,0.0003047113714274019,0.008434449322521687,-7.567640882956766,30.408239148557186,23.291265023261076
814,-11.118029594421387,30.416667938232422,21.820362091064453,6.511658739327686e-06,-0.008281598798930645,0.0001574459602124989,0.008283098228275776,-11.118023082762647,30.40838633943349,21.820519537024666
815,-14.39460563659668,30.416667938232422,19.812475204467773,-6.093449337640777e-05,-0.008263352327048779,8.405836706515402e-05,0.00826400425285101,-14.394666571090056,30.408404585905373,19.81255926283484
816,-17.31673812866211,30.416667938232422,17.31673812866211,-0.000186944889719598,-0.008390356786549091,8.519105904269964e-05,0.008392871357500553,-17.31692507355183,30.408277581445873,17.316823319721152
817,-19.812475204467773,30.416667938232422,14.39460563659668,-0.00038223358569666743,-0.008636817336082458,0.0001268468622583896,0.008646201342344284,-19.81285743805347,30.40803112089634,14.394732483458938
818,-21.820362091064453,30.416667938232422,11.118029594421387,-0.0006213656160980463,-0.008941952139139175,0.00016105819668155164,0.0089649623259902,-21.82098345668055,30.407725986093283,11.118190652618068
819,-23.29096031188965,30.416667938232422,7.567691802978516,-0.0008538957335986197,-0.009231486357748508,0.00015280461229849607,0.009272153489291668,-23.291814207623247,30.407436451874673,7.567844607590814
820,-24.188058853149414,30.416667938232422,3.831012010574341,-0.0010230352636426687,-0.009437039494514465,9.32648399611935e-05,0.009492787532508373,-24.189081888413057,30.407230898737907,3.831105275414302
821,-24.489566802978516,30.416667938232422,0.0,-0.0010848487727344036,-0.00951115321367979,1.3091565250087145e-18,0.009572822600603104,-24.49065165175125,30.407156785018742,1.3091565250087145e-18
822,-24.188058853149414,30.416667938232422,-3.831012010574341,-0.0010230352636426687,-0.009437039494514465,-9.32648399611935e-05,0.009492787532508373,-24.189081888413057,30.407230898737907,-3.831105275414302
823,-23.29096031188965,30.416667938232422,-7.567691802978516,-0.0008538957335986197,-0.009231486357748508,-0.00015280461229849607,0.009272153489291668,-23.291814207623247,30.407436451874673,-7.567844607590814
824,-21.820362091064453,30.416667938232422,-11.118029594421387,-0.0006213656160980463,-0.008941952139139175,-0.00016105819668155164,0.0089649623259902,-21.82098345668055,30.407725986093283,-11.118190652618068
825,-19.812475204467773,30.416667938232422,-14.39460563659668,-0.00038223358569666743,-0.008636817336082458,-0.0001268468622583896,0.008646201342344284,-19.81285743805347,30.40803112089634,-14.394732483458938
826,-17.31673812866211,30.416667938232422,-17.31673812866211,-0.000186944889719598,-0.008390356786549091,-8.519105904269964e-05,0.008392871357500553,-17.31692507355183,30.408277581445873,-17.316823319721152
827,-14.39460563659668,30.416667938232422,-19.812475204467773,-6.093449337640777e-05,-0.008263352327048779,-8.405836706515402e-05,0.00826400425285101,-14.394666571090056,30.408404585905373,-19.81255926283484
828,-11.118029594421387,30.416667938232422,-21.820362091064453,6.511658739327686e-06,-0.008281598798930645,-0.0001574459602124989,0.008283098228275776,-11.118023082762647,30.40838633943349,-21.820519537024666
829,-7.567691802978516,30.416667938232422,-23.29096031188965,5.092002174933441e-05,-0.008428789675235748,-0.0003047113714274019,0.008434449322521687,-7.567640882956766,30.408239148557186,-23.291265023261076
830,-3.831012010574341,30.416667938232422,-24.188058853149414,0.00010765899060061201,-0.00865931436419487,-0.000494210165925324,0.008674073964357376,-3.83090435158374,30.408008623868227,-24.18855306331534
831,-0.0,30.416667938232422,-24.489566802978516,0.00019505000091157854,-0.008916076272726059,-0.0006795918452553451,0.008944065310060978,0.00019505000091157854,30.407751861959696,-24.49024639482377
832,3.831012010574341,30.416667938232422,-24.188058853149414,0.0003101153124589473,-0.009145986288785934,-0.0008175160619430244,0.009187686257064342,3.8313221258867998,30.407521951943636,-24.188876369211357
833,7.567691802978516,30.416667938232422,-23.29096031188965,0.00043435144471004605,-0.009311074391007423,-0.0008813847089186311,0.009362777695059776,7.568126154423226,30.407356863841414,-23.291841696598567
834,11.118029594421387,30.416667938232422,-21.820362091064453,0.0005444517591968179,-0.009393100626766682,-0.0008660186431370676,0.009448638185858727,11.118574046180584,30.407274837605655,-21.82122810970759
835,14.39460563659668,30.416667938232422,-19.812475204467773,0.0006222027586773038,-0.009392897598445415,-0.0007842805935069919,0.009446097537875175,14.395227839355357,30.407275040633976,-19.81325948506128
836,17.31673812866211,30.416667938232422,-17.31673812866211,0.0006600971682928503,-0.009326201863586903,-0.0006590719567611814,0.00937273446470499,17.317398225830402,30.407341736368835,-17.31739720061887
837,19.812475204467773,30.416667938232422,-14.39460563659668,0.0006619281484745443,-0.009217891842126846,-0.0005146218463778496,0.00925594475120306,19.813137132616248,30.407450046390295,-14.395120258443058
838,21.820362091064453,30.416667938232422,-11.118029594421387,0.0006396896787919104,-0.009096162393689156,-0.00036995665868744254,0.009126129560172558,21.821001780743245,30.407571775838733,-11.118399551080074
839,23.29096031188965,30.416667938232422,-7.567691802978516,0.0006088277441449463,-0.008987556211650372,-0.00023568094184156507,0.00901123695075512,23.291569139633793,30.40768038202077,-7.567927483920357
840,24.188058853149414,30.416667938232422,-3.831012010574341,0.0005836844211444259,-0.008913313038647175,-0.00011385832476662472,0.008933129720389843,24.18864253757056,30.407754625193775,-3.8311258688991074
841,25.460363388061523,31.9375,0.0,0.0004254896193742752,-0.008816351182758808,-6.29629771446722e-19,0.008826612494885921,25.460788877680898,31.92868364881724,-6.29629771446722e-19
842,25.14690399169922,31.9375,3.9828779697418213,0.00044251192593947053,-0.008847356773912907,0.00010224284051219001,0.008859006687998772,25.147346503625158,31.928652643226087,3.9829802125823335
843,24.214244842529297,31.9375,7.867684841156006,0.0004887585528194904,-0.00893503800034523,0.00021649341215379536,0.008951014839112759,24.214733601082116,31.928564961999655,7.86790133456816
844,22.685348510742188,31.9375,11.558762550354004,0.0005506196175701916,-0.00906380545347929,0.0003500390739645809,0.009087258949875832,22.685899130359758,31.92843619454652,11.559112589427968
845,20.59786605834961,31.9375,14.965226173400879,0.0006083659245632589,-0.009209194220602512,0.0005013271584175527,0.009242872707545757,20.598474424274173,31.928290805779397,14.965727500559296
846,18.00319480895996,31.9375,18.00319480895996,0.0006407079636119306,-0.009340472519397736,0.0006573800346814096,0.009385472163558006,18.003835516923573,31.928159527480602,18.003852188994642
847,14.965226173400879,31.9375,20.59786605834961,0.0006308215670287609,-0.009424740448594093,0.000794019375462085,0.009479142725467682,14.965856994967908,31.928075259551406,20.59866007772507
848,11.558762550354004,31.9375,22.685348510742188,0.000572508608456701,-0.009432561695575714,0.0008800788200460374,0.009490813128650188,11.55933505896246,31.928067438304424,22.686228589562234
849,7.867684841156006,31.9375,24.214244842529297,0.00047417875612154603,-0.009344661608338356,0.0008858031942509115,0.009398520924150944,7.868159019912127,31.92815533839166,24.215130645723548
850,3.9828779697418213,31.9375,25.14690399169922,0.00035813043359667063,-0.009158708155155182,0.0007940303185023367,0.009200036525726318,3.983236100175418,31.928341291844845,25.14769802201772
851,0.0,31.9375,25.460363388061523,0.0002534791419748217,-0.008894491009414196,0.0006106788059696555,0.008919033221900463,0.0002534791419748217,31.928605508990586,25.460974066867493
852,-3.9828779697418213,31.9375,25.14690399169922,0.00018346273282077163,-0.00859532319009304,0.00036968220956623554,0.008605225011706352,-3.9826945070090005,31.928904676809907,25.147273673908785
853,-7.867684841156006,31.9375,24.214244842529297,0.00015121903561521322,-0.008323547430336475,0.00012800189142581075,0.008325905539095402,-7.867533622120391,31.929176452569664,24.214372844420723
854,-11.558762550354004,31.9375,22.685348510742188,0.00013145903358235955,-0.008147979155182838,-5.19242457812652e-05,0.008149204775691032,-11.558631091320422,31.929352020844817,22.685296586496406
855,-14.965226173400879,31.9375,20.59786605834961,7.600869139423594e-05,-0.008124498650431633,-0.00012720574159175158,0.0081258499994874,-14.965150164709485,31.92937550134957,20.597738852608018
856,-18.00319480895996,31.9375,18.00319480895996,-6.271977326832712e-05,-0.008273516781628132,-9.711747406981885e-05,0.008274324238300323,-18.00325752873323,31.929226483218372,18.00309769148589
857,-20.59786605834961,31.9375,14.965226173400879,-0.0002987585903611034,-0.008564800024032593,-7.232390089484397e-06,0.008570011705160141,-20.59816481693997,31.928935199975967,14.96521894101079
858,-22.685348510742188,31.9375,11.558762550354004,-0.0005980064161121845,-0.008925925940275192,7.770459342282265e-05,0.008946273475885391,-22.6859465171583,31.928574074059725,11.558840254947427
859,-24.214244842529297,31.9375,7.867684841156006,-0.0008928105817176402,-0.009268120862543583,0.00010979866056004539,0.009311671368777752,-24.215137653111015,31.928231879137456,7.867794639816566
860,-25.14690399169922,31.9375,3.9828779697418213,-0.0011080143740400672,-0.009510492905974388,7.646519225090742e-05,0.009575124830007553,-25.14801200607326,31.927989507094026,3.982954434934072
861,-25.460363388061523,31.9375,0.0,-0.0011866987915709615,-0.009597751311957836,1.8558843426102055e-18,0.009670836851000786,-25.461550086853094,31.927902248688042,1.8558843426102055e-18
862,-25.14690399169922,31.9375,-3.9828779697418213,-0.0011080143740400672,-0.009510492905974388,-7.646519225090742e-05,0.009575124830007553,-25.14801200607326,31.927989507094026,-3.982954434934072
863,-24.214244842529297,31.9375,-7.867684841156006,-0.0008928105817176402,-0.009268120862543583,-0.00010979866056004539,0.009311671368777752,-24.215137653111015,31.928231879137456,-7.867794639816566
864,-22.685348510742188,31.9375,-11.558762550354004,-0.0005980064161121845,-0.008925925940275192,-7.770459342282265e-05,0.008946273475885391,-22.6859465171583,31.928574074059725,-11.558840254947427
865,-20.59786605834961,31.9375,-14.965226173400879,-0.0002987585903611034,-0.008564800024032593,7.232390089484397e-06,0.008570011705160141,-20.59816481693997,31.928935199975967,-14.96521894101079
866,-18.00319480895996,31.9375,-18.00319480895996,-6.271977326832712e-05,-0.008273516781628132,9.711747406981885e-05,0.008274324238300323,-18.00325752873323,31.929226483218372,-18.00309769148589
867,-14.965226173400879,31.9375,-20.59786605834961,7.600869139423594e-05,-0.008124498650431633,0.00012720574159175158,0.0081258499994874,-14.965150164709485,31.92937550134957,-20.597738852608018
868,-11.558762550354004,31.9375,-22.685348510742188,0.00013145903358235955,-0.008147979155182838,5.19242457812652e-05,0.008149204775691032,-11.558631091320422,31.929352020844817,-22.685296586496406
869,-7.867684841156006,31.9375,-24.214244842529297,0.00015121903561521322,-0.008323547430336475,-0.00012800189142581075,0.008325905539095402,-7.867533622120391,31.929176452569664,-24.214372844420723
870,-3.9828779697418213,31.9375,-25.14690399169922,0.00018346273282077163,-0.00859532319009304,-0.00036968220956623554,0.008605225011706352,-3.9826945070090005,31.928904676809907,-25.147273673908785
871,-0.0,31.9375,-25.460363388061523,0.0002534791419748217,-0.008894491009414196,-0.0006106788059696555,0.008919033221900463,0.0002534791419748217,31.928605508990586,-25.460974066867493
872,3.9828779697418213,31.9375,-25.14690399169922,0.00035813043359667063,-0.009158708155155182,-0.0007940303185023367,0.009200036525726318,3.983236100175418,31.928341291844845,-25.14769802201772
873,7.867684841156006,31.9375,-24.214244842529297,0.00047417875612154603,-0.009344661608338356,-0.0008858031942509115,0.009398520924150944,7.868159019912127,31.92815533839166,-24.215130645723548
874,11.558762550354004,31.9375,-22.685348510742188,0.000572508608456701,-0.009432561695575714,-0.0008800788200460374,0.009490813128650188,11.55933505896246,31.928067438304424,-22.686228589562234
875,14.965226173400879,31.9375,-20.59786605834961,0.0006308215670287609,-0.009424740448594093,-0.000794019375462085,0.009479142725467682,14.965856994967908,31.928075259551406,-20.59866007772507
876,18.00319480895996,31.9375,-18.00319480895996,0.0006407079636119306,-0.009340472519397736,-0.0006573800346814096,0.009385472163558006,18.003835516923573,31.928159527480602,-18.003852188994642
877,20.59786605834961,31.9375,-14.965226173400879,0.0006083659245632589,-0.009209194220602512,-0.0005013271584175527,0.009242872707545757,20.598474424274173,31.928290805779397,-14.965727500559296
878,22.685348510742188,31.9375,-11.558762550354004,0.0005506196175701916,-0.00906380545347929,-0.0003500390739645809,0.009087258949875832,22.685899130359758,31.92843619454652,-11.559112589427968
879,24.214244842529297,31.9375,-7.867684841156006,0.0004887585528194904,-0.00893503800034523,-0.00021649341215379536,0.008951014839112759,24.214733601082116,31.928564961999655,-7.86790133456816
880,25.14690399169922,31.9375,-3.9828779697418213,0.00044251192593947053,-0.008847356773912907,-0.00010224284051219001,0.008859006687998772,25.147346503625158,31.928652643226087,-3.9829802125823335
881,26.43115997314453,33.45833206176758,0.0,0.00018892910156864673,-0.008682888932526112,-7.60732108272089e-19,0.008684944361448288,26.4313489022461,33.44964917283505,-7.60732108272089e-19
882,26.10574722290039,33.45833206176758,4.134744167327881,0.00021586754883173853,-0.00871947780251503,7.707252370892093e-05,0.008722489699721336,26.105963090449222,33.44961258396506,4.13482123985159
883,25.137527465820312,33.45833206176758,8.167677879333496,0.00029033268219791353,-0.008823245763778687,0.0001718066050671041,0.00882969330996275,25.13781779850251,33.4495088160038,8.167849685938563
884,23.550336837768555,33.45833206176758,11.999494552612305,0.00039430215838365257,-0.008976589888334274,0.000295793084660545,0.008990112692117691,23.55073113992694,33.449355471879244,11.999790345696965
885,21.383258819580078,33.45833206176758,15.535845756530762,0.0005013580666854978,-0.00915165338665247,0.0004491278959903866,0.009176374413073063,21.383760177646764,33.449180408380926,15.536294884426752
886,18.689651489257812,33.45833206176758,18.689651489257812,0.0005824406398460269,-0.009313014335930347,0.0006167845567688346,0.009351572021842003,18.69023392989766,33.44901904743165,18.69026827381458
887,15.535845756530762,33.45833206176758,21.383258819580078,0.0006136746960692108,-0.009422104805707932,0.0007684689480811357,0.009473289363086224,15.536459431226831,33.44890995696187,21.38402728852816
888,11.999494552612305,33.45833206176758,23.550336837768555,0.0005846354179084301,-0.009443496353924274,0.000863600755110383,0.009500906802713871,12.000079188030213,33.448888565413654,23.551200438523665
889,8.167677879333496,33.45833206176758,25.137527465820312,0.0005041046533733606,-0.00935264304280281,0.0008619330474175513,0.00940579455345869,8.16818198398687,33.448979418724775,25.13838939886773
890,4.134744167327881,33.45833206176758,26.10574722290039,0.00039990487857721746,-0.009144040755927563,0.0007382394396699965,0.009182505309581757,4.135144072206458,33.44918802101165,26.10648546234006
891,0.0,33.45833206176758,26.43115997314453,0.00031034598941914737,-0.008837972767651081,0.0004969153669662774,0.008857369422912598,0.00031034598941914737,33.44949408899993,26.431656888511498
892,-4.134744167327881,33.45833206176758,26.10574722290039,0.00026762738707475364,-0.008483368903398514,0.00018023683514911681,0.008489502593874931,-4.134476539940806,33.44984869286418,26.10592745973554
893,-8.167677879333496,33.45833206176758,25.137527465820312,0.000277861428912729,-0.008153973147273064,-0.00013606197899207473,0.008159840479493141,-8.167400017904583,33.450178088620305,25.13739140384132
894,-11.999494552612305,33.45833206176758,23.550336837768555,0.00030715230968780816,-0.00793506857007742,-0.0003642289957497269,0.007949359714984894,-11.999187400302617,33.4503969931975,23.549972608772805
895,-15.535845756530762,33.45833206176758,21.383258819580078,0.0002862034016288817,-0.007899701595306396,-0.00044003932271152735,0.007917122915387154,-15.535559553129133,33.45043236017227,21.382818780257367
896,-18.689651489257812,33.45833206176758,18.689651489257812,0.0001436897728126496,-0.008077027276158333,-0.0003603976219892502,0.008086340501904488,-18.689507799485,33.45025503449142,18.689291091635823
897,-21.383258819580078,33.45833206176758,15.535845756530762,-0.00014278435264714062,-0.00843024905771017,-0.00019209548190701753,0.008433646522462368,-21.383401603932725,33.44990181270987,15.535653661048855
898,-23.550336837768555,33.45833206176758,11.999494552612305,-0.0005242463666945696,-0.008868197910487652,-2.9610362616949715e-05,0.008883729577064514,-23.55086108413525,33.44946386385709,11.999464942249688
899,-25.137527465820312,33.45833206176758,8.167677879333496,-0.0009053398971445858,-0.00928113516420126,5.947141471551731e-05,0.009325376711785793,-25.138432805717457,33.44905092660338,8.167737350748212
900,-26.10574722290039,33.45833206176758,4.134744167327881,-0.0011843603570014238,-0.00957222655415535,5.894119749427773e-05,0.009645397774875164,-26.106931583257392,33.44875983521342,4.134803108525375
901,-26.43115997314453,33.45833206176758,0.0,-0.0012864212039858103,-0.009676768444478512,2.2166486202223985e-18,0.009761901572346687,-26.432446394348517,33.4486552933231,2.2166486202223985e-18
902,-26.10574722290039,33.45833206176758,-4.134744167327881,-0.0011843603570014238,-0.00957222655415535,-5.894119749427773e-05,0.009645397774875164,-26.106931583257392,33.44875983521342,-4.134803108525375
903,-25.137527465820312,33.45833206176758,-8.167677879333496,-0.0009053398971445858,-0.00928113516420126,-5.947141471551731e-05,0.009325376711785793,-25.138432805717457,33.44905092660338,-8.167737350748212
904,-23.550336837768555,33.45833206176758,-11.999494552612305,-0.0005242463666945696,-0.008868197910487652,2.9610362616949715e-05,0.008883729577064514,-23.55086108413525,33.44946386385709,-11.999464942249688
905,-21.383258819580078,33.45833206176758,-15.535845756530762,-0.00014278435264714062,-0.00843024905771017,0.00019209548190701753,0.008433646522462368,-21.383401603932725,33.44990181270987,-15.535653661048855
906,-18.689651489257812,33.45833206176758,-18.689651489257812,0.0001436897728126496,-0.008077027276158333,0.0003603976219892502,0.008086340501904488,-18.689507799485,33.45025503449142,-18.689291091635823
907,-15.535845756530762,33.45833206176758,-21.383258819580078,0.0002862034016288817,-0.007899701595306396,0.00044003932271152735,0.007917122915387154,-15.535559553129133,33.45043236017227,-21.382818780257367
908,-11.999494552612305,33.45833206176758,-23.550336837768555,0.00030715230968780816,-0.00793506857007742,0.0003642289957497269,0.007949359714984894,-11.999187400302617,33.4503969931975,-23.549972608772805
909,-8.167677879333496,33.45833206176758,-25.137527465820312,0.000277861428912729,-0.008153973147273064,0.00013606197899207473,0.008159840479493141,-8.167400017904583,33.450178088620305,-25.13739140384132
910,-4.134744167327881,33.45833206176758,-26.10574722290039,0.00026762738707475364,-0.008483368903398514,-0.00018023683514911681,0.008489502593874931,-4.134476539940806,33.44984869286418,-26.10592745973554
911,-0.0,33.45833206176758,-26.43115997314453,0.00031034598941914737,-0.008837972767651081,-0.0004969153669662774,0.008857369422912598,0.00031034598941914737,33.44949408899993,-26.431656888511498
912,4.134744167327881,33.45833206176758,-26.10574722290039,0.00039990487857721746,-0.009144040755927563,-0.0007382394396699965,0.009182505309581757,4.135144072206458,33.44918802101165,-26.10648546234006
913,8.167677879333496,33.45833206176758,-25.137527465820312,0.0005041046533733606,-0.00935264304280281,-0.0008619330474175513,0.00940579455345869,8.16818198398687,33.448979418724775,-25.13838939886773
914,11.999494552612305,33.45833206176758,-23.550336837768555,0.0005846354179084301,-0.009443496353924274,-0.000863600755110383,0.009500906802713871,12.000079188030213,33.448888565413654,-23.551200438523665
915,15.535845756530762,33.45833206176758,-21.383258819580078,0.0006136746960692108,-0.009422104805707932,-0.0007684689480811357,0.009473289363086224,15.536459431226831,33.44890995696187,-21.38402728852816
916,18.689651489257812,33.45833206176758,-18.689651489257812,0.0005824406398460269,-0.009313014335930347,-0.0006167845567688346,0.009351572021842003,18.69023392989766,33.44901904743165,-18.69026827381458
917,21.383258819580078,33.45833206176758,-15.535845756530762,0.0005013580666854978,-0.00915165338665247,-0.0004491278959903866,0.009176374413073063,21.383760177646764,33.449180408380926,-15.536294884426752
918,23.550336837768555,33.45833206176758,-11.999494552612305,0.00039430215838365257,-0.008976589888334274,-0.000295793084660545,0.008990112692117691,23.55073113992694,33.449355471879244,-11.999790345696965
919,25.137527465820312,33.45833206176758,-8.167677879333496,0.00029033268219791353,-0.008823245763778687,-0.0001718066050671041,0.00882969330996275,25.13781779850251,33.4495088160038,-8.167849685938563
920,26.10574722290039,33.45833206176758,-4.134744167327881,0.00021586754883173853,-0.00871947780251503,-7.707252370892093e-05,0.008722489699721336,26.105963090449222,33.44961258396506,-4.13482123985159
921,26.91558074951172,34.97916793823242,0.0,-9.501653403276578e-05,-0.008600946515798569,-2.25994035835128e-18,0.008601471781730652,26.915485732977686,34.97056699171662,-2.25994035835128e-18
922,26.584205627441406,34.97916793823242,4.210524082183838,-5.762575165135786e-05,-0.008640697225928307,5.228196823736653e-05,0.008641047403216362,26.584148001689755,34.970527241006494,4.210576364152075
923,25.598237991333008,34.97916793823242,8.31737232208252,4.686681495513767e-05,-0.008753626607358456,0.00012765047722496092,0.00875468272715807,25.598284858147963,34.97041431162506,8.317499972559744
924,23.981956481933594,34.97916793823242,12.219417572021484,0.00019652702030725777,-0.00892112497240305,0.0002419257943984121,0.008926567621529102,23.9821530089539,34.97024681326002,12.219659497815883
925,21.775161743164062,34.97916793823242,15.820581436157227,0.00035880153882317245,-0.009113573469221592,0.0003969928075093776,0.009129269979894161,21.775520544702886,34.9700543647632,15.820978428964736
926,19.032188415527344,34.97916793823242,19.032188415527344,0.0004971600719727576,-0.009292993694543839,0.0005760366911999881,0.009324093349277973,19.032685575599317,34.96987494453788,19.032764452218544
927,15.820581436157227,34.97916793823242,21.775161743164062,0.0005804873071610928,-0.009417571127414703,0.00074279576074332,0.009464637376368046,15.821161923464388,34.96975036710501,21.775904538924806
928,12.219417572021484,34.97916793823242,23.981956481933594,0.0005933842621743679,-0.009448261931538582,0.0008470235043205321,0.009504693560302258,12.220010956283659,34.96971967630088,23.982803505437914
929,8.31737232208252,34.97916793823242,25.598237991333008,0.0005438410444185138,-0.009357120841741562,0.0008371036965399981,0.009410218335688114,8.317916163126938,34.96981081739068,25.599075095029548
930,4.210524082183838,34.97916793823242,26.584205627441406,0.0004639359249267727,-0.009136304259300232,0.0006782622658647597,0.00917318556457758,4.210988018108765,34.97003163397312,26.58488388970727
931,0.0,34.97916793823242,26.91558074951172,0.0004001604102086276,-0.008805830962955952,0.00037162244552746415,0.008822748437523842,0.0004001604102086276,34.970362107269466,26.915952371957246
932,-4.210524082183838,34.97916793823242,26.584205627441406,0.00039312944863922894,-0.008417487144470215,-3.3375756174791604e-05,0.008426728658378124,-4.210130952735199,34.97075045108795,26.58417225168523
933,-8.31737232208252,34.97916793823242,25.598237991333008,0.000451650790637359,-0.008051639422774315,-0.0004417748423293233,0.008076388388872147,-8.316920671291882,34.97111629880965,25.59779621649068
934,-12.219417572021484,34.97916793823242,23.981956481933594,0.0005324915982782841,-0.007803885731846094,-0.0007371371611952782,0.007856687530875206,-12.218885080423206,34.971364052500576,23.9812193447724
935,-15.820581436157227,34.97916793823242,21.775161743164062,0.0005426754360087216,-0.007759160827845335,-0.0008269153186120093,0.0078219473361969,-15.820038760721218,34.97140877740458,21.77433482784545
936,-19.032188415527344,34.97916793823242,19.032188415527344,0.0003844626771751791,-0.007953528314828873,-0.000699636701028794,0.007993492297828197,-19.03180395285017,34.97121440991759,19.031488778826315
937,-21.775161743164062,34.97916793823242,15.820581436157227,2.9465398256434128e-05,-0.00834578275680542,-0.00044435382005758584,0.008357655256986618,-21.775132277765806,34.97082215547562,15.820137082337169
938,-23.981956481933594,34.97916793823242,12.219417572021484,-0.00045199072337709367,-0.00883167888969183,-0.0001903654629131779,0.008845286443829536,-23.98240847265697,34.97033625934273,12.219227206558571
939,-25.598237991333008,34.97916793823242,8.31737232208252,-0.0009325137361884117,-0.009288093075156212,-2.7861322450917214e-05,0.009334828704595566,-25.599170505069196,34.969879845157266,8.317344460760069
940,-26.584205627441406,34.97916793823242,4.210524082183838,-0.001282989513128996,-0.00960882194340229,2.2470298063126393e-05,0.009694122709333897,-26.585488616954535,34.96955911628902,4.210546552481901
941,-26.91558074951172,34.97916793823242,0.0,-0.0014108881587162614,-0.009723822586238384,3.4315959943038002e-18,0.009825646877288818,-26.916991637670435,34.96944411564618,3.4315959943038002e-18
942,-26.584205627441406,34.97916793823242,-4.210524082183838,-0.001282989513128996,-0.00960882194340229,-2.2470298063126393e-05,0.009694122709333897,-26.585488616954535,34.96955911628902,-4.210546552481901
943,-25.598237991333008,34.97916793823242,-8.31737232208252,-0.0009325137361884117,-0.009288093075156212,2.7861322450917214e-05,0.009334828704595566,-25.599170505069196,34.969879845157266,-8.317344460760069
944,-23.981956481933594,34.97916793823242,-12.219417572021484,-0.00045199072337709367,-0.00883167888969183,0.0001903654629131779,0.008845286443829536,-23.98240847265697,34.97033625934273,-12.219227206558571
945,-21.775161743164062,34.97916793823242,-15.820581436157227,2.9465398256434128e-05,-0.00834578275680542,0.00044435382005758584,0.008357655256986618,-21.775132277765806,34.97082215547562,-15.820137082337169
946,-19.032188415527344,34.97916793823242,-19.032188415527344,0.0003844626771751791,-0.007953528314828873,0.000699636701028794,0.007993492297828197,-19.03180395285017,34.97121440991759,-19.031488778826315
947,-15.820581436157227,34.97916793823242,-21.775161743164062,0.0005426754360087216,-0.007759160827845335,0.0008269153186120093,0.0078219473361969,-15.820038760721218,34.97140877740458,-21.77433482784545
948,-12.219417572021484,34.97916793823242,-23.981956481933594,0.0005324915982782841,-0.007803885731846094,0.0007371371611952782,0.007856687530875206,-12.218885080423206,34.971364052500576,-23.9812193447724
949,-8.31737232208252,34.97916793823242,-25.598237991333008,0.000451650790637359,-0.008051639422774315,0.0004417748423293233,0.008076388388872147,-8.316920671291882,34.97111629880965,-25.59779621649068
950,-4.210524082183838,34.97916793823242,-26.584205627441406,0.00039312944863922894,-0.008417487144470215,3.3375756174791604e-05,0.008426728658378124,-4.210130952735199,34.97075045108795,-26.58417225168523
951,-0.0,34.97916793823242,-26.91558074951172,0.0004001604102086276,-0.008805830962955952,-0.00037162244552746415,0.008822748437523842,0.0004001604102086276,34.970362107269466,-26.915952371957246
952,4.210524082183838,34.97916793823242,-26.584205627441406,0.0004639359249267727,-0.009136304259300232,-0.0006782622658647597,0.00917318556457758,4.210988018108765,34.97003163397312,-26.58488388970727
953,8.31737232208252,34.97916793823242,-25.598237991333008,0.0005438410444185138,-0.009357120841741562,-0.0008371036965399981,0.009410218335688114,8.317916163126938,34.96981081739068,-25.599075095029548
954,12.219417572021484,34.97916793823242,-23.981956481933594,0.0005933842621743679,-0.009448261931538582,-0.0008470235043205321,0.009504693560302258,12.220010956283659,34.96971967630088,-23.982803505437914
955,15.820581436157227,34.97916793823242,-21.775161743164062,0.0005804873071610928,-0.009417571127414703,-0.00074279576074332,0.009464637376368046,15.821161923464388,34.96975036710501,-21.775904538924806
956,19.032188415527344,34.97916793823242,-19.032188415527344,0.0004971600719727576,-0.009292993694543839,-0.0005760366911999881,0.009324093349277973,19.032685575599317,34.96987494453788,-19.032764452218544
957,21.775161743164062,34.97916793823242,-15.820581436157227,0.00035880153882317245,-0.009113573469221592,-0.0003969928075093776,0.009129269979894161,21.775520544702886,34.9700543647632,-15.820978428964736
958,23.981956481933594,34.97916793823242,-12.219417572021484,0.00019652702030725777,-0.00892112497240305,-0.0002419257943984121,0.008926567621529102,23.9821530089539,34.97024681326002,-12.219659497815883
959,25.598237991333008,34.97916793823242,-8.31737232208252,4.686681495513767e-05,-0.008753626607358456,-0.00012765047722496092,0.00875468272715807,25.598284858147963,34.97041431162506,-8.317499972559744
960,26.584205627441406,34.97916793823242,-4.210524082183838,-5.762575165135786e-05,-0.008640697225928307,-5.228196823736653e-05,0.008641047403216362,26.584148001689755,34.970527241006494,-4.210576364152075
961,27.399999618530273,36.5,0.0,-0.0004073398595210165,-0.00850556418299675,-2.834642286895972e-18,0.00851531233638525,27.399592278670752,36.491494435817,-2.834642286895972e-18
962,27.062660217285156,36.5,4.286303997039795,-0.0003585286031011492,-0.008548668585717678,2.3180817152024247e-05,0.008556215092539787,27.062301688682055,36.49145133141428,4.286327177856947
963,26.058948516845703,36.5,8.467065811157227,-0.00022119161440059543,-0.008671341463923454,7.556588388979435e-05,0.008674491196870804,26.058727325231303,36.49132865853608,8.467141377041116
964,24.4135799407959,36.5,12.439339637756348,-2.1471454601851292e-05,-0.008853967301547527,0.000177851936314255,0.008855779655277729,24.413558469341297,36.49114603269845,12.439517489692662
965,22.16706657409668,36.5,16.105316162109375,0.0002013687917497009,-0.009065129794180393,0.000334195327013731,0.009073522873222828,22.16726794288843,36.49093487020582,16.10565035743639
966,19.374725341796875,36.5,19.374725341796875,0.00040247602737508714,-0.009264187887310982,0.0005261083715595305,0.009287838824093342,19.37512781782425,36.49073581211269,19.375251450168435
967,16.105316162109375,36.5,22.16706657409668,0.0005425047711469233,-0.009405870921909809,0.0007108888821676373,0.009448284283280373,16.105858666880522,36.49059412907809,22.167777462978847
968,12.439339637756348,36.5,24.4135799407959,0.0006002789596095681,-0.00944720208644867,0.0008274595020338893,0.00950234942138195,12.439939916715957,36.49055279791355,24.414407400297932
969,8.467065811157227,36.5,26.058948516845703,0.0005827760905958712,-0.00935644842684269,0.0008111122297123075,0.009409604594111443,8.467648587247822,36.49064355157316,26.059759629075415
970,4.286303997039795,36.5,27.062660217285156,0.0005270245601423085,-0.009123037569224834,0.0006157065508887172,0.00915896613150835,4.286831021599937,36.490876962430775,27.063275923836045
971,0.0,36.5,27.399999618530273,0.0004893276491202414,-0.00876645091921091,0.00023791076091583818,0.008783319965004921,0.0004893276491202414,36.49123354908079,27.40023752929119
972,-4.286303997039795,36.5,27.062660217285156,0.0005208036745898426,-0.008341335691511631,-0.00026538415113464,0.00836179032921791,-4.285783193365205,36.49165866430849,27.06239483313402
973,-8.467065811157227,36.5,26.058948516845703,0.0006344714784063399,-0.007935138419270515,-0.0007776189595460892,0.00799835380166769,-8.46643133967882,36.49206486158073,26.058170897886157
974,-12.439339637756348,36.5,24.4135799407959,0.0007771790842525661,-0.007654805667698383,-0.0011493152705952525,0.007779523264616728,-12.438562458672095,36.4923451943323,24.412430625525303
975,-16.105316162109375,36.5,22.16706657409668,0.0008281958871521056,-0.00759889604523778,-0.0012541934847831726,0.007746104151010513,-16.104487966222223,36.49240110395476,22.165812380611897
976,-19.374725341796875,36.5,19.374725341796875,0.000657000404316932,-0.007811843883246183,-0.0010703750886023045,0.007912158034741879,-19.374068341392558,36.492188156116754,19.373654966708273
977,-22.16706657409668,36.5,16.105316162109375,0.0002268254174850881,-0.008247393183410168,-0.0007143729599192739,0.008281380869448185,-22.166839748679195,36.49175260681659,16.104601789149456
978,-24.4135799407959,36.5,12.439339637756348,-0.0003666531993076205,-0.008786166086792946,-0.00035733950790017843,0.008801070973277092,-24.413946593995206,36.49121383391321,12.438982298248447
979,-26.058948516845703,36.5,8.467065811157227,-0.0009588495013304055,-0.009290202520787716,-0.00011513153731357306,0.009340262971818447,-26.059907366347034,36.49070979747921,8.466950679619913
980,-27.062660217285156,36.5,4.286303997039795,-0.0013895906740799546,-0.009643252938985825,-1.2568124475365039e-05,0.009742866270244122,-27.064049807959236,36.490356747061014,4.28629142891532
981,-27.399999618530273,36.5,0.0,-0.0015464889584109187,-0.009769628755748272,3.953172248007274e-18,0.009891272522509098,-27.401546107488684,36.49023037124425,3.953172248007274e-18
982,-27.062660217285156,36.5,-4.286303997039795,-0.0013895906740799546,-0.009643252938985825,1.2568124475365039e-05,0.009742866270244122,-27.064049807959236,36.490356747061014,-4.28629142891532
983,-26.058948516845703,36.5,-8.467065811157227,-0.0009588495013304055,-0.009290202520787716,0.00011513153731357306,0.009340262971818447,-26.059907366347034,36.49070979747921,-8.466950679619913
984,-24.4135799407959,36.5,-12.439339637756348,-0.0003666531993076205,-0.008786166086792946,0.00035733950790017843,0.008801070973277092,-24.413946593995206,36.49121383391321,-12.438982298248447
985,-22.16706657409668,36.5,-16.105316162109375,0.0002268254174850881,-0.008247393183410168,0.0007143729599192739,0.008281380869448185,-22.166839748679195,36.49175260681659,-16.104601789149456
986,-19.374725341796875,36.5,-19.374725341796875,0.000657000404316932,-0.007811843883246183,0.0010703750886023045,0.007912158034741879,-19.374068341392558,36.492188156116754,-19.373654966708273
987,-16.105316162109375,36.5,-22.16706657409668,0.0008281958871521056,-0.00759889604523778,0.0012541934847831726,0.007746104151010513,-16.104487966222223,36.49240110395476,-22.165812380611897
988,-12.439339637756348,36.5,-24.4135799407959,0.0007771790842525661,-0.007654805667698383,0.0011493152705952525,0.007779523264616728,-12.438562458672095,36.4923451943323,-24.412430625525303
989,-8.467065811157227,36.5,-26.058948516845703,0.0006344714784063399,-0.007935138419270515,0.0007776189595460892,0.00799835380166769,-8.46643133967882,36.49206486158073,-26.058170897886157
990,-4.286303997039795,36.5,-27.062660217285156,0.0005208036745898426,-0.008341335691511631,0.00026538415113464,0.00836179032921791,-4.285783193365205,36.49165866430849,-27.06239483313402
991,-0.0,36.5,-27.399999618530273,0.0004893276491202414,-0.00876645091921091,-0.00023791076091583818,0.008783319965004921,0.0004893276491202414,36.49123354908079,-27.40023752929119
992,4.286303997039795,36.5,-27.062660217285156,0.0005270245601423085,-0.009123037569224834,-0.0006157065508887172,0.00915896613150835,4.286831021599937,36.490876962430775,-27.063275923836045
993,8.467065811157227,36.5,-26.058948516845703,0.0005827760905958712,-0.00935644842684269,-0.0008111122297123075,0.009409604594111443,8.467648587247822,36.49064355157316,-26.059759629075415
994,12.439339637756348,36.5,-24.4135799407959,0.0006002789596095681,-0.00944720208644867,-0.0008274595020338893,0.00950234942138195,12.439939916715957,36.49055279791355,-24.414407400297932
995,16.105316162109375,36.5,-22.16706657409668,0.0005425047711469233,-0.009405870921909809,-0.0007108888821676373,0.009448284283280373,16.105858666880522,36.49059412907809,-22.167777462978847
996,19.374725341796875,36.5,-19.374725341796875,0.00040247602737508714,-0.009264187887310982,-0.0005261083715595305,0.009287838824093342,19.37512781782425,36.49073581211269,-19.375251450168435
997,22.16706657409668,36.5,-16.105316162109375,0.0002013687917497009,-0.009065129794180393,-0.000334195327013731,0.009073522873222828,22.16726794288843,36.49093487020582,-16.10565035743639
998,24.4135799407959,36.5,-12.439339637756348,-2.1471454601851292e-05,-0.008853967301547527,-0.000177851936314255,0.008855779655277729,24.413558469341297,36.49114603269845,-12.439517489692662
999,26.058948516845703,36.5,-8.467065811157227,-0.00022119161440059543,-0.008671341463923454,-7.556588388979435e-05,0.008674491196870804,26.058727325231303,36.49132865853608,-8.467141377041116
1000,27.062660217285156,36.5,-4.286303997039795,-0.0003585286031011492,-0.008548668585717678,-2.3180817152024247e-05,0.008556215092539787,27.062301688682055,36.49145133141428,-4.286327177856947
