node_label,x,y,z,ux,uy,uz,umag,scale_factor,scaled_x,scaled_y,scaled_z
1,39.29999923706055,0.0,0.0,0.0,0.0,0.0,0.0,3.0754424491428445,39.29999923706055,0.0,0.0
2,38.8161506652832,0.0,6.147873878479004,0.0,0.0,0.0,0.0,3.0754424491428445,38.8161506652832,0.0,6.147873878479004
3,37.376522064208984,0.0,12.144368171691895,0.0,0.0,0.0,0.0,3.0754424491428445,37.376522064208984,0.0,12.144368171691895
4,35.01655578613281,0.0,17.841827392578125,0.0,0.0,0.0,0.0,3.0754424491428445,35.01655578613281,0.0,17.841827392578125
5,31.794368743896484,0.0,23.099960327148438,0.0,0.0,0.0,0.0,3.0754424491428445,31.794368743896484,0.0,23.099960327148438
6,27.789297103881836,0.0,27.789297103881836,0.0,0.0,0.0,0.0,3.0754424491428445,27.789297103881836,0.0,27.789297103881836
7,23.099960327148438,0.0,31.794368743896484,0.0,0.0,0.0,0.0,3.0754424491428445,23.099960327148438,0.0,31.794368743896484
8,17.841827392578125,0.0,35.01655578613281,0.0,0.0,0.0,0.0,3.0754424491428445,17.841827392578125,0.0,35.01655578613281
9,12.144368171691895,0.0,37.376522064208984,0.0,0.0,0.0,0.0,3.0754424491428445,12.144368171691895,0.0,37.376522064208984
10,6.147873878479004,0.0,38.8161506652832,0.0,0.0,0.0,0.0,3.0754424491428445,6.147873878479004,0.0,38.8161506652832
11,0.0,0.0,39.29999923706055,0.0,0.0,0.0,0.0,3.0754424491428445,0.0,0.0,39.29999923706055
12,-6.147873878479004,0.0,38.8161506652832,0.0,0.0,0.0,0.0,3.0754424491428445,-6.147873878479004,0.0,38.8161506652832
13,-12.144368171691895,0.0,37.376522064208984,0.0,0.0,0.0,0.0,3.0754424491428445,-12.144368171691895,0.0,37.376522064208984
14,-17.841827392578125,0.0,35.01655578613281,0.0,0.0,0.0,0.0,3.0754424491428445,-17.841827392578125,0.0,35.01655578613281
15,-23.099960327148438,0.0,31.794368743896484,0.0,0.0,0.0,0.0,3.0754424491428445,-23.099960327148438,0.0,31.794368743896484
16,-27.789297103881836,0.0,27.789297103881836,0.0,0.0,0.0,0.0,3.0754424491428445,-27.789297103881836,0.0,27.789297103881836
17,-31.794368743896484,0.0,23.099960327148438,0.0,0.0,0.0,0.0,3.0754424491428445,-31.794368743896484,0.0,23.099960327148438
18,-35.01655578613281,0.0,17.841827392578125,0.0,0.0,0.0,0.0,3.0754424491428445,-35.01655578613281,0.0,17.841827392578125
19,-37.376522064208984,0.0,12.144368171691895,0.0,0.0,0.0,0.0,3.0754424491428445,-37.376522064208984,0.0,12.144368171691895
20,-38.8161506652832,0.0,6.147873878479004,0.0,0.0,0.0,0.0,3.0754424491428445,-38.8161506652832,0.0,6.147873878479004
21,-39.29999923706055,0.0,0.0,0.0,0.0,0.0,0.0,3.0754424491428445,-39.29999923706055,0.0,0.0
22,-38.8161506652832,0.0,-6.147873878479004,0.0,0.0,0.0,0.0,3.0754424491428445,-38.8161506652832,0.0,-6.147873878479004
23,-37.376522064208984,0.0,-12.144368171691895,0.0,0.0,0.0,0.0,3.0754424491428445,-37.376522064208984,0.0,-12.144368171691895
24,-35.01655578613281,0.0,-17.841827392578125,0.0,0.0,0.0,0.0,3.0754424491428445,-35.01655578613281,0.0,-17.841827392578125
25,-31.794368743896484,0.0,-23.099960327148438,0.0,0.0,0.0,0.0,3.0754424491428445,-31.794368743896484,0.0,-23.099960327148438
26,-27.789297103881836,0.0,-27.789297103881836,0.0,0.0,0.0,0.0,3.0754424491428445,-27.789297103881836,0.0,-27.789297103881836
27,-23.099960327148438,0.0,-31.794368743896484,0.0,0.0,0.0,0.0,3.0754424491428445,-23.099960327148438,0.0,-31.794368743896484
28,-17.841827392578125,0.0,-35.01655578613281,0.0,0.0,0.0,0.0,3.0754424491428445,-17.841827392578125,0.0,-35.01655578613281
29,-12.144368171691895,0.0,-37.376522064208984,0.0,0.0,0.0,0.0,3.0754424491428445,-12.144368171691895,0.0,-37.376522064208984
30,-6.147873878479004,0.0,-38.8161506652832,0.0,0.0,0.0,0.0,3.0754424491428445,-6.147873878479004,0.0,-38.8161506652832
31,-0.0,0.0,-39.29999923706055,0.0,0.0,0.0,0.0,3.0754424491428445,0.0,0.0,-39.29999923706055
32,6.147873878479004,0.0,-38.8161506652832,0.0,0.0,0.0,0.0,3.0754424491428445,6.147873878479004,0.0,-38.8161506652832
33,12.144368171691895,0.0,-37.376522064208984,0.0,0.0,0.0,0.0,3.0754424491428445,12.144368171691895,0.0,-37.376522064208984
34,17.841827392578125,0.0,-35.01655578613281,0.0,0.0,0.0,0.0,3.0754424491428445,17.841827392578125,0.0,-35.01655578613281
35,23.099960327148438,0.0,-31.794368743896484,0.0,0.0,0.0,0.0,3.0754424491428445,23.099960327148438,0.0,-31.794368743896484
36,27.789297103881836,0.0,-27.789297103881836,0.0,0.0,0.0,0.0,3.0754424491428445,27.789297103881836,0.0,-27.789297103881836
37,31.794368743896484,0.0,-23.099960327148438,0.0,0.0,0.0,0.0,3.0754424491428445,31.794368743896484,0.0,-23.099960327148438
38,35.01655578613281,0.0,-17.841827392578125,0.0,0.0,0.0,0.0,3.0754424491428445,35.01655578613281,0.0,-17.841827392578125
39,37.376522064208984,0.0,-12.144368171691895,0.0,0.0,0.0,0.0,3.0754424491428445,37.376522064208984,0.0,-12.144368171691895
40,38.8161506652832,0.0,-6.147873878479004,0.0,0.0,0.0,0.0,3.0754424491428445,38.8161506652832,0.0,-6.147873878479004
41,35.52404022216797,1.8250000476837158,0.0,0.3539283573627472,0.6976898908615112,3.118853439398883e-11,0.7823275923728943,3.0754424491428445,36.61252651635676,3.970705154377046,9.591854260182485e-11
42,35.0866813659668,1.8250000476837158,5.557184219360352,0.20963357388973236,0.4110780656337738,0.008210243657231331,0.46151795983314514,3.0754424491428445,35.7313973578728,3.089246980645352,5.582434351221607
43,33.785369873046875,1.8250000476837158,10.977532386779785,-0.09288260340690613,-0.21028195321559906,-0.06077040359377861,0.23777872323989868,3.0754424491428445,33.499714771742376,1.178290002475793,10.790636507915936
44,31.65215301513672,1.8250000476837158,16.12757682800293,-0.29058027267456055,-0.6523040533065796,-0.1590149849653244,0.7315895557403564,3.0754424491428445,30.75849010966987,-0.1811235276032761,15.63853539319076
45,28.739553451538086,1.8250000476837158,20.880508422851562,-0.23789721727371216,-0.5559555888175964,-0.15154968202114105,0.6234171986579895,3.0754424491428445,28.00791425100155,0.11519062999587493,20.414426097609645
46,25.119291305541992,1.8250000476837158,25.119291305541992,-0.02418748289346695,-0.010659349150955677,0.01786830835044384,0.03190505504608154,3.0754424491428445,25.04490409391351,1.792217832824632,25.17424425953732
47,20.880508422851562,1.8250000476837158,28.739553451538086,0.14401020109653473,0.530179500579834,0.22859767079353333,0.5950513482093811,3.0754424491428445,21.323403508413442,3.455536589432291,29.4425924320717
48,16.12757682800293,1.8250000476837158,31.65215301513672,0.15199150145053864,0.628593385219574,0.2801613211631775,0.7047846913337708,3.0754424491428445,16.59501794347287,3.758202827838394,32.5137730348499
49,10.977532386779785,1.8250000476837158,33.785369873046875,0.059276171028614044,0.2161327451467514,0.09497209638357162,0.2434065043926239,3.0754424491428445,11.159832839383837,2.4897038667578073,34.077451089749
50,5.557184219360352,1.8250000476837158,35.0866813659668,-0.0056946114636957645,-0.3612671494483948,-0.1856735348701477,0.40622779726982117,3.0754424491428445,5.539670769533526,0.7139437207892905,34.51565309514474
51,0.0,1.8250000476837158,35.52404022216797,0.0008598099229857326,-0.6322351098060608,-0.32097816467285156,0.7090479135513306,3.0754424491428445,0.002644295935344562,-0.11940264685233104,34.536890349285116
52,-5.557184219360352,1.8250000476837158,35.0866813659668,0.008663034997880459,-0.38297054171562195,-0.19461646676063538,0.4296708405017853,3.0754424491428445,-5.53054155378946,0.6471961869202616,34.48814962278894
53,-10.977532386779785,1.8250000476837158,33.785369873046875,-0.05254358798265457,0.1735241413116455,0.07662392407655716,0.1968315988779068,3.0754424491428445,-11.139127167691912,2.358663557824612,34.02102234177182
54,-16.12757682800293,1.8250000476837158,31.65215301513672,-0.14126986265182495,0.5769421458244324,0.25718897581100464,0.6472755074501038,3.0754424491428445,-16.562044160386932,3.5993524136517365,32.443122908797456
55,-20.880508422851562,1.8250000476837158,28.739553451538086,-0.1365596354007721,0.4997328221797943,0.21387286484241486,0.5604668259620667,3.0754424491428445,-21.300489722402567,3.361899582245408,29.39730713879424
56,-25.119291305541992,1.8250000476837158,25.119291305541992,0.014679412357509136,0.013020657934248447,0.02301820181310177,0.030246658250689507,3.0754424491428445,-25.074145617649236,1.8650443318104721,25.190082460500943
57,-28.739553451538086,1.8250000476837158,20.880508422851562,0.20589494705200195,-0.4775681793689728,-0.1298620104789734,0.5360300540924072,3.0754424491428445,-28.106335391310342,0.3562665964925129,20.481125283293494
58,-31.65215301513672,1.8250000476837158,16.12757682800293,0.253464937210083,-0.5680822134017944,-0.13785986602306366,0.6371555924415588,3.0754424491428445,-30.872636187871503,0.07789589398481311,15.703596744002454
59,-33.785369873046875,1.8250000476837158,10.977532386779785,0.08288618177175522,-0.1879970282316208,-0.05304519832134247,0.21219517290592194,3.0754424491428445,-33.530458191178646,1.2468260067474835,10.814394932139129
60,-35.0866813659668,1.8250000476837158,5.557184219360352,-0.17653538286685944,0.3449907898902893,0.006475687492638826,0.38758909702301025,3.0754424491428445,-35.62960577621122,2.8859993674756317,5.577099823562596
61,-35.52404022216797,1.8250000476837158,0.0,-0.2996875047683716,0.5899308323860168,-3.584058397287926e-11,0.661687970161438,3.0754424491428445,-36.44571189581032,3.6392983716618446,-1.1022565335226157e-10
62,-35.0866813659668,1.8250000476837158,-5.557184219360352,-0.17653538286685944,0.3449907898902893,-0.006475687492638826,0.38758909702301025,3.0754424491428445,-35.62960577621122,2.8859993674756317,-5.577099823562596
63,-33.785369873046875,1.8250000476837158,-10.977532386779785,0.08288618177175522,-0.1879970282316208,0.05304519832134247,0.21219517290592194,3.0754424491428445,-33.530458191178646,1.2468260067474835,-10.814394932139129
64,-31.65215301513672,1.8250000476837158,-16.12757682800293,0.253464937210083,-0.5680822134017944,0.13785986602306366,0.6371555924415588,3.0754424491428445,-30.872636187871503,0.07789589398481311,-15.703596744002454
65,-28.739553451538086,1.8250000476837158,-20.880508422851562,0.20589494705200195,-0.4775681793689728,0.1298620104789734,0.5360300540924072,3.0754424491428445,-28.106335391310342,0.3562665964925129,-20.481125283293494
66,-25.119291305541992,1.8250000476837158,-25.119291305541992,0.01467941328883171,0.013020657002925873,-0.02301819995045662,0.030246656388044357,3.0754424491428445,-25.074145614785007,1.865044328946243,-25.190082454772483
67,-20.880508422851562,1.8250000476837158,-28.739553451538086,-0.1365596354007721,0.4997328221797943,-0.21387286484241486,0.5604668259620667,3.0754424491428445,-21.300489722402567,3.361899582245408,-29.39730713879424
68,-16.12757682800293,1.8250000476837158,-31.65215301513672,-0.14126986265182495,0.5769421458244324,-0.25718897581100464,0.6472755074501038,3.0754424491428445,-16.562044160386932,3.5993524136517365,-32.443122908797456
69,-10.977532386779785,1.8250000476837158,-33.785369873046875,-0.05254358798265457,0.1735241413116455,-0.07662392407655716,0.1968315988779068,3.0754424491428445,-11.139127167691912,2.358663557824612,-34.02102234177182
70,-5.557184219360352,1.8250000476837158,-35.0866813659668,0.008663034997880459,-0.38297054171562195,0.19461646676063538,0.4296708405017853,3.0754424491428445,-5.53054155378946,0.6471961869202616,-34.48814962278894
71,-0.0,1.8250000476837158,-35.52404022216797,0.0008598098647780716,-0.6322351098060608,0.32097816467285156,0.7090479135513306,3.0754424491428445,0.0026442957563302507,-0.11940264685233104,-34.536890349285116
72,5.557184219360352,1.8250000476837158,-35.0866813659668,-0.005694611929357052,-0.3612671494483948,0.1856735348701477,0.40622779726982117,3.0754424491428445,5.539670768101412,0.7139437207892905,-34.51565309514474
73,10.977532386779785,1.8250000476837158,-33.785369873046875,0.059276171028614044,0.2161327451467514,-0.09497209638357162,0.2434065043926239,3.0754424491428445,11.159832839383837,2.4897038667578073,-34.077451089749
74,16.12757682800293,1.8250000476837158,-31.65215301513672,0.15199150145053864,0.628593385219574,-0.2801613211631775,0.7047846913337708,3.0754424491428445,16.59501794347287,3.758202827838394,-32.5137730348499
75,20.880508422851562,1.8250000476837158,-28.739553451538086,0.14401020109653473,0.530179500579834,-0.22859767079353333,0.5950513482093811,3.0754424491428445,21.323403508413442,3.455536589432291,-29.4425924320717
76,25.119291305541992,1.8250000476837158,-25.119291305541992,-0.02418748289346695,-0.010659348219633102,-0.01786831021308899,0.03190505504608154,3.0754424491428445,25.04490409391351,1.792217835688861,-25.174244265265777
77,28.739553451538086,1.8250000476837158,-20.880508422851562,-0.23789721727371216,-0.5559555888175964,0.15154968202114105,0.6234171986579895,3.0754424491428445,28.00791425100155,0.11519062999587493,-20.414426097609645
78,31.65215301513672,1.8250000476837158,-16.12757682800293,-0.29058027267456055,-0.6523040533065796,0.1590149849653244,0.7315895557403564,3.0754424491428445,30.75849010966987,-0.1811235276032761,-15.63853539319076
79,33.785369873046875,1.8250000476837158,-10.977532386779785,-0.09288260340690613,-0.21028195321559906,0.06077040359377861,0.23777872323989868,3.0754424491428445,33.499714771742376,1.178290002475793,-10.790636507915936
80,35.0866813659668,1.8250000476837158,-5.557184219360352,0.20963357388973236,0.4110780656337738,-0.008210243657231331,0.46151795983314514,3.0754424491428445,35.7313973578728,3.089246980645352,-5.582434351221607
81,31.748083114624023,3.6500000953674316,0.0,0.5070972442626953,1.0,6.15484885280182e-11,1.1212259531021118,3.0754424491428445,33.30763150547288,6.725442544510276,1.8928883429964854e-10
82,31.357210159301758,3.6500000953674316,4.966494083404541,0.30267664790153503,0.5889770984649658,-0.0038950922898948193,0.6622101664543152,3.0754424491428445,32.2880747706224,5.461365265559572,4.95451495123287
83,30.19422149658203,3.6500000953674316,9.810696601867676,-0.12777486443519592,-0.3018517792224884,-0.10442196577787399,0.34401288628578186,3.0754424491428445,29.801257254564558,2.721672320197297,9.48955285569146
84,28.287748336791992,3.6500000953674316,14.413328170776367,-0.41402608156204224,-0.93503737449646,-0.2324679046869278,1.0486915111541748,3.0754424491428445,27.01443495050381,0.7743464623059437,13.698386508638897
85,25.684738159179688,3.6500000953674316,18.661054611206055,-0.34737923741340637,-0.7960655093193054,-0.20723570883274078,0.8929385542869568,3.0754424491428445,24.616393306487627,1.201746435708321,18.023713115283638
86,22.44928550720215,3.6500000953674316,22.44928550720215,-0.04723093658685684,-0.013831268064677715,0.03944651037454605,0.06307212263345718,3.0754424491428445,22.304029479910156,3.607462826435848,22.57060097967858
87,18.661054611206055,3.6500000953674316,25.684738159179688,0.19853749871253967,0.7608218193054199,0.3338054120540619,0.8542207479476929,3.0754424491428445,19.27164526249324,5.989863814693408,26.71133749316437
88,14.413328170776367,3.6500000953674316,28.287748336791992,0.22337475419044495,0.899700939655304,0.39770451188087463,1.0087254047393799,3.0754424491428445,15.10030437188051,6.4169785567170585,29.51086567484607
89,9.810696601867676,3.6500000953674316,30.19422149658203,0.10101650655269623,0.30614665150642395,0.12875549495220184,0.34714275598526,3.0754424491428445,10.121367054183954,4.591536503073229,30.59020161131843
90,4.966494083404541,3.6500000953674316,31.357210159301758,0.0053375717252492905,-0.5209879279136658,-0.26987695693969727,0.5867627263069153,3.0754424491428445,4.982909478063717,2.0477317063707714,30.527219109883916
91,0.0,3.6500000953674316,31.748083114624023,0.00022394978441298008,-0.9050676226615906,-0.4593140184879303,1.014946699142456,3.0754424491428445,0.0006887446734600675,0.8665167092891779,30.335489284679863
92,-4.966494083404541,3.6500000953674316,31.357210159301758,-0.0027511040680110455,-0.5434238910675049,-0.2783432602882385,0.6105669736862183,3.0754424491428445,-4.974954945637312,1.9787311929000502,30.50118148117849
93,-9.810696601867676,3.6500000953674316,30.19422149658203,-0.09166271984577179,0.2534664273262024,0.10711503773927689,0.29003608226776123,3.0754424491428445,-10.09260002148525,4.4295215053990145,30.52364763058694
94,-14.413328170776367,3.6500000953674316,28.287748336791992,-0.206273153424263,0.8260192275047302,0.36605289578437805,0.9267421960830688,3.0754424491428445,-15.047709382935901,6.19037469144366,29.41352295111893
95,-18.661054611206055,3.6500000953674316,25.684738159179688,-0.18538324534893036,0.7110634446144104,0.31055861711502075,0.797762393951416,3.0754424491428445,-19.231190113312017,5.836834796968321,26.63984331320232
96,-22.44928550720215,3.6500000953674316,22.44928550720215,0.03444411978125572,0.015194621868431568,0.04377888888120651,0.057739630341529846,3.0754424491428445,-22.343354599103513,3.6967302804602804,22.583924960443717
97,-25.684738159179688,3.6500000953674316,18.661054611206055,0.30007320642471313,-0.6829557418823242,-0.17785315215587616,0.7668795585632324,3.0754424491428445,-24.761880282290722,1.5496090158966882,18.114077477352012
98,-28.287748336791992,3.6500000953674316,14.413328170776367,0.35881638526916504,-0.8102196455001831,-0.20158348977565765,0.9087579250335693,3.0754424491428445,-27.18422919408721,1.1582162044667013,13.793369749273957
99,-30.19422149658203,3.6500000953674316,9.810696601867676,0.11279354989528656,-0.2675231099128723,-0.09106102585792542,0.3042747378349304,3.0754424491428445,-29.847331425244555,2.827248167014677,9.530643657481718
100,-31.357210159301758,3.6500000953674316,4.966494083404541,-0.2541235685348511,0.4925268590450287,-0.004278477746993303,0.5542380213737488,3.0754424491428445,-32.1387525693015,5.164738105017507,4.953335871323725
101,-31.748083114624023,3.6500000953674316,0.0,-0.4274960160255432,0.8417672514915466,-1.0707802700071767e-10,0.9441000819206238,3.0754424491428445,-33.062822509148425,6.238806832902835,-3.293123096084708e-10
102,-31.357210159301758,3.6500000953674316,-4.966494083404541,-0.2541235685348511,0.4925268590450287,0.004278477281332016,0.5542380213737488,3.0754424491428445,-32.1387525693015,5.164738105017507,-4.953335872755839
103,-30.19422149658203,3.6500000953674316,-9.810696601867676,0.11279354989528656,-0.2675231099128723,0.09106102585792542,0.3042747378349304,3.0754424491428445,-29.847331425244555,2.827248167014677,-9.530643657481718
104,-28.287748336791992,3.6500000953674316,-14.413328170776367,0.35881638526916504,-0.8102196455001831,0.20158348977565765,0.9087579250335693,3.0754424491428445,-27.18422919408721,1.1582162044667013,-13.793369749273957
105,-25.684738159179688,3.6500000953674316,-18.661054611206055,0.30007320642471313,-0.6829557418823242,0.17785315215587616,0.7668795585632324,3.0754424491428445,-24.761880282290722,1.5496090158966882,-18.114077477352012
106,-22.44928550720215,3.6500000953674316,-22.44928550720215,0.03444412350654602,0.015194619074463844,-0.04377888888120651,0.057739634066820145,3.0754424491428445,-22.343354587646598,3.6967302718675934,-22.583924960443717
107,-18.661054611206055,3.6500000953674316,-25.684738159179688,-0.18538324534893036,0.7110634446144104,-0.31055861711502075,0.797762393951416,3.0754424491428445,-19.231190113312017,5.836834796968321,-26.63984331320232
108,-14.413328170776367,3.6500000953674316,-28.287748336791992,-0.206273153424263,0.8260192275047302,-0.36605289578437805,0.9267421960830688,3.0754424491428445,-15.047709382935901,6.19037469144366,-29.41352295111893
109,-9.810696601867676,3.6500000953674316,-30.19422149658203,-0.09166271984577179,0.2534664273262024,-0.10711503773927689,0.29003608226776123,3.0754424491428445,-10.09260002148525,4.4295215053990145,-30.52364763058694
110,-4.966494083404541,3.6500000953674316,-31.357210159301758,-0.0027511040680110455,-0.5434238910675049,0.2783432602882385,0.6105669736862183,3.0754424491428445,-4.974954945637312,1.9787311929000502,-30.50118148117849
111,-0.0,3.6500000953674316,-31.748083114624023,0.00022394976986106485,-0.9050676226615906,0.4593140184879303,1.014946699142456,3.0754424491428445,0.0006887446287064897,0.8665167092891779,-30.335489284679863
112,4.966494083404541,3.6500000953674316,-31.357210159301758,0.0053375717252492905,-0.5209879875183105,0.26987695693969727,0.5867627859115601,3.0754424491428445,4.982909478063717,2.0477315230601167,-30.527219109883916
113,9.810696601867676,3.6500000953674316,-30.19422149658203,0.10101650655269623,0.30614665150642395,-0.12875549495220184,0.34714275598526,3.0754424491428445,10.121367054183954,4.591536503073229,-30.59020161131843
114,14.413328170776367,3.6500000953674316,-28.287748336791992,0.22337475419044495,0.899700939655304,-0.39770451188087463,1.0087254047393799,3.0754424491428445,15.10030437188051,6.4169785567170585,-29.51086567484607
115,18.661054611206055,3.6500000953674316,-25.684738159179688,0.19853749871253967,0.7608218193054199,-0.3338054120540619,0.8542207479476929,3.0754424491428445,19.27164526249324,5.989863814693408,-26.71133749316437
116,22.44928550720215,3.6500000953674316,-22.44928550720215,-0.04723093658685684,-0.013831266202032566,-0.03944651037454605,0.06307212263345718,3.0754424491428445,22.304029479910156,3.607462832164306,-22.57060097967858
117,25.684738159179688,3.6500000953674316,-18.661054611206055,-0.34737923741340637,-0.7960655093193054,0.20723570883274078,0.8929385542869568,3.0754424491428445,24.616393306487627,1.201746435708321,-18.023713115283638
118,28.287748336791992,3.6500000953674316,-14.413328170776367,-0.41402608156204224,-0.93503737449646,0.2324679046869278,1.0486915111541748,3.0754424491428445,27.01443495050381,0.7743464623059437,-13.698386508638897
119,30.19422149658203,3.6500000953674316,-9.810696601867676,-0.12777486443519592,-0.3018517792224884,0.10442196577787399,0.34401288628578186,3.0754424491428445,29.801257254564558,2.721672320197297,-9.48955285569146
120,31.357210159301758,3.6500000953674316,-4.966494083404541,0.30267664790153503,0.5889770984649658,0.003895092522725463,0.6622101664543152,3.0754424491428445,32.2880747706224,5.461365265559572,-4.9545149505168125
121,29.306934356689453,5.474999904632568,0.0,-0.13551822304725647,0.14053557813167572,-5.295847441133539e-11,0.19523175060749054,3.0754424491428445,28.89015586089751,5.907208987233554,-1.6287074024646598e-10
122,28.946117401123047,5.474999904632568,4.584615230560303,-0.08341062813997269,0.08182244002819061,0.009310681372880936,0.11721319705247879,3.0754424491428445,28.689592814631705,5.72664010998771,4.613249695284904
123,27.87255096435547,5.474999904632568,9.056341171264648,0.028413815423846245,-0.044506143778562546,0.03708652779459953,0.06452559679746628,3.0754424491428445,27.959936018452076,5.338123820808322,9.170398653135475
124,26.1126708984375,5.474999904632568,13.305069923400879,0.10779467970132828,-0.13221371173858643,0.06555769592523575,0.1827511191368103,3.0754424491428445,26.44418723218272,5.068384243192984,13.506688844317347
125,23.709808349609375,5.474999904632568,17.226184844970703,0.09840922057628632,-0.10925149917602539,0.05320454016327858,0.15636812150478363,3.0754424491428445,24.01246024395675,5.139003206434126,17.389812346275974
126,20.72313117980957,5.474999904632568,20.72313117980957,0.024182235822081566,0.003200445557013154,-0.013563688844442368,0.027910517528653145,3.0754424491428445,20.79750225437198,5.484842690754777,20.681416835370406
127,17.226184844970703,5.474999904632568,23.709808349609375,-0.04463956132531166,0.11065007746219635,-0.0902734026312828,0.14961756765842438,3.0754424491428445,17.088898443159724,5.815297849860751,23.432177695128566
128,13.305069923400879,5.474999904632568,26.1126708984375,-0.06167181581258774,0.12452138960361481,-0.10772959142923355,0.17582564055919647,3.0754424491428445,13.115401803135128,5.85795827204578,25.78135473992722
129,9.056341171264648,5.474999904632568,27.87255096435547,-0.03755900636315346,0.03503959998488426,-0.03968014568090439,0.06490737199783325,3.0754424491428445,8.94083060874778,5.582762177827067,27.750516959940242
130,4.584615230560303,5.474999904632568,28.946117401123047,-0.011435698717832565,-0.08167114853858948,0.06509315222501755,0.10506222397089005,3.0754424491428445,4.549445397287872,5.22382498754674,29.146307644624383
131,0.0,5.474999904632568,29.306934356689453,-0.00225276337005198,-0.12819071114063263,0.12153998017311096,0.17666323482990265,3.0754424491428445,-0.00692824409613195,5.080756750004858,29.68072357098182
132,-4.584615230560303,5.474999904632568,28.946117401123047,0.00523277185857296,-0.06775413453578949,0.08328543603420258,0.10749171674251556,3.0754424491428445,-4.568522141859767,5.266625963176266,29.202256966498005
133,-9.056341171264648,5.474999904632568,27.87255096435547,0.02956720069050789,0.04644203186035156,-0.015876738354563713,0.057298798114061356,3.0754424491428445,-8.965408947158735,5.617829700840338,27.82372296926591
134,-13.305069923400879,5.474999904632568,26.1126708984375,0.057361215353012085,0.11921299248933792,-0.09262270480394363,0.16149616241455078,3.0754424491428445,-13.128658806769801,5.841632602223625,25.827815100329026
135,-17.226184844970703,5.474999904632568,23.709808349609375,0.049731798470020294,0.09393519163131714,-0.08923102170228958,0.1387776881456375,3.0754424491428445,-17.073237560883786,5.7638921804438885,23.435383477685768
136,-20.72313117980957,5.474999904632568,20.72313117980957,-0.009791456162929535,-0.0054077040404081345,-0.022596130147576332,0.02521311119198799,3.0754424491428445,-20.753244239731966,5.458368822074296,20.653638081967358
137,-23.709808349609375,5.474999904632568,17.226184844970703,-0.08097939193248749,-0.09836480766534805,0.0411456823348999,0.13388900458812714,3.0754424491428445,-23.95885580906432,5.172484599636785,17.352726023022402
138,-26.1126708984375,5.474999904632568,13.305069923400879,-0.09638294577598572,-0.11144808679819107,0.0559886209666729,0.15762320160865784,3.0754424491428445,-26.4090911012504,5.1322477276176555,13.477259704990754
139,-27.87255096435547,5.474999904632568,9.056341171264648,-0.030210375785827637,-0.03485187515616417,0.032098181545734406,0.05619264394044876,3.0754424491428445,-27.96546123645176,5.367814968345074,9.155057281330693
140,-28.946117401123047,5.474999904632568,4.584615230560303,0.06808764487504959,0.06936158984899521,0.007749679032713175,0.09750392287969589,3.0754424491428445,-28.736717767812156,5.688317482394203,4.608448922424741
141,-29.306934356689453,5.474999904632568,0.0,0.1144896000623703,0.11690860986709595,-2.7794567862560182e-12,0.16363218426704407,3.0754424491428445,-28.95482818067225,5.834545606088115,-8.548059386009909e-12
142,-28.946117401123047,5.474999904632568,-4.584615230560303,0.068087637424469,0.06936158984899521,-0.007749679032713175,0.0975039154291153,3.0754424491428445,-28.736717790725987,5.688317482394203,-4.608448922424741
143,-27.87255096435547,5.474999904632568,-9.056341171264648,-0.030210375785827637,-0.03485187515616417,-0.032098181545734406,0.05619264394044876,3.0754424491428445,-27.96546123645176,5.367814968345074,-9.155057281330693
144,-26.1126708984375,5.474999904632568,-13.305069923400879,-0.09638294577598572,-0.11144808679819107,-0.0559886209666729,0.15762320160865784,3.0754424491428445,-26.4090911012504,5.1322477276176555,-13.477259704990754
145,-23.709808349609375,5.474999904632568,-17.226184844970703,-0.08097939193248749,-0.09836480766534805,-0.0411456823348999,0.13388900458812714,3.0754424491428445,-23.95885580906432,5.172484599636785,-17.352726023022402
146,-20.72313117980957,5.474999904632568,-20.72313117980957,-0.009791456162929535,-0.005407704971730709,0.022596130147576332,0.02521311119198799,3.0754424491428445,-20.753244239731966,5.458368819210067,-20.653638081967358
147,-17.226184844970703,5.474999904632568,-23.709808349609375,0.049731798470020294,0.09393519163131714,0.08923102170228958,0.1387776881456375,3.0754424491428445,-17.073237560883786,5.7638921804438885,-23.435383477685768
148,-13.305069923400879,5.474999904632568,-26.1126708984375,0.057361215353012085,0.11921299993991852,0.09262270480394363,0.16149617731571198,3.0754424491428445,-13.128658806769801,5.841632625137457,-25.827815100329026
149,-9.056341171264648,5.474999904632568,-27.87255096435547,0.02956720069050789,0.04644203186035156,0.015876740217208862,0.057298798114061356,3.0754424491428445,-8.965408947158735,5.617829700840338,-27.823722963537453
150,-4.584615230560303,5.474999904632568,-28.946117401123047,0.005232772324234247,-0.06775414198637009,-0.08328542858362198,0.10749171674251556,3.0754424491428445,-4.568522140427653,5.2666259402624345,-29.20225694358417
151,-0.0,5.474999904632568,-29.306934356689453,-0.0022527631372213364,-0.12819071114063263,-0.12153998017311096,0.17666323482990265,3.0754424491428445,-0.006928243380074705,5.080756750004858,-29.68072357098182
152,4.584615230560303,5.474999904632568,-28.946117401123047,-0.011435698717832565,-0.08167114853858948,-0.06509315222501755,0.10506222397089005,3.0754424491428445,4.549445397287872,5.22382498754674,-29.146307644624383
153,9.056341171264648,5.474999904632568,-27.87255096435547,-0.03755900636315346,0.03503959998488426,0.03968014568090439,0.06490737199783325,3.0754424491428445,8.94083060874778,5.582762177827067,-27.750516959940242
154,13.305069923400879,5.474999904632568,-26.1126708984375,-0.06167181581258774,0.12452138960361481,0.10772959142923355,0.17582564055919647,3.0754424491428445,13.115401803135128,5.85795827204578,-25.78135473992722
155,17.226184844970703,5.474999904632568,-23.709808349609375,-0.04463956505060196,0.11065007746219635,0.0902734100818634,0.14961756765842438,3.0754424491428445,17.08889843170281,5.815297849860751,-23.43217767221473
156,20.72313117980957,5.474999904632568,-20.72313117980957,0.024182235822081566,0.0032004446256905794,0.013563689775764942,0.027910519391298294,3.0754424491428445,20.79750225437198,5.4848426878905485,-20.681416832506176
157,23.709808349609375,5.474999904632568,-17.226184844970703,0.09840922057628632,-0.10925149917602539,-0.05320454016327858,0.15636812150478363,3.0754424491428445,24.01246024395675,5.139003206434126,-17.389812346275974
158,26.1126708984375,5.474999904632568,-13.305069923400879,0.10779467970132828,-0.13221371173858643,-0.06555769592523575,0.1827511191368103,3.0754424491428445,26.44418723218272,5.068384243192984,-13.506688844317347
159,27.87255096435547,5.474999904632568,-9.056341171264648,0.028413817286491394,-0.044506143778562546,-0.03708652779459953,0.06452559679746628,3.0754424491428445,27.959936024180532,5.338123820808322,-9.170398653135475
160,28.946117401123047,5.474999904632568,-4.584615230560303,-0.08341062813997269,0.08182244002819061,-0.009310681372880936,0.11721319705247879,3.0754424491428445,28.689592814631705,5.72664010998771,-4.613249695284904
161,26.865787506103516,7.300000190734863,0.0,-0.7762166857719421,-0.7147746086120605,-1.7459148016207848e-10,1.0551848411560059,3.0754424491428445,24.478577760947513,5.101752017839869,-5.36946049349137e-10
162,26.535024642944336,7.300000190734863,4.20273494720459,-0.46910494565963745,-0.4221949279308319,0.0308328028768301,0.6318691968917847,3.0754424491428445,25.09231937995984,6.0015639875635785,4.297559457998047
163,25.55088233947754,7.300000190734863,8.301984786987305,0.18227005004882812,0.21317431330680847,0.18803784251213074,0.33767423033714294,3.0754424491428445,26.111443388605096,7.955605522945499,8.880284349894348
164,23.937591552734375,7.300000190734863,12.19681167602539,0.6270372867584229,0.6675432324409485,0.3660717308521271,0.9863053560256958,3.0754424491428445,25.866008641626582,9.352990984421785,13.322644216519217
165,21.734878540039062,7.300000190734863,15.791313171386719,0.5451220273971558,0.5725643634796143,0.30738043785095215,0.84821617603302,3.0754424491428445,23.411369963059084,9.060888939046523,16.73664401798965
166,18.996980667114258,7.300000190734863,18.996980667114258,0.10041160881519318,0.016329852864146233,-0.07577624917030334,0.12685106694698334,3.0754424491428445,19.30579079125123,7.350221713421515,18.763935173779082
167,15.791313171386719,7.300000190734863,21.734878540039062,-0.28337275981903076,-0.5393249988555908,-0.5185934901237488,0.8000692129135132,3.0754424491428445,14.919816556908511,5.641337195370463,20.139974106663345
168,12.19681167602539,7.300000190734863,23.937591552734375,-0.34756243228912354,-0.6452218890190125,-0.6092000603675842,0.9530140161514282,3.0754424491428445,11.127903418036084,5.315657404129659,22.064031827059523
169,8.301984786987305,7.300000190734863,25.55088233947754,-0.1827540397644043,-0.22802621126174927,-0.1997687667608261,0.35398101806640625,3.0754424491428445,7.739935255343516,6.598718701103265,24.936504994168377
170,4.20273494720459,7.300000190734863,26.535024642944336,-0.035354264080524445,0.3619222044944763,0.40519702434539795,0.5444467067718506,3.0754424491428445,4.094004942693139,8.413071101724533,27.78118477188254
171,0.0,7.300000190734863,26.865787506103516,-0.005278848577290773,0.6439061760902405,0.6998227834701538,0.9509968161582947,3.0754424491428445,-0.016234794997197356,9.280296577948036,29.01805220126493
172,-4.20273494720459,7.300000190734863,26.535024642944336,0.02141028828918934,0.39660531282424927,0.43808361887931824,0.5913302302360535,3.0754424491428445,-4.136888837751631,8.519737005350137,27.882325600719906
173,-8.301984786987305,7.300000190734863,25.55088233947754,0.16106277704238892,-0.16822412610054016,-0.14205686748027802,0.27280163764953613,3.0754424491428445,-7.806645485494312,6.782636572355304,25.113994619036433
174,-12.19681167602539,7.300000190734863,23.937591552734375,0.3231506943702698,-0.5839133262634277,-0.5482025742530823,0.8636592030525208,3.0754424491428445,-11.202980313089077,5.504208360524123,22.251626085147063
175,-15.791313171386719,7.300000190734863,21.734878540039062,0.2765396237373352,-0.5123578310012817,-0.4858585596084595,0.7583160400390625,3.0754424491428445,-14.940831473674928,5.724273168122766,20.24064850153981
176,-18.996980667114258,7.300000190734863,18.996980667114258,-0.06379701942205429,-0.019627755507826805,-0.09180320799350739,0.11350391060113907,3.0754424491428445,-19.193184728773634,7.2396361582646955,18.714645184283537
177,-21.734878540039062,7.300000190734863,15.791313171386719,-0.4634990990161896,0.4822694659233093,0.2544802129268646,0.7156643271446228,3.0754424491428445,-23.160343344292915,8.783192178160856,16.573952420688908
178,-23.937591552734375,7.300000190734863,12.19681167602539,-0.5452712774276733,0.57840496301651,0.3131440579891205,0.8543606996536255,3.0754424491428445,-25.614541985633785,9.078851366790735,13.159868204661981
179,-25.55088233947754,7.300000190734863,8.301984786987305,-0.16778838634490967,0.1934748739004135,0.16216719150543213,0.3031231760978699,3.0754424491428445,-26.066905865315853,7.895021030770754,8.800720651601388
180,-26.535024642944336,7.300000190734863,4.20273494720459,0.3888564109802246,-0.349601686000824,0.027179306373000145,0.523611843585968,3.0754424491428445,-25.33911912999442,6.2248203253160215,4.286323339762373
181,-26.865787506103516,7.300000190734863,0.0,0.6511663198471069,-0.5996456146240234,1.0406750461378067e-10,0.8852075934410095,3.0754424491428445,-24.863162964593595,5.45582461307779,3.200536212655899e-10
182,-26.535024642944336,7.300000190734863,-4.20273494720459,0.3888564109802246,-0.349601686000824,-0.027179304510354996,0.523611843585968,3.0754424491428445,-25.33911912999442,6.2248203253160215,-4.2863233340339155
183,-25.55088233947754,7.300000190734863,-8.301984786987305,-0.16778837144374847,0.1934748739004135,-0.16216719150543213,0.3031231760978699,3.0754424491428445,-26.06690581948819,7.895021030770754,-8.800720651601388
184,-23.937591552734375,7.300000190734863,-12.19681167602539,-0.5452712774276733,0.57840496301651,-0.3131440579891205,0.8543606996536255,3.0754424491428445,-25.614541985633785,9.078851366790735,-13.159868204661981
185,-21.734878540039062,7.300000190734863,-15.791313171386719,-0.4634990990161896,0.4822694659233093,-0.2544802129268646,0.7156643271446228,3.0754424491428445,-23.160343344292915,8.783192178160856,-16.573952420688908
186,-18.996980667114258,7.300000190734863,-18.996980667114258,-0.06379701942205429,-0.019627755507826805,0.09180320799350739,0.11350391060113907,3.0754424491428445,-19.193184728773634,7.2396361582646955,-18.714645184283537
187,-15.791313171386719,7.300000190734863,-21.734878540039062,0.2765396237373352,-0.5123578310012817,0.4858585596084595,0.7583160400390625,3.0754424491428445,-14.940831473674928,5.724273168122766,-20.24064850153981
188,-12.19681167602539,7.300000190734863,-23.937591552734375,0.3231506943702698,-0.5839133262634277,0.5482025742530823,0.8636592030525208,3.0754424491428445,-11.202980313089077,5.504208360524123,-22.251626085147063
189,-8.301984786987305,7.300000190734863,-25.55088233947754,0.16106277704238892,-0.16822412610054016,0.14205686748027802,0.27280163764953613,3.0754424491428445,-7.806645485494312,6.782636572355304,-25.113994619036433
190,-4.20273494720459,7.300000190734863,-26.535024642944336,0.02141028828918934,0.39660531282424927,-0.43808361887931824,0.5913302302360535,3.0754424491428445,-4.136888837751631,8.519737005350137,-27.882325600719906
191,-0.0,7.300000190734863,-26.865787506103516,-0.005278848111629486,0.6439061760902405,-0.6998227834701538,0.9509968161582947,3.0754424491428445,-0.016234793565082867,9.280296577948036,-29.01805220126493
192,4.20273494720459,7.300000190734863,-26.535024642944336,-0.035354264080524445,0.3619222044944763,-0.40519702434539795,0.5444467067718506,3.0754424491428445,4.094004942693139,8.413071101724533,-27.78118477188254
193,8.301984786987305,7.300000190734863,-25.55088233947754,-0.1827540397644043,-0.22802621126174927,0.19976875185966492,0.35398101806640625,3.0754424491428445,7.739935255343516,6.598718701103265,-24.936505039996042
194,12.19681167602539,7.300000190734863,-23.937591552734375,-0.34756243228912354,-0.6452218890190125,0.6092000603675842,0.9530140161514282,3.0754424491428445,11.127903418036084,5.315657404129659,-22.064031827059523
195,15.791313171386719,7.300000190734863,-21.734878540039062,-0.28337275981903076,-0.5393250584602356,0.5185934901237488,0.800069272518158,3.0754424491428445,14.919816556908511,5.641337012059808,-20.139974106663345
196,18.996980667114258,7.300000190734863,-18.996980667114258,0.10041160881519318,0.016329851001501083,0.07577625662088394,0.12685108184814453,3.0754424491428445,19.30579079125123,7.350221707693057,-18.76393515086525
197,21.734878540039062,7.300000190734863,-15.791313171386719,0.5451220273971558,0.5725643634796143,-0.30738043785095215,0.84821617603302,3.0754424491428445,23.411369963059084,9.060888939046523,-16.73664401798965
198,23.937591552734375,7.300000190734863,-12.19681167602539,0.6270372867584229,0.6675432324409485,-0.3660717308521271,0.9863053560256958,3.0754424491428445,25.866008641626582,9.352990984421785,-13.322644216519217
199,25.55088233947754,7.300000190734863,-8.301984786987305,0.18227005004882812,0.21317431330680847,-0.18803784251213074,0.33767423033714294,3.0754424491428445,26.111443388605096,7.955605522945499,-8.880284349894348
200,26.535024642944336,7.300000190734863,-4.20273494720459,-0.46910494565963745,-0.4221949279308319,-0.03083280473947525,0.6318691968917847,3.0754424491428445,25.09231937995984,6.0015639875635785,-4.297559463726505
201,25.2187442779541,9.125,0.0,-0.8765561580657959,-0.800121009349823,-1.248441211521012e-10,1.1868211030960083,3.0754424491428445,22.522946260380987,6.664273883394536,-3.839509097171041e-10
202,24.908260345458984,9.125,3.9450809955596924,-0.5247342586517334,-0.4721924960613251,0.006484866142272949,0.7059417963027954,3.0754424491428445,23.294470331881943,7.672799153446285,3.9650248281706477
203,23.984451293945312,9.125,7.793021202087402,0.21748220920562744,0.23968350887298584,0.18070760369300842,0.3706776797771454,3.0754424491428445,24.653305312069662,9.862132837547486,8.348777037367762
204,22.47006607055664,9.125,11.449070930480957,0.7139263153076172,0.7480712532997131,0.40407687425613403,1.1102159023284912,3.0754424491428445,24.665705366213825,11.425650087381428,12.691786102285228
205,20.402393341064453,9.125,14.823205947875977,0.602888822555542,0.6402239799499512,0.3629898130893707,0.951379656791687,3.0754424491428445,22.256543218065516,11.093972004897257,15.939560227657454
206,17.83234405517578,9.125,17.83234405517578,0.08682803809642792,0.015642400830984116,-0.06352250277996063,0.1087147668004036,3.0754424491428445,18.099378689313326,9.173107303522116,17.636984253650496
207,14.823205947875977,9.125,20.402393341064453,-0.3384120762348175,-0.6066677570343018,-0.5764067769050598,0.9026700854301453,3.0754424491428445,13.782439083320854,7.259228227490431,18.629687471397023
208,11.449070930480957,9.125,22.47006607055664,-0.38382017612457275,-0.7223644256591797,-0.6922947764396667,1.0716344118118286,3.0754424491428445,10.268654067989964,6.903409781577068,20.340953327774233
209,7.793021202087402,9.125,23.984451293945312,-0.17525933682918549,-0.2509458065032959,-0.23045745491981506,0.3831452429294586,3.0754424491428445,7.254021197994302,8.353230614245378,23.27569265436349
210,3.9450809955596924,9.125,24.908260345458984,-0.01229800097644329,0.41080981492996216,0.45957183837890625,0.6165405511856079,3.0754424491428445,3.9072592013171383,10.388421943360122,26.321647085640087
211,0.0,9.125,25.2187442779541,-0.004738036077469587,0.7220455408096313,0.7915207743644714,1.0713903903961182,3.0754424491428445,-0.014571557278220224,11.345609506420242,27.653020866813012
212,-3.9450809955596924,9.125,24.908260345458984,0.00042137978016398847,0.438618540763855,0.48485973477363586,0.6538159847259521,3.0754424491428445,-3.9437850662965657,10.47394607924625,26.399418555661967
213,-7.793021202087402,9.125,23.984451293945312,0.15535187721252441,-0.19544848799705505,-0.17730377614498138,0.3062204122543335,3.0754424491428445,-7.315245444353978,8.523909423393071,23.439163734395716
214,-11.449070930480957,9.125,22.47006607055664,0.3562239706516266,-0.6557269096374512,-0.6260061860084534,0.9740415811538696,3.0754424491428445,-10.35352460973673,7.108349627055729,20.54482007268023
215,-14.823205947875977,9.125,20.402393341064453,0.323650598526001,-0.5694355368614197,-0.5347614288330078,0.8455626964569092,3.0754424491428445,-13.827837158478625,7.373733777885945,18.757765342667142
216,-17.83234405517578,9.125,17.83234405517578,-0.054188717156648636,-0.016827527433633804,-0.07776174694299698,0.09626251459121704,3.0754424491428445,-17.998998336183934,9.073247907816487,17.593192277707786
217,-20.402393341064453,9.125,14.823205947875977,-0.5136505961418152,0.5412409901618958,0.3034213185310364,0.8055080771446228,3.0754424491428445,-21.98209618846652,10.789555516359998,15.756360750861218
218,-22.47006607055664,9.125,11.449070930480957,-0.6177210807800293,0.6453800797462463,0.3446057438850403,0.9575217366218567,3.0754424491428445,-24.36983170411794,11.1098292930828,12.508886063443457
219,-23.984451293945312,9.125,7.793021202087402,-0.19613906741142273,0.2144598662853241,0.15489423274993896,0.3293262720108032,3.0754424491428445,-24.58766570779769,9.784558976411384,8.269389500613977
220,-24.908260345458984,9.125,3.9450809955596924,0.43521982431411743,-0.39131221175193787,0.0062688300386071205,0.5853040218353271,3.0754424491428445,-23.569766823054856,7.9215418131101165,3.9643604215668864
221,-25.2187442779541,9.125,0.0,0.7339221835136414,-0.6699943542480469,1.2946606287034257e-10,0.9937475323677063,3.0754424491428445,-22.961608840408644,7.064470922259508,3.981654254748478e-10
222,-24.908260345458984,9.125,-3.9450809955596924,0.43521982431411743,-0.39131221175193787,-0.006268829572945833,0.5853040218353271,3.0754424491428445,-23.569766823054856,7.9215418131101165,-3.964360420134772
223,-23.984451293945312,9.125,-7.793021202087402,-0.19613906741142273,0.2144598662853241,-0.15489423274993896,0.3293262720108032,3.0754424491428445,-24.58766570779769,9.784558976411384,-8.269389500613977
224,-22.47006607055664,9.125,-11.449070930480957,-0.6177210807800293,0.6453800797462463,-0.3446057438850403,0.9575217366218567,3.0754424491428445,-24.36983170411794,11.1098292930828,-12.508886063443457
225,-20.402393341064453,9.125,-14.823205947875977,-0.5136505961418152,0.5412409901618958,-0.3034213185310364,0.8055080771446228,3.0754424491428445,-21.98209618846652,10.789555516359998,-15.756360750861218
226,-17.83234405517578,9.125,-17.83234405517578,-0.054188717156648636,-0.016827525570988655,0.07776173949241638,0.09626250714063644,3.0754424491428445,-17.998998336183934,9.073247913544945,-17.593192300621617
227,-14.823205947875977,9.125,-20.402393341064453,0.323650598526001,-0.5694355368614197,0.5347614288330078,0.8455626964569092,3.0754424491428445,-13.827837158478625,7.373733777885945,-18.757765342667142
228,-11.449070930480957,9.125,-22.47006607055664,0.3562239706516266,-0.6557269096374512,0.6260061860084534,0.9740415811538696,3.0754424491428445,-10.35352460973673,7.108349627055729,-20.54482007268023
229,-7.793021202087402,9.125,-23.984451293945312,0.15535187721252441,-0.19544848799705505,0.17730377614498138,0.3062204122543335,3.0754424491428445,-7.315245444353978,8.523909423393071,-23.439163734395716
230,-3.9450809955596924,9.125,-24.908260345458984,0.0004213800420984626,0.438618540763855,-0.48485973477363586,0.6538159847259521,3.0754424491428445,-3.943785065491001,10.47394607924625,-26.399418555661967
231,-0.0,9.125,-25.2187442779541,-0.0047380356118083,0.7220455408096313,-0.7915207743644714,1.0713903903961182,3.0754424491428445,-0.014571555846105734,11.345609506420242,-27.653020866813012
232,3.9450809955596924,9.125,-24.908260345458984,-0.01229800097644329,0.41080981492996216,-0.45957183837890625,0.6165405511856079,3.0754424491428445,3.9072592013171383,10.388421943360122,-26.321647085640087
233,7.793021202087402,9.125,-23.984451293945312,-0.17525933682918549,-0.2509458065032959,0.23045745491981506,0.3831452429294586,3.0754424491428445,7.254021197994302,8.353230614245378,-23.27569265436349
234,11.449070930480957,9.125,-22.47006607055664,-0.38382017612457275,-0.7223644256591797,0.6922947764396667,1.0716344118118286,3.0754424491428445,10.268654067989964,6.903409781577068,-20.340953327774233
235,14.823205947875977,9.125,-20.402393341064453,-0.3384120762348175,-0.6066677570343018,0.5764067769050598,0.9026700854301453,3.0754424491428445,13.782439083320854,7.259228227490431,-18.629687471397023
236,17.83234405517578,9.125,-17.83234405517578,0.08682803809642792,0.015642398968338966,0.06352250277996063,0.1087147668004036,3.0754424491428445,18.099378689313326,9.173107297793658,-17.636984253650496
237,20.402393341064453,9.125,-14.823205947875977,0.602888822555542,0.6402239799499512,-0.3629898130893707,0.951379656791687,3.0754424491428445,22.256543218065516,11.093972004897257,-15.939560227657454
238,22.47006607055664,9.125,-11.449070930480957,0.7139263153076172,0.7480712532997131,-0.40407687425613403,1.1102159023284912,3.0754424491428445,24.665705366213825,11.425650087381428,-12.691786102285228
239,23.984451293945312,9.125,-7.793021202087402,0.21748220920562744,0.23968350887298584,-0.18070760369300842,0.3706776797771454,3.0754424491428445,24.653305312069662,9.862132837547486,-8.348777037367762
240,24.908260345458984,9.125,-3.9450809955596924,-0.5247342586517334,-0.4721924960613251,-0.0064848666079342365,0.7059417963027954,3.0754424491428445,23.294470331881943,7.672799153446285,-3.965024829602762
241,23.57170295715332,10.949999809265137,0.0,-0.5675951838493347,-0.5175044536590576,-9.007955492634778e-11,0.7680983543395996,3.0754424491428445,21.82609663481404,9.358444644861596,-2.770344870203844e-10
242,23.281496047973633,10.949999809265137,3.687427043914795,-0.3443651795387268,-0.3059811592102051,0.0296502523124218,0.4616177976131439,3.0754424491428445,22.222420756813534,10.008972363592138,3.778614688504213
243,22.41802215576172,10.949999809265137,7.284057140350342,0.13034416735172272,0.1538315713405609,0.1456666886806488,0.24874190986156464,3.0754424491428445,22.818888141033387,11.423099953784243,7.732046658144885
244,21.002540588378906,10.949999809265137,10.701329231262207,0.4574512243270874,0.4836031198501587,0.27072858810424805,0.7186289429664612,3.0754424491428445,22.4094055020868,12.43729337259023,11.53393942331452
245,19.069908142089844,10.949999809265137,13.855098724365234,0.4022012948989868,0.41579437255859375,0.22146333754062653,0.6194326877593994,3.0754424491428445,20.306855077522407,12.22875147274655,14.536196473566527
246,16.66771125793457,10.949999809265137,16.66771125793457,0.07947564870119095,0.012370693497359753,-0.06172029301524162,0.10138445347547531,3.0754424491428445,16.91213404162338,10.988045165172252,16.477894048821963
247,13.855098724365234,10.949999809265137,19.069908142089844,-0.20402534306049347,-0.39188987016677856,-0.38403499126434326,0.5853946208953857,3.0754424491428445,13.227630523616062,9.744765067165147,17.88883062799928
248,10.701329231262207,10.949999809265137,21.002540588378906,-0.25686734914779663,-0.46872931718826294,-0.4455766975879669,0.6958639025688171,3.0754424491428445,9.911348481894278,9.508449770026612,19.63219509826799
249,7.284057140350342,10.949999809265137,22.41802215576172,-0.1404225081205368,-0.16384781897068024,-0.14125008881092072,0.25790730118751526,3.0754424491428445,6.852195798061337,10.446095271603234,21.983615636687418
250,3.687427043914795,10.949999809265137,23.281496047973633,-0.03161611780524254,0.2654668688774109,0.30203011631965637,0.4033539593219757,3.0754424491428445,3.5901934931394512,11.766427886651764,24.210372288622654
251,0.0,10.949999809265137,23.57170295715332,-0.0035617214161902666,0.4671585261821747,0.5128301382064819,0.693717896938324,3.0754424491428445,-0.010953869235372714,12.386718971164806,25.148882533393326
252,-3.687427043914795,10.949999809265137,23.281496047973633,0.023028241470456123,0.2830870449542999,0.3160047233104706,0.4248853623867035,3.0754424491428445,-3.6166050125674425,11.82061772412,24.253350388172294
253,-7.284057140350342,10.949999809265137,22.41802215576172,0.1266339123249054,-0.1269686073064804,-0.10823150724172592,0.20945461094379425,3.0754424491428445,-6.8946018308852945,10.559515164646239,22.085162384055803
254,-10.701329231262207,10.949999809265137,21.002540588378906,0.23824721574783325,-0.42308637499809265,-0.40080875158309937,0.629612147808075,3.0754424491428445,-9.968613630561228,9.648822011942034,19.769876339772292
255,-13.855098724365234,10.949999809265137,19.069908142089844,0.19505999982357025,-0.36613133549690247,-0.3533174395561218,0.5449162721633911,3.0754424491428445,-13.25520292077803,9.823983958116603,17.983300690456485
256,-16.66771125793457,10.949999809265137,16.66771125793457,-0.05555074289441109,-0.009949243627488613,-0.06815632432699203,0.08848817646503448,3.0754424491428445,-16.838554370713464,10.919401483076294,16.45810040492179
257,-19.069908142089844,10.949999809265137,13.855098724365234,-0.3408740758895874,0.34838205575942993,0.1828065812587738,0.5205606818199158,3.0754424491428445,-20.11824674489302,12.021428772067337,14.417309844351148
258,-21.002540588378906,10.949999809265137,10.701329231262207,-0.3935132324695587,0.41460293531417847,0.22889934480190277,0.615746021270752,3.0754424491428445,-22.212767887815204,12.225087276069587,11.405295992846963
259,-22.41802215576172,10.949999809265137,7.284057140350342,-0.1176920235157013,0.1374952346086502,0.12371423840522766,0.21922947466373444,3.0754424491428445,-22.779977200807423,11.372858490335434,7.664533160705157
260,-23.281496047973633,10.949999809265137,3.687427043914795,0.28366824984550476,-0.2515925168991089,0.025422001257538795,0.3800167739391327,3.0754424491428445,-22.40909067092471,10.17624150290693,3.7656109457243927
261,-23.57170295715332,10.949999809265137,0.0,0.47218361496925354,-0.4305597245693207,1.826397783011302e-10,0.6390141248703003,3.0754424491428445,-22.11952942388716,9.625838155433396,5.61698127089334e-10
262,-23.281496047973633,10.949999809265137,-3.687427043914795,0.28366827964782715,-0.2515925467014313,-0.025421999394893646,0.3800168037414551,3.0754424491428445,-22.40909057926938,10.1762414112516,-3.7656109399959345
263,-22.41802215576172,10.949999809265137,-7.284057140350342,-0.1176920235157013,0.137495219707489,-0.12371423840522766,0.21922947466373444,3.0754424491428445,-22.779977200807423,11.37285844450777,-7.664533160705157
264,-21.002540588378906,10.949999809265137,-10.701329231262207,-0.3935132324695587,0.41460293531417847,-0.22889934480190277,0.615746021270752,3.0754424491428445,-22.212767887815204,12.225087276069587,-11.405295992846963
265,-19.069908142089844,10.949999809265137,-13.855098724365234,-0.3408740758895874,0.34838205575942993,-0.182806596159935,0.5205607414245605,3.0754424491428445,-20.11824674489302,12.021428772067337,-14.417309890178812
266,-16.66771125793457,10.949999809265137,-16.66771125793457,-0.055550746619701385,-0.009949241764843464,0.06815632432699203,0.08848817646503448,3.0754424491428445,-16.83855438217038,10.919401488804752,-16.45810040492179
267,-13.855098724365234,10.949999809265137,-19.069908142089844,0.19505999982357025,-0.36613133549690247,0.3533174395561218,0.5449162721633911,3.0754424491428445,-13.25520292077803,9.823983958116603,-17.983300690456485
268,-10.701329231262207,10.949999809265137,-21.002540588378906,0.23824723064899445,-0.42308637499809265,0.40080875158309937,0.629612147808075,3.0754424491428445,-9.968613584733564,9.648822011942034,-19.769876339772292
269,-7.284057140350342,10.949999809265137,-22.41802215576172,0.1266339123249054,-0.1269686073064804,0.10823151469230652,0.20945461094379425,3.0754424491428445,-6.8946018308852945,10.559515164646239,-22.085162361141972
270,-3.687427043914795,10.949999809265137,-23.281496047973633,0.023028241470456123,0.2830870449542999,-0.3160047233104706,0.4248853623867035,3.0754424491428445,-3.6166050125674425,11.82061772412,-24.253350388172294
271,-0.0,10.949999809265137,-23.57170295715332,-0.0035617214161902666,0.4671585261821747,-0.5128301382064819,0.693717896938324,3.0754424491428445,-0.010953869235372714,12.386718971164806,-25.148882533393326
272,3.687427043914795,10.949999809265137,-23.281496047973633,-0.03161611780524254,0.2654668688774109,-0.30203011631965637,0.4033539593219757,3.0754424491428445,3.5901934931394512,11.766427886651764,-24.210372288622654
273,7.284057140350342,10.949999809265137,-22.41802215576172,-0.1404225081205368,-0.16384781897068024,0.14125008881092072,0.25790730118751526,3.0754424491428445,6.852195798061337,10.446095271603234,-21.983615636687418
274,10.701329231262207,10.949999809265137,-21.002540588378906,-0.25686734914779663,-0.46872931718826294,0.4455766975879669,0.6958639025688171,3.0754424491428445,9.911348481894278,9.508449770026612,-19.63219509826799
275,13.855098724365234,10.949999809265137,-19.069908142089844,-0.20402534306049347,-0.39188987016677856,0.38403499126434326,0.5853946208953857,3.0754424491428445,13.227630523616062,9.744765067165147,-17.88883062799928
276,16.66771125793457,10.949999809265137,-16.66771125793457,0.07947564870119095,0.012370693497359753,0.06172029301524162,0.10138445347547531,3.0754424491428445,16.91213404162338,10.988045165172252,-16.477894048821963
277,19.069908142089844,10.949999809265137,-13.855098724365234,0.4022012948989868,0.41579437255859375,-0.22146333754062653,0.6194326877593994,3.0754424491428445,20.306855077522407,12.22875147274655,-14.536196473566527
278,21.002540588378906,10.949999809265137,-10.701329231262207,0.4574512243270874,0.4836031198501587,-0.27072858810424805,0.7186289429664612,3.0754424491428445,22.4094055020868,12.43729337259023,-11.53393942331452
279,22.41802215576172,10.949999809265137,-7.284057140350342,0.13034416735172272,0.1538315713405609,-0.1456666886806488,0.24874190986156464,3.0754424491428445,22.818888141033387,11.423099953784243,-7.732046658144885
280,23.281496047973633,10.949999809265137,-3.687427043914795,-0.3443651795387268,-0.3059811592102051,-0.0296502523124218,0.4616177976131439,3.0754424491428445,22.222420756813534,10.008972363592138,-3.778614688504213
281,22.501192092895508,12.774999618530273,0.0,-0.10399644821882248,-0.24203190207481384,2.481735650317063e-11,0.2634287476539612,3.0754424491428445,22.181357001483256,12.030644432842607,7.632435166536218e-11
282,22.224164962768555,12.774999618530273,3.5199620723724365,-0.06430190801620483,-0.14376580715179443,0.007071284111589193,0.1576494425535202,3.0754424491428445,22.02640814529464,12.33285615248036,3.541709399699167
283,21.399906158447266,12.774999618530273,6.953250885009766,0.02108823135495186,0.07041842490434647,0.028276417404413223,0.07875927537679672,3.0754424491428445,21.46476180033363,12.991567431682878,7.04021337940498
284,20.048709869384766,12.774999618530273,10.215328216552734,0.08216601610183716,0.2253841757774353,0.050221946090459824,0.2450949251651764,3.0754424491428445,20.30140672318131,13.46815568008127,10.369782921437897
285,18.203847885131836,12.774999618530273,13.225869178771973,0.075510673224926,0.19590336084365845,0.041116490960121155,0.2139405459165573,3.0754424491428445,18.436076614931128,13.377489130398608,13.352320580430527
286,15.910745620727539,12.774999618530273,15.910745620727539,0.01862237975001335,0.008770926855504513,-0.01003502868115902,0.022900305688381195,3.0754424491428445,15.968017677914789,12.801974099300018,15.879883467543136
287,13.225869178771973,12.774999618530273,18.203847885131836,-0.03442387655377388,-0.18116196990013123,-0.06918277591466904,0.19695410132408142,3.0754424491428445,13.120000527554444,12.217846406129071,17.991080239334327
288,10.215328216552734,12.774999618530273,20.048709869384766,-0.047017090022563934,-0.21963366866111755,-0.08180023729801178,0.2390414923429489,3.0754424491428445,10.070729862062171,12.099528910668898,19.7971379472485
289,6.953250885009766,12.774999618530273,21.399906158447266,-0.02766190469264984,-0.07904207706451416,-0.02734469249844551,0.088094063103199,3.0754424491428445,6.868178289093847,12.531910259457646,21.31580913037879
290,3.5199620723724365,12.774999618530273,22.224164962768555,-0.007666267920285463,0.12154792994260788,0.05338253453373909,0.13297505676746368,3.0754424491428445,3.496384906583889,13.14881328188121,22.38833987551645
291,0.0,12.774999618530273,22.501192092895508,-0.0010111660230904818,0.2170635312795639,0.09196238964796066,0.23574282228946686,3.0754424491428445,-0.003109782910543421,13.44256601678829,22.78401712974346
292,-3.5199620723724365,12.774999618530273,22.224164962768555,0.005449345801025629,0.13264165818691254,0.05655861645936966,0.14429962635040283,3.0754424491428445,-3.503202922975904,13.182931404643,22.398107732692488
293,-6.953250885009766,12.774999618530273,21.399906158447266,0.02437264658510685,-0.057534366846084595,-0.019023055210709572,0.06531543284654617,3.0754424491428445,-6.878294213103971,12.598055984447267,21.34140184693986
294,-10.215328216552734,12.774999618530273,20.048709869384766,0.042599231004714966,-0.19514194130897522,-0.07018878310918808,0.21171097457408905,3.0754424491428445,-10.084316733219993,12.17485180862051,19.83284830635709
295,-13.225869178771973,12.774999618530273,18.203847885131836,0.03269278630614281,-0.16927246749401093,-0.0616302415728569,0.18308542668819427,3.0754424491428445,-13.125324395985306,12.25441188652804,18.014307624047742
296,-15.910745620727539,12.774999618530273,15.910745620727539,-0.01175629161298275,-0.005171327386051416,-0.012560790404677391,0.017964588478207588,3.0754424491428445,-15.946901418998609,12.759095498768795,15.872115632722208
297,-18.203847885131836,12.774999618530273,13.225869178771973,-0.05965391546487808,0.15988054871559143,0.030574485659599304,0.1733642816543579,3.0754424491428445,-18.387310069010102,13.266703044842453,13.319899249830213
298,-20.048709869384766,12.774999618530273,10.215328216552734,-0.06675451993942261,0.19048549234867096,0.0394858680665493,0.20566970109939575,3.0754424491428445,-20.254009553678618,13.360826787645252,10.336764731345854
299,-21.399906158447266,12.774999618530273,6.953250885009766,-0.019025661051273346,0.06327164173126221,0.022792194038629532,0.0698910653591156,3.0754424491428445,-21.458418484067355,12.969587911337555,7.023346966065267
300,-22.224164962768555,12.774999618530273,3.5199620723724365,0.048629067838191986,-0.11539134383201599,0.005973310209810734,0.12536199390888214,3.0754424491428445,-22.074609063276732,12.420120181445654,3.538332644153587
301,-22.501192092895508,12.774999618530273,0.0,0.0801606997847557,-0.19756926596164703,6.518072193095747e-11,0.21321198344230652,3.0754424491428445,-22.254662474024475,12.167386711345832,2.0045955909224256e-10
302,-22.224164962768555,12.774999618530273,-3.5199620723724365,0.048629071563482285,-0.11539134383201599,-0.0059733097441494465,0.12536199390888214,3.0754424491428445,-22.074609051819817,12.420120181445654,-3.5383326427214725
303,-21.399906158447266,12.774999618530273,-6.953250885009766,-0.019025659188628197,0.06327164173126221,-0.022792194038629532,0.0698910653591156,3.0754424491428445,-21.4584184783389,12.969587911337555,-7.023346966065267
304,-20.048709869384766,12.774999618530273,-10.215328216552734,-0.06675451993942261,0.19048549234867096,-0.0394858717918396,0.20566970109939575,3.0754424491428445,-20.254009553678618,13.360826787645252,-10.33676474280277
305,-18.203847885131836,12.774999618530273,-13.225869178771973,-0.05965391919016838,0.15988056361675262,-0.030574487522244453,0.1733643114566803,3.0754424491428445,-18.387310080467017,13.266703090670118,-13.31989925555867
306,-15.910745620727539,12.774999618530273,-15.910745620727539,-0.01175629161298275,-0.005171326920390129,0.012560789473354816,0.017964588478207588,3.0754424491428445,-15.946901418998609,12.75909550020091,-15.872115635586438
307,-13.225869178771973,12.774999618530273,-18.203847885131836,0.03269278630614281,-0.16927246749401093,0.0616302452981472,0.18308542668819427,3.0754424491428445,-13.125324395985306,12.25441188652804,-18.014307612590827
308,-10.215328216552734,12.774999618530273,-20.048709869384766,0.042599231004714966,-0.19514194130897522,0.07018878310918808,0.21171097457408905,3.0754424491428445,-10.084316733219993,12.17485180862051,-19.83284830635709
309,-6.953250885009766,12.774999618530273,-21.399906158447266,0.02437264658510685,-0.057534366846084595,0.019023053348064423,0.06531543284654617,3.0754424491428445,-6.878294213103971,12.598055984447267,-21.34140185266832
310,-3.5199620723724365,12.774999618530273,-22.224164962768555,0.005449345801025629,0.13264165818691254,-0.05655862018465996,0.14429962635040283,3.0754424491428445,-3.503202922975904,13.182931404643,-22.398107744149407
311,-0.0,12.774999618530273,-22.501192092895508,-0.0010111661395058036,0.2170635312795639,-0.09196238964796066,0.23574282228946686,3.0754424491428445,-0.0031097832685720436,13.44256601678829,-22.78401712974346
312,3.5199620723724365,12.774999618530273,-22.224164962768555,-0.007666268385946751,0.12154792994260788,-0.05338253453373909,0.13297505676746368,3.0754424491428445,3.496384905151774,13.14881328188121,-22.38833987551645
313,6.953250885009766,12.774999618530273,-21.399906158447266,-0.02766190655529499,-0.07904207706451416,0.02734469436109066,0.088094063103199,3.0754424491428445,6.868178283365388,12.531910259457646,-21.31580912465033
314,10.215328216552734,12.774999618530273,-20.048709869384766,-0.047017090022563934,-0.21963366866111755,0.08180023729801178,0.2390414923429489,3.0754424491428445,10.070729862062171,12.099528910668898,-19.7971379472485
315,13.225869178771973,12.774999618530273,-18.203847885131836,-0.03442387655377388,-0.18116196990013123,0.06918277591466904,0.19695410132408142,3.0754424491428445,13.120000527554444,12.217846406129071,-17.991080239334327
316,15.910745620727539,12.774999618530273,-15.910745620727539,0.01862237975001335,0.008770926855504513,0.01003502868115902,0.022900305688381195,3.0754424491428445,15.968017677914789,12.801974099300018,-15.879883467543136
317,18.203847885131836,12.774999618530273,-13.225869178771973,0.075510673224926,0.19590336084365845,-0.041116490960121155,0.2139405459165573,3.0754424491428445,18.436076614931128,13.377489130398608,-13.352320580430527
318,20.048709869384766,12.774999618530273,-10.215328216552734,0.08216601610183716,0.2253841757774353,-0.050221946090459824,0.2450949251651764,3.0754424491428445,20.30140672318131,13.46815568008127,-10.369782921437897
319,21.399906158447266,12.774999618530273,-6.953250885009766,0.02108823135495186,0.07041842490434647,-0.028276417404413223,0.07875927537679672,3.0754424491428445,21.46476180033363,12.991567431682878,-7.04021337940498
320,22.224164962768555,12.774999618530273,-3.5199620723724365,-0.06430190801620483,-0.14376580715179443,-0.007071284111589193,0.1576494425535202,3.0754424491428445,22.02640814529464,12.33285615248036,-3.541709399699167
321,21.430681228637695,14.600000381469727,0.0,0.3366459608078003,0.020920665934681892,1.2347871336526595e-10,0.33729538321495056,3.0754424491428445,22.466016506838482,14.664340685549584,3.797516766490808e-10
322,21.166833877563477,14.600000381469727,3.352497100830078,0.20193220674991608,0.01138558890670538,-0.011376790702342987,0.20257265865802765,3.0754424491428445,21.787864758051256,14.635016104901899,3.3175084357690787
323,20.38178825378418,14.600000381469727,6.622445106506348,-0.082835353910923,-0.008585763163864613,-0.07975776493549347,0.11531136929988861,3.0754424491428445,20.127032890076755,14.57359536097729,6.377154690574974
324,19.094877243041992,14.600000381469727,9.729326248168945,-0.2748870849609375,-0.021048277616500854,-0.1584930270910263,0.3180031180381775,3.0754424491428445,18.24947783323199,14.535267615006596,9.241890064760057
325,17.337785720825195,14.600000381469727,12.596638679504395,-0.2350308746099472,-0.015019698068499565,-0.13313724100589752,0.27053767442703247,3.0754424491428445,16.614961792190595,14.553808164456553,12.187182756953096
326,15.153779983520508,14.600000381469727,15.153779983520508,-0.038154151290655136,0.004096683114767075,0.0351468101143837,0.052036721259355545,3.0754424491428445,15.036439087030208,14.612599494621568,15.261871975298247
327,12.596638679504395,14.600000381469727,17.337785720825195,0.12817978858947754,0.01990392990410328,0.22888311743736267,0.2630849778652191,3.0754424491428445,12.990848242454629,14.66121377240157,18.04170257608421
328,9.729326248168945,14.600000381469727,19.094877243041992,0.1520991176366806,0.019330579787492752,0.2663118541240692,0.3072943389415741,3.0754424491428445,10.197098331025964,14.659450467114725,19.91390402392509
329,6.622445106506348,14.600000381469727,20.38178825378418,0.07685229927301407,0.0030677816830575466,0.08376544713973999,0.11372043937444687,3.0754424491428445,6.858799930004805,14.609435167482504,20.639404065689167
330,3.352497100830078,14.600000381469727,21.166833877563477,0.012537706643342972,-0.01575128361582756,-0.1824062466621399,0.1835138499736786,3.0754424491428445,3.3910560960559155,14.551558215209122,20.60585396358991
331,0.0,14.600000381469727,21.430681228637695,0.0017461139941588044,-0.022274790331721306,-0.3090132474899292,0.3098199665546417,3.0754424491428445,0.005370073098678348,14.531495545737794,20.480328769959684
332,-3.352497100830078,14.600000381469727,21.166833877563477,-0.00825846754014492,-0.011294938623905182,-0.1900472640991211,0.19056165218353271,3.0754424491428445,-3.377895542467908,14.565263447765306,20.58235445420958
333,-6.622445106506348,14.600000381469727,20.38178825378418,-0.06990805268287659,0.008824817836284637,0.06686580181121826,0.09713932871818542,3.0754424491428445,-6.837443299264181,14.627140600849389,20.587430179070374
334,-9.729326248168945,14.600000381469727,19.094877243041992,-0.1425703465938568,0.022310111671686172,0.24413926899433136,0.2835983633995056,3.0754424491428445,-10.1677931440727,14.668613845949947,19.845713514409862
335,-12.596638679504395,14.600000381469727,17.337785720825195,-0.12282686680555344,0.018128277733922005,0.21358704566955566,0.24705161154270172,3.0754424491428445,-12.974385639573407,14.655752856342481,17.994660387664357
336,-15.153779983520508,14.600000381469727,15.153779983520508,0.027874059975147247,-0.000856481259688735,0.037667009979486465,0.04686683416366577,3.0754424491428445,-15.068054916242986,14.597366322646785,15.269622704943707
337,-17.337785720825195,14.600000381469727,12.596638679504395,0.20586596429347992,-0.01953505538403988,-0.11499662697315216,0.23661495745182037,3.0754424491428445,-16.704656795403302,14.539921442895293,12.242973171402918
338,-19.094877243041992,14.600000381469727,9.729326248168945,0.24295184016227722,-0.02257053554058075,-0.13884177803993225,0.2807348668575287,3.0754424491428445,-18.347692840709556,14.530585998368338,9.30232635027047
339,-20.38178825378418,14.600000381469727,6.622445106506348,0.07505081593990326,-0.007193971890956163,-0.07000110298395157,0.10288115590810776,3.0754424491428445,-20.150973788599796,14.57787573493834,6.407160742902684
340,-21.166833877563477,14.600000381469727,3.352497100830078,-0.1735740303993225,0.014164150692522526,-0.010122302919626236,0.17444491386413574,3.0754424491428445,-21.700650818722362,14.643561411765566,3.321366540747977
341,-21.430681228637695,14.600000381469727,0.0,-0.29093196988105774,0.023979563266038895,-2.8032605750571982e-11,0.29191854596138,3.0754424491428445,-22.325425758622647,14.67374814825001,-8.621266568539488e-11
342,-21.166833877563477,14.600000381469727,-3.352497100830078,-0.1735740303993225,0.014164150692522526,0.010122301988303661,0.17444491386413574,3.0754424491428445,-21.700650818722362,14.643561411765566,-3.321366543612206
343,-20.38178825378418,14.600000381469727,-6.622445106506348,0.07505081593990326,-0.007193971890956163,0.07000110298395157,0.10288115590810776,3.0754424491428445,-20.150973788599796,14.57787573493834,-6.407160742902684
344,-19.094877243041992,14.600000381469727,-9.729326248168945,0.24295184016227722,-0.02257053554058075,0.13884177803993225,0.2807348668575287,3.0754424491428445,-18.347692840709556,14.530585998368338,-9.30232635027047
345,-17.337785720825195,14.600000381469727,-12.596638679504395,0.20586596429347992,-0.01953505352139473,0.11499662697315216,0.23661495745182037,3.0754424491428445,-16.704656795403302,14.539921448623751,-12.242973171402918
346,-15.153779983520508,14.600000381469727,-15.153779983520508,0.027874059975147247,-0.0008564813178963959,-0.037667009979486465,0.04686683416366577,3.0754424491428445,-15.068054916242986,14.59736632246777,-15.269622704943707
347,-12.596638679504395,14.600000381469727,-17.337785720825195,-0.12282686680555344,0.018128277733922005,-0.21358704566955566,0.24705161154270172,3.0754424491428445,-12.974385639573407,14.655752856342481,-17.994660387664357
348,-9.729326248168945,14.600000381469727,-19.094877243041992,-0.1425703465938568,0.022310111671686172,-0.24413926899433136,0.2835983633995056,3.0754424491428445,-10.1677931440727,14.668613845949947,-19.845713514409862
349,-6.622445106506348,14.600000381469727,-20.38178825378418,-0.06990805268287659,0.008824818767607212,-0.06686580181121826,0.09713932871818542,3.0754424491428445,-6.837443299264181,14.627140603713618,-20.587430179070374
350,-3.352497100830078,14.600000381469727,-21.166833877563477,-0.00825846754014492,-0.011294937692582607,0.1900472640991211,0.19056165218353271,3.0754424491428445,-3.377895542467908,14.565263450629535,-20.58235445420958
351,-0.0,14.600000381469727,-21.430681228637695,0.0017461137613281608,-0.022274790331721306,0.3090132474899292,0.3098199665546417,3.0754424491428445,0.005370072382621103,14.531495545737794,-20.480328769959684
352,3.352497100830078,14.600000381469727,-21.166833877563477,0.012537706643342972,-0.01575128361582756,0.1824062466621399,0.1835138499736786,3.0754424491428445,3.3910560960559155,14.551558215209122,-20.60585396358991
353,6.622445106506348,14.600000381469727,-20.38178825378418,0.07685229927301407,0.0030677809845656157,-0.08376544713973999,0.11372043937444687,3.0754424491428445,6.858799930004805,14.609435165334332,-20.639404065689167
354,9.729326248168945,14.600000381469727,-19.094877243041992,0.1520991176366806,0.019330579787492752,-0.2663118541240692,0.3072943389415741,3.0754424491428445,10.197098331025964,14.659450467114725,-19.91390402392509
355,12.596638679504395,14.600000381469727,-17.337785720825195,0.12817978858947754,0.01990392990410328,-0.22888311743736267,0.2630849778652191,3.0754424491428445,12.990848242454629,14.66121377240157,-18.04170257608421
356,15.153779983520508,14.600000381469727,-15.153779983520508,-0.03815414756536484,0.004096683580428362,-0.0351468101143837,0.05203671753406525,3.0754424491428445,15.036439098487124,14.612599496053683,-15.261871975298247
357,17.337785720825195,14.600000381469727,-12.596638679504395,-0.2350308746099472,-0.015019698068499565,0.13313722610473633,0.27053767442703247,3.0754424491428445,16.614961792190595,14.553808164456553,-12.18718280278076
358,19.094877243041992,14.600000381469727,-9.729326248168945,-0.2748870849609375,-0.021048279479146004,0.1584930270910263,0.3180031180381775,3.0754424491428445,18.24947783323199,14.535267609278138,-9.241890064760057
359,20.38178825378418,14.600000381469727,-6.622445106506348,-0.082835353910923,-0.008585764095187187,0.07975776493549347,0.11531136929988861,3.0754424491428445,20.127032890076755,14.573595358113062,-6.377154690574974
360,21.166833877563477,14.600000381469727,-3.352497100830078,0.20193220674991608,0.01138558890670538,0.011376790702342987,0.20257265865802765,3.0754424491428445,21.787864758051256,14.635016104901899,-3.3175084357690787
361,20.831661224365234,16.424999237060547,0.0,0.6032549738883972,0.11017150431871414,1.200727711703209e-10,0.6132326722145081,3.0754424491428445,22.686937178718168,16.763825358128244,3.6927689744342e-10
362,20.5751895904541,16.424999237060547,3.2587900161743164,0.3618079125881195,0.06434265524148941,-0.009328796528279781,0.36760300397872925,3.0754424491428445,21.687909003263368,16.622881370280787,3.2300998393318285
363,19.81208610534668,16.424999237060547,6.4373369216918945,-0.14856769144535065,-0.034744489938020706,-0.13005845248699188,0.20048625767230988,3.0754424491428445,19.355174720504493,16.318144557831342,6.037349636043572
364,18.561145782470703,16.424999237060547,9.457375526428223,-0.49220144748687744,-0.10443142056465149,-0.28052622079849243,0.5760756134986877,3.0754424491428445,17.047408557340006,16.10382641323173,8.59463327888692
365,16.853168487548828,16.424999237060547,12.244543075561523,-0.4188753068447113,-0.08738110959529877,-0.24795837700366974,0.494545578956604,3.0754424491428445,15.564941587980869,16.15626366335796,11.481961357303872
366,14.730209350585938,16.424999237060547,14.730209350585938,-0.06418243050575256,0.0011423079995438457,0.04845151677727699,0.08042535930871964,3.0754424491428445,14.532819979319385,16.42851233957234,14.879219202008132
367,12.244543075561523,16.424999237060547,16.853168487548828,0.23207026720046997,0.08736675977706909,0.40228939056396484,0.4725741446018219,3.0754424491428445,12.958261826493771,16.693690678723012,18.090386356129052
368,9.457375526428223,16.424999237060547,18.561145782470703,0.2682567834854126,0.1009523794054985,0.4807190001010895,0.5596818923950195,3.0754424491428445,10.282383825629783,16.735472470026192,20.039569401491097
369,6.4373369216918945,16.424999237060547,19.81208610534668,0.1271684765815735,0.03230230137705803,0.15939030051231384,0.20644739270210266,3.0754424491428445,6.8284362527636935,16.524343105920558,20.302281801523883
370,3.2587900161743164,16.424999237060547,20.5751895904541,0.013438439927995205,-0.06120466813445091,-0.31973031163215637,0.3258129358291626,3.0754424491428445,3.300119164779129,16.236767802594155,19.591877417782896
371,0.0,16.424999237060547,20.831661224365234,0.003911859355866909,-0.10329537838697433,-0.5507991909980774,0.5604150295257568,3.0754424491428445,0.012030698318109677,16.107320245568975,19.13771001141621
372,-3.2587900161743164,16.424999237060547,20.5751895904541,-0.003928034566342831,-0.060828015208244324,-0.33919909596443176,0.34463241696357727,3.0754424491428445,-3.2708704604213477,16.237926176992005,19.532002292014212
373,-6.4373369216918945,16.424999237060547,19.81208610534668,-0.11237115412950516,0.030286863446235657,0.12015624344348907,0.1672784835100174,3.0754424491428445,-6.782927939160948,16.518144742554494,20.181619716962327
374,-9.457375526428223,16.424999237060547,18.561145782470703,-0.2493458241224289,0.09524544328451157,0.4338725805282593,0.5094020366668701,3.0754424491428445,-10.224224258450846,16.71792111642516,19.89549593414646
375,-12.244543075561523,16.424999237060547,16.853168487548828,-0.22362326085567474,0.08147738128900528,0.3741368055343628,0.4434233605861664,3.0754424491428445,-12.932283544612808,16.67557823412175,18.003804701075907
376,-14.730209350585938,16.424999237060547,14.730209350585938,0.04011936113238335,0.0011230598902329803,0.05855419114232063,0.07098885625600815,3.0754424491428445,-14.606824564326914,16.4284531431199,14.910289395600254
377,-16.853168487548828,16.424999237060547,12.244543075561523,0.35870853066444397,-0.07938738912343979,-0.2082655131816864,0.42231351137161255,3.0754424491428445,-15.749981045473739,16.1808478906237,11.604034475630046
378,-18.561145782470703,16.424999237060547,9.457375526428223,0.42982304096221924,-0.09394309669733047,-0.2412661910057068,0.5017793774604797,3.0754424491428445,-17.239249756675832,16.136082649673646,8.715375241066267
379,-19.81208610534668,16.424999237060547,6.4373369216918945,0.1358276605606079,-0.03092711977660656,-0.11242716014385223,0.17901258170604706,3.0754424491428445,-19.39435595229082,16.329884660069848,6.091573660948911
380,-20.5751895904541,16.424999237060547,3.2587900161743164,-0.30385395884513855,0.05739729478955269,-0.008264489471912384,0.3093379735946655,3.0754424491428445,-21.509674953826543,16.6015213139223,3.233373054431903
381,-20.831661224365234,16.424999237060547,0.0,-0.5118860006332397,0.09802466630935669,-9.076681073416637e-11,0.5211871862411499,3.0754424491428445,-22.40593715983466,16.726468456891403,-2.7914810270516963e-10
382,-20.5751895904541,16.424999237060547,-3.2587900161743164,-0.30385395884513855,0.05739729478955269,0.00826448854058981,0.3093379735946655,3.0754424491428445,-21.509674953826543,16.6015213139223,-3.233373057296132
383,-19.81208610534668,16.424999237060547,-6.4373369216918945,0.1358276605606079,-0.03092711791396141,0.11242716014385223,0.17901258170604706,3.0754424491428445,-19.39435595229082,16.329884665798303,-6.091573660948911
384,-18.561145782470703,16.424999237060547,-9.457375526428223,0.42982304096221924,-0.09394308924674988,0.2412661910057068,0.5017793774604797,3.0754424491428445,-17.239249756675832,16.136082672587477,-8.715375241066267
385,-16.853168487548828,16.424999237060547,-12.244543075561523,0.35870853066444397,-0.07938738912343979,0.2082655131816864,0.42231351137161255,3.0754424491428445,-15.749981045473739,16.1808478906237,-11.604034475630046
386,-14.730209350585938,16.424999237060547,-14.730209350585938,0.040119364857673645,0.0011230595409870148,-0.05855419114232063,0.07098885625600815,3.0754424491428445,-14.606824552869998,16.428453142045814,-14.910289395600254
387,-12.244543075561523,16.424999237060547,-16.853168487548828,-0.22362326085567474,0.08147738128900528,-0.3741368055343628,0.4434233605861664,3.0754424491428445,-12.932283544612808,16.67557823412175,-18.003804701075907
388,-9.457375526428223,16.424999237060547,-18.561145782470703,-0.2493458241224289,0.09524544328451157,-0.4338725805282593,0.5094020366668701,3.0754424491428445,-10.224224258450846,16.71792111642516,-19.89549593414646
389,-6.4373369216918945,16.424999237060547,-19.81208610534668,-0.11237115412950516,0.030286865308880806,-0.12015624344348907,0.1672784835100174,3.0754424491428445,-6.782927939160948,16.51814474828295,-20.181619716962327
390,-3.2587900161743164,16.424999237060547,-20.5751895904541,-0.003928034566342831,-0.060828015208244324,0.33919909596443176,0.34463241696357727,3.0754424491428445,-3.2708704604213477,16.237926176992005,-19.532002292014212
391,-0.0,16.424999237060547,-20.831661224365234,0.003911859355866909,-0.10329537838697433,0.5507991909980774,0.5604150295257568,3.0754424491428445,0.012030698318109677,16.107320245568975,-19.13771001141621
392,3.2587900161743164,16.424999237060547,-20.5751895904541,0.013438439927995205,-0.06120466813445091,0.31973031163215637,0.3258129358291626,3.0754424491428445,3.300119164779129,16.236767802594155,-19.591877417782896
393,6.4373369216918945,16.424999237060547,-19.81208610534668,0.1271684765815735,0.03230230137705803,-0.15939030051231384,0.20644739270210266,3.0754424491428445,6.8284362527636935,16.524343105920558,-20.302281801523883
394,9.457375526428223,16.424999237060547,-18.561145782470703,0.2682567834854126,0.1009523794054985,-0.4807190001010895,0.5596818923950195,3.0754424491428445,10.282383825629783,16.735472470026192,-20.039569401491097
395,12.244543075561523,16.424999237060547,-16.853168487548828,0.23207026720046997,0.08736675977706909,-0.40228939056396484,0.4725741446018219,3.0754424491428445,12.958261826493771,16.693690678723012,-18.090386356129052
396,14.730209350585938,16.424999237060547,-14.730209350585938,-0.06418243050575256,0.001142308465205133,-0.04845151677727699,0.08042535930871964,3.0754424491428445,14.532819979319385,16.428512341004453,-14.879219202008132
397,16.853168487548828,16.424999237060547,-12.244543075561523,-0.4188753068447113,-0.08738110959529877,0.24795837700366974,0.494545578956604,3.0754424491428445,15.564941587980869,16.15626366335796,-11.481961357303872
398,18.561145782470703,16.424999237060547,-9.457375526428223,-0.49220144748687744,-0.10443142056465149,0.28052622079849243,0.5760756134986877,3.0754424491428445,17.047408557340006,16.10382641323173,-8.59463327888692
399,19.81208610534668,16.424999237060547,-6.4373369216918945,-0.14856769144535065,-0.034744489938020706,0.13005845248699188,0.20048625767230988,3.0754424491428445,19.355174720504493,16.318144557831342,-6.037349636043572
400,20.5751895904541,16.424999237060547,-3.2587900161743164,0.3618079125881195,0.06434265524148941,0.009328796528279781,0.36760300397872925,3.0754424491428445,21.687909003263368,16.622881370280787,-3.2300998393318285
401,20.23263931274414,18.25,0.0,0.6535570025444031,0.12749959528446198,1.2770037804976653e-10,0.6658775210380554,3.0754424491428445,22.242616261303755,18.642117667586366,3.927351634258411e-10
402,19.983543395996094,18.25,3.1650819778442383,0.3968203663825989,0.07505842298269272,-0.031436141580343246,0.405078262090683,3.0754424491428445,21.203941595453554,18.48083786020669,3.068401933590786
403,19.24238395690918,18.25,6.252230167388916,-0.1497657299041748,-0.03883182629942894,-0.16460923850536346,0.22590680420398712,3.0754424491428445,18.78178807373502,18.130574953020993,5.745983927768442
404,18.027414321899414,18.25,9.185425758361816,-0.5275787711143494,-0.12014719098806381,-0.3114542067050934,0.6243223547935486,3.0754424491428445,16.404876173947727,17.880494228690036,8.227566270096862
405,16.368549346923828,18.25,11.892447471618652,-0.46513375639915466,-0.10247654467821121,-0.25881850719451904,0.5420681238174438,3.0754424491428445,14.9380572479646,17.934839284455148,11.096466047968846
406,14.306636810302734,18.25,14.306636810302734,-0.09297561645507812,-0.0015168959507718682,0.06620609015226364,0.11414908617734909,3.0754424491428445,14.020695652721564,18.24533487380206,14.510249830348783
407,11.892447471618652,18.25,16.368549346923828,0.23520827293395996,0.0990365594625473,0.4416598081588745,0.5100926756858826,3.0754424491428445,12.61581697858933,18.554581238988177,17.726848669015915
408,9.185425758361816,18.25,18.027414321899414,0.29679182171821594,0.11727875471115112,0.5191807746887207,0.6094164252281189,3.0754424491428445,10.098191925432452,18.610684060621285,19.624124915155974
409,6.252230167388916,18.25,19.24238395690918,0.16187632083892822,0.039999451488256454,0.17161862552165985,0.23928405344486237,3.0754424491428445,6.7500714760080225,18.373016011049415,19.77018716290204
410,3.1650819778442383,18.25,19.983543395996094,0.036232080310583115,-0.06798966228961945,-0.34300675988197327,0.351552277803421,3.0754424491428445,3.276511655652158,18.040901706491617,18.928645846312126
411,0.0,18.25,20.23263931274414,0.005875955801457167,-0.11830131709575653,-0.5939920544624329,0.6056866645812988,3.0754424491428445,0.018071163901088535,17.886171107614203,18.405850933996806
412,-3.1650819778442383,18.25,19.983543395996094,-0.021902164444327354,-0.07133264094591141,-0.3727767765522003,0.3801717758178711,3.0754424491428445,-3.2324408241044296,18.03062056802548,18.837089873332822
413,-6.252230167388916,18.25,19.24238395690918,-0.14137135446071625,0.03261081129312515,0.11756110191345215,0.18673494458198547,3.0754424491428445,-6.687009631990223,18.350292673351863,19.60393636010182
414,-9.185425758361816,18.25,18.027414321899414,-0.2747710943222046,0.10768706351518631,0.4609312415122986,0.5473145842552185,3.0754424491428445,-10.030468445637757,18.581185366358145,19.44498182818245
415,-11.892447471618652,18.25,16.368549346923828,-0.23073261976242065,0.09316109865903854,0.41052496433258057,0.4800492525100708,3.0754424491428445,-12.602052364837936,18.53651159742479,17.631095248665098
416,-14.306636810302734,18.25,14.306636810302734,0.05728772655129433,0.00240707746706903,0.08114609122276306,0.09935978055000305,3.0754424491428445,-14.130451704251996,18.2574028282206,14.556196943831237
417,-16.368549346923828,18.25,11.892447471618652,0.39117294549942017,-0.08907417207956314,-0.21070259809494019,0.45315125584602356,3.0754424491428445,-15.16551946537867,17.97605751006426,11.244443757292789
418,-18.027414321899414,18.25,9.185425758361816,0.457234263420105,-0.10606400668621063,-0.2640777826309204,0.5385627150535583,3.0754424491428445,-16.62121665897466,17.923806251511056,8.373269735783166
419,-19.24238395690918,18.25,6.252230167388916,0.13953185081481934,-0.03521062433719635,-0.14097800850868225,0.2014540135860443,3.0754424491428445,-18.81326177990582,18.141711751252565,5.818660415625693
420,-19.983543395996094,18.25,3.1650819778442383,-0.3272216320037842,0.06442593038082123,-0.027158087119460106,0.33460763096809387,3.0754424491428445,-20.98989469333833,18.4481382411187,3.081558843879531
421,-20.23263931274414,18.25,0.0,-0.547046959400177,0.11028724163770676,-1.574205904519843e-10,0.5580534338951111,3.0754424491428445,-21.915050753357967,18.589182064531478,-4.841379662451633e-10
422,-19.983543395996094,18.25,-3.1650819778442383,-0.3272216320037842,0.06442593038082123,0.027158087119460106,0.33460763096809387,3.0754424491428445,-20.98989469333833,18.4481382411187,-3.081558843879531
423,-19.24238395690918,18.25,-6.252230167388916,0.13953183591365814,-0.03521062433719635,0.14097800850868225,0.2014540135860443,3.0754424491428445,-18.81326182573348,18.141711751252565,-5.818660415625693
424,-18.027414321899414,18.25,-9.185425758361816,0.457234263420105,-0.10606400668621063,0.2640777826309204,0.5385627150535583,3.0754424491428445,-16.62121665897466,17.923806251511056,-8.373269735783166
425,-16.368549346923828,18.25,-11.892447471618652,0.39117294549942017,-0.08907417207956314,0.21070259809494019,0.45315125584602356,3.0754424491428445,-15.16551946537867,17.97605751006426,-11.244443757292789
426,-14.306636810302734,18.25,-14.306636810302734,0.057287730276584625,0.002407077234238386,-0.08114609122276306,0.09935978055000305,3.0754424491428445,-14.13045169279508,18.257402827504542,-14.556196943831237
427,-11.892447471618652,18.25,-16.368549346923828,-0.23073261976242065,0.09316109865903854,-0.41052496433258057,0.4800492525100708,3.0754424491428445,-12.602052364837936,18.53651159742479,-17.631095248665098
428,-9.185425758361816,18.25,-18.027414321899414,-0.2747710943222046,0.10768706351518631,-0.4609312415122986,0.5473145842552185,3.0754424491428445,-10.030468445637757,18.581185366358145,-19.44498182818245
429,-6.252230167388916,18.25,-19.24238395690918,-0.14137135446071625,0.03261081129312515,-0.11756110936403275,0.18673494458198547,3.0754424491428445,-6.687009631990223,18.350292673351863,-19.60393638301565
430,-3.1650819778442383,18.25,-19.983543395996094,-0.021902164444327354,-0.07133264094591141,0.3727767765522003,0.3801717758178711,3.0754424491428445,-3.2324408241044296,18.03062056802548,-18.837089873332822
431,-0.0,18.25,-20.23263931274414,0.005875955801457167,-0.11830131709575653,0.5939920544624329,0.6056866645812988,3.0754424491428445,0.018071163901088535,17.886171107614203,-18.405850933996806
432,3.1650819778442383,18.25,-19.983543395996094,0.036232080310583115,-0.06798966228961945,0.34300675988197327,0.351552277803421,3.0754424491428445,3.276511655652158,18.040901706491617,-18.928645846312126
433,6.252230167388916,18.25,-19.24238395690918,0.16187632083892822,0.039999451488256454,-0.17161862552165985,0.23928405344486237,3.0754424491428445,6.7500714760080225,18.373016011049415,-19.77018716290204
434,9.185425758361816,18.25,-18.027414321899414,0.29679182171821594,0.11727875471115112,-0.5191807746887207,0.6094164252281189,3.0754424491428445,10.098191925432452,18.610684060621285,-19.624124915155974
435,11.892447471618652,18.25,-16.368549346923828,0.23520827293395996,0.0990365594625473,-0.4416598081588745,0.5100926756858826,3.0754424491428445,12.61581697858933,18.554581238988177,-17.726848669015915
436,14.306636810302734,18.25,-14.306636810302734,-0.09297561645507812,-0.0015168956015259027,-0.06620609015226364,0.11414908617734909,3.0754424491428445,14.020695652721564,18.24533487487615,-14.510249830348783
437,16.368549346923828,18.25,-11.892447471618652,-0.46513375639915466,-0.10247654467821121,0.25881850719451904,0.5420681238174438,3.0754424491428445,14.9380572479646,17.934839284455148,-11.096466047968846
438,18.027414321899414,18.25,-9.185425758361816,-0.5275787711143494,-0.12014719098806381,0.3114542067050934,0.6243223547935486,3.0754424491428445,16.404876173947727,17.880494228690036,-8.227566270096862
439,19.24238395690918,18.25,-6.252230167388916,-0.1497657299041748,-0.03883182629942894,0.16460923850536346,0.22590680420398712,3.0754424491428445,18.78178807373502,18.130574953020993,-5.745983927768442
440,19.983543395996094,18.25,-3.1650819778442383,0.3968203663825989,0.07505842298269272,0.031436141580343246,0.405078262090683,3.0754424491428445,21.203941595453554,18.48083786020669,-3.068401933590786
441,20.055402755737305,20.075000762939453,0.0,0.5082032680511475,0.11218790709972382,4.061752670314611e-11,0.5204389095306396,3.0754424491428445,21.618352659094924,20.42002821471444,1.2491686580204855e-10
442,19.808486938476562,20.075000762939453,3.1373560428619385,0.30815979838371277,0.06616321206092834,-0.012581394985318184,0.3154335618019104,3.0754424491428445,20.756214663545133,20.278481913883272,3.098662686654658
443,19.073820114135742,20.075000762939453,6.197460174560547,-0.11733398586511612,-0.03389931470155716,-0.11408479511737823,0.16712799668312073,3.0754424491428445,18.712966193279037,19.970745371509434,5.846598952854798
444,17.86949348449707,20.075000762939453,9.104962348937988,-0.4101220667362213,-0.10560133308172226,-0.23793575167655945,0.48576244711875916,3.0754424491428445,16.6081866711263,19.750229940493853,8.373204638063186
445,16.225160598754883,20.075000762939453,11.788269996643066,-0.358782559633255,-0.09048841893672943,-0.21052540838718414,0.4257158935070038,3.0754424491428445,15.121745484846647,19.796708838185616,11.140811219065988
446,14.181310653686523,20.075000762939453,14.181310653686523,-0.0673910453915596,-0.0019501647911965847,0.03604317456483841,0.07644911110401154,3.0754424491428445,13.97405337199721,20.069003143357783,14.292159362745092
447,11.788269996643066,20.075000762939453,16.225160598754883,0.18525396287441254,0.0867360308766365,0.33388248085975647,0.3915605843067169,3.0754424491428445,12.358007897938966,20.341752434167624,17.2519969534161
448,9.104962348937988,20.075000762939453,17.86949348449707,0.22585485875606537,0.1033867672085762,0.4063650071620941,0.47626858949661255,3.0754424491428445,9.799565968901554,20.39296081549236,19.119245677369612
449,6.197460174560547,20.075000762939453,19.073820114135742,0.1146746352314949,0.03587565943598747,0.14453138411045074,0.1879538595676422,3.0754424491428445,6.550135415591458,20.18533428885988,19.518318068062392
450,3.1373560428619385,20.075000762939453,19.808486938476562,0.01876983605325222,-0.059172190725803375,-0.25587376952171326,0.2632964849472046,3.0754424491428445,3.1950815934235623,19.893020095772542,19.021561886067293
451,0.0,20.075000762939453,20.055402755737305,0.005634586326777935,-0.10393645614385605,-0.4567905068397522,0.4684998393058777,3.0754424491428445,0.017328845972732716,19.755350173701164,18.650569840636855
452,-3.1373560428619385,20.075000762939453,19.808486938476562,-0.0045948452316224575,-0.06317231059074402,-0.29037782549858093,0.29720553755760193,3.0754424491428445,-3.151487224934512,19.88071795733824,18.915446647648434
453,-6.197460174560547,20.075000762939453,19.073820114135742,-0.09458727389574051,0.028035717085003853,0.08755277842283249,0.13190239667892456,3.0754424491428445,-6.488357891848208,20.161222997354834,19.34308364543772
454,-9.104962348937988,20.075000762939453,17.86949348449707,-0.20624183118343353,0.09426415711641312,0.35210371017456055,0.41880595684051514,3.0754424491428445,-9.739247231348472,20.36490475316794,18.952368181268604
455,-11.788269996643066,20.075000762939453,16.225160598754883,-0.18440641462802887,0.08191488683223724,0.3109617233276367,0.37069255113601685,3.0754424491428445,-12.355401312084343,20.326925283120048,17.18150548273531
456,-14.181310653686523,20.075000762939453,14.181310653686523,0.03155941516160965,0.0024864061269909143,0.05588936060667038,0.06423238664865494,3.0754424491428445,-14.084251488628388,20.08264756188821,14.35319516575173
457,-16.225160598754883,20.075000762939453,11.788269996643066,0.29181233048439026,-0.07781748473644257,-0.16486027836799622,0.34407690167427063,3.0754424491428445,-15.327708570399889,19.835677567095473,11.281251698372625
458,-17.86949348449707,20.075000762939453,9.104962348937988,0.35013407468795776,-0.09290754795074463,-0.19738559424877167,0.41253697872161865,3.0754424491428445,-16.792676288310375,19.789268946125958,8.49791431353603
459,-19.073820114135742,20.075000762939453,6.197460174560547,0.11119518429040909,-0.030954033136367798,-0.09623723477125168,0.15028016269207,3.0754424491428445,-18.731845724228755,19.979803415459692,5.901488097556914
460,-19.808486938476562,20.075000762939453,3.1373560428619385,-0.24622686207294464,0.05630667135119438,-0.010835886001586914,0.2528151869773865,3.0754424491428445,-20.565743482214938,20.24816869018285,3.104030899078585
461,-20.055402755737305,20.075000762939453,0.0,-0.4153215289115906,0.09648633748292923,-9.373426340664182e-11,0.4263819754123688,3.0754424491428445,-21.33270021579492,20.371738940996774,-2.8827433261992304e-10
462,-19.808486938476562,20.075000762939453,-3.1373560428619385,-0.24622686207294464,0.05630667135119438,0.010835886001586914,0.2528151869773865,3.0754424491428445,-20.565743482214938,20.24816869018285,-3.104030899078585
463,-19.073820114135742,20.075000762939453,-6.197460174560547,0.11119518429040909,-0.03095403127372265,0.09623723477125168,0.15028016269207,3.0754424491428445,-18.731845724228755,19.97980342118815,-5.901488097556914
464,-17.86949348449707,20.075000762939453,-9.104962348937988,0.35013407468795776,-0.09290754795074463,0.19738559424877167,0.41253697872161865,3.0754424491428445,-16.792676288310375,19.789268946125958,-8.49791431353603
465,-16.225160598754883,20.075000762939453,-11.788269996643066,0.29181233048439026,-0.07781749218702316,0.16486027836799622,0.34407690167427063,3.0754424491428445,-15.327708570399889,19.83567754418164,-11.281251698372625
466,-14.181310653686523,20.075000762939453,-14.181310653686523,0.03155941516160965,0.0024864058941602707,-0.05588935688138008,0.06423238664865494,3.0754424491428445,-14.084251488628388,20.082647561172152,-14.353195154294813
467,-11.788269996643066,20.075000762939453,-16.225160598754883,-0.18440641462802887,0.08191488683223724,-0.3109617233276367,0.37069255113601685,3.0754424491428445,-12.355401312084343,20.326925283120048,-17.18150548273531
468,-9.104962348937988,20.075000762939453,-17.86949348449707,-0.20624183118343353,0.09426415711641312,-0.35210371017456055,0.41880595684051514,3.0754424491428445,-9.739247231348472,20.36490475316794,-18.952368181268604
469,-6.197460174560547,20.075000762939453,-19.073820114135742,-0.09458727389574051,0.028035717085003853,-0.08755277842283249,0.13190239667892456,3.0754424491428445,-6.488357891848208,20.161222997354834,-19.34308364543772
470,-3.1373560428619385,20.075000762939453,-19.808486938476562,-0.0045948452316224575,-0.06317231059074402,0.29037782549858093,0.29720553755760193,3.0754424491428445,-3.151487224934512,19.88071795733824,-18.915446647648434
471,-0.0,20.075000762939453,-20.055402755737305,0.005634586326777935,-0.10393645614385605,0.4567905068397522,0.4684998393058777,3.0754424491428445,0.017328845972732716,19.755350173701164,-18.650569840636855
472,3.1373560428619385,20.075000762939453,-19.808486938476562,0.01876983605325222,-0.059172190725803375,0.25587376952171326,0.2632964849472046,3.0754424491428445,3.1950815934235623,19.893020095772542,-19.021561886067293
473,6.197460174560547,20.075000762939453,-19.073820114135742,0.1146746352314949,0.03587565943598747,-0.14453138411045074,0.1879538595676422,3.0754424491428445,6.550135415591458,20.18533428885988,-19.518318068062392
474,9.104962348937988,20.075000762939453,-17.86949348449707,0.22585485875606537,0.1033867672085762,-0.4063650071620941,0.47626858949661255,3.0754424491428445,9.799565968901554,20.39296081549236,-19.119245677369612
475,11.788269996643066,20.075000762939453,-16.225160598754883,0.18525396287441254,0.0867360308766365,-0.33388248085975647,0.3915605843067169,3.0754424491428445,12.358007897938966,20.341752434167624,-17.2519969534161
476,14.181310653686523,20.075000762939453,-14.181310653686523,-0.0673910453915596,-0.0019501644419506192,-0.03604317456483841,0.07644911110401154,3.0754424491428445,13.97405337199721,20.069003144431868,-14.292159362745092
477,16.225160598754883,20.075000762939453,-11.788269996643066,-0.358782559633255,-0.09048841893672943,0.21052540838718414,0.4257158935070038,3.0754424491428445,15.121745484846647,19.796708838185616,-11.140811219065988
478,17.86949348449707,20.075000762939453,-9.104962348937988,-0.4101220667362213,-0.10560134053230286,0.23793575167655945,0.48576244711875916,3.0754424491428445,16.6081866711263,19.750229917580022,-8.373204638063186
479,19.073820114135742,20.075000762939453,-6.197460174560547,-0.11733398586511612,-0.03389931470155716,0.11408480256795883,0.16712799668312073,3.0754424491428445,18.712966193279037,19.970745371509434,-5.846598929940965
480,19.808486938476562,20.075000762939453,-3.1373560428619385,0.30815979838371277,0.06616321206092834,0.012581394985318184,0.3154335618019104,3.0754424491428445,20.756214663545133,20.278481913883272,-3.098662686654658
481,19.878164291381836,21.899999618530273,0.0,0.2296723574399948,0.0825018361210823,-2.964705564378889e-11,0.2440408617258072,3.0754424491428445,20.584508408847505,22.153729267469277,-9.117781341900829e-11
482,19.63343048095703,21.899999618530273,3.1096301078796387,0.1426321417093277,0.04873533546924591,-0.014371066354215145,0.1514119803905487,3.0754424491428445,20.072087424182055,22.04988233800561,3.065432720374437
483,18.905258178710938,21.899999618530273,6.142691135406494,-0.044962912797927856,-0.024751992896199226,-0.06084659695625305,0.07960297167301178,3.0754424491428445,18.76697732805508,21.82387628887642,5.955560928241348
484,17.71157455444336,21.899999618530273,9.024497985839844,-0.18027885258197784,-0.07759662717580795,-0.11060702055692673,0.22529006004333496,3.0754424491428445,17.15713731852998,21.661355657403483,8.684332459645857
485,16.08177375793457,21.899999618530273,11.684091567993164,-0.1681228131055832,-0.06680095940828323,-0.09348814189434052,0.20363615453243256,3.0754424491428445,15.564721721840352,21.69455711232257,11.39657416791982
486,14.055985450744629,21.899999618530273,14.055985450744629,-0.04543772712349892,-0.0019062383798882365,0.016494903713464737,0.04837667569518089,3.0754424491428445,13.916244335956451,21.89413709209858,14.106714577819542
487,11.684091567993164,21.899999618530273,16.08177375793457,0.07127264142036438,0.06348680704832077,0.1477687507867813,0.17591466009616852,3.0754424491428445,11.90328647487989,22.09524963988722,16.536228046761046
488,9.024497985839844,21.899999618530273,17.71157455444336,0.10193342715501785,0.07622896134853363,0.18254554271697998,0.2225402295589447,3.0754424491428445,9.337988374698995,22.134437402115623,18.272982865416978
489,6.142691135406494,21.899999618530273,18.905258178710938,0.0625564306974411,0.026998521760106087,0.07213408499956131,0.0992247611284256,3.0754424491428445,6.335079837840267,21.98303201841541,19.127102405748666
490,3.1096301078796387,21.899999618530273,19.63343048095703,0.019575024023652077,-0.042938292026519775,-0.1027718037366867,0.11308811604976654,3.0754424491428445,3.1698319677049693,21.76794537253822,19.317361713170246
491,0.0,21.899999618530273,19.878164291381836,0.005267051514238119,-0.07634419947862625,-0.19733549654483795,0.21165414154529572,3.0754424491428445,0.01619851380871001,21.665207426707877,19.27127032858516
492,-3.1096301078796387,21.899999618530273,19.63343048095703,-0.006667290814220905,-0.04691612720489502,-0.13476626574993134,0.14285489916801453,3.0754424491428445,-3.130134977070474,21.755711769374955,19.218964586557227
493,-6.142691135406494,21.899999618530273,18.905258178710938,-0.04639556258916855,0.019957423210144043,0.024621527642011642,0.05618777871131897,3.0754424491428445,-6.285378018045087,21.96137752504626,18.980980269983924
494,-9.024497985839844,21.899999618530273,17.71157455444336,-0.09027861803770065,0.06891433149576187,0.14405427873134613,0.18344222009181976,3.0754424491428445,-9.302144680002941,22.11194167896664,18.154605198234396
495,-11.684091567993164,21.899999618530273,16.08177375793457,-0.07725972682237625,0.06030074506998062,0.13689996302127838,0.1683652102947235,3.0754424491428445,-11.92169941147188,22.085451089633434,16.502801715496297
496,-14.055985450744629,21.899999618530273,14.055985450744629,0.014716915786266327,0.00223623588681221,0.03457461670041084,0.037642959505319595,3.0754424491428445,-14.010724423215086,21.906877033302873,14.162317694607916
497,-16.08177375793457,21.899999618530273,11.684091567993164,0.12262821197509766,-0.056770335882902145,-0.061757300049066544,0.14857494831085205,3.0754424491428445,-15.704637749363869,21.7254057177039,11.494160545877813
498,-17.71157455444336,21.899999618530273,9.024497985839844,0.14565856754779816,-0.06807291507720947,-0.08419542759656906,0.18149162828922272,3.0754424491428445,-17.263610012725522,21.690645285864928,8.765559793785622
499,-18.905258178710938,21.899999618530273,6.142691135406494,0.04596653953194618,-0.022813180461525917,-0.04844816401600838,0.07057328522205353,3.0754424491428445,-18.763890731794188,21.82983899493894,5.993691595208627
500,-19.63343048095703,21.899999618530273,3.1096301078796387,-0.10196010023355484,0.04111485183238983,-0.011842804029583931,0.11057370901107788,3.0754424491428445,-19.947002901334166,22.026445979145823,3.0732082456501764
501,-19.878164291381836,21.899999618530273,0.0,-0.1717851758003235,0.07057146728038788,-5.2670080102901196e-11,0.18571612238883972,3.0754424491428445,-20.406479713171617,22.117038104702672,-1.6198380014821625e-10
502,-19.63343048095703,21.899999618530273,-3.1096301078796387,-0.10196010023355484,0.04111485183238983,0.011842804029583931,0.11057370901107788,3.0754424491428445,-19.947002901334166,22.026445979145823,-3.0732082456501764
503,-18.905258178710938,21.899999618530273,-6.142691135406494,0.04596653953194618,-0.022813180461525917,0.04844816401600838,0.07057328522205353,3.0754424491428445,-18.763890731794188,21.82983899493894,-5.993691595208627
504,-17.71157455444336,21.899999618530273,-9.024497985839844,0.14565856754779816,-0.06807291507720947,0.08419542759656906,0.18149162828922272,3.0754424491428445,-17.263610012725522,21.690645285864928,-8.765559793785622
505,-16.08177375793457,21.899999618530273,-11.684091567993164,0.12262821197509766,-0.056770335882902145,0.06175730377435684,0.14857494831085205,3.0754424491428445,-15.704637749363869,21.7254057177039,-11.494160534420898
506,-14.055985450744629,21.899999618530273,-14.055985450744629,0.014716916717588902,0.0022362356539815664,-0.03457461670041084,0.037642959505319595,3.0754424491428445,-14.010724420350856,21.906877032586817,-14.162317694607916
507,-11.684091567993164,21.899999618530273,-16.08177375793457,-0.07725972682237625,0.06030074506998062,-0.13689996302127838,0.1683652102947235,3.0754424491428445,-11.92169941147188,22.085451089633434,-16.502801715496297
508,-9.024497985839844,21.899999618530273,-17.71157455444336,-0.09027861803770065,0.06891433149576187,-0.14405427873134613,0.18344222009181976,3.0754424491428445,-9.302144680002941,22.11194167896664,-18.154605198234396
509,-6.142691135406494,21.899999618530273,-18.905258178710938,-0.04639556258916855,0.019957425072789192,-0.024621527642011642,0.05618777871131897,3.0754424491428445,-6.285378018045087,21.961377530774715,-18.980980269983924
510,-3.1096301078796387,21.899999618530273,-19.63343048095703,-0.006667290814220905,-0.04691612720489502,0.13476626574993134,0.14285489916801453,3.0754424491428445,-3.130134977070474,21.755711769374955,-19.218964586557227
511,-0.0,21.899999618530273,-19.878164291381836,0.005267051514238119,-0.07634419947862625,0.19733549654483795,0.21165414154529572,3.0754424491428445,0.01619851380871001,21.665207426707877,-19.27127032858516
512,3.1096301078796387,21.899999618530273,-19.63343048095703,0.019575024023652077,-0.042938292026519775,0.1027718037366867,0.11308811604976654,3.0754424491428445,3.1698319677049693,21.76794537253822,-19.317361713170246
513,6.142691135406494,21.899999618530273,-18.905258178710938,0.0625564306974411,0.026998521760106087,-0.07213408499956131,0.0992247611284256,3.0754424491428445,6.335079837840267,21.98303201841541,-19.127102405748666
514,9.024497985839844,21.899999618530273,-17.71157455444336,0.10193342715501785,0.07622896134853363,-0.18254554271697998,0.2225402295589447,3.0754424491428445,9.337988374698995,22.134437402115623,-18.272982865416978
515,11.684091567993164,21.899999618530273,-16.08177375793457,0.07127264142036438,0.06348680704832077,-0.1477687507867813,0.17591466009616852,3.0754424491428445,11.90328647487989,22.09524963988722,-16.536228046761046
516,14.055985450744629,21.899999618530273,-14.055985450744629,-0.045437730848789215,-0.0019062381470575929,-0.016494903713464737,0.04837667942047119,3.0754424491428445,13.916244324499536,21.89413709281464,-14.106714577819542
517,16.08177375793457,21.899999618530273,-11.684091567993164,-0.1681228131055832,-0.06680095940828323,0.09348814189434052,0.20363615453243256,3.0754424491428445,15.564721721840352,21.69455711232257,-11.39657416791982
518,17.71157455444336,21.899999618530273,-9.024497985839844,-0.18027885258197784,-0.07759662717580795,0.11060702055692673,0.22529006004333496,3.0754424491428445,17.15713731852998,21.661355657403483,-8.684332459645857
519,18.905258178710938,21.899999618530273,-6.142691135406494,-0.044962912797927856,-0.024751992896199226,0.06084659695625305,0.07960297167301178,3.0754424491428445,18.76697732805508,21.82387628887642,-5.955560928241348
520,19.63343048095703,21.899999618530273,-3.1096301078796387,0.1426321417093277,0.04873533546924591,0.014371066354215145,0.1514119803905487,3.0754424491428445,20.072087424182055,22.04988233800561,-3.065432720374437
521,20.109054565429688,23.725000381469727,0.0,-0.06953923404216766,0.11791594326496124,-7.56524357048427e-11,0.13689365983009338,3.0754424491428445,19.895190653175526,24.087644078817508,-2.3266471214772301e-10
522,19.861478805541992,23.725000381469727,3.145749092102051,-0.03857279568910599,0.0697026252746582,-0.0014481921680271626,0.07967693358659744,3.0754424491428445,19.7428503922976,23.939366794056106,3.1412952604339837
523,19.124847412109375,23.725000381469727,6.2140398025512695,0.024859150871634483,-0.035262953490018845,0.013098620809614658,0.045089103281497955,3.0754424491428445,19.201300299949647,23.61655119742437,6.254323857014384
524,17.917299270629883,23.725000381469727,9.12932014465332,0.062379609793424606,-0.11082714796066284,0.03197372704744339,0.1311342567205429,3.0754424491428445,18.10914417054955,23.38415786611407,9.227653502072334
525,16.268566131591797,23.725000381469727,11.819806098937988,0.04439161717891693,-0.095526784658432,0.02593747153878212,0.10848379880189896,3.0754424491428445,16.405089995449938,23.431213252901056,11.899575299931794
526,14.21924877166748,23.725000381469727,14.21924877166748,-0.005149125587195158,-0.0028644013218581676,-0.013858326710760593,0.015058934688568115,3.0754424491428445,14.203412932260653,23.716191080053104,14.176628285427118
527,11.819806098937988,23.725000381469727,16.268566131591797,-0.0389530248939991,0.09063758701086044,-0.05646323040127754,0.11366884410381317,3.0754424491428445,11.700008312656465,24.003751064050803,16.094916715999975
528,9.12932014465332,23.725000381469727,17.917299270629883,-0.03468364104628563,0.10894744098186493,-0.05749102309346199,0.1279754489660263,3.0754424491428445,9.02265260268874,24.06006196619084,17.740488937763597
529,6.2140398025512695,23.725000381469727,19.124847412109375,-0.010179789736866951,0.038617927581071854,-0.006019811145961285,0.04038824886083603,3.0754424491428445,6.18273244507116,23.84376759525048,19.106333829375263
530,3.145749092102051,23.725000381469727,19.861478805541992,0.004604619462043047,-0.06138574331998825,0.05844863876700401,0.08488613367080688,3.0754424491428445,3.1599103342577672,23.53621206069125,20.041234230300653
531,0.0,23.725000381469727,20.109054565429688,0.002587354276329279,-0.10915231704711914,0.07968013733625412,0.1351659893989563,3.0754424491428445,0.00795725917239433,23.38930871220072,20.354106242147136
532,-3.145749092102051,23.725000381469727,19.861478805541992,0.0022746941540390253,-0.0670170783996582,0.03743341937661171,0.07679664343595505,3.0754424491428445,-3.1387534011419023,23.518893213741883,19.97660313250939
533,-6.2140398025512695,23.725000381469727,19.124847412109375,0.018504003062844276,0.028665171936154366,-0.032798465341329575,0.04732683673501015,3.0754424491428445,-6.157131806052729,23.813158468054155,19.02397761953191
534,-9.12932014465332,23.725000381469727,17.917299270629883,0.038123954087495804,0.09864839911460876,-0.07271230965852737,0.1283433735370636,3.0754424491428445,-9.012072117923463,24.02838785564678,17.69367674693083
535,-11.819806098937988,23.725000381469727,16.268566131591797,0.03139958903193474,0.08623474836349487,-0.05420106276869774,0.10658387094736099,3.0754424491428445,-11.723238469943537,23.99021038717797,16.101873882364288
536,-14.21924877166748,23.725000381469727,14.21924877166748,-0.011576934717595577,0.0031182041857391596,-0.0011230475502088666,0.012042003683745861,3.0754424491428445,-14.25485296812893,23.734590238987643,14.215794903559162
537,-16.268566131591797,23.725000381469727,11.819806098937988,-0.06077788025140762,-0.08127222955226898,0.038529690355062485,0.10855258256196976,3.0754424491428445,-16.455485004485897,23.475052316768195,11.938301944208277
538,-17.917299270629883,23.725000381469727,9.12932014465332,-0.06918235868215561,-0.0973823070526123,0.039115529507398605,0.12569621205329895,3.0754424491428445,-18.13006563325281,23.42550670056466,9.249617704521073
539,-19.124847412109375,23.725000381469727,6.2140398025512695,-0.019769413396716118,-0.032595399767160416,0.015643782913684845,0.04120701178908348,3.0754424491428445,-19.185647105264287,23.62475510537902,6.262151356589191
540,-19.861478805541992,23.725000381469727,3.145749092102051,0.05166977271437645,0.05886117368936539,-0.0008706652442924678,0.07832726836204529,3.0754424491428445,-19.702571393198635,23.90602453364037,3.1430714112507605
541,-20.109054565429688,23.725000381469727,0.0,0.08519163727760315,0.1009950116276741,2.5477068371637657e-11,0.13212724030017853,3.0754424491428445,-19.847052587834167,24.035604727381152,7.835325754984902e-11
542,-19.861478805541992,23.725000381469727,-3.145749092102051,0.05166977271437645,0.05886117368936539,0.0008706653607077897,0.07832726836204529,3.0754424491428445,-19.702571393198635,23.90602453364037,-3.143071410892732
543,-19.124847412109375,23.725000381469727,-6.2140398025512695,-0.019769413396716118,-0.03259539604187012,-0.015643782913684845,0.04120700806379318,3.0754424491428445,-19.185647105264287,23.624755116835935,-6.262151356589191
544,-17.917299270629883,23.725000381469727,-9.12932014465332,-0.06918235868215561,-0.0973823070526123,-0.039115529507398605,0.12569621205329895,3.0754424491428445,-18.13006563325281,23.42550670056466,-9.249617704521073
545,-16.268566131591797,23.725000381469727,-11.819806098937988,-0.06077788025140762,-0.08127222955226898,-0.038529690355062485,0.10855258256196976,3.0754424491428445,-16.455485004485897,23.475052316768195,-11.938301944208277
546,-14.21924877166748,23.725000381469727,-14.21924877166748,-0.011576935648918152,0.003118203952908516,0.001123047317378223,0.012042004615068436,3.0754424491428445,-14.25485297099316,23.734590238271586,-14.215794904275219
547,-11.819806098937988,23.725000381469727,-16.268566131591797,0.03139958903193474,0.08623474836349487,0.05420106276869774,0.10658387094736099,3.0754424491428445,-11.723238469943537,23.99021038717797,-16.101873882364288
548,-9.12932014465332,23.725000381469727,-17.917299270629883,0.038123954087495804,0.09864839911460876,0.07271230965852737,0.1283433735370636,3.0754424491428445,-9.012072117923463,24.02838785564678,-17.69367674693083
549,-6.2140398025512695,23.725000381469727,-19.124847412109375,0.018504003062844276,0.028665171936154366,0.032798465341329575,0.04732683673501015,3.0754424491428445,-6.157131806052729,23.813158468054155,-19.02397761953191
550,-3.145749092102051,23.725000381469727,-19.861478805541992,0.0022746941540390253,-0.0670170783996582,-0.03743341937661171,0.07679664343595505,3.0754424491428445,-3.1387534011419023,23.518893213741883,-19.97660313250939
551,-0.0,23.725000381469727,-20.109054565429688,0.0025873545091599226,-0.10915231704711914,-0.07968013733625412,0.1351659893989563,3.0754424491428445,0.007957259888451574,23.38930871220072,-20.354106242147136
552,3.145749092102051,23.725000381469727,-19.861478805541992,0.004604619927704334,-0.06138574331998825,-0.05844863876700401,0.08488613367080688,3.0754424491428445,3.1599103356898817,23.53621206069125,-20.041234230300653
553,6.2140398025512695,23.725000381469727,-19.124847412109375,-0.010179789736866951,0.038617927581071854,0.00601981021463871,0.04038824886083603,3.0754424491428445,6.18273244507116,23.84376759525048,-19.106333832239493
554,9.12932014465332,23.725000381469727,-17.917299270629883,-0.03468364104628563,0.10894744098186493,0.05749102309346199,0.1279754489660263,3.0754424491428445,9.02265260268874,24.06006196619084,-17.740488937763597
555,11.819806098937988,23.725000381469727,-16.268566131591797,-0.0389530248939991,0.09063758701086044,0.05646323040127754,0.11366884410381317,3.0754424491428445,11.700008312656465,24.003751064050803,-16.094916715999975
556,14.21924877166748,23.725000381469727,-14.21924877166748,-0.005149126518517733,-0.002864401089027524,0.013858327642083168,0.01505893561989069,3.0754424491428445,14.203412929396423,23.71619108076916,-14.176628282562888
557,16.268566131591797,23.725000381469727,-11.819806098937988,0.04439161717891693,-0.095526784658432,-0.02593747153878212,0.10848379880189896,3.0754424491428445,16.405089995449938,23.431213252901056,-11.899575299931794
558,17.917299270629883,23.725000381469727,-9.12932014465332,0.062379609793424606,-0.11082714796066284,-0.03197372704744339,0.1311342567205429,3.0754424491428445,18.10914417054955,23.38415786611407,-9.227653502072334
559,19.124847412109375,23.725000381469727,-6.2140398025512695,0.024859152734279633,-0.035262953490018845,-0.013098620809614658,0.045089103281497955,3.0754424491428445,19.201300305678103,23.61655119742437,-6.254323857014384
560,19.861478805541992,23.725000381469727,-3.145749092102051,-0.03857279568910599,0.0697026252746582,0.001448191935196519,0.07967693358659744,3.0754424491428445,19.7428503922976,23.939366794056106,-3.141295261150041
561,20.339946746826172,25.549999237060547,0.0,-0.3169691562652588,0.14682047069072723,-1.2426142059762668e-10,0.34932178258895874,3.0754424491428445,19.365126348579004,26.001537145025942,-3.821588476967341e-10
562,20.089527130126953,25.549999237060547,3.1818690299987793,-0.19000381231307983,0.08691708743572235,0.013607957400381565,0.20938292145729065,3.0754424491428445,19.505181340240338,25.817307737316227,3.2237195198340403
563,19.344438552856445,25.549999237060547,6.285388946533203,0.07895120233297348,-0.043600570410490036,0.07872909307479858,0.11971872299909592,3.0754424491428445,19.587248431922138,25.415908192013283,6.5275157413579565
564,18.123023986816406,25.549999237060547,9.234142303466797,0.2611876428127289,-0.13780958950519562,0.15098726749420166,0.3316739797592163,3.0754424491428445,18.926291550714232,25.12617377559732,9.69849495519855
565,16.45536231994629,25.549999237060547,11.955519676208496,0.22364254295825958,-0.11919907480478287,0.12333392351865768,0.2818433344364166,3.0754424491428445,17.143162089994373,25.183409342507364,12.334826060017113
566,14.382513999938965,25.549999237060547,14.382513999938965,0.035359594970941544,-0.004185758996754885,-0.0395771749317646,0.05323696509003639,3.0754424491428445,14.491260399297097,25.537126176160044,14.260796676136664
567,11.955519676208496,25.549999237060547,16.45536231994629,-0.1251748949289322,0.11234457790851593,-0.2243192046880722,0.2803732454776764,3.0754424491428445,11.570551490777063,25.895508520891433,15.76548151569063
568,9.234142303466797,25.549999237060547,18.123023986816406,-0.1491878181695938,0.13568775355815887,-0.2558191418647766,0.3257477581501007,3.0754424491428445,8.775323754573025,25.967299114182143,17.336266938622177
569,6.285388946533203,25.549999237060547,19.344438552856445,-0.0765799880027771,0.048661019653081894,-0.07373622059822083,0.11691629141569138,3.0754424491428445,6.049871600674613,25.69965340252021,19.117667049989315
570,3.1818690299987793,25.549999237060547,20.089527130126953,-0.013053462840616703,-0.07574457675218582,0.18678246438503265,0.20197851955890656,3.0754424491428445,3.141723856270438,25.317051150424515,20.663965849852193
571,0.0,25.549999237060547,20.339946746826172,7.064331293804571e-05,-0.13559629023075104,0.3062756657600403,0.33494946360588074,3.0754424491428445,0.00021725944335774768,25.132980650138602,21.281879930444084
572,-3.1818690299987793,25.549999237060547,20.089527130126953,0.013209925033152103,-0.0836920514702797,0.18291516602039337,0.20158575475215912,3.0754424491428445,-3.1412426658018284,25.292609149313,20.652072196298082
573,-6.285388946533203,25.549999237060547,19.344438552856445,0.07510082423686981,0.035087164491415024,-0.07338342070579529,0.11070849001407623,3.0754424491428445,-6.054420683709518,25.657907792157502,19.118752065754535
574,-9.234142303466797,25.549999237060547,18.123023986816406,0.14364001154899597,0.12227564305067062,-0.24667084217071533,0.31053227186203003,3.0754424491428445,-8.792385714553646,25.926050940194816,17.364402007838773
575,-11.955519676208496,25.549999237060547,16.45536231994629,0.11833366006612778,0.10722009092569351,-0.21284092962741852,0.2660832107067108,3.0754424491428445,-11.591591314878688,25.87974845609438,15.800782290055102
576,-14.382513999938965,25.549999237060547,14.382513999938965,-0.034548450261354446,0.004222627729177475,-0.0363936610519886,0.050357967615127563,3.0754424491428445,-14.488765770424834,25.562985685625787,14.270587389859962
577,-16.45536231994629,25.549999237060547,11.955519676208496,-0.2097712755203247,-0.10057733952999115,0.11577510833740234,0.25985315442085266,3.0754424491428445,-17.100501805292335,25.24067941764816,12.311579358943455
578,-18.123023986816406,25.549999237060547,9.234142303466797,-0.24236130714416504,-0.1207510381937027,0.14034982025623322,0.3049883544445038,3.0754424491428445,-18.86839223883732,25.178636368421564,9.665780098412386
579,-19.344438552856445,25.549999237060547,6.285388946533203,-0.072304867208004,-0.04052001237869263,0.07289043813943863,0.11037608981132507,3.0754424491428445,-19.56680801074758,25.42538227095132,6.509559294123854
580,-20.089527130126953,25.549999237060547,3.1818690299987793,0.1756271868944168,0.07287520915269852,0.01269944291561842,0.1905701458454132,3.0754424491428445,-19.549395824328318,25.774122748778918,3.2209254358219384
581,-20.339946746826172,25.549999237060547,0.0,0.2921724021434784,0.12513099610805511,9.47120437633231e-11,0.3178403377532959,3.0754424491428445,-19.441387338806084,25.934832414194787,2.9128143983479865e-10
582,-20.089527130126953,25.549999237060547,-3.1818690299987793,0.1756271868944168,0.07287520915269852,-0.01269944291561842,0.1905701458454132,3.0754424491428445,-19.549395824328318,25.774122748778918,-3.2209254358219384
583,-19.344438552856445,25.549999237060547,-6.285388946533203,-0.072304867208004,-0.04052001237869263,-0.07289043813943863,0.11037608981132507,3.0754424491428445,-19.56680801074758,25.42538227095132,-6.509559294123854
584,-18.123023986816406,25.549999237060547,-9.234142303466797,-0.24236130714416504,-0.1207510381937027,-0.14034982025623322,0.3049883544445038,3.0754424491428445,-18.86839223883732,25.178636368421564,-9.665780098412386
585,-16.45536231994629,25.549999237060547,-11.955519676208496,-0.2097712755203247,-0.10057733952999115,-0.11577510833740234,0.25985315442085266,3.0754424491428445,-17.100501805292335,25.24067941764816,-12.311579358943455
586,-14.382513999938965,25.549999237060547,-14.382513999938965,-0.034548450261354446,0.004222627729177475,0.0363936610519886,0.050357967615127563,3.0754424491428445,-14.488765770424834,25.562985685625787,-14.270587389859962
587,-11.955519676208496,25.549999237060547,-16.45536231994629,0.11833366006612778,0.10722009092569351,0.21284092962741852,0.2660832107067108,3.0754424491428445,-11.591591314878688,25.87974845609438,-15.800782290055102
588,-9.234142303466797,25.549999237060547,-18.123023986816406,0.14364001154899597,0.12227564305067062,0.24667084217071533,0.31053227186203003,3.0754424491428445,-8.792385714553646,25.926050940194816,-17.364402007838773
589,-6.285388946533203,25.549999237060547,-19.344438552856445,0.07510082423686981,0.03508716821670532,0.07338342070579529,0.11070849001407623,3.0754424491428445,-6.054420683709518,25.657907803614417,-19.118752065754535
590,-3.1818690299987793,25.549999237060547,-20.089527130126953,0.013209925964474678,-0.0836920514702797,-0.18291516602039337,0.20158575475215912,3.0754424491428445,-3.1412426629375996,25.292609149313,-20.652072196298082
591,-0.0,25.549999237060547,-20.339946746826172,7.064347300911322e-05,-0.13559629023075104,-0.3062756657600403,0.33494946360588074,3.0754424491428445,0.0002172599356471036,25.132980650138602,-21.281879930444084
592,3.1818690299987793,25.549999237060547,-20.089527130126953,-0.013053462840616703,-0.07574457675218582,-0.18678247928619385,0.20197853446006775,3.0754424491428445,3.141723856270438,25.317051150424515,-20.66396589567986
593,6.285388946533203,25.549999237060547,-19.344438552856445,-0.0765799880027771,0.048661019653081894,0.07373622059822083,0.11691629141569138,3.0754424491428445,6.049871600674613,25.69965340252021,-19.117667049989315
594,9.234142303466797,25.549999237060547,-18.123023986816406,-0.1491878181695938,0.13568775355815887,0.2558191418647766,0.3257477581501007,3.0754424491428445,8.775323754573025,25.967299114182143,-17.336266938622177
595,11.955519676208496,25.549999237060547,-16.45536231994629,-0.1251748949289322,0.11234457790851593,0.2243192046880722,0.2803732454776764,3.0754424491428445,11.570551490777063,25.895508520891433,-15.76548151569063
596,14.382513999938965,25.549999237060547,-14.382513999938965,0.035359594970941544,-0.004185758996754885,0.0395771786570549,0.05323696509003639,3.0754424491428445,14.491260399297097,25.537126176160044,-14.260796664679749
597,16.45536231994629,25.549999237060547,-11.955519676208496,0.22364254295825958,-0.11919907480478287,-0.12333392351865768,0.2818433344364166,3.0754424491428445,17.143162089994373,25.183409342507364,-12.334826060017113
598,18.123023986816406,25.549999237060547,-9.234142303466797,0.2611876428127289,-0.13780958950519562,-0.15098726749420166,0.3316739797592163,3.0754424491428445,18.926291550714232,25.12617377559732,-9.69849495519855
599,19.344438552856445,25.549999237060547,-6.285388946533203,0.07895120233297348,-0.043600570410490036,-0.07872909307479858,0.11971872299909592,3.0754424491428445,19.587248431922138,25.415908192013283,-6.5275157413579565
600,20.089527130126953,25.549999237060547,-3.1818690299987793,-0.19000381231307983,0.08691708743572235,-0.013607957400381565,0.20938292145729065,3.0754424491428445,19.505181340240338,25.817307737316227,-3.2237195198340403
601,20.996843338012695,27.375,0.0,-0.4389679729938507,0.18948635458946228,-9.72159158729724e-11,0.4781191945075989,3.0754424491428445,19.646822600053216,27.957754378437766,-2.9898195440803896e-10
602,20.73833656311035,27.375,3.284630060195923,-0.26379144191741943,0.1126789003610611,0.008801820687949657,0.2869842052459717,3.0754424491428445,19.92706116491692,27.721537473293143,3.3116995531693867
603,19.96918487548828,27.375,6.4883809089660645,0.10751304030418396,-0.05504540354013443,0.09699729830026627,0.1549113541841507,3.0754424491428445,20.299835043476175,27.205711029322472,6.786690517610874
604,18.708324432373047,27.375,9.532366752624512,0.3594804108142853,-0.17707747220993042,0.20554248988628387,0.4503668546676636,3.0754424491428445,19.813885747426607,26.830408425178668,10.164500851123304
605,16.98680305480957,27.375,12.341634750366211,0.3081035912036896,-0.15486064553260803,0.18046841025352478,0.389202356338501,3.0754424491428445,17.93435791793075,26.898734997027354,12.896654959989228
606,14.847009658813477,27.375,14.847009658813477,0.04881088808178902,-0.008083137683570385,-0.03755004331469536,0.06211156025528908,3.0754424491428445,14.997124736000572,27.35014077524568,14.73152666163631
607,12.341634750366211,27.375,16.98680305480957,-0.170782670378685,0.14255839586257935,-0.2982364296913147,0.37206798791885376,3.0754424491428445,11.816402476305633,27.813430142117486,16.069594079056095
608,9.532366752624512,27.375,18.708324432373047,-0.20009292662143707,0.17503668367862701,-0.35620197653770447,0.44447144865989685,3.0754424491428445,8.91699247231972,27.91331524714244,17.61284575326041
609,6.4883809089660645,27.375,19.96918487548828,-0.09694956243038177,0.0654679611325264,-0.11742144078016281,0.16575001180171967,3.0754424491428445,6.190218109241844,27.576342946725806,19.608061992073456
610,3.284630060195923,27.375,20.73833656311035,-0.011753018014132977,-0.0941188856959343,0.24010969698429108,0.25816500186920166,3.0754424491428445,3.2484843296897177,27.0855427836647,21.476780117666667
611,0.0,27.375,20.996843338012695,-0.0026820902712643147,-0.17299528419971466,0.41341832280158997,0.44816210865974426,3.0754424491428445,-0.00824861427267932,26.84296295947067,22.268287597210144
612,-3.284630060195923,27.375,20.73833656311035,0.005076264031231403,-0.1090979054570198,0.25508973002433777,0.27748674154281616,3.0754424491428445,-3.269018302311217,27.039475670444908,21.522850347167587
613,-6.4883809089660645,27.375,19.96918487548828,0.08694131672382355,0.04183031991124153,-0.09015854448080063,0.13204972445964813,3.0754424491428445,-6.220997892929245,27.503646741516256,19.691907460639094
614,-9.532366752624512,27.375,18.708324432373047,0.18872927129268646,0.15432734787464142,-0.3269489109516144,0.40783730149269104,3.0754424491428445,-8.951940740295187,27.849624876717307,17.702811872931427
615,-12.341634750366211,27.375,16.98680305480957,0.16764847934246063,0.13719677925109863,-0.28310155868530273,0.35647645592689514,3.0754424491428445,-11.82604150046216,27.79694079879451,16.116140503810286
616,-14.847009658813477,27.375,14.847009658813477,-0.0317809171974659,0.007344553247094154,-0.045963265001773834,0.056361254304647446,3.0754424491428445,-14.944750040635258,27.397587750826105,14.70565228252582
617,-16.98680305480957,27.375,12.341634750366211,-0.2712963819503784,-0.12609201669692993,0.15581363439559937,0.33731114864349365,3.0754424491428445,-17.821159464158633,26.987211259352232,12.820830615741661
618,-18.708324432373047,27.375,9.532366752624512,-0.3239230811595917,-0.1527613401412964,0.18243412673473358,0.40192586183547974,3.0754424491428445,-19.704531226428397,26.90519128994151,10.093432410156817
619,-19.96918487548828,27.375,6.4883809089660645,-0.10197632014751434,-0.05188324302434921,0.08673381060361862,0.143575057387352,3.0754424491428445,-20.282807179277327,27.215436072003723,6.755125751872349
620,-20.73833656311035,27.375,3.284630060195923,0.229081392288208,0.0915224552154541,0.007995628751814365,0.24681688845157623,3.0754424491428445,-20.03380992495845,27.65647204381938,3.3092201562668397
621,-20.996843338012695,27.375,0.0,0.3856029510498047,0.15770231187343597,8.859996070142984e-11,0.4166049361228943,3.0754424491428445,-19.810943653839374,27.86000438426353,2.7248408013356517e-10
622,-20.73833656311035,27.375,-3.284630060195923,0.229081392288208,0.0915224552154541,-0.007995628751814365,0.24681688845157623,3.0754424491428445,-20.03380992495845,27.65647204381938,-3.3092201562668397
623,-19.96918487548828,27.375,-6.4883809089660645,-0.10197632014751434,-0.05188324302434921,-0.08673381060361862,0.143575057387352,3.0754424491428445,-20.282807179277327,27.215436072003723,-6.755125751872349
624,-18.708324432373047,27.375,-9.532366752624512,-0.3239230811595917,-0.1527613401412964,-0.18243412673473358,0.40192586183547974,3.0754424491428445,-19.704531226428397,26.90519128994151,-10.093432410156817
625,-16.98680305480957,27.375,-12.341634750366211,-0.2712963819503784,-0.12609201669692993,-0.15581363439559937,0.33731114864349365,3.0754424491428445,-17.821159464158633,26.987211259352232,-12.820830615741661
626,-14.847009658813477,27.375,-14.847009658813477,-0.0317809171974659,0.007344553247094154,0.045963265001773834,0.056361254304647446,3.0754424491428445,-14.944750040635258,27.397587750826105,-14.70565228252582
627,-12.341634750366211,27.375,-16.98680305480957,0.16764847934246063,0.13719677925109863,0.28310155868530273,0.35647645592689514,3.0754424491428445,-11.82604150046216,27.79694079879451,-16.116140503810286
628,-9.532366752624512,27.375,-18.708324432373047,0.18872927129268646,0.15432734787464142,0.3269489109516144,0.40783730149269104,3.0754424491428445,-8.951940740295187,27.849624876717307,-17.702811872931427
629,-6.4883809089660645,27.375,-19.96918487548828,0.08694131672382355,0.04183031991124153,0.09015854448080063,0.13204972445964813,3.0754424491428445,-6.220997892929245,27.503646741516256,-19.691907460639094
630,-3.284630060195923,27.375,-20.73833656311035,0.005076264496892691,-0.1090979054570198,-0.25508973002433777,0.27748674154281616,3.0754424491428445,-3.2690183008791025,27.039475670444908,-21.522850347167587
631,-0.0,27.375,-20.996843338012695,-0.002682090038433671,-0.17299528419971466,-0.41341832280158997,0.44816210865974426,3.0754424491428445,-0.008248613556622075,26.84296295947067,-22.268287597210144
632,3.284630060195923,27.375,-20.73833656311035,-0.011753018014132977,-0.0941188856959343,-0.24010969698429108,0.25816500186920166,3.0754424491428445,3.2484843296897177,27.0855427836647,-21.476780117666667
633,6.4883809089660645,27.375,-19.96918487548828,-0.09694956243038177,0.0654679611325264,0.11742144078016281,0.16575001180171967,3.0754424491428445,6.190218109241844,27.576342946725806,-19.608061992073456
634,9.532366752624512,27.375,-18.708324432373047,-0.20009292662143707,0.17503668367862701,0.35620197653770447,0.44447144865989685,3.0754424491428445,8.91699247231972,27.91331524714244,-17.61284575326041
635,12.341634750366211,27.375,-16.98680305480957,-0.170782670378685,0.14255839586257935,0.2982364296913147,0.37206798791885376,3.0754424491428445,11.816402476305633,27.813430142117486,-16.069594079056095
636,14.847009658813477,27.375,-14.847009658813477,0.04881088808178902,-0.00808313675224781,0.03755004331469536,0.06211156025528908,3.0754424491428445,14.997124736000572,27.35014077810991,-14.73152666163631
637,16.98680305480957,27.375,-12.341634750366211,0.3081035912036896,-0.15486064553260803,-0.18046841025352478,0.389202356338501,3.0754424491428445,17.93435791793075,26.898734997027354,-12.896654959989228
638,18.708324432373047,27.375,-9.532366752624512,0.3594804108142853,-0.17707747220993042,-0.20554248988628387,0.4503668546676636,3.0754424491428445,19.813885747426607,26.830408425178668,-10.164500851123304
639,19.96918487548828,27.375,-6.4883809089660645,0.10751304030418396,-0.05504540354013443,-0.09699729830026627,0.1549113541841507,3.0754424491428445,20.299835043476175,27.205711029322472,-6.786690517610874
640,20.73833656311035,27.375,-3.284630060195923,-0.26379144191741943,0.1126789003610611,-0.008801820687949657,0.2869842052459717,3.0754424491428445,19.92706116491692,27.721537473293143,-3.3116995531693867
641,21.65374183654785,29.200000762939453,0.0,-0.41778913140296936,0.1821003407239914,-8.3507818715578e-11,0.4557502567768097,3.0754424491428445,20.36885540704064,29.76003988080539,-2.5682349051321386e-10
642,21.387147903442383,29.200000762939453,3.3873910903930664,-0.25498971343040466,0.10891250520944595,0.022300925105810165,0.2781708538532257,3.0754424491428445,20.602941714663746,29.534954904703074,3.4559763021186303
643,20.593931198120117,29.200000762939453,6.691373825073242,0.0929703339934349,-0.05135389044880867,0.10757751017808914,0.1511741578578949,3.0754424491428445,20.879856109794513,29.042064828324555,7.022222266448034
644,19.293624877929688,29.200000762939453,9.83059310913086,0.33658644556999207,-0.16913963854312897,0.2004367709159851,0.42670080065727234,3.0754424491428445,20.32877712044175,28.679821538731236,10.447024862775
645,17.51824378967285,29.200000762939453,12.72774887084961,0.30125218629837036,-0.15006861090660095,0.16656778752803802,0.37552401423454285,3.0754424491428445,18.44472755131195,28.73847338667339,13.240018515273144
646,15.311507225036621,29.200000762939453,15.311507225036621,0.06537152081727982,-0.011270456947386265,-0.0412604846060276,0.07812096923589706,3.0754424491428445,15.512553575123109,29.165339121222225,15.184612979207039
647,12.72774887084961,29.200000762939453,17.51824378967285,-0.14762772619724274,0.13360798358917236,-0.28351330757141113,0.3464460074901581,3.0754424491428445,12.273728295032171,29.610904427213974,16.646314928670844
648,9.83059310913086,29.200000762939453,19.293624877929688,-0.19243614375591278,0.16784395277500153,-0.33710777759552,0.42290061712265015,3.0754424491428445,9.23876682387457,29.71619518013562,18.25686930877622
649,6.691373825073242,29.200000762939453,20.593931198120117,-0.10899164527654648,0.06644623726606369,-0.11644280701875687,0.1727808117866516,3.0754424491428445,6.356176292587832,29.404352341613322,20.235818046517284
650,3.3873910903930664,29.200000762939453,21.387147903442383,-0.027461914345622063,-0.0852004885673523,0.21691735088825226,0.23466233909130096,3.0754424491428445,3.3029335532798156,28.93797156371171,22.054264732319727
651,0.0,29.200000762939453,21.65374183654785,-0.005281363148242235,-0.16301411390304565,0.38507235050201416,0.4181891977787018,3.0754424491428445,-0.016242528415442863,28.69866023723262,22.83800968927296
652,-3.3873910903930664,29.200000762939453,21.387147903442383,0.014498066157102585,-0.10608882457017899,0.2479633390903473,0.2700941562652588,3.0754424491428445,-3.3428031223030317,28.873730688476655,22.14974488231204
653,-6.691373825073242,29.200000762939453,20.593931198120117,0.09220797568559647,0.03515404090285301,-0.06851290166378021,0.12013382464647293,3.0754424491428445,-6.407793502500228,29.30811499259099,20.383223712029377
654,-9.83059310913086,29.200000762939453,19.293624877929688,0.17883510887622833,0.142858624458313,-0.2955129146575928,0.37378934025764465,3.0754424491428445,-9.280596023895825,29.639354240824705,18.3847919159218
655,-12.72774887084961,29.200000762939453,17.51824378967285,0.15123383700847626,0.12972447276115417,-0.2688763737678528,0.3346559703350067,3.0754424491428445,-12.262637908766992,29.598960913161783,16.6913299762156
656,-15.311507225036621,29.200000762939453,15.311507225036621,-0.03452049940824509,0.009739483706653118,-0.05828987807035446,0.06844145059585571,3.0754424491428445,-15.417673034282348,29.22995398456363,15.132240059663692
657,-17.51824378967285,29.200000762939453,12.72774887084961,-0.25121790170669556,-0.11549125611782074,0.13237063586711884,0.30654633045196533,3.0754424491428445,-18.29084998856622,28.84481405136988,13.134847143415376
658,-19.293624877929688,29.200000762939453,9.83059310913086,-0.29561012983322144,-0.14196264743804932,0.1705726832151413,0.3696400821208954,3.0754424491428445,-20.202756819615406,28.763402810815776,10.3551795797549
659,-20.593931198120117,29.200000762939453,6.691373825073242,-0.09160759299993515,-0.04913419857621193,0.09336767345666885,0.13972702622413635,3.0754424491428445,-20.875665078295917,29.048891362933556,6.978520731399589
660,-21.387147903442383,29.200000762939453,3.3873910903930664,0.20953969657421112,0.08407269418239594,0.0195913128554821,0.22662506997585297,3.0754424491428445,-20.742720625817544,29.4585614954418,3.447643045583254
661,-21.65374183654785,29.200000762939453,0.0,0.35153764486312866,0.14568880200386047,9.589852523195219e-11,0.3805311322212219,3.0754424491428445,-20.572608041064083,29.648058288986892,2.949303953085419e-10
662,-21.387147903442383,29.200000762939453,-3.3873910903930664,0.20953969657421112,0.08407269418239594,-0.0195913128554821,0.22662506997585297,3.0754424491428445,-20.742720625817544,29.4585614954418,-3.447643045583254
663,-20.593931198120117,29.200000762939453,-6.691373825073242,-0.09160759299993515,-0.04913419857621193,-0.09336767345666885,0.13972702622413635,3.0754424491428445,-20.875665078295917,29.048891362933556,-6.978520731399589
664,-19.293624877929688,29.200000762939453,-9.83059310913086,-0.29561012983322144,-0.14196264743804932,-0.1705726832151413,0.3696400821208954,3.0754424491428445,-20.202756819615406,28.763402810815776,-10.3551795797549
665,-17.51824378967285,29.200000762939453,-12.72774887084961,-0.25121790170669556,-0.11549125611782074,-0.13237063586711884,0.30654633045196533,3.0754424491428445,-18.29084998856622,28.84481405136988,-13.134847143415376
666,-15.311507225036621,29.200000762939453,-15.311507225036621,-0.03452049940824509,0.009739483706653118,0.05828987807035446,0.06844145059585571,3.0754424491428445,-15.417673034282348,29.22995398456363,-15.132240059663692
667,-12.72774887084961,29.200000762939453,-17.51824378967285,0.15123383700847626,0.12972447276115417,0.2688763737678528,0.3346559703350067,3.0754424491428445,-12.262637908766992,29.598960913161783,-16.6913299762156
668,-9.83059310913086,29.200000762939453,-19.293624877929688,0.17883510887622833,0.142858624458313,0.2955129146575928,0.37378934025764465,3.0754424491428445,-9.280596023895825,29.639354240824705,-18.3847919159218
669,-6.691373825073242,29.200000762939453,-20.593931198120117,0.09220797568559647,0.03515404090285301,0.06851290166378021,0.12013382464647293,3.0754424491428445,-6.407793502500228,29.30811499259099,-20.383223712029377
670,-3.3873910903930664,29.200000762939453,-21.387147903442383,0.014498066157102585,-0.10608882457017899,-0.2479633390903473,0.2700941562652588,3.0754424491428445,-3.3428031223030317,28.873730688476655,-22.14974488231204
671,-0.0,29.200000762939453,-21.65374183654785,-0.005281363148242235,-0.16301411390304565,-0.38507235050201416,0.4181891977787018,3.0754424491428445,-0.016242528415442863,28.69866023723262,-22.83800968927296
672,3.3873910903930664,29.200000762939453,-21.387147903442383,-0.027461914345622063,-0.0852004885673523,-0.21691735088825226,0.23466233909130096,3.0754424491428445,3.3029335532798156,28.93797156371171,-22.054264732319727
673,6.691373825073242,29.200000762939453,-20.593931198120117,-0.10899164527654648,0.06644623726606369,0.11644280701875687,0.1727808117866516,3.0754424491428445,6.356176292587832,29.404352341613322,-20.235818046517284
674,9.83059310913086,29.200000762939453,-19.293624877929688,-0.19243614375591278,0.16784395277500153,0.33710777759552,0.42290061712265015,3.0754424491428445,9.23876682387457,29.71619518013562,-18.25686930877622
675,12.72774887084961,29.200000762939453,-17.51824378967285,-0.14762772619724274,0.13360798358917236,0.28351330757141113,0.3464460074901581,3.0754424491428445,12.273728295032171,29.610904427213974,-16.646314928670844
676,15.311507225036621,29.200000762939453,-15.311507225036621,0.06537152081727982,-0.011270456947386265,0.0412604846060276,0.07812096923589706,3.0754424491428445,15.512553575123109,29.165339121222225,-15.184612979207039
677,17.51824378967285,29.200000762939453,-12.72774887084961,0.30125218629837036,-0.15006861090660095,-0.16656778752803802,0.37552401423454285,3.0754424491428445,18.44472755131195,28.73847338667339,-13.240018515273144
678,19.293624877929688,29.200000762939453,-9.83059310913086,0.33658644556999207,-0.16913963854312897,-0.2004367709159851,0.42670080065727234,3.0754424491428445,20.32877712044175,28.679821538731236,-10.447024862775
679,20.593931198120117,29.200000762939453,-6.691373825073242,0.0929703414440155,-0.05135389044880867,-0.10757751017808914,0.1511741578578949,3.0754424491428445,20.879856132708348,29.042064828324555,-7.022222266448034
680,21.387147903442383,29.200000762939453,-3.3873910903930664,-0.25498971343040466,0.10891250520944595,-0.022300925105810165,0.2781708538532257,3.0754424491428445,20.602941714663746,29.534954904703074,-3.4559763021186303
681,22.79203987121582,31.024999618530273,0.0,-0.2808622717857361,0.097181536257267,-3.731783979055159e-11,0.2972000539302826,3.0754424491428445,21.928264118203273,31.323875840408785,-1.1476886860217426e-10
682,22.511430740356445,31.024999618530273,3.565459966659546,-0.1719386875629425,0.05947181582450867,0.007398203946650028,0.1820838749408722,3.0754424491428445,21.982643201975463,31.20790176544457,3.5882127171244895
683,21.676517486572266,31.024999618530273,7.043127059936523,0.06102732568979263,-0.024012349545955658,0.0630575492978096,0.09097901731729507,3.0754424491428445,21.86420351455632,30.951151019432984,7.237056923785925
684,20.3078556060791,31.024999618530273,10.347369194030762,0.22446857392787933,-0.08783295750617981,0.1316712647676468,0.2746599614620209,3.0754424491428445,20.99819578683546,30.75487441258201,10.752316591029508
685,18.43914794921875,31.024999618530273,13.39682388305664,0.20137472450733185,-0.08258192241191864,0.11903037875890732,0.24807213246822357,3.0754424491428445,19.058464325153043,30.771023668812838,13.762894962629336
686,16.116405487060547,31.024999618530273,16.116405487060547,0.04422455653548241,-0.013773540034890175,-0.014237241819500923,0.04845844581723213,3.0754424491428445,16.252415565524288,30.982639888832004,16.07261966921014
687,13.39682388305664,31.024999618530273,18.43914794921875,-0.09685888141393661,0.06321509927511215,-0.1800391972064972,0.21399042010307312,3.0754424491428445,13.098939967579726,31.21941401826773,17.885447759620288
688,10.347369194030762,31.024999618530273,20.3078556060791,-0.12440367043018341,0.08793259412050247,-0.2272564172744751,0.2735944092273712,3.0754424491428445,9.9647728651606,31.295431251151715,19.60894157355306
689,7.043127059936523,31.024999618530273,21.676517486572266,-0.0667409673333168,0.043064963072538376,-0.09069839119911194,0.12056179344654083,3.0754424491428445,6.837869055902785,31.157443434034327,21.397579804209553
690,3.565459966659546,31.024999618530273,22.511430740356445,-0.013884326443076134,-0.032891858369112015,0.12928222119808197,0.134121373295784,3.0754424491428445,3.522759519738753,30.923842601070714,22.9090307713485
691,0.0,31.024999618530273,22.79203987121582,-0.005440884735435247,-0.07821910083293915,0.24841810762882233,0.2604983448982239,3.0754424491428445,-0.016733127876250895,30.784441275494867,23.556035464553236
692,-3.565459966659546,31.024999618530273,22.511430740356445,-0.00023387063993141055,-0.058456916362047195,0.1680404245853424,0.17791809141635895,3.0754424491428445,-3.566179222353199,30.845218736504442,23.028229395298194
693,-7.043127059936523,31.024999618530273,21.676517486572266,0.048037849366664886,0.006805479992181063,-0.03469470515847206,0.05964622646570206,3.0754424491428445,-6.895389418828753,31.04592948058502,21.569815917567407
694,-10.347369194030762,31.024999618530273,20.3078556060791,0.11062115430831909,0.06208864599466324,-0.18417003750801086,0.22363059222698212,3.0754424491428445,-10.007160200297776,31.215949676032064,19.741451254866735
695,-13.39682388305664,31.024999618530273,18.43914794921875,0.10342507809400558,0.06278804689645767,-0.1703776717185974,0.20896802842617035,3.0754424491428445,-13.078746007580422,31.21810064325441,17.91516122522925
696,-16.116405487060547,31.024999618530273,16.116405487060547,-0.009717925451695919,0.011212162673473358,-0.03694482520222664,0.03981294855475426,3.0754424491428445,-16.1462924075123,31.059481979562968,16.002783803357456
697,-18.43914794921875,31.024999618530273,13.39682388305664,-0.15085077285766602,-0.04716796427965164,0.08316850662231445,0.17859947681427002,3.0754424491428445,-18.90308081955122,30.87993725894498,13.652603838754723
698,-20.3078556060791,31.024999618530273,10.347369194030762,-0.18656609952449799,-0.06288600713014603,0.1039242148399353,0.22262480854988098,3.0754424491428445,-20.88162890812775,30.83159732274512,10.66698213584334
699,-21.676517486572266,31.024999618530273,7.043127059936523,-0.062470365315675735,-0.023937130346894264,0.051698166877031326,0.08454722166061401,3.0754424491428445,-21.868641499877555,30.95138235175077,7.2021217968930165
700,-22.511430740356445,31.024999618530273,3.565459966659546,0.12725089490413666,0.034940239042043686,0.006247783545404673,0.13210846483707428,3.0754424491428445,-22.12007793647685,31.132456312863372,3.5846746653881394
701,-22.79203987121582,31.024999618530273,0.0,0.21749763190746307,0.06251657009124756,3.2121000304030645e-11,0.2263040840625763,3.0754424491428445,-22.123138421459565,31.21726573196371,9.878628784394606e-11
702,-22.511430740356445,31.024999618530273,-3.565459966659546,0.12725089490413666,0.034940239042043686,-0.006247783545404673,0.13210846483707428,3.0754424491428445,-22.12007793647685,31.132456312863372,-3.5846746653881394
703,-21.676517486572266,31.024999618530273,-7.043127059936523,-0.062470365315675735,-0.023937130346894264,-0.051698166877031326,0.08454722166061401,3.0754424491428445,-21.868641499877555,30.95138235175077,-7.2021217968930165
704,-20.3078556060791,31.024999618530273,-10.347369194030762,-0.18656609952449799,-0.06288600713014603,-0.1039242148399353,0.22262480854988098,3.0754424491428445,-20.88162890812775,30.83159732274512,-10.66698213584334
705,-18.43914794921875,31.024999618530273,-13.39682388305664,-0.15085077285766602,-0.04716796427965164,-0.08316850662231445,0.17859947681427002,3.0754424491428445,-18.90308081955122,30.87993725894498,-13.652603838754723
706,-16.116405487060547,31.024999618530273,-16.116405487060547,-0.009717925451695919,0.011212162673473358,0.03694482520222664,0.03981294855475426,3.0754424491428445,-16.1462924075123,31.059481979562968,-16.002783803357456
707,-13.39682388305664,31.024999618530273,-18.43914794921875,0.10342507809400558,0.06278804689645767,0.1703776717185974,0.20896802842617035,3.0754424491428445,-13.078746007580422,31.21810064325441,-17.91516122522925
708,-10.347369194030762,31.024999618530273,-20.3078556060791,0.11062115430831909,0.06208864599466324,0.18417005240917206,0.2236306071281433,3.0754424491428445,-10.007160200297776,31.215949676032064,-19.74145120903907
709,-7.043127059936523,31.024999618530273,-21.676517486572266,0.048037849366664886,0.006805479992181063,0.03469470515847206,0.05964622646570206,3.0754424491428445,-6.895389418828753,31.04592948058502,-21.569815917567407
710,-3.565459966659546,31.024999618530273,-22.511430740356445,-0.00023387055261991918,-0.058456916362047195,-0.1680404245853424,0.17791809141635895,3.0754424491428445,-3.5661792220846777,30.845218736504442,-23.028229395298194
711,-0.0,31.024999618530273,-22.79203987121582,-0.005440884735435247,-0.07821910083293915,-0.24841810762882233,0.2604983448982239,3.0754424491428445,-0.016733127876250895,30.784441275494867,-23.556035464553236
712,3.565459966659546,31.024999618530273,-22.511430740356445,-0.013884326443076134,-0.032891858369112015,-0.12928222119808197,0.134121373295784,3.0754424491428445,3.522759519738753,30.923842601070714,-22.9090307713485
713,7.043127059936523,31.024999618530273,-21.676517486572266,-0.0667409673333168,0.043064963072538376,0.09069839119911194,0.12056179344654083,3.0754424491428445,6.837869055902785,31.157443434034327,-21.397579804209553
714,10.347369194030762,31.024999618530273,-20.3078556060791,-0.12440367043018341,0.08793259412050247,0.2272564172744751,0.2735944092273712,3.0754424491428445,9.9647728651606,31.295431251151715,-19.60894157355306
715,13.39682388305664,31.024999618530273,-18.43914794921875,-0.09685888141393661,0.06321509927511215,0.1800391972064972,0.21399042010307312,3.0754424491428445,13.098939967579726,31.21941401826773,-17.885447759620288
716,16.116405487060547,31.024999618530273,-16.116405487060547,0.04422455653548241,-0.013773540034890175,0.014237241819500923,0.04845844581723213,3.0754424491428445,16.252415565524288,30.982639888832004,-16.07261966921014
717,18.43914794921875,31.024999618530273,-13.39682388305664,0.20137472450733185,-0.08258192986249924,-0.11903037875890732,0.24807213246822357,3.0754424491428445,19.058464325153043,30.771023645899007,-13.762894962629336
718,20.3078556060791,31.024999618530273,-10.347369194030762,0.22446857392787933,-0.08783295750617981,-0.1316712647676468,0.2746599614620209,3.0754424491428445,20.99819578683546,30.75487441258201,-10.752316591029508
719,21.676517486572266,31.024999618530273,-7.043127059936523,0.06102732568979263,-0.024012349545955658,-0.0630575492978096,0.09097901731729507,3.0754424491428445,21.86420351455632,30.951151019432984,-7.237056923785925
720,22.511430740356445,31.024999618530273,-3.565459966659546,-0.1719386875629425,0.05947181582450867,-0.0073982044123113155,0.1820838749408722,3.0754424491428445,21.982643201975463,31.20790176544457,-3.588212718556604
721,23.93033790588379,32.849998474121094,0.0,-0.07168351858854294,-0.03166276216506958,5.6192637348795316e-12,0.07836490124464035,3.0754424491428445,23.709879369912663,32.752621471301524,1.7281722223177474e-11
722,23.63571548461914,32.849998474121094,3.7435290813446045,-0.04678153991699219,-0.01639953814446926,0.004478113260120153,0.04977460205554962,3.0754424491428445,23.491841550922153,32.79956263836526,3.7573012609568472
723,22.759103775024414,32.849998474121094,7.394880771636963,0.00831663515418768,0.015360018238425255,0.018308671191334724,0.02530422806739807,3.0754424491428445,22.784681107811636,32.897237326231156,7.451188036206192
724,21.322086334228516,32.849998474121094,10.86414623260498,0.05179135501384735,0.03413005918264389,0.03440017253160477,0.07092656195163727,3.0754424491428445,21.48136766593673,32.95496350692316,10.969941983466516
725,19.360048294067383,32.849998474121094,14.065898895263672,0.054923102259635925,0.021541189402341843,0.03311057761311531,0.0676526427268982,3.0754424491428445,19.52896113419528,32.91624716241408,14.167728571170686
726,16.92130470275879,32.849998474121094,16.92130470275879,0.023573463782668114,-0.012774813920259476,0.004254578147083521,0.027147844433784485,3.0754424491428445,16.99380353394934,32.81071026911083,16.934389412995525
727,14.065898895263672,32.849998474121094,19.360048294067383,-0.012155041098594666,-0.03899931162595749,-0.036416925489902496,0.054725531488657,3.0754424491428445,14.028516765897978,32.73005833565927,19.248050135548464
728,10.86414623260498,32.849998474121094,21.322086334228516,-0.027365967631340027,-0.032910577952861786,-0.056601401418447495,0.0709628090262413,3.0754424491428445,10.779983774089688,32.74878388565904,21.14801198162525
729,7.394880771636963,32.849998474121094,22.759103775024414,-0.02141428366303444,0.002681923331692815,-0.036636557430028915,0.04252060130238533,3.0754424491428445,7.3290223746416805,32.858246574980726,22.646430151113645
730,3.7435290813446045,32.849998474121094,23.63571548461914,-0.010444307699799538,0.03933001309633255,0.009953808970749378,0.04189286008477211,3.0754424491428445,3.7114082140927316,32.9709556659229,23.66632785125844
731,0.0,32.849998474121094,23.93033790588379,-0.005789818707853556,0.04617530480027199,0.04654262214899063,0.06581714004278183,3.0754424491428445,-0.017806254226974197,32.99200796660596,24.07347706173521
732,-3.7435290813446045,32.849998474121094,23.63571548461914,-0.003501281375065446,0.015710726380348206,0.04577736184000969,0.04852476343512535,3.0754424491428445,-3.754297070711874,32.89831590893809,23.77650112643168
733,-7.394880771636963,32.849998474121094,22.759103775024414,0.005264271050691605,-0.029235733672976494,0.013027655892074108,0.032437022775411606,3.0754424491428445,-7.3786908089838725,32.76008565775139,22.799169580967725
734,-10.86414623260498,32.849998474121094,21.322086334228516,0.018336959183216095,-0.053144630044698715,-0.02130863443017006,0.060121990740299225,3.0754424491428445,-10.807751969944718,32.686555222937635,21.256552855368703
735,-14.065898895263672,32.849998474121094,19.360048294067383,0.022051792591810226,-0.03613368049263954,-0.03117685578763485,0.052573006600141525,3.0754424491428445,-13.998079876247125,32.73887141929026,19.264165668347285
736,-16.92130470275879,32.849998474121094,16.92130470275879,0.007533865049481392,0.00958076398819685,-0.016044382005929947,0.020148755982518196,3.0754424491428445,-16.8981347343795,32.87946356238562,16.87196112926749
737,-19.360048294067383,32.849998474121094,14.065898895263672,-0.01569783315062523,0.048706021159887314,0.004491078667342663,0.05136991664767265,3.0754424491428445,-19.408326076498376,32.999791039125064,14.079710949239658
738,-21.322086334228516,32.849998474121094,10.86414623260498,-0.026251330971717834,0.05059698596596718,0.01298130489885807,0.058461111038923264,3.0754424491428445,-21.402820791845436,33.005606592559516,10.904069488736194
739,-22.759103775024414,32.849998474121094,7.394880771636963,-0.012657440267503262,0.01343096885830164,0.008846915327012539,0.020466305315494537,3.0754424491428445,-22.798031004120585,32.89130464588103,7.4220889505776295
740,-23.63571548461914,32.849998474121094,3.7435290813446045,0.012957092374563217,-0.034264933317899704,0.002535264939069748,0.03672055900096893,3.0754424491428445,-23.595866692712942,32.74461864367817,3.7513261427580433
741,-23.93033790588379,32.849998474121094,0.0,0.025697197765111923,-0.05568254739046097,-2.040783340928609e-11,0.06132611259818077,3.0754424491428445,-23.851307653052945,32.67875000420006,-6.276311716195398e-11
742,-23.63571548461914,32.849998474121094,-3.7435290813446045,0.012957091443240643,-0.034264933317899704,-0.002535264939069748,0.03672055900096893,3.0754424491428445,-23.595866695577172,32.74461864367817,-3.7513261427580433
743,-22.759103775024414,32.849998474121094,-7.394880771636963,-0.012657440267503262,0.013430967926979065,-0.008846915327012539,0.020466303452849388,3.0754424491428445,-22.798031004120585,32.8913046430168,-7.4220889505776295
744,-21.322086334228516,32.849998474121094,-10.86414623260498,-0.026251330971717834,0.05059698596596718,-0.01298130489885807,0.058461111038923264,3.0754424491428445,-21.402820791845436,33.005606592559516,-10.904069488736194
745,-19.360048294067383,32.849998474121094,-14.065898895263672,-0.01569783315062523,0.048706021159887314,-0.004491078667342663,0.05136991664767265,3.0754424491428445,-19.408326076498376,32.999791039125064,-14.079710949239658
746,-16.92130470275879,32.849998474121094,-16.92130470275879,0.007533865515142679,0.00958076398819685,0.016044382005929947,0.020148755982518196,3.0754424491428445,-16.898134732947387,32.87946356238562,-16.87196112926749
747,-14.065898895263672,32.849998474121094,-19.360048294067383,0.022051792591810226,-0.03613368049263954,0.03117685578763485,0.052573006600141525,3.0754424491428445,-13.998079876247125,32.73887141929026,-19.264165668347285
748,-10.86414623260498,32.849998474121094,-21.322086334228516,0.018336961045861244,-0.053144630044698715,0.02130863443017006,0.060121990740299225,3.0754424491428445,-10.80775196421626,32.686555222937635,-21.256552855368703
749,-7.394880771636963,32.849998474121094,-22.759103775024414,0.005264271050691605,-0.029235733672976494,-0.013027655892074108,0.032437022775411606,3.0754424491428445,-7.3786908089838725,32.76008565775139,-22.799169580967725
750,-3.7435290813446045,32.849998474121094,-23.63571548461914,-0.003501281375065446,0.015710726380348206,-0.04577736184000969,0.04852476343512535,3.0754424491428445,-3.754297070711874,32.89831590893809,-23.77650112643168
751,-0.0,32.849998474121094,-23.93033790588379,-0.005789818707853556,0.04617530480027199,-0.04654262214899063,0.06581714004278183,3.0754424491428445,-0.017806254226974197,32.99200796660596,-24.07347706173521
752,3.7435290813446045,32.849998474121094,-23.63571548461914,-0.010444307699799538,0.03933001309633255,-0.009953808970749378,0.04189286008477211,3.0754424491428445,3.7114082140927316,32.9709556659229,-23.66632785125844
753,7.394880771636963,32.849998474121094,-22.759103775024414,-0.02141428366303444,0.002681923797354102,0.036636557430028915,0.04252060130238533,3.0754424491428445,7.3290223746416805,32.858246576412846,-22.646430151113645
754,10.86414623260498,32.849998474121094,-21.322086334228516,-0.027365967631340027,-0.032910577952861786,0.056601401418447495,0.0709628090262413,3.0754424491428445,10.779983774089688,32.74878388565904,-21.14801198162525
755,14.065898895263672,32.849998474121094,-19.360048294067383,-0.012155041098594666,-0.03899931162595749,0.036416925489902496,0.054725531488657,3.0754424491428445,14.028516765897978,32.73005833565927,-19.248050135548464
756,16.92130470275879,32.849998474121094,-16.92130470275879,0.023573463782668114,-0.01277481485158205,-0.004254578147083521,0.027147844433784485,3.0754424491428445,16.99380353394934,32.810710266246595,-16.934389412995525
757,19.360048294067383,32.849998474121094,-14.065898895263672,0.054923102259635925,0.021541189402341843,-0.03311057761311531,0.0676526427268982,3.0754424491428445,19.52896113419528,32.91624716241408,-14.167728571170686
758,21.322086334228516,32.849998474121094,-10.86414623260498,0.05179135501384735,0.03413005918264389,-0.03440017253160477,0.07092656195163727,3.0754424491428445,21.48136766593673,32.95496350692316,-10.969941983466516
759,22.759103775024414,32.849998474121094,-7.394880771636963,0.008316634222865105,0.015360018238425255,-0.018308671191334724,0.02530422806739807,3.0754424491428445,22.784681104947406,32.897237326231156,-7.451188036206192
760,23.63571548461914,32.849998474121094,-3.7435290813446045,-0.04678153991699219,-0.01639953814446926,-0.004478112794458866,0.04977460205554962,3.0754424491428445,23.491841550922153,32.79956263836526,-3.757301259524733
761,25.66516876220703,34.67499923706055,0.0,0.13520975410938263,-0.22731009125709534,2.3544038246781085e-11,0.26448357105255127,3.0754424491428445,26.080998579533194,33.97592013328994,7.240833464839322e-11
762,25.34918785095215,34.67499923706055,4.014916896820068,0.0788387656211853,-0.13237568736076355,-0.0047847614623606205,0.15414851903915405,3.0754424491428445,25.591651937381567,34.26788542891679,4.000201638309702
763,24.409025192260742,34.67499923706055,7.930973052978516,-0.039354320615530014,0.0732586458325386,-0.03324497491121292,0.08955903351306915,3.0754424491428445,24.287993244082564,34.900301986220654,7.828730045915883
764,22.86783218383789,34.67499923706055,11.651742935180664,-0.11605466157197952,0.218100443482399,-0.06475255638360977,0.2554004490375519,3.0754424491428445,22.51091275121852,35.3457545991232,11.452600174587996
765,20.76355743408203,34.67499923706055,15.085607528686523,-0.09319493919610977,0.1812654435634613,-0.050301194190979004,0.20993490517139435,3.0754424491428445,20.47694176203303,35.232470676758325,14.930909100829009
766,18.148014068603516,34.67499923706055,18.148014068603516,-0.005619339179247618,-0.006889724638313055,0.024787679314613342,0.026333900168538094,3.0754424491428445,18.130732114355524,34.653810285444976,18.224247149783416
767,15.085607528686523,34.67499923706055,20.76355743408203,0.06386518478393555,-0.19013717770576477,0.10599426925182343,0.22686052322387695,3.0754424491428445,15.28202122899339,34.09024328958402,21.089536709104966
768,11.651742935180664,34.67499923706055,22.86783218383789,0.0681358352303505,-0.21628151834011078,0.11233356595039368,0.2530593276023865,3.0754424491428445,11.861290775155886,34.00983787459231,23.213307601025317
769,7.930973052978516,34.67499923706055,24.409025192260742,0.030167460441589355,-0.06334573030471802,0.0198894701898098,0.07292700558900833,3.0754424491428445,8.023751341403417,34.48018308910946,24.470194113173445
770,4.014916896820068,34.67499923706055,25.34918785095215,0.0008437072392553091,0.14251752197742462,-0.10243266075849533,0.17551183700561523,3.0754424491428445,4.017511669878323,35.11330367389657,25.034162097876823
771,0.0,34.67499923706055,25.66516876220703,-0.003094555577263236,0.231602743268013,-0.14955611526966095,0.275710791349411,3.0754424491428445,-0.009517127583547096,35.387280145044926,25.205217536777816
772,-4.014916896820068,34.67499923706055,25.34918785095215,-0.009026885963976383,0.1306178718805313,-0.0780201405286789,0.1524127870798111,3.0754424491428445,-4.042678565097253,35.07670698485863,25.10924139888216
773,-7.930973052978516,34.67499923706055,24.409025192260742,-0.04036112502217293,-0.07743564248085022,0.051932405680418015,0.1015985980629921,3.0754424491428445,-8.055101370166868,34.43685037509829,24.568740317176406
774,-11.651742935180664,34.67499923706055,22.86783218383789,-0.07350141555070877,-0.22192636132240295,0.13227082788944244,0.2686062753200531,3.0754424491428445,-11.877792308637401,33.992477484865816,23.27462350271235
775,-15.085607528686523,34.67499923706055,20.76355743408203,-0.056864362210035324,-0.18469668924808502,0.10562039166688919,0.22023189067840576,3.0754424491428445,-15.2604906020707,34.106975198730844,21.088386870109474
776,-18.148014068603516,34.67499923706055,18.148014068603516,0.024623174220323563,0.00319488113746047,0.010481469333171844,0.02695123665034771,3.0754424491428445,-18.07228691337369,34.68482491013066,18.180249224320143
777,-20.76355743408203,34.67499923706055,15.085607528686523,0.11436475813388824,0.18745696544647217,-0.06622135639190674,0.22935709357261658,3.0754424491428445,-20.411835202231117,35.25151234598213,14.881947558199037
778,-22.86783218383789,34.67499923706055,11.651742935180664,0.12740711867809296,0.21758344769477844,-0.0744558572769165,0.262904554605484,3.0754424491428445,-22.475998922732302,35.34416460833192,11.422758231123915
779,-24.409025192260742,34.67499923706055,7.930973052978516,0.03518889471888542,0.06971333920955658,-0.036449700593948364,0.08617881685495377,3.0754424491428445,-24.300803771703862,34.88939859973711,7.81887409651334
780,-25.34918785095215,34.67499923706055,4.014916896820068,-0.09579897671937943,-0.13469257950782776,-0.004992583300918341,0.16536161303520203,3.0754424491428445,-25.643812090539374,34.26075996045763,3.9995624942055423
781,-25.66516876220703,34.67499923706055,0.0,-0.1569490134716034,-0.22835706174373627,-5.931203445053157e-11,0.277091920375824,3.0754424491428445,-26.147856420588692,33.972700235812326,-1.8241074849418757e-10
782,-25.34918785095215,34.67499923706055,-4.014916896820068,-0.09579898416996002,-0.13469257950782776,0.004992582835257053,0.16536161303520203,3.0754424491428445,-25.643812113453208,34.26075996045763,-3.9995624956376568
783,-24.409025192260742,34.67499923706055,-7.930973052978516,0.03518889471888542,0.06971333175897598,0.036449696868658066,0.08617880940437317,3.0754424491428445,-24.300803771703862,34.88939857682328,-7.818874107970256
784,-22.86783218383789,34.67499923706055,-11.651742935180664,0.12740711867809296,0.21758344769477844,0.0744558572769165,0.262904554605484,3.0754424491428445,-22.475998922732302,35.34416460833192,-11.422758231123915
785,-20.76355743408203,34.67499923706055,-15.085607528686523,0.11436475813388824,0.18745696544647217,0.06622135639190674,0.22935709357261658,3.0754424491428445,-20.411835202231117,35.25151234598213,-14.881947558199037
786,-18.148014068603516,34.67499923706055,-18.148014068603516,0.024623174220323563,0.003194881835952401,-0.010481469333171844,0.02695123851299286,3.0754424491428445,-18.07228691337369,34.68482491227883,-18.180249224320143
787,-15.085607528686523,34.67499923706055,-20.76355743408203,-0.056864362210035324,-0.18469668924808502,-0.10562039166688919,0.22023189067840576,3.0754424491428445,-15.2604906020707,34.106975198730844,-21.088386870109474
788,-11.651742935180664,34.67499923706055,-22.86783218383789,-0.07350141555070877,-0.22192636132240295,-0.13227084279060364,0.2686063051223755,3.0754424491428445,-11.877792308637401,33.992477484865816,-23.274623548540013
789,-7.930973052978516,34.67499923706055,-24.409025192260742,-0.04036112502217293,-0.07743564248085022,-0.051932405680418015,0.1015985980629921,3.0754424491428445,-8.055101370166868,34.43685037509829,-24.568740317176406
790,-4.014916896820068,34.67499923706055,-25.34918785095215,-0.009026885963976383,0.1306178718805313,0.0780201405286789,0.1524127870798111,3.0754424491428445,-4.042678565097253,35.07670698485863,-25.10924139888216
791,-0.0,34.67499923706055,-25.66516876220703,-0.0030945558100938797,0.231602743268013,0.14955611526966095,0.275710791349411,3.0754424491428445,-0.009517128299604341,35.387280145044926,-25.205217536777816
792,4.014916896820068,34.67499923706055,-25.34918785095215,0.0008437071810476482,0.14251752197742462,0.10243266075849533,0.17551183700561523,3.0754424491428445,4.017511669699309,35.11330367389657,-25.034162097876823
793,7.930973052978516,34.67499923706055,-24.409025192260742,0.030167460441589355,-0.06334573030471802,-0.0198894701898098,0.07292700558900833,3.0754424491428445,8.023751341403417,34.48018308910946,-24.470194113173445
794,11.651742935180664,34.67499923706055,-22.86783218383789,0.0681358352303505,-0.21628151834011078,-0.11233356595039368,0.2530593276023865,3.0754424491428445,11.861290775155886,34.00983787459231,-23.213307601025317
795,15.085607528686523,34.67499923706055,-20.76355743408203,0.06386518478393555,-0.19013717770576477,-0.10599426925182343,0.22686052322387695,3.0754424491428445,15.28202122899339,34.09024328958402,-21.089536709104966
796,18.148014068603516,34.67499923706055,-18.148014068603516,-0.005619339179247618,-0.006889725103974342,-0.024787679314613342,0.026333902031183243,3.0754424491428445,18.130732114355524,34.653810284012856,-18.224247149783416
797,20.76355743408203,34.67499923706055,-15.085607528686523,-0.09319493919610977,0.1812654435634613,0.050301194190979004,0.20993490517139435,3.0754424491428445,20.47694176203303,35.232470676758325,-14.930909100829009
798,22.86783218383789,34.67499923706055,-11.651742935180664,-0.11605466157197952,0.218100443482399,0.06475255638360977,0.2554004490375519,3.0754424491428445,22.51091275121852,35.3457545991232,-11.452600174587996
799,24.409025192260742,34.67499923706055,-7.930973052978516,-0.039354320615530014,0.0732586458325386,0.03324497491121292,0.08955903351306915,3.0754424491428445,24.287993244082564,34.900301986220654,-7.828730045915883
800,25.34918785095215,34.67499923706055,-4.014916896820068,0.0788387656211853,-0.13237568736076355,0.004784761928021908,0.15414851903915405,3.0754424491428445,25.591651937381567,34.26788542891679,-4.000201636877587
801,27.399999618530273,36.5,0.0,0.3289496600627899,-0.4106663763523102,4.600344410965462e-11,0.5261698961257935,3.0754424491428445,28.411665366718488,35.23701919373043,1.4148094482160217e-10
802,27.062660217285156,36.5,4.286303997039795,0.19738061726093292,-0.24149702489376068,-0.01619001291692257,0.31231722235679626,3.0754424491428445,27.669692946247448,35.75728979830002,4.23651254406292
803,26.058948516845703,36.5,8.467065811157227,-0.081873819231987,0.12646512687206268,-0.08433130383491516,0.17265143990516663,3.0754424491428445,25.8071502977062,36.88893621951858,8.207709739551765
804,24.4135799407959,36.5,12.439339637756348,-0.2720937132835388,0.38984179496765137,-0.1582249253988266,0.5010456442832947,3.0754424491428445,23.5767713848188,37.69893600469356,11.952727985672336
805,22.16706657409668,36.5,16.105316162109375,-0.23392195999622345,0.33188414573669434,-0.12734751403331757,0.42553961277008057,3.0754424491428445,21.4476530485376,37.52069058999614,15.713666211658497
806,19.374725341796875,36.5,19.374725341796875,-0.03728628531098366,0.0010739747667685151,0.044575583189725876,0.058124031871557236,3.0754424491428445,19.260053517180623,36.50330294758703,19.511814982533856
807,16.105316162109375,36.5,22.16706657409668,0.13199374079704285,-0.3295419216156006,0.23856985569000244,0.4277099668979645,3.0754424491428445,16.51125531557776,35.48651278549128,22.900774435371595
808,12.439339637756348,36.5,24.4135799407959,0.15850961208343506,-0.38812631368637085,0.2700514793395996,0.49869343638420105,3.0754424491428445,12.92682682735491,35.3063398592596,25.244107723810725
809,8.467065811157227,36.5,26.058948516845703,0.08242956548929214,-0.12789204716682434,0.07459181547164917,0.16945485770702362,3.0754424491428445,8.720573195927395,36.10667536923537,26.288351352505842
810,4.286303997039795,36.5,27.062660217285156,0.014707941561937332,0.2356368452310562,-0.20425336062908173,0.312186598777771,3.0754424491428445,4.331537424858889,37.22468755640569,26.434490761626396
811,0.0,36.5,27.399999618530273,-0.000559518055524677,0.4035334885120392,-0.33119580149650574,0.52204430103302,3.0754424491428445,-0.0017207655790224547,37.74104402022062,26.38142599163003
812,-4.286303997039795,36.5,27.062660217285156,-0.01659306511282921,0.23964521288871765,-0.19581566751003265,0.3099176287651062,3.0754424491428445,-4.337335013849181,37.23701506045184,26.46044040121756
813,-8.467065811157227,36.5,26.058948516845703,-0.0848284512758255,-0.11898421496152878,0.0836576372385025,0.16837966442108154,3.0754424491428445,-8.727950831105947,36.13407089452938,26.31623276560399
814,-12.439339637756348,36.5,24.4135799407959,-0.1587606966495514,-0.3767344653606415,0.2723759412765503,0.491245836019516,3.0754424491428445,-12.927599023487868,35.34137483317475,25.25125647272304
815,-16.105316162109375,36.5,22.16706657409668,-0.12874066829681396,-0.3231070339679718,0.23411265015602112,0.41926249861717224,3.0754424491428445,-16.501250678320414,35.50630291211826,22.887066556267836
816,-19.374725341796875,36.5,19.374725341796875,0.04116468504071236,-0.005028114654123783,0.03928988426923752,0.05712712183594704,3.0754424491428445,-19.248125722017072,36.48453632275355,19.4955591197004
817,-22.16706657409668,36.5,16.105316162109375,0.2339474856853485,0.3136955201625824,-0.128510981798172,0.41188758611679077,3.0754424491428445,-21.44757454574972,37.46475251881395,15.710088033506253
818,-24.4135799407959,36.5,12.439339637756348,0.26806142926216125,0.371163934469223,-0.15575867891311646,0.4836117923259735,3.0754424491428445,-23.589172442265145,37.64149331965752,11.96031278480454
819,-26.058948516845703,36.5,8.467065811157227,0.07884755730628967,0.1222391203045845,-0.08162683993577957,0.1668001264333725,3.0754424491428445,-25.816457392094716,36.8759393795306,8.216027162629342
820,-27.062660217285156,36.5,4.286303997039795,-0.19528885185718536,-0.2262321412563324,-0.014983473345637321,0.2992377281188965,3.0754424491428445,-27.66325984213111,35.804236069419794,4.240223187077022
821,-27.399999618530273,36.5,0.0,-0.3239348530769348,-0.38643115758895874,-1.024214671407897e-10,0.5042448043823242,3.0754424491428445,-28.396242616439928,35.311553214279506,-3.1499132774827364e-10
822,-27.062660217285156,36.5,-4.286303997039795,-0.19528885185718536,-0.2262321412563324,0.014983472414314747,0.2992377281188965,3.0754424491428445,-27.66325984213111,35.804236069419794,-4.240223189941251
823,-26.058948516845703,36.5,-8.467065811157227,0.07884755730628967,0.1222391203045845,0.08162683993577957,0.1668001264333725,3.0754424491428445,-25.816457392094716,36.8759393795306,-8.216027162629342
824,-24.4135799407959,36.5,-12.439339637756348,0.26806142926216125,0.371163934469223,0.15575867891311646,0.4836117923259735,3.0754424491428445,-23.589172442265145,37.64149331965752,-11.96031278480454
825,-22.16706657409668,36.5,-16.105316162109375,0.2339474856853485,0.3136955201625824,0.128510981798172,0.41188758611679077,3.0754424491428445,-21.44757454574972,37.46475251881395,-15.710088033506253
826,-19.374725341796875,36.5,-19.374725341796875,0.04116468504071236,-0.0050281137228012085,-0.03928988054394722,0.05712712183594704,3.0754424491428445,-19.248125722017072,36.48453632561778,-19.495559108243484
827,-16.105316162109375,36.5,-22.16706657409668,-0.12874066829681396,-0.3231070339679718,-0.23411265015602112,0.41926249861717224,3.0754424491428445,-16.501250678320414,35.50630291211826,-22.887066556267836
828,-12.439339637756348,36.5,-24.4135799407959,-0.1587606966495514,-0.3767344653606415,-0.2723759412765503,0.491245836019516,3.0754424491428445,-12.927599023487868,35.34137483317475,-25.25125647272304
829,-8.467065811157227,36.5,-26.058948516845703,-0.0848284512758255,-0.11898421496152878,-0.0836576372385025,0.16837966442108154,3.0754424491428445,-8.727950831105947,36.13407089452938,-26.31623276560399
830,-4.286303997039795,36.5,-27.062660217285156,-0.01659306511282921,0.23964519798755646,0.19581566751003265,0.3099175989627838,3.0754424491428445,-4.337335013849181,37.23701501462417,-26.46044040121756
831,-0.0,36.5,-27.399999618530273,-0.0005595181719399989,0.4035334885120392,0.33119580149650574,0.52204430103302,3.0754424491428445,-0.0017207659370510773,37.74104402022062,-26.38142599163003
832,4.286303997039795,36.5,-27.062660217285156,0.014707940630614758,0.2356368452310562,0.20425336062908173,0.312186598777771,3.0754424491428445,4.3315374219946605,37.22468755640569,-26.434490761626396
833,8.467065811157227,36.5,-26.058948516845703,0.08242956548929214,-0.12789204716682434,-0.07459181547164917,0.16945485770702362,3.0754424491428445,8.720573195927395,36.10667536923537,-26.288351352505842
834,12.439339637756348,36.5,-24.4135799407959,0.15850961208343506,-0.38812631368637085,-0.2700514793395996,0.49869343638420105,3.0754424491428445,12.92682682735491,35.3063398592596,-25.244107723810725
835,16.105316162109375,36.5,-22.16706657409668,0.13199374079704285,-0.3295419216156006,-0.23856985569000244,0.4277099668979645,3.0754424491428445,16.51125531557776,35.48651278549128,-22.900774435371595
836,19.374725341796875,36.5,-19.374725341796875,-0.03728628531098366,0.0010739739518612623,-0.044575583189725876,0.058124031871557236,3.0754424491428445,19.260053517180623,36.503302945080826,-19.511814982533856
837,22.16706657409668,36.5,-16.105316162109375,-0.23392195999622345,0.33188414573669434,0.12734751403331757,0.42553961277008057,3.0754424491428445,21.4476530485376,37.52069058999614,-15.713666211658497
838,24.4135799407959,36.5,-12.439339637756348,-0.2720937132835388,0.38984179496765137,0.1582249253988266,0.5010456442832947,3.0754424491428445,23.5767713848188,37.69893600469356,-11.952727985672336
839,26.058948516845703,36.5,-8.467065811157227,-0.081873819231987,0.12646512687206268,0.08433130383491516,0.17265143990516663,3.0754424491428445,25.8071502977062,36.88893621951858,-8.207709739551765
840,27.062660217285156,36.5,-4.286303997039795,0.19738061726093292,-0.24149702489376068,0.01619001291692257,0.31231722235679626,3.0754424491428445,27.669692946247448,35.75728979830002,-4.23651254406292
