node_label,x,y,z,ux,uy,uz,umag,scale_factor,scaled_x,scaled_y,scaled_z
1,39.29999923706055,0.0,0.0,0.0,0.0,0.0,0.0,3.210661466251537,39.29999923706055,0.0,0.0
2,38.8161506652832,0.0,6.147873878479004,0.0,0.0,0.0,0.0,3.210661466251537,38.8161506652832,0.0,6.147873878479004
3,37.376522064208984,0.0,12.144368171691895,0.0,0.0,0.0,0.0,3.210661466251537,37.376522064208984,0.0,12.144368171691895
4,35.01655578613281,0.0,17.841827392578125,0.0,0.0,0.0,0.0,3.210661466251537,35.01655578613281,0.0,17.841827392578125
5,31.794368743896484,0.0,23.099960327148438,0.0,0.0,0.0,0.0,3.210661466251537,31.794368743896484,0.0,23.099960327148438
6,27.789297103881836,0.0,27.789297103881836,0.0,0.0,0.0,0.0,3.210661466251537,27.789297103881836,0.0,27.789297103881836
7,23.099960327148438,0.0,31.794368743896484,0.0,0.0,0.0,0.0,3.210661466251537,23.099960327148438,0.0,31.794368743896484
8,17.841827392578125,0.0,35.01655578613281,0.0,0.0,0.0,0.0,3.210661466251537,17.841827392578125,0.0,35.01655578613281
9,12.144368171691895,0.0,37.376522064208984,0.0,0.0,0.0,0.0,3.210661466251537,12.144368171691895,0.0,37.376522064208984
10,6.147873878479004,0.0,38.8161506652832,0.0,0.0,0.0,0.0,3.210661466251537,6.147873878479004,0.0,38.8161506652832
11,0.0,0.0,39.29999923706055,0.0,0.0,0.0,0.0,3.210661466251537,0.0,0.0,39.29999923706055
12,-6.147873878479004,0.0,38.8161506652832,0.0,0.0,0.0,0.0,3.210661466251537,-6.147873878479004,0.0,38.8161506652832
13,-12.144368171691895,0.0,37.376522064208984,0.0,0.0,0.0,0.0,3.210661466251537,-12.144368171691895,0.0,37.376522064208984
14,-17.841827392578125,0.0,35.01655578613281,0.0,0.0,0.0,0.0,3.210661466251537,-17.841827392578125,0.0,35.01655578613281
15,-23.099960327148438,0.0,31.794368743896484,0.0,0.0,0.0,0.0,3.210661466251537,-23.099960327148438,0.0,31.794368743896484
16,-27.789297103881836,0.0,27.789297103881836,0.0,0.0,0.0,0.0,3.210661466251537,-27.789297103881836,0.0,27.789297103881836
17,-31.794368743896484,0.0,23.099960327148438,0.0,0.0,0.0,0.0,3.210661466251537,-31.794368743896484,0.0,23.099960327148438
18,-35.01655578613281,0.0,17.841827392578125,0.0,0.0,0.0,0.0,3.210661466251537,-35.01655578613281,0.0,17.841827392578125
19,-37.376522064208984,0.0,12.144368171691895,0.0,0.0,0.0,0.0,3.210661466251537,-37.376522064208984,0.0,12.144368171691895
20,-38.8161506652832,0.0,6.147873878479004,0.0,0.0,0.0,0.0,3.210661466251537,-38.8161506652832,0.0,6.147873878479004
21,-39.29999923706055,0.0,0.0,0.0,0.0,0.0,0.0,3.210661466251537,-39.29999923706055,0.0,0.0
22,-38.8161506652832,0.0,-6.147873878479004,0.0,0.0,0.0,0.0,3.210661466251537,-38.8161506652832,0.0,-6.147873878479004
23,-37.376522064208984,0.0,-12.144368171691895,0.0,0.0,0.0,0.0,3.210661466251537,-37.376522064208984,0.0,-12.144368171691895
24,-35.01655578613281,0.0,-17.841827392578125,0.0,0.0,0.0,0.0,3.210661466251537,-35.01655578613281,0.0,-17.841827392578125
25,-31.794368743896484,0.0,-23.099960327148438,0.0,0.0,0.0,0.0,3.210661466251537,-31.794368743896484,0.0,-23.099960327148438
26,-27.789297103881836,0.0,-27.789297103881836,0.0,0.0,0.0,0.0,3.210661466251537,-27.789297103881836,0.0,-27.789297103881836
27,-23.099960327148438,0.0,-31.794368743896484,0.0,0.0,0.0,0.0,3.210661466251537,-23.099960327148438,0.0,-31.794368743896484
28,-17.841827392578125,0.0,-35.01655578613281,0.0,0.0,0.0,0.0,3.210661466251537,-17.841827392578125,0.0,-35.01655578613281
29,-12.144368171691895,0.0,-37.376522064208984,0.0,0.0,0.0,0.0,3.210661466251537,-12.144368171691895,0.0,-37.376522064208984
30,-6.147873878479004,0.0,-38.8161506652832,0.0,0.0,0.0,0.0,3.210661466251537,-6.147873878479004,0.0,-38.8161506652832
31,-0.0,0.0,-39.29999923706055,0.0,0.0,0.0,0.0,3.210661466251537,0.0,0.0,-39.29999923706055
32,6.147873878479004,0.0,-38.8161506652832,0.0,0.0,0.0,0.0,3.210661466251537,6.147873878479004,0.0,-38.8161506652832
33,12.144368171691895,0.0,-37.376522064208984,0.0,0.0,0.0,0.0,3.210661466251537,12.144368171691895,0.0,-37.376522064208984
34,17.841827392578125,0.0,-35.01655578613281,0.0,0.0,0.0,0.0,3.210661466251537,17.841827392578125,0.0,-35.01655578613281
35,23.099960327148438,0.0,-31.794368743896484,0.0,0.0,0.0,0.0,3.210661466251537,23.099960327148438,0.0,-31.794368743896484
36,27.789297103881836,0.0,-27.789297103881836,0.0,0.0,0.0,0.0,3.210661466251537,27.789297103881836,0.0,-27.789297103881836
37,31.794368743896484,0.0,-23.099960327148438,0.0,0.0,0.0,0.0,3.210661466251537,31.794368743896484,0.0,-23.099960327148438
38,35.01655578613281,0.0,-17.841827392578125,0.0,0.0,0.0,0.0,3.210661466251537,35.01655578613281,0.0,-17.841827392578125
39,37.376522064208984,0.0,-12.144368171691895,0.0,0.0,0.0,0.0,3.210661466251537,37.376522064208984,0.0,-12.144368171691895
40,38.8161506652832,0.0,-6.147873878479004,0.0,0.0,0.0,0.0,3.210661466251537,38.8161506652832,0.0,-6.147873878479004
41,37.119998931884766,1.0,0.0,-0.0008396519697271287,-0.0015500672161579132,-1.3206529619891327e-11,0.001762873725965619,3.210661466251537,37.1173030936605,0.995023258918982,-4.240169575349464e-11
42,36.66299057006836,1.0,5.806847095489502,-0.0003718728548847139,-0.0005498504033312201,6.463382305810228e-05,0.0006669351132586598,3.210661466251537,36.66179661222284,0.9982346164978216,5.807054612814611
43,35.303218841552734,1.0,11.470710754394531,0.0009225010289810598,0.00191222270950675,0.0003052665269933641,0.002144945552572608,3.210661466251537,35.306180680059065,1.0061394997683044,11.471690861869686
44,33.074161529541016,1.0,16.852127075195312,0.0018466691253706813,0.0032517765648663044,0.0006344755529426038,0.0037929932586848736,3.210661466251537,33.08009055894276,1.0104403537136761,16.854164161404423
45,30.030710220336914,1.0,21.818588256835938,-0.0006377668469212949,-0.0021830089390277863,-0.0006680705118924379,0.002370357047766447,3.210661466251537,30.02866256689705,0.9929910973189808,21.816443308586667
46,26.247804641723633,1.0,26.247804641723633,-0.004845677874982357,-0.011185639537870884,-0.004059236031025648,0.012848210521042347,3.210661466251537,26.23224681049256,0.9640866981603783,26.234771809016397
47,21.818588256835938,1.0,30.030710220336914,-0.0013110360596328974,-0.0010893148137256503,-0.0005579686257988214,0.0017935303039848804,3.210661466251537,21.814378963878408,0.9965025789029541,30.028918771970684
48,16.852127075195312,1.0,33.074161529541016,0.007526971399784088,0.027538923546671867,0.013117915950715542,0.031418584287166595,3.210661466251537,16.876293632226176,1.0884181606533465,33.1162787168015
49,11.470710754394531,1.0,35.303218841552734,0.004606635309755802,0.014801192097365856,0.008044184185564518,0.017464399337768555,3.210661466251537,11.485501100872638,1.0475216171215993,35.32904599374476
50,5.806847095489502,1.0,36.66299057006836,-0.004743755795061588,-0.05151575431227684,-0.027522247284650803,0.05859906226396561,3.210661466251537,5.791616501552991,0.8346003527246912,36.57462595124689
51,0.0,1.0,37.119998931884766,-0.003463192842900753,-0.04620024934411049,-0.02644461952149868,0.053345803171396255,3.210661466251537,-0.01111913981089956,0.8516666396996516,37.03509421099741
52,-5.806847095489502,1.0,36.66299057006836,-0.007387818302959204,0.07579556107521057,0.040246881544589996,0.08613570034503937,3.210661466251537,-5.830566879034481,1.2433538872570935,36.79220968178036
53,-11.470710754394531,1.0,35.303218841552734,-0.01209388580173254,0.09630130231380463,0.052686069160699844,0.1104356124997139,3.210661466251537,-11.5095401275154,1.3091908804887724,35.47237597361526
54,-16.852127075195312,1.0,33.074161529541016,0.024877792224287987,-0.08943454176187515,-0.04146271198987961,0.1016690656542778,3.210661466251537,-16.77225290633538,0.7128559630132836,32.94103879786882
55,-21.818588256835938,1.0,30.030710220336914,0.04671720787882805,-0.15618792176246643,-0.07300316542387009,0.1786242574453354,3.210661466251537,-21.668595117688522,0.49853345810333916,29.79632177019611
56,-26.247804641723633,1.0,26.247804641723633,-0.036546673625707626,0.0846518948674202,0.02804679051041603,0.09637543559074402,3.210661466251537,-26.365143638453365,1.2717885768960022,26.337853391267455
57,-30.030710220336914,1.0,21.818588256835938,-0.09201804548501968,0.21166230738162994,0.07203739881515503,0.2417801469564438,3.210661466251537,-30.32614901317545,1.6795760141680875,22.04987595734075
58,-33.074161529541016,1.0,16.852127075195312,0.03266255185008049,-0.06018345057964325,-0.007462926674634218,0.06888095289468765,3.210661466251537,-32.969293132926516,0.8067713143178857,16.828166144095604
59,-35.303218841552734,1.0,11.470710754394531,0.13013781607151031,-0.24975983798503876,-0.044712767004966736,0.2851579487323761,3.210661466251537,-34.8853903701898,0.19810571236420915,11.327153196322202
60,-36.66299057006836,1.0,5.806847095489502,-0.013015742413699627,0.021661121398210526,-0.0073796845972537994,0.026326287537813187,3.210661466251537,-36.70477971269068,1.069546527789031,5.783153426520009
61,-37.119998931884766,1.0,0.0,-0.1448751837015152,0.26309630274772644,-1.2014174100016817e-09,0.3003472685813904,3.210661466251537,-37.585144101611334,1.8447131611453735,-3.857344583176123e-09
62,-36.66299057006836,1.0,-5.806847095489502,-0.013015778735280037,0.021661188453435898,0.0073796785436570644,0.026326360180974007,3.210661466251537,-36.70477982930698,1.0695467430806593,-5.783153445956059
63,-35.303218841552734,1.0,-11.470710754394531,0.13013781607151031,-0.24975982308387756,0.044712767004966736,0.2851579487323761,3.210661466251537,-34.8853903701898,0.19810576020679316,-11.327153196322202
64,-33.074161529541016,1.0,-16.852127075195312,0.03266258165240288,-0.060183510184288025,0.007462942507117987,0.06888101994991302,3.210661466251537,-32.96929303724135,0.8067711229475495,-16.82816609326286
65,-30.030710220336914,1.0,-21.818588256835938,-0.09201803058385849,0.21166227757930756,-0.07203739136457443,0.2417801022529602,3.210661466251537,-30.326148965332862,1.6795759184829193,-22.049875933419457
66,-26.247804641723633,1.0,-26.247804641723633,-0.03654669225215912,0.08465194702148438,-0.028046809136867523,0.0963754951953888,3.210661466251537,-26.365143698256595,1.2717887443450464,-26.337853451070686
67,-21.818588256835938,1.0,-30.030710220336914,0.04671720042824745,-0.15618789196014404,0.07300315797328949,0.178624227643013,3.210661466251537,-21.668595141609813,0.4985335537885073,-29.7963217941174
68,-16.852127075195312,1.0,-33.074161529541016,0.024877799674868584,-0.08943457156419754,0.0414627306163311,0.10166910290718079,3.210661466251537,-16.772252882414087,0.7128558673281156,-32.94103873806559
69,-11.470710754394531,1.0,-35.303218841552734,-0.012093882076442242,0.09630127996206284,-0.05268605798482895,0.1104355901479721,3.210661466251537,-11.509540115554755,1.3091908087248965,-35.47237593773332
70,-5.806847095489502,1.0,-36.66299057006836,-0.007387818768620491,0.07579557597637177,-0.04024689272046089,0.08613571524620056,3.210661466251537,-5.830566880529561,1.2433539350996776,-36.7922097176623
71,-0.0,1.0,-37.119998931884766,-0.003463192842900753,-0.046200234442949295,0.026444610208272934,0.05334578827023506,3.210661466251537,-0.01111913981089956,0.8516666875422356,-37.03509424089902
72,5.806847095489502,1.0,-36.66299057006836,-0.00474375719204545,-0.05151576176285744,0.0275222510099411,0.0585990734398365,3.210661466251537,5.791616497067748,0.8346003288033993,-36.574625939286236
73,11.470710754394531,1.0,-35.303218841552734,0.004606633447110653,0.01480118278414011,-0.00804417859762907,0.01746438816189766,3.210661466251537,11.485501094892316,1.0475215872199843,-35.32904597580379
74,16.852127075195312,1.0,-33.074161529541016,0.007526972331106663,0.027538925409317017,-0.013117916882038116,0.031418584287166595,3.210661466251537,16.87629363521634,1.0884181666336694,-33.116278719791666
75,21.818588256835938,1.0,-30.030710220336914,-0.00131103431340307,-0.0010893101571127772,0.0005579666467383504,0.0017935257637873292,3.210661466251537,21.81437896948496,0.9965025938537616,-30.028918778324776
76,26.247804641723633,1.0,-26.247804641723633,-0.004845677874982357,-0.011185639537870884,0.004059236031025648,0.012848210521042347,3.210661466251537,26.23224681049256,0.9640866981603783,-26.234771809016397
77,30.030710220336914,1.0,-21.818588256835938,-0.0006377676618285477,-0.002183010336011648,0.0006680709775537252,0.0023703586775809526,3.210661466251537,30.02866256428066,0.9929910928337385,-21.816443307091586
78,33.074161529541016,1.0,-16.852127075195312,0.0018466688925400376,0.0032517758663743734,-0.000634475436527282,0.003792992327362299,3.210661466251537,33.08009055819522,1.010440351471055,-16.854164161030653
79,35.303218841552734,1.0,-11.470710754394531,0.0009225012618117034,0.0019122230587527156,-0.00030526655609719455,0.0021449460182338953,3.210661466251537,35.3061806808066,1.006139500889615,-11.471690861963127
80,36.66299057006836,1.0,-5.806847095489502,-0.00037187262205407023,-0.0005498499958775938,-6.463385943789035e-05,0.0006669346475973725,3.210661466251537,36.66179661297038,0.9982346178060172,-5.807054612931414
81,34.939998626708984,2.0,0.0,-0.002393303671851754,-0.004752865061163902,-3.180873620056701e-11,0.00532143097370863,3.210661466251537,34.932314538832735,1.9847401592938279,-1.0212708360932082e-10
82,34.509830474853516,2.0,5.465819835662842,-0.0010637904051691294,-0.0018240128410980105,0.0001083460811059922,0.0021143348421901464,3.210661466251537,34.50641500399147,1.9941437122571386,5.4661676982504686
83,33.229915618896484,2.0,10.797054290771484,0.0025996763724833727,0.005765251349657774,0.001002082834020257,0.006403171923011541,3.210661466251537,33.238262299650344,2.0185102703516007,10.800271639512665
84,31.13176727294922,2.0,15.862427711486816,0.005085811018943787,0.010156086646020412,0.002085739513859153,0.011548240669071674,3.210661466251537,31.14809609041238,2.0326077560422897,15.869124314972602
85,28.267053604125977,2.0,20.537216186523438,-0.0018600693438202143,-0.006658890284597874,-0.0022211442701518536,0.007261828985065222,3.210661466251537,28.26108155115922,1.978620557555245,20.530084844204275
86,24.706310272216797,2.0,24.706310272216797,-0.013055876828730106,-0.03413902223110199,-0.012113524600863457,0.03850540518760681,3.210661466251537,24.664392271574666,1.8903911568270964,24.667417845560315
87,20.537216186523438,2.0,28.267053604125977,-0.0032982262782752514,-0.0023549844045192003,-0.0007346932543441653,0.004118740558624268,3.210661466251537,20.526626698504803,1.992438942318787,28.26469475280474
88,15.862427711486816,2.0,31.13176727294922,0.019806209951639175,0.08400342613458633,0.03820668160915375,0.09438544511795044,3.210661466251537,15.926018746571032,2.2697065633234237,31.25443599334507
89,10.797054290771484,2.0,33.229915618896484,0.012172405607998371,0.04188147559762001,0.02083188109099865,0.04833417758345604,3.210661466251537,10.836135764408668,2.1344672398510327,33.29679973678489
90,5.465819835662842,2.0,34.509830474853516,-0.0108021916821599,-0.1581314355134964,-0.07961378246545792,0.1773713380098343,3.210661466251537,5.431137655077868,1.4922934933937773,34.25421757130914
91,0.0,2.0,34.939998626708984,-0.008944733999669552,-0.13459563255310059,-0.07155068218708038,0.15269412100315094,3.210661466251537,-0.02871851277860902,1.5678589890360088,34.71027360852692
92,-5.465819835662842,2.0,34.509830474853516,-0.02501850761473179,0.23428910970687866,0.11609873920679092,0.2626713216304779,3.210661466251537,-5.546145794004582,2.752223016498254,34.88258422310515
93,-10.797054290771484,2.0,33.229915618896484,-0.0343935452401638,0.28512418270111084,0.1451331228017807,0.3217799663543701,3.210661466251537,-10.907480321161858,2.9154372264949195,33.69588894375291
94,-15.862427711486816,2.0,31.13176727294922,0.07594415545463562,-0.2775700092315674,-0.11884594708681107,0.31134703755378723,3.210661466251537,-15.618596737981601,1.1088166671731232,30.750193170217425
95,-20.537216186523438,2.0,28.267053604125977,0.13155759871006012,-0.46730560064315796,-0.20317399501800537,0.526271402835846,3.210661466251537,-20.114829273752466,0.4996399150514834,27.614730687377286
96,-24.706310272216797,2.0,24.706310272216797,-0.10915210098028183,0.2625560164451599,0.07867145538330078,0.2950237989425659,3.210661466251537,-25.056760716794585,2.8429784847329795,24.95889768250989
97,-28.267053604125977,2.0,20.537216186523438,-0.2592976987361908,0.6369817852973938,0.20165911316871643,0.7166920304298401,3.210661466251537,-29.099570733745963,4.045132872758452,21.184675330492695
98,-31.13176727294922,2.0,15.862427711486816,0.09654100984334946,-0.18598416447639465,-0.017896341159939766,0.21031060814857483,3.210661466251537,-30.821806772732167,1.4028678097826517,15.804968618537707
99,-33.229915618896484,2.0,10.797054290771484,0.3669000267982483,-0.753286600112915,-0.12549234926700592,0.8472335338592529,3.210661466251537,-32.05192384088869,-0.41854826002616674,10.394140840670529
100,-34.509830474853516,2.0,5.465819835662842,-0.03828250616788864,0.06674442440271378,-0.025589892640709877,0.08108767122030258,3.210661466251537,-34.63274264223829,2.214293751516932,5.3836593534358
101,-34.939998626708984,2.0,0.0,-0.40846937894821167,0.7938504815101624,-4.022567168249225e-09,0.892774224281311,3.210661466251537,-36.251455521841706,4.548785150949906,-1.2915101402506348e-08
102,-34.509830474853516,2.0,-5.465819835662842,-0.0382826067507267,0.06674462556838989,0.025589875876903534,0.08108788728713989,3.210661466251537,-34.63274296517574,2.2142943973918165,-5.383659407258708
103,-33.229915618896484,2.0,-10.797054290771484,0.3669000267982483,-0.7532865405082703,0.12549234926700592,0.8472335338592529,3.210661466251537,-32.05192384088869,-0.4185480686558307,-10.394140840670529
104,-31.13176727294922,2.0,-15.862427711486816,0.09654109179973602,-0.18598434329032898,0.017896385863423347,0.21031083166599274,3.210661466251537,-30.821806509597955,1.4028672356716432,-15.804968475009954
105,-28.267053604125977,2.0,-20.537216186523438,-0.2592976689338684,0.636981725692749,-0.20165909826755524,0.7166919708251953,3.210661466251537,-29.099570638060797,4.045132681388116,-21.184675282650108
106,-24.706310272216797,2.0,-24.706310272216797,-0.10915215313434601,0.26255613565444946,-0.07867150753736496,0.29502391815185547,3.210661466251537,-25.05676088424363,2.842978867473652,-24.95889784995893
107,-20.537216186523438,2.0,-28.267053604125977,0.13155756890773773,-0.4673055112361908,0.20317396521568298,0.5262713432312012,3.210661466251537,-20.114829369437633,0.4996402021069877,-27.614730783062452
108,-15.862427711486816,2.0,-31.13176727294922,0.07594417780637741,-0.27757009863853455,0.11884599179029465,0.3113471567630768,3.210661466251537,-15.618596666217725,1.108816380117619,-30.750193026689672
109,-10.797054290771484,2.0,-33.229915618896484,-0.03439353406429291,0.2851240932941437,-0.1451330929994583,0.32177987694740295,3.210661466251537,-10.907480285279918,2.9154369394394153,-33.695888848067746
110,-5.465819835662842,2.0,-34.509830474853516,-0.025018509477376938,0.23428915441036224,-0.11609876900911331,0.2626713812351227,3.210661466251537,-5.546145799984905,2.7522231600260065,-34.882584318790315
111,-0.0,2.0,-34.939998626708984,-0.008944734930992126,-0.1345955729484558,0.07155065983533859,0.15269404649734497,3.210661466251537,-0.02871851576877052,1.567859180406345,-34.71027368029079
112,5.465819835662842,2.0,-34.509830474853516,-0.010802195407450199,-0.1581314504146576,0.07961379736661911,0.17737135291099548,3.210661466251537,5.431137643117222,1.4922934455511934,-34.25421752346655
113,10.797054290771484,2.0,-33.229915618896484,0.012172400951385498,0.041881442070007324,-0.020831866189837456,0.048334140330553055,3.210661466251537,10.836135749457862,2.1344671322052187,-33.2967996889423
114,15.862427711486816,2.0,-31.13176727294922,0.019806211814284325,0.08400342613458633,-0.03820668160915375,0.09438544511795044,3.210661466251537,15.926018752551355,2.2697065633234237,-31.25443599334507
115,20.537216186523438,2.0,-28.267053604125977,-0.003298221854493022,-0.0023549702018499374,0.000734687433578074,0.004118727520108223,3.210661466251537,20.52662671270807,1.9924389879187498,-28.264694771493247
116,24.706310272216797,2.0,-24.706310272216797,-0.013055876828730106,-0.03413902223110199,0.012113524600863457,0.03850540518760681,3.210661466251537,24.664392271574666,1.8903911568270964,-24.667417845560315
117,28.267053604125977,2.0,-20.537216186523438,-0.001860071555711329,-0.006658894941210747,0.0022211456671357155,0.0072618345730006695,3.210661466251537,28.261081544057582,1.9786205426044374,-20.530084839719034
118,31.13176727294922,2.0,-15.862427711486816,0.005085810087621212,0.010156084783375263,-0.0020857390481978655,0.011548238806426525,3.210661466251537,31.148096087422218,2.0326077500619664,-15.86912431347752
119,33.229915618896484,2.0,-10.797054290771484,0.0025996770709753036,0.005765252280980349,-0.0010020829504355788,0.006403172854334116,3.210661466251537,33.23826230189296,2.0185102733417626,-10.800271639886436
120,34.509830474853516,2.0,-5.465819835662842,-0.0010637897066771984,-0.0018240115605294704,-0.00010834619024535641,0.0021143334452062845,3.210661466251537,34.50641500623409,1.9941437163686107,-5.466167698600878
121,32.834999084472656,3.148634910583496,0.0,-0.0032032220624387264,-0.006156865041702986,-3.023863451301345e-11,0.0069402894005179405,3.210661466251537,32.824714622828935,3.128867301241189,-9.708601862299609e-11
122,32.430747985839844,3.148634910583496,5.136526107788086,-0.0015007031615823507,-0.002500762464478612,2.6581494239508174e-05,0.0029166126623749733,3.210661466251537,32.42592973602667,3.1406058089025466,5.136611451967356
123,31.227941513061523,3.148634910583496,10.146573066711426,0.003383573144674301,0.007308309432119131,0.0012529646046459675,0.008150451816618443,3.210661466251537,31.238805020975374,3.1720994180606437,10.150595911886139
124,29.25619888305664,3.148634910583496,14.906778335571289,0.00676276721060276,0.013032715767621994,0.002929333597421646,0.014972231350839138,3.210661466251537,29.277911839144952,3.190478548899209,14.916183434074327
125,26.56407356262207,3.148634910583496,19.299928665161133,-0.0026283147744834423,-0.00875365361571312,-0.0026415535248816013,0.009513795375823975,3.210661466251537,26.555634933654456,3.1205298922306124,19.291447531047755
126,23.217851638793945,3.148634910583496,23.217851638793945,-0.01711493916809559,-0.04290338233113289,-0.015936540439724922,0.04886301979422569,3.210661466251537,23.1629013631097,3.0108866741610707,23.16668480249876
127,19.299928665161133,3.148634910583496,26.56407356262207,-0.0029638069681823254,-0.0005737401661463082,-0.000934972835239023,0.003160301363095641,3.210661466251537,19.290412884334984,3.1467928251404094,26.561071681367977
128,14.906778335571289,3.148634910583496,29.25619888305664,0.026677869260311127,0.10634904354810715,0.05024968460202217,0.12061035633087158,3.210661466251537,14.992431942407066,3.4900856866761103,29.417533609099646
129,10.146573066711426,3.148634910583496,31.227941513061523,0.012896082364022732,0.046442724764347076,0.02568373642861843,0.05461584031581879,3.210661466251537,10.1879780214232,3.297746777372111,31.31040329592225
130,5.136526107788086,3.148634910583496,32.430747985839844,-0.016709664836525917,-0.20298047363758087,-0.10636451095342636,0.2297687828540802,3.210661466251537,5.082877030783474,2.4969333254738295,32.089247549144986
131,0.0,3.148634910583496,32.834999084472656,-0.0076952301897108555,-0.15934358537197113,-0.08987105637788773,0.18310216069221497,3.210661466251537,-0.024706779044040148,2.637036601135346,32.54645354682885
132,-5.136526107788086,3.148634910583496,32.430747985839844,-0.028551921248435974,0.30450817942619324,0.15851140022277832,0.3444797694683075,3.210661466251537,-5.228196661127888,4.1263075884255835,32.939674430496694
133,-10.146573066711426,3.148634910583496,31.227941513061523,-0.04907619580626488,0.3482191562652588,0.18532554805278778,0.3975054919719696,3.210661466251537,-10.304140117496816,4.266648737414985,31.822959108906556
134,-14.906778335571289,3.148634910583496,29.25619888305664,0.0950731560587883,-0.3634209632873535,-0.16715826094150543,0.41116371750831604,3.210661466251537,-14.601530616938419,1.9818132277287757,28.71951029588613
135,-19.299928665161133,3.148634910583496,26.56407356262207,0.17665566504001617,-0.5811508297920227,-0.2625041604042053,0.6617038249969482,3.210661466251537,-18.732747128622115,1.2827563352901432,25.721261570081577
136,-23.217851638793945,3.148634910583496,23.217851638793945,-0.13918903470039368,0.34385472536087036,0.11798009276390076,0.3892672061920166,3.210661466251537,-23.664740509031247,4.252636027288148,23.596645776415784
137,-26.56407356262207,3.148634910583496,19.299928665161133,-0.344867080450058,0.799442708492279,0.2621051073074341,0.9092530012130737,3.210661466251537,-27.67132500880174,5.715374809215417,20.141459433300835
138,-29.25619888305664,3.148634910583496,14.906778335571289,0.1234205961227417,-0.24247246980667114,-0.04043234884738922,0.2750642001628876,3.210661466251537,-28.85993713094356,2.370137895148378,14.776963751136936
139,-31.227941513061523,3.148634910583496,10.146573066711426,0.48615679144859314,-0.9483814835548401,-0.16337059438228607,1.0781770944595337,3.210661466251537,-29.66705663620104,0.10370302602750536,9.62204539460961
140,-32.430747985839844,3.148634910583496,5.136526107788086,-0.0488729327917099,0.08666539192199707,-0.015188392251729965,0.10064860433340073,3.210661466251537,-32.58766242789689,3.4268881448850395,5.0877613220511435
141,-32.834999084472656,3.148634910583496,0.0,-0.5405305027961731,1.0,-2.9162146031325165e-09,1.1367379426956177,3.210661466251537,-34.5704595411339,6.359296376835033,-9.362977853597588e-09
142,-32.430747985839844,3.148634910583496,-5.136526107788086,-0.048873066902160645,0.08666563779115677,0.015188370831310749,0.10064887255430222,3.210661466251537,-32.587662858480144,3.426888934287676,-5.087761390824857
143,-31.227941513061523,3.148634910583496,-10.146573066711426,0.48615676164627075,-0.9483814835548401,0.16337059438228607,1.0781770944595337,3.210661466251537,-29.66705673188621,0.10370302602750536,-9.62204539460961
144,-29.25619888305664,3.148634910583496,-14.906778335571289,0.12342070043087006,-0.24247269332408905,0.0404324047267437,0.2750644385814667,3.210661466251537,-28.85993679604547,2.370137177509617,-14.776963571727247
145,-26.56407356262207,3.148634910583496,-19.299928665161133,-0.3448670208454132,0.7994425892829895,-0.2621051073074341,0.9092528820037842,3.210661466251537,-27.671324817431405,5.715374426474744,-20.141459433300835
146,-23.217851638793945,3.148634910583496,-23.217851638793945,-0.13918909430503845,0.3438549041748047,-0.11798016726970673,0.3892674148082733,3.210661466251537,-23.664740700401584,4.252636601399156,-23.596646015628703
147,-19.299928665161133,3.148634910583496,-26.56407356262207,0.1766556352376938,-0.5811507105827332,0.26250413060188293,0.6617037057876587,3.210661466251537,-18.732747224307282,1.2827567180308155,-25.721261665766743
148,-14.906778335571289,3.148634910583496,-29.25619888305664,0.09507318586111069,-0.3634210526943207,0.1671583205461502,0.4111638069152832,3.210661466251537,-14.60153052125325,1.9818129406732714,-28.719510104515795
149,-10.146573066711426,3.148634910583496,-31.227941513061523,-0.049076180905103683,0.3482190668582916,-0.1853255033493042,0.39750537276268005,3.210661466251537,-10.304140069654231,4.26664845035948,-31.822958965378806
150,-5.136526107788086,3.148634910583496,-32.430747985839844,-0.028551924973726273,0.304508239030838,-0.1585114449262619,0.34447982907295227,3.210661466251537,-5.228196673088534,4.12630777979592,-32.939674574024444
151,-0.0,3.148634910583496,-32.834999084472656,-0.0076952301897108555,-0.15934352576732635,0.08987101912498474,0.183102086186409,3.210661466251537,-0.024706779044040148,2.6370367925056826,-32.54645366643531
152,5.136526107788086,3.148634910583496,-32.430747985839844,-0.016709668561816216,-0.20298050343990326,0.10636452585458755,0.22976882755756378,3.210661466251537,5.082877018822828,2.4969332297886613,-32.0892475013024
153,10.146573066711426,3.148634910583496,-31.227941513061523,0.01289607584476471,0.04644268751144409,-0.02568371780216694,0.054615799337625504,3.210661466251537,10.18797800049207,3.297746657765651,-31.31040323611902
154,14.906778335571289,3.148634910583496,-29.25619888305664,0.026677871122956276,0.10634905099868774,-0.05024968832731247,0.12061037123203278,3.210661466251537,14.99243194838739,3.4900857105974024,-29.417533621060294
155,19.299928665161133,3.148634910583496,-26.56407356262207,-0.002963801147416234,-0.0005737224128097296,0.0009349652682431042,0.0031602901872247458,3.210661466251537,19.29041290302349,3.146792882140363,-26.56107170566304
156,23.217851638793945,3.148634910583496,-23.217851638793945,-0.01711493730545044,-0.04290338233113289,0.015936538577079773,0.04886301979422569,3.210661466251537,23.162901369090026,3.0108866741610707,-23.166684808479083
157,26.56407356262207,3.148634910583496,-19.299928665161133,-0.002628317568451166,-0.008753660134971142,0.0026415553875267506,0.009513802826404572,3.210661466251537,26.55563492468397,3.1205298712994822,-19.291447525067433
158,29.25619888305664,3.148634910583496,-14.906778335571289,0.006762766279280186,0.013032713904976845,-0.002929333131760359,0.014972228556871414,3.210661466251537,29.27791183615479,3.190478542918886,-14.916183432579246
159,31.227941513061523,3.148634910583496,-10.146573066711426,0.0033835740759968758,0.007308310829102993,-0.0012529647210612893,0.008150453679263592,3.210661466251537,31.238805023965533,3.172099422545886,-10.15059591225991
160,32.430747985839844,3.148634910583496,-5.136526107788086,-0.001500702346675098,-0.0025007608346641064,-2.6581639758660458e-05,0.0029166110325604677,3.210661466251537,32.42592973864306,3.140605814135329,-5.136611452434569
161,30.729999542236328,4.297270774841309,0.0,-0.001677623949944973,-0.0033888991456478834,-3.102921045106122e-11,0.00378140970133245,3.210661466251537,30.72461325966538,4.286390166941364,-9.962429032343173e-11
162,30.35166358947754,4.297270774841309,4.8072309494018555,-0.001075857668183744,-0.0016535413451492786,7.710168574703857e-05,0.001974237384274602,3.210661466251537,30.34820937471913,4.291961813361584,4.807478496813267
163,29.225967407226562,4.297270774841309,9.496091842651367,0.0012426534667611122,0.003450284479185939,0.0007640963303856552,0.0037459968589246273,3.210661466251537,29.229957146828195,4.308348470266236,9.49854509729584
164,27.380630493164062,4.297270774841309,13.951128005981445,0.0040826499462127686,0.007520927116274834,0.0018732334719970822,0.00876021571457386,3.210661466251537,27.39373850002656,4.321417925724019,13.957142324507279
165,24.86109161376953,4.297270774841309,18.062641143798828,0.0002723722136579454,-0.003382291179150343,-0.001092138234525919,0.0035646662581712008,3.210661466251537,24.8619661087404,4.2864113828847685,18.059134657653416
166,21.72939109802246,4.297270774841309,21.72939109802246,-0.009374847635626793,-0.023823577910661697,-0.009452381171286106,0.027290988713502884,3.210661466251537,21.699291635966773,4.2207813312553055,21.69904270203149
167,18.062641143798828,4.297270774841309,24.86109161376953,-0.004501920659095049,-0.001708232332020998,-0.0016665167640894651,0.005095353350043297,3.210661466251537,18.04818700061455,4.291786219117483,24.85574099261221
168,13.951128005981445,4.297270774841309,27.380630493164062,0.013953758403658867,0.06084881350398064,0.02969001978635788,0.06912874430418015,3.210661466251537,13.995928800397456,4.492635715625665,27.475955095624368
169,9.496091842651367,4.297270774841309,29.225967407226562,0.011462518945336342,0.026978900656104088,0.01699226349592209,0.033881962299346924,3.210661466251537,9.532894110535336,4.38389089157969,29.28052381285731
170,4.8072309494018555,4.297270774841309,30.35166358947754,-0.006189149338752031,-0.12094353139400482,-0.06400071084499359,0.13697347044944763,3.210661466251537,4.787359686111048,3.908962039002194,30.14617897335481
171,0.0,4.297270774841309,30.729999542236328,-0.009659047238528728,-0.09314081817865372,-0.05731571465730667,0.10978888720273972,3.210661466251537,-0.031011930769447506,3.9982271389799644,30.545978185775446
172,-4.8072309494018555,4.297270774841309,30.35166358947754,-0.025009281933307648,0.18753480911254883,0.09634073078632355,0.21231180429458618,3.210661466251537,-4.887527287203747,4.8993815600398065,30.6609810614437
173,-9.496091842651367,4.297270774841309,29.225967407226562,-0.024970965459942818,0.20919540524482727,0.11949808895587921,0.2422107756137848,3.210661466251537,-9.576265159228704,4.96892640137775,29.609635316727903
174,-13.951128005981445,4.297270774841309,27.380630493164062,0.07087863981723785,-0.22836698591709137,-0.09932061284780502,0.2589205503463745,3.210661466251537,-13.723560688339917,3.564061692993296,27.061745628689128
175,-18.062641143798828,4.297270774841309,24.86109161376953,0.1072012335062027,-0.3565395772457123,-0.1717330664396286,0.4100058674812317,3.210661466251537,-17.71845427424583,3.152542892984887,24.3097148748706
176,-21.72939109802246,4.297270774841309,21.72939109802246,-0.10056599229574203,0.2171342819929123,0.06195558235049248,0.24718274176120758,3.210661466251537,-22.05227445430175,4.994415447038147,21.92830949889436
177,-24.86109161376953,4.297270774841309,18.062641143798828,-0.21773779392242432,0.49535971879959106,0.17274825274944305,0.5680078864097595,3.210661466251537,-25.560173958462876,5.887703135924353,18.617277302263744
178,-27.380630493164062,4.297270774841309,13.951128005981445,0.08767759054899216,-0.15221363306045532,-0.005675916094332933,0.1757514327764511,3.210661466251537,-27.099127431734633,3.8085643285359536,13.932904560891693
179,-29.225967407226562,4.297270774841309,9.496091842651367,0.31059810519218445,-0.5887657403945923,-0.10780008137226105,0.6743419766426086,3.210661466251537,-28.228742039395275,2.4069432995073354,9.149982275330668
180,-30.35166358947754,4.297270774841309,4.8072309494018555,-0.03438775986433029,0.054034262895584106,-0.03374771401286125,0.07239563763141632,3.210661466251537,-30.462071044984654,4.470756500577465,4.698878464446685
181,-30.729999542236328,4.297270774841309,0.0,-0.3461567163467407,0.6206398010253906,-4.977929179972307e-09,0.7106463313102722,3.210661466251537,-31.841391572694974,6.289935068415551,-1.59824453998662e-08
182,-30.35166358947754,4.297270774841309,-4.8072309494018555,-0.034387845546007156,0.05403441935777664,0.03374769911170006,0.07239577919244766,3.210661466251537,-30.462071320079513,4.470757002924598,-4.6988785122892684
183,-29.225967407226562,4.297270774841309,-9.496091842651367,0.31059807538986206,-0.5887656807899475,0.10780008137226105,0.6743419170379639,3.210661466251537,-28.22874213508044,2.4069434908776715,-9.149982275330668
184,-27.380630493164062,4.297270774841309,-13.951128005981445,0.08767765760421753,-0.15221376717090607,0.005675953347235918,0.17575158178806305,3.210661466251537,-27.099127216443005,3.8085638979526975,-13.932904441285233
185,-24.86109161376953,4.297270774841309,-18.062641143798828,-0.21773776412010193,0.4953596591949463,-0.17274823784828186,0.5680078268051147,3.210661466251537,-25.56017386277771,5.887702944554016,-18.61727725442116
186,-21.72939109802246,4.297270774841309,-21.72939109802246,-0.10056603699922562,0.21713438630104065,-0.06195563077926636,0.24718287587165833,3.210661466251537,-22.052274597829502,4.994415781936235,-21.92830965438276
187,-18.062641143798828,4.297270774841309,-24.86109161376953,0.10720121115446091,-0.3565395176410675,0.1717330515384674,0.4100058078765869,3.210661466251537,-17.718454346009707,3.152543084355223,-24.309714922713184
188,-13.951128005981445,4.297270774841309,-27.380630493164062,0.07087865471839905,-0.22836706042289734,0.09932065010070801,0.2589206397533417,3.210661466251537,-13.723560640497334,3.5640614537803756,-27.061745509082666
189,-9.496091842651367,4.297270774841309,-29.225967407226562,-0.024970954284071922,0.2091953456401825,-0.11949806660413742,0.24221071600914001,3.210661466251537,-9.576265123346765,4.968926210007414,-29.609635244964025
190,-4.8072309494018555,4.297270774841309,-30.35166358947754,-0.025009283795952797,0.1875348538160324,-0.09634075313806534,0.21231186389923096,3.210661466251537,-4.88752729318407,4.899381703567559,-30.660981133207578
191,-0.0,4.297270774841309,-30.729999542236328,-0.009659049101173878,-0.09314078092575073,0.05731569230556488,0.10978884994983673,3.210661466251537,-0.031011936749770513,3.9982272585864247,-30.54597825753932
192,4.8072309494018555,4.297270774841309,-30.35166358947754,-0.0061891525983810425,-0.12094354629516602,0.06400071829557419,0.13697350025177002,3.210661466251537,4.787359675645483,3.90896199115961,-30.14617894943352
193,9.496091842651367,4.297270774841309,-29.225967407226562,0.011462516151368618,0.026978878304362297,-0.016992250457406044,0.033881936222314835,3.210661466251537,9.532894101564851,4.383890819815814,-29.28052377099505
194,13.951128005981445,4.297270774841309,-27.380630493164062,0.01395376119762659,0.060848817229270935,-0.02969002164900303,0.06912874430418015,3.210661466251537,13.99592880936794,4.492635727586311,-27.47595510160469
195,18.062641143798828,4.297270774841309,-24.86109161376953,-0.004501917865127325,-0.0017082223203033209,0.0016665123403072357,0.0050953458994627,3.210661466251537,18.048187009585035,4.29178625126172,-24.855741006815474
196,21.72939109802246,4.297270774841309,-21.72939109802246,-0.009374847635626793,-0.023823576048016548,0.009452381171286106,0.027290986850857735,3.210661466251537,21.699291635966773,4.220781337235628,-21.69904270203149
197,24.86109161376953,4.297270774841309,-18.062641143798828,0.00027237055473960936,-0.0033822946716099977,0.0010921393986791372,0.003564669983461499,3.210661466251537,24.861966103414176,4.2864113716716625,-18.059134653915713
198,27.380630493164062,4.297270774841309,-13.951128005981445,0.004082649480551481,0.007520926184952259,-0.0018732332391664386,0.008760214783251286,3.210661466251537,27.39373849853148,4.321417922733857,-13.957142323759738
199,29.225967407226562,4.297270774841309,-9.496091842651367,0.0012426540488377213,0.003450285643339157,-0.0007640965050086379,0.0037459982559084892,3.210661466251537,29.229957148697046,4.308348474003939,-9.498545097856496
200,30.35166358947754,4.297270774841309,-4.8072309494018555,-0.0010758573189377785,-0.0016535405302420259,-7.710178033448756e-05,0.0019742364529520273,3.210661466251537,30.34820937584044,4.2919618159779755,-4.807478497116954
201,28.8700008392334,5.696018218994141,0.0,0.0018265420803800225,0.0011975475354120135,3.643445788126254e-12,0.002184119075536728,3.210661466251537,28.875865247507363,5.699863138720093,1.1697870996313425e-11
202,28.514562606811523,5.696018218994141,4.516263008117676,-4.5973054511705413e-05,-0.00031999050406739116,-6.437065894715488e-05,0.00032962256227619946,3.210661466251537,28.514415002896918,5.694990837813165,4.516056335723437
203,27.457002639770508,5.696018218994141,8.921320915222168,-0.003389045363292098,-0.0029121474362909794,-0.0009195677121169865,0.004561999347060919,3.210661466251537,27.446121562415208,5.686668299436398,8.918368494603264
204,25.723358154296875,5.696018218994141,13.106705665588379,-0.0014613911043852568,-0.00047170891775749624,-0.0004086769185960293,0.0015890846261754632,3.210661466251537,25.718666122190903,5.694503721348609,13.105393542353696
205,23.356321334838867,5.696018218994141,16.9693603515625,0.006327006500214338,0.0068100509233772755,0.004362759180366993,0.010268469341099262,3.210661466251537,23.37663521080583,5.717882987077039,16.98336769434944
206,20.414173126220703,5.696018218994141,20.414173126220703,0.005918095353990793,0.004153162706643343,0.004872651770710945,0.008718677796423435,3.210661466251537,20.433174126927362,5.709352618459433,20.429817561499387
207,16.9693603515625,5.696018218994141,23.356321334838867,-0.0066323974169790745,-0.010303814895451069,-0.009420644491910934,0.015456578694283962,3.210661466251537,16.94806596874694,5.662936157553927,23.326074834581433
208,13.106705665588379,5.696018218994141,25.723358154296875,-0.009898572228848934,-0.00908037181943655,-0.016937846317887306,0.021617712453007698,3.210661466251537,13.074924701162306,5.666864219094239,25.668976463802743
209,8.921320915222168,5.696018218994141,27.457002639770508,0.0022870455868542194,0.011999883688986301,0.010369294323027134,0.01602342166006565,3.210661466251537,8.928663844359441,5.7345457831538695,27.49029493348567
210,4.516263008117676,5.696018218994141,28.514562606811523,0.0064836665987968445,0.01140676811337471,0.03434713929891586,0.03676789626479149,3.210661466251537,4.537079866626455,5.732641489830219,28.624839643434527
211,0.0,5.696018218994141,28.8700008392334,0.00213337573222816,-0.01367317046970129,-0.0012597747845575213,0.013895823620259762,3.210661466251537,0.00684954725650111,5.652118297445583,28.865956128876466
212,-4.516263008117676,5.696018218994141,28.514562606811523,0.007324714679270983,-0.008717462420463562,-0.0472768172621727,0.04862862452864647,3.210661466251537,-4.492745828945654,5.6680293983172625,28.36277275138085
213,-8.921320915222168,5.696018218994141,27.457002639770508,0.0021074579562991858,0.019121285527944565,-0.016010457649827003,0.025027979165315628,3.210661466251537,-8.914554581170133,5.7574101936239055,27.405598480337154
214,-13.106705665588379,5.696018218994141,25.723358154296875,-0.02512824349105358,0.003641712013632059,0.0465349406003952,0.05301123857498169,3.210661466251537,-13.18738394867969,5.707710523427495,25.87276609491687
215,-16.9693603515625,5.696018218994141,23.356321334838867,-0.0189992506057024,-0.02893880382180214,0.031435634940862656,0.04676136374473572,3.210661466251537,-17.030360513369885,5.603105516684068,23.457250516610646
216,-20.414173126220703,5.696018218994141,20.414173126220703,0.03612293303012848,-0.001233878661878407,-0.03216644749045372,0.04838459566235542,3.210661466251537,-20.298194617092886,5.692056652320417,20.3108975527569
217,-23.356321334838867,5.696018218994141,16.9693603515625,0.04430220276117325,0.03792425990104675,-0.03537505120038986,0.0682079866528511,3.210661466251537,-23.214081959563504,5.81778017889454,16.855783037806734
218,-25.723358154296875,5.696018218994141,13.106705665588379,-0.03230470418930054,0.0016049909172579646,0.011889609508216381,0.03446059674024582,3.210661466251537,-25.827077623216116,5.701171301485864,13.144879176685187
219,-27.457002639770508,5.696018218994141,8.921320915222168,-0.06766803562641144,-0.041907355189323425,0.0235165823251009,0.08299529552459717,3.210661466251537,-27.674261794253162,5.5614678885352635,8.9968246999113
220,-28.514562606811523,5.696018218994141,4.516263008117676,0.012986049056053162,-0.000988011946901679,0.0027854852378368378,0.013318128883838654,3.210661466251537,-28.4728687995084,5.692846047108027,4.525206258235611
221,-28.8700008392334,5.696018218994141,0.0,0.07722634822130203,0.04255085438489914,6.185200684960535e-10,0.0881730392575264,3.210661466251537,-28.62205317881994,5.832634607523817,1.98585855002354e-09
222,-28.514562606811523,5.696018218994141,-4.516263008117676,0.012986068613827229,-0.000988001236692071,-0.0027854822110384703,0.013318146578967571,3.210661466251537,-28.47286873671501,5.692846081494885,-4.525206248517586
223,-27.457002639770508,5.696018218994141,-8.921320915222168,-0.06766802817583084,-0.041907355189323425,-0.0235165823251009,0.08299528807401657,3.210661466251537,-27.67426177033187,5.5614678885352635,-8.9968246999113
224,-25.723358154296875,5.696018218994141,-13.106705665588379,-0.03230471909046173,0.0016049806727096438,-0.011889616958796978,0.03446061164140701,3.210661466251537,-25.8270776710587,5.701171268594088,-13.144879200606479
225,-23.356321334838867,5.696018218994141,-16.9693603515625,0.04430219531059265,0.03792425990104675,0.035375043749809265,0.06820797175168991,3.210661466251537,-23.2140819834848,5.81778017889454,-16.855783061728026
226,-20.414173126220703,5.696018218994141,-20.414173126220703,0.036122940480709076,-0.0012338700471445918,0.032166458666324615,0.04838461056351662,3.210661466251537,-20.298194593171594,5.6920566799794114,-20.310897516874963
227,-16.9693603515625,5.696018218994141,-23.356321334838867,-0.018999243155121803,-0.02893880382180214,-0.03143562749028206,0.04676135629415512,3.210661466251537,-17.030360489448594,5.603105516684068,-23.457250492689354
228,-13.106705665588379,5.696018218994141,-25.723358154296875,-0.02512824535369873,0.003641705960035324,-0.0465349443256855,0.05301124230027199,3.210661466251537,-13.187383954660014,5.707710503991445,-25.872766106877513
229,-8.921320915222168,5.696018218994141,-27.457002639770508,0.0021074537653476,0.019121287390589714,0.01601044461131096,0.025027969852089882,3.210661466251537,-8.91455459462586,5.757410199604228,-27.405598522199416
230,-4.516263008117676,5.696018218994141,-28.514562606811523,0.0073247142136096954,-0.008717458695173264,0.047276820987463,0.04862862452864647,3.210661466251537,-4.492745830440734,5.668029410277908,-28.362772739420205
231,-0.0,5.696018218994141,-28.8700008392334,0.0021333754993975163,-0.013673173263669014,0.0012597853783518076,0.01389582734555006,3.210661466251537,0.006849546508960734,5.652118288475098,-28.865956094863378
232,4.516263008117676,5.696018218994141,-28.514562606811523,0.0064836665987968445,0.011406765319406986,-0.03434713929891586,0.03676789626479149,3.210661466251537,4.537079866626455,5.732641480859735,-28.624839643434527
233,8.921320915222168,5.696018218994141,-27.457002639770508,0.002287047915160656,0.011999886482954025,-0.010369300842285156,0.016023429110646248,3.210661466251537,8.928663851834845,5.7345457921243534,-27.490294954416804
234,13.106705665588379,5.696018218994141,-25.723358154296875,-0.00989857129752636,-0.009080369025468826,0.016937844455242157,0.02161771059036255,3.210661466251537,13.074924704152467,5.666864228064724,-25.66897646978307
235,16.9693603515625,5.696018218994141,-23.356321334838867,-0.006632399279624224,-0.010303815826773643,0.009420647285878658,0.01545658241957426,3.210661466251537,16.948065962766616,5.6629361545637655,-23.32607482561095
236,20.414173126220703,5.696018218994141,-20.414173126220703,0.005918093491345644,0.004153160843998194,-0.004872649908065796,0.008718675002455711,3.210661466251537,20.43317412094704,5.70935261247911,-20.429817555519065
237,23.356321334838867,5.696018218994141,-16.9693603515625,0.006327007431536913,0.006810051389038563,-0.00436275964602828,0.010268471203744411,3.210661466251537,23.37663521379599,5.71788298857212,-16.98336769584452
238,25.723358154296875,5.696018218994141,-13.106705665588379,-0.0014613898238167167,-0.0004717077245004475,0.00040867633651942015,0.0015890829963609576,3.210661466251537,25.718666126302374,5.694503725179754,-13.105393544222547
239,27.457002639770508,5.696018218994141,-8.921320915222168,-0.003389045363292098,-0.0029121474362909794,0.0009195676539093256,0.004561999347060919,3.210661466251537,27.446121562415208,5.686668299436398,-8.91836849479015
240,28.514562606811523,5.696018218994141,-4.516263008117676,-4.597362203639932e-05,-0.00031999091152101755,6.437073170673102e-05,0.00032962302793748677,3.210661466251537,28.514415001074788,5.694990836504969,-4.51605633548983
241,27.010000228881836,7.094764232635498,0.0,0.0038563143461942673,0.003847918240353465,5.4908438906764445e-11,0.0054477183148264885,3.210661466251537,27.022381548754915,7.107118595455088,1.7629240896997526e-10
242,26.677461624145508,7.094764232635498,4.225295066833496,0.0005484457360580564,0.00039490024209953845,-0.0004285986942704767,0.0008002722752280533,3.210661466251537,26.6792224977366,7.096032123625821,4.223918981521316
243,25.688037872314453,7.094764232635498,8.346549034118652,-0.005953433457762003,-0.006502797827124596,-0.0020560603588819504,0.009053017944097519,3.210661466251537,25.668923412919725,7.0738859502291245,8.339947720352102
244,24.066085815429688,7.094764232635498,12.262283325195312,-0.004602137953042984,-0.00466182641685009,-0.0010933239245787263,0.006641359534114599,3.210661466251537,24.05130990844148,7.0797966861965635,12.258773032200537
245,21.85154914855957,7.094764232635498,15.876079559326172,0.009721430018544197,0.01314607635140419,0.008282696828246117,0.018328353762626648,3.210661466251537,21.88276136931697,7.136971833409352,15.902672494869266
246,19.098953247070312,7.094764232635498,19.098953247070312,0.015240258537232876,0.01998455636203289,0.012208221480250359,0.02794080600142479,3.210661466251537,19.147884557891516,7.158927877667209,19.138149713348415
247,15.876079559326172,7.094764232635498,21.85154914855957,-0.007481373846530914,-0.01772432029247284,-0.0165849756449461,0.025400469079613686,3.210661466251537,15.852059400602492,7.037857440456955,21.79830040633762
248,12.262283325195312,7.094764232635498,24.066085815429688,-0.025806359946727753,-0.05240723118185997,-0.04508860036730766,0.07379341870546341,3.210661466251537,12.179427839730137,6.926502354926964,23.921321583663158
249,8.346549034118652,7.094764232635498,25.688037872314453,-0.00580590358003974,0.00757569819688797,0.01105164922773838,0.014602693729102612,3.210661466251537,8.327908243217447,7.119087234916197,25.723520976628482
250,4.225295066833496,7.094764232635498,26.677461624145508,0.015900136902928352,0.09931297600269318,0.09929069876670837,0.1413312554359436,3.210661466251537,4.2763450236958525,7.413624577786108,26.996250444632967
251,0.0,7.094764232635498,27.010000228881836,0.015718484297394753,0.030959466472268105,0.029698114842176437,0.045689575374126434,3.210661466251537,0.0504667318415252,7.194164598653716,27.105350821825926
252,-4.225295066833496,7.094764232635498,26.677461624145508,0.02999025210738182,-0.14529578387737274,-0.14694108068943024,0.20881082117557526,3.210661466251537,-4.129006520029156,6.628268658131606,26.205683558566598
253,-8.346549034118652,7.094764232635498,25.688037872314453,0.011377076618373394,-0.10082068294286728,-0.10359802842140198,0.1450062096118927,3.210661466251537,-8.310021092621449,6.77106315090967,25.355419674482228
254,-12.262283325195312,7.094764232635498,24.066085815429688,-0.09571047127246857,0.1694541722536087,0.14949998259544373,0.24540875852108002,3.210661466251537,-12.569577247226603,7.63882421378571,24.546079648754155
255,-15.876079559326172,7.094764232635498,21.85154914855957,-0.09632076323032379,0.18881794810295105,0.17079977691173553,0.27221769094467163,3.210661466251537,-16.185332922229712,7.7009947427463254,22.399929410734437
256,-19.098953247070312,7.094764232635498,19.098953247070312,0.13787506520748138,-0.15845823287963867,-0.09631643444299698,0.23107445240020752,3.210661466251537,-18.656283088051733,6.58600849031853,18.78971378243744
257,-21.85154914855957,7.094764232635498,15.876079559326172,0.2185167372226715,-0.2729671597480774,-0.18158763647079468,0.3939983546733856,3.210661466251537,-21.149965880627725,6.2183590912802185,15.293063132161699
258,-24.066085815429688,7.094764232635498,12.262283325195312,-0.12144758552312851,0.11178747564554214,0.017903750762343407,0.1660316288471222,3.210661466251537,-24.456012898438082,7.4536759731001725,12.31976620786934
259,-25.688037872314453,7.094764232635498,8.346549034118652,-0.32505548000335693,0.332192987203598,0.11639764904975891,0.4791259467601776,3.210661466251537,-26.73168097635513,8.16132345600908,8.720262480684983
260,-26.677461624145508,7.094764232635498,4.225295066833496,0.04801230877637863,-0.040138136595487595,0.0374155268073082,0.07291208952665329,3.210661466251537,-26.523310354451418,6.965894264141225,4.345423656993222
261,-27.010000228881836,7.094764232635498,0.0,0.3667118549346924,-0.35325437784194946,5.727749385897596e-09,0.5091819763183594,3.210661466251537,-25.832612607025396,5.9605840139136905,1.8389864241647314e-08
262,-26.677461624145508,7.094764232635498,-4.225295066833496,0.048012398183345795,-0.04013822600245476,-0.037415508180856705,0.07291219383478165,3.210661466251537,-26.523310067395915,6.965893977085721,-4.345423597189992
263,-25.688037872314453,7.094764232635498,-8.346549034118652,-0.32505545020103455,0.33219295740127563,-0.11639765650033951,0.47912588715553284,3.210661466251537,-26.73168088066996,8.161323360323912,-8.720262504606275
264,-24.066085815429688,7.094764232635498,-12.262283325195312,-0.12144766002893448,0.11178755015134811,-0.01790379174053669,0.16603173315525055,3.210661466251537,-24.456013137651006,7.453676212313092,-12.319766339436447
265,-21.85154914855957,7.094764232635498,-15.876079559326172,0.21851670742034912,-0.272967129945755,0.18158762156963348,0.39399829506874084,3.210661466251537,-21.149965976312895,6.218359186965387,-15.293063180004284
266,-19.098953247070312,7.094764232635498,-19.098953247070312,0.13787510991096497,-0.15845829248428345,0.09631648659706116,0.23107454180717468,3.210661466251537,-18.656282944523984,6.586008298948194,-18.789713614988397
267,-15.876079559326172,7.094764232635498,-21.85154914855957,-0.0963207259774208,0.18881790339946747,-0.17079974710941315,0.27221763134002686,3.210661466251537,-16.18533280262325,7.700994599218573,-22.39992931504927
268,-12.262283325195312,7.094764232635498,-24.066085815429688,-0.09571048617362976,0.1694542020559311,-0.1495000123977661,0.2454088032245636,3.210661466251537,-12.569577295069186,7.638824309470878,-24.54607974443932
269,-8.346549034118652,7.094764232635498,-25.688037872314453,0.011377060785889626,-0.1008206456899643,0.1035979837179184,0.14500615000724792,3.210661466251537,-8.310021143454195,6.77106327051613,-25.355419818009977
270,-4.225295066833496,7.094764232635498,-26.677461624145508,0.02999025024473667,-0.14529579877853394,0.14694109559059143,0.20881085097789764,3.210661466251537,-4.129006526009479,6.628268610289022,-26.20568351072401
271,-0.0,7.094764232635498,-27.010000228881836,0.015718484297394753,0.030959434807300568,-0.0296980831772089,0.04568953439593315,3.210661466251537,0.0504667318415252,7.194164496988225,-27.105350720160434
272,4.225295066833496,7.094764232635498,-26.677461624145508,0.01590014062821865,0.09931297600269318,-0.09929069876670837,0.1413312554359436,3.210661466251537,4.276345035656498,7.413624577786108,-26.996250444632967
273,8.346549034118652,7.094764232635498,-25.688037872314453,-0.005805897526443005,0.00757571728900075,-0.011051666922867298,0.014602715149521828,3.210661466251537,8.327908262653496,7.119087296214508,-25.72352103344155
274,12.262283325195312,7.094764232635498,-24.066085815429688,-0.025806359946727753,-0.05240722373127937,0.045088596642017365,0.07379340380430222,3.210661466251537,12.179427839730137,6.926502378848256,-23.921321595623805
275,15.876079559326172,7.094764232635498,-21.85154914855957,-0.007481378968805075,-0.017724329605698586,0.016584983095526695,0.02540048398077488,3.210661466251537,15.852059384156604,7.037857410555341,-21.79830038241633
276,19.098953247070312,7.094764232635498,-19.098953247070312,0.015240255743265152,0.019984552636742592,-0.012208218686282635,0.027940800413489342,3.210661466251537,19.147884548921034,7.158927865706563,-19.13814970437793
277,21.85154914855957,7.094764232635498,-15.876079559326172,0.009721431881189346,0.01314607821404934,-0.008282697759568691,0.018328357487916946,3.210661466251537,21.882761375297296,7.136971839389675,-15.902672497859427
278,24.066085815429688,7.094764232635498,-12.262283325195312,-0.004602136090397835,-0.0046618240885436535,0.001093322760425508,0.006641356274485588,3.210661466251537,24.0513099144218,7.079796693671968,-12.258773035938239
279,25.688037872314453,7.094764232635498,-8.346549034118652,-0.00595343392342329,-0.006502798292785883,0.0020560603588819504,0.009053018875420094,3.210661466251537,25.668923411424643,7.073885948734044,-8.339947720352102
280,26.677461624145508,7.094764232635498,-4.225295066833496,0.000548444630112499,0.00039489910705015063,0.00042859886889345944,0.0008002711110748351,3.210661466251537,26.679222494185783,7.096032119981561,-4.2239189809606605
281,25.389999389648438,8.839286804199219,0.0,0.002806169679388404,0.002812096383422613,2.212591741768133e-11,0.00397271616384387,3.210661466251537,25.399009050505814,8.848315493696859,7.103883045841316e-11
282,25.077407836914062,8.839286804199219,3.9718708992004395,0.00019954433082602918,7.602020923513919e-05,-0.00017075832874979824,0.0002734143636189401,3.210661466251537,25.078048506207853,8.839530879355666,3.971322652014281
283,24.14732551574707,8.839286804199219,7.845941066741943,-0.004366233944892883,-0.004798960871994495,-0.0012806199956685305,0.006613169331103563,3.210661466251537,24.133307016667562,8.823878965449458,7.841829429468939
284,22.622655868530273,8.839286804199219,11.526819229125977,-0.002322810236364603,-0.0024150225799530745,-0.0005587419727817178,0.003397053573280573,3.210661466251537,22.61519811121096,8.831532984261637,11.525025297804389
285,20.54094123840332,8.839286804199219,14.923868179321289,0.008526662364602089,0.010895833373069763,0.006049460265785456,0.01510030310600996,3.210661466251537,20.568317464693084,8.874269636552832,14.943290948288267
286,17.953441619873047,8.839286804199219,17.953441619873047,0.01015817653387785,0.013524738140404224,0.007934887893497944,0.018683401867747307,3.210661466251537,17.98605608583775,8.882710159787758,17.978917858671725
287,14.923868179321289,8.839286804199219,20.54094123840332,-0.00996045209467411,-0.017807304859161377,-0.015153437852859497,0.025415297597646713,3.210661466251537,14.891888539594474,8.782113576670115,20.492288679407906
288,11.526819229125977,8.839286804199219,22.622655868530273,-0.021158363670110703,-0.041579172015190125,-0.03511980175971985,0.05839438736438751,3.210661466251537,11.458886886201416,8.705790158811404,22.50989807431795
289,7.845941066741943,8.839286804199219,24.14732551574707,0.0012238685740157962,0.013670762069523335,0.01587950624525547,0.02098919451236725,3.210661466251537,7.849870494412292,8.88317899319013,24.19830923455181
290,3.9718708992004395,8.839286804199219,25.077407836914062,0.016877785325050354,0.08737532049417496,0.08723066002130508,0.12461338192224503,3.210661466251537,4.026059754179244,9.119819378811245,25.357475955720155
291,0.0,8.839286804199219,25.389999389648438,0.008323553018271923,0.017880940809845924,0.015606747940182686,0.025151146575808525,3.210661466251537,0.026724110938067338,8.896696451837716,25.44010737387348
292,-3.9718708992004395,8.839286804199219,25.077407836914062,0.022062812000513077,-0.13648684322834015,-0.14010795950889587,0.19683918356895447,3.210661466251537,-3.90103467887324,8.401073755995672,24.62756861020372
293,-7.845941066741943,8.839286804199219,24.14732551574707,0.014072953723371029,-0.08367700129747391,-0.08375156670808792,0.11922337859869003,3.210661466251537,-7.800757576505975,8.57062828052194,23.878427587779218
294,-11.526819229125977,8.839286804199219,22.622655868530273,-0.08408191055059433,0.16504532098770142,0.15198713541030884,0.2396034598350525,3.210661466251537,-11.796777779339578,9.369191456479548,23.110635107558107
295,-14.923868179321289,8.839286804199219,20.54094123840332,-0.0929197296500206,0.1713775396347046,0.15130235254764557,0.2467726469039917,3.210661466251537,-15.22220197476312,9.38952206688536,21.02672187148125
296,-17.953441619873047,8.839286804199219,17.953441619873047,0.12554188072681427,-0.15596765279769897,-0.10703659057617188,0.22703194618225098,3.210661466251537,-17.550369141022717,8.338527471379948,17.60978336303119
297,-20.54094123840332,8.839286804199219,14.923868179321289,0.20899724960327148,-0.2556788921356201,-0.16571511328220367,0.36947670578956604,3.210661466251537,-19.869921822549543,8.0183884374855,14.39181305073061
298,-22.622655868530273,8.839286804199219,11.526819229125977,-0.11077111214399338,0.10934197157621384,0.03541107475757599,0.15962408483028412,3.210661466251537,-22.97830440986482,9.19034685898294,11.640512202328678
299,-24.14732551574707,8.839286804199219,7.845941066741943,-0.30904099345207214,0.3134424388408661,0.1067742332816124,0.452938437461853,3.210661466251537,-25.13955152491573,9.845644364473491,8.18875698312777
300,-25.077407836914062,8.839286804199219,3.9718708992004395,0.04349394142627716,-0.03891253471374512,0.01489299163222313,0.06023046746850014,3.210661466251537,-24.93776351516131,8.714351828439622,4.019687253551225
301,-25.389999389648438,8.839286804199219,0.0,0.34747883677482605,-0.33342045545578003,2.771305851467787e-09,0.48157110810279846,3.210661466251537,-24.274362478077595,7.768786595807309,8.897724908505028e-09
302,-25.077407836914062,8.839286804199219,-3.9718708992004395,0.043494027107954025,-0.03891262039542198,-0.01489297766238451,0.06023058295249939,3.210661466251537,-24.937763240066456,8.714351553344764,-4.0196872086988025
303,-24.14732551574707,8.839286804199219,-7.845941066741943,-0.30904096364974976,0.3134424090385437,-0.1067742332816124,0.45293840765953064,3.210661466251537,-25.139551429230565,9.845644268788323,-8.18875698312777
304,-22.622655868530273,8.839286804199219,-11.526819229125977,-0.11077117919921875,0.1093420460820198,-0.03541111201047897,0.15962420403957367,3.210661466251537,-22.978304625156447,9.19034709819586,-11.64051232193514
305,-20.54094123840332,8.839286804199219,-14.923868179321289,0.2089972198009491,-0.25567886233329773,0.16571509838104248,0.36947667598724365,3.210661466251537,-19.86992191823471,8.018388533170668,-14.391813098573193
306,-17.953441619873047,8.839286804199219,-17.953441619873047,0.12554192543029785,-0.15596771240234375,0.10703663527965546,0.22703202068805695,3.210661466251537,-17.550368997494967,8.338527280009611,-17.609783219503438
307,-14.923868179321289,8.839286804199219,-20.54094123840332,-0.09291969984769821,0.171377494931221,-0.15130232274532318,0.24677258729934692,3.210661466251537,-15.222201879077952,9.389521923357607,-21.026721775796084
308,-11.526819229125977,8.839286804199219,-22.622655868530273,-0.08408191800117493,0.1650453507900238,-0.15198716521263123,0.23960350453853607,3.210661466251537,-11.79677780326087,9.369191552164716,-23.110635203243273
309,-7.845941066741943,8.839286804199219,-24.14732551574707,0.014072940684854984,-0.08367696404457092,0.08375152945518494,0.11922332644462585,3.210661466251537,-7.800757618368236,8.570628400128399,-23.878427707385676
310,-3.9718708992004395,8.839286804199219,-25.077407836914062,0.022062810137867928,-0.13648685812950134,0.14010797441005707,0.19683919847011566,3.210661466251537,-3.9010346848535633,8.401073708153088,-24.627568562361137
311,-0.0,8.839286804199219,-25.389999389648438,0.008323553018271923,0.017880912870168686,-0.015606718137860298,0.02515110932290554,3.210661466251537,0.026724110938067338,8.89669636213287,-25.440107278188314
312,3.9718708992004395,8.839286804199219,-25.077407836914062,0.016877785325050354,0.08737532049417496,-0.08723066002130508,0.12461338192224503,3.210661466251537,4.026059754179244,9.119819378811245,-25.357475955720155
313,7.845941066741943,8.839286804199219,-24.14732551574707,0.0012238742783665657,0.013670777902007103,-0.015879521146416664,0.02098921686410904,3.210661466251537,7.849870512727032,8.883179044022876,-24.198309282394398
314,11.526819229125977,8.839286804199219,-22.622655868530273,-0.021158361807465553,-0.041579168289899826,0.03511979803442955,0.058394383639097214,3.210661466251537,11.458886892181738,8.70579017077205,-22.509898086278593
315,14.923868179321289,8.839286804199219,-20.54094123840332,-0.009960456751286983,-0.017807310447096825,0.015153441578149796,0.02541530691087246,3.210661466251537,14.891888524643667,8.782113558729147,-20.492288667447262
316,17.953441619873047,8.839286804199219,-17.953441619873047,0.010158173739910126,0.013524734415113926,-0.00793488509953022,0.01868339814245701,3.210661466251537,17.986056076867264,8.882710147827112,-17.978917849701244
317,20.54094123840332,8.839286804199219,-14.923868179321289,0.008526664227247238,0.010895835235714912,-0.00604946119710803,0.01510030496865511,3.210661466251537,20.56831747067341,8.874269642533154,-14.943290951278428
318,22.622655868530273,8.839286804199219,-11.526819229125977,-0.0023228086065500975,-0.0024150207173079252,0.0005587412160821259,0.0033970510121434927,3.210661466251537,22.615198116443747,8.831532990241959,-11.525025300233896
319,24.14732551574707,8.839286804199219,-7.845941066741943,-0.004366233944892883,-0.004798960871994495,0.0012806198792532086,0.006613169331103563,3.210661466251537,24.133307016667562,8.823878965449458,-7.84182942984271
320,25.077407836914062,8.839286804199219,-3.9718708992004395,0.00019954353047069162,7.601937977597117e-05,0.00017075844516512007,0.0002734136360231787,3.210661466251537,25.078048503638186,8.839530876692553,-3.9713226516405107
321,23.770000457763672,10.583809852600098,0.0,0.00010647461022017524,0.00024094153195619583,1.1672290738118374e-11,0.00026341917691752315,3.210661466251537,23.77034231169184,10.58458343429237,3.7475774095761374e-11
322,23.477352142333984,10.583809852600098,3.718446969985962,-0.00017586495960131288,-0.00031653919722884893,-0.00010571202437859029,0.0003772274940274656,3.210661466251537,23.476787499484928,10.582793552396996,3.71810756446277
323,22.606613159179688,10.583809852600098,7.345334053039551,-7.96186359366402e-05,-0.0005688043893314898,3.311167529318482e-05,0.0005753033910878003,3.210661466251537,22.60635753069329,10.581983614265436,7.345440363419498
324,21.17922592163086,10.583809852600098,10.791354179382324,0.0012713478645309806,0.0013625111896544695,0.0008107778267003596,0.002032270422205329,3.210661466251537,21.183307789229712,10.588184414774057,10.793957312508203
325,19.23033332824707,10.583809852600098,13.971654891967773,0.0019903387874364853,0.00323966471478343,0.00109886284917593,0.003957824781537056,3.210661466251537,19.236723632296677,10.594211319263428,13.975182968574318
326,16.80792808532715,10.583809852600098,16.80792808532715,-0.0009258838254027069,-0.0009304755367338657,-0.0021726232953369617,0.0025383729953318834,3.210661466251537,16.804955385806704,10.580822410649017,16.80095252743213
327,13.971654891967773,10.583809852600098,19.23033332824707,-0.005456928629428148,-0.00984414666891098,-0.007686472497880459,0.013629642315208912,3.210661466251537,13.954134541493184,10.552203630222097,19.205654667186725
328,10.791354179382324,10.583809852600098,21.17922592163086,-0.004193275235593319,-0.006963117979466915,-0.003176378319039941,0.008726852014660835,3.210661466251537,10.777890992166018,10.56145363801846,21.16902764615968
329,7.345334053039551,10.583809852600098,22.606613159179688,0.00308066769503057,0.015888527035713196,0.017204763367772102,0.02362074702978134,3.210661466251537,7.355225034098312,10.634822534109158,22.66185182996057
330,3.718446969985962,10.583809852600098,23.477352142333984,0.006735177244991064,0.026211421936750412,0.023939769715070724,0.03613189607858658,3.210661466251537,3.740071344034829,10.667965854988083,23.554214638469098
331,0.0,10.583809852600098,23.770000457763672,0.006734740920364857,-0.010996962897479534,-0.014097982086241245,0.019106099382042885,3.210661466251537,0.021622973158202857,10.548502327579362,23.724736609927472
332,-3.718446969985962,10.583809852600098,23.477352142333984,0.007570098154246807,-0.05101250857114792,-0.051596250385046005,0.07295036315917969,3.210661466251537,-3.6941419475463797,10.420025957033888,23.31169404941965
333,-7.345334053039551,10.583809852600098,22.606613159179688,-0.007701526861637831,-0.011836078949272633,-0.012242740020155907,0.01868932694196701,3.210661466251537,-7.370061048565512,10.545808210006157,22.56730586555564
334,-10.791354179382324,10.583809852600098,21.17922592163086,-0.036929767578840256,0.0675605833530426,0.061155952513217926,0.09832746535539627,3.210661466251537,-10.909923161105333,10.800724014209187,21.375576981796957
335,-13.971654891967773,10.583809852600098,19.23033332824707,-0.017958911135792732,0.04774153605103493,0.046232931315898895,0.06884229183197021,3.210661466251537,-14.029314875927298,10.737091762738814,19.37877161929488
336,-16.80792808532715,10.583809852600098,16.80792808532715,0.057419829070568085,-0.06508412957191467,-0.04020007327198982,0.09565053880214691,3.210661466251537,-16.623572452731526,10.37484674571903,16.67885925913228
337,-19.23033332824707,10.583809852600098,13.971654891967773,0.06314659118652344,-0.08256262540817261,-0.05855601280927658,0.11930166184902191,3.210661466251537,-19.02759100119936,10.318729212649519,13.783651358023699
338,-21.17922592163086,10.583809852600098,10.791354179382324,-0.04972068965435028,0.044684723019599915,0.005656225606799126,0.06708847731351852,3.210661466251537,-21.338862223979532,10.72727737092925,10.8095144049825
339,-22.606613159179688,10.583809852600098,7.345334053039551,-0.10154666006565094,0.10469736903905869,0.0386640727519989,0.1508912593126297,3.210661466251537,-22.932645107679015,10.91995766099172,7.46947130155274
340,-23.477352142333984,10.583809852600098,3.718446969985962,0.01894926279783249,-0.015489482320845127,0.017196474596858025,0.02991182543337345,3.210661466251537,-23.41651247445511,10.534078368580376,3.7736590283294675
341,-23.770000457763672,10.583809852600098,0.0,0.11547788232564926,-0.11171059310436249,2.564356060830164e-09,0.16066859662532806,3.210661466251537,-23.39924007077638,10.225144955947817,8.23327919025599e-09
342,-23.477352142333984,10.583809852600098,-3.718446969985962,0.018949292600154877,-0.015489510260522366,-0.017196469008922577,0.029911857098340988,3.210661466251537,-23.41651237876994,10.53407827887553,-3.7736590103884984
343,-22.606613159179688,10.583809852600098,-7.345334053039551,-0.10154665261507034,0.10469736158847809,-0.0386640764772892,0.1508912444114685,3.210661466251537,-22.932645083757723,10.919957637070429,-7.4694713135133854
344,-21.17922592163086,10.583809852600098,-10.791354179382324,-0.04972071200609207,0.044684749096632004,-0.005656239110976458,0.06708851456642151,3.210661466251537,-21.33886229574341,10.727277454653771,-10.809514448339842
345,-19.23033332824707,10.583809852600098,-13.971654891967773,0.06314657628536224,-0.08256261050701141,0.058556005358695984,0.11930163949728012,3.210661466251537,-19.027591049041945,10.318729260492102,-13.78365138194499
346,-16.80792808532715,10.583809852600098,-16.80792808532715,0.05741984024643898,-0.06508414447307587,0.040200088173151016,0.0956505686044693,3.210661466251537,-16.623572416849587,10.374846697876444,-16.678859211289698
347,-13.971654891967773,10.583809852600098,-19.23033332824707,-0.017958898097276688,0.047741517424583435,-0.0462329164147377,0.06884226202964783,3.210661466251537,-14.029314834065037,10.737091702935585,-19.378771571452297
348,-10.791354179382324,10.583809852600098,-21.17922592163086,-0.036929767578840256,0.0675605908036232,-0.06115595996379852,0.09832747280597687,3.210661466251537,-10.909923161105333,10.800724038130479,-21.37557700571825
349,-7.345334053039551,10.583809852600098,-22.606613159179688,-0.007701532449573278,-0.011836064048111439,0.012242724187672138,0.018689310178160667,3.210661466251537,-7.370061066506482,10.54580825784874,-22.56730591638838
350,-3.718446969985962,10.583809852600098,-23.477352142333984,0.0075700958259403706,-0.05101250857114792,0.051596250385046005,0.07295036315917969,3.210661466251537,-3.6941419550217836,10.420025957033888,-23.31169404941965
351,-0.0,10.583809852600098,-23.770000457763672,0.006734740454703569,-0.010996973142027855,0.014097992330789566,0.01910611242055893,3.210661466251537,0.021622971663122104,10.548502294687585,-23.724736577035696
352,3.718446969985962,10.583809852600098,-23.477352142333984,0.006735177710652351,0.026211418211460114,-0.023939765989780426,0.03613189235329628,3.210661466251537,3.7400713455299095,10.667965843027437,-23.55421462650845
353,7.345334053039551,10.583809852600098,-22.606613159179688,0.0030806695576757193,0.015888530761003494,-0.01720476523041725,0.02362075075507164,3.210661466251537,7.3552250400786345,10.634822546069804,-22.661851835940894
354,10.791354179382324,10.583809852600098,-21.17922592163086,-0.004193273838609457,-0.006963114719837904,0.0031763750594109297,0.008726847358047962,3.210661466251537,10.77789099665126,10.561453648484026,-21.169027656625246
355,13.971654891967773,10.583809852600098,-19.23033332824707,-0.005456929095089436,-0.00984414666891098,0.0076864720322191715,0.013629642315208912,3.210661466251537,13.954134539998103,10.552203630222097,-19.205654668681802
356,16.80792808532715,10.583809852600098,-16.80792808532715,-0.0009258848149329424,-0.0009304770501330495,0.0021726242266595364,0.002538374625146389,3.210661466251537,16.804955382629657,10.580822405790004,-16.800952524441968
357,19.23033332824707,10.583809852600098,-13.971654891967773,0.001990338321775198,0.003239664249122143,-0.0010988624999299645,0.003957823850214481,3.210661466251537,19.2367236308016,10.594211317768346,-13.975182967453007
358,21.17922592163086,10.583809852600098,-10.791354179382324,0.0012713480973616242,0.001362511538900435,-0.0008107778267003596,0.0020322706550359726,3.210661466251537,21.18330778997725,10.588184415895368,-10.793957312508203
359,22.606613159179688,10.583809852600098,-7.345334053039551,-7.961849769344553e-05,-0.0005688041565008461,-3.3111740776803344e-05,0.0005753031000494957,3.210661466251537,22.606357531137142,10.581983615012977,-7.345440363629743
360,23.477352142333984,10.583809852600098,-3.718446969985962,-0.0001758649741532281,-0.00031653925543650985,0.00010571202437859029,0.0003772275522351265,3.210661466251537,23.476787499438206,10.582793552210111,-3.71810756446277
361,22.594999313354492,12.589924812316895,0.0,-0.001205573440529406,-0.0005554966628551483,7.502768371858703e-12,0.0013273974182084203,3.210661466251537,22.59112862516425,12.588141300586834,2.408884930173752e-11
362,22.316818237304688,12.589924812316895,3.534636974334717,0.0007919420022517443,0.0002335981116630137,0.00012027694174321368,0.0008343900553882122,3.210661466251537,22.319360894974825,12.5906748167726,3.53502314287685
363,21.48912239074707,12.589924812316895,6.98223876953125,0.0033105630427598953,0.0014985573943704367,0.000838151085190475,0.0037293429486453533,3.210661466251537,21.499751487940056,12.594736172797965,6.984929788923368
364,20.132291793823242,12.589924812316895,10.257914543151855,0.0003030557418242097,0.0007093249587342143,-0.0002723874640651047,0.0008180339937098324,3.210661466251537,20.133264803215642,12.592202214628953,10.257039999217092
365,18.279739379882812,12.589924812316895,13.281007766723633,-0.00628318265080452,-0.00264695193618536,-0.00454963743686676,0.008196581155061722,3.210661466251537,18.259566207460455,12.581426345732364,13.26640042111967
366,15.977078437805176,12.589924812316895,15.977078437805176,-0.005326253827661276,-0.004021587315946817,-0.004288488999009132,0.007933050394058228,3.210661466251537,15.95997763988123,12.577012856888418,15.963309551427614
367,13.281007766723633,12.589924812316895,18.279739379882812,0.004776982124894857,0.0009041590383276343,0.007769287563860416,0.009165091440081596,3.210661466251537,13.296345039157005,12.592827760900617,18.304683932084327
368,10.257914543151855,12.589924812316895,20.132291793823242,0.00853334367275238,0.007029403932392597,0.015527082607150078,0.019060974940657616,3.210661466251537,10.285312220860243,12.612493848653344,20.182143999633322
369,6.98223876953125,12.589924812316895,21.48912239074707,0.0003707705473061651,0.004237692803144455,-0.003688510973006487,0.00563033064827323,3.210661466251537,6.983429188240307,12.603530609305762,21.477279830698194
370,3.534636974334717,12.589924812316895,22.316818237304688,-0.004056357778608799,-0.005915055051445961,-0.027348551899194717,0.02827339991927147,3.210661466251537,3.5216133827216076,12.57093357299246,22.229011295564163
371,0.0,12.589924812316895,22.594999313354492,-0.0017771151615306735,-0.008981497026979923,-0.008503448218107224,0.012495361268520355,3.210661466251537,-0.005705715170217909,12.561088265903118,22.56769761983035
372,-3.534636974334717,12.589924812316895,22.316818237304688,-0.006279109977185726,0.0005899606621824205,0.031820397824048996,0.032439373433589935,3.210661466251537,-3.5547970707808227,12.591818976281568,22.418982762439157
373,-6.98223876953125,12.589924812316895,21.48912239074707,-0.005380474496632814,0.009030818939208984,0.02153877541422844,0.023967145010828972,3.210661466251537,-6.999513651667738,12.618919714693707,21.55827610699978
374,-10.257914543151855,12.589924812316895,20.132291793823242,0.016328800469636917,0.004400362726300955,-0.028103629127144814,0.03279949724674225,3.210661466251537,-10.205488292693882,12.604052887359758,20.042060554722894
375,-13.281007766723633,12.589924812316895,18.279739379882812,0.019481530413031578,-0.004757299087941647,-0.02906564436852932,0.03531251475214958,3.210661466251537,-13.218459167722905,12.574650735451806,18.186419435517003
376,-15.977078437805176,12.589924812316895,15.977078437805176,-0.02268332801759243,-0.004855310078710318,0.019622787833213806,0.03038356825709343,3.210661466251537,-16.049906924997604,12.574336055340476,16.040080566561706
377,-18.279739379882812,12.589924812316895,13.281007766723633,-0.03810163959860802,0.00099355133716017,0.029358934611082077,0.04811100661754608,3.210661466251537,-18.40207084594307,12.593114769309857,13.375269366769633
378,-20.132291793823242,12.589924812316895,10.257914543151855,0.021938828751444817,0.0020476102363318205,-0.007955397479236126,0.02342633716762066,3.210661466251537,-20.06185364173629,12.596498995600587,10.232372455016558
379,-21.48912239074707,12.589924812316895,6.98223876953125,0.05727912858128548,-0.0006317789666354656,-0.01972099021077156,0.060582298785448074,3.210661466251537,-21.30521849979067,12.58789638393353,6.918921346185202
380,-22.316818237304688,12.589924812316895,3.534636974334717,-0.009547017514705658,-0.00019683537539094687,-0.0022127695847302675,0.009802073240280151,3.210661466251537,-22.347470478556783,12.589292840561932,3.52753252029533
381,-22.594999313354492,12.589924812316895,0.0,-0.06614066660404205,0.0013026935048401356,-4.863460745241355e-10,0.06615349650382996,3.210661466251537,-22.80735460297228,12.59410732015522,-1.56149260073734e-09
382,-22.316818237304688,12.589924812316895,-3.534636974334717,-0.009547034278512001,-0.00019683509890455753,0.0022127670235931873,0.00980208907276392,3.210661466251537,-22.34747053237969,12.589292841449636,-3.527532528518274
383,-21.48912239074707,12.589924812316895,-6.98223876953125,0.05727912113070488,-0.0006317791994661093,0.01972099021077156,0.06058229133486748,3.210661466251537,-21.30521852371196,12.58789638318599,-6.918921346185202
384,-20.132291793823242,12.589924812316895,-10.257914543151855,0.02193884178996086,0.002047610003501177,0.007955403998494148,0.023426352068781853,3.210661466251537,-20.061853599874027,12.596498994853047,-10.232372434085427
385,-18.279739379882812,12.589924812316895,-13.281007766723633,-0.03810163214802742,0.0009935522684827447,-0.02935893088579178,0.048110999166965485,3.210661466251537,-18.402070822021773,12.59311477230002,-13.375269354808987
386,-15.977078437805176,12.589924812316895,-15.977078437805176,-0.022683335468173027,-0.00485530961304903,-0.019622795283794403,0.030383579432964325,3.210661466251537,-16.049906948918895,12.574336056835557,-16.040080590482997
387,-13.281007766723633,12.589924812316895,-18.279739379882812,0.01948152482509613,-0.0047573004849255085,0.029065638780593872,0.035312507301568985,3.210661466251537,-13.218459185663875,12.574650730966564,-18.186419453457972
388,-10.257914543151855,12.589924812316895,-20.132291793823242,0.016328802332282066,0.004400360863655806,0.02810363471508026,0.03279950097203255,3.210661466251537,-10.205488286713559,12.604052881379436,-20.042060536781925
389,-6.98223876953125,12.589924812316895,-21.48912239074707,-0.005380471237003803,0.009030819870531559,-0.021538767963647842,0.023967137560248375,3.210661466251537,-6.999513641202173,12.61891971768387,-21.55827608307849
390,-3.534636974334717,12.589924812316895,-22.316818237304688,-0.006279109977185726,0.0005899631651118398,-0.031820401549339294,0.032439377158880234,3.210661466251537,-3.5547970707808227,12.591818984317626,-22.4189827743998
391,-0.0,12.589924812316895,-22.594999313354492,-0.0017771152779459953,-0.008981496095657349,0.008503440767526627,0.012495354749262333,3.210661466251537,-0.005705715543988097,12.561088268893279,-22.567697643751643
392,3.534636974334717,12.589924812316895,-22.316818237304688,-0.004056358244270086,-0.00591505691409111,0.027348553761839867,0.028273403644561768,3.210661466251537,3.521613381226527,12.570933567012137,-22.22901128958384
393,6.98223876953125,12.589924812316895,-21.48912239074707,0.0003707686555571854,0.004237690940499306,0.0036885165609419346,0.005630332976579666,3.210661466251537,6.9834291821665415,12.603530603325439,-21.477279812757224
394,10.257914543151855,12.589924812316895,-20.132291793823242,0.008533342741429806,0.0070294043980538845,-0.015527080744504929,0.019060973078012466,3.210661466251537,10.285312217870082,12.612493850148425,-20.182143993653
395,13.281007766723633,12.589924812316895,-18.279739379882812,0.004776983987540007,0.0009041604935191572,-0.007769289892166853,0.00916509423404932,3.210661466251537,13.296345045137327,12.592827765572743,-18.30468393955973
396,15.977078437805176,12.589924812316895,-15.977078437805176,-0.005326252430677414,-0.004021586384624243,0.0042884876020252705,0.007933047600090504,3.210661466251537,15.959977644366472,12.577012859878579,-15.963309555912856
397,18.279739379882812,12.589924812316895,-13.281007766723633,-0.006283183582127094,-0.002646952634677291,0.0045496379025280476,0.008196582086384296,3.210661466251537,18.259566204470293,12.581426343489744,-13.266400419624588
398,20.132291793823242,12.589924812316895,-10.257914543151855,0.0003030544612556696,0.0007093243766576052,0.00027238804614171386,0.0008180332370102406,3.210661466251537,20.13326479910417,12.592202212760101,-10.25703999734824
399,21.48912239074707,12.589924812316895,-6.98223876953125,0.0033105628099292517,0.0014985573943704367,-0.0008381509687751532,0.0037293427158147097,3.210661466251537,21.499751487192515,12.594736172797965,-6.984929788549597
400,22.316818237304688,12.589924812316895,-3.534636974334717,0.0007919424097053707,0.0002335983153898269,-0.00012027697812300175,0.0008343904628418386,3.210661466251537,22.31936089628302,12.590674817426699,-3.5350231429936536
401,21.420000076293945,14.596040725708008,0.0,-0.0006039806175976992,-0.00021186089725233614,-1.0155944661638383e-11,0.0006400606362149119,3.210661466251537,21.41806089899866,14.595360512088995,-3.260730017850536e-11
402,21.15628433227539,14.596040725708008,3.3508260250091553,0.0016985483234748244,0.0007937173941172659,0.00043700606329366565,0.0019251046469435096,3.210661466251537,21.161737795926136,14.598589083560393,3.3522291035370904
403,20.371631622314453,14.596040725708008,6.619143962860107,0.003425698494538665,0.0015659036580473185,0.0006510408711619675,0.003822475438937545,3.210661466251537,20.382630380465866,14.601068312242763,6.621234234698102
404,19.085359573364258,14.596040725708008,9.72447681427002,-0.0023144062142819166,-0.0011663386831060052,-0.0022709183394908905,0.003445851383730769,3.210661466251537,19.077928798514808,14.592296007041561,9.717185664264413
405,17.329143524169922,14.596040725708008,12.590359687805176,-0.009344209916889668,-0.00487245200201869,-0.006494781002402306,0.012378902174532413,3.210661466251537,17.2991424294572,14.580396931818965,12.56950714470902
406,15.14622688293457,14.596040725708008,15.14622688293457,-0.0035195047967135906,-0.0017597206169739366,-0.00019042877829633653,0.003939516842365265,3.210661466251537,15.134926944503475,14.590390858531721,15.14561548059403
407,12.590359687805176,14.596040725708008,17.329143524169922,0.011056659743189812,0.007836787030100822,0.01753654144704342,0.022162925451993942,3.210661466251537,12.62585887918809,14.621201995844773,17.385447422045267
408,9.72447681427002,14.596040725708008,19.085359573364258,0.01190226525068283,0.008630880154669285,0.01581292413175106,0.02159177139401436,3.210661466251537,9.762690958671492,14.62375156004044,19.13612951954283
409,6.619143962860107,14.596040725708008,20.371631622314453,-0.002711257664486766,-0.0073275319300591946,-0.023449556902050972,0.024716904386878014,3.210661466251537,6.61043903235166,14.572514501297439,20.296343033568366
410,3.3508260250091553,14.596040725708008,21.15628433227539,-0.009859739802777767,-0.017590085044503212,-0.04466618224978447,0.049007073044776917,3.210661466251537,3.31916973835711,14.539564917467533,21.01287634208144
411,0.0,14.596040725708008,21.420000076293945,-0.008738765493035316,0.0015196532476693392,0.01026389840990305,0.013565506786108017,3.210661466251537,-0.028057217631097104,14.600919817832363,21.45295397941214
412,-3.3508260250091553,14.596040725708008,21.15628433227539,-0.011709140613675117,0.02530745230615139,0.07071322202682495,0.07601270079612732,3.210661466251537,-3.3884201115804027,14.677294387636367,21.383320549391406
413,-6.619143962860107,14.596040725708008,20.371631622314453,0.00521516427397728,0.008910774253308773,0.02227252721786499,0.024549242109060287,3.210661466251537,-6.6023998358854765,14.624650205237572,20.44314116720889
414,-9.72447681427002,14.596040725708008,19.085359573364258,0.044320620596408844,-0.02915484830737114,-0.07415521889925003,0.09117740392684937,3.210661466251537,-9.582178305560776,14.502434377693122,18.84727226952299
415,-12.590359687805176,14.596040725708008,17.329143524169922,0.024906616657972336,-0.021837515756487846,-0.05578380823135376,0.06487718969583511,3.210661466251537,-12.510392973446725,14.525927855349991,17.15004060064075
416,-15.14622688293457,14.596040725708008,15.14622688293457,-0.06671396642923355,0.027933485805988312,0.049954574555158615,0.08790046721696854,3.210661466251537,-15.36042284420971,14.685725692203379,15.306614110521808
417,-17.329143524169922,14.596040725708008,12.590359687805176,-0.07466014474630356,0.03512461483478546,0.06747250258922577,0.10658524185419083,3.210661466251537,-17.56885197397164,14.70881397307498,12.80699105189996
418,-19.085359573364258,14.596040725708008,9.72447681427002,0.061044842004776,-0.020817510783672333,-0.01183940377086401,0.06557448208332062,3.210661466251537,-18.88936525142611,14.529202746011595,9.686464496799513
419,-20.371631622314453,14.596040725708008,6.619143962860107,0.12196941673755646,-0.04594583436846733,-0.046167097985744476,0.13827131688594818,3.210661466251537,-19.980029115934006,14.448524205766395,6.470917040348619
420,-21.15628433227539,14.596040725708008,3.3508260250091553,-0.024845818057656288,0.00783902034163475,-0.016719214618206024,0.030956372618675232,3.210661466251537,-21.236055842910606,14.621209166252056,3.2971462868884918
421,-21.420000076293945,14.596040725708008,0.0,-0.1416262537240982,0.05029642581939697,-2.6475550640725487e-09,0.15029212832450867,3.210661466251537,-21.874714031735472,14.757525521976525,-8.500403023996851e-09
422,-21.15628433227539,14.596040725708008,-3.3508260250091553,-0.024845851585268974,0.00783903244882822,0.016719209030270576,0.03095640055835247,3.210661466251537,-21.23605595055642,14.621209205124156,-3.297146304829461
423,-20.371631622314453,14.596040725708008,-6.619143962860107,0.12196940183639526,-0.04594583064317703,0.046167101711034775,0.13827131688594818,3.210661466251537,-19.98002916377659,14.44852421772704,-6.470917028387973
424,-19.085359573364258,14.596040725708008,-9.72447681427002,0.06104486808180809,-0.02081752009689808,0.011839419603347778,0.065574511885643,3.210661466251537,-18.889365167701587,14.52920271610998,-9.686464445966768
425,-17.329143524169922,14.596040725708008,-12.590359687805176,-0.07466012984514236,0.035124607384204865,-0.06747249513864517,0.10658522695302963,3.210661466251537,-17.568851926129057,14.708813949153688,-12.806991027978668
426,-15.14622688293457,14.596040725708008,-15.14622688293457,-0.06671397387981415,0.02793349325656891,-0.04995458945631981,0.08790048211812973,3.210661466251537,-15.360422868131002,14.68572571612467,-15.306614158364392
427,-12.590359687805176,14.596040725708008,-17.329143524169922,0.024906601756811142,-0.02183750830590725,0.055783793330192566,0.06487716734409332,3.210661466251537,-12.510393021289309,14.525927879271283,-17.150040648483333
428,-9.72447681427002,14.596040725708008,-19.085359573364258,0.044320620596408844,-0.029154852032661438,0.07415522634983063,0.09117741137742996,3.210661466251537,-9.582178305560776,14.502434365732476,-18.847272245601697
429,-6.619143962860107,14.596040725708008,-20.371631622314453,0.005215171258896589,0.008910766802728176,-0.02227250672876835,0.024549221619963646,3.210661466251537,-6.602399813459265,14.62465018131628,-20.443141101425336
430,-3.3508260250091553,14.596040725708008,-21.15628433227539,-0.011709137819707394,0.02530745230615139,-0.07071322202682495,0.07601270079612732,3.210661466251537,-3.3884201026099183,14.677294387636367,-21.383320549391406
431,-0.0,14.596040725708008,-21.420000076293945,-0.008738764561712742,0.0015196588356047869,-0.010263913311064243,0.013565517961978912,3.210661466251537,-0.0280572146409356,14.600919835773333,-21.452954027254727
432,3.3508260250091553,14.596040725708008,-21.15628433227539,-0.009859740734100342,-0.017590083181858063,0.04466617852449417,0.04900706931948662,3.210661466251537,3.3191697353669487,14.539564923447857,-21.012876354042085
433,6.619143962860107,14.596040725708008,-20.371631622314453,-0.002711260924115777,-0.007327535189688206,0.02344956435263157,0.02471691370010376,3.210661466251537,6.610439021886095,14.572514490831873,-20.296343009647074
434,9.72447681427002,14.596040725708008,-19.085359573364258,0.011902263388037682,0.008630878292024136,-0.015812918543815613,0.02159176394343376,3.210661466251537,9.762690952691168,14.623751554060117,-19.13612950160186
435,12.590359687805176,14.596040725708008,-17.329143524169922,0.011056661605834961,0.007836787961423397,-0.017536543309688568,0.02216292731463909,3.210661466251537,12.625858885168412,14.621201998834934,-17.38544742802559
436,15.14622688293457,14.596040725708008,-15.14622688293457,-0.003519501769915223,-0.0017597188707441092,0.00019042580970562994,0.003939513117074966,3.210661466251537,15.1349269542215,14.590390864138275,-15.145615490125168
437,17.329143524169922,14.596040725708008,-12.590359687805176,-0.009344209916889668,-0.004872451536357403,0.006494780071079731,0.012378901243209839,3.210661466251537,17.2991424294572,14.580396933314047,-12.569507147699182
438,19.085359573364258,14.596040725708008,-9.72447681427002,-0.002314407844096422,-0.001166339498013258,0.0022709190379828215,0.0034458532463759184,3.210661466251537,19.077928793282027,14.592296004425169,-9.717185662021791
439,20.371631622314453,14.596040725708008,-6.619143962860107,0.0034256980288773775,0.001565903308801353,-0.000651040580123663,0.003822474740445614,3.210661466251537,20.382630378970784,14.601068311121452,-6.621234233763676
440,21.15628433227539,14.596040725708008,-3.3508260250091553,0.00169854867272079,0.0007937175687402487,-0.00043700606329366565,0.0019251051126047969,3.210661466251537,21.161737797047447,14.598589084121048,-3.3522291035370904
441,20.78499984741211,16.870607376098633,0.0,0.00048514074296690524,0.00012220519420225173,7.961079712126562e-12,0.0005002955440431833,3.210661466251537,20.78655747010126,16.870999735606635,2.556033186148163e-11
442,20.529102325439453,16.870607376098633,3.2514901161193848,0.0007201459957286716,0.0005276128649711609,1.8690845536184497e-05,0.0008929361356422305,3.210661466251537,20.531414470438015,16.872301362393294,3.2515501260969195
443,19.767709732055664,16.870607376098633,6.42291784286499,0.00014250756066758186,0.0006050133961252868,-0.00012174910079920664,0.000633381714578718,3.210661466251537,19.76816727558935,16.872549869296137,6.422526947718503
444,18.51957130432129,16.870607376098633,9.436193466186523,-0.0023661605082452297,-0.001107451505959034,-0.0011490210890769958,0.0028540173079818487,3.210661466251537,18.5119743639545,16.86705172422271,9.432504348451914
445,16.815418243408203,16.870607376098633,12.217116355895996,-0.0033649387769401073,-0.002759198658168316,-0.0017890507588163018,0.004704964812844992,3.210661466251537,16.804614564140785,16.86174852328912,12.211372319563496
446,14.697214126586914,16.870607376098633,14.697214126586914,0.001676940475590527,-0.00010229888721369207,0.002391273621469736,0.0029224620666354895,3.210661466251537,14.70259821475309,16.870278929003415,14.704891696658631
447,12.217116355895996,16.870607376098633,16.815418243408203,0.007682479918003082,0.005543593317270279,0.009484008885920048,0.01340516097843647,3.210661466251537,12.24178219813398,16.888405977546963,16.845868185283813
448,9.436193466186523,16.870607376098633,18.51957130432129,0.0037926631048321724,0.004464675672352314,0.0038116148207336664,0.006988993380218744,3.210661466251537,9.448370423471681,16.884941938239166,18.531809109150412
449,6.42291784286499,16.870607376098633,19.767709732055664,-0.005827802699059248,-0.006609111558645964,-0.019048556685447693,0.02098788134753704,3.210661466251537,6.404206741306204,16.84938775629113,19.70655126511799
450,3.2514901161193848,16.870607376098633,20.529102325439453,-0.0062662577256560326,-0.011589533649384975,-0.023977551609277725,0.02735884301364422,3.210661466251537,3.23137128390202,16.833397306998727,20.45211852443249
451,0.0,16.870607376098633,20.78499984741211,-0.002397482981905341,0.003442418295890093,0.016147198155522346,0.01668323017656803,3.210661466251537,-0.007697506225997309,16.881659815871966,20.836843034317972
452,-3.2514901161193848,16.870607376098633,20.529102325439453,-0.0058663939125835896,0.018803754821419716,0.04835066944360733,0.0522090308368206,3.210661466251537,-3.2703251210003694,16.930979867124606,20.68433995668951
453,-6.42291784286499,16.870607376098633,19.767709732055664,0.0026374401059001684,0.004463647957891226,0.005966075696051121,0.007904068566858768,3.210661466251537,-6.41444991554743,16.884938638595948,19.786864781397714
454,-9.436193466186523,16.870607376098633,18.51957130432129,0.029319237917661667,-0.022882413119077682,-0.05666337162256241,0.06777875870466232,3.210661466251537,-9.342059318784425,16.79713969404236,18.337644400504836
455,-12.217116355895996,16.870607376098633,16.815418243408203,0.017893455922603607,-0.015205848030745983,-0.03308940306305885,0.04057465121150017,3.210661466251537,-12.159666526467223,16.82178654576464,16.709179372052375
456,-14.697214126586914,16.870607376098633,14.697214126586914,-0.04555947706103325,0.02206440642476082,0.041312169283628464,0.0653391107916832,3.210661466251537,-14.843490184009344,16.941448715582325,14.82985351659312
457,-16.815418243408203,16.870607376098633,12.217116355895996,-0.0532521978020668,0.026033932343125343,0.04368725046515465,0.07363516837358475,3.210661466251537,-16.986393022884503,16.954193519487706,12.357381327530948
458,-18.51957130432129,16.870607376098633,9.436193466186523,0.04053504765033722,-0.01614091359078884,-0.015081379562616348,0.04616348445415497,3.210661466251537,-18.38942698879768,16.818784366802593,9.387772261966917
459,-19.767709732055664,16.870607376098633,6.42291784286499,0.08476274460554123,-0.034305356442928314,-0.029841236770153046,0.09618773311376572,3.210661466251537,-19.49556525417693,16.7604644900813,6.327107733861771
460,-20.529102325439453,16.870607376098633,3.2514901161193848,-0.015983520075678825,0.005978637374937534,-0.0034737461246550083,0.01741504855453968,3.210661466251537,-20.580419997441492,16.889802756739037,3.240337093293414
461,-20.78499984741211,16.870607376098633,0.0,-0.09703364968299866,0.03749128058552742,-7.696107084953496e-10,0.10402463376522064,3.210661466251537,-21.096542047379064,16.99097918599501,-2.4709594457805634e-09
462,-20.529102325439453,16.870607376098633,-3.2514901161193848,-0.015983544290065765,0.0059786466881632805,0.0034737419337034225,0.01741507276892662,3.210661466251537,-20.580420075185692,16.88980278664065,-3.240337106749141
463,-19.767709732055664,16.870607376098633,-6.42291784286499,0.08476273715496063,-0.034305352717638016,0.029841234907507896,0.09618772566318512,3.210661466251537,-19.495565278098226,16.760464502041945,-6.327107739842094
464,-18.51957130432129,16.870607376098633,-9.436193466186523,0.04053506627678871,-0.016140921041369438,0.015081389807164669,0.04616350680589676,3.210661466251537,-18.38942692899445,16.8187843428813,-9.387772229075141
465,-16.815418243408203,16.870607376098633,-12.217116355895996,-0.05325218662619591,0.026033926755189896,-0.04368724301457405,0.07363515347242355,3.210661466251537,-16.986392987002567,16.954193501546737,-12.357381303609655
466,-14.697214126586914,16.870607376098633,-14.697214126586914,-0.045559484511613846,0.022064412012696266,-0.04131218045949936,0.0653391182422638,3.210661466251537,-14.843490207930637,16.941448733523295,-14.829853552475058
467,-12.217116355895996,16.870607376098633,-16.815418243408203,0.01789344660937786,-0.015205842442810535,0.03308939188718796,0.040574636310338974,3.210661466251537,-12.159666556368837,16.821786563705608,-16.70917940793431
468,-9.436193466186523,16.870607376098633,-18.51957130432129,0.029319237917661667,-0.02288241498172283,0.05666337534785271,0.06777876615524292,3.210661466251537,-9.342059318784425,16.79713968806204,-18.33764438854419
469,-6.42291784286499,16.870607376098633,-19.767709732055664,0.002637444529682398,0.004463642369955778,-0.0059660617262125015,0.007904056459665298,3.210661466251537,-6.414449901344163,16.884938620654978,-19.786864736545294
470,-3.2514901161193848,16.870607376098633,-20.529102325439453,-0.005866392515599728,0.018803754821419716,-0.04835066944360733,0.0522090308368206,3.210661466251537,-3.270325116515127,16.930979867124606,-20.68433995668951
471,-0.0,16.870607376098633,-20.78499984741211,-0.002397482516244054,0.0034424220211803913,-0.016147207468748093,0.016683239489793777,3.210661466251537,-0.007697504730916558,16.881659827832614,-20.83684306421959
472,3.2514901161193848,16.870607376098633,-20.529102325439453,-0.006266257259994745,-0.011589531786739826,0.023977546021342278,0.02735883556306362,3.210661466251537,3.231371285397101,16.83339731297905,-20.452118542373455
473,6.42291784286499,16.870607376098633,-19.767709732055664,-0.00582780409604311,-0.006609113421291113,0.019048558548092842,0.02098788321018219,3.210661466251537,6.404206736820962,16.849387750310807,-19.706551259137665
474,9.436193466186523,16.870607376098633,-18.51957130432129,0.0037926610093563795,0.004464674275368452,-0.003811611095443368,0.0069889891892671585,3.210661466251537,9.448370416743819,16.88494193375392,-18.531809097189765
475,12.217116355895996,16.870607376098633,-16.815418243408203,0.007682479918003082,0.005543593782931566,-0.009484008885920048,0.013405161909759045,3.210661466251537,12.24178219813398,16.888405979042044,-16.845868185283813
476,14.697214126586914,16.870607376098633,-14.697214126586914,0.0016769419889897108,-0.00010229783219983801,-0.0023912747856229544,0.002922463696449995,3.210661466251537,14.702598219612103,16.870278932390708,-14.704891700396333
477,16.815418243408203,16.870607376098633,-12.217116355895996,-0.0033649380784481764,-0.0027591984253376722,0.0017890502931550145,0.004704963881522417,3.210661466251537,16.804614566383407,16.86174852403666,-12.211372321058578
478,18.51957130432129,16.870607376098633,-9.436193466186523,-0.002366160973906517,-0.0011074519716203213,0.0011490212054923177,0.002854017773643136,3.210661466251537,18.51197436245942,16.867051722727627,-9.432504348078144
479,19.767709732055664,16.870607376098633,-6.42291784286499,0.00014250719686970115,0.0006050131632946432,0.00012174918811069801,0.0006333814817480743,3.210661466251537,19.768167274421316,16.8725498685486,-6.422526947438175
480,20.529102325439453,16.870607376098633,-3.2514901161193848,0.0007201458793133497,0.0005276129231788218,-1.8690823708311655e-05,0.0008929360774345696,3.210661466251537,20.531414470064245,16.872301362580178,-3.2515501260268374
481,20.149999618530273,19.145174026489258,0.0,0.0009407945908606052,0.0002964481245726347,8.262917260137836e-12,0.0009863954037427902,3.210661466251537,20.15302019147081,19.146125821059567,2.6529430045949277e-11
482,19.901920318603516,19.145174026489258,3.152153968811035,-0.0009197545587085187,5.977114415145479e-05,-0.0003382658469490707,0.0009818068938329816,3.210661466251537,19.898967298083463,19.14536593139858,3.1510679116908866
483,19.163789749145508,19.145174026489258,6.226692199707031,-0.003087022341787815,-0.0003916092391591519,-0.0008014369523152709,0.0032133108470588923,3.210661466251537,19.15387836546727,19.143916701795263,6.224119056966603
484,17.953781127929688,19.145174026489258,9.147909164428711,-0.0004960023798048496,-0.0004629224131349474,0.0005973259685561061,0.0009039434953592718,3.210661466251537,17.95218863220168,19.14368773933554,9.149826975898746
485,16.30169105529785,19.145174026489258,11.843873023986816,0.00484620314091444,0.00021022377768531442,0.00408507976680994,0.006341747008264065,3.210661466251537,16.31725057298001,19.145848983871563,11.856988832180678
486,14.248202323913574,19.145174026489258,14.248202323913574,0.0051646726205945015,0.0010864934884011745,0.003967795055359602,0.0066028558649122715,3.210661466251537,14.264784339282322,19.1486623892658,14.260941570603801
487,11.843873023986816,19.145174026489258,16.30169105529785,-0.0010190929751843214,0.0008715150179341435,-0.0040852888487279415,0.004299729596823454,3.210661466251537,11.840601061440864,19.147972166174597,16.288574575812735
488,9.147909164428711,19.145174026489258,17.953781127929688,-0.005374871660023928,-0.0008852186147123575,-0.011220589280128479,0.012472949922084808,3.210661466251537,9.130652271103825,19.14233188919379,17.917755614299345
489,6.226692199707031,19.145174026489258,19.163789749145508,-0.0031695521902292967,-0.002299747196957469,-0.0039772335439920425,0.005581513047218323,3.210661466251537,6.216515840624589,19.137790316781867,19.15102019866353
490,3.152153968811035,19.145174026489258,19.901920318603516,-0.00011761434871004894,-0.0008032636251300573,0.011405399069190025,0.011434255167841911,3.210661466251537,3.1517763489537534,19.14259501892081,19.938539193902184
491,0.0,19.145174026489258,20.149999618530273,0.00045529831550084054,0.0026446208357810974,0.012566977180540562,0.012850300408899784,3.210661466251537,0.0014618087572277835,19.153665008699544,20.1903479279111
492,-3.152153968811035,19.145174026489258,19.901920318603516,0.0028838010039180517,0.003189879236742854,-0.0031562375370413065,0.005334179848432541,3.210661466251537,-3.142895060051418,19.155415648836662,19.891786708365
493,-6.226692199707031,19.145174026489258,19.163789749145508,0.005267144180834293,-0.0011540430132299662,-0.011905516497790813,0.013069657608866692,3.210661466251537,-6.2097811828484355,19.141468785056283,19.12556516609023
494,-9.147909164428711,19.145174026489258,17.953781127929688,0.00022019741300027817,-0.00470361765474081,-0.0030672275461256504,0.00561964325606823,3.210661466251537,-9.147202185079824,19.1300723025332,17.943933298639116
495,-11.843873023986816,19.145174026489258,16.30169105529785,-0.006227766163647175,-0.0014120173873379827,0.005204289220273495,0.0082379300147295,3.210661466251537,-11.863868272829263,19.140640516674054,16.318400266156612
496,-14.248202323913574,19.145174026489258,14.248202323913574,-0.0022043799981474876,0.00460000429302454,0.001693861442618072,0.0053748018108308315,3.210661466251537,-14.255279841830601,19.159943083017463,14.253640739576557
497,-16.30169105529785,19.145174026489258,11.843873023986816,0.004533121827989817,0.0038076217751950026,-0.0017322574276477098,0.006168297491967678,3.210661466251537,-16.2871367357229,19.157399011000937,11.83831133181424
498,-17.953781127929688,19.145174026489258,9.147909164428711,3.92607253161259e-05,-0.0032363622449338436,0.001093353028409183,0.003416284918785095,3.210661466251537,-17.95365507503178,19.134783162938618,9.151419550866034
499,-19.163789749145508,19.145174026489258,6.226692199707031,-0.005921544041484594,-0.005394133739173412,0.001549253356643021,0.008158525452017784,3.210661466251537,-19.182801822420213,19.127855289149085,6.231666327760665
500,-19.901920318603516,19.145174026489258,3.152153968811035,0.0008068991592153907,0.0011714397696778178,-0.000985306454822421,0.0017303717322647572,3.210661466251537,-19.899329638565874,19.148935123017797,3.148990483344088
501,-20.149999618530273,19.145174026489258,0.0,0.007710502482950687,0.005972402635961771,-1.0226099828036794e-10,0.009753022342920303,3.210661466251537,-20.125243805322828,19.16434938949348,-3.28325446679192e-10
502,-19.901920318603516,19.145174026489258,-3.152153968811035,0.000806900963652879,0.0011714412830770016,0.0009853066876530647,0.0017303737113252282,3.210661466251537,-19.899329632772435,19.148935127876808,-3.1489904825965476
503,-19.163789749145508,19.145174026489258,-6.226692199707031,-0.005921543575823307,-0.005394133273512125,-0.0015492530073970556,0.008158525452017784,3.210661466251537,-19.182801820925132,19.127855290644167,-6.231666326639355
504,-17.953781127929688,19.145174026489258,-9.147909164428711,3.925949931726791e-05,-0.003236363409087062,-0.0010933534940704703,0.003416286315768957,3.210661466251537,-17.953655078968044,19.134783159200914,-9.151419552361114
505,-16.30169105529785,19.145174026489258,-11.843873023986816,0.004533121827989817,0.003807620843872428,0.001732257311232388,0.0061682965606451035,3.210661466251537,-16.2871367357229,19.157399008010774,-11.83831133218801
506,-14.248202323913574,19.145174026489258,-14.248202323913574,-0.0022043788339942694,0.0046000052243471146,-0.001693860744126141,0.005374802276492119,3.210661466251537,-14.2552798380929,19.159943086007626,-14.253640737333937
507,-11.843873023986816,19.145174026489258,-16.30169105529785,-0.006227766629308462,-0.0014120161067694426,-0.005204290151596069,0.008237930946052074,3.210661466251537,-11.863868274324345,19.140640520785528,-16.318400269146775
508,-9.147909164428711,19.145174026489258,-17.953781127929688,0.0002201957831857726,-0.00470361765474081,0.003067225217819214,0.005619642324745655,3.210661466251537,-9.147202190312605,19.1300723025332,-17.94393330611452
509,-6.226692199707031,19.145174026489258,-19.163789749145508,0.005267143715173006,-0.0011540440609678626,0.011905516497790813,0.013069657608866692,3.210661466251537,-6.209781184343516,19.141468781692353,-19.12556516609023
510,-3.152153968811035,19.145174026489258,-19.901920318603516,0.0028838017024099827,0.003189878538250923,0.0031562410295009613,0.00533418171107769,3.210661466251537,-3.1428950578087966,19.155415646594044,-19.891786697151893
511,-0.0,19.145174026489258,-20.149999618530273,0.0004552988975774497,0.0026446213014423847,-0.012566975317895412,0.01285029947757721,3.210661466251537,0.001461810626078723,19.153665010194626,-20.190347921930773
512,3.152153968811035,19.145174026489258,-19.901920318603516,-0.0001176136574940756,-0.0008032629266381264,-0.01140540186315775,0.011434257961809635,3.210661466251537,3.151776351173014,19.142595021163434,-19.93853920287267
513,6.226692199707031,19.145174026489258,-19.163789749145508,-0.0031695514917373657,-0.002299747196957469,0.003977230284363031,0.005581510253250599,3.210661466251537,6.21651584286721,19.137790316781867,-19.151020209129094
514,9.147909164428711,19.145174026489258,-17.953781127929688,-0.005374872125685215,-0.0008852190221659839,0.011220589280128479,0.012472950853407383,3.210661466251537,9.130652269608744,19.142331887885597,-17.917755614299345
515,11.843873023986816,19.145174026489258,-16.30169105529785,-0.001019094604998827,0.0008715146686881781,0.004085290711373091,0.004299731459468603,3.210661466251537,11.840601056208081,19.14797216505329,-16.28857456983241
516,14.248202323913574,19.145174026489258,-14.248202323913574,0.005164671689271927,0.0010864936048164964,-0.00396779365837574,0.00660285446792841,3.210661466251537,14.26478433629216,19.148662389639572,-14.260941566118559
517,16.30169105529785,19.145174026489258,-11.843873023986816,0.004846204072237015,0.00021022398141212761,-0.004085080232471228,0.006341747939586639,3.210661466251537,16.317250575970174,19.14584898452566,-11.856988833675757
518,17.953781127929688,19.145174026489258,-9.147909164428711,-0.0004960012156516314,-0.0004629222967196256,-0.0005973266088403761,0.0009039432043209672,3.210661466251537,17.952188635939383,19.14368773970931,-9.149826977954481
519,19.163789749145508,19.145174026489258,-6.226692199707031,-0.0030870221089571714,-0.00039160926826298237,0.0008014367776922882,0.003213310381397605,3.210661466251537,19.153878366214812,19.14391670170182,-6.224119057527258
520,19.901920318603516,19.145174026489258,-3.152153968811035,-0.0009197549079544842,5.9771064115921035e-05,0.00033826587605290115,0.000981807243078947,3.210661466251537,19.89896729696215,19.145365931141612,-3.1510679115974445
521,20.184999465942383,21.857860565185547,0.0,-0.0012297590728849173,0.0003284140839241445,-3.605525947247834e-11,0.0012728562578558922,3.210661466251537,20.181051125874298,21.858914991629778,-1.1576123224398692e-10
522,19.93648910522461,21.857860565185547,3.15762996673584,-0.0017979361582547426,4.7253113734768704e-05,-6.681122613372281e-05,0.0017997975228354335,3.210661466251537,19.93071654088252,21.858012278936975,3.1574154585065792
523,19.19707679748535,21.857860565185547,6.2375078201293945,-0.0012656201142817736,-0.00046075377031229436,-1.6940494163009134e-07,0.0013468809193000197,3.210661466251537,19.193013319753515,21.856381240809775,6.237507276227476
524,17.984966278076172,21.857860565185547,9.163798332214355,0.002512495033442974,-0.00046633160673081875,0.0015556653961539268,0.0029916870407760143,3.210661466251537,17.993033049064195,21.85636333226532,9.168793047156168
525,16.330007553100586,21.857860565185547,11.864444732666016,0.005350729450583458,0.0003559436881914735,0.003467120695859194,0.00638575991615653,3.210661466251537,16.34718693396391,21.859003379869378,11.875576483483053
526,14.272950172424316,21.857860565185547,14.272950172424316,0.0014828299172222614,0.0011992190266028047,0.00038026898982934654,0.0019446118967607617,3.210661466251537,14.277711037300547,21.861710851503855,14.274171087416772
527,11.864444732666016,21.857860565185547,16.330007553100586,-0.005212557036429644,0.0006838023546151817,-0.007644075900316238,0.00927740428596735,3.210661466251537,11.847708976648512,21.860056023056043,16.305465013162337
528,9.163798332214355,21.857860565185547,17.984966278076172,-0.004970310255885124,-0.0011911009205505252,-0.007925843819975853,0.009430890902876854,3.210661466251537,9.14784034860047,21.854036343357517,17.959519076735848
529,6.2375078201293945,21.857860565185547,19.19707679748535,0.0010272384388372302,-0.0021661685314029455,0.006407776847481728,0.006841572001576424,3.210661466251537,6.240805935001622,21.850905731352366,19.2176499996939
530,3.15762996673584,21.857860565185547,19.93648910522461,0.002824871800839901,-0.00026913004694506526,0.015825364738702774,0.016077764332294464,3.210661466251537,3.166699673773897,21.85699647971441,19.987298993980538
531,0.0,21.857860565185547,20.184999465942383,0.001317266607657075,0.002686080988496542,0.0005249110981822014,0.0030373926274478436,3.210661466251537,0.004229297137984452,21.866484661910544,20.186684777778524
532,-3.15762996673584,21.857860565185547,19.93648910522461,0.0032275300472974777,0.00245166034437716,-0.01847192272543907,0.01891135983169079,3.210661466251537,-3.147267460381813,21.865732016581575,19.877182014722464
533,-6.2375078201293945,21.857860565185547,19.19707679748535,0.0011413906468078494,-0.001490543014369905,-0.007554338779300451,0.00778412027284503,3.210661466251537,-6.233843201161749,21.85307493616552,19.172822373063642
534,-9.163798332214355,21.857860565185547,17.984966278076172,-0.009261230006814003,-0.0038494619075208902,0.016784386709332466,0.019552605226635933,3.210661466251537,-9.193533006527325,21.845501246173267,18.03885526171849
535,-11.864444732666016,21.857860565185547,16.330007553100586,-0.007106172386556864,-0.0006915711564943194,0.011938706040382385,0.013910738751292229,3.210661466251537,-11.887260246520075,21.85564016432222,16.368338696541347
536,-14.272950172424316,21.857860565185547,14.272950172424316,0.014358697459101677,0.003785137552767992,-0.01299185212701559,0.019730374217033386,3.210661466251537,-14.226849255786815,21.87001336047068,14.23123773342487
537,-16.330007553100586,21.857860565185547,11.864444732666016,0.017019450664520264,0.0026916495990008116,-0.014147253707051277,0.022294651716947556,3.210661466251537,-16.27536385867524,21.86650254083371,11.819022690335501
538,-17.984966278076172,21.857860565185547,9.163798332214355,-0.01551754493266344,-0.0026474734768271446,0.005942068994045258,0.01682591810822487,3.210661466251537,-18.0347878616423,21.849360424110575,9.182876304163345
539,-19.19707679748535,21.857860565185547,6.2375078201293945,-0.02981414459645748,-0.003982020542025566,0.010861287824809551,0.031979795545339584,3.210661466251537,-19.29279992269045,21.845075645273443,6.272379738422377
540,-19.93648910522461,21.857860565185547,3.15762996673584,0.007144901901483536,0.0009570458787493408,0.0014880308881402016,0.007360693067312241,3.210661466251537,-19.913549244009367,21.860933315509882,3.162407530168984
541,-20.184999465942383,21.857860565185547,0.0,0.03632279112935066,0.004451179411262274,3.440373264051999e-10,0.036594510078430176,3.210661466251537,-20.068379280116673,21.872151795400658,1.1045873868413777e-09
542,-19.93648910522461,21.857860565185547,-3.15762996673584,0.007144910749047995,0.0009570469846948981,-0.001488029258325696,0.007360700983554125,3.210661466251537,-19.913549215602835,21.8609333190607,-3.162407524936201
543,-19.19707679748535,21.857860565185547,-6.2375078201293945,-0.029814142733812332,-0.003982020076364279,-0.010861287824809551,0.031979791820049286,3.210661466251537,-19.292799916710127,21.845075646768525,-6.272379738422377
544,-17.984966278076172,21.857860565185547,-9.163798332214355,-0.015517550520598888,-0.0026474741753190756,-0.005942072719335556,0.016825923696160316,3.210661466251537,-18.03478787958327,21.849360421867953,-9.182876316123991
545,-16.330007553100586,21.857860565185547,-11.864444732666016,0.017019446939229965,0.002691648667678237,0.014147250913083553,0.022294646129012108,3.210661466251537,-16.27536387063589,21.866502537843548,-11.819022699305986
546,-14.272950172424316,21.857860565185547,-14.272950172424316,0.0143587002530694,0.0037851377855986357,0.012991855852305889,0.019730379804968834,3.210661466251537,-14.22684924681633,21.87001336121822,-14.231237721464224
547,-11.864444732666016,21.857860565185547,-16.330007553100586,-0.00710616959258914,-0.0006915701669640839,-0.011938702315092087,0.013910734094679356,3.210661466251537,-11.88726023754959,21.855640167499267,-16.3683386845807
548,-9.163798332214355,21.857860565185547,-17.984966278076172,-0.009261230938136578,-0.0038494616746902466,-0.016784390434622765,0.01955260895192623,3.210661466251537,-9.193533009517488,21.845501246920808,-18.038855273679136
549,-6.2375078201293945,21.857860565185547,-19.19707679748535,0.0011413890169933438,-0.0014905439456924796,0.007554334122687578,0.007784115616232157,3.210661466251537,-6.233843206394531,21.853074933175357,-19.17282238801445
550,-3.15762996673584,21.857860565185547,-19.93648910522461,0.003227529814466834,0.0024516598787158728,0.01847192458808422,0.018911361694335938,3.210661466251537,-3.147267461129353,21.865732015086493,-19.877182008742142
551,-0.0,21.857860565185547,-20.184999465942383,0.001317266607657075,0.0026860814541578293,-0.0005249065579846501,0.0030373921617865562,3.210661466251537,0.004229297137984452,21.866484663405625,-20.186684763201487
552,3.15762996673584,21.857860565185547,-19.93648910522461,0.0028248720336705446,-0.00026912937755696476,-0.015825364738702774,0.016077764332294464,3.210661466251537,3.1666996745214373,21.85699648186359,-19.987298993980538
553,6.2375078201293945,21.857860565185547,-19.19707679748535,0.0010272396029904485,-0.002166168298572302,-0.0064077796414494514,0.0068415747955441475,3.210661466251537,6.2408059387393235,21.850905732099903,-19.217650008664386
554,9.163798332214355,21.857860565185547,-17.984966278076172,-0.004970309790223837,-0.0011911012697964907,0.007925841957330704,0.00943088997155428,3.210661466251537,9.147840350095551,21.854036342236206,-17.95951908271617
555,11.864444732666016,21.857860565185547,-16.330007553100586,-0.005212557967752218,0.0006838020053692162,0.007644076831638813,0.0092774061486125,3.210661466251537,11.847708973658351,21.86005602193473,-16.305465010172178
556,14.272950172424316,21.857860565185547,-14.272950172424316,0.0014828284038230777,0.0011992190266028047,-0.0003802674764301628,0.001944610383361578,3.210661466251537,14.277711032441534,21.861710851503855,-14.274171082557759
557,16.330007553100586,21.857860565185547,-11.864444732666016,0.005350728984922171,0.0003559438919182867,-0.0034671202301979065,0.006385758984833956,3.210661466251537,16.34718693246883,21.859003380523475,-11.875576481987974
558,17.984966278076172,21.857860565185547,-9.163798332214355,0.0025124959647655487,-0.0004663314903154969,-0.0015556657453998923,0.002991687972098589,3.210661466251537,17.993033052054358,21.85636333263909,-9.168793048277479
559,19.19707679748535,21.857860565185547,-6.2375078201293945,-0.0012656194157898426,-0.0004607537994161248,1.6918069434268546e-07,0.0013468803372234106,3.210661466251537,19.193013321996137,21.85638124071633,-6.237507276947459
560,19.93648910522461,21.857860565185547,-3.15762996673584,-0.0017979360418394208,4.7253022785298526e-05,6.681114609818906e-05,0.0017997974064201117,3.210661466251537,19.93071654125629,21.858012278644967,-3.157415458763546
561,20.219999313354492,24.57054901123047,0.0,-0.00317752780392766,0.00030668696854263544,-6.076590619574773e-11,0.0031922939233481884,3.210661466251537,20.209797347276478,24.57153367926257,-1.9509875348454276e-10
562,19.971057891845703,24.57054901123047,3.163105010986328,-0.0014732038835063577,2.0457197024370544e-05,0.00023741360928397626,0.0014923516428098083,3.210661466251537,19.966327932904996,24.57061469236466,3.16386726571322
563,19.230363845825195,24.57054901123047,6.248323917388916,0.002132509835064411,-0.00047405646182596684,0.0011885382700711489,0.002486956072971225,3.210661466251537,19.237210612979037,24.569026976415657,6.252139911413798
564,18.016151428222656,24.57054901123047,9.179688453674316,0.0038869217969477177,-0.00041909690480679274,0.0018153651617467403,0.004310377407819033,3.210661466251537,18.028631018258448,24.56920343294758,9.185516976646312
565,16.35832405090332,24.57054901123047,11.885018348693848,0.0011455642525106668,0.0004491804866120219,-0.00023527223675046116,0.0012527703074738383,3.210661466251537,16.362002069905973,24.571991177710228,11.884262969189233
566,14.297698974609375,24.57054901123047,14.297698974609375,-0.0035024199169129133,0.0012094170087948442,-0.004430434200912714,0.005775671452283859,3.210661466251537,14.28645388994351,24.574432039817236,14.283474350241741
567,11.885018348693848,24.57054901123047,16.35832405090332,-0.004264874383807182,0.0005255570285953581,-0.004708380904048681,0.006374497432261705,3.210661466251537,11.871325280851355,24.572236396930496,16.343207033766255
568,9.179688453674316,24.57054901123047,18.016151428222656,-0.00023690229863859713,-0.001336034620180726,0.0030300950165838003,0.0033200280740857124,3.210661466251537,9.178927840592811,24.566259456357876,18.025880037531483
569,6.248323917388916,24.57054901123047,19.230363845825195,0.0030183731578290462,-0.0020121410489082336,0.010421172715723515,0.011034497059881687,3.210661466251537,6.258014891777526,24.564088707500076,19.26382270349672
570,3.163105010986328,24.57054901123047,19.971057891845703,0.0026108266320079565,4.891640128334984e-05,0.004358450882136822,0.005080836825072765,3.210661466251537,3.1714874914487794,24.570706065235136,19.98505140214553
571,0.0,24.57054901123047,20.219999313354492,0.0017913993215188384,0.002631019800901413,-0.010552403517067432,0.01102200523018837,3.210661466251537,0.005751576772269682,24.57899632512217,20.186119118005905
572,-3.163105010986328,24.57054901123047,19.971057891845703,0.0007550599984824657,0.001970736077055335,-0.012612015008926392,0.012787370942533016,3.210661466251537,-3.1606807689444927,24.57687637761322,19.930564981244757
573,-6.248323917388916,24.57054901123047,19.230363845825195,-0.00431672902777791,-0.001627977006137371,0.003965325653553009,0.006083441898226738,3.210661466251537,-6.262183472938652,24.56532212818892,19.243095164102197
574,-9.179688453674316,24.57054901123047,18.016151428222656,-0.007968482561409473,-0.003264949657022953,0.015471728518605232,0.01770680584013462,3.210661466251537,-9.20527255357873,24.560066363177413,18.06582591079365
575,-11.885018348693848,24.57054901123047,16.35832405090332,0.0008847982971929014,-0.0002876758517231792,0.004409211687743664,0.004506303928792477,3.210661466251537,-11.882177560895645,24.56962538145857,16.372480536965703
576,-14.297698974609375,24.57054901123047,14.297698974609375,0.014061614871025085,0.0032060006633400917,-0.011805710382759571,0.018638193607330322,3.210661466251537,-14.252551889589705,24.580842394021033,14.259794835201722
577,-16.35832405090332,24.57054901123047,11.885018348693848,0.008001014590263367,0.001998811960220337,-0.009652864187955856,0.012696033343672752,3.210661466251537,-16.332635501667447,24.57696651976943,11.854026269606619
578,-18.016151428222656,24.57054901123047,9.179688453674316,-0.014574211090803146,-0.002216164255514741,0.0038106495048850775,0.015226295217871666,3.210661466251537,-18.062944286172915,24.563433658052404,9.19192315920104
579,-19.230363845825195,24.57054901123047,6.248323917388916,-0.018855100497603416,-0.003061195369809866,0.008246580138802528,0.020806051790714264,3.210661466251537,-19.29090119043515,24.56072054921595,6.274800894468925
580,-19.971057891845703,24.57054901123047,3.163105010986328,0.006445005070418119,0.0007969519938342273,0.003499769838526845,0.0073771001771092415,3.210661466251537,-19.950365162416315,24.573107754287523,3.1743415871476355
581,-20.219999313354492,24.57054901123047,0.0,0.024112410843372345,0.0034438245929777622,5.884607801043273e-10,0.02435709908604622,3.210661466251537,-20.142582525001252,24.581605966147674,1.889348351081283e-09
582,-19.971057891845703,24.57054901123047,-3.163105010986328,0.006445010658353567,0.000796952866949141,-0.0034997686743736267,0.0073771048337221146,3.210661466251537,-19.950365144475345,24.573107757090803,-3.1743415834099338
583,-19.230363845825195,24.57054901123047,-6.248323917388916,-0.018855096772313118,-0.0030611949041485786,-0.008246580138802528,0.020806048065423965,3.210661466251537,-19.290901178474506,24.560720550711032,-6.274800894468925
584,-18.016151428222656,24.57054901123047,-9.179688453674316,-0.01457421388477087,-0.002216164954006672,-0.0038106520660221577,0.015226298943161964,3.210661466251537,-18.0629442951434,24.56343365580978,-9.191923167423985
585,-16.35832405090332,24.57054901123047,-11.885018348693848,0.008001010864973068,0.001998811261728406,0.009652862325310707,0.012696029618382454,3.210661466251537,-16.33263551362809,24.57696651752681,-11.854026275586941
586,-14.297698974609375,24.57054901123047,-14.297698974609375,0.01406161580234766,0.0032060008961707354,0.01180571224540472,0.01863819546997547,3.210661466251537,-14.252551886599544,24.58084239476857,-14.2597948292214
587,-11.885018348693848,24.57054901123047,-16.35832405090332,0.000884801207575947,-0.0002876749786082655,-0.004409207962453365,0.0045063006691634655,3.210661466251537,-11.88217755155139,24.569625384261848,-16.37248052500506
588,-9.179688453674316,24.57054901123047,-18.016151428222656,-0.007968481630086899,-0.0032649494241923094,-0.015471728518605232,0.01770680584013462,3.210661466251537,-9.20527255058857,24.560066363924953,-18.06582591079365
589,-6.248323917388916,24.57054901123047,-19.230363845825195,-0.004316729959100485,-0.001627977704629302,-0.0039653293788433075,0.006083445157855749,3.210661466251537,-6.262183475928813,24.5653221259463,-19.24309517606284
590,-3.163105010986328,24.57054901123047,-19.971057891845703,0.0007550590671598911,0.001970735378563404,0.012612013146281242,0.012787368148565292,3.210661466251537,-3.160680771934654,24.576876375370603,-19.93056498722508
591,-0.0,24.57054901123047,-20.219999313354492,0.001791398855857551,0.0026310200337320566,0.010552406311035156,0.011022008024156094,3.210661466251537,0.005751575277188931,24.578996325869706,-20.18611910903542
592,3.163105010986328,24.57054901123047,-19.971057891845703,0.002610826399177313,4.891704156761989e-05,-0.004358448088169098,0.005080834496766329,3.210661466251537,3.171487490701239,24.570706067290875,-19.985051393175045
593,6.248323917388916,24.57054901123047,-19.230363845825195,0.003018373856320977,-0.00201214081607759,-0.010421172715723515,0.011034497059881687,3.210661466251537,6.258014894020147,24.564088708247617,-19.26382270349672
594,9.179688453674316,24.57054901123047,-18.016151428222656,-0.000236901207244955,-0.0013360348530113697,-0.003030097112059593,0.0033200299367308617,3.210661466251537,9.178927844096906,24.566259455610336,-18.025880044259345
595,11.885018348693848,24.57054901123047,-16.35832405090332,-0.004264873918145895,0.0005255566793493927,0.004708379507064819,0.0063744960352778435,3.210661466251537,11.871325282346435,24.57223639580919,-16.3432070382515
596,14.297698974609375,24.57054901123047,-14.297698974609375,-0.0035024206154048443,0.0012094170087948442,0.004430434666574001,0.0057756719179451466,3.210661466251537,14.28645388770089,24.574432039817236,-14.28347434874666
597,16.35832405090332,24.57054901123047,-11.885018348693848,0.0011455632047727704,0.0004491806903388351,0.0002352730807615444,0.0012527696089819074,3.210661466251537,16.36200206654204,24.571991178364325,-11.884262966479401
598,18.016151428222656,24.57054901123047,-9.179688453674316,0.003886921564117074,-0.00041909675928764045,-0.0018153648125007749,0.004310376942157745,3.210661466251537,18.02863101751091,24.569203433414792,-9.185516975525001
599,19.230363845825195,24.57054901123047,-6.248323917388916,0.002132510533556342,-0.0004740564909297973,-0.0011885385029017925,0.0024869570042937994,3.210661466251537,19.23721061522166,24.569026976322213,-6.252139912161339
600,19.971057891845703,24.57054901123047,-3.163105010986328,-0.0014732031850144267,2.0457111531868577e-05,-0.000237413783906959,0.0014923509443178773,3.210661466251537,19.966327935147618,24.570614692090174,-3.163867266273875
601,20.899999618530273,26.795795440673828,0.0,-0.0011915710056200624,-0.0003271436144132167,-1.0504482483505995e-12,0.0012356635415926576,3.210661466251537,20.896173887418225,26.7947450932771,-3.372633713270694e-12
602,20.64268684387207,26.795795440673828,3.269479990005493,2.345265238545835e-05,-0.00042435064096935093,7.895620365161449e-05,0.00043227028800174594,3.210661466251537,20.642762142399366,26.79443299442269,3.269733491646079
603,19.8770809173584,26.795795440673828,6.4584550857543945,0.001914369291625917,-0.00031437710276804864,0.0005560433492064476,0.0020181245636194944,3.210661466251537,19.883227309075195,26.7947860822241,6.460240352709257
604,18.62203598022461,26.795795440673828,9.488401412963867,0.0014484744751825929,0.000455880886875093,0.00040639369399286807,0.0015719609800726175,3.210661466251537,18.626686541406926,26.797259119870517,9.489706205537297
605,16.90845489501953,26.795795440673828,12.284711837768555,-0.0015114963753148913,0.0012646191753447056,-0.001406409195624292,0.002421129960566759,3.210661466251537,16.90360199185093,26.79985570472959,12.280196333958383
606,14.778532028198242,26.795795440673828,14.778532028198242,-0.003399582114070654,0.000844230002257973,-0.003100253874436021,0.004677761811763048,3.210661466251537,14.767617120903237,26.79850597741073,14.768578162547993
607,12.284711837768555,26.795795440673828,16.90845489501953,-0.001469008857384324,-0.0008559412672184408,-0.0009670034633018076,0.0019559443462640047,3.210661466251537,12.279995347636568,26.793047303029795,16.905350174262175
608,9.488401412963867,26.795795440673828,18.62203598022461,0.002001635730266571,-0.0019902975764125586,0.004680365789681673,0.005465679802000523,3.210661466251537,9.494827987672506,26.789405268938868,18.637063050313504
609,6.4584550857543945,26.795795440673828,19.8770809173584,0.002698697615414858,-0.0009145009680651128,0.006720982026308775,0.0073000602424144745,3.210661466251537,6.467119690197272,26.79285928765481,19.898659715365635
610,3.269479990005493,26.795795440673828,20.64268684387207,0.0008331903372891247,0.00139410060364753,-0.00028197336359880865,0.0016484027728438377,3.210661466251537,3.2721550821154803,26.800271425762038,20.641781522859056
611,0.0,26.795795440673828,20.899999618530273,0.00016734463861212134,0.0022100741043686867,-0.009333152323961258,0.009592714719474316,3.210661466251537,0.0005372869827757271,26.802891240438285,20.870034026005076
612,-3.269479990005493,26.795795440673828,20.64268684387207,0.00033973221434280276,0.0005092542851343751,-0.0073354607447981834,0.0073609608225524426,3.210661466251537,-3.268389224876058,26.797430483783632,20.619135162721545
613,-6.4584550857543945,26.795795440673828,19.8770809173584,-0.0024223378859460354,-0.001641246024519205,0.004986101761460304,0.005781230051070452,3.210661466251537,-6.466232392663042,26.790525955306265,19.893089602150727
614,-9.488401412963867,26.795795440673828,18.62203598022461,-0.005167925730347633,-0.0017408051062375307,0.010767309926450253,0.012069500051438808,3.210661466251537,-9.504993872966745,26.79020630479898,18.65660616730065
615,-12.284711837768555,26.795795440673828,16.90845489501953,-0.00013451017730403692,4.326089037931524e-05,0.0016950101125985384,0.0017008890863507986,3.210661466251537,-12.285143704411643,26.795934336747564,16.913896998672957
616,-14.778532028198242,26.795795440673828,14.778532028198242,0.008565298281610012,0.0013802427565678954,-0.008253623731434345,0.011974627152085304,3.210661466251537,-14.751031755058527,26.800226932906412,14.752032436526786
617,-16.90845489501953,26.795795440673828,12.284711837768555,0.005871670786291361,0.0008749534608796239,-0.005159119609743357,0.00786502193659544,3.210661466251537,-16.88960294788347,26.798604620035437,12.268147651237769
618,-18.62203598022461,26.795795440673828,9.488401412963867,-0.00789293460547924,-0.00043320326949469745,0.0033872071653604507,0.008599956519901752,3.210661466251537,-18.647377521218065,26.794404571629407,9.4992765884879
619,-19.8770809173584,26.795795440673828,6.4584550857543945,-0.011434010230004787,-0.0007765075424686074,0.004182225093245506,0.012199613265693188,3.210661466251537,-19.9137916534086,26.79330233782897,6.471882794704468
620,-20.64268684387207,26.795795440673828,3.269479990005493,0.003252755617722869,2.169507570215501e-05,0.0003102730552200228,0.0032675922848284245,3.210661466251537,-20.632243346751114,26.795865096217394,3.2704761717479043
621,-20.899999618530273,26.795795440673828,0.0,0.01383794192224741,0.0005790369468741119,1.067877106186721e-10,0.013850051909685135,3.210661466251537,-20.855570671628286,26.797654532286693,3.428591875525906e-10
622,-20.64268684387207,26.795795440673828,-3.269479990005493,0.0032527591101825237,2.169523577322252e-05,-0.00031027247314341366,0.0032675957772880793,3.210661466251537,-20.632243335538007,26.795865096731326,-3.2704761698790534
623,-19.8770809173584,26.795795440673828,-6.4584550857543945,-0.011434009298682213,-0.0007765074842609465,-0.004182224627584219,0.012199611403048038,3.210661466251537,-19.91379165041844,26.793302338015856,-6.471882793209387
624,-18.62203598022461,26.795795440673828,-9.488401412963867,-0.007892937399446964,-0.0004332035023253411,-0.0033872085623443127,0.008599960245192051,3.210661466251537,-18.64737753018855,26.794404570881866,-9.499276592973143
625,-16.90845489501953,26.795795440673828,-12.284711837768555,0.005871668457984924,0.0008749532280489802,0.0051591177470982075,0.007865019142627716,3.210661466251537,-16.889602955358875,26.798604619287897,-12.268147657218092
626,-14.778532028198242,26.795795440673828,-14.778532028198242,0.008565299212932587,0.001380242989398539,0.00825362466275692,0.011974629014730453,3.210661466251537,-14.751031752068364,26.800226933653953,-14.752032433536625
627,-12.284711837768555,26.795795440673828,-16.90845489501953,-0.0001345083292108029,4.3261323298793286e-05,-0.0016950075514614582,0.0017008864087983966,3.210661466251537,-12.285143698478041,26.795934338137524,-16.913896990450013
628,-9.488401412963867,26.795795440673828,-18.62203598022461,-0.005167925264686346,-0.0017408049898222089,-0.010767309926450253,0.012069500051438808,3.210661466251537,-9.504993871471664,26.79020630517275,-18.65660616730065
629,-6.4584550857543945,26.795795440673828,-19.8770809173584,-0.0024223385844379663,-0.0016412463737651706,-0.004986104555428028,0.005781232379376888,3.210661466251537,-6.4662323949056635,26.790525954184954,-19.893089611121212
630,-3.269479990005493,26.795795440673828,-20.64268684387207,0.0003397317777853459,0.0005092537612654269,0.007335458882153034,0.007360958494246006,3.210661466251537,-3.2683892262776966,26.797430482101667,-20.61913516870187
631,-0.0,26.795795440673828,-20.899999618530273,0.0001673444057814777,0.002210073871538043,0.009333153255283833,0.009592714719474316,3.210661466251537,0.0005372862352353514,26.802891239690744,-20.870034023014913
632,3.269479990005493,26.795795440673828,-20.64268684387207,0.0008331899298354983,0.0013941010693088174,0.0002819756045937538,0.0016484033549204469,3.210661466251537,3.272155080807285,26.80027142725712,-20.64178151566398
633,6.4584550857543945,26.795795440673828,-19.8770809173584,0.002698697615414858,-0.0009145005024038255,-0.0067209810949862,0.0073000593110919,3.210661466251537,6.467119690197272,26.79285928914989,-19.898659712375476
634,9.488401412963867,26.795795440673828,-18.62203598022461,0.002001636428758502,-0.0019902975764125586,-0.004680366721004248,0.005465680733323097,3.210661466251537,9.494827989915127,26.789405268938868,-18.637063053303663
635,12.284711837768555,26.795795440673828,-16.90845489501953,-0.0014690080424770713,-0.0008559416746720672,0.0009670022991485894,0.00195594341494143,3.210661466251537,12.27999535025296,26.7930473017216,-16.90535017799988
636,14.778532028198242,26.795795440673828,-14.778532028198242,-0.003399582114070654,0.0008442296530120075,0.003100253641605377,0.004677761811763048,3.210661466251537,14.767617120903237,26.79850597628942,-14.768578163295533
637,16.90845489501953,26.795795440673828,-12.284711837768555,-0.0015114969573915005,0.0012646191753447056,0.0014064095448702574,0.0024211304262280464,3.210661466251537,16.90360198998208,26.79985570472959,-12.280196332837072
638,18.62203598022461,26.795795440673828,-9.488401412963867,0.0014484738931059837,0.00045588111970573664,-0.0004063934029545635,0.0015719605144113302,3.210661466251537,18.626686539538078,26.797259120618058,-9.489706204602872
639,19.8770809173584,26.795795440673828,-6.4584550857543945,0.0019143694080412388,-0.0003143769281450659,-0.0005560432909987867,0.002018124796450138,3.210661466251537,19.883227309448966,26.794786082784753,-6.460240352522372
640,20.64268684387207,26.795795440673828,-3.269479990005493,2.345299617445562e-05,-0.00042435058276169,-7.895623275544494e-05,0.000432270229794085,3.210661466251537,20.642762143503155,26.794432994609572,-3.2697334917395215
641,21.579999923706055,29.02104377746582,0.0,0.0020349195692688227,-0.0012977990554645658,4.955597043831972e-11,0.0024135408457368612,3.210661466251537,21.58653336155403,29.016876984047503,1.591074447090134e-10
642,21.314313888549805,29.02104377746582,3.3758559226989746,0.0017213650280609727,-0.0009133185376413167,8.220233212341554e-06,0.0019486702512949705,3.210661466251537,21.319840608914753,29.018111420830603,3.375882315084993
643,20.523799896240234,29.02104377746582,6.6685872077941895,0.00024478265549987555,0.0002729162806645036,-0.00042546220356598496,0.0005616225535050035,3.210661466251537,20.524585810479856,29.021920019251663,6.667221192691854
644,19.227920532226562,29.02104377746582,9.797115325927734,-0.002201155526563525,0.0016785687766969204,-0.001534037641249597,0.0031647984869778156,3.210661466251537,19.2208533669962,29.026433093555614,9.792190050385194
645,17.458587646484375,29.02104377746582,12.684406280517578,-0.003159248735755682,0.0017137799877673388,-0.0020211683586239815,0.004123471211642027,3.210661466251537,17.44844436830618,29.026546144834178,12.677916993151737
646,15.259364128112793,29.02104377746582,15.259364128112793,-0.000957559677772224,-0.00037483073538169265,0.00013905878586228937,0.0010376685531809926,3.210661466251537,15.256289728153734,29.019840322867363,15.259810598798104
647,12.684406280517578,29.02104377746582,17.458587646484375,0.0020394274033606052,-0.0025191844906657934,0.003719835076481104,0.004933835007250309,3.210661466251537,12.690954191494766,29.01295552889526,17.470530777625243
648,9.797115325927734,29.02104377746582,19.227920532226562,0.00239329831674695,-0.0017335496377199888,0.0038279742002487183,0.004835954867303371,3.210661466251537,9.804799396610559,29.01547793644416,19.240210861485107
649,6.6685872077941895,29.02104377746582,20.523799896240234,0.0006184594240039587,0.0014088880270719528,-0.0010736123658716679,0.0018761932151392102,3.210661466251537,6.6705728716352795,29.0255672399646,20.52035289038744
650,3.3758559226989746,29.02104377746582,21.314313888549805,-0.00042794650653377175,0.002667489694431424,-0.0049545010551810265,0.005643201060593128,3.210661466251537,3.3744819313408296,29.029608183839354,21.298406662927434
651,0.0,29.02104377746582,21.579999923706055,-0.0005403997492976487,0.0001778857404133305,-0.002406143583357334,0.002472488908097148,3.210661466251537,-0.0017350406514419516,29.02161490835796,21.572274611220703
652,-3.3758559226989746,29.02104377746582,21.314313888549805,-0.0009945145575329661,-0.0021892411168664694,0.0024072746746242046,0.0034024708438664675,3.210661466251537,-3.379048972266472,29.014014865371564,21.322042832586305
653,-6.6685872077941895,29.02104377746582,20.523799896240234,-0.0007357223657891154,-0.0006724350969307125,0.0023133214563131332,0.0025189111474901438,3.210661466251537,-6.670949363243888,29.01888481601155,20.531227188299074
654,-9.797115325927734,29.02104377746582,19.227920532226562,0.0008151740184985101,0.001925719203427434,-0.0010136973578482866,0.002323894528672099,3.210661466251537,-9.794498078118252,29.027226609907085,19.224665893181278
655,-12.684406280517578,29.02104377746582,17.458587646484375,0.0006738067022524774,0.0006572920246981084,-0.00098709249868989,0.0013639647513628006,3.210661466251537,-12.682242915302954,29.023154119641593,17.455418426635205
656,-15.259364128112793,29.02104377746582,15.259364128112793,-0.001813416602090001,-0.002652457682415843,0.0017303390195593238,0.003649395192041993,3.210661466251537,-15.265186394919384,29.012527633794026,15.264919660926443
657,-17.458587646484375,29.02104377746582,12.684406280517578,-0.0014688066439703107,-0.0017676179995760322,0.0015120217576622963,0.0027510137297213078,3.210661466251537,-17.463303487377544,29.01536855446753,12.689260870511038
658,-19.227920532226562,29.02104377746582,9.797115325927734,0.003123610047623515,0.002928610425442457,-0.0012142204213887453,0.004450621549040079,3.210661466251537,-19.21789167781106,29.03044655410845,9.793216875209247
659,-20.523799896240234,29.02104377746582,6.6685872077941895,0.004316133446991444,0.0038508258294314146,-0.0017878642538562417,0.00605428172275424,3.210661466251537,-20.509942252898778,29.03340747556962,6.662846980927445
660,-21.314313888549805,29.02104377746582,3.3758559226989746,-0.0016536038601770997,-0.0013204888673499227,-0.0004265255411155522,0.0021587081719189882,3.210661466251537,-21.31962305074412,29.016804134742806,3.374486493579743
661,-21.579999923706055,29.02104377746582,0.0,-0.006000906229019165,-0.004913117736577988,-9.466401273972025e-11,0.007755617145448923,3.210661466251537,-21.599266802098157,29.005269419669833,-3.039340979441644e-10
662,-21.314313888549805,29.02104377746582,-3.3758559226989746,-0.0016536052571609616,-0.001320490031503141,0.0004265252500772476,0.002158709801733494,3.210661466251537,-21.31962305522936,29.016804131005102,-3.3744864945141684
663,-20.523799896240234,29.02104377746582,-6.6685872077941895,0.004316132981330156,0.0038508251309394836,0.0017878641374409199,0.006054280791431665,3.210661466251537,-20.50994225439386,29.033407473327,-6.6628469813012146
664,-19.227920532226562,29.02104377746582,-9.797115325927734,0.003123610746115446,0.002928611123934388,0.0012142208870500326,0.004450622480362654,3.210661466251537,-19.217891675568442,29.030446556351073,-9.793216873714165
665,-17.458587646484375,29.02104377746582,-12.684406280517578,-0.0014688059454783797,-0.0017676173010841012,-0.001512021292001009,0.0027510125655680895,3.210661466251537,-17.463303485134922,29.01536855671015,-12.689260869015957
666,-15.259364128112793,29.02104377746582,-15.259364128112793,-0.0018134168349206448,-0.0026524579152464867,-0.0017303392523899674,0.003649395424872637,3.210661466251537,-15.265186395666925,29.012527633046485,-15.264919661673984
667,-12.684406280517578,29.02104377746582,-17.458587646484375,0.0006738064112141728,0.0006572914426214993,0.0009870921494439244,0.0013639640528708696,3.210661466251537,-12.68224291623738,29.02315411777274,-17.455418427756516
668,-9.797115325927734,29.02104377746582,-19.227920532226562,0.0008151742513291538,0.0019257194362580776,0.001013697823509574,0.0023238949943333864,3.210661466251537,-9.794498077370712,29.027226610654626,-19.224665891686197
669,-6.6685872077941895,29.02104377746582,-20.523799896240234,-0.0007357221329584718,-0.0006724346312694252,-0.0023133212234824896,0.0025189106818288565,3.210661466251537,-6.670949362496348,29.01888481750663,-20.531227187551533
670,-3.3758559226989746,29.02104377746582,-21.314313888549805,-0.000994514673948288,-0.0021892411168664694,-0.0024072753731161356,0.003402471309527755,3.210661466251537,-3.379048972640242,29.014014865371564,-21.322042834828924
671,-0.0,29.02104377746582,-21.579999923706055,-0.0005403999239206314,0.00017788511468097568,0.0024061426520347595,0.002472488209605217,3.210661466251537,-0.0017350412120972335,29.021614906348947,-21.572274614210862
672,3.3758559226989746,29.02104377746582,-21.314313888549805,-0.0004279467393644154,0.0026674894616007805,0.004954501520842314,0.0056432015262544155,3.210661466251537,3.3744819305932894,29.029608183091813,-21.298406661432352
673,6.6685872077941895,29.02104377746582,-20.523799896240234,0.0006184590165503323,0.001408888609148562,0.001073613646440208,0.0018761942628771067,3.210661466251537,6.670572870327083,29.025567241833453,-20.520352886275965
674,9.797115325927734,29.02104377746582,-19.227920532226562,0.0023932980839163065,-0.0017335490556433797,-0.0038279735017567873,0.004835953935980797,3.210661466251537,9.804799395863018,29.01547793831301,-19.240210859242485
675,12.684406280517578,29.02104377746582,-17.458587646484375,0.002039428101852536,-0.002519184723496437,-0.003719835542142391,0.004933835938572884,3.210661466251537,12.690954193737387,29.01295552814772,-17.470530779120324
676,15.259364128112793,29.02104377746582,-15.259364128112793,-0.0009575589210726321,-0.00037483134656213224,-0.00013905964442528784,0.0010376682039350271,3.210661466251537,15.256289730583239,29.01984032090507,-15.25981060155466
677,17.458587646484375,29.02104377746582,-12.684406280517578,-0.0031592485029250383,0.0017137796385213733,0.002021167892962694,0.00412347074598074,3.210661466251537,17.44844436905372,29.026546143712867,-12.677916994646818
678,19.227920532226562,29.02104377746582,-9.797115325927734,-0.0022011559922248125,0.0016785688931122422,0.001534037757664919,0.0031647991854697466,3.210661466251537,19.220853365501117,29.026433093929384,-9.792190050011424
679,20.523799896240234,29.02104377746582,-6.6685872077941895,0.00024478198611177504,0.00027291668811812997,0.00042546240729279816,0.0005616226699203253,3.210661466251537,20.524585808330677,29.021920020559858,-6.667221192037756
680,21.314313888549805,29.02104377746582,-3.3758559226989746,0.0017213646788150072,-0.0009133182466030121,-8.22009224066278e-06,0.001948669902049005,3.210661466251537,21.31984060779344,29.018111421765028,-3.375882314632381
681,22.829999923706055,31.04561424255371,0.0,0.0033896570093929768,-0.0021050451323390007,5.6002577575320345e-11,0.003990111406892538,3.210661466251537,22.84088296484992,31.03885565526259,1.7980531783184346e-10
682,22.548925399780273,31.04561424255371,3.571398973464966,0.0020319048780947924,-0.0010792987886816263,-4.965740299667232e-05,0.0023013015743345022,3.210661466251537,22.55544915847546,31.04214897952232,3.57123954035465
683,21.71261978149414,31.04561424255371,7.054858207702637,-0.0011720664333552122,0.0011640889570116997,-0.0008088347967714071,0.0018393087666481733,3.210661466251537,21.708856672960682,31.049351738111277,7.05226131298808
684,20.341678619384766,31.04561424255371,10.364603042602539,-0.0035874706227332354,0.002494406420737505,-0.0018748195143416524,0.004754677414894104,3.210661466251537,20.330160465695048,31.053622937129944,10.358583631831666
685,18.469858169555664,31.04561424255371,13.419137001037598,-0.0025161418598145247,0.0011124867014586926,-0.0013198296073824167,0.003051318693906069,3.210661466251537,18.461779689842736,31.049186060737803,13.414899474975156
686,16.143247604370117,31.04561424255371,16.143247604370117,0.0011883593397215009,-0.0020125529263168573,0.0018325260607525706,0.002969969529658556,3.210661466251537,16.14706302391022,31.039152616424392,16.14913122517928
687,13.419137001037598,31.04561424255371,18.469858169555664,0.003150986274704337,-0.0031444826163351536,0.004303704481571913,0.0061917975544929504,3.210661466251537,13.429253751250478,31.035518373386147,18.48367590769678
688,10.364603042602539,31.04561424255371,20.341678619384766,0.0013199151726439595,-0.00016527445404790342,0.0015240079956129193,0.002022892003878951,3.210661466251537,10.368840843386067,31.045083602232744,20.34657169313054
689,7.054858207702637,31.04561424255371,21.71261978149414,-0.0010067290859296918,0.003494892967864871,-0.0042603206820786,0.00560161704197526,3.210661466251537,7.051625941419488,31.05683516073431,21.698941334046317
690,3.571398973464966,31.04561424255371,22.548925399780273,-0.0009164763614535332,0.002473150147125125,-0.004659500438719988,0.005354189779609442,3.210661466251537,3.5684564781265165,31.05355469043134,22.533965321269694
691,0.0,31.04561424255371,22.829999923706055,-0.000375517294742167,-0.002355864504352212,0.0018359706737101078,0.0030102988239377737,3.210661466251537,-0.0012056589081396965,31.038050359169876,22.835894604001304
692,-3.571398973464966,31.04561424255371,22.548925399780273,-0.0008440493256784976,-0.0037675530184060335,0.005225813016295433,0.0064973835833370686,3.210661466251537,-3.5741089301105373,31.033517905255454,22.565703716261527
693,-7.054858207702637,31.04561424255371,21.71261978149414,0.0003458839491941035,0.0010231098858639598,-0.00028702159761451185,0.0011174841783940792,3.210661466251537,-7.053747691435165,31.048899102039996,21.711698252310697
694,-10.364603042602539,31.04561424255371,20.341678619384766,0.0026382622309029102,0.004646738991141319,-0.005342178046703339,0.007555890362709761,3.210661466251537,-10.356132475719912,31.060533348376296,20.32452669418436
695,-13.419137001037598,31.04561424255371,18.469858169555664,0.00021281158842612058,0.00042771053267642856,-0.0009426747565157712,0.0010568163124844432,3.210661466251537,-13.418453735071067,31.046987476279686,18.46683156003971
696,-16.143247604370117,31.04561424255371,16.143247604370117,-0.00543337082490325,-0.0056869941763579845,0.005472470074892044,0.009581823833286762,3.210661466251537,-16.16069231870949,31.02735522949288,16.160817853164787
697,-18.469858169555664,31.04561424255371,13.419137001037598,-0.0033052389044314623,-0.003173624165356159,0.0032185418531298637,0.005599598865956068,3.210661466251537,-18.480470172742876,31.035424809737638,13.42947064934296
698,-20.341678619384766,31.04561424255371,10.364603042602539,0.006996110547333956,0.005445448216050863,-0.003087964840233326,0.0093879709020257,3.210661466251537,-20.319216476836804,31.063097733307455,10.354688632880862
699,-21.71261978149414,31.04561424255371,7.054858207702637,0.009073585271835327,0.006770764011889696,-0.0035303381737321615,0.011859025806188583,3.210661466251537,-21.68348757090111,31.06735287366377,7.043523486965398
700,-22.548925399780273,31.04561424255371,3.571398973464966,-0.0033862402196973562,-0.0023309120442718267,-0.0003600446507334709,0.004126670304685831,3.210661466251537,-22.559797470769126,31.038130473071945,3.5702429919787257
701,-22.829999923706055,31.04561424255371,0.0,-0.01219133473932743,-0.008499421179294586,-1.2277066863131125e-10,0.014861655421555042,3.210661466251537,-22.86914217237579,31.018325478487906,-3.9417505496048736e-10
702,-22.548925399780273,31.04561424255371,-3.571398973464966,-0.00338624301366508,-0.0023309141397476196,0.0003600441268645227,0.004126673564314842,3.210661466251537,-22.55979747973961,31.038130466344082,-3.570242993660692
703,-21.71261978149414,31.04561424255371,-7.054858207702637,0.009073583409190178,0.0067707630805671215,0.003530337940901518,0.01185902301222086,3.210661466251537,-21.683487576881433,31.067352870673606,-7.043523487712938
704,-20.341678619384766,31.04561424255371,-10.364603042602539,0.006996111944317818,0.005445449613034725,0.0030879657715559006,0.009387972764670849,3.210661466251537,-20.319216472351563,31.063097737792695,-10.3546886298907
705,-18.469858169555664,31.04561424255371,-13.419137001037598,-0.0033052372746169567,-0.0031736225355416536,-0.0032185406889766455,0.005599596071988344,3.210661466251537,-18.480470167510095,31.03542481497042,-13.429470645605258
706,-16.143247604370117,31.04561424255371,-16.143247604370117,-0.005433371290564537,-0.005686994642019272,-0.005472470540553331,0.009581824764609337,3.210661466251537,-16.16069232020457,31.027355227997802,-16.160817854659868
707,-13.419137001037598,31.04561424255371,-18.469858169555664,0.00021281058434396982,0.000427709223004058,0.0009426733013242483,0.0010568143334239721,3.210661466251537,-13.418453738294835,31.046987472074772,-18.46683156471184
708,-10.364603042602539,31.04561424255371,-20.341678619384766,0.0026382622309029102,0.004646738991141319,0.005342178046703339,0.007555890362709761,3.210661466251537,-10.356132475719912,31.060533348376296,-20.32452669418436
709,-7.054858207702637,31.04561424255371,-21.71261978149414,0.0003458843566477299,0.001023111050017178,0.00028702293639071286,0.001117485691793263,3.210661466251537,-7.0537476901269685,31.048899105777696,-21.71169824801234
710,-3.571398973464966,31.04561424255371,-22.548925399780273,-0.0008440492092631757,-0.003767552552744746,-0.005225812550634146,0.006497383117675781,3.210661466251537,-3.574108929736767,31.033517906750536,-22.56570371476645
711,-0.0,31.04561424255371,-22.829999923706055,-0.000375517294742167,-0.002355865202844143,-0.0018359720706939697,0.0030103002209216356,3.210661466251537,-0.0012056589081396965,31.038050356927258,-22.835894608486544
712,3.571398973464966,31.04561424255371,-22.548925399780273,-0.0009164763032458723,0.002473149448633194,0.0046594999730587006,0.005354188848286867,3.210661466251537,3.5684564783134016,31.05355468818872,-22.533965322764775
713,7.054858207702637,31.04561424255371,-21.71261978149414,-0.0010067294351756573,0.0034948934335261583,0.0042603216134011745,0.005601617973297834,3.210661466251537,7.051625940298177,31.05683516222939,-21.698941331056155
714,10.364603042602539,31.04561424255371,-20.341678619384766,0.0013199145905673504,-0.00016527355182915926,-0.001524006831459701,0.002022890606895089,3.210661466251537,10.368840841517217,31.045083605129463,-20.34657168939284
715,13.419137001037598,31.04561424255371,-18.469858169555664,0.003150986274704337,-0.00314448238350451,-0.0043037040159106255,0.006191797088831663,3.210661466251537,13.429253751250478,31.035518374133687,-18.4836759062017
716,16.143247604370117,31.04561424255371,-16.143247604370117,0.0011883601546287537,-0.0020125533919781446,-0.0018325268756598234,0.0029699706938117743,3.210661466251537,16.147063026526613,31.039152614929314,-16.149131227795667
717,18.469858169555664,31.04561424255371,-13.419137001037598,-0.0025161411613225937,0.0011124860029667616,0.0013198290253058076,0.003051317762583494,3.210661466251537,18.461779692085358,31.04918605849518,-13.414899476844008
718,20.341678619384766,31.04561424255371,-10.364603042602539,-0.003587470855563879,0.002494406420737505,0.0018748195143416524,0.004754677414894104,3.210661466251537,20.330160464947507,31.053622937129944,-10.358583631831666
719,21.71261978149414,31.04561424255371,-7.054858207702637,-0.0011720673646777868,0.001164089422672987,0.0008088350296020508,0.001839309697970748,3.210661466251537,21.70885666997052,31.049351739606358,-7.052261312240539
720,22.548925399780273,31.04561424255371,-3.571398973464966,0.0020319041796028614,-0.001079298323020339,4.965757761965506e-05,0.0023013008758425713,3.210661466251537,22.55544915623284,31.042148981017398,-3.571239539793995
721,24.079999923706055,33.070186614990234,0.0,0.00297657772898674,-0.0018256353214383125,6.363400084641313e-11,0.003491841722279787,3.210661466251537,24.089556707121815,33.06432511801226,2.0430723446099632e-10
722,23.78353500366211,33.070186614990234,3.766942024230957,0.0012761716498062015,-0.0005926208687014878,-0.0002710731641855091,0.0014329319819808006,3.210661466251537,23.787632358802465,33.068283910003,3.7660717000681716
723,22.90144157409668,33.070186614990234,7.441129207611084,-0.0018984735943377018,0.0016057721804827452,-0.0010268405312672257,0.0026901871897280216,3.210661466251537,22.895346218082643,33.07534220585369,7.437832370285359
724,21.45543670654297,33.070186614990234,10.932090759277344,-0.002896043239161372,0.0019225162686780095,-0.0012638088082894683,0.0036986954510211945,3.210661466251537,21.446138492110396,33.07635916389232,10.92803309703586
725,19.481128692626953,33.070186614990234,14.153868675231934,-0.0005754965241067111,-0.00043543247738853097,0.0003380477137397975,0.0007969152648001909,3.210661466251537,19.47928096811304,33.06878858871393,14.154954032000193
726,17.027130126953125,33.070186614990234,17.027130126953125,0.0022011667024344206,-0.0027604405768215656,0.002630501752719283,0.004402806516736746,3.210661466251537,17.034197328065428,33.06132377480036,17.035575777567487
727,14.153868675231934,33.070186614990234,19.481128692626953,0.002183235017582774,-0.0017573690274730325,0.002230091253295541,0.0035816431045532227,3.210661466251537,14.160878303774657,33.06454429797174,19.488288760680135
728,10.932090759277344,33.070186614990234,21.45543670654297,-3.218185156583786e-05,0.0018924822797998786,-0.0016233328497037292,0.0024935384280979633,3.210661466251537,10.931987434246608,33.07626273492155,21.450224734315526
729,7.441129207611084,33.070186614990234,22.90144157409668,-0.0013460629852488637,0.003513248637318611,-0.0042420183308422565,0.005670054815709591,3.210661466251537,7.436807455053198,33.08146646701143,22.88782188930271
730,3.766942024230957,33.070186614990234,23.78353500366211,-0.0009353527566418052,0.0004358325677458197,-0.00125871691852808,0.0016276371898129582,3.210661466251537,3.763938923177855,33.07158592582123,23.779493689754872
731,0.0,33.070186614990234,24.079999923706055,-0.00046857254346832633,-0.0035278364084661007,0.003829617751762271,0.0052279215306043625,3.210661466251537,-0.0015044278094572287,33.058859926574335,24.092295529852112
732,-3.766942024230957,33.070186614990234,23.78353500366211,-4.98679255542811e-05,-0.0026243410538882017,0.003478878876194358,0.004358009900897741,3.210661466251537,-3.767102133257936,33.06176074429421,23.794704506015663
733,-7.441129207611084,33.070186614990234,22.90144157409668,0.001442323555238545,0.002284859772771597,-0.002171348547562957,0.00346635770983994,3.210661466251537,-7.436498394950413,33.07752252621846,22.894470108985217
734,-10.932090759277344,33.070186614990234,21.45543670654297,0.001999568659812212,0.0039967563934624195,-0.004542593378573656,0.006372400559484959,3.210661466251537,-10.92567082123216,33.08301884673272,21.440851977025535
735,-14.153868675231934,33.070186614990234,19.481128692626953,-0.0012447969056665897,-0.0005856235511600971,8.391063602175564e-05,0.001378229004330933,3.210661466251537,-14.157865296690266,33.06830637602079,19.481398101272635
736,-17.027130126953125,33.070186614990234,17.027130126953125,-0.004672587849199772,-0.004912601318210363,0.0045505003072321415,0.00816540140658617,3.210661466251537,-17.042132224708226,33.0544139152388,17.04174024294172
737,-19.481128692626953,33.070186614990234,14.153868675231934,-0.001382454764097929,-0.0019426689250394702,0.0024713752791285515,0.003434070385992527,3.210661466251537,-19.48556728686688,33.063949362730924,14.161803424609278
738,-21.45543670654297,33.070186614990234,10.932090759277344,0.006080776918679476,0.004656314849853516,-0.0021754882764071226,0.007961775176227093,3.210661466251537,-21.435913390405293,33.08513646565339,10.925106002898001
739,-22.90144157409668,33.070186614990234,7.441129207611084,0.006338662933558226,0.005045837722718716,-0.002998356008902192,0.00863882340490818,3.210661466251537,-22.88109027326835,33.086387091731524,7.431502501511198
740,-23.78353500366211,33.070186614990234,3.766942024230957,-0.0029647003393620253,-0.0019971367437392473,-0.0010436285519972444,0.003723864210769534,3.210661466251537,-23.793053652800683,33.063774485004274,3.7635912862539795
741,-24.079999923706055,33.070186614990234,0.0,-0.009059019386768341,-0.0065419538877904415,-2.0405045708660197e-10,0.011174211278557777,3.210661466251537,-24.109085368173176,33.04918261572871,-6.551369397389658e-10
742,-23.78353500366211,33.070186614990234,-3.766942024230957,-0.002964702434837818,-0.001997138373553753,0.001043628086335957,0.0037238665390759706,3.210661466251537,-23.793053659528546,33.063774479771496,-3.7635912877490605
743,-22.90144157409668,33.070186614990234,-7.441129207611084,0.006338661536574364,0.005045836791396141,0.002998356008902192,0.008638821542263031,3.210661466251537,-22.88109027775359,33.08638708874136,-7.431502501511198
744,-21.45543670654297,33.070186614990234,-10.932090759277344,0.00608077785000205,0.00465631578117609,0.0021754889748990536,0.007961777038872242,3.210661466251537,-21.43591338741513,33.085136468643555,-10.925106000655381
745,-19.481128692626953,33.070186614990234,-14.153868675231934,-0.0013824532506987453,-0.00194266764447093,-0.002471374347805977,0.003434068290516734,3.210661466251537,-19.485567282007867,33.0639493668424,-14.161803421619117
746,-17.027130126953125,33.070186614990234,-17.027130126953125,-0.004672587849199772,-0.004912601318210363,-0.004550500772893429,0.00816540140658617,3.210661466251537,-17.042132224708226,33.0544139152388,-17.041740244436802
747,-14.153868675231934,33.070186614990234,-19.481128692626953,-0.0012447977205738425,-0.0005856247153133154,-8.391184383071959e-05,0.001378230401314795,3.210661466251537,-14.157865299306657,33.0683063722831,-19.481398105150504
748,-10.932090759277344,33.070186614990234,-21.45543670654297,0.0019995681941509247,0.003996755927801132,0.004542592912912369,0.006372400093823671,3.210661466251537,-10.925670822727241,33.08301884523764,-21.440851978520612
749,-7.441129207611084,33.070186614990234,-22.90144157409668,0.0014423237880691886,0.0022848607040941715,0.002171349711716175,0.003466359106823802,3.210661466251537,-7.436498394202872,33.07752252920862,-22.894470105247517
750,-3.766942024230957,33.070186614990234,-23.78353500366211,-4.986764906789176e-05,-0.0026243403553962708,-0.003478878177702427,0.004358008969575167,3.210661466251537,-3.767102132370232,33.061760746536834,-23.79470450377304
751,-0.0,33.070186614990234,-24.079999923706055,-0.00046857239794917405,-0.0035278366412967443,-0.0038296182174235582,0.00522792199626565,3.210661466251537,-0.0015044273422444938,33.058859925826795,-24.09229553134719
752,3.766942024230957,33.070186614990234,-23.78353500366211,-0.0009353526402264833,0.0004358316073194146,0.0012587157543748617,0.00162763602565974,3.210661466251537,3.7639389235516254,33.07158592273763,-23.779493693492576
753,7.441129207611084,33.070186614990234,-22.90144157409668,-0.0013460632180795074,0.0035132484044879675,0.0042420183308422565,0.005670054815709591,3.210661466251537,7.436807454305658,33.08146646626389,-22.88782188930271
754,10.932090759277344,33.070186614990234,-21.45543670654297,-3.218236815882847e-05,0.0018924830947071314,0.0016233337810263038,0.0024935398250818253,3.210661466251537,10.931987432588004,33.076262737537945,-21.450224731325363
755,14.153868675231934,33.070186614990234,-19.481128692626953,0.0021832347847521305,-0.0017573683289811015,-0.0022300907876342535,0.0035816424060612917,3.210661466251537,14.160878303027117,33.064544300214365,-19.488288759185053
756,17.027130126953125,33.070186614990234,-17.027130126953125,0.002201167168095708,-0.0027604408096522093,-0.002630501752719283,0.004402806982398033,3.210661466251537,17.03419732956051,33.061323774052816,-17.035575777567487
757,19.481128692626953,33.070186614990234,-14.153868675231934,-0.0005754958256147802,-0.000435433117672801,-0.00033804826671257615,0.0007969153812155128,3.210661466251537,19.479280970355664,33.068788586658194,-14.154954033775601
758,21.45543670654297,33.070186614990234,-10.932090759277344,-0.0028960430063307285,0.001922515919432044,0.0012638085754588246,0.003698694985359907,3.210661466251537,21.446138492857937,33.07635916277101,-10.9280330977834
759,22.90144157409668,33.070186614990234,-7.441129207611084,-0.001898474176414311,0.0016057724133133888,0.0010268406476825476,0.0026901878882199526,3.210661466251537,22.89534621621379,33.07534220660123,-7.437832369911589
760,23.78353500366211,33.070186614990234,-3.766942024230957,0.0012761709513142705,-0.0005926204030402005,0.00027107330970466137,0.0014329312834888697,3.210661466251537,23.787632356559843,33.06828391149808,-3.766071699600959
761,25.739999771118164,34.78349685668945,0.0,0.0013917533215135336,-0.0002682225313037634,8.205138825323477e-12,0.0014173639938235283,3.210661466251537,25.744468219878076,34.78263568494381,2.6343923051710488e-11
762,25.423097610473633,34.78349685668945,4.026622772216797,0.0001704089663689956,0.0004415758594404906,-7.951348379720002e-05,0.0004799487942364067,3.210661466251537,25.423644735975458,34.784914607285785,4.026367481338322
763,24.480194091796875,34.78349685668945,7.954096794128418,-0.0016547759296372533,0.0012082107132300735,-0.0005217855214141309,0.002114312257617712,3.210661466251537,24.47488116648431,34.78737601226953,7.952421517461166
764,22.934507369995117,34.78349685668945,11.685714721679688,-0.0012317566433921456,7.446398376487195e-05,-0.0003688656724989414,0.0012879561400040984,3.210661466251537,22.930552616404377,34.78373593533275,11.684530418878772
765,20.8240966796875,34.78349685668945,15.129591941833496,0.0011020696256309748,-0.002138446783646941,0.0010473367292433977,0.0026238190475851297,3.210661466251537,20.82763505216764,34.77663102800357,15.132954585512268
766,18.200929641723633,34.78349685668945,18.200929641723633,0.0022084107622504234,-0.002308659953996539,0.00200986722484231,0.0037744608707726,3.210661466251537,18.208020101059645,34.776084531136476,18.207382644974714
767,15.129591941833496,34.78349685668945,20.8240966796875,0.0006905606715008616,0.0006304695853032172,0.00026921858079731464,0.0009730593883432448,3.210661466251537,15.131809098371592,34.78552108109263,20.824961049410867
768,11.685714721679688,34.78349685668945,22.934507369995117,-0.001211741124279797,0.0034173335880041122,-0.002829893957823515,0.004599432926625013,3.210661466251537,11.68182423114489,34.79446875795779,22.925421538511156
769,7.954096794128418,34.78349685668945,24.480194091796875,-0.0012407059548422694,0.0022822220344096422,-0.002964332699775696,0.003941466566175222,3.210661466251537,7.950113307328257,34.790824299032764,24.470676623024556
770,4.026622772216797,34.78349685668945,25.423097610473633,-0.00028871011454612017,-0.0017165213357657194,0.0009140677866525948,0.001966041512787342,3.210661466251537,4.025695821777107,34.77798568778071,25.42603237269378
771,0.0,34.78349685668945,25.739999771118164,-6.66485502733849e-05,-0.0035817886237055063,0.003921689931303263,0.005311619956046343,3.210661466251537,-0.00021398593214428524,34.77199694597506,25.752590989863187
772,-4.026622772216797,34.78349685668945,25.423097610473633,7.048528641462326e-05,-0.0009758451487869024,0.0017689453670755029,0.0020214871037751436,3.210661466251537,-4.026396467823767,34.78036374827322,25.428777095199607
773,-7.954096794128418,34.78349685668945,24.480194091796875,0.001114807790145278,0.002538171363994479,-0.002590870950371027,0.003794433083385229,3.210661466251537,-7.950517523714321,34.79164606568257,24.47187568227249
774,-11.685714721679688,34.78349685668945,22.934507369995117,0.00133251934312284,0.0023797450121492147,-0.0030214155558496714,0.004070349503308535,3.210661466251537,-11.681436453171688,34.79113741229946,22.924806627496416
775,-15.129591941833496,34.78349685668945,20.8240966796875,-0.0009237228659912944,-0.0008640032610855997,0.0007045473321340978,0.0014478095108643174,3.210661466251537,-15.13255770324483,34.78072283471237,20.826358742657934
776,-18.200929641723633,34.78349685668945,18.200929641723633,-0.002882450120523572,-0.0025711990892887115,0.0029512830078601837,0.004861034452915192,3.210661466251537,-18.21018421325399,34.77524160685141,18.210405212352974
777,-20.8240966796875,34.78349685668945,15.129591941833496,-0.0006735307397320867,-0.0005632125539705157,0.0010059846099466085,0.0013352367095649242,3.210661466251537,-20.826259158879893,34.78168857184511,15.132821817856295
778,-22.934507369995117,34.78349685668945,11.685714721679688,0.00357088097371161,0.0022106824908405542,-0.001583231845870614,0.004488310310989618,3.210661466251537,-22.92304248005225,34.79059460977691,11.680631500200008
779,-24.480194091796875,34.78349685668945,7.954096794128418,0.0034853620454669,0.00196100608445704,-0.0014864773256704211,0.004266486503183842,3.210661466251537,-24.46900377418156,34.7897929833599,7.949324218658432
780,-25.423097610473633,34.78349685668945,4.026622772216797,-0.0017314337892457843,-0.0009353277855552733,-0.00021233255392871797,0.0019793398678302765,3.210661466251537,-25.42865665822213,34.780493835810056,4.025941044267867
781,-25.739999771118164,34.78349685668945,0.0,-0.005045853089541197,-0.0026448883581906557,-6.768623855846201e-11,0.005697022657841444,3.210661466251537,-25.756200297197122,34.77500501555527,-2.1731759793516295e-10
782,-25.423097610473633,34.78349685668945,-4.026622772216797,-0.0017314349533990026,-0.0009353283676318824,0.0002123323065461591,0.0019793410319834948,3.210661466251537,-25.42865666195983,34.78049383394121,-4.025941045062129
783,-24.480194091796875,34.78349685668945,-7.954096794128418,0.003485361346974969,0.0019610056187957525,0.0014864772092550993,0.004266485571861267,3.210661466251537,-24.46900377642418,34.78979298186482,-7.949324219032201
784,-22.934507369995117,34.78349685668945,-11.685714721679688,0.003570881439372897,0.002210682723671198,0.0015832321951165795,0.004488310776650906,3.210661466251537,-22.92304247855717,34.79059461052445,-11.680631499078698
785,-20.8240966796875,34.78349685668945,-15.129591941833496,-0.000673529866617173,-0.0005632119136862457,-0.0010059839114546776,0.001335235545411706,3.210661466251537,-20.826259156076617,34.781688573900844,-15.132821815613672
786,-18.200929641723633,34.78349685668945,-18.200929641723633,-0.002882450120523572,-0.0025711990892887115,-0.0029512830078601837,0.004861034452915192,3.210661466251537,-18.21018421325399,34.77524160685141,-18.210405212352974
787,-15.129591941833496,34.78349685668945,-20.8240966796875,-0.0009237233898602426,-0.0008640039013698697,-0.0007045481470413506,0.0014478106750175357,3.210661466251537,-15.132557704926796,34.780722832656636,-20.826358745274323
788,-11.685714721679688,34.78349685668945,-22.934507369995117,0.0013325191102921963,0.0023797445464879274,0.003021415090188384,0.004070349037647247,3.210661466251537,-11.681436453919229,34.79113741080438,-22.924806628991497
789,-7.954096794128418,34.78349685668945,-24.480194091796875,0.0011148079065605998,0.0025381718296557665,0.0025908714160323143,0.00379443378187716,3.210661466251537,-7.950517523340551,34.79164606717765,-24.47187568077741
790,-4.026622772216797,34.78349685668945,-25.423097610473633,7.048547558952123e-05,-0.0009758443338796496,-0.00176894455216825,0.0020214859396219254,3.210661466251537,-4.026396467216391,34.780363750889606,-25.428777092583214
791,-0.0,34.78349685668945,-25.739999771118164,-6.66484484099783e-05,-0.0035817883908748627,-0.003921689931303263,0.0053116194903850555,3.210661466251537,-0.00021398560509537084,34.7719969467226,-25.752590989863187
792,4.026622772216797,34.78349685668945,-25.423097610473633,-0.0002887099399231374,-0.0017165221506729722,-0.0009140687179751694,0.0019660426769405603,3.210661466251537,4.025695822337762,34.77798568516432,-25.426032375683942
793,7.954096794128418,34.78349685668945,-24.480194091796875,-0.0012407058384269476,0.0022822213359177113,0.0029643322341144085,0.003941465634852648,3.210661466251537,7.950113307702027,34.79082429679014,-24.470676624519637
794,11.685714721679688,34.78349685668945,-22.934507369995117,-0.0012117414735257626,0.003417333820834756,0.0028298944234848022,0.004599433857947588,3.210661466251537,11.68182423002358,34.79446875870533,-22.925421537016074
795,15.129591941833496,34.78349685668945,-20.8240966796875,0.0006905601476319134,0.00063047040021047,-0.0002692178823053837,0.0009730593883432448,3.210661466251537,15.131809096689627,34.78552108370902,-20.824961047168244
796,18.200929641723633,34.78349685668945,-18.200929641723633,0.0022084107622504234,-0.002308659488335252,-0.0020098669920116663,0.003774460405111313,3.210661466251537,18.208020101059645,34.77608453263156,-18.207382644227174
797,20.8240966796875,34.78349685668945,-15.129591941833496,0.001102070091292262,-0.0021384472493082285,-0.0010473369620740414,0.0026238197460770607,3.210661466251537,20.82763505366272,34.77663102650849,-15.132954586259808
798,22.934507369995117,34.78349685668945,-11.685714721679688,-0.0012317562941461802,7.44634962757118e-05,0.00036886543966829777,0.001287955790758133,3.210661466251537,22.930552617525688,34.78373593376759,-11.684530419626313
799,24.480194091796875,34.78349685668945,-7.954096794128418,-0.0016547760460525751,0.0012082105968147516,0.00052178546320647,0.002114312257617712,3.210661466251537,24.47488116611054,34.787376011895766,-7.952421517648051
800,25.423097610473633,34.78349685668945,-4.026622772216797,0.00017040858801919967,0.00044157597585581243,7.951352745294571e-05,0.00047994876513257623,3.210661466251537,25.423644734760703,34.78491460765956,-4.026367481198158
801,27.399999618530273,36.49680709838867,0.0,-0.000812338839750737,0.0018594226567074656,-4.0994967837049145e-11,0.0020291246473789215,3.210661466251537,27.397391473519946,36.502777075062035,-1.3162096354463482e-10
802,27.062660217285156,36.49680709838867,4.286303997039795,-0.0011079009855166078,0.0016405939823016524,3.650317739811726e-05,0.0019799810834228992,3.210661466251537,27.059103122282536,36.502074490269415,4.286421196384863
803,26.058948516845703,36.49680709838867,8.467065811157227,-0.0008712753187865019,0.0002957338001579046,0.00011716873268596828,0.000927527726162225,3.210661466251537,26.05615114675318,36.49775659950511,8.46744200029231
804,24.4135799407959,36.49680709838867,12.439339637756348,0.000935207586735487,-0.0023003295063972473,0.0008068670867942274,0.0026109698228538036,3.210661466251537,24.416582575757577,36.4894215190828,12.441930214820305
805,22.16706657409668,36.49680709838867,16.105316162109375,0.0025363611057400703,-0.003598724026232958,0.0016632130136713386,0.004706401843577623,3.210661466251537,22.17520997096338,36.48525281382997,16.11065617604254
806,19.374725341796875,36.49680709838867,19.374725341796875,0.001580399228259921,-0.0010528594721108675,0.0007966305129230022,0.00205931905657053,3.210661466251537,19.379799468700345,36.49342672305219,19.377283052687556
807,16.105316162109375,36.49680709838867,22.16706657409668,-0.0009520423482172191,0.0033216222655028105,-0.0020033966284245253,0.003994140308350325,3.210661466251537,16.102259476427715,36.50747170300197,22.160634345740178
808,12.439339637756348,36.49680709838867,24.4135799407959,-0.0019681258127093315,0.0042334990575909615,-0.0034034913405776024,0.005777524318546057,3.210661466251537,12.433020652048747,36.510399430680295,24.402652482297984
809,8.467065811157227,36.49680709838867,26.058948516845703,-0.0008592724334448576,0.00020532187772914767,-0.00080686598084867,0.0011964694131165743,3.210661466251537,8.464306978266153,36.49746631742968,26.056357943332564
810,4.286303997039795,36.49680709838867,27.062660217285156,0.00020754430443048477,-0.00367367104627192,0.0029109620954841375,0.004691762384027243,3.210661466251537,4.28697035154057,36.48501218432072,27.072006331114846
811,0.0,36.49680709838867,27.399999618530273,0.00026214506942778826,-0.002599446102976799,0.0028917542658746243,0.003897189162671566,3.210661466251537,0.0008416590729796335,36.48846115695225,27.409284062521586
812,-4.286303997039795,36.49680709838867,27.062660217285156,0.00036777034983970225,0.0011212510289624333,-0.00041889018029905856,0.0012521692551672459,3.210661466251537,-4.285123210949135,36.50040705586136,27.06131530272468
813,-8.467065811157227,36.49680709838867,26.058948516845703,0.0006582777132280171,0.0019755468238145113,-0.0021273347083479166,0.002976855495944619,3.210661466251537,-8.464952304269273,36.50314991045067,26.05211836527179
814,-12.439339637756348,36.49680709838867,24.4135799407959,0.00016239541582763195,-0.00019248136959504336,-0.0005800505168735981,0.0006323606357909739,3.210661466251537,-12.438818241052454,36.49618910587234,24.411717594952894
815,-16.105316162109375,36.49680709838867,22.16706657409668,-0.0005668304511345923,-0.0008342588553205132,0.0009490720112808049,0.001384926843456924,3.210661466251537,-16.10713606279673,36.49412857562901,22.170113723031996
816,-19.374725341796875,36.49680709838867,19.374725341796875,-0.0002076899108942598,0.0009767144219949841,0.0003703548281919211,0.0010650205658748746,3.210661466251537,-19.375392163790714,36.499942997746906,19.375914425772592
817,-22.16706657409668,36.49680709838867,16.105316162109375,0.0004957761848345399,0.00120700360275805,-0.0005691067199222744,0.0014235639246180654,3.210661466251537,-22.165474804604145,36.50068237834567,16.103488953093535
818,-24.4135799407959,36.49680709838867,12.439339637756348,0.00010639333777362481,-0.0012955412967130542,-0.0003142953210044652,0.0013373587280511856,3.210661466251537,-24.413238347806043,36.492647553869375,12.438330541880175
819,-26.058948516845703,36.49680709838867,8.467065811157227,-0.0005301309865899384,-0.002202073112130165,0.0002849233860615641,0.0022828374058008194,3.210661466251537,-26.060650587976415,36.489736987101686,8.467980603693688
820,-27.062660217285156,36.49680709838867,4.286303997039795,-7.012351852608845e-05,0.0005581300938501954,0.0003126484516542405,0.0006435647374019027,3.210661466251537,-27.062885360163968,36.498599065174155,4.287307805376004
821,-27.399999618530273,36.49680709838867,0.0,0.0004785356286447495,0.002629973227158189,3.759651964752031e-11,0.002673154463991523,3.210661466251537,-27.398463202627156,36.50525105208638,1.2070969689746227e-10
822,-27.062660217285156,36.49680709838867,-4.286303997039795,-7.012338755885139e-05,0.0005581307341344655,-0.00031264842255041003,0.0006435652612708509,3.210661466251537,-27.062885359743476,36.49859906722989,-4.287307805282562
823,-26.058948516845703,36.49680709838867,-8.467065811157227,-0.0005301309865899384,-0.0022020728792995214,-0.00028492347337305546,0.0022828371729701757,3.210661466251537,-26.060650587976415,36.48973698784923,-8.467980603974016
824,-24.4135799407959,36.49680709838867,-12.439339637756348,0.00010639319953043014,-0.0012955417623743415,0.0003142952045891434,0.001337359077297151,3.210661466251537,-24.413238348249894,36.492647552374294,-12.438330542253945
825,-22.16706657409668,36.49680709838867,-16.105316162109375,0.0004957762430422008,0.0012070032535120845,0.0005691068363375962,0.0014235636917874217,3.210661466251537,-22.16547480441726,36.500682377224365,-16.103488952719765
826,-19.374725341796875,36.49680709838867,-19.374725341796875,-0.00020768977992702276,0.0009767146548256278,-0.0003703546535689384,0.0010650206822901964,3.210661466251537,-19.375392163370222,36.49994299849445,-19.375914425211935
827,-16.105316162109375,36.49680709838867,-22.16706657409668,-0.0005668305093422532,-0.0008342587389051914,-0.0009490721276961267,0.001384926843456924,3.210661466251537,-16.107136062983617,36.49412857600279,-22.170113723405766
828,-12.439339637756348,36.49680709838867,-24.4135799407959,0.0001623952412046492,-0.00019248167518526316,0.0005800501676276326,0.0006323603447526693,3.210661466251537,-12.43881824161311,36.496189104891194,-24.411717596074205
829,-8.467065811157227,36.49680709838867,-26.058948516845703,0.0006582776550203562,0.0019755468238145113,0.0021273347083479166,0.002976855495944619,3.210661466251537,-8.464952304456158,36.50314991045067,-26.05211836527179
830,-4.286303997039795,36.49680709838867,-27.062660217285156,0.0003677704371511936,0.0011212516110390425,0.0004188908787909895,0.0012521700700744987,3.210661466251537,-4.285123210668807,36.50040705773021,-27.061315300482057
831,-0.0,36.49680709838867,-27.399999618530273,0.00026214512763544917,-0.002599445404484868,-0.002891753800213337,0.0038971882313489914,3.210661466251537,0.0008416592598647275,36.48846115919487,-27.409284061026504
832,4.286303997039795,36.49680709838867,-27.062660217285156,0.00020754450815729797,-0.0036736715119332075,-0.0029109627939760685,0.004691763315349817,3.210661466251537,4.286970352194667,36.48501218282564,-27.072006333357468
833,8.467065811157227,36.49680709838867,-26.058948516845703,-0.000859272142406553,0.0002053207572316751,0.0008068650495260954,0.0011964683653786778,3.210661466251537,8.464306979200579,36.497466313832135,-26.056357946322724
834,12.439339637756348,36.49680709838867,-24.4135799407959,-0.0019681258127093315,0.0042334990575909615,0.0034034911077469587,0.005777524318546057,3.210661466251537,12.433020652048747,36.510399430680295,-24.402652483045525
835,16.105316162109375,36.49680709838867,-22.16706657409668,-0.0009520428720861673,0.0033216229639947414,0.0020033973269164562,0.0039941417053341866,3.210661466251537,16.102259474745747,36.50747170524458,-22.16063434349756
836,19.374725341796875,36.49680709838867,-19.374725341796875,0.0015803987625986338,-0.0010528585407882929,-0.0007966299308463931,0.0020593181252479553,3.210661466251537,19.379799467205263,36.49342672604235,-19.377283050818708
837,22.16706657409668,36.49680709838867,-16.105316162109375,0.0025363611057400703,-0.003598723793402314,-0.0016632128972560167,0.004706401843577623,3.210661466251537,22.17520997096338,36.485252814577514,-16.11065617566877
838,24.4135799407959,36.49680709838867,-12.439339637756348,0.0009352081106044352,-0.0023003299720585346,-0.0008068672614172101,0.0026109705213457346,3.210661466251537,24.41658257743954,36.48942151758772,-12.44193021538096
839,26.058948516845703,36.49680709838867,-8.467065811157227,-0.0008712749113328755,0.00029573310166597366,-0.00011716886365320534,0.0009275271440856159,3.210661466251537,26.056151148061375,36.49775659726249,-8.467442000712802
840,27.062660217285156,36.49680709838867,-4.286303997039795,-0.001107900869101286,0.001640593633055687,-3.650326107162982e-05,0.0019799808505922556,3.210661466251537,27.059103122656307,36.5020744891481,-4.28642119665351
