node_label,x,y,z,ux,uy,uz,umag,deformed_x,deformed_y,deformed_z
1,39.29999923706055,0.0,0.0,7.053612626826677e-31,-4.778037530160236e-31,1.6171798879248325e-31,0.0,39.29999923706055,-4.778037530160236e-31,1.6171798879248325e-31
2,38.8161506652832,0.0,6.147873878479004,7.231206783546649e-31,-4.782535911941963e-31,-5.198175315416728e-32,0.0,38.8161506652832,-4.782535911941963e-31,6.147873878479004
3,37.376522064208984,0.0,12.144368171691895,7.2343326581243555e-31,-4.784794741886503e-31,5.904251278664695e-32,0.0,37.376522064208984,-4.784794741886503e-31,12.144368171691895
4,35.01655578613281,0.0,17.841827392578125,7.06758361228507e-31,-4.787121750503391e-31,1.686653484849391e-31,0.0,35.01655578613281,-4.787121750503391e-31,17.841827392578125
5,31.794368743896484,0.0,23.099960327148438,6.739522887275664e-31,-4.7920362572853084e-31,2.7450614278142387e-31,0.0,31.794368743896484,-4.7920362572853084e-31,23.099960327148438
6,27.789297103881836,0.0,27.789297103881836,6.2597740202474475e-31,-4.8012126363855675e-31,3.7447481382309344e-31,0.0,27.789297103881836,-4.8012126363855675e-31,27.789297103881836
7,23.099960327148438,0.0,31.794368743896484,5.63712688775813e-31,-4.814593993877588e-31,4.665769356097382e-31,0.0,23.099960327148438,-4.814593993877588e-31,31.794368743896484
8,17.841827392578125,0.0,35.01655578613281,4.879907751393457e-31,-4.830127446427094e-31,5.48676752455349e-31,0.0,17.841827392578125,-4.830127446427094e-31,35.01655578613281
9,12.144368171691895,0.0,37.376522064208984,3.998790570056633e-31,-4.844413934569248e-31,6.184045852981034e-31,0.0,12.144368171691895,-4.844413934569248e-31,37.376522064208984
10,6.147873878479004,0.0,38.8161506652832,3.0099607254641323e-31,-4.853879015082069e-31,6.733175687978964e-31,0.0,6.147873878479004,-4.853879015082069e-31,38.8161506652832
11,0.0,0.0,39.29999923706055,1.9364998720403948e-31,-4.855472045026303e-31,7.111678286175376e-31,0.0,1.9364998720403948e-31,-4.855472045026303e-31,39.29999923706055
12,-6.147873878479004,0.0,38.8161506652832,8.075364071504918e-32,-4.845371257168558e-31,7.298885635696372e-31,0.0,-6.147873878479004,-4.845371257168558e-31,38.8161506652832
13,-12.144368171691895,0.0,37.376522064208984,-3.409499324040967e-32,-4.819450196139705e-31,7.27826887537617e-31,0.0,-12.144368171691895,-4.819450196139705e-31,37.376522064208984
14,-17.841827392578125,0.0,35.01655578613281,-1.4726677862694877e-31,-4.7831946589761635e-31,7.054764611290483e-31,0.0,-17.841827392578125,-4.7831946589761635e-31,35.01655578613281
15,-23.099960327148438,0.0,31.794368743896484,-2.565332808452044e-31,-4.755892156986225e-31,6.663318879896037e-31,0.0,-23.099960327148438,-4.755892156986225e-31,31.794368743896484
16,-27.789297103881836,0.0,27.789297103881836,-3.599494652288526e-31,-4.749629123085044e-31,6.137760998016276e-31,0.0,-27.789297103881836,-4.749629123085044e-31,27.789297103881836
17,-31.794368743896484,0.0,23.099960327148438,-4.539564521011178e-31,-4.7565194007718235e-31,5.4833971471508126e-31,0.0,-31.794368743896484,-4.7565194007718235e-31,23.099960327148438
18,-35.01655578613281,0.0,17.841827392578125,-5.353940424492494e-31,-4.762456117441216e-31,4.701587139164677e-31,0.0,-35.01655578613281,-4.762456117441216e-31,17.841827392578125
19,-37.376522064208984,0.0,12.144368171691895,-6.029077141327949e-31,-4.7660686466801634e-31,3.8084604022432427e-31,0.0,-37.376522064208984,-4.7660686466801634e-31,12.144368171691895
20,-38.8161506652832,0.0,6.147873878479004,-6.555714597219505e-31,-4.76949497761394e-31,2.8250056231193116e-31,0.0,-38.8161506652832,-4.76949497761394e-31,6.147873878479004
21,-39.29999923706055,0.0,0.0,-6.9210243872177685e-31,-4.771730297671464e-31,1.7717873701639093e-31,0.0,-39.29999923706055,-4.771730297671464e-31,1.7717873701639093e-31
22,-38.8161506652832,0.0,-6.147873878479004,-7.113602335328802e-31,-4.771535165609227e-31,6.718476248671366e-32,0.0,-38.8161506652832,-4.771535165609227e-31,-6.147873878479004
23,-37.376522064208984,0.0,-12.144368171691895,-7.123490123610178e-31,-4.767268591313483e-31,-4.4943748153583644e-32,0.0,-37.376522064208984,-4.767268591313483e-31,-12.144368171691895
24,-35.01655578613281,0.0,-17.841827392578125,-6.938026267310322e-31,-4.75359806221116e-31,-1.561073777658955e-31,0.0,-35.01655578613281,-4.75359806221116e-31,-17.841827392578125
25,-31.794368743896484,0.0,-23.099960327148438,-6.552700159506257e-31,-4.727764457962009e-31,-2.627535267520156e-31,0.0,-31.794368743896484,-4.727764457962009e-31,-23.099960327148438
26,-27.789297103881836,0.0,-27.789297103881836,-5.990716999078695e-31,-4.702493680408031e-31,-3.6269795910017123e-31,0.0,-27.789297103881836,-4.702493680408031e-31,-27.789297103881836
27,-23.099960327148438,0.0,-31.794368743896484,-5.291280463023042e-31,-4.694176352579353e-31,-4.549261879207722e-31,0.0,-23.099960327148438,-4.694176352579353e-31,-31.794368743896484
28,-17.841827392578125,0.0,-35.01655578613281,-4.47568110502139e-31,-4.702518600888269e-31,-5.365179090881836e-31,0.0,-17.841827392578125,-4.702518600888269e-31,-35.01655578613281
29,-12.144368171691895,0.0,-37.376522064208984,-3.553519422535775e-31,-4.712017535638393e-31,-6.03499646068095e-31,0.0,-12.144368171691895,-4.712017535638393e-31,-37.376522064208984
30,-6.147873878479004,0.0,-38.8161506652832,-2.544608372849307e-31,-4.715462204284043e-31,-6.536970164301293e-31,0.0,-6.147873878479004,-4.715462204284043e-31,-38.8161506652832
31,-0.0,0.0,-39.29999923706055,-1.4770650755370437e-31,-4.714895145809206e-31,-6.865924735215065e-31,0.0,-1.4770650755370437e-31,-4.714895145809206e-31,-39.29999923706055
32,6.147873878479004,0.0,-38.8161506652832,-3.7883567452071747e-32,-4.712630673491782e-31,-7.020759910709896e-31,0.0,6.147873878479004,-4.712630673491782e-31,-38.8161506652832
33,12.144368171691895,0.0,-37.376522064208984,7.24054973019642e-32,-4.710287678151723e-31,-7.003095051803479e-31,0.0,12.144368171691895,-4.710287678151723e-31,-37.376522064208984
34,17.841827392578125,0.0,-35.01655578613281,1.8081304816565872e-31,-4.709746950750345e-31,-6.817721003272025e-31,0.0,17.841827392578125,-4.709746950750345e-31,-35.01655578613281
35,23.099960327148438,0.0,-31.794368743896484,2.8518520333011314e-31,-4.7127411699607596e-31,-6.471348897463249e-31,0.0,23.099960327148438,-4.7127411699607596e-31,-31.794368743896484
36,27.789297103881836,0.0,-27.789297103881836,3.834123794910395e-31,-4.720114340726857e-31,-5.971607222516248e-31,0.0,27.789297103881836,-4.720114340726857e-31,-27.789297103881836
37,31.794368743896484,0.0,-23.099960327148438,4.732928169546301e-31,-4.731398616297011e-31,-5.327648377446522e-31,0.0,31.794368743896484,-4.731398616297011e-31,-23.099960327148438
38,35.01655578613281,0.0,-17.841827392578125,5.525303520757627e-31,-4.744956768139395e-31,-4.55154704022572e-31,0.0,35.01655578613281,-4.744956768139395e-31,-17.841827392578125
39,37.376522064208984,0.0,-12.144368171691895,6.1887158569379805e-31,-4.758539840462017e-31,-3.659665857118417e-31,0.0,37.376522064208984,-4.758539840462017e-31,-12.144368171691895
40,38.8161506652832,0.0,-6.147873878479004,6.70320716480136e-31,-4.770012665326042e-31,-2.6731164715665114e-31,0.0,38.8161506652832,-4.770012665326042e-31,-6.147873878479004
41,36.45975875854492,1.7999999523162842,0.0,-0.000833251397125423,-0.0015453514643013477,-2.1492897196668143e-20,0.0017556819366291165,36.4589255071478,1.7984546008519828,-2.1492897196668143e-20
42,36.01087951660156,1.7999999523162842,5.703563213348389,-0.0008237005677074194,-0.0015465830219909549,-0.00013150915037840605,0.0017571841599419713,36.010055816033855,1.7984533692942932,5.70343170419801
43,34.67529296875,1.7999999523162842,11.266684532165527,-0.0007951424922794104,-0.001550247659906745,-0.0002605135669000447,0.0017616432160139084,34.67449782625772,1.7984497046563774,11.266424018598627
44,32.48588562011719,1.7999999523162842,16.552385330200195,-0.0007478951592929661,-0.0015562858898192644,-0.0003844873863272369,0.0017689554952085018,32.485137724957895,1.798443666426465,16.552000842813868
45,29.496564865112305,1.7999999523162842,21.430509567260742,-0.0006825827877037227,-0.0015646900283172727,-0.0005009046872146428,0.0017790670972317457,29.4958822823246,1.798435262287967,21.430008662573528
46,25.780942916870117,1.7999999523162842,25.780942916870117,-0.0006001946749165654,-0.0015755348140373826,-0.0006073009571991861,0.0017920262180268764,25.7803427221952,1.7984244175022468,25.780335615912918
47,21.430509567260742,1.7999999523162842,29.496564865112305,-0.0005020840908400714,-0.0015889196656644344,-0.0007013233262114227,0.0018079293658956885,21.430007483169902,1.7984110326506197,29.495863541786093
48,16.552385330200195,1.7999999523162842,32.48588562011719,-0.0003899419098161161,-0.0016048537800088525,-0.0007807494257576764,0.0018267950508743525,16.55199538829038,1.7983950985362753,32.48510487069143
49,11.266684532165527,1.7999999523162842,34.67529296875,-0.0002657611039467156,-0.001623057760298252,-0.0008434249320998788,0.0018483265303075314,11.26641877106158,1.798376894555986,34.6744495438179
50,5.703563213348389,1.7999999523162842,36.01087951660156,-0.00013189754099585116,-0.0016429215902462602,-0.0008872606558725238,0.00187184929382056,5.703431315807393,1.798357030726038,36.00999225594569
51,0.0,1.7999999523162842,36.45975875854492,8.845465345075354e-06,-0.0016634765779599547,-0.0009102503536269069,0.001896256348118186,8.845465345075354e-06,1.7983364757383242,36.458848508191295
52,-5.703563213348389,1.7999999523162842,36.01087951660156,0.00015312031609937549,-0.0016837280709296465,-0.000910803209990263,0.0019204032141715288,-5.703410093032289,1.7983162242453545,36.00996871339157
53,-11.266684532165527,1.7999999523162842,34.67529296875,0.0002972640795633197,-0.001703691785223782,-0.0008886216674000025,0.0019443713827058673,-11.266387268085964,1.7982962605310604,34.6744043470826
54,-16.552385330200195,1.7999999523162842,32.48588562011719,0.0004379727179184556,-0.0017247064970433712,-0.0008447724394500256,0.0019697900861501694,-16.551947357482277,1.7982752458192408,32.48504084767774
55,-21.430509567260742,1.7999999523162842,29.496564865112305,0.0005700176116079092,-0.0017417884664610028,-0.0007767541683278978,0.001990501070395112,-21.429939549649134,1.7982581638498232,29.495788110943977
56,-25.780942916870117,1.7999999523162842,25.780942916870117,0.0006842587608844042,-0.001744725275784731,-0.0006809941842220724,0.001993998419493437,-25.780258658109233,1.7982552270404994,25.780261922685895
57,-29.496564865112305,1.7999999523162842,21.430509567260742,0.0007772361277602613,-0.0017377452459186316,-0.0005639226292259991,0.0019854125566780567,-29.495787628984544,1.7982622070703655,21.429945644631516
58,-32.48588562011719,1.7999999523162842,16.552385330200195,0.0008522321586497128,-0.001732734846882522,-0.0004344549379311502,0.0019792476668953896,-32.48503338795854,1.7982672174694017,16.551950875262264
59,-34.67529296875,1.7999999523162842,11.266684532165527,0.0009082137257792056,-0.001730646938085556,-0.0002955180243588984,0.001976694678887725,-34.67438475502422,1.7982693053781986,11.266389014141168
60,-36.01087951660156,1.7999999523162842,5.703563213348389,0.000942249083891511,-0.0017291414551436901,-0.0001495199539931491,0.0019748720806092024,-36.00993726751767,1.7982708108611405,5.7034136933943955
61,-36.45975875854492,1.7999999523162842,0.0,0.0009536303696222603,-0.001728556933812797,-2.598156855688014e-20,0.0019741631112992764,-36.4588051281753,1.7982713953824714,-2.598156855688014e-20
62,-36.01087951660156,1.7999999523162842,-5.703563213348389,0.000942249083891511,-0.0017291414551436901,0.0001495199539931491,0.0019748720806092024,-36.00993726751767,1.7982708108611405,-5.7034136933943955
63,-34.67529296875,1.7999999523162842,-11.266684532165527,0.0009082137257792056,-0.001730646938085556,0.0002955180243588984,0.001976694678887725,-34.67438475502422,1.7982693053781986,-11.266389014141168
64,-32.48588562011719,1.7999999523162842,-16.552385330200195,0.0008522321586497128,-0.001732734846882522,0.0004344549379311502,0.0019792476668953896,-32.48503338795854,1.7982672174694017,-16.551950875262264
65,-29.496564865112305,1.7999999523162842,-21.430509567260742,0.0007772361277602613,-0.0017377452459186316,0.0005639226292259991,0.0019854125566780567,-29.495787628984544,1.7982622070703655,-21.429945644631516
66,-25.780942916870117,1.7999999523162842,-25.780942916870117,0.0006842587608844042,-0.001744725275784731,0.0006809941842220724,0.001993998419493437,-25.780258658109233,1.7982552270404994,-25.780261922685895
67,-21.430509567260742,1.7999999523162842,-29.496564865112305,0.0005700176116079092,-0.0017417884664610028,0.0007767541683278978,0.001990501070395112,-21.429939549649134,1.7982581638498232,-29.495788110943977
68,-16.552385330200195,1.7999999523162842,-32.48588562011719,0.0004379727179184556,-0.0017247064970433712,0.0008447724394500256,0.0019697900861501694,-16.551947357482277,1.7982752458192408,-32.48504084767774
69,-11.266684532165527,1.7999999523162842,-34.67529296875,0.0002972640795633197,-0.001703691785223782,0.0008886216674000025,0.0019443713827058673,-11.266387268085964,1.7982962605310604,-34.6744043470826
70,-5.703563213348389,1.7999999523162842,-36.01087951660156,0.00015312031609937549,-0.0016837280709296465,0.000910803209990263,0.0019204032141715288,-5.703410093032289,1.7983162242453545,-36.00996871339157
71,-0.0,1.7999999523162842,-36.45975875854492,8.845465345075354e-06,-0.0016634765779599547,0.0009102503536269069,0.001896256348118186,8.845465345075354e-06,1.7983364757383242,-36.458848508191295
72,5.703563213348389,1.7999999523162842,-36.01087951660156,-0.00013189754099585116,-0.0016429215902462602,0.0008872606558725238,0.00187184929382056,5.703431315807393,1.798357030726038,-36.00999225594569
73,11.266684532165527,1.7999999523162842,-34.67529296875,-0.0002657611039467156,-0.001623057760298252,0.0008434249320998788,0.0018483265303075314,11.26641877106158,1.798376894555986,-34.6744495438179
74,16.552385330200195,1.7999999523162842,-32.48588562011719,-0.0003899419098161161,-0.0016048537800088525,0.0007807494257576764,0.0018267950508743525,16.55199538829038,1.7983950985362753,-32.48510487069143
75,21.430509567260742,1.7999999523162842,-29.496564865112305,-0.0005020840908400714,-0.0015889196656644344,0.0007013233262114227,0.0018079293658956885,21.430007483169902,1.7984110326506197,-29.495863541786093
76,25.780942916870117,1.7999999523162842,-25.780942916870117,-0.0006001946749165654,-0.0015755348140373826,0.0006073009571991861,0.0017920262180268764,25.7803427221952,1.7984244175022468,-25.780335615912918
77,29.496564865112305,1.7999999523162842,-21.430509567260742,-0.0006825827877037227,-0.0015646900283172727,0.0005009046872146428,0.0017790670972317457,29.4958822823246,1.798435262287967,-21.430008662573528
78,32.48588562011719,1.7999999523162842,-16.552385330200195,-0.0007478951592929661,-0.0015562858898192644,0.0003844873863272369,0.0017689554952085018,32.485137724957895,1.798443666426465,-16.552000842813868
79,34.67529296875,1.7999999523162842,-11.266684532165527,-0.0007951424922794104,-0.001550247659906745,0.0002605135669000447,0.0017616432160139084,34.67449782625772,1.7984497046563774,-11.266424018598627
80,36.01087951660156,1.7999999523162842,-5.703563213348389,-0.0008237005677074194,-0.0015465830219909549,0.00013150915037840605,0.0017571841599419713,36.010055816033855,1.7984533692942932,-5.70343170419801
81,33.6195182800293,3.5999999046325684,0.0,-0.0017489776946604252,-0.0031832801178097725,-7.640580076447086e-20,0.0036321061197668314,33.61776930233464,3.5968166245147586,-7.640580076447086e-20
82,33.20560836791992,3.5999999046325684,5.259252071380615,-0.0017289568204432726,-0.0031858612783253193,-0.00027596010477282107,0.003635265864431858,33.20387941109948,3.596814043354243,5.258976111275842
83,31.974063873291016,3.5999999046325684,10.389002799987793,-0.0016690677730366588,-0.0031934764701873064,-0.0005466338479891419,0.0036445697769522667,31.97239480551798,3.596806428162381,10.388456166139804
84,29.955211639404297,3.5999999046325684,15.26294231414795,-0.0015699181240051985,-0.003205830231308937,-0.0008066599257290363,0.003659602487459779,29.95364172128029,3.5967940744012594,15.26213565422222
85,27.198762893676758,3.5999999046325684,19.761058807373047,-0.0014327785465866327,-0.0032227111514657736,-0.001050650142133236,0.0036800254601985216,27.19733011513017,3.5967771934811026,19.760008157230914
86,23.77259063720703,3.5999999046325684,23.77259063720703,-0.0012597492896020412,-0.003244175110012293,-0.0012733606854453683,0.00370581797324121,23.77133088791743,3.596755729522556,23.771317276521586
87,19.761058807373047,3.5999999046325684,27.198762893676758,-0.0010537732159718871,-0.003270522691309452,-0.001469878596253693,0.0037372850347310305,19.760005034157075,3.596729381941259,27.197293015080504
88,15.26294231414795,3.5999999046325684,29.955211639404297,-0.0008185034967027605,-0.003302020253613591,-0.0016356692649424076,0.0037747451569885015,15.262123810651246,3.5966978843789548,29.953575970139354
89,10.389002799987793,3.5999999046325684,31.974063873291016,-0.0005581854493357241,-0.0033384638372808695,-0.001766449073329568,0.0038180171977728605,10.388444614538457,3.5966614407952875,31.972297424217686
90,5.259252071380615,3.5999999046325684,33.20560836791992,-0.0002777025511022657,-0.003378829453140497,-0.0018580022733658552,0.00386597728356719,5.258974368829513,3.596621075179428,33.203750365646556
91,0.0,3.5999999046325684,33.6195182800293,1.718027124297805e-05,-0.003421199042350054,-0.001906192279420793,0.003916435409337282,1.718027124297805e-05,3.5965787055902183,33.617612087749876
92,-5.259252071380615,3.5999999046325684,33.20560836791992,0.0003195981262251735,-0.0034635765478014946,-0.001907703117467463,0.003967094235122204,-5.25893247325439,3.596536328084767,33.203700664802454
93,-10.389002799987793,3.5999999046325684,31.974063873291016,0.0006222209194675088,-0.003506861627101898,-0.001862313598394394,0.004019135609269142,-10.388380579068325,3.5964930430054665,31.97220155969262
94,-15.26294231414795,3.5999999046325684,29.955211639404297,0.0009181887726299465,-0.0035534235648810863,-0.001771770417690277,0.0040754214860498905,-15.26202412537532,3.5964464810676873,29.953439868986607
95,-19.761058807373047,3.5999999046325684,27.198762893676758,0.0011953989742323756,-0.0035900347866117954,-0.0016295148525387049,0.004119787365198135,-19.759863408398814,3.5964098698459566,27.19713337882422
96,-23.77259063720703,3.5999999046325684,23.77259063720703,0.0014344576047733426,-0.003594832494854927,-0.0014284000499173999,0.004125629086047411,-23.771156179602258,3.5964050721377134,23.771162237157114
97,-27.198762893676758,3.5999999046325684,19.761058807373047,0.0016281715361401439,-0.003576864255592227,-0.0011818871134892106,0.004103871062397957,-27.197134722140618,3.596423040376976,19.759876920259558
98,-29.955211639404297,3.5999999046325684,15.26294231414795,0.0017834140453487635,-0.003562313737347722,-0.0009093671687878668,0.004086269065737724,-29.953428225358948,3.5964375908952206,15.262032946979161
99,-31.974063873291016,3.5999999046325684,10.389002799987793,0.0018993443809449673,-0.003555613337084651,-0.0006180944619700313,0.00407822709530592,-31.97216452891007,3.5964442912954837,10.388384705525823
100,-33.20560836791992,3.5999999046325684,5.259252071380615,0.001969926757737994,-0.0035513569600880146,-0.00031263919663615525,0.0040731425397098064,-33.203638441162184,3.5964485476724803,5.258939432183979
101,-33.6195182800293,3.5999999046325684,0.0,0.001993458950892091,-0.0035496633499860764,-8.482346209644897e-20,0.0040711164474487305,-33.617524821078405,3.5964502412825823,-8.482346209644897e-20
102,-33.20560836791992,3.5999999046325684,-5.259252071380615,0.001969926757737994,-0.0035513569600880146,0.00031263919663615525,0.0040731425397098064,-33.203638441162184,3.5964485476724803,-5.258939432183979
103,-31.974063873291016,3.5999999046325684,-10.389002799987793,0.0018993443809449673,-0.003555613337084651,0.0006180944619700313,0.00407822709530592,-31.97216452891007,3.5964442912954837,-10.388384705525823
104,-29.955211639404297,3.5999999046325684,-15.26294231414795,0.0017834140453487635,-0.003562313737347722,0.0009093671687878668,0.004086269065737724,-29.953428225358948,3.5964375908952206,-15.262032946979161
105,-27.198762893676758,3.5999999046325684,-19.761058807373047,0.0016281715361401439,-0.003576864255592227,0.0011818871134892106,0.004103871062397957,-27.197134722140618,3.596423040376976,-19.759876920259558
106,-23.77259063720703,3.5999999046325684,-23.77259063720703,0.0014344576047733426,-0.003594832494854927,0.0014284000499173999,0.004125629086047411,-23.771156179602258,3.5964050721377134,-23.771162237157114
107,-19.761058807373047,3.5999999046325684,-27.198762893676758,0.0011953989742323756,-0.0035900347866117954,0.0016295148525387049,0.004119787365198135,-19.759863408398814,3.5964098698459566,-27.19713337882422
108,-15.26294231414795,3.5999999046325684,-29.955211639404297,0.0009181887726299465,-0.0035534235648810863,0.001771770417690277,0.0040754214860498905,-15.26202412537532,3.5964464810676873,-29.953439868986607
109,-10.389002799987793,3.5999999046325684,-31.974063873291016,0.0006222209194675088,-0.003506861627101898,0.001862313598394394,0.004019135609269142,-10.388380579068325,3.5964930430054665,-31.97220155969262
110,-5.259252071380615,3.5999999046325684,-33.20560836791992,0.0003195981262251735,-0.0034635765478014946,0.001907703117467463,0.003967094235122204,-5.25893247325439,3.596536328084767,-33.203700664802454
111,-0.0,3.5999999046325684,-33.6195182800293,1.718027124297805e-05,-0.003421199042350054,0.001906192279420793,0.003916435409337282,1.718027124297805e-05,3.5965787055902183,-33.617612087749876
112,5.259252071380615,3.5999999046325684,-33.20560836791992,-0.0002777025511022657,-0.003378829453140497,0.0018580022733658552,0.00386597728356719,5.258974368829513,3.596621075179428,-33.203750365646556
113,10.389002799987793,3.5999999046325684,-31.974063873291016,-0.0005581854493357241,-0.0033384638372808695,0.001766449073329568,0.0038180171977728605,10.388444614538457,3.5966614407952875,-31.972297424217686
114,15.26294231414795,3.5999999046325684,-29.955211639404297,-0.0008185034967027605,-0.003302020253613591,0.0016356692649424076,0.0037747451569885015,15.262123810651246,3.5966978843789548,-29.953575970139354
115,19.761058807373047,3.5999999046325684,-27.198762893676758,-0.0010537732159718871,-0.003270522691309452,0.001469878596253693,0.0037372850347310305,19.760005034157075,3.596729381941259,-27.197293015080504
116,23.77259063720703,3.5999999046325684,-23.77259063720703,-0.0012597492896020412,-0.003244175110012293,0.0012733606854453683,0.00370581797324121,23.77133088791743,3.596755729522556,-23.771317276521586
117,27.198762893676758,3.5999999046325684,-19.761058807373047,-0.0014327785465866327,-0.0032227111514657736,0.001050650142133236,0.0036800254601985216,27.19733011513017,3.5967771934811026,-19.760008157230914
118,29.955211639404297,3.5999999046325684,-15.26294231414795,-0.0015699181240051985,-0.003205830231308937,0.0008066599257290363,0.003659602487459779,29.95364172128029,3.5967940744012594,-15.26213565422222
119,31.974063873291016,3.5999999046325684,-10.389002799987793,-0.0016690677730366588,-0.0031934764701873064,0.0005466338479891419,0.0036445697769522667,31.97239480551798,3.596806428162381,-10.388456166139804
120,33.20560836791992,3.5999999046325684,-5.259252071380615,-0.0017289568204432726,-0.0031858612783253193,0.00027596010477282107,0.003635265864431858,33.20387941109948,3.596814043354243,-5.258976111275842
121,31.04841423034668,5.449999809265137,0.0,-0.0013484262162819505,-0.002780396956950426,-1.0098720942265302e-20,0.0030901231802999973,31.047065804130398,5.447219412308186,-1.0098720942265302e-20
122,30.666156768798828,5.449999809265137,4.857041835784912,-0.001333335181698203,-0.0027829434257000685,-0.00021403652499429882,0.0030932778026908636,30.66482343361713,5.447216865839437,4.856827799259918
123,29.52879524230957,5.449999809265137,9.594488143920898,-0.0012879923451691866,-0.0027902843430638313,-0.0004242594004608691,0.003102355170994997,29.5275072499644,5.447209524922073,9.594063884520438
124,27.664339065551758,5.449999809265137,14.095685005187988,-0.0012123695341870189,-0.0028016928117722273,-0.0006265986012294888,0.0031163999810814857,27.66312669601757,5.4471981164533645,14.095058406586759
125,25.118694305419922,5.449999809265137,18.249799728393555,-0.0011068950407207012,-0.002816419815644622,-0.0008166893385350704,0.003134392900392413,25.1175874103792,5.447183389449492,18.24898303905502
126,21.954544067382812,5.449999809265137,21.954544067382812,-0.0009728753939270973,-0.002834150567650795,-0.0009901361772790551,0.0031558305490761995,21.953571191988885,5.447165658697486,21.953553931205533
127,18.249799728393555,5.449999809265137,25.118694305419922,-0.0008126353495754302,-0.0028552175499498844,-0.0011429226724430919,0.003181024454534054,18.24898709304398,5.447144591715187,25.11755138274748
128,14.095685005187988,5.449999809265137,27.664339065551758,-0.000629310728982091,-0.0028804061003029346,-0.0012716797646135092,0.00321090966463089,14.095055694459006,5.447119403164834,27.663067385787144
129,9.594488143920898,5.449999809265137,29.52879524230957,-0.0004264730087015778,-0.0029103977140039206,-0.0013735899701714516,0.003246389329433441,9.594061670912197,5.447089411551133,29.5274216523394
130,4.857041835784912,5.449999809265137,30.666156768798828,-0.00020789913833141327,-0.0029450247529894114,-0.001445919624529779,0.0032874117605388165,4.856833936646581,5.447054784512147,30.6647108491743
131,0.0,5.449999809265137,31.04841423034668,2.223957380920183e-05,-0.0029829067643731833,-0.0014856590423732996,0.003332478227093816,2.223957380920183e-05,5.4470169025007635,31.046928571304306
132,-4.857041835784912,5.449999809265137,30.666156768798828,0.0002590132935438305,-0.0030227198731154203,-0.0014904532581567764,0.0033801442477852106,-4.856782822491368,5.446977089392021,30.66466631554067
133,-9.594488143920898,5.449999809265137,29.52879524230957,0.0004974423791281879,-0.0030665439553558826,-0.0014610599027946591,0.0034330508206039667,-9.59399070154177,5.446933265309781,29.527334182406776
134,-14.095685005187988,5.449999809265137,27.664339065551758,0.0007327390485443175,-0.003115228144451976,-0.0013978260103613138,0.0034922014456242323,-14.094952266139444,5.446884581120685,27.662941239541396
135,-18.249799728393555,5.449999809265137,25.118694305419922,0.0009534753044135869,-0.00315194483846426,-0.0012908810749650002,0.003536982461810112,-18.24884625308914,5.4468478644266725,25.117403424344957
136,-21.954544067382812,5.449999809265137,21.954544067382812,0.0011405691038817167,-0.0031540824566036463,-0.0011316642630845308,0.0035397454630583525,-21.95340349827893,5.446845726808533,21.953412403119728
137,-25.118694305419922,5.449999809265137,18.249799728393555,0.0012874978128820658,-0.00313069811090827,-0.0009334600763395429,0.0035114481579512358,-25.11740680760704,5.4468691111542284,18.248866268317215
138,-27.664339065551758,5.449999809265137,14.095685005187988,0.0014032943872734904,-0.0031093708239495754,-0.0007157992804422975,0.0034856549464166164,-27.662935771164484,5.446890438441187,14.094969205907546
139,-29.52879524230957,5.449999809265137,9.594488143920898,0.0014903692062944174,-0.0030979306902736425,-0.00048556842375546694,0.0034719088580459356,-29.527304873103276,5.446901878574863,9.594002575497143
140,-30.666156768798828,5.449999809265137,4.857041835784912,0.0015436493558809161,-0.003091297810897231,-0.00024536551791243255,0.0034639830701053143,-30.664613119442947,5.4469085114542395,4.856796470267
141,-31.04841423034668,5.449999809265137,0.0,0.0015613132854923606,-0.003088749246671796,-2.881269113857091e-19,0.003460934851318598,-31.046852917061187,5.446911060018465,-2.881269113857091e-19
142,-30.666156768798828,5.449999809265137,-4.857041835784912,0.0015436493558809161,-0.003091297810897231,0.00024536551791243255,0.0034639830701053143,-30.664613119442947,5.4469085114542395,-4.856796470267
143,-29.52879524230957,5.449999809265137,-9.594488143920898,0.0014903692062944174,-0.0030979306902736425,0.00048556842375546694,0.0034719088580459356,-29.527304873103276,5.446901878574863,-9.594002575497143
144,-27.664339065551758,5.449999809265137,-14.095685005187988,0.0014032943872734904,-0.0031093708239495754,0.0007157992804422975,0.0034856549464166164,-27.662935771164484,5.446890438441187,-14.094969205907546
145,-25.118694305419922,5.449999809265137,-18.249799728393555,0.0012874978128820658,-0.00313069811090827,0.0009334600763395429,0.0035114481579512358,-25.11740680760704,5.4468691111542284,-18.248866268317215
146,-21.954544067382812,5.449999809265137,-21.954544067382812,0.0011405691038817167,-0.0031540824566036463,0.0011316642630845308,0.0035397454630583525,-21.95340349827893,5.446845726808533,-21.953412403119728
147,-18.249799728393555,5.449999809265137,-25.118694305419922,0.0009534753044135869,-0.00315194483846426,0.0012908810749650002,0.003536982461810112,-18.24884625308914,5.4468478644266725,-25.117403424344957
148,-14.095685005187988,5.449999809265137,-27.664339065551758,0.0007327390485443175,-0.003115228144451976,0.0013978260103613138,0.0034922014456242323,-14.094952266139444,5.446884581120685,-27.662941239541396
149,-9.594488143920898,5.449999809265137,-29.52879524230957,0.0004974423791281879,-0.0030665439553558826,0.0014610599027946591,0.0034330508206039667,-9.59399070154177,5.446933265309781,-29.527334182406776
150,-4.857041835784912,5.449999809265137,-30.666156768798828,0.0002590132935438305,-0.0030227198731154203,0.0014904532581567764,0.0033801442477852106,-4.856782822491368,5.446977089392021,-30.66466631554067
151,-0.0,5.449999809265137,-31.04841423034668,2.223957380920183e-05,-0.0029829067643731833,0.0014856590423732996,0.003332478227093816,2.223957380920183e-05,5.4470169025007635,-31.046928571304306
152,4.857041835784912,5.449999809265137,-30.666156768798828,-0.00020789913833141327,-0.0029450247529894114,0.001445919624529779,0.0032874117605388165,4.856833936646581,5.447054784512147,-30.6647108491743
153,9.594488143920898,5.449999809265137,-29.52879524230957,-0.0004264730087015778,-0.0029103977140039206,0.0013735899701714516,0.003246389329433441,9.594061670912197,5.447089411551133,-29.5274216523394
154,14.095685005187988,5.449999809265137,-27.664339065551758,-0.000629310728982091,-0.0028804061003029346,0.0012716797646135092,0.00321090966463089,14.095055694459006,5.447119403164834,-27.663067385787144
155,18.249799728393555,5.449999809265137,-25.118694305419922,-0.0008126353495754302,-0.0028552175499498844,0.0011429226724430919,0.003181024454534054,18.24898709304398,5.447144591715187,-25.11755138274748
156,21.954544067382812,5.449999809265137,-21.954544067382812,-0.0009728753939270973,-0.002834150567650795,0.0009901361772790551,0.0031558305490761995,21.953571191988885,5.447165658697486,-21.953553931205533
157,25.118694305419922,5.449999809265137,-18.249799728393555,-0.0011068950407207012,-0.002816419815644622,0.0008166893385350704,0.003134392900392413,25.1175874103792,5.447183389449492,-18.24898303905502
158,27.664339065551758,5.449999809265137,-14.095685005187988,-0.0012123695341870189,-0.0028016928117722273,0.0006265986012294888,0.0031163999810814857,27.66312669601757,5.4471981164533645,-14.095058406586759
159,29.52879524230957,5.449999809265137,-9.594488143920898,-0.0012879923451691866,-0.0027902843430638313,0.0004242594004608691,0.003102355170994997,29.5275072499644,5.447209524922073,-9.594063884520438
160,30.666156768798828,5.449999809265137,-4.857041835784912,-0.001333335181698203,-0.0027829434257000685,0.00021403652499429882,0.0030932778026908636,30.66482343361713,5.447216865839437,-4.856827799259918
161,28.47730827331543,7.300000190734863,0.0,-0.0008117810939438641,-0.0021890965290367603,2.4222772548264996e-20,0.0023347658570855856,28.476496492221486,7.2978110942058265,2.4222772548264996e-20
162,28.126705169677734,7.300000190734863,4.454832077026367,-0.0008031837642192841,-0.002191417384892702,-0.0001306560734519735,0.002337623853236437,28.125901985913515,7.297808773349971,4.454701420952915
163,27.083528518676758,7.300000190734863,8.799971580505371,-0.0007770811789669096,-0.00219791941344738,-0.000259351305430755,0.0023456274066120386,27.08275143749779,7.297802271321416,8.79971222919994
164,25.37346649169922,7.300000190734863,12.928426742553711,-0.0007327604107558727,-0.002207416109740734,-0.00038369777030311525,0.002357296645641327,25.372733731288463,7.2977927746251225,12.928043044783408
165,23.038625717163086,7.300000190734863,16.738542556762695,-0.0006696756463497877,-0.0022185216657817364,-0.0005007354193367064,0.0023708732333034277,23.037956041516736,7.2977816690690815,16.73804182134336
166,20.136497497558594,7.300000190734863,20.136497497558594,-0.0005880949320271611,-0.002230342710390687,-0.0006072261021472514,0.0023851641453802586,20.135909402626567,7.297769848024473,20.135890271456446
167,16.738542556762695,7.300000190734863,23.038625717163086,-0.0004894493613392115,-0.002243008930236101,-0.0007002779748290777,0.0024002164136618376,16.738053107401356,7.297757181804627,23.037925439188257
168,12.928426742553711,7.300000190734863,25.37346649169922,-0.0003761379048228264,-0.0022577159106731415,-0.0007779083680361509,0.0024174165446311235,12.928050604648888,7.29774247482419,25.372688583331183
169,8.799971580505371,7.300000190734863,27.083528518676758,-0.0002509215846657753,-0.002276166109368205,-0.0008391100564040244,0.002438852097839117,8.799720658920705,7.297724024625495,27.082689408620354
170,4.454832077026367,7.300000190734863,28.126705169677734,-0.0001163368797278963,-0.002299555344507098,-0.0008832509629428387,0.002466094447299838,4.454715740146639,7.297700635390356,28.12582191871479
171,0.0,7.300000190734863,28.47730827331543,2.536501779104583e-05,-0.0023277942091226578,-0.000909293710719794,0.002499216701835394,2.536501779104583e-05,7.297672396525741,28.47639897960471
172,-4.454832077026367,7.300000190734863,28.126705169677734,0.00017186507466249168,-0.0023606678005307913,-0.0009164209477603436,0.0025381327141076326,-4.454660211951705,7.2976395229343325,28.125788748729974
173,-8.799971580505371,7.300000190734863,27.083528518676758,0.0003210907452739775,-0.002399922115728259,-0.0009054167312569916,0.0025850541424006224,-8.799650489760097,7.297600268619135,27.0826231019455
174,-12.928426742553711,7.300000190734863,25.37346649169922,0.0004704280581790954,-0.0024440037086606026,-0.0008748110849410295,0.002638133941218257,-12.927956314495532,7.297556187026203,25.372591680614278
175,-16.738542556762695,7.300000190734863,23.038625717163086,0.0006105441134423018,-0.0024760900996625423,-0.000814031925983727,0.0026770196855068207,-16.737932012649253,7.297524100635201,23.037811685237102
176,-20.136497497558594,7.300000190734863,20.136497497558594,0.0007257383549585938,-0.002476169727742672,-0.0007145135896280408,0.0026774320285767317,-20.135771759203635,7.297524021007121,20.135782983968966
177,-23.038625717163086,7.300000190734863,16.738542556762695,0.000811379577498883,-0.0024516808334738016,-0.0005867502186447382,0.0026482734829187393,-23.037814337585587,7.2975485099013895,16.73795580654405
178,-25.37346649169922,7.300000190734863,12.928426742553711,0.0008764356607571244,-0.002426869934424758,-0.00044732948299497366,0.002618767088279128,-25.37259005603846,7.2975733208004385,12.927979413070716
179,-27.083528518676758,7.300000190734863,8.799971580505371,0.0009251376613974571,-0.002411013701930642,-0.00030218143365345895,0.002600034698843956,-27.08260338101536,7.297589177032933,8.799669399071718
180,-28.126705169677734,7.300000190734863,4.454832077026367,0.0009548965026624501,-0.002401593141257763,-0.00015233791782520711,0.0025889542885124683,-28.125750273175072,7.2975985975936055,4.454679739108542
181,-28.47730827331543,7.300000190734863,0.0,0.0009646971011534333,-0.0023981723934412003,-2.7916319452717235e-19,0.0025849314406514168,-28.476343576214276,7.297602018341422,-2.7916319452717235e-19
182,-28.126705169677734,7.300000190734863,-4.454832077026367,0.0009548965026624501,-0.002401593141257763,0.00015233791782520711,0.0025889542885124683,-28.125750273175072,7.2975985975936055,-4.454679739108542
183,-27.083528518676758,7.300000190734863,-8.799971580505371,0.0009251376613974571,-0.002411013701930642,0.00030218143365345895,0.002600034698843956,-27.08260338101536,7.297589177032933,-8.799669399071718
184,-25.37346649169922,7.300000190734863,-12.928426742553711,0.0008764356607571244,-0.002426869934424758,0.00044732948299497366,0.002618767088279128,-25.37259005603846,7.2975733208004385,-12.927979413070716
185,-23.038625717163086,7.300000190734863,-16.738542556762695,0.000811379577498883,-0.0024516808334738016,0.0005867502186447382,0.0026482734829187393,-23.037814337585587,7.2975485099013895,-16.73795580654405
186,-20.136497497558594,7.300000190734863,-20.136497497558594,0.0007257383549585938,-0.002476169727742672,0.0007145135896280408,0.0026774320285767317,-20.135771759203635,7.297524021007121,-20.135782983968966
187,-16.738542556762695,7.300000190734863,-23.038625717163086,0.0006105441134423018,-0.0024760900996625423,0.000814031925983727,0.0026770196855068207,-16.737932012649253,7.297524100635201,-23.037811685237102
188,-12.928426742553711,7.300000190734863,-25.37346649169922,0.0004704280581790954,-0.0024440037086606026,0.0008748110849410295,0.002638133941218257,-12.927956314495532,7.297556187026203,-25.372591680614278
189,-8.799971580505371,7.300000190734863,-27.083528518676758,0.0003210907452739775,-0.002399922115728259,0.0009054167312569916,0.0025850541424006224,-8.799650489760097,7.297600268619135,-27.0826231019455
190,-4.454832077026367,7.300000190734863,-28.126705169677734,0.00017186507466249168,-0.0023606678005307913,0.0009164209477603436,0.0025381327141076326,-4.454660211951705,7.2976395229343325,-28.125788748729974
191,-0.0,7.300000190734863,-28.47730827331543,2.536501779104583e-05,-0.0023277942091226578,0.000909293710719794,0.002499216701835394,2.536501779104583e-05,7.297672396525741,-28.47639897960471
192,4.454832077026367,7.300000190734863,-28.126705169677734,-0.0001163368797278963,-0.002299555344507098,0.0008832509629428387,0.002466094447299838,4.454715740146639,7.297700635390356,-28.12582191871479
193,8.799971580505371,7.300000190734863,-27.083528518676758,-0.0002509215846657753,-0.002276166109368205,0.0008391100564040244,0.002438852097839117,8.799720658920705,7.297724024625495,-27.082689408620354
194,12.928426742553711,7.300000190734863,-25.37346649169922,-0.0003761379048228264,-0.0022577159106731415,0.0007779083680361509,0.0024174165446311235,12.928050604648888,7.29774247482419,-25.372688583331183
195,16.738542556762695,7.300000190734863,-23.038625717163086,-0.0004894493613392115,-0.002243008930236101,0.0007002779748290777,0.0024002164136618376,16.738053107401356,7.297757181804627,-23.037925439188257
196,20.136497497558594,7.300000190734863,-20.136497497558594,-0.0005880949320271611,-0.002230342710390687,0.0006072261021472514,0.0023851641453802586,20.135909402626567,7.297769848024473,-20.135890271456446
197,23.038625717163086,7.300000190734863,-16.738542556762695,-0.0006696756463497877,-0.0022185216657817364,0.0005007354193367064,0.0023708732333034277,23.037956041516736,7.2977816690690815,-16.73804182134336
198,25.37346649169922,7.300000190734863,-12.928426742553711,-0.0007327604107558727,-0.002207416109740734,0.00038369777030311525,0.002357296645641327,25.372733731288463,7.2977927746251225,-12.928043044783408
199,27.083528518676758,7.300000190734863,-8.799971580505371,-0.0007770811789669096,-0.00219791941344738,0.000259351305430755,0.0023456274066120386,27.08275143749779,7.297802271321416,-8.79971222919994
200,28.126705169677734,7.300000190734863,-4.454832077026367,-0.0008031837642192841,-0.002191417384892702,0.0001306560734519735,0.002337623853236437,28.125901985913515,7.297808773349971,-4.454701420952915
201,26.248315811157227,9.100000381469727,0.0,-0.0009342629346065223,-0.0024612913839519024,3.465642812939968e-20,0.002632641699165106,26.24738154822262,9.097539090085775,3.465642812939968e-20
202,25.925155639648438,9.100000381469727,4.106141090393066,-0.0009239354985766113,-0.00246322900056839,-0.0001500370417488739,0.002635083394125104,25.92423170414986,9.097537152469158,4.1059910533513175
203,24.96363067626953,9.100000381469727,8.111175537109375,-0.0008926568552851677,-0.0024684888776391745,-0.00029734618146903813,0.002641720697283745,24.962738019414246,9.097531892592087,8.110878190927906
204,23.387420654296875,9.100000381469727,11.916485786437988,-0.0008397731580771506,-0.0024756058119237423,-0.0004387127701193094,0.0026507191359996796,23.386580881138798,9.097524775657803,11.916047073667869
205,21.235332489013672,9.100000381469727,15.428373336791992,-0.000764915719628334,-0.0024827930610626936,-0.000570266623981297,0.002659804653376341,21.234567573294044,9.097517588408664,15.427803070168011
206,18.560361862182617,9.100000381469727,18.560361862182617,-0.000668785534799099,-0.002488788217306137,-0.0006878569256514311,0.0026672997046262026,18.559693076647818,9.09751159325242,18.559674005256966
207,15.428373336791992,9.100000381469727,21.235332489013672,-0.0005536178941838443,-0.0024936299305409193,-0.0007879098993726075,0.00267310393974185,15.427819718897808,9.097506751539186,21.2345445791143
208,11.916485786437988,9.100000381469727,23.387420654296875,-0.0004229493497405201,-0.0024989163503050804,-0.0008683006162755191,0.002679069759324193,11.916062837088248,9.097501465119421,23.3865523536806
209,8.111175537109375,9.100000381469727,24.96363067626953,-0.0002807436103466898,-0.0025072924327105284,-0.0009286125423386693,0.0026884295511990786,8.110894793499028,9.097493089037016,24.962702063727193
210,4.106141090393066,9.100000381469727,25.925155639648438,-0.0001304383622482419,-0.0025212925393134356,-0.0009694648324511945,0.002704402431845665,4.106010652030818,9.097479088930413,25.924186174815986
211,0.0,9.100000381469727,26.248315811157227,2.5403962354175746e-05,-0.002542247297242284,-0.0009913668036460876,0.002728822873905301,2.5403962354175746e-05,9.097458134172484,26.24732444435358
212,-4.106141090393066,9.100000381469727,25.925155639648438,0.00018468023336026818,-0.0025702319107949734,-0.0009941398166120052,0.0027619763277471066,-4.105956410159706,9.097430149558932,25.924161499831825
213,-8.111175537109375,9.100000381469727,24.96363067626953,0.00034516246523708105,-0.0026046151760965586,-0.0009770881151780486,0.002803187118843198,-8.110830374644138,9.09739576629363,24.962653588154353
214,-11.916485786437988,9.100000381469727,23.387420654296875,0.0005033354391343892,-0.002641204744577408,-0.0009372560307383537,0.0028474123682826757,-11.915982450998854,9.09735917672515,23.386483398266137
215,-15.428373336791992,9.100000381469727,21.235332489013672,0.0006505815545096993,-0.002666299929842353,-0.0008664677734486759,0.0028780512511730194,-15.427722755237482,9.097334081539884,21.234466021240223
216,-18.560361862182617,9.100000381469727,18.560361862182617,0.0007737906998954713,-0.002665554638952017,-0.0007594773196615279,0.0028776272665709257,-18.55958807148272,9.097334826830775,18.559602384862956
217,-21.235332489013672,9.100000381469727,15.428373336791992,0.0008675815188325942,-0.0026436566840857267,-0.0006250604055821896,0.002851722063496709,-21.23446490749484,9.09735672478564,15.42774827638641
218,-23.387420654296875,9.100000381469727,11.916485786437988,0.0009371039341203868,-0.0026177684776484966,-0.0004767559585161507,0.002821023343130946,-23.386483550362755,9.097382612992078,11.916009030479472
219,-24.96363067626953,9.100000381469727,8.111175537109375,0.0009861653670668602,-0.0025970907881855965,-0.00032129327883012593,0.0027965393383055925,-24.962644510902464,9.097403290681541,8.110854243830545
220,-25.925155639648438,9.100000381469727,4.106141090393066,0.0010150111047551036,-0.0025834315456449986,-0.00016157190839294344,0.0027803725097328424,-25.924140628543682,9.097416949924082,4.1059795184846735
221,-26.248315811157227,9.100000381469727,0.0,0.0010244171135127544,-0.0025785285979509354,-2.691461148573376e-19,0.0027745701372623444,-26.247291394043714,9.097421852871776,-2.691461148573376e-19
222,-25.925155639648438,9.100000381469727,-4.106141090393066,0.0010150111047551036,-0.0025834315456449986,0.00016157190839294344,0.0027803725097328424,-25.924140628543682,9.097416949924082,-4.1059795184846735
223,-24.96363067626953,9.100000381469727,-8.111175537109375,0.0009861653670668602,-0.0025970907881855965,0.00032129327883012593,0.0027965393383055925,-24.962644510902464,9.097403290681541,-8.110854243830545
224,-23.387420654296875,9.100000381469727,-11.916485786437988,0.0009371039341203868,-0.0026177684776484966,0.0004767559585161507,0.002821023343130946,-23.386483550362755,9.097382612992078,-11.916009030479472
225,-21.235332489013672,9.100000381469727,-15.428373336791992,0.0008675815188325942,-0.0026436566840857267,0.0006250604055821896,0.002851722063496709,-21.23446490749484,9.09735672478564,-15.42774827638641
226,-18.560361862182617,9.100000381469727,-18.560361862182617,0.0007737906998954713,-0.002665554638952017,0.0007594773196615279,0.0028776272665709257,-18.55958807148272,9.097334826830775,-18.559602384862956
227,-15.428373336791992,9.100000381469727,-21.235332489013672,0.0006505815545096993,-0.002666299929842353,0.0008664677734486759,0.0028780512511730194,-15.427722755237482,9.097334081539884,-21.234466021240223
228,-11.916485786437988,9.100000381469727,-23.387420654296875,0.0005033354391343892,-0.002641204744577408,0.0009372560307383537,0.0028474123682826757,-11.915982450998854,9.09735917672515,-23.386483398266137
229,-8.111175537109375,9.100000381469727,-24.96363067626953,0.00034516246523708105,-0.0026046151760965586,0.0009770881151780486,0.002803187118843198,-8.110830374644138,9.09739576629363,-24.962653588154353
230,-4.106141090393066,9.100000381469727,-25.925155639648438,0.00018468023336026818,-0.0025702319107949734,0.0009941398166120052,0.0027619763277471066,-4.105956410159706,9.097430149558932,-25.924161499831825
231,-0.0,9.100000381469727,-26.248315811157227,2.5403962354175746e-05,-0.002542247297242284,0.0009913668036460876,0.002728822873905301,2.5403962354175746e-05,9.097458134172484,-26.24732444435358
232,4.106141090393066,9.100000381469727,-25.925155639648438,-0.0001304383622482419,-0.0025212925393134356,0.0009694648324511945,0.002704402431845665,4.106010652030818,9.097479088930413,-25.924186174815986
233,8.111175537109375,9.100000381469727,-24.96363067626953,-0.0002807436103466898,-0.0025072924327105284,0.0009286125423386693,0.0026884295511990786,8.110894793499028,9.097493089037016,-24.962702063727193
234,11.916485786437988,9.100000381469727,-23.387420654296875,-0.0004229493497405201,-0.0024989163503050804,0.0008683006162755191,0.002679069759324193,11.916062837088248,9.097501465119421,-23.3865523536806
235,15.428373336791992,9.100000381469727,-21.235332489013672,-0.0005536178941838443,-0.0024936299305409193,0.0007879098993726075,0.00267310393974185,15.427819718897808,9.097506751539186,-21.2345445791143
236,18.560361862182617,9.100000381469727,-18.560361862182617,-0.000668785534799099,-0.002488788217306137,0.0006878569256514311,0.0026672997046262026,18.559693076647818,9.09751159325242,-18.559674005256966
237,21.235332489013672,9.100000381469727,-15.428373336791992,-0.000764915719628334,-0.0024827930610626936,0.000570266623981297,0.002659804653376341,21.234567573294044,9.097517588408664,-15.427803070168011
238,23.387420654296875,9.100000381469727,-11.916485786437988,-0.0008397731580771506,-0.0024756058119237423,0.0004387127701193094,0.0026507191359996796,23.386580881138798,9.097524775657803,-11.916047073667869
239,24.96363067626953,9.100000381469727,-8.111175537109375,-0.0008926568552851677,-0.0024684888776391745,0.00029734618146903813,0.002641720697283745,24.962738019414246,9.097531892592087,-8.110878190927906
240,25.925155639648438,9.100000381469727,-4.106141090393066,-0.0009239354985766113,-0.00246322900056839,0.0001500370417488739,0.002635083394125104,25.92423170414986,9.097537152469158,-4.1059910533513175
241,24.019323348999023,10.899999618530273,0.0,-0.001124243251979351,-0.002798300003632903,2.4283644640295803e-20,0.00301569327712059,24.018199105747044,10.89720131852664,2.4283644640295803e-20
242,23.723604202270508,10.899999618530273,3.7574501037597656,-0.0011112552601844072,-0.0027997647412121296,-0.00018001189164351672,0.0030176108703017235,23.722492947010323,10.897199853789061,3.757270091868122
243,22.843732833862305,10.899999618530273,7.422379016876221,-0.00107214052695781,-0.0028036225121468306,-0.0003561995690688491,0.003022691234946251,22.842660693335347,10.897195996018127,7.422022817307152
244,21.4013729095459,10.899999618530273,10.90454387664795,-0.0010066402610391378,-0.0028084346558898687,-0.0005243308842182159,0.0030291175935417414,21.40036626928486,10.897191183874384,10.904019545763731
245,19.432039260864258,10.899999618530273,14.118204116821289,-0.0009149241377599537,-0.0028123685624450445,-0.0006796265952289104,0.0030345339328050613,19.431124336726498,10.897187249967828,14.11752449022606
246,16.98422622680664,10.899999618530273,16.98422622680664,-0.0007982918759807944,-0.0028140004724264145,-0.0008171186782419682,0.0030370301101356745,16.98342793493066,10.897185618057847,16.9834091081284
247,14.118204116821289,10.899999618530273,19.432039260864258,-0.0006596582825295627,-0.0028131678700447083,-0.0009325184510089457,0.003036223351955414,14.11754445853876,10.897186450660229,19.43110674241325
248,10.90454387664795,10.899999618530273,21.4013729095459,-0.0005034022615291178,-0.002811442594975233,-0.0010232162894681096,0.0030339073855429888,10.90404047438642,10.897188175935298,21.40034969325643
249,7.422379016876221,10.899999618530273,22.843732833862305,-0.0003345113364048302,-0.0028118521440774202,-0.0010887605603784323,0.003033778164535761,7.422044505539816,10.897187766386196,22.842644073301926
250,3.7574501037597656,10.899999618530273,23.723604202270508,-0.00015747886209283024,-0.0028178805951029062,-0.0011303935898467898,0.0030402368865907192,3.757292624897673,10.89718173793517,23.72247380868066
251,0.0,10.899999618530273,24.019323348999023,2.434478847135324e-05,-0.002832055790349841,-0.0011496719671413302,0.003056612331420183,2.434478847135324e-05,10.897167562739924,24.018173677031882
252,-3.7574501037597656,10.899999618530273,23.723604202270508,0.0002083936269627884,-0.0028544485103338957,-0.0011466513387858868,0.0030831985641270876,-3.757241710132803,10.89714517001994,23.722457550931722
253,-7.422379016876221,10.899999618530273,22.843732833862305,0.0003915606648661196,-0.0028819951694458723,-0.0011191602097824216,0.0031163657549768686,-7.421987456211355,10.897117623360828,22.842613673652522
254,-10.90454387664795,10.899999618530273,21.4013729095459,0.0005689136451110244,-0.002908839611336589,-0.001063760370016098,0.0031490628607571125,-10.903974963002838,10.897090778918937,21.400309149175882
255,-14.118204116821289,10.899999618530273,19.432039260864258,0.0007325542974285781,-0.0029260204173624516,-0.0009762804256752133,0.0031703871209174395,-14.11747156252386,10.897073598112911,19.431062980438583
256,-16.98422622680664,10.899999618530273,16.98422622680664,0.0008728347602300346,-0.0029256828129291534,-0.0008552768267691135,0.0031706402078270912,-16.98335339204641,10.897073935717344,16.98337094997987
257,-19.432039260864258,10.899999618530273,14.118204116821289,0.000984429963864386,-0.0029096915386617184,-0.0007069559069350362,0.003152014221996069,-19.431054830900393,10.897089926991612,14.117497160914354
258,-21.4013729095459,10.899999618530273,10.90454387664795,0.0010678399121388793,-0.002887053182348609,-0.0005410583689808846,0.0031253963243216276,-21.40030506963376,10.897112565347925,10.904002818278968
259,-22.843732833862305,10.899999618530273,7.422379016876221,0.0011248226510360837,-0.0028652572073042393,-0.0003649023128673434,0.003099689958617091,-22.84260801121127,10.89713436132297,7.422014114563353
260,-23.723604202270508,10.899999618530273,3.7574501037597656,0.001157498569227755,-0.0028496095910668373,-0.00018346362048760056,0.0030811908654868603,-23.72244670370128,10.897150008939207,3.757266640139278
261,-24.019323348999023,10.899999618530273,0.0,0.0011681084288284183,-0.0028439511079341173,-2.141690934829521e-19,0.0030744976829737425,-24.018155240570195,10.89715566742234,-2.141690934829521e-19
262,-23.723604202270508,10.899999618530273,-3.7574501037597656,0.001157498569227755,-0.0028496095910668373,0.00018346362048760056,0.0030811908654868603,-23.72244670370128,10.897150008939207,-3.757266640139278
263,-22.843732833862305,10.899999618530273,-7.422379016876221,0.0011248226510360837,-0.0028652572073042393,0.0003649023128673434,0.003099689958617091,-22.84260801121127,10.89713436132297,-7.422014114563353
264,-21.4013729095459,10.899999618530273,-10.90454387664795,0.0010678399121388793,-0.002887053182348609,0.0005410583689808846,0.0031253963243216276,-21.40030506963376,10.897112565347925,-10.904002818278968
265,-19.432039260864258,10.899999618530273,-14.118204116821289,0.000984429963864386,-0.0029096915386617184,0.0007069559069350362,0.003152014221996069,-19.431054830900393,10.897089926991612,-14.117497160914354
266,-16.98422622680664,10.899999618530273,-16.98422622680664,0.0008728347602300346,-0.0029256828129291534,0.0008552768267691135,0.0031706402078270912,-16.98335339204641,10.897073935717344,-16.98337094997987
267,-14.118204116821289,10.899999618530273,-19.432039260864258,0.0007325542974285781,-0.0029260204173624516,0.0009762804256752133,0.0031703871209174395,-14.11747156252386,10.897073598112911,-19.431062980438583
268,-10.90454387664795,10.899999618530273,-21.4013729095459,0.0005689136451110244,-0.002908839611336589,0.001063760370016098,0.0031490628607571125,-10.903974963002838,10.897090778918937,-21.400309149175882
269,-7.422379016876221,10.899999618530273,-22.843732833862305,0.0003915606648661196,-0.0028819951694458723,0.0011191602097824216,0.0031163657549768686,-7.421987456211355,10.897117623360828,-22.842613673652522
270,-3.7574501037597656,10.899999618530273,-23.723604202270508,0.0002083936269627884,-0.0028544485103338957,0.0011466513387858868,0.0030831985641270876,-3.757241710132803,10.89714517001994,-23.722457550931722
271,-0.0,10.899999618530273,-24.019323348999023,2.434478847135324e-05,-0.002832055790349841,0.0011496719671413302,0.003056612331420183,2.434478847135324e-05,10.897167562739924,-24.018173677031882
272,3.7574501037597656,10.899999618530273,-23.723604202270508,-0.00015747886209283024,-0.0028178805951029062,0.0011303935898467898,0.0030402368865907192,3.757292624897673,10.89718173793517,-23.72247380868066
273,7.422379016876221,10.899999618530273,-22.843732833862305,-0.0003345113364048302,-0.0028118521440774202,0.0010887605603784323,0.003033778164535761,7.422044505539816,10.897187766386196,-22.842644073301926
274,10.90454387664795,10.899999618530273,-21.4013729095459,-0.0005034022615291178,-0.002811442594975233,0.0010232162894681096,0.0030339073855429888,10.90404047438642,10.897188175935298,-21.40034969325643
275,14.118204116821289,10.899999618530273,-19.432039260864258,-0.0006596582825295627,-0.0028131678700447083,0.0009325184510089457,0.003036223351955414,14.11754445853876,10.897186450660229,-19.43110674241325
276,16.98422622680664,10.899999618530273,-16.98422622680664,-0.0007982918759807944,-0.0028140004724264145,0.0008171186782419682,0.0030370301101356745,16.98342793493066,10.897185618057847,-16.9834091081284
277,19.432039260864258,10.899999618530273,-14.118204116821289,-0.0009149241377599537,-0.0028123685624450445,0.0006796265952289104,0.0030345339328050613,19.431124336726498,10.897187249967828,-14.11752449022606
278,21.4013729095459,10.899999618530273,-10.90454387664795,-0.0010066402610391378,-0.0028084346558898687,0.0005243308842182159,0.0030291175935417414,21.40036626928486,10.897191183874384,-10.904019545763731
279,22.843732833862305,10.899999618530273,-7.422379016876221,-0.00107214052695781,-0.0028036225121468306,0.0003561995690688491,0.003022691234946251,22.842660693335347,10.897195996018127,-7.422022817307152
280,23.723604202270508,10.899999618530273,-3.7574501037597656,-0.0011112552601844072,-0.0027997647412121296,0.00018001189164351672,0.0030176108703017235,23.722492947010323,10.897199853789061,-3.757270091868122
281,22.380197525024414,12.75,0.0,-0.0008785150130279362,-0.0026460119988769293,-7.296400563321429e-20,0.0027880403213202953,22.379319010011386,12.747353988001123,-7.296400563321429e-20
282,22.104658126831055,12.75,3.5010340213775635,-0.0008684128988534212,-0.00264726672321558,-0.00014152709627524018,0.0027896580286324024,22.1037897139322,12.747352733276784,3.5008924942812882
283,21.284832000732422,12.75,6.915861129760742,-0.0008380337967537344,-0.0026506304275244474,-0.0002801563823595643,0.002794034546241164,21.283993966935668,12.747349369572476,6.915580973378383
284,19.940900802612305,12.75,10.160396575927734,-0.0007872342830523849,-0.0026549873873591423,-0.00041269772918894887,0.0027998241130262613,19.940113568329252,12.74734501261264,10.159983878198545
285,18.105958938598633,12.75,13.154749870300293,-0.000716044451110065,-0.002658780198544264,-0.0005354624008759856,0.0028050937689840794,18.105242894147523,12.747341219801456,13.154214407899417
286,15.825188636779785,12.75,15.825188636779785,-0.0006251464947126806,-0.002660537837073207,-0.0006443291204050183,0.002807922661304474,15.824563490285072,12.747339462162927,15.82454430765938
287,13.154749870300293,12.75,18.105958938598633,-0.0005164462490938604,-0.0026596125680953264,-0.000735310954041779,0.0028073007706552744,13.154233424051199,12.747340387431905,18.10522362764459
288,10.160396575927734,12.75,19.940900802612305,-0.00039332296000793576,-0.0026568458415567875,-0.0008055860525928438,0.0028040152974426746,10.160003252967726,12.747343154158443,19.940095216559712
289,6.915861129760742,12.75,21.284832000732422,-0.00026015439652837813,-0.0026547578163444996,-0.0008544989977963269,0.002800997579470277,6.915600975364214,12.747345242183656,21.283977501734626
290,3.5010340213775635,12.75,22.104658126831055,-0.00012115156278014183,-0.002656899392604828,-0.0008836659253574908,0.0028026162181049585,3.5009128698147833,12.747343100607395,22.103774460905697
291,0.0,12.75,22.380197525024414,2.0762940039276145e-05,-0.0026662421878427267,-0.0008954856893979013,0.0028126807883381844,2.0762940039276145e-05,12.747333757812157,22.379302039335016
292,-3.5010340213775635,12.75,22.104658126831055,0.0001638321700738743,-0.002683049999177456,-0.0008905212162062526,0.0028317179530858994,-3.5008701892074896,12.747316950000823,22.10376760561485
293,-6.915861129760742,12.75,21.284832000732422,0.0003058498550672084,-0.002704119309782982,-0.0008666119538247585,0.0028560152277350426,-6.915555279905675,12.747295880690217,21.283965388778597
294,-10.160396575927734,12.75,19.940900802612305,0.00044313326361589134,-0.0027243399526923895,-0.0008211020031012595,0.0028796882834285498,-10.159953442664118,12.747275660047308,19.940079700609203
295,-13.154749870300293,12.75,18.105958938598633,0.0005704800714738667,-0.00273769348859787,-0.0007519450737163424,0.0028958304319530725,-13.154179390228819,12.747262306511402,18.105206993524916
296,-15.825188636779785,12.75,15.825188636779785,0.0006815336528234184,-0.002739349380135536,-0.0006588835385628045,0.002898732665926218,-15.824507103126962,12.747260650619864,15.824529753241222
297,-18.105958938598633,12.75,13.154749870300293,0.0007719945278950036,-0.0027300554793328047,-0.0005459597450681031,0.0028891609981656075,-18.105186944070738,12.747269944520667,13.154203910555225
298,-19.940900802612305,12.75,10.160396575927734,0.0008407843415625393,-0.00271484162658453,-0.00041905304533429444,0.0028727841563522816,-19.940060018270742,12.747285158373415,10.1599775228824
299,-21.284832000732422,12.75,6.915861129760742,0.0008878934313543141,-0.002698766766116023,-0.000283126748399809,0.002855145838111639,-21.283944107301068,12.747301233233884,6.915578003012342
300,-22.104658126831055,12.75,3.5010340213775635,0.000914754462428391,-0.002686611609533429,-0.0001424582296749577,0.002841646084561944,-22.103743372368626,12.747313388390467,3.5008915631478885
301,-22.380197525024414,12.75,0.0,0.0009234477765858173,-0.0026821307837963104,-2.1081592946186087e-20,0.0028366497717797756,-22.37927407724783,12.747317869216204,-2.1081592946186087e-20
302,-22.104658126831055,12.75,-3.5010340213775635,0.000914754462428391,-0.002686611609533429,0.0001424582296749577,0.002841646084561944,-22.103743372368626,12.747313388390467,-3.5008915631478885
303,-21.284832000732422,12.75,-6.915861129760742,0.0008878934313543141,-0.002698766766116023,0.000283126748399809,0.002855145838111639,-21.283944107301068,12.747301233233884,-6.915578003012342
304,-19.940900802612305,12.75,-10.160396575927734,0.0008407843415625393,-0.00271484162658453,0.00041905304533429444,0.0028727841563522816,-19.940060018270742,12.747285158373415,-10.1599775228824
305,-18.105958938598633,12.75,-13.154749870300293,0.0007719945278950036,-0.0027300554793328047,0.0005459597450681031,0.0028891609981656075,-18.105186944070738,12.747269944520667,-13.154203910555225
306,-15.825188636779785,12.75,-15.825188636779785,0.0006815336528234184,-0.002739349380135536,0.0006588835385628045,0.002898732665926218,-15.824507103126962,12.747260650619864,-15.824529753241222
307,-13.154749870300293,12.75,-18.105958938598633,0.0005704800714738667,-0.00273769348859787,0.0007519450737163424,0.0028958304319530725,-13.154179390228819,12.747262306511402,-18.105206993524916
308,-10.160396575927734,12.75,-19.940900802612305,0.00044313326361589134,-0.0027243399526923895,0.0008211020031012595,0.0028796882834285498,-10.159953442664118,12.747275660047308,-19.940079700609203
309,-6.915861129760742,12.75,-21.284832000732422,0.0003058498550672084,-0.002704119309782982,0.0008666119538247585,0.0028560152277350426,-6.915555279905675,12.747295880690217,-21.283965388778597
310,-3.5010340213775635,12.75,-22.104658126831055,0.0001638321700738743,-0.002683049999177456,0.0008905212162062526,0.0028317179530858994,-3.5008701892074896,12.747316950000823,-22.10376760561485
311,-0.0,12.75,-22.380197525024414,2.0762940039276145e-05,-0.0026662421878427267,0.0008954856893979013,0.0028126807883381844,2.0762940039276145e-05,12.747333757812157,-22.379302039335016
312,3.5010340213775635,12.75,-22.104658126831055,-0.00012115156278014183,-0.002656899392604828,0.0008836659253574908,0.0028026162181049585,3.5009128698147833,12.747343100607395,-22.103774460905697
313,6.915861129760742,12.75,-21.284832000732422,-0.00026015439652837813,-0.0026547578163444996,0.0008544989977963269,0.002800997579470277,6.915600975364214,12.747345242183656,-21.283977501734626
314,10.160396575927734,12.75,-19.940900802612305,-0.00039332296000793576,-0.0026568458415567875,0.0008055860525928438,0.0028040152974426746,10.160003252967726,12.747343154158443,-19.940095216559712
315,13.154749870300293,12.75,-18.105958938598633,-0.0005164462490938604,-0.0026596125680953264,0.000735310954041779,0.0028073007706552744,13.154233424051199,12.747340387431905,-18.10522362764459
316,15.825188636779785,12.75,-15.825188636779785,-0.0006251464947126806,-0.002660537837073207,0.0006443291204050183,0.002807922661304474,15.824563490285072,12.747339462162927,-15.82454430765938
317,18.105958938598633,12.75,-13.154749870300293,-0.000716044451110065,-0.002658780198544264,0.0005354624008759856,0.0028050937689840794,18.105242894147523,12.747341219801456,-13.154214407899417
318,19.940900802612305,12.75,-10.160396575927734,-0.0007872342830523849,-0.0026549873873591423,0.00041269772918894887,0.0027998241130262613,19.940113568329252,12.74734501261264,-10.159983878198545
319,21.284832000732422,12.75,-6.915861129760742,-0.0008380337967537344,-0.0026506304275244474,0.0002801563823595643,0.002794034546241164,21.283993966935668,12.747349369572476,-6.915580973378383
320,22.104658126831055,12.75,-3.5010340213775635,-0.0008684128988534212,-0.00264726672321558,0.00014152709627524018,0.0027896580286324024,22.1037897139322,12.747352733276784,-3.5008924942812882
321,20.741071701049805,14.600000381469727,0.0,-0.0006614904850721359,-0.002515138126909733,-7.201103540641638e-20,0.002600671024993062,20.740410210564733,14.597485243342817,-7.201103540641638e-20
322,20.485713958740234,14.600000381469727,3.2446179389953613,-0.0006536770961247385,-0.002515997039154172,-0.00010766548075480387,0.002601754618808627,20.48506028164411,14.597484384430572,3.2445102735146065
323,19.725929260253906,14.600000381469727,6.4093427658081055,-0.0006303492118604481,-0.0025183747056871653,-0.00021307422139216214,0.0026047939900308847,19.725298911042046,14.59748200676404,6.409129691586713
324,18.48042869567871,14.600000381469727,9.41624927520752,-0.0005917775561101735,-0.002521669724956155,-0.0003138967731501907,0.0026091281324625015,18.4798369181226,14.59747871174477,9.41593537843437
325,16.779878616333008,14.600000381469727,12.19129467010498,-0.0005382889066822827,-0.0025249135214835405,-0.0004075607575941831,0.0026136275846511126,16.779340327426326,14.597475467948243,12.190887109347386
326,14.666152000427246,14.600000381469727,14.666152000427246,-0.00047035544412210584,-0.002526957308873534,-0.0004910715506412089,0.0026168490294367075,14.665681644983124,14.597473424160853,14.665660928876605
327,12.19129467010498,14.600000381469727,16.779878616333008,-0.0003890087828040123,-0.002526926575228572,-0.0005611383239738643,0.002617548918351531,12.190905661322176,14.597473454894498,16.779317478009034
328,9.41624927520752,14.600000381469727,18.48042869567871,-0.0002963435836136341,-0.0025248744059354067,-0.0006149017717689276,0.00261551421135664,9.415952931623906,14.597475507063791,18.479813793906942
329,6.4093427658081055,14.600000381469727,19.725929260253906,-0.0001955561456270516,-0.0025222732219845057,-0.0006510448874905705,0.002612271811813116,6.409147209662478,14.597478108247742,19.725278215366416
330,3.2446179389953613,14.600000381469727,20.485713958740234,-9.018081618705764e-05,-0.0025217782240360975,-0.0006703652325086296,0.002610916970297694,3.2445277581791743,14.59747860324569,20.485043593507726
331,0.0,14.600000381469727,20.741071701049805,1.6972482626442797e-05,-0.002525895833969116,-0.0006748043815605342,0.00261453608982265,1.6972482626442797e-05,14.597474485635757,20.740396896668244
332,-3.2446179389953613,14.600000381469727,20.485713958740234,0.00012401097046677023,-0.0025351084768772125,-0.0006653081509284675,0.0026238879654556513,-3.2444939280248946,14.59746527299285,20.485048650589306
333,-6.4093427658081055,14.600000381469727,19.725929260253906,0.0002290669217472896,-0.0025473323184996843,-0.000641215592622757,0.002636765129864216,-6.409113698886358,14.597453049151227,19.725288044661283
334,-9.41624927520752,14.600000381469727,18.48042869567871,0.0003299530944786966,-0.002559500513598323,-0.0006021651206538081,0.0026500029489398003,-9.41591932211304,14.597440880956128,18.479826530558057
335,-12.19129467010498,14.600000381469727,16.779878616333008,0.0004242171416990459,-0.0025685415603220463,-0.0005484498105943203,0.0026604817248880863,-12.190870452963281,14.597431839909405,16.779330166522413
336,-14.666152000427246,14.600000381469727,14.666152000427246,0.0005088789039291441,-0.002572003984823823,-0.0004804832278750837,0.00266552553512156,-14.665643121523317,14.597428377484903,14.665671517199371
337,-16.779878616333008,14.600000381469727,12.19129467010498,0.0005815241602249444,-0.0025700004771351814,-0.00040001171873882413,0.0026651606895029545,-16.779297092172783,14.597430380992591,12.190894658386242
338,-18.48042869567871,14.600000381469727,9.41624927520752,0.0006402377039194107,-0.0025645324494689703,-0.00030934359529055655,0.002661282429471612,-18.47978845797479,14.597435849020258,9.415939931612229
339,-19.725929260253906,14.600000381469727,6.4093427658081055,0.0006827861652709544,-0.0025577000342309475,-0.0002105925523210317,0.0026556309312582016,-19.725246474088635,14.597442681435496,6.409132173255784
340,-20.485713958740234,14.600000381469727,3.2446179389953613,0.0007081647054292262,-0.002552059479057789,-0.00010652570927049965,0.0026506325230002403,-20.485005794034805,14.597448321990669,3.244511413286091
341,-20.741071701049805,14.600000381469727,0.0,0.0007165833376348019,-0.0025499078910797834,3.000932163196309e-19,0.0026486830320209265,-20.74035511771217,14.597450473578647,3.000932163196309e-19
342,-20.485713958740234,14.600000381469727,-3.2446179389953613,0.0007081647054292262,-0.002552059479057789,0.00010652570927049965,0.0026506325230002403,-20.485005794034805,14.597448321990669,-3.244511413286091
343,-19.725929260253906,14.600000381469727,-6.4093427658081055,0.0006827861652709544,-0.0025577000342309475,0.0002105925523210317,0.0026556309312582016,-19.725246474088635,14.597442681435496,-6.409132173255784
344,-18.48042869567871,14.600000381469727,-9.41624927520752,0.0006402377039194107,-0.0025645324494689703,0.00030934359529055655,0.002661282429471612,-18.47978845797479,14.597435849020258,-9.415939931612229
345,-16.779878616333008,14.600000381469727,-12.19129467010498,0.0005815241602249444,-0.0025700004771351814,0.00040001171873882413,0.0026651606895029545,-16.779297092172783,14.597430380992591,-12.190894658386242
346,-14.666152000427246,14.600000381469727,-14.666152000427246,0.0005088789039291441,-0.002572003984823823,0.0004804832278750837,0.00266552553512156,-14.665643121523317,14.597428377484903,-14.665671517199371
347,-12.19129467010498,14.600000381469727,-16.779878616333008,0.0004242171416990459,-0.0025685415603220463,0.0005484498105943203,0.0026604817248880863,-12.190870452963281,14.597431839909405,-16.779330166522413
348,-9.41624927520752,14.600000381469727,-18.48042869567871,0.0003299530944786966,-0.002559500513598323,0.0006021651206538081,0.0026500029489398003,-9.41591932211304,14.597440880956128,-18.479826530558057
349,-6.4093427658081055,14.600000381469727,-19.725929260253906,0.0002290669217472896,-0.0025473323184996843,0.000641215592622757,0.002636765129864216,-6.409113698886358,14.597453049151227,-19.725288044661283
350,-3.2446179389953613,14.600000381469727,-20.485713958740234,0.00012401097046677023,-0.0025351084768772125,0.0006653081509284675,0.0026238879654556513,-3.2444939280248946,14.59746527299285,-20.485048650589306
351,-0.0,14.600000381469727,-20.741071701049805,1.6972482626442797e-05,-0.002525895833969116,0.0006748043815605342,0.00261453608982265,1.6972482626442797e-05,14.597474485635757,-20.740396896668244
352,3.2446179389953613,14.600000381469727,-20.485713958740234,-9.018081618705764e-05,-0.0025217782240360975,0.0006703652325086296,0.002610916970297694,3.2445277581791743,14.59747860324569,-20.485043593507726
353,6.4093427658081055,14.600000381469727,-19.725929260253906,-0.0001955561456270516,-0.0025222732219845057,0.0006510448874905705,0.002612271811813116,6.409147209662478,14.597478108247742,-19.725278215366416
354,9.41624927520752,14.600000381469727,-18.48042869567871,-0.0002963435836136341,-0.0025248744059354067,0.0006149017717689276,0.00261551421135664,9.415952931623906,14.597475507063791,-18.479813793906942
355,12.19129467010498,14.600000381469727,-16.779878616333008,-0.0003890087828040123,-0.002526926575228572,0.0005611383239738643,0.002617548918351531,12.190905661322176,14.597473454894498,-16.779317478009034
356,14.666152000427246,14.600000381469727,-14.666152000427246,-0.00047035544412210584,-0.002526957308873534,0.0004910715506412089,0.0026168490294367075,14.665681644983124,14.597473424160853,-14.665660928876605
357,16.779878616333008,14.600000381469727,-12.19129467010498,-0.0005382889066822827,-0.0025249135214835405,0.0004075607575941831,0.0026136275846511126,16.779340327426326,14.597475467948243,-12.190887109347386
358,18.48042869567871,14.600000381469727,-9.41624927520752,-0.0005917775561101735,-0.002521669724956155,0.0003138967731501907,0.0026091281324625015,18.4798369181226,14.59747871174477,-9.41593537843437
359,19.725929260253906,14.600000381469727,-6.4093427658081055,-0.0006303492118604481,-0.0025183747056871653,0.00021307422139216214,0.0026047939900308847,19.725298911042046,14.59748200676404,-6.409129691586713
360,20.485713958740234,14.600000381469727,-3.2446179389953613,-0.0006536770961247385,-0.002515997039154172,0.00010766548075480387,0.002601754618808627,20.48506028164411,14.597484384430572,-3.2445102735146065
361,19.724632263183594,16.399999618530273,0.0,-0.0006574304425157607,-0.0025521833449602127,-5.300110984202081e-20,0.0026354987639933825,19.723974832741078,16.397447435185313,-5.300110984202081e-20
362,19.481788635253906,16.399999618530273,3.0856120586395264,-0.0006490347441285849,-0.002552635967731476,-0.00010692890646168962,0.0026360254269093275,19.481139600509778,16.397446982562542,3.0855051297330647
363,18.759239196777344,16.399999618530273,6.0952467918396,-0.0006242512026801705,-0.0025539337657392025,-0.00021123162878211588,0.002637590980157256,18.758614945574664,16.397445684764534,6.0950355602108175
364,17.57477569580078,16.399999618530273,8.954795837402344,-0.000584106077440083,-0.00255585927516222,-0.00031052090344019234,0.0026400794740766287,17.57419158972334,16.39744375925511,8.954485316498904
365,15.957563400268555,16.399999618530273,11.59384822845459,-0.000529817130882293,-0.002557966625317931,-0.00040263464325107634,0.00264310697093606,15.957033583137672,16.397441651904956,11.593445593811339
366,13.947421073913574,16.399999618530273,13.947421073913574,-0.0004624412104021758,-0.002559573855251074,-0.0004853059654124081,0.0026459009386599064,13.946958632703172,16.397440044675022,13.946935767948162
367,11.59384822845459,16.399999618530273,15.957563400268555,-0.0003829430788755417,-0.0025599543005228043,-0.0005557911936193705,0.002647435525432229,11.593465285375714,16.39743966422975,15.957007609074935
368,8.954795837402344,16.399999618530273,17.57477569580078,-0.000292733107926324,-0.0025587647687643766,-0.0006109415553510189,0.0026469265576452017,8.954503104294417,16.39744085376151,17.57416475424543
369,6.0952467918396,16.399999618530273,18.759239196777344,-0.0001942245289683342,-0.0025565065443515778,-0.0006479666335508227,0.002644486725330353,6.095052567310631,16.397443111985922,18.758591230143793
370,3.0856120586395264,16.399999618530273,19.481788635253906,-9.081721509573981e-05,-0.0025546031538397074,-0.0006654869648627937,0.0026414236053824425,3.0855212414244306,16.397445015376434,19.481123148289043
371,0.0,16.399999618530273,19.724632263183594,1.3828355804434977e-05,-0.0025547645054757595,-0.0006640045321546495,0.0026396808680146933,1.3828355804434977e-05,16.397444854024798,19.72396825865144
372,-3.0856120586395264,16.399999618530273,19.481788635253906,0.0001166326692327857,-0.0025578252971172333,-0.0006452524685300887,0.0026405348908156157,-3.0854954259702936,16.397441793233156,19.481143382785376
373,-6.0952467918396,16.399999618530273,18.759239196777344,0.0002153715759050101,-0.002563169691711664,-0.0006114398711360991,0.002643876476213336,-6.095031420263695,16.39743644883856,18.758627756906208
374,-8.954795837402344,16.399999618530273,17.57477569580078,0.00030884670559316874,-0.0025694738142192364,-0.0005654325359500945,0.0026490178424865007,-8.95448699069675,16.397430144716054,17.57421026326483
375,-11.59384822845459,16.399999618530273,15.957563400268555,0.0003967832599300891,-0.0025752559304237366,-0.0005097182001918554,0.0026550316251814365,-11.59345144519466,16.39742436259985,15.957053682068363
376,-13.947421073913574,16.399999618530273,13.947421073913574,0.00047867881949059665,-0.002579221036285162,-0.000445282319560647,0.0026607876643538475,-13.946942395094084,16.39742039749399,13.946975791594014
377,-15.957563400268555,16.399999618530273,11.59384822845459,0.0005535736563615501,-0.0025813423562794924,-0.00037254238850437105,0.0026661884039640427,-15.957009826612193,16.397418276173994,11.593475686066085
378,-17.57477569580078,16.399999618530273,8.954795837402344,0.0006193166482262313,-0.0025823554024100304,-0.0002911795163527131,0.0026714971754699945,-17.574156379152555,16.397417263127863,8.954504657885991
379,-18.759239196777344,16.399999618530273,6.0952467918396,0.0006714982446283102,-0.0025826510973274708,-0.00020075860084034503,0.0026760606560856104,-18.758567698532715,16.397416967432946,6.095046033238759
380,-19.481788635253906,16.399999618530273,3.0856120586395264,0.0007052826695144176,-0.0025826238561421633,-0.00010261638090014458,0.0026791603304445744,-19.481083352584392,16.39741699467413,3.0855094422586262
381,-19.724632263183594,16.399999618530273,0.0,0.0007170401513576508,-0.002582600573077798,1.7946908004385426e-20,0.002680293284356594,-19.723915223032236,16.397417017957196,1.7946908004385426e-20
382,-19.481788635253906,16.399999618530273,-3.0856120586395264,0.0007052826695144176,-0.0025826238561421633,0.00010261638090014458,0.0026791603304445744,-19.481083352584392,16.39741699467413,-3.0855094422586262
383,-18.759239196777344,16.399999618530273,-6.0952467918396,0.0006714982446283102,-0.0025826510973274708,0.00020075860084034503,0.0026760606560856104,-18.758567698532715,16.397416967432946,-6.095046033238759
384,-17.57477569580078,16.399999618530273,-8.954795837402344,0.0006193166482262313,-0.0025823554024100304,0.0002911795163527131,0.0026714971754699945,-17.574156379152555,16.397417263127863,-8.954504657885991
385,-15.957563400268555,16.399999618530273,-11.59384822845459,0.0005535736563615501,-0.0025813423562794924,0.00037254238850437105,0.0026661884039640427,-15.957009826612193,16.397418276173994,-11.593475686066085
386,-13.947421073913574,16.399999618530273,-13.947421073913574,0.00047867881949059665,-0.002579221036285162,0.000445282319560647,0.0026607876643538475,-13.946942395094084,16.39742039749399,-13.946975791594014
387,-11.59384822845459,16.399999618530273,-15.957563400268555,0.0003967832599300891,-0.0025752559304237366,0.0005097182001918554,0.0026550316251814365,-11.59345144519466,16.39742436259985,-15.957053682068363
388,-8.954795837402344,16.399999618530273,-17.57477569580078,0.00030884670559316874,-0.0025694738142192364,0.0005654325359500945,0.0026490178424865007,-8.95448699069675,16.397430144716054,-17.57421026326483
389,-6.0952467918396,16.399999618530273,-18.759239196777344,0.0002153715759050101,-0.002563169691711664,0.0006114398711360991,0.002643876476213336,-6.095031420263695,16.39743644883856,-18.758627756906208
390,-3.0856120586395264,16.399999618530273,-19.481788635253906,0.0001166326692327857,-0.0025578252971172333,0.0006452524685300887,0.0026405348908156157,-3.0854954259702936,16.397441793233156,-19.481143382785376
391,-0.0,16.399999618530273,-19.724632263183594,1.3828355804434977e-05,-0.0025547645054757595,0.0006640045321546495,0.0026396808680146933,1.3828355804434977e-05,16.397444854024798,-19.72396825865144
392,3.0856120586395264,16.399999618530273,-19.481788635253906,-9.081721509573981e-05,-0.0025546031538397074,0.0006654869648627937,0.0026414236053824425,3.0855212414244306,16.397445015376434,-19.481123148289043
393,6.0952467918396,16.399999618530273,-18.759239196777344,-0.0001942245289683342,-0.0025565065443515778,0.0006479666335508227,0.002644486725330353,6.095052567310631,16.397443111985922,-18.758591230143793
394,8.954795837402344,16.399999618530273,-17.57477569580078,-0.000292733107926324,-0.0025587647687643766,0.0006109415553510189,0.0026469265576452017,8.954503104294417,16.39744085376151,-17.57416475424543
395,11.59384822845459,16.399999618530273,-15.957563400268555,-0.0003829430788755417,-0.0025599543005228043,0.0005557911936193705,0.002647435525432229,11.593465285375714,16.39743966422975,-15.957007609074935
396,13.947421073913574,16.399999618530273,-13.947421073913574,-0.0004624412104021758,-0.002559573855251074,0.0004853059654124081,0.0026459009386599064,13.946958632703172,16.397440044675022,-13.946935767948162
397,15.957563400268555,16.399999618530273,-11.59384822845459,-0.000529817130882293,-0.002557966625317931,0.00040263464325107634,0.00264310697093606,15.957033583137672,16.397441651904956,-11.593445593811339
398,17.57477569580078,16.399999618530273,-8.954795837402344,-0.000584106077440083,-0.00255585927516222,0.00031052090344019234,0.0026400794740766287,17.57419158972334,16.39744375925511,-8.954485316498904
399,18.759239196777344,16.399999618530273,-6.0952467918396,-0.0006242512026801705,-0.0025539337657392025,0.00021123162878211588,0.002637590980157256,18.758614945574664,16.397445684764534,-6.0950355602108175
400,19.481788635253906,16.399999618530273,-3.0856120586395264,-0.0006490347441285849,-0.002552635967731476,0.00010692890646168962,0.0026360254269093275,19.481139600509778,16.397446982562542,-3.0855051297330647
401,18.708194732666016,18.200000762939453,0.0,-0.0006617778562940657,-0.002587973140180111,-5.3790424323329665e-20,0.002671245951205492,18.70753295480972,18.197412789799273,-5.3790424323329665e-20
402,18.47786521911621,18.200000762939453,2.9266059398651123,-0.0006527567747980356,-0.0025880702305585146,-0.00010765499609988183,0.002671289723366499,18.477212462341413,18.197412692708895,2.9264982848690124
403,17.79254913330078,18.200000762939453,5.781149864196777,-0.0006262982496991754,-0.0025883999187499285,-0.00021235004533082247,0.0026715456042438745,17.791922835051082,18.197412363020703,5.7809375141514465
404,16.66912269592285,18.200000762939453,8.493342399597168,-0.0005839946097694337,-0.0025890348479151726,-0.0003115678555332124,0.0026723071932792664,16.668538701313082,18.197411728091538,8.493030831741635
405,15.135247230529785,18.200000762939453,10.996399879455566,-0.0005278455791994929,-0.0025899738539010286,-0.00040337277459912,0.0026738166343420744,15.134719384950586,18.197410789085552,10.995996506680967
406,13.228691101074219,18.200000762939453,13.228691101074219,-0.0004596254730131477,-0.002591027645394206,-0.0004860898188780993,0.00267599755898118,13.228231475601206,18.19740973529406,13.22820501125534
407,10.996399879455566,18.200000762939453,15.135247230529785,-0.0003805803426075727,-0.0025917827151715755,-0.0005576384719461203,0.002678271848708391,10.996019299112959,18.19740898022428,15.134689592057839
408,8.493342399597168,18.200000762939453,16.66912269592285,-0.0002917231759056449,-0.0025917186867445707,-0.0006149639375507832,0.0026796062011271715,8.493050676421262,18.19740904425271,16.6685077319853
409,5.781149864196777,18.200000762939453,17.79254913330078,-0.00019464193610474467,-0.0025904716458171606,-0.0006541699985973537,0.0026788741815835238,5.780955222260673,18.197410291293636,17.791894963302184
410,2.9266059398651123,18.200000762939453,18.47786521911621,-9.223787492373958e-05,-0.0025881100445985794,-0.0006716629141010344,0.0026754350401461124,2.9265137019901886,18.197412652894855,18.47719355620211
411,0.0,18.200000762939453,18.708194732666016,1.1329293556627817e-05,-0.0025852567050606012,-0.0006660000653937459,0.0026696885470300913,1.1329293556627817e-05,18.197415506234393,18.707528732600622
412,-2.9266059398651123,18.200000762939453,18.47786521911621,0.00011181699665030465,-0.0025828867219388485,-0.0006391520728357136,0.0026631413493305445,-2.926494122868462,18.197417876217514,18.477226067043375
413,-5.781149864196777,18.200000762939453,17.79254913330078,0.00020650231454055756,-0.002581884851679206,-0.000596039870288223,0.0026578253600746393,-5.780943361882237,18.197418878087774,17.791953093430493
414,-8.493342399597168,18.200000762939453,16.66912269592285,0.00029512407490983605,-0.002582788234576583,-0.0005427783471532166,0.0026556546799838543,-8.493047275522258,18.197417974704877,16.6685799175757
415,-10.996399879455566,18.200000762939453,15.135247230529785,0.00037917360896244645,-0.0025855887215584517,-0.0004839368921238929,0.002657674951478839,-10.996020705846604,18.197415174217895,15.134763293637661
416,-13.228691101074219,18.200000762939453,13.228691101074219,0.0004600507381837815,-0.002589883515611291,-0.0004209695034660399,0.002663899213075638,-13.228231050336035,18.197410879423842,13.228270131570753
417,-15.135247230529785,18.200000762939453,10.996399879455566,0.0005379884387366474,-0.0025955261662602425,-0.0003531653492245823,0.0026741190813481808,-15.134709242091049,18.197405236773193,10.996046714106342
418,-16.66912269592285,18.200000762939453,8.493342399597168,0.0006105354405008256,-0.002602251945063472,-0.0002782807860057801,0.002687361091375351,-16.66851216048235,18.19739851099439,8.493064118811162
419,-17.79254913330078,18.200000762939453,5.781149864196777,0.0006714278133586049,-0.0026089337188750505,-0.00019385978521313518,0.002700913231819868,-17.791877705487423,18.197391829220578,5.780956004411564
420,-18.47786521911621,18.200000762939453,2.9266059398651123,0.0007125948905013502,-0.0026139458641409874,-9.992127161240205e-05,0.0027111785020679235,-18.47715262422571,18.197386817075312,2.9265060185935
421,-18.708194732666016,18.200000762939453,0.0,0.0007272347575053573,-0.0026158250402659178,1.363303250918553e-19,0.0027150341775268316,-18.70746749790851,18.197384937899187,1.363303250918553e-19
422,-18.47786521911621,18.200000762939453,-2.9266059398651123,0.0007125948905013502,-0.0026139458641409874,9.992127161240205e-05,0.0027111785020679235,-18.47715262422571,18.197386817075312,-2.9265060185935
423,-17.79254913330078,18.200000762939453,-5.781149864196777,0.0006714278133586049,-0.0026089337188750505,0.00019385978521313518,0.002700913231819868,-17.791877705487423,18.197391829220578,-5.780956004411564
424,-16.66912269592285,18.200000762939453,-8.493342399597168,0.0006105354405008256,-0.002602251945063472,0.0002782807860057801,0.002687361091375351,-16.66851216048235,18.19739851099439,-8.493064118811162
425,-15.135247230529785,18.200000762939453,-10.996399879455566,0.0005379884387366474,-0.0025955261662602425,0.0003531653492245823,0.0026741190813481808,-15.134709242091049,18.197405236773193,-10.996046714106342
426,-13.228691101074219,18.200000762939453,-13.228691101074219,0.0004600507381837815,-0.002589883515611291,0.0004209695034660399,0.002663899213075638,-13.228231050336035,18.197410879423842,-13.228270131570753
427,-10.996399879455566,18.200000762939453,-15.135247230529785,0.00037917360896244645,-0.0025855887215584517,0.0004839368921238929,0.002657674951478839,-10.996020705846604,18.197415174217895,-15.134763293637661
428,-8.493342399597168,18.200000762939453,-16.66912269592285,0.00029512407490983605,-0.002582788234576583,0.0005427783471532166,0.0026556546799838543,-8.493047275522258,18.197417974704877,-16.6685799175757
429,-5.781149864196777,18.200000762939453,-17.79254913330078,0.00020650231454055756,-0.002581884851679206,0.000596039870288223,0.0026578253600746393,-5.780943361882237,18.197418878087774,-17.791953093430493
430,-2.9266059398651123,18.200000762939453,-18.47786521911621,0.00011181699665030465,-0.0025828867219388485,0.0006391520728357136,0.0026631413493305445,-2.926494122868462,18.197417876217514,-18.477226067043375
431,-0.0,18.200000762939453,-18.708194732666016,1.1329293556627817e-05,-0.0025852567050606012,0.0006660000653937459,0.0026696885470300913,1.1329293556627817e-05,18.197415506234393,-18.707528732600622
432,2.9266059398651123,18.200000762939453,-18.47786521911621,-9.223787492373958e-05,-0.0025881100445985794,0.0006716629141010344,0.0026754350401461124,2.9265137019901886,18.197412652894855,-18.47719355620211
433,5.781149864196777,18.200000762939453,-17.79254913330078,-0.00019464193610474467,-0.0025904716458171606,0.0006541699985973537,0.0026788741815835238,5.780955222260673,18.197410291293636,-17.791894963302184
434,8.493342399597168,18.200000762939453,-16.66912269592285,-0.0002917231759056449,-0.0025917186867445707,0.0006149639375507832,0.0026796062011271715,8.493050676421262,18.19740904425271,-16.6685077319853
435,10.996399879455566,18.200000762939453,-15.135247230529785,-0.0003805803426075727,-0.0025917827151715755,0.0005576384719461203,0.002678271848708391,10.996019299112959,18.19740898022428,-15.134689592057839
436,13.228691101074219,18.200000762939453,-13.228691101074219,-0.0004596254730131477,-0.002591027645394206,0.0004860898188780993,0.00267599755898118,13.228231475601206,18.19740973529406,-13.22820501125534
437,15.135247230529785,18.200000762939453,-10.996399879455566,-0.0005278455791994929,-0.0025899738539010286,0.00040337277459912,0.0026738166343420744,15.134719384950586,18.197410789085552,-10.995996506680967
438,16.66912269592285,18.200000762939453,-8.493342399597168,-0.0005839946097694337,-0.0025890348479151726,0.0003115678555332124,0.0026723071932792664,16.668538701313082,18.197411728091538,-8.493030831741635
439,17.79254913330078,18.200000762939453,-5.781149864196777,-0.0006262982496991754,-0.0025883999187499285,0.00021235004533082247,0.0026715456042438745,17.791922835051082,18.197412363020703,-5.7809375141514465
440,18.47786521911621,18.200000762939453,-2.9266059398651123,-0.0006527567747980356,-0.0025880702305585146,0.00010765499609988183,0.002671289723366499,18.477212462341413,18.197412692708895,-2.9264982848690124
441,18.36937141418457,20.049999237060547,0.0,-0.0005610891967080534,-0.002592997858300805,1.9449279315578837e-19,0.0026530094910413027,18.368810324987862,20.047406239202246,1.9449279315578837e-19
442,18.143213272094727,20.049999237060547,2.873603105545044,-0.0005529896588996053,-0.002593019977211952,-9.231691365130246e-05,0.002652936615049839,18.142660282435827,20.047406217083335,2.8735107886313926
443,17.47031021118164,20.049999237060547,5.676447868347168,-0.0005293558351695538,-0.002593135926872492,-0.0001818348391680047,0.0026528541930019855,17.46978085534647,20.047406101133674,5.676266033508
444,16.367229461669922,20.049999237060547,8.339520454406738,-0.0004919798811897635,-0.0025934602599591017,-0.00026631736545823514,0.0026531124021857977,16.366737481788732,20.047405776800588,8.33925413704128
445,14.861132621765137,20.049999237060547,10.797245025634766,-0.0004431898705661297,-0.0025940793566405773,-0.0003443837631493807,0.002654103562235832,14.86068943189457,20.047405157703906,10.796900641871616
446,12.989107131958008,20.049999237060547,12.989107131958008,-0.00038506017881445587,-0.002594933845102787,-0.0004152873589191586,0.0026560151018202305,12.988722071779193,20.047404303215444,12.988691844599089
447,10.797245025634766,20.049999237060547,14.861132621765137,-0.0003187643887940794,-0.002595736412331462,-0.00047807637020014226,0.0026585739105939865,10.796926261245972,20.047403500648215,14.860654545394937
448,8.339520454406738,20.049999237060547,16.367229461669922,-0.00024456935352645814,-0.0025959922932088375,-0.0005304105579853058,0.002660888247191906,8.339275885053212,20.047403244767338,16.366699051111937
449,5.676447868347168,20.049999237060547,17.47031021118164,-0.0001627945457585156,-0.0025951676070690155,-0.00056790019152686,0.0026615611277520657,5.6762850738014095,20.047404069453478,17.469742310990114
450,2.873603105545044,20.049999237060547,18.143213272094727,-7.531511801062152e-05,-0.0025929734110832214,-0.0005850074230693281,0.0026592137292027473,2.8735277904270333,20.047406263649464,18.142628264671657
451,0.0,20.049999237060547,18.36937141418457,1.3635301002068445e-05,-0.0025896569713950157,-0.000577906786929816,0.002653391333296895,1.3635301002068445e-05,20.047409580089152,18.36879350739764
452,-2.873603105545044,20.049999237060547,18.143213272094727,9.871584188658744e-05,-0.0025860739406198263,-0.0005476386286318302,0.0026452657766640186,-2.8735043897031574,20.047413163119927,18.142665633466095
453,-5.676447868347168,20.049999237060547,17.47031021118164,0.00017632765229791403,-0.0025834026746451855,-0.0005007433355785906,0.0026373860891908407,-5.67627154069487,20.0474158343859,17.469809467846062
454,-8.339520454406738,20.049999237060547,16.367229461669922,0.00024687833501957357,-0.002582714194431901,-0.0004466946702450514,0.002632659859955311,-8.339273576071719,20.047416522866115,16.366782766999677
455,-10.797245025634766,20.049999237060547,14.861132621765137,0.0003143573412671685,-0.0025845759082585573,-0.0003929953963961452,0.002633115742355585,-10.796930668293498,20.04741466115229,14.86073962636874
456,-12.989107131958008,20.049999237060547,12.989107131958008,0.00038302873144857585,-0.002588988048955798,-0.00034170507569797337,0.002639380982145667,-12.98872410322656,20.04741024901159,12.98876542688231
457,-14.861132621765137,20.049999237060547,10.797245025634766,0.000454426888609305,-0.0025956653989851475,-0.00029013134189881384,0.0026510674506425858,-14.860678194876527,20.04740357166156,10.796954894292867
458,-16.367229461669922,20.049999237060547,8.339520454406738,0.0005252677947282791,-0.002603835891932249,-0.00023285318457055837,0.002666474785655737,-16.366704193875194,20.047395401168615,8.339287601222168
459,-17.47031021118164,20.049999237060547,5.676447868347168,0.0005870949826203287,-0.0026119211688637733,-0.00016506810788996518,0.0026821745559573174,-17.46972311619902,20.047387315891683,5.676282800239278
460,-18.143213272094727,20.049999237060547,2.873603105545044,0.0006296777864918113,-0.002617925638332963,-8.60977015690878e-05,0.002693963935598731,-18.142583594308235,20.047381311422214,2.873517007843475
461,-18.36937141418457,20.049999237060547,0.0,0.0006449205684475601,-0.002620154758915305,-3.861168463990604e-19,0.0026983574498444796,-18.368726493616123,20.04737908230163,-3.861168463990604e-19
462,-18.143213272094727,20.049999237060547,-2.873603105545044,0.0006296777864918113,-0.002617925638332963,8.60977015690878e-05,0.002693963935598731,-18.142583594308235,20.047381311422214,-2.873517007843475
463,-17.47031021118164,20.049999237060547,-5.676447868347168,0.0005870949826203287,-0.0026119211688637733,0.00016506810788996518,0.0026821745559573174,-17.46972311619902,20.047387315891683,-5.676282800239278
464,-16.367229461669922,20.049999237060547,-8.339520454406738,0.0005252677947282791,-0.002603835891932249,0.00023285318457055837,0.002666474785655737,-16.366704193875194,20.047395401168615,-8.339287601222168
465,-14.861132621765137,20.049999237060547,-10.797245025634766,0.000454426888609305,-0.0025956653989851475,0.00029013134189881384,0.0026510674506425858,-14.860678194876527,20.04740357166156,-10.796954894292867
466,-12.989107131958008,20.049999237060547,-12.989107131958008,0.00038302873144857585,-0.002588988048955798,0.00034170507569797337,0.002639380982145667,-12.98872410322656,20.04741024901159,-12.98876542688231
467,-10.797245025634766,20.049999237060547,-14.861132621765137,0.0003143573412671685,-0.0025845759082585573,0.0003929953963961452,0.002633115742355585,-10.796930668293498,20.04741466115229,-14.86073962636874
468,-8.339520454406738,20.049999237060547,-16.367229461669922,0.00024687833501957357,-0.002582714194431901,0.0004466946702450514,0.002632659859955311,-8.339273576071719,20.047416522866115,-16.366782766999677
469,-5.676447868347168,20.049999237060547,-17.47031021118164,0.00017632765229791403,-0.0025834026746451855,0.0005007433355785906,0.0026373860891908407,-5.67627154069487,20.0474158343859,-17.469809467846062
470,-2.873603105545044,20.049999237060547,-18.143213272094727,9.871584188658744e-05,-0.0025860739406198263,0.0005476386286318302,0.0026452657766640186,-2.8735043897031574,20.047413163119927,-18.142665633466095
471,-0.0,20.049999237060547,-18.36937141418457,1.3635301002068445e-05,-0.0025896569713950157,0.000577906786929816,0.002653391333296895,1.3635301002068445e-05,20.047409580089152,-18.36879350739764
472,2.873603105545044,20.049999237060547,-18.143213272094727,-7.531511801062152e-05,-0.0025929734110832214,0.0005850074230693281,0.0026592137292027473,2.8735277904270333,20.047406263649464,-18.142628264671657
473,5.676447868347168,20.049999237060547,-17.47031021118164,-0.0001627945457585156,-0.0025951676070690155,0.00056790019152686,0.0026615611277520657,5.6762850738014095,20.047404069453478,-17.469742310990114
474,8.339520454406738,20.049999237060547,-16.367229461669922,-0.00024456935352645814,-0.0025959922932088375,0.0005304105579853058,0.002660888247191906,8.339275885053212,20.047403244767338,-16.366699051111937
475,10.797245025634766,20.049999237060547,-14.861132621765137,-0.0003187643887940794,-0.002595736412331462,0.00047807637020014226,0.0026585739105939865,10.796926261245972,20.047403500648215,-14.860654545394937
476,12.989107131958008,20.049999237060547,-12.989107131958008,-0.00038506017881445587,-0.002594933845102787,0.0004152873589191586,0.0026560151018202305,12.988722071779193,20.047404303215444,-12.988691844599089
477,14.861132621765137,20.049999237060547,-10.797245025634766,-0.0004431898705661297,-0.0025940793566405773,0.0003443837631493807,0.002654103562235832,14.86068943189457,20.047405157703906,-10.796900641871616
478,16.367229461669922,20.049999237060547,-8.339520454406738,-0.0004919798811897635,-0.0025934602599591017,0.00026631736545823514,0.0026531124021857977,16.366737481788732,20.047405776800588,-8.33925413704128
479,17.47031021118164,20.049999237060547,-5.676447868347168,-0.0005293558351695538,-0.002593135926872492,0.0001818348391680047,0.0026528541930019855,17.46978085534647,20.047406101133674,-5.676266033508
480,18.143213272094727,20.049999237060547,-2.873603105545044,-0.0005529896588996053,-0.002593019977211952,9.231691365130246e-05,0.002652936615049839,18.142660282435827,20.047406217083335,-2.8735107886313926
481,18.030548095703125,21.899999618530273,0.0,-0.000488380785100162,-0.0026013145688921213,2.726224447791683e-19,0.002646762877702713,18.030059714918025,21.89739830396138,2.726224447791683e-19
482,17.808561325073242,21.899999618530273,2.82059907913208,-0.0004811476683244109,-0.0026013206224888563,-8.153433009283617e-05,0.002646699780598283,17.808080177404918,21.897398297907785,2.8205175448019872
483,17.148069381713867,21.899999618530273,5.571745872497559,-0.0004600349348038435,-0.0026013797614723444,-0.0001605779689271003,0.0026466194540262222,17.147609346779063,21.8973982387688,5.5715852945286315
484,16.065336227416992,21.899999618530273,8.185696601867676,-0.00042664664215408266,-0.0026015914045274258,-0.00023514432541560382,0.0026468089781701565,16.064909580774838,21.897398027125746,8.18546145754226
485,14.587018966674805,21.899999618530273,10.598090171813965,-0.0003831424401141703,-0.0026020368095487356,-0.0003040527808479965,0.0026476106140762568,14.58663582423469,21.897397581720725,10.597786119033117
486,12.74952220916748,21.899999618530273,12.74952220916748,-0.00033154746051877737,-0.002602682914584875,-0.00036679228651337326,0.0026492299512028694,12.749190661706962,21.89739693561569,12.749155416880967
487,10.598090171813965,21.899999618530273,14.587018966674805,-0.0002730965206865221,-0.0026032989844679832,-0.00042276643216609955,0.002651505172252655,10.597817075293278,21.897396319545805,14.586596200242639
488,8.185696601867676,21.899999618530273,16.065336227416992,-0.00020809334819205105,-0.002603451954200864,-0.00047008998808450997,0.002653723582625389,8.185488508519484,21.897396166576073,16.064866137428908
489,5.571745872497559,21.899999618530273,17.148069381713867,-0.0001366903306916356,-0.0026026240084320307,-0.0005047108861617744,0.002654631622135639,5.571609182166867,21.89739699452184,17.147564670827705
490,2.82059907913208,21.899999618530273,17.808561325073242,-6.0340236814226955e-05,-0.0026004610117524862,-0.000521007226780057,0.002652826253324747,2.820538738895266,21.89739915751852,17.808040317846462
491,0.0,21.899999618530273,18.030548095703125,1.7244021364604123e-05,-0.002597056096419692,-0.0005144553142599761,0.0026475766208022833,1.7244021364604123e-05,21.897402562433854,18.030033640388865
492,-2.82059907913208,21.899999618530273,17.808561325073242,9.101126488531008e-05,-0.0025931051932275295,-0.00048506539314985275,0.002639652695506811,-2.8205080678671948,21.897406513337046,17.808076259680092
493,-5.571745872497559,21.899999618530273,17.148069381713867,0.00015737208013888448,-0.002589778508991003,-0.0004389391397126019,0.002631422830745578,-5.57158850041742,21.897409840021282,17.147630442574155
494,-8.185696601867676,21.899999618530273,16.065336227416992,0.00021699741773772985,-0.0025883305352181196,-0.00038636589306406677,0.002625989494845271,-8.185479604449938,21.897411287995055,16.064949861523928
495,-10.598090171813965,21.899999618530273,14.587018966674805,0.0002747088728938252,-0.0025896697770804167,-0.00033639109460636973,0.0026258358266204596,-10.597815462941071,21.897409948753193,14.586682575580198
496,-12.74952220916748,21.899999618530273,12.74952220916748,0.0003357417299412191,-0.00259409099817276,-0.00029181683203205466,0.0026319550815969706,-12.74918646743754,21.8974055275321,12.749230392335448
497,-14.587018966674805,21.899999618530273,10.598090171813965,0.0004016337916254997,-0.0026011555455625057,-0.0002490861515980214,0.002643740503117442,-14.58661733288318,21.89739846298471,10.597841085662367
498,-16.065336227416992,21.899999618530273,8.185696601867676,0.0004679424164351076,-0.0026096845977008343,-0.00020149258489254862,0.002658951561897993,-16.064868285000557,21.897389933932573,8.185495109282783
499,-17.148069381713867,21.899999618530273,5.571745872497559,0.0005254115676507354,-0.0026179114356637,-0.00014369984273798764,0.002673979615792632,-17.147543970146216,21.89738170709461,5.571602172654821
500,-17.808561325073242,21.899999618530273,2.82059907913208,0.0005643940530717373,-0.002623883308842778,-7.516626646975055e-05,0.002684949431568384,-17.80799693102017,21.89737573522143,2.8205239128656103
501,-18.030548095703125,21.899999618530273,0.0,0.0005781909567303956,-0.0026260672602802515,-4.378138252260347e-19,0.002688965294510126,-18.029969904746395,21.897373551269993,-4.378138252260347e-19
502,-17.808561325073242,21.899999618530273,-2.82059907913208,0.0005643940530717373,-0.002623883308842778,7.516626646975055e-05,0.002684949431568384,-17.80799693102017,21.89737573522143,-2.8205239128656103
503,-17.148069381713867,21.899999618530273,-5.571745872497559,0.0005254115676507354,-0.0026179114356637,0.00014369984273798764,0.002673979615792632,-17.147543970146216,21.89738170709461,-5.571602172654821
504,-16.065336227416992,21.899999618530273,-8.185696601867676,0.0004679424164351076,-0.0026096845977008343,0.00020149258489254862,0.002658951561897993,-16.064868285000557,21.897389933932573,-8.185495109282783
505,-14.587018966674805,21.899999618530273,-10.598090171813965,0.0004016337916254997,-0.0026011555455625057,0.0002490861515980214,0.002643740503117442,-14.58661733288318,21.89739846298471,-10.597841085662367
506,-12.74952220916748,21.899999618530273,-12.74952220916748,0.0003357417299412191,-0.00259409099817276,0.00029181683203205466,0.0026319550815969706,-12.74918646743754,21.8974055275321,-12.749230392335448
507,-10.598090171813965,21.899999618530273,-14.587018966674805,0.0002747088728938252,-0.0025896697770804167,0.00033639109460636973,0.0026258358266204596,-10.597815462941071,21.897409948753193,-14.586682575580198
508,-8.185696601867676,21.899999618530273,-16.065336227416992,0.00021699741773772985,-0.0025883305352181196,0.00038636589306406677,0.002625989494845271,-8.185479604449938,21.897411287995055,-16.064949861523928
509,-5.571745872497559,21.899999618530273,-17.148069381713867,0.00015737208013888448,-0.002589778508991003,0.0004389391397126019,0.002631422830745578,-5.57158850041742,21.897409840021282,-17.147630442574155
510,-2.82059907913208,21.899999618530273,-17.808561325073242,9.101126488531008e-05,-0.0025931051932275295,0.00048506539314985275,0.002639652695506811,-2.8205080678671948,21.897406513337046,-17.808076259680092
511,-0.0,21.899999618530273,-18.030548095703125,1.7244021364604123e-05,-0.002597056096419692,0.0005144553142599761,0.0026475766208022833,1.7244021364604123e-05,21.897402562433854,-18.030033640388865
512,2.82059907913208,21.899999618530273,-17.808561325073242,-6.0340236814226955e-05,-0.0026004610117524862,0.000521007226780057,0.002652826253324747,2.820538738895266,21.89739915751852,-17.808040317846462
513,5.571745872497559,21.899999618530273,-17.148069381713867,-0.0001366903306916356,-0.0026026240084320307,0.0005047108861617744,0.002654631622135639,5.571609182166867,21.89739699452184,-17.147564670827705
514,8.185696601867676,21.899999618530273,-16.065336227416992,-0.00020809334819205105,-0.002603451954200864,0.00047008998808450997,0.002653723582625389,8.185488508519484,21.897396166576073,-16.064866137428908
515,10.598090171813965,21.899999618530273,-14.587018966674805,-0.0002730965206865221,-0.0026032989844679832,0.00042276643216609955,0.002651505172252655,10.597817075293278,21.897396319545805,-14.586596200242639
516,12.74952220916748,21.899999618530273,-12.74952220916748,-0.00033154746051877737,-0.002602682914584875,0.00036679228651337326,0.0026492299512028694,12.749190661706962,21.89739693561569,-12.749155416880967
517,14.587018966674805,21.899999618530273,-10.598090171813965,-0.0003831424401141703,-0.0026020368095487356,0.0003040527808479965,0.0026476106140762568,14.58663582423469,21.897397581720725,-10.597786119033117
518,16.065336227416992,21.899999618530273,-8.185696601867676,-0.00042664664215408266,-0.0026015914045274258,0.00023514432541560382,0.0026468089781701565,16.064909580774838,21.897398027125746,-8.18546145754226
519,17.148069381713867,21.899999618530273,-5.571745872497559,-0.0004600349348038435,-0.0026013797614723444,0.0001605779689271003,0.0026466194540262222,17.147609346779063,21.8973982387688,-5.5715852945286315
520,17.808561325073242,21.899999618530273,-2.82059907913208,-0.0004811476683244109,-0.0026013206224888563,8.153433009283617e-05,0.002646699780598283,17.808080177404918,21.897398297907785,-2.8205175448019872
521,18.411544799804688,23.700000762939453,0.0,-0.00045333142043091357,-0.002628232119604945,3.984030634348871e-19,0.0026670421939343214,18.411091468384257,23.697372530819848,3.984030634348871e-19
522,18.18486785888672,23.700000762939453,2.880199909210205,-0.00044674851233139634,-0.002628128044307232,-7.720226130913943e-05,0.0026669460348784924,18.184421110374387,23.697372634895146,2.880122706948896
523,17.510419845581055,23.700000762939453,5.689479827880859,-0.00042744024540297687,-0.0026278889272361994,-0.00015214008453767747,0.002666768152266741,17.50999240533565,23.697372874012217,5.689327687796322
524,16.40480613708496,23.700000762939453,8.35866641998291,-0.0003966052026953548,-0.0026277038268744946,-0.00022289819025900215,0.002666797023266554,16.404409531882266,23.69737305911258,8.358443521792651
525,14.895252227783203,23.700000762939453,10.822033882141113,-0.0003558723838068545,-0.002627790905535221,-0.0002881145046558231,0.0026673844549804926,14.894896355399396,23.697372972033918,10.821745767636457
526,13.018927574157715,23.700000762939453,13.018927574157715,-0.00030685149249620736,-0.00262825028039515,-0.0003469056391622871,0.002668745117262006,13.018620722665219,23.697372512659058,13.018580668518553
527,10.822033882141113,23.700000762939453,14.895252227783203,-0.00025073098368011415,-0.0026289024390280247,-0.00039843341801315546,0.0026707195211201906,10.821783151157433,23.697371860500425,14.89485379436519
528,8.35866641998291,23.700000762939453,16.40480613708496,-0.00018819296383298934,-0.00262918951921165,-0.00044120452366769314,0.00267258589155972,8.358478227019077,23.69737157342024,16.404364932561293
529,5.689479827880859,23.700000762939453,17.510419845581055,-0.0001198510653921403,-0.002628274029120803,-0.00047246302710846066,0.0026730899699032307,5.689359976815467,23.697372488910332,17.509947382553946
530,2.880199909210205,23.700000762939453,18.18486785888672,-4.714721944765188e-05,-0.00262542930431664,-0.0004882595385424793,0.002670861082151532,2.8801527619907574,23.697375333635136,18.184379599348176
531,0.0,23.700000762939453,18.411544799804688,2.681972000573296e-05,-0.0026206017937511206,-0.00048478026292286813,0.0026651988737285137,2.681972000573296e-05,23.697380161145702,18.411060019541765
532,-2.880199909210205,23.700000762939453,18.18486785888672,9.751346078701317e-05,-0.002614785684272647,-0.00046080228639766574,0.0026568688917905092,-2.880102395749418,23.69738597725518,18.18440705660032
533,-5.689479827880859,23.700000762939453,17.510419845581055,0.00016090102144517004,-0.0026097651571035385,-0.0004200948169454932,0.002648252760991454,-5.689318926859414,23.69739099778235,17.50999975076411
534,-8.35866641998291,23.700000762939453,16.40480613708496,0.0002166280901292339,-0.002607217989861965,-0.00037172436714172363,0.002642478561028838,-8.358449791892781,23.69739354494959,16.40443441271782
535,-10.822033882141113,23.700000762939453,14.895252227783203,0.00026940865791402757,-0.002608091803267598,-0.00032529779127798975,0.002642071573063731,-10.8217644734832,23.697392671136186,14.894926929991925
536,-13.018927574157715,23.700000762939453,13.018927574157715,0.00032516478677280247,-0.002612665994092822,-0.0002841026580426842,0.002648107009008527,-13.018602409370942,23.69738809694536,13.018643471499672
537,-14.895252227783203,23.700000762939453,10.822033882141113,0.0003852039226330817,-0.0026205971371382475,-0.00024379370734095573,0.002659952500835061,-14.89486702386057,23.697380165802315,10.821790088433772
538,-16.40480613708496,23.700000762939453,8.35866641998291,0.0004438974428921938,-0.0026307941880077124,-0.00019697356037795544,0.002675242256373167,-16.40436223964207,23.697369968751445,8.358469446422532
539,-17.510419845581055,23.700000762939453,5.689479827880859,0.0004920570063404739,-0.002641235012561083,-0.00013939176278654486,0.0026902921963483095,-17.509927788574714,23.697359527926892,5.689340436118073
540,-18.18486785888672,23.700000762939453,2.880199909210205,0.000522841583006084,-0.0026491479948163033,-7.228465983644128e-05,0.0027012170758098364,-18.184345017303713,23.697351614944637,2.8801276245503686
541,-18.411544799804688,23.700000762939453,0.0,0.0005333374720066786,-0.0026520995888859034,-5.452343947043148e-19,0.0027051952201873064,-18.41101146233268,23.697348663350567,-5.452343947043148e-19
542,-18.18486785888672,23.700000762939453,-2.880199909210205,0.000522841583006084,-0.0026491479948163033,7.228465983644128e-05,0.0027012170758098364,-18.184345017303713,23.697351614944637,-2.8801276245503686
543,-17.510419845581055,23.700000762939453,-5.689479827880859,0.0004920570063404739,-0.002641235012561083,0.00013939176278654486,0.0026902921963483095,-17.509927788574714,23.697359527926892,-5.689340436118073
544,-16.40480613708496,23.700000762939453,-8.35866641998291,0.0004438974428921938,-0.0026307941880077124,0.00019697356037795544,0.002675242256373167,-16.40436223964207,23.697369968751445,-8.358469446422532
545,-14.895252227783203,23.700000762939453,-10.822033882141113,0.0003852039226330817,-0.0026205971371382475,0.00024379370734095573,0.002659952500835061,-14.89486702386057,23.697380165802315,-10.821790088433772
546,-13.018927574157715,23.700000762939453,-13.018927574157715,0.00032516478677280247,-0.002612665994092822,0.0002841026580426842,0.002648107009008527,-13.018602409370942,23.69738809694536,-13.018643471499672
547,-10.822033882141113,23.700000762939453,-14.895252227783203,0.00026940865791402757,-0.002608091803267598,0.00032529779127798975,0.002642071573063731,-10.8217644734832,23.697392671136186,-14.894926929991925
548,-8.35866641998291,23.700000762939453,-16.40480613708496,0.0002166280901292339,-0.002607217989861965,0.00037172436714172363,0.002642478561028838,-8.358449791892781,23.69739354494959,-16.40443441271782
549,-5.689479827880859,23.700000762939453,-17.510419845581055,0.00016090102144517004,-0.0026097651571035385,0.0004200948169454932,0.002648252760991454,-5.689318926859414,23.69739099778235,-17.50999975076411
550,-2.880199909210205,23.700000762939453,-18.18486785888672,9.751346078701317e-05,-0.002614785684272647,0.00046080228639766574,0.0026568688917905092,-2.880102395749418,23.69738597725518,-18.18440705660032
551,-0.0,23.700000762939453,-18.411544799804688,2.681972000573296e-05,-0.0026206017937511206,0.00048478026292286813,0.0026651988737285137,2.681972000573296e-05,23.697380161145702,-18.411060019541765
552,2.880199909210205,23.700000762939453,-18.18486785888672,-4.714721944765188e-05,-0.00262542930431664,0.0004882595385424793,0.002670861082151532,2.8801527619907574,23.697375333635136,-18.184379599348176
553,5.689479827880859,23.700000762939453,-17.510419845581055,-0.0001198510653921403,-0.002628274029120803,0.00047246302710846066,0.0026730899699032307,5.689359976815467,23.697372488910332,-17.509947382553946
554,8.35866641998291,23.700000762939453,-16.40480613708496,-0.00018819296383298934,-0.00262918951921165,0.00044120452366769314,0.00267258589155972,8.358478227019077,23.69737157342024,-16.404364932561293
555,10.822033882141113,23.700000762939453,-14.895252227783203,-0.00025073098368011415,-0.0026289024390280247,0.00039843341801315546,0.0026707195211201906,10.821783151157433,23.697371860500425,-14.89485379436519
556,13.018927574157715,23.700000762939453,-13.018927574157715,-0.00030685149249620736,-0.00262825028039515,0.0003469056391622871,0.002668745117262006,13.018620722665219,23.697372512659058,-13.018580668518553
557,14.895252227783203,23.700000762939453,-10.822033882141113,-0.0003558723838068545,-0.002627790905535221,0.0002881145046558231,0.0026673844549804926,14.894896355399396,23.697372972033918,-10.821745767636457
558,16.40480613708496,23.700000762939453,-8.35866641998291,-0.0003966052026953548,-0.0026277038268744946,0.00022289819025900215,0.002666797023266554,16.404409531882266,23.69737305911258,-8.358443521792651
559,17.510419845581055,23.700000762939453,-5.689479827880859,-0.00042744024540297687,-0.0026278889272361994,0.00015214008453767747,0.002666768152266741,17.50999240533565,23.697372874012217,-5.689327687796322
560,18.18486785888672,23.700000762939453,-2.880199909210205,-0.00044674851233139634,-0.002628128044307232,7.720226130913943e-05,0.0026669460348784924,18.184421110374387,23.697372634895146,-2.880122706948896
561,18.79254150390625,25.5,0.0,-0.0003618568880483508,-0.002666198881343007,1.896449073054653e-19,0.002690642373636365,18.7921796470182,25.497333801118657,1.896449073054653e-19
562,18.561174392700195,25.5,2.939800977706909,-0.000356870936229825,-0.002665931126102805,-6.417917757062241e-05,0.0026904765982180834,18.560817521763965,25.497334068873897,2.9397367985293386
563,17.87276840209961,25.5,5.807215213775635,-0.00034209154546260834,-0.0026652440428733826,-0.00012675783364102244,0.0026900966186076403,17.872426310554147,25.497334755957127,5.807088455941994
564,16.74427604675293,25.5,8.531635284423828,-0.0003179903724230826,-0.002664458705112338,-0.0001862137287389487,0.002689820248633623,16.743958056380507,25.497335541294888,8.53144907069509
565,15.203484535217285,25.5,11.045977592468262,-0.0002852044999599457,-0.002663993975147605,-0.00024110641970764846,0.002690044231712818,15.203199330717325,25.497336006024852,11.045736486048554
566,13.28833293914795,25.5,13.28833293914795,-0.00024446516181342304,-0.0026641690637916327,-0.0002900201070588082,0.0026910353917628527,13.288088473986136,25.49733583093621,13.28804291904089
567,11.045977592468262,25.5,15.203484535217285,-0.00019665279251057655,-0.002664930419996381,-0.00033154370612464845,0.0026926654390990734,11.045780939675751,25.497335069580004,15.20315299151116
568,8.531635284423828,25.5,16.74427604675293,-0.00014291636762209237,-0.002665621228516102,-0.0003643601085059345,0.0026942011900246143,8.531492368056206,25.497334378771484,16.743911686644424
569,5.807215213775635,25.5,17.87276840209961,-8.472181798424572e-05,-0.0026650046929717064,-0.00038733152905479074,0.002694337395951152,5.8071304919576505,25.49733499530703,17.872381070570555
570,2.939800977706909,25.5,18.561174392700195,-2.382064121775329e-05,-0.002661754610016942,-0.00039936124812811613,0.0026916528586298227,2.9397771570656914,25.497338245389983,18.560775031452067
571,0.0,25.5,18.79254150390625,3.766533700400032e-05,-0.0026553242933005095,-0.0003991884586866945,0.0026854267343878746,3.766533700400032e-05,25.4973446757067,18.792142315447563
572,-2.939800977706909,25.5,18.561174392700195,9.71042609307915e-05,-0.0026466823183000088,-0.0003858350683003664,0.002676420146599412,-2.9397038734459784,25.4973533176817,18.560788557631895
573,-5.807215213775635,25.5,17.87276840209961,0.00015188686666078866,-0.00263822078704834,-0.0003602236683946103,0.002667028224095702,-5.807063326908974,25.49736177921295,17.872408178431215
574,-8.531635284423828,25.5,16.74427604675293,0.00020120805129408836,-0.0026326365768909454,-0.000326684326864779,0.0026604479644447565,-8.531434076372534,25.49736736342311,16.743949362426065
575,-11.045977592468262,25.5,15.203484535217285,0.0002471569168847054,-0.0026319497264921665,-0.0002907947055064142,0.0026594751980155706,-11.045730435551377,25.497368050273508,15.203193740511779
576,-13.28833293914795,25.5,13.28833293914795,0.0002925206208601594,-0.0026371264830231667,-0.0002547662297729403,0.0026655036490410566,-13.288040418527089,25.497362873516977,13.288078172918176
577,-15.203484535217285,25.5,11.045977592468262,0.0003372779756318778,-0.0026476026978343725,-0.0002163244498660788,0.002677751472219825,-15.203147257241653,25.497352397302166,11.045761268018396
578,-16.74427604675293,25.5,8.531635284423828,0.000377355027012527,-0.0026613587979227304,-0.00017165859753731638,0.002693454036489129,-16.743898691725917,25.497338641202077,8.53146362582629
579,-17.87276840209961,25.5,5.807215213775635,0.0004074552853126079,-0.0026753272395581007,-0.00011925895523745567,0.0027088038623332977,-17.872360946814297,25.497324672760442,5.807095954820397
580,-18.561174392700195,25.5,2.939800977706909,0.00042515984387136996,-0.002685792976990342,-6.1006892792647704e-05,0.0027199203614145517,-18.560749232856324,25.49731420702301,2.9397399708141165
581,-18.79254150390625,25.5,0.0,0.00043088127858936787,-0.002689668443053961,-4.2161354462797193e-19,0.0027239632327109575,-18.79211062262766,25.497310331556946,-4.2161354462797193e-19
582,-18.561174392700195,25.5,-2.939800977706909,0.00042515984387136996,-0.002685792976990342,6.1006892792647704e-05,0.0027199203614145517,-18.560749232856324,25.49731420702301,-2.9397399708141165
583,-17.87276840209961,25.5,-5.807215213775635,0.0004074552853126079,-0.0026753272395581007,0.00011925895523745567,0.0027088038623332977,-17.872360946814297,25.497324672760442,-5.807095954820397
584,-16.74427604675293,25.5,-8.531635284423828,0.000377355027012527,-0.0026613587979227304,0.00017165859753731638,0.002693454036489129,-16.743898691725917,25.497338641202077,-8.53146362582629
585,-15.203484535217285,25.5,-11.045977592468262,0.0003372779756318778,-0.0026476026978343725,0.0002163244498660788,0.002677751472219825,-15.203147257241653,25.497352397302166,-11.045761268018396
586,-13.28833293914795,25.5,-13.28833293914795,0.0002925206208601594,-0.0026371264830231667,0.0002547662297729403,0.0026655036490410566,-13.288040418527089,25.497362873516977,-13.288078172918176
587,-11.045977592468262,25.5,-15.203484535217285,0.0002471569168847054,-0.0026319497264921665,0.0002907947055064142,0.0026594751980155706,-11.045730435551377,25.497368050273508,-15.203193740511779
588,-8.531635284423828,25.5,-16.74427604675293,0.00020120805129408836,-0.0026326365768909454,0.000326684326864779,0.0026604479644447565,-8.531434076372534,25.49736736342311,-16.743949362426065
589,-5.807215213775635,25.5,-17.87276840209961,0.00015188686666078866,-0.00263822078704834,0.0003602236683946103,0.002667028224095702,-5.807063326908974,25.49736177921295,-17.872408178431215
590,-2.939800977706909,25.5,-18.561174392700195,9.71042609307915e-05,-0.0026466823183000088,0.0003858350683003664,0.002676420146599412,-2.9397038734459784,25.4973533176817,-18.560788557631895
591,-0.0,25.5,-18.79254150390625,3.766533700400032e-05,-0.0026553242933005095,0.0003991884586866945,0.0026854267343878746,3.766533700400032e-05,25.4973446757067,-18.792142315447563
592,2.939800977706909,25.5,-18.561174392700195,-2.382064121775329e-05,-0.002661754610016942,0.00039936124812811613,0.0026916528586298227,2.9397771570656914,25.497338245389983,-18.560775031452067
593,5.807215213775635,25.5,-17.87276840209961,-8.472181798424572e-05,-0.0026650046929717064,0.00038733152905479074,0.002694337395951152,5.8071304919576505,25.49733499530703,-17.872381070570555
594,8.531635284423828,25.5,-16.74427604675293,-0.00014291636762209237,-0.002665621228516102,0.0003643601085059345,0.0026942011900246143,8.531492368056206,25.497334378771484,-16.743911686644424
595,11.045977592468262,25.5,-15.203484535217285,-0.00019665279251057655,-0.002664930419996381,0.00033154370612464845,0.0026926654390990734,11.045780939675751,25.497335069580004,-15.20315299151116
596,13.28833293914795,25.5,-13.28833293914795,-0.00024446516181342304,-0.0026641690637916327,0.0002900201070588082,0.0026910353917628527,13.288088473986136,25.49733583093621,-13.28804291904089
597,15.203484535217285,25.5,-11.045977592468262,-0.0002852044999599457,-0.002663993975147605,0.00024110641970764846,0.002690044231712818,15.203199330717325,25.497336006024852,-11.045736486048554
598,16.74427604675293,25.5,-8.531635284423828,-0.0003179903724230826,-0.002664458705112338,0.0001862137287389487,0.002689820248633623,16.743958056380507,25.497335541294888,-8.53144907069509
599,17.87276840209961,25.5,-5.807215213775635,-0.00034209154546260834,-0.0026652440428733826,0.00012675783364102244,0.0026900966186076403,17.872426310554147,25.497334755957127,-5.807088455941994
600,18.561174392700195,25.5,-2.939800977706909,-0.000356870936229825,-0.002665931126102805,6.417917757062241e-05,0.0026904765982180834,18.560817521763965,25.497334068873897,-2.9397367985293386
601,19.98419761657715,27.299999237060547,0.0,-1.3605520052806241e-06,-0.002932447474449873,4.8168869337502343e-20,0.0029324477072805166,19.984196256025143,27.297066789586097,4.8168869337502343e-20
602,19.7381591796875,27.299999237060547,3.1262168884277344,-1.5966980981829693e-06,-0.0029314786661416292,-9.295269592257682e-06,0.0029314938001334667,19.738157582989402,27.297067758394405,3.126207593158142
603,19.006101608276367,27.299999237060547,6.175457000732422,-2.0494805994530907e-06,-0.002928860019892454,-1.8954202460008673e-05,0.0029289221856743097,19.006099558795768,27.297070377040654,6.175438046529962
604,17.806049346923828,27.299999237060547,9.072635650634766,-1.982690037038992e-06,-0.0029254029504954815,-2.9061437089694664e-05,0.002925548003986478,17.80604736423379,27.29707383411005,9.072606589197676
605,16.16755485534668,27.299999237060547,11.746416091918945,-3.371813761532394e-07,-0.002922243671491742,-3.9170092350104824e-05,0.00292250607162714,16.167554518165304,27.297076993389055,11.746376921826595
606,14.130961418151855,27.299999237060547,14.130961418151855,3.88580792787252e-06,-0.0029204541351646185,-4.8225574573734775e-05,0.002920854836702347,14.130965303959783,27.297078782925382,14.130913192577282
607,11.746416091918945,27.299999237060547,16.16755485534668,1.1082411219831556e-05,-0.0029204648453742266,-5.48965617781505e-05,0.0029210017528384924,11.746427174330165,27.297078772215173,16.1674999587849
608,9.072635650634766,27.299999237060547,17.806049346923828,2.0674917323049158e-05,-0.0029214618261903524,-5.83750988880638e-05,0.0029221181757748127,9.072656325552089,27.297077775234357,17.80599097182494
609,6.175457000732422,27.299999237060547,19.006101608276367,3.1337251130025834e-05,-0.0029211104847490788,-5.926096491748467e-05,0.0029218795243650675,6.175488337983552,27.297078126575798,19.00604234731145
610,3.1262168884277344,27.299999237060547,19.7381591796875,4.187542435829528e-05,-0.002916008001193404,-5.976097963866778e-05,0.002916920930147171,3.1262587638520927,27.297083229059353,19.73809941870786
611,0.0,27.299999237060547,19.98419761657715,5.21648908033967e-05,-0.0029030742589384317,-6.263752584345639e-05,0.002904218388721347,5.21648908033967e-05,27.29709616280161,19.984134979051305
612,-3.1262168884277344,27.299999237060547,19.7381591796875,6.322292756522074e-05,-0.0028816203121095896,-6.925993511686102e-05,0.0028831458184868097,-3.126153665500169,27.297117616748437,19.738089919752383
613,-6.175457000732422,27.299999237060547,19.006101608276367,7.608180021634325e-05,-0.002855106024071574,-7.823272608220577e-05,0.0028571905568242073,-6.1753809189322055,27.297144131036475,19.006023375550285
614,-9.072635650634766,27.299999237060547,17.806049346923828,9.024323662742972e-05,-0.002831402001902461,-8.556575630791485e-05,0.002834131708368659,-9.072545407398138,27.297167835058644,17.80596378116752
615,-11.746416091918945,27.299999237060547,16.16755485534668,0.00010247741010971367,-0.002820761641487479,-8.582747250329703e-05,0.0028239269740879536,-11.746313614508836,27.29717847541906,16.167469027874176
616,-14.130961418151855,27.299999237060547,14.130961418151855,0.00010801701137097552,-0.002829893957823515,-7.612046465510502e-05,0.002832977566868067,-14.130853401140484,27.297169343102723,14.1308852976872
617,-16.16755485534668,27.299999237060547,11.746416091918945,0.00010564649710431695,-0.002855735830962658,-5.9773752582259476e-05,0.0028583144303411245,-16.167449208849575,27.297143501229584,11.746356318166363
618,-17.806049346923828,27.299999237060547,9.072635650634766,9.897378913592547e-05,-0.0028879554010927677,-4.2300220229662955e-05,0.002889960538595915,-17.805950373134692,27.297111281659454,9.072593350414536
619,-19.006101608276367,27.299999237060547,6.175457000732422,9.190676064463332e-05,-0.002916694385930896,-2.64577229245333e-05,0.0029182620346546173,-19.006009701515723,27.297082542674616,6.175430543009497
620,-19.7381591796875,27.299999237060547,3.1262168884277344,8.682732004672289e-05,-0.0029358200263231993,-1.2613376384251751e-05,0.0029371308628469706,-19.738072352367453,27.297063417034224,3.12620427505135
621,-19.98419761657715,27.299999237060547,0.0,8.501947013428435e-05,-0.002942443825304508,-2.1276448910404877e-19,0.0029436720069497824,-19.984112597107014,27.297056793235242,-2.1276448910404877e-19
622,-19.7381591796875,27.299999237060547,-3.1262168884277344,8.682732004672289e-05,-0.0029358200263231993,1.2613376384251751e-05,0.0029371308628469706,-19.738072352367453,27.297063417034224,-3.12620427505135
623,-19.006101608276367,27.299999237060547,-6.175457000732422,9.190676064463332e-05,-0.002916694385930896,2.64577229245333e-05,0.0029182620346546173,-19.006009701515723,27.297082542674616,-6.175430543009497
624,-17.806049346923828,27.299999237060547,-9.072635650634766,9.897378913592547e-05,-0.0028879554010927677,4.2300220229662955e-05,0.002889960538595915,-17.805950373134692,27.297111281659454,-9.072593350414536
625,-16.16755485534668,27.299999237060547,-11.746416091918945,0.00010564649710431695,-0.002855735830962658,5.9773752582259476e-05,0.0028583144303411245,-16.167449208849575,27.297143501229584,-11.746356318166363
626,-14.130961418151855,27.299999237060547,-14.130961418151855,0.00010801701137097552,-0.002829893957823515,7.612046465510502e-05,0.002832977566868067,-14.130853401140484,27.297169343102723,-14.1308852976872
627,-11.746416091918945,27.299999237060547,-16.16755485534668,0.00010247741010971367,-0.002820761641487479,8.582747250329703e-05,0.0028239269740879536,-11.746313614508836,27.29717847541906,-16.167469027874176
628,-9.072635650634766,27.299999237060547,-17.806049346923828,9.024323662742972e-05,-0.002831402001902461,8.556575630791485e-05,0.002834131708368659,-9.072545407398138,27.297167835058644,-17.80596378116752
629,-6.175457000732422,27.299999237060547,-19.006101608276367,7.608180021634325e-05,-0.002855106024071574,7.823272608220577e-05,0.0028571905568242073,-6.1753809189322055,27.297144131036475,-19.006023375550285
630,-3.1262168884277344,27.299999237060547,-19.7381591796875,6.322292756522074e-05,-0.0028816203121095896,6.925993511686102e-05,0.0028831458184868097,-3.126153665500169,27.297117616748437,-19.738089919752383
631,-0.0,27.299999237060547,-19.98419761657715,5.21648908033967e-05,-0.0029030742589384317,6.263752584345639e-05,0.002904218388721347,5.21648908033967e-05,27.29709616280161,-19.984134979051305
632,3.1262168884277344,27.299999237060547,-19.7381591796875,4.187542435829528e-05,-0.002916008001193404,5.976097963866778e-05,0.002916920930147171,3.1262587638520927,27.297083229059353,-19.73809941870786
633,6.175457000732422,27.299999237060547,-19.006101608276367,3.1337251130025834e-05,-0.0029211104847490788,5.926096491748467e-05,0.0029218795243650675,6.175488337983552,27.297078126575798,-19.00604234731145
634,9.072635650634766,27.299999237060547,-17.806049346923828,2.0674917323049158e-05,-0.0029214618261903524,5.83750988880638e-05,0.0029221181757748127,9.072656325552089,27.297077775234357,-17.80599097182494
635,11.746416091918945,27.299999237060547,-16.16755485534668,1.1082411219831556e-05,-0.0029204648453742266,5.48965617781505e-05,0.0029210017528384924,11.746427174330165,27.297078772215173,-16.1674999587849
636,14.130961418151855,27.299999237060547,-14.130961418151855,3.88580792787252e-06,-0.0029204541351646185,4.8225574573734775e-05,0.002920854836702347,14.130965303959783,27.297078782925382,-14.130913192577282
637,16.16755485534668,27.299999237060547,-11.746416091918945,-3.371813761532394e-07,-0.002922243671491742,3.9170092350104824e-05,0.00292250607162714,16.167554518165304,27.297076993389055,-11.746376921826595
638,17.806049346923828,27.299999237060547,-9.072635650634766,-1.982690037038992e-06,-0.0029254029504954815,2.9061437089694664e-05,0.002925548003986478,17.80604736423379,27.29707383411005,-9.072606589197676
639,19.006101608276367,27.299999237060547,-6.175457000732422,-2.0494805994530907e-06,-0.002928860019892454,1.8954202460008673e-05,0.0029289221856743097,19.006099558795768,27.297070377040654,-6.175438046529962
640,19.7381591796875,27.299999237060547,-3.1262168884277344,-1.5966980981829693e-06,-0.0029314786661416292,9.295269592257682e-06,0.0029314938001334667,19.738157582989402,27.297067758394405,-3.126207593158142
641,21.175853729248047,29.100000381469727,0.0,0.00032608016044832766,-0.003181020263582468,-9.767815254590419e-20,0.003197689540684223,21.176179809408495,29.096819361206144,-9.767815254590419e-20
642,20.915143966674805,29.100000381469727,3.3126330375671387,0.0003210901340935379,-0.003179393243044615,4.0465096390107647e-05,0.003195821773260832,20.9154650568089,29.096820988226682,3.312673502663529
643,20.139434814453125,29.100000381469727,6.543698787689209,0.0003068055084440857,-0.003174982499331236,7.879250915721059e-05,0.0031907446682453156,20.13974161996157,29.096825398970395,6.543777580198366
644,18.86782455444336,29.100000381469727,9.613636016845703,0.00028512600692920387,-0.00316909933462739,0.00011348555563017726,0.0031839231960475445,18.86810968045029,29.0968312821351,9.613749502401333
645,17.13162612915039,29.100000381469727,12.446854591369629,0.0002586618938948959,-0.003163565183058381,0.00014414932229556143,0.0031773934606462717,17.131884791044286,29.096836816286668,12.446998740691924
646,14.973589897155762,29.100000381469727,14.973589897155762,0.0002299044863320887,-0.0031601041555404663,0.00017150407074950635,0.0031730944756418467,14.973819801642094,29.096840277314186,14.973761401226511
647,12.446854591369629,29.100000381469727,17.13162612915039,0.00020031825988553464,-0.003159506479278207,0.00019670130859594792,0.0031719552353024483,12.447054909629514,29.09684087499045,17.131822830458987
648,9.613636016845703,29.100000381469727,18.86782455444336,0.00016986802802421153,-0.003160770982503891,0.0002199769951403141,0.0031729666516184807,9.613805884873727,29.096839610487223,18.8680445314385
649,6.543698787689209,29.100000381469727,20.139434814453125,0.0001374882267555222,-0.0031606112606823444,0.00023919194063637406,0.0031726297456771135,6.5438362759159645,29.096839770209044,20.13967400639376
650,3.3126330375671387,29.100000381469727,20.915143966674805,0.0001025650926749222,-0.003153793979436159,0.0002492633939255029,0.003165291156619787,3.3127356026598136,29.09684658749029,20.91539323006873
651,0.0,29.100000381469727,21.175853729248047,6.671049050055444e-05,-0.003134758910164237,0.000243564645643346,0.0031449145171791315,6.671049050055444e-05,29.096865622559562,21.17609729389369
652,-3.3126330375671387,29.100000381469727,20.915143966674805,3.430674041737802e-05,-0.003100732807070017,0.00021774478955194354,0.0031085582450032234,-3.3125987308267213,29.096899648662657,20.915361711464357
653,-6.543698787689209,29.100000381469727,20.139434814453125,1.0181652214669157e-05,-0.0030556130222976208,0.0001745812187436968,0.0030606132932007313,-6.543688606036994,29.09694476844743,20.13960939567187
654,-9.613636016845703,29.100000381469727,18.86782455444336,-5.628951385006076e-06,-0.0030125135090202093,0.0001265606115339324,0.003015176160261035,-9.613641645797088,29.096987867960706,18.867951115054893
655,-12.446854591369629,29.100000381469727,17.13162612915039,-2.2460022591985762e-05,-0.0029910823795944452,9.159512410406023e-05,0.002992569003254175,-12.446877051392221,29.097009299090132,17.131717724274495
656,-14.973589897155762,29.100000381469727,14.973589897155762,-5.380847869673744e-05,-0.003004802856594324,7.865475345170125e-05,0.003006313694640994,-14.973643705634458,29.096995578613132,14.973668551909213
657,-17.13162612915039,29.100000381469727,12.446854591369629,-0.00010192874469794333,-0.0030476076062768698,7.798781007295474e-05,0.0030503086745738983,-17.13172805789509,29.09695277386345,12.446932579179702
658,-18.86782455444336,29.100000381469727,9.613636016845703,-0.00015410801279358566,-0.003099368652328849,7.316652045119554e-05,0.0031040599569678307,-18.867978662456153,29.096901012817398,9.613709183366154
659,-20.139434814453125,29.100000381469727,6.543698787689209,-0.0001962308888323605,-0.003142728004604578,5.680978574673645e-05,0.0031493608839809895,-20.139631045341957,29.096857653465122,6.543755597474956
660,-20.915143966674805,29.100000381469727,3.3126330375671387,-0.00022178534709382802,-0.003169747767969966,3.0787603463977575e-05,0.0031776465475559235,-20.9153657520219,29.096830633701757,3.3126638251706026
661,-21.175853729248047,29.100000381469727,0.0,-0.00023011515440884978,-0.00317872385494411,-4.117427208301942e-20,0.0031870421953499317,-21.176083844402456,29.096821657614782,-4.117427208301942e-20
662,-20.915143966674805,29.100000381469727,-3.3126330375671387,-0.00022178534709382802,-0.003169747767969966,-3.0787603463977575e-05,0.0031776465475559235,-20.9153657520219,29.096830633701757,-3.3126638251706026
663,-20.139434814453125,29.100000381469727,-6.543698787689209,-0.0001962308888323605,-0.003142728004604578,-5.680978574673645e-05,0.0031493608839809895,-20.139631045341957,29.096857653465122,-6.543755597474956
664,-18.86782455444336,29.100000381469727,-9.613636016845703,-0.00015410801279358566,-0.003099368652328849,-7.316652045119554e-05,0.0031040599569678307,-18.867978662456153,29.096901012817398,-9.613709183366154
665,-17.13162612915039,29.100000381469727,-12.446854591369629,-0.00010192874469794333,-0.0030476076062768698,-7.798781007295474e-05,0.0030503086745738983,-17.13172805789509,29.09695277386345,-12.446932579179702
666,-14.973589897155762,29.100000381469727,-14.973589897155762,-5.380847869673744e-05,-0.003004802856594324,-7.865475345170125e-05,0.003006313694640994,-14.973643705634458,29.096995578613132,-14.973668551909213
667,-12.446854591369629,29.100000381469727,-17.13162612915039,-2.2460022591985762e-05,-0.0029910823795944452,-9.159512410406023e-05,0.002992569003254175,-12.446877051392221,29.097009299090132,-17.131717724274495
668,-9.613636016845703,29.100000381469727,-18.86782455444336,-5.628951385006076e-06,-0.0030125135090202093,-0.0001265606115339324,0.003015176160261035,-9.613641645797088,29.096987867960706,-18.867951115054893
669,-6.543698787689209,29.100000381469727,-20.139434814453125,1.0181652214669157e-05,-0.0030556130222976208,-0.0001745812187436968,0.0030606132932007313,-6.543688606036994,29.09694476844743,-20.13960939567187
670,-3.3126330375671387,29.100000381469727,-20.915143966674805,3.430674041737802e-05,-0.003100732807070017,-0.00021774478955194354,0.0031085582450032234,-3.3125987308267213,29.096899648662657,-20.915361711464357
671,-0.0,29.100000381469727,-21.175853729248047,6.671049050055444e-05,-0.003134758910164237,-0.000243564645643346,0.0031449145171791315,6.671049050055444e-05,29.096865622559562,-21.17609729389369
672,3.3126330375671387,29.100000381469727,-20.915143966674805,0.0001025650926749222,-0.003153793979436159,-0.0002492633939255029,0.003165291156619787,3.3127356026598136,29.09684658749029,-20.91539323006873
673,6.543698787689209,29.100000381469727,-20.139434814453125,0.0001374882267555222,-0.0031606112606823444,-0.00023919194063637406,0.0031726297456771135,6.5438362759159645,29.096839770209044,-20.13967400639376
674,9.613636016845703,29.100000381469727,-18.86782455444336,0.00016986802802421153,-0.003160770982503891,-0.0002199769951403141,0.0031729666516184807,9.613805884873727,29.096839610487223,-18.8680445314385
675,12.446854591369629,29.100000381469727,-17.13162612915039,0.00020031825988553464,-0.003159506479278207,-0.00019670130859594792,0.0031719552353024483,12.447054909629514,29.09684087499045,-17.131822830458987
676,14.973589897155762,29.100000381469727,-14.973589897155762,0.0002299044863320887,-0.0031601041555404663,-0.00017150407074950635,0.0031730944756418467,14.973819801642094,29.096840277314186,-14.973761401226511
677,17.13162612915039,29.100000381469727,-12.446854591369629,0.0002586618938948959,-0.003163565183058381,-0.00014414932229556143,0.0031773934606462717,17.131884791044286,29.096836816286668,-12.446998740691924
678,18.86782455444336,29.100000381469727,-9.613636016845703,0.00028512600692920387,-0.00316909933462739,-0.00011348555563017726,0.0031839231960475445,18.86810968045029,29.0968312821351,-9.613749502401333
679,20.139434814453125,29.100000381469727,-6.543698787689209,0.0003068055084440857,-0.003174982499331236,-7.879250915721059e-05,0.0031907446682453156,20.13974161996157,29.096825398970395,-6.543777580198366
680,20.915143966674805,29.100000381469727,-3.3126330375671387,0.0003210901340935379,-0.003179393243044615,-4.0465096390107647e-05,0.003195821773260832,20.9154650568089,29.096820988226682,-3.312673502663529
681,22.665884017944336,30.950000762939453,0.0,0.00041880630305968225,-0.0032920304220169783,-3.128499440276354e-19,0.003318563336506486,22.666302824247396,30.946708732517436,-3.128499440276354e-19
682,22.386829376220703,30.950000762939453,3.545725107192993,0.000412249326473102,-0.0032898869831115007,5.385644908528775e-05,0.0033160527236759663,22.387241625547176,30.94671087595634,3.5457789636420785
683,21.556535720825195,30.950000762939453,7.004143238067627,0.0003935808199457824,-0.0032841358333826065,0.00010493517766008154,0.003309299936518073,21.55692930164514,30.94671662710607,7.004248173245287
684,20.195449829101562,30.950000762939453,10.290096282958984,0.000365512038115412,-0.0032766449730843306,0.00015140419418457896,0.00330044305883348,20.195815341139678,30.94672411796637,10.290247687153169
685,18.337085723876953,30.950000762939453,13.322671890258789,0.00033160325256176293,-0.003269947599619627,0.00019297316612210125,0.003292378503829241,18.337417327129515,30.946730815339833,13.322864863424911
686,16.02720069885254,30.950000762939453,16.02720069885254,0.00029501377139240503,-0.0032663641031831503,0.00023077370133250952,0.003287768689915538,16.02749571262393,30.94673439883627,16.02743147255387
687,13.322671890258789,30.950000762939453,18.337085723876953,0.0002573223609942943,-0.0032668951898813248,0.00026630095089785755,0.0032878161873668432,13.322929212619783,30.946733867749572,18.33735202482785
688,10.290096282958984,30.950000762939453,20.195449829101562,0.00021806344739161432,-0.0032701564487069845,0.0002995884569827467,0.0032910832669585943,10.290314346406376,30.946730606490746,20.195749417558545
689,7.004143238067627,30.950000762939453,21.556535720825195,0.000175518449395895,-0.0032717641443014145,0.00032733415719121695,0.003292779205366969,7.004318756517023,30.94672899879515,21.556863054982387
690,3.545725107192993,30.950000762939453,22.386829376220703,0.00012876927212346345,-0.00326468120329082,0.0003421669243834913,0.003285088110715151,3.5458538764651166,30.946736081736162,22.387171543145087
691,0.0,30.950000762939453,22.665884017944336,8.015128696570173e-05,-0.0032410903368145227,0.0003344016440678388,0.0032592813950031996,8.015128696570173e-05,30.94675967260264,22.666218419588404
692,-3.545725107192993,30.950000762939453,22.386829376220703,3.619409108068794e-05,-0.003196250880137086,0.00029709457885473967,0.003210232825949788,-3.5456889131019125,30.946804512059316,22.387126470799558
693,-7.004143238067627,30.950000762939453,21.556535720825195,4.562503818306141e-06,-0.003134161466732621,0.00023350611445493996,0.0031428514048457146,-7.004138675563809,30.94686660147272,21.55676922693965
694,-10.290096282958984,30.950000762939453,20.195449829101562,-1.4158335943648126e-05,-0.0030727582052350044,0.00016254901129286736,0.003077086992561817,-10.290110441294928,30.946928004734218,20.195612378112855
695,-13.322671890258789,30.950000762939453,18.337085723876953,-3.4435866837156937e-05,-0.0030411584302783012,0.00011252738477196544,0.003043434349820018,-13.322706326125626,30.946959604509175,18.337198251261725
696,-16.02720069885254,30.950000762939453,16.02720069885254,-7.784126501064748e-05,-0.003059946233406663,9.743455302668735e-05,0.0030624864157289267,-16.02727854011755,30.946940816706046,16.027298133405566
697,-18.337085723876953,30.950000762939453,13.322671890258789,-0.00014828176063019782,-0.003120044944807887,0.00010144694533664733,0.0031252133194357157,-18.337234005637583,30.946880717994645,13.322773337204126
698,-20.195449829101562,30.950000762939453,10.290096282958984,-0.0002255131839774549,-0.0031913251150399446,9.855832468019798e-05,0.00320080085657537,-20.19567534228554,30.946809437824413,10.290194841283665
699,-21.556535720825195,30.950000762939453,7.004143238067627,-0.0002871058532036841,-0.0032490540761500597,7.761483720969409e-05,0.0032626378815621138,-21.5568228266784,30.946751708863303,7.004220852904837
700,-22.386829376220703,30.950000762939453,3.545725107192993,-0.00032369542168453336,-0.0032838231418281794,4.22047232859768e-05,0.0033000081311911345,-22.387153071642388,30.946716939797625,3.545767311916279
701,-22.665884017944336,30.950000762939453,0.0,-0.0003354520595166832,-0.003295139642432332,2.472998612895059e-19,0.0033121705055236816,-22.666219470003853,30.94670562329702,2.472998612895059e-19
702,-22.386829376220703,30.950000762939453,-3.545725107192993,-0.00032369542168453336,-0.0032838231418281794,-4.22047232859768e-05,0.0033000081311911345,-22.387153071642388,30.946716939797625,-3.545767311916279
703,-21.556535720825195,30.950000762939453,-7.004143238067627,-0.0002871058532036841,-0.0032490540761500597,-7.761483720969409e-05,0.0032626378815621138,-21.5568228266784,30.946751708863303,-7.004220852904837
704,-20.195449829101562,30.950000762939453,-10.290096282958984,-0.0002255131839774549,-0.0031913251150399446,-9.855832468019798e-05,0.00320080085657537,-20.19567534228554,30.946809437824413,-10.290194841283665
705,-18.337085723876953,30.950000762939453,-13.322671890258789,-0.00014828176063019782,-0.003120044944807887,-0.00010144694533664733,0.0031252133194357157,-18.337234005637583,30.946880717994645,-13.322773337204126
706,-16.02720069885254,30.950000762939453,-16.02720069885254,-7.784126501064748e-05,-0.003059946233406663,-9.743455302668735e-05,0.0030624864157289267,-16.02727854011755,30.946940816706046,-16.027298133405566
707,-13.322671890258789,30.950000762939453,-18.337085723876953,-3.4435866837156937e-05,-0.0030411584302783012,-0.00011252738477196544,0.003043434349820018,-13.322706326125626,30.946959604509175,-18.337198251261725
708,-10.290096282958984,30.950000762939453,-20.195449829101562,-1.4158335943648126e-05,-0.0030727582052350044,-0.00016254901129286736,0.003077086992561817,-10.290110441294928,30.946928004734218,-20.195612378112855
709,-7.004143238067627,30.950000762939453,-21.556535720825195,4.562503818306141e-06,-0.003134161466732621,-0.00023350611445493996,0.0031428514048457146,-7.004138675563809,30.94686660147272,-21.55676922693965
710,-3.545725107192993,30.950000762939453,-22.386829376220703,3.619409108068794e-05,-0.003196250880137086,-0.00029709457885473967,0.003210232825949788,-3.5456889131019125,30.946804512059316,-22.387126470799558
711,-0.0,30.950000762939453,-22.665884017944336,8.015128696570173e-05,-0.0032410903368145227,-0.0003344016440678388,0.0032592813950031996,8.015128696570173e-05,30.94675967260264,-22.666218419588404
712,3.545725107192993,30.950000762939453,-22.386829376220703,0.00012876927212346345,-0.00326468120329082,-0.0003421669243834913,0.003285088110715151,3.5458538764651166,30.946736081736162,-22.387171543145087
713,7.004143238067627,30.950000762939453,-21.556535720825195,0.000175518449395895,-0.0032717641443014145,-0.00032733415719121695,0.003292779205366969,7.004318756517023,30.94672899879515,-21.556863054982387
714,10.290096282958984,30.950000762939453,-20.195449829101562,0.00021806344739161432,-0.0032701564487069845,-0.0002995884569827467,0.0032910832669585943,10.290314346406376,30.946730606490746,-20.195749417558545
715,13.322671890258789,30.950000762939453,-18.337085723876953,0.0002573223609942943,-0.0032668951898813248,-0.00026630095089785755,0.0032878161873668432,13.322929212619783,30.946733867749572,-18.33735202482785
716,16.02720069885254,30.950000762939453,-16.02720069885254,0.00029501377139240503,-0.0032663641031831503,-0.00023077370133250952,0.003287768689915538,16.02749571262393,30.94673439883627,-16.02743147255387
717,18.337085723876953,30.950000762939453,-13.322671890258789,0.00033160325256176293,-0.003269947599619627,-0.00019297316612210125,0.003292378503829241,18.337417327129515,30.946730815339833,-13.322864863424911
718,20.195449829101562,30.950000762939453,-10.290096282958984,0.000365512038115412,-0.0032766449730843306,-0.00015140419418457896,0.00330044305883348,20.195815341139678,30.94672411796637,-10.290247687153169
719,21.556535720825195,30.950000762939453,-7.004143238067627,0.0003935808199457824,-0.0032841358333826065,-0.00010493517766008154,0.003309299936518073,21.55692930164514,30.94671662710607,-7.004248173245287
720,22.386829376220703,30.950000762939453,-3.545725107192993,0.000412249326473102,-0.0032898869831115007,-5.385644908528775e-05,0.0033160527236759663,22.387241625547176,30.94671087595634,-3.5457789636420785
721,24.155914306640625,32.79999923706055,0.0,0.0004844197246711701,-0.003374298568814993,-3.6485954542736644e-19,0.003408893244341016,24.156398726365296,32.79662493849173,-3.6485954542736644e-19
722,23.8585147857666,32.79999923706055,3.7788169384002686,0.0004767685604747385,-0.0033717795740813017,6.319839303614572e-05,0.003405906492844224,23.858991554327076,32.796627457486466,3.7788801367933047
723,22.9736385345459,32.79999923706055,7.464588165283203,0.00045507794129662216,-0.003365088952705264,0.00012321429676376283,0.003397955559194088,22.974093612487195,32.79663414810784,7.464711379579967
724,21.5230770111084,32.79999923706055,10.966554641723633,0.0004227083409205079,-0.0033565813209861517,0.000178059795871377,0.003387775970622897,21.52349971944932,32.79664265573956,10.966732701519504
725,19.542545318603516,32.79999923706055,14.198490142822266,0.0003839209966827184,-0.0033493703231215477,0.00022761366562917829,0.00337897683493793,19.5429292396002,32.796649866737425,14.198717756487895
726,17.080810546875,32.79999923706055,17.080810546875,0.0003422799927648157,-0.0033461907878518105,0.0002733292931225151,0.0033747381530702114,17.081152826867765,32.796653046272695,17.081083876168123
727,14.198490142822266,32.79999923706055,19.542545318603516,0.00029930166783742607,-0.0033480569254606962,0.000316826713969931,0.003376306500285864,14.198789444490103,32.796651180135086,19.542862145317486
728,10.966554641723633,32.79999923706055,21.5230770111084,0.00025409291265532374,-0.003353055799379945,0.0003576977178454399,0.0033816408831626177,10.966808734636288,32.79664618126117,21.523434708826244
729,7.464588165283203,32.79999923706055,22.9736385345459,0.00020448303257580847,-0.003355719381943345,0.00039142329478636384,0.0033846532460302114,7.464792648315779,32.7966435176786,22.974029957840685
730,3.7788169384002686,32.79999923706055,23.8585147857666,0.00014954048674553633,-0.003347538411617279,0.00040876035927794874,0.0033757162746042013,3.778966478887014,32.79665169864893,23.85892354612588
731,0.0,32.79999923706055,24.155914306640625,9.237784979632124e-05,-0.003319202223792672,0.0003980269539169967,0.0033442580606788397,9.237784979632124e-05,32.796680034836754,24.156312333594542
732,-3.7788169384002686,32.79999923706055,23.8585147857666,4.1073024476645514e-05,-0.0032650253269821405,0.0003510613169055432,0.0032841013744473457,-3.778775865375792,32.796734211733565,23.858865847083507
733,-7.464588165283203,32.79999923706055,22.9736385345459,4.88857040181756e-06,-0.003189534181728959,0.00027196432347409427,0.0032011116854846478,-7.464583276712801,32.79680970287882,22.973910498869373
734,-10.966554641723633,32.79999923706055,21.5230770111084,-1.5725012417533435e-05,-0.0031141568906605244,0.00018398537940811366,0.0031196267809718847,-10.96657036673605,32.796885080169886,21.523260996487807
735,-14.198490142822266,32.79999923706055,19.542545318603516,-3.9073333027772605e-05,-0.0030748622957617044,0.00012251622683834285,0.0030775503255426884,-14.198529216155293,32.796924374764785,19.542667834830354
736,-17.080810546875,32.79999923706055,17.080810546875,-9.22209583222866e-05,-0.0030977099668234587,0.00010552321327850223,0.0031008783262223005,-17.080902767833322,32.79690152709372,17.08091607008828
737,-19.542545318603516,32.79999923706055,14.198490142822266,-0.0001797557924874127,-0.003171397838741541,0.00011332638678140938,0.003178509185090661,-19.542725074396003,32.796827839221805,14.198603469209047
738,-21.5230770111084,32.79999923706055,10.966554641723633,-0.00027603909256868064,-0.003258273471146822,0.00011303667270112783,0.0032718987204134464,-21.523353050200967,32.7967409635894,10.966667678396334
739,-22.9736385345459,32.79999923706055,7.464588165283203,-0.0003531052207108587,-0.0033282104413956404,9.036109258886427e-05,0.0033481090795248747,-22.97399163976661,32.79667102661915,7.464678526375792
740,-23.8585147857666,32.79999923706055,3.7788169384002686,-0.0003992364800069481,-0.0033702622167766094,4.95201165904291e-05,0.0033941876608878374,-23.85891402224661,32.79662897484377,3.778866458516859
741,-24.155914306640625,32.79999923706055,0.0,-0.0004141709068790078,-0.0033839636016637087,4.2383199133205087e-19,0.0034092150162905455,-24.156328477547504,32.79661527345888,4.2383199133205087e-19
742,-23.8585147857666,32.79999923706055,-3.7788169384002686,-0.0003992364800069481,-0.0033702622167766094,-4.95201165904291e-05,0.0033941876608878374,-23.85891402224661,32.79662897484377,-3.778866458516859
743,-22.9736385345459,32.79999923706055,-7.464588165283203,-0.0003531052207108587,-0.0033282104413956404,-9.036109258886427e-05,0.0033481090795248747,-22.97399163976661,32.79667102661915,-7.464678526375792
744,-21.5230770111084,32.79999923706055,-10.966554641723633,-0.00027603909256868064,-0.003258273471146822,-0.00011303667270112783,0.0032718987204134464,-21.523353050200967,32.7967409635894,-10.966667678396334
745,-19.542545318603516,32.79999923706055,-14.198490142822266,-0.0001797557924874127,-0.003171397838741541,-0.00011332638678140938,0.003178509185090661,-19.542725074396003,32.796827839221805,-14.198603469209047
746,-17.080810546875,32.79999923706055,-17.080810546875,-9.22209583222866e-05,-0.0030977099668234587,-0.00010552321327850223,0.0031008783262223005,-17.080902767833322,32.79690152709372,-17.08091607008828
747,-14.198490142822266,32.79999923706055,-19.542545318603516,-3.9073333027772605e-05,-0.0030748622957617044,-0.00012251622683834285,0.0030775503255426884,-14.198529216155293,32.796924374764785,-19.542667834830354
748,-10.966554641723633,32.79999923706055,-21.5230770111084,-1.5725012417533435e-05,-0.0031141568906605244,-0.00018398537940811366,0.0031196267809718847,-10.96657036673605,32.796885080169886,-21.523260996487807
749,-7.464588165283203,32.79999923706055,-22.9736385345459,4.88857040181756e-06,-0.003189534181728959,-0.00027196432347409427,0.0032011116854846478,-7.464583276712801,32.79680970287882,-22.973910498869373
750,-3.7788169384002686,32.79999923706055,-23.8585147857666,4.1073024476645514e-05,-0.0032650253269821405,-0.0003510613169055432,0.0032841013744473457,-3.778775865375792,32.796734211733565,-23.858865847083507
751,-0.0,32.79999923706055,-24.155914306640625,9.237784979632124e-05,-0.003319202223792672,-0.0003980269539169967,0.0033442580606788397,9.237784979632124e-05,32.796680034836754,-24.156312333594542
752,3.7788169384002686,32.79999923706055,-23.8585147857666,0.00014954048674553633,-0.003347538411617279,-0.00040876035927794874,0.0033757162746042013,3.778966478887014,32.79665169864893,-23.85892354612588
753,7.464588165283203,32.79999923706055,-22.9736385345459,0.00020448303257580847,-0.003355719381943345,-0.00039142329478636384,0.0033846532460302114,7.464792648315779,32.7966435176786,-22.974029957840685
754,10.966554641723633,32.79999923706055,-21.5230770111084,0.00025409291265532374,-0.003353055799379945,-0.0003576977178454399,0.0033816408831626177,10.966808734636288,32.79664618126117,-21.523434708826244
755,14.198490142822266,32.79999923706055,-19.542545318603516,0.00029930166783742607,-0.0033480569254606962,-0.000316826713969931,0.003376306500285864,14.198789444490103,32.796651180135086,-19.542862145317486
756,17.080810546875,32.79999923706055,-17.080810546875,0.0003422799927648157,-0.0033461907878518105,-0.0002733292931225151,0.0033747381530702114,17.081152826867765,32.796653046272695,-17.081083876168123
757,19.542545318603516,32.79999923706055,-14.198490142822266,0.0003839209966827184,-0.0033493703231215477,-0.00022761366562917829,0.00337897683493793,19.5429292396002,32.796649866737425,-14.198717756487895
758,21.5230770111084,32.79999923706055,-10.966554641723633,0.0004227083409205079,-0.0033565813209861517,-0.000178059795871377,0.003387775970622897,21.52349971944932,32.79664265573956,-10.966732701519504
759,22.9736385345459,32.79999923706055,-7.464588165283203,0.00045507794129662216,-0.003365088952705264,-0.00012321429676376283,0.003397955559194088,22.974093612487195,32.79663414810784,-7.464711379579967
760,23.8585147857666,32.79999923706055,-3.7788169384002686,0.0004767685604747385,-0.0033717795740813017,-6.319839303614572e-05,0.003405906492844224,23.858991554327076,32.796627457486466,-3.7788801367933047
761,25.777957916259766,34.650001525878906,0.0,0.0005662026815116405,-0.00346985156647861,-5.3402852724727065e-19,0.0035157438833266497,25.778524118941277,34.64653167431243,-5.3402852724727065e-19
762,25.460586547851562,34.650001525878906,4.0325608253479,0.0005572899244725704,-0.0034670084714889526,7.542725506937131e-05,0.003512322437018156,25.461143837776035,34.64653451740742,4.03263625260297
763,24.516294479370117,34.650001525878906,7.965826988220215,0.0005320699419826269,-0.0034595290198922157,0.000147189901326783,0.0035032990854233503,24.5168265493121,34.646541996859014,7.965974178121542
764,22.96832847595215,34.650001525878906,11.702946662902832,0.000494529667776078,-0.003450233954936266,0.0002130571228917688,0.003492000512778759,22.968823005619925,34.64655129192397,11.703159720025724
765,20.85480499267578,34.650001525878906,15.15190315246582,0.0004495951870921999,-0.003442765213549137,0.00027296849293634295,0.003482711734250188,20.855254587862873,34.64655876066536,15.152176120958757
766,18.227767944335938,34.650001525878906,18.227767944335938,0.00040119679761119187,-0.0034401759039610624,0.00032856548205018044,0.0034790406934916973,18.22816914113355,34.646561349974945,18.228096509817988
767,15.15190315246582,34.650001525878906,20.85480499267578,0.00035076975473202765,-0.00344336056150496,0.0003814372466877103,0.003482135245576501,15.152253922220552,34.6465581653174,20.85518642992247
768,11.702946662902832,34.650001525878906,22.96832847595215,0.0002970181521959603,-0.0034497305750846863,0.00043058188748545945,0.0034891634713858366,11.703243681055028,34.64655179530382,22.968759057839634
769,7.965826988220215,34.650001525878906,24.516294479370117,0.00023742154007777572,-0.003452643286436796,0.00047018338227644563,0.0034925902727991343,7.966064409760293,34.64654888259247,24.516764662752394
770,4.0325608253479,34.650001525878906,25.460586547851562,0.00017121227574534714,-0.003442197572439909,0.000489254598505795,0.0034810067154467106,4.032732037623646,34.646559328306466,25.46107580245007
771,0.0,34.650001525878906,25.777957916259766,0.0001024652156047523,-0.003407999873161316,0.00047463286318816245,0.003442417597398162,0.0001024652156047523,34.646593526005745,25.778432549122954
772,-4.0325608253479,34.650001525878906,25.460586547851562,4.081469160155393e-05,-0.003344200784340501,0.0004178646195214242,0.0033704533707350492,-4.032520010656299,34.646657325094566,25.461004412471084
773,-7.965826988220215,34.650001525878906,24.516294479370117,-3.0848525511828484e-06,-0.0032565342262387276,0.0003246016858611256,0.003272673115134239,-7.965830073072766,34.64674499165267,24.51661908105598
774,-11.702946662902832,34.650001525878906,22.96832847595215,-2.8801419830415398e-05,-0.0031694627832621336,0.00022177351638674736,0.003177342936396599,-11.702975464322662,34.646832063095644,22.968550249468535
775,-15.15190315246582,34.650001525878906,20.85480499267578,-5.7442037359578535e-05,-0.003123997012153268,0.0001498542114859447,0.0031281164847314358,-15.15196059450318,34.64687752886675,20.854954846887267
776,-18.227767944335938,34.650001525878906,18.227767944335938,-0.00012046984193148091,-0.003150190692394972,0.00012934942787978798,0.0031551457941532135,-18.22788841417787,34.64685133518651,18.227897293763817
777,-20.85480499267578,34.650001525878906,15.15190315246582,-0.00022361661831382662,-0.0032351838890463114,0.0001373954291921109,0.0032458121422678232,-20.855028609294095,34.64676634198986,15.152040547895012
778,-22.96832847595215,34.650001525878906,11.702946662902832,-0.00033762233215384185,-0.0033358365762978792,0.0001359928137389943,0.003355635330080986,-22.968666098284302,34.64666568930261,11.703082655716571
779,-24.516294479370117,34.650001525878906,7.965826988220215,-0.0004301515582483262,-0.003417693544179201,0.00010853400453925133,0.003446366172283888,-24.516724630928366,34.64658383233473,7.965935522224754
780,-25.460586547851562,34.650001525878906,4.0325608253479,-0.00048665195936337113,-0.003467649919912219,5.955770393484272e-05,0.003502138191834092,-25.461073199810926,34.646533875958994,4.032620383051835
781,-25.777957916259766,34.650001525878906,0.0,-0.0005052268970757723,-0.0034841098822653294,7.024743981154387e-19,0.00352055043913424,-25.77846314315684,34.64651741599664,7.024743981154387e-19
782,-25.460586547851562,34.650001525878906,-4.0325608253479,-0.00048665195936337113,-0.003467649919912219,-5.955770393484272e-05,0.003502138191834092,-25.461073199810926,34.646533875958994,-4.032620383051835
783,-24.516294479370117,34.650001525878906,-7.965826988220215,-0.0004301515582483262,-0.003417693544179201,-0.00010853400453925133,0.003446366172283888,-24.516724630928366,34.64658383233473,-7.965935522224754
784,-22.96832847595215,34.650001525878906,-11.702946662902832,-0.00033762233215384185,-0.0033358365762978792,-0.0001359928137389943,0.003355635330080986,-22.968666098284302,34.64666568930261,-11.703082655716571
785,-20.85480499267578,34.650001525878906,-15.15190315246582,-0.00022361661831382662,-0.0032351838890463114,-0.0001373954291921109,0.0032458121422678232,-20.855028609294095,34.64676634198986,-15.152040547895012
786,-18.227767944335938,34.650001525878906,-18.227767944335938,-0.00012046984193148091,-0.003150190692394972,-0.00012934942787978798,0.0031551457941532135,-18.22788841417787,34.64685133518651,-18.227897293763817
787,-15.15190315246582,34.650001525878906,-20.85480499267578,-5.7442037359578535e-05,-0.003123997012153268,-0.0001498542114859447,0.0031281164847314358,-15.15196059450318,34.64687752886675,-20.854954846887267
788,-11.702946662902832,34.650001525878906,-22.96832847595215,-2.8801419830415398e-05,-0.0031694627832621336,-0.00022177351638674736,0.003177342936396599,-11.702975464322662,34.646832063095644,-22.968550249468535
789,-7.965826988220215,34.650001525878906,-24.516294479370117,-3.0848525511828484e-06,-0.0032565342262387276,-0.0003246016858611256,0.003272673115134239,-7.965830073072766,34.64674499165267,-24.51661908105598
790,-4.0325608253479,34.650001525878906,-25.460586547851562,4.081469160155393e-05,-0.003344200784340501,-0.0004178646195214242,0.0033704533707350492,-4.032520010656299,34.646657325094566,-25.461004412471084
791,-0.0,34.650001525878906,-25.777957916259766,0.0001024652156047523,-0.003407999873161316,-0.00047463286318816245,0.003442417597398162,0.0001024652156047523,34.646593526005745,-25.778432549122954
792,4.0325608253479,34.650001525878906,-25.460586547851562,0.00017121227574534714,-0.003442197572439909,-0.000489254598505795,0.0034810067154467106,4.032732037623646,34.646559328306466,-25.46107580245007
793,7.965826988220215,34.650001525878906,-24.516294479370117,0.00023742154007777572,-0.003452643286436796,-0.00047018338227644563,0.0034925902727991343,7.966064409760293,34.64654888259247,-24.516764662752394
794,11.702946662902832,34.650001525878906,-22.96832847595215,0.0002970181521959603,-0.0034497305750846863,-0.00043058188748545945,0.0034891634713858366,11.703243681055028,34.64655179530382,-22.968759057839634
795,15.15190315246582,34.650001525878906,-20.85480499267578,0.00035076975473202765,-0.00344336056150496,-0.0003814372466877103,0.003482135245576501,15.152253922220552,34.6465581653174,-20.85518642992247
796,18.227767944335938,34.650001525878906,-18.227767944335938,0.00040119679761119187,-0.0034401759039610624,-0.00032856548205018044,0.0034790406934916973,18.22816914113355,34.646561349974945,-18.228096509817988
797,20.85480499267578,34.650001525878906,-15.15190315246582,0.0004495951870921999,-0.003442765213549137,-0.00027296849293634295,0.003482711734250188,20.855254587862873,34.64655876066536,-15.152176120958757
798,22.96832847595215,34.650001525878906,-11.702946662902832,0.000494529667776078,-0.003450233954936266,-0.0002130571228917688,0.003492000512778759,22.968823005619925,34.64655129192397,-11.703159720025724
799,24.516294479370117,34.650001525878906,-7.965826988220215,0.0005320699419826269,-0.0034595290198922157,-0.000147189901326783,0.0035032990854233503,24.5168265493121,34.646541996859014,-7.965974178121542
800,25.460586547851562,34.650001525878906,-4.0325608253479,0.0005572899244725704,-0.0034670084714889526,-7.542725506937131e-05,0.003512322437018156,25.461143837776035,34.64653451740742,-4.03263625260297
801,27.399999618530273,36.5,0.0,0.0006722442922182381,-0.0035795175936073065,-4.819399300990408e-19,0.0036420952528715134,27.40067186282249,36.49642048240639,-4.819399300990408e-19
802,27.062660217285156,36.5,4.286303997039795,0.0006617380422540009,-0.003576351795345545,9.16418430279009e-05,0.003638212103396654,27.06332195532741,36.496423648204654,4.286395638882823
803,26.058948516845703,36.5,8.467065811157227,0.0006319978274405003,-0.003568083280697465,0.00017902116815093905,0.003628042060881853,26.059580514673144,36.4964319167193,8.467244832325378
804,24.4135799407959,36.5,12.439339637756348,0.0005876559298485518,-0.0035579856485128403,0.0002595445839688182,0.0036155174020677805,24.414167596725747,36.49644201435149,12.439599182340316
805,22.16706657409668,36.5,16.105316162109375,0.000534341495949775,-0.0035502107348293066,0.0003330891777295619,0.0036056158132851124,22.16760091559263,36.49644978926517,16.105649251287105
806,19.374725341796875,36.5,19.374725341796875,0.0004764201876241714,-0.003548113163560629,0.00040136490133590996,0.0036023848224431276,19.3752017619845,36.49645188683644,19.37512670669821
807,16.105316162109375,36.5,22.16706657409668,0.00041534690535627306,-0.0035524561535567045,0.00046582837239839137,0.0036068621557205915,16.10573150901473,36.49644754384644,22.167532402469078
808,12.439339637756348,36.5,24.4135799407959,0.00034955242881551385,-0.0035599723923951387,0.000524811097420752,0.0036153860855847597,12.439689190185163,36.496440027607605,24.41410475189332
809,8.467065811157227,36.5,26.058948516845703,0.0002763122320175171,-0.00356285716407001,0.0005711766425520182,0.003618914633989334,8.467342123389244,36.49643714283593,26.059519693488255
810,4.286303997039795,36.5,27.062660217285156,0.00019517175678629428,-0.0035498621873557568,0.0005922404234297574,0.0036042144056409597,4.286499168796581,36.496450137812644,27.063252457708586
811,0.0,36.5,27.399999618530273,0.00011127524339826778,-0.003509610192850232,0.0005735075101256371,0.0035579006653279066,0.00011127524339826778,36.49649038980715,27.4005731260404
812,-4.286303997039795,36.5,27.062660217285156,3.5839391784975305e-05,-0.0034362277947366238,0.0005064382567070425,0.0034735321532934904,-4.28626815764801,36.49656377220526,27.063166655541863
813,-8.467065811157227,36.5,26.058948516845703,-1.9120258002658375e-05,-0.0033367101568728685,0.00039832390029914677,0.003360455622896552,-8.46708493141523,36.49666328984313,26.059346840746002
814,-12.439339637756348,36.5,24.4135799407959,-5.305947343003936e-05,-0.003238252131268382,0.00027945134206674993,0.003250720677897334,-12.439392697229778,36.49676174786873,24.413859392137965
815,-16.105316162109375,36.5,22.16706657409668,-8.965424785856158e-05,-0.003186586545780301,0.00019516446627676487,0.0031938159372657537,-16.105405816357234,36.49681341345422,22.167261738562956
816,-19.374725341796875,36.5,19.374725341796875,-0.0001648811303311959,-0.00321598001755774,0.00016885089280549437,0.0032246278133243322,-19.374890222927206,36.49678401998244,19.37489419268968
817,-22.16706657409668,36.5,16.105316162109375,-0.0002855127095244825,-0.003311964450404048,0.00017443358956370503,0.003328821389004588,-22.167352086806204,36.496688035549596,16.10549059569894
818,-24.4135799407959,36.5,12.439339637756348,-0.00041843755752779543,-0.003425825387239456,0.00016875803703442216,0.003455408615991473,-24.413998378353426,36.49657417461276,12.439508395793382
819,-26.058948516845703,36.5,8.467065811157227,-0.0005272844573482871,-0.0035192063078284264,0.00013326315092854202,0.00356098311021924,-26.05947580130305,36.49648079369217,8.467199074308155
820,-27.062660217285156,36.5,4.286303997039795,-0.0005948062753304839,-0.0035769527312368155,7.28953309589997e-05,0.003626802936196327,-27.063255023560487,36.49642304726876,4.286376892370754
821,-27.399999618530273,36.5,0.0,-0.0006172690773382783,-0.0035961586982011795,6.102067434833643e-19,0.003648750251159072,-27.40061688760761,36.4964038413018,6.102067434833643e-19
822,-27.062660217285156,36.5,-4.286303997039795,-0.0005948062753304839,-0.0035769527312368155,-7.28953309589997e-05,0.003626802936196327,-27.063255023560487,36.49642304726876,-4.286376892370754
823,-26.058948516845703,36.5,-8.467065811157227,-0.0005272844573482871,-0.0035192063078284264,-0.00013326315092854202,0.00356098311021924,-26.05947580130305,36.49648079369217,-8.467199074308155
824,-24.4135799407959,36.5,-12.439339637756348,-0.00041843755752779543,-0.003425825387239456,-0.00016875803703442216,0.003455408615991473,-24.413998378353426,36.49657417461276,-12.439508395793382
825,-22.16706657409668,36.5,-16.105316162109375,-0.0002855127095244825,-0.003311964450404048,-0.00017443358956370503,0.003328821389004588,-22.167352086806204,36.496688035549596,-16.10549059569894
826,-19.374725341796875,36.5,-19.374725341796875,-0.0001648811303311959,-0.00321598001755774,-0.00016885089280549437,0.0032246278133243322,-19.374890222927206,36.49678401998244,-19.37489419268968
827,-16.105316162109375,36.5,-22.16706657409668,-8.965424785856158e-05,-0.003186586545780301,-0.00019516446627676487,0.0031938159372657537,-16.105405816357234,36.49681341345422,-22.167261738562956
828,-12.439339637756348,36.5,-24.4135799407959,-5.305947343003936e-05,-0.003238252131268382,-0.00027945134206674993,0.003250720677897334,-12.439392697229778,36.49676174786873,-24.413859392137965
829,-8.467065811157227,36.5,-26.058948516845703,-1.9120258002658375e-05,-0.0033367101568728685,-0.00039832390029914677,0.003360455622896552,-8.46708493141523,36.49666328984313,-26.059346840746002
830,-4.286303997039795,36.5,-27.062660217285156,3.5839391784975305e-05,-0.0034362277947366238,-0.0005064382567070425,0.0034735321532934904,-4.28626815764801,36.49656377220526,-27.063166655541863
831,-0.0,36.5,-27.399999618530273,0.00011127524339826778,-0.003509610192850232,-0.0005735075101256371,0.0035579006653279066,0.00011127524339826778,36.49649038980715,-27.4005731260404
832,4.286303997039795,36.5,-27.062660217285156,0.00019517175678629428,-0.0035498621873557568,-0.0005922404234297574,0.0036042144056409597,4.286499168796581,36.496450137812644,-27.063252457708586
833,8.467065811157227,36.5,-26.058948516845703,0.0002763122320175171,-0.00356285716407001,-0.0005711766425520182,0.003618914633989334,8.467342123389244,36.49643714283593,-26.059519693488255
834,12.439339637756348,36.5,-24.4135799407959,0.00034955242881551385,-0.0035599723923951387,-0.000524811097420752,0.0036153860855847597,12.439689190185163,36.496440027607605,-24.41410475189332
835,16.105316162109375,36.5,-22.16706657409668,0.00041534690535627306,-0.0035524561535567045,-0.00046582837239839137,0.0036068621557205915,16.10573150901473,36.49644754384644,-22.167532402469078
836,19.374725341796875,36.5,-19.374725341796875,0.0004764201876241714,-0.003548113163560629,-0.00040136490133590996,0.0036023848224431276,19.3752017619845,36.49645188683644,-19.37512670669821
837,22.16706657409668,36.5,-16.105316162109375,0.000534341495949775,-0.0035502107348293066,-0.0003330891777295619,0.0036056158132851124,22.16760091559263,36.49644978926517,-16.105649251287105
838,24.4135799407959,36.5,-12.439339637756348,0.0005876559298485518,-0.0035579856485128403,-0.0002595445839688182,0.0036155174020677805,24.414167596725747,36.49644201435149,-12.439599182340316
839,26.058948516845703,36.5,-8.467065811157227,0.0006319978274405003,-0.003568083280697465,-0.00017902116815093905,0.003628042060881853,26.059580514673144,36.4964319167193,-8.467244832325378
840,27.062660217285156,36.5,-4.286303997039795,0.0006617380422540009,-0.003576351795345545,-9.16418430279009e-05,0.003638212103396654,27.06332195532741,36.496423648204654,-4.286395638882823
