node_label,x,y,z,ux,uy,uz,umag,scale_factor,scaled_x,scaled_y,scaled_z
1,39.29999923706055,0.0,0.0,0.0,0.0,0.0,0.0,3.282121430259851,39.29999923706055,0.0,0.0
2,38.8161506652832,0.0,6.147873878479004,0.0,0.0,0.0,0.0,3.282121430259851,38.8161506652832,0.0,6.147873878479004
3,37.376522064208984,0.0,12.144368171691895,0.0,0.0,0.0,0.0,3.282121430259851,37.376522064208984,0.0,12.144368171691895
4,35.01655578613281,0.0,17.841827392578125,0.0,0.0,0.0,0.0,3.282121430259851,35.01655578613281,0.0,17.841827392578125
5,31.794368743896484,0.0,23.099960327148438,0.0,0.0,0.0,0.0,3.282121430259851,31.794368743896484,0.0,23.099960327148438
6,27.789297103881836,0.0,27.789297103881836,0.0,0.0,0.0,0.0,3.282121430259851,27.789297103881836,0.0,27.789297103881836
7,23.099960327148438,0.0,31.794368743896484,0.0,0.0,0.0,0.0,3.282121430259851,23.099960327148438,0.0,31.794368743896484
8,17.841827392578125,0.0,35.01655578613281,0.0,0.0,0.0,0.0,3.282121430259851,17.841827392578125,0.0,35.01655578613281
9,12.144368171691895,0.0,37.376522064208984,0.0,0.0,0.0,0.0,3.282121430259851,12.144368171691895,0.0,37.376522064208984
10,6.147873878479004,0.0,38.8161506652832,0.0,0.0,0.0,0.0,3.282121430259851,6.147873878479004,0.0,38.8161506652832
11,0.0,0.0,39.29999923706055,0.0,0.0,0.0,0.0,3.282121430259851,0.0,0.0,39.29999923706055
12,-6.147873878479004,0.0,38.8161506652832,0.0,0.0,0.0,0.0,3.282121430259851,-6.147873878479004,0.0,38.8161506652832
13,-12.144368171691895,0.0,37.376522064208984,0.0,0.0,0.0,0.0,3.282121430259851,-12.144368171691895,0.0,37.376522064208984
14,-17.841827392578125,0.0,35.01655578613281,0.0,0.0,0.0,0.0,3.282121430259851,-17.841827392578125,0.0,35.01655578613281
15,-23.099960327148438,0.0,31.794368743896484,0.0,0.0,0.0,0.0,3.282121430259851,-23.099960327148438,0.0,31.794368743896484
16,-27.789297103881836,0.0,27.789297103881836,0.0,0.0,0.0,0.0,3.282121430259851,-27.789297103881836,0.0,27.789297103881836
17,-31.794368743896484,0.0,23.099960327148438,0.0,0.0,0.0,0.0,3.282121430259851,-31.794368743896484,0.0,23.099960327148438
18,-35.01655578613281,0.0,17.841827392578125,0.0,0.0,0.0,0.0,3.282121430259851,-35.01655578613281,0.0,17.841827392578125
19,-37.376522064208984,0.0,12.144368171691895,0.0,0.0,0.0,0.0,3.282121430259851,-37.376522064208984,0.0,12.144368171691895
20,-38.8161506652832,0.0,6.147873878479004,0.0,0.0,0.0,0.0,3.282121430259851,-38.8161506652832,0.0,6.147873878479004
21,-39.29999923706055,0.0,0.0,0.0,0.0,0.0,0.0,3.282121430259851,-39.29999923706055,0.0,0.0
22,-38.8161506652832,0.0,-6.147873878479004,0.0,0.0,0.0,0.0,3.282121430259851,-38.8161506652832,0.0,-6.147873878479004
23,-37.376522064208984,0.0,-12.144368171691895,0.0,0.0,0.0,0.0,3.282121430259851,-37.376522064208984,0.0,-12.144368171691895
24,-35.01655578613281,0.0,-17.841827392578125,0.0,0.0,0.0,0.0,3.282121430259851,-35.01655578613281,0.0,-17.841827392578125
25,-31.794368743896484,0.0,-23.099960327148438,0.0,0.0,0.0,0.0,3.282121430259851,-31.794368743896484,0.0,-23.099960327148438
26,-27.789297103881836,0.0,-27.789297103881836,0.0,0.0,0.0,0.0,3.282121430259851,-27.789297103881836,0.0,-27.789297103881836
27,-23.099960327148438,0.0,-31.794368743896484,0.0,0.0,0.0,0.0,3.282121430259851,-23.099960327148438,0.0,-31.794368743896484
28,-17.841827392578125,0.0,-35.01655578613281,0.0,0.0,0.0,0.0,3.282121430259851,-17.841827392578125,0.0,-35.01655578613281
29,-12.144368171691895,0.0,-37.376522064208984,0.0,0.0,0.0,0.0,3.282121430259851,-12.144368171691895,0.0,-37.376522064208984
30,-6.147873878479004,0.0,-38.8161506652832,0.0,0.0,0.0,0.0,3.282121430259851,-6.147873878479004,0.0,-38.8161506652832
31,-0.0,0.0,-39.29999923706055,0.0,0.0,0.0,0.0,3.282121430259851,0.0,0.0,-39.29999923706055
32,6.147873878479004,0.0,-38.8161506652832,0.0,0.0,0.0,0.0,3.282121430259851,6.147873878479004,0.0,-38.8161506652832
33,12.144368171691895,0.0,-37.376522064208984,0.0,0.0,0.0,0.0,3.282121430259851,12.144368171691895,0.0,-37.376522064208984
34,17.841827392578125,0.0,-35.01655578613281,0.0,0.0,0.0,0.0,3.282121430259851,17.841827392578125,0.0,-35.01655578613281
35,23.099960327148438,0.0,-31.794368743896484,0.0,0.0,0.0,0.0,3.282121430259851,23.099960327148438,0.0,-31.794368743896484
36,27.789297103881836,0.0,-27.789297103881836,0.0,0.0,0.0,0.0,3.282121430259851,27.789297103881836,0.0,-27.789297103881836
37,31.794368743896484,0.0,-23.099960327148438,0.0,0.0,0.0,0.0,3.282121430259851,31.794368743896484,0.0,-23.099960327148438
38,35.01655578613281,0.0,-17.841827392578125,0.0,0.0,0.0,0.0,3.282121430259851,35.01655578613281,0.0,-17.841827392578125
39,37.376522064208984,0.0,-12.144368171691895,0.0,0.0,0.0,0.0,3.282121430259851,37.376522064208984,0.0,-12.144368171691895
40,38.8161506652832,0.0,-6.147873878479004,0.0,0.0,0.0,0.0,3.282121430259851,38.8161506652832,0.0,-6.147873878479004
41,37.119998931884766,1.0031499862670898,0.0,-2.182315439469562e-09,-4.408534426403321e-09,-0.015104541555047035,0.015104541555047035,3.282121430259851,37.11999892472214,1.0031499717977446,-0.04957493953207033
42,36.66299057006836,1.0031499862670898,5.806847095489502,-0.11564871668815613,-0.2386937141418457,-0.025358032435178757,0.2664438784122467,3.282121430259851,36.283417438644115,0.21972823181381917,5.7236189538047775
43,35.303218841552734,1.0031499862670898,11.470710754394531,-0.10547170042991638,-0.21842403709888458,-0.025175541639328003,0.24385887384414673,3.282121430259851,34.957047913285756,0.28625577322096807,11.388081569661693
44,33.074161529541016,1.0031499862670898,16.852127075195312,0.009822259657084942,0.037275779992341995,0.021640527993440628,0.04420715942978859,3.282121430259851,33.10639937845511,1.1254936226096068,16.923153915884722
45,30.030710220336914,1.0031499862670898,21.818588256835938,0.09746526926755905,0.25054627656936646,0.07698392122983932,0.27964162826538086,3.282121430259851,30.35060306930602,1.825473289867219,22.07125883448983
46,26.247804641723633,1.0031499862670898,26.247804641723633,0.07444948703050613,0.19248104095458984,0.06015853211283684,0.2149668037891388,3.282121430259851,26.49215689857831,1.6348961357028733,26.44525224918415
47,21.818588256835938,1.0031499862670898,30.030710220336914,-0.009686511009931564,-0.07227501273155212,-0.03743547201156616,0.08196902275085449,3.282121430259851,21.786795951465795,0.7659346181085591,29.90784245539586
48,16.852127075195312,1.0031499862670898,33.074161529541016,-0.055605217814445496,-0.25866714119911194,-0.11547015607357025,0.28867626190185547,3.282121430259851,16.669623998172256,0.1541730188334337,32.6951744557365
49,11.470710754394531,1.0031499862670898,35.303218841552734,-0.03634323179721832,-0.16615848243236542,-0.07451727241277695,0.18569409847259521,3.282121430259851,11.35142785446798,0.4577976702563683,35.05864410484225
50,5.806847095489502,1.0031499862670898,36.66299057006836,-0.004886331968009472,0.10787494480609894,0.05508274957537651,0.12122289091348648,3.282121430259851,5.790809560621934,1.3572086544032858,36.84377884288734
51,0.0,1.0031499862670898,37.119998931884766,-0.0006342412671074271,0.2685316503047943,0.13299374282360077,0.29966145753860474,3.282121430259851,-0.002081656854728449,1.8845034704354995,37.55650054529657
52,-5.806847095489502,1.0031499862670898,36.66299057006836,0.0023099195677787066,0.13717404007911682,0.0689246878027916,0.1535339206457138,3.282121430259851,-5.799265658973919,1.453371842886083,36.889209764979874
53,-11.470710754394531,1.0031499862670898,35.303218841552734,0.03480067104101181,-0.14884990453720093,-0.06641771644353867,0.16666941344738007,3.282121430259851,-11.356490726183402,0.5146065246934097,35.08522783106447
54,-16.852127075195312,1.0031499862670898,33.074161529541016,0.060323286801576614,-0.2755959928035736,-0.12242096662521362,0.30753690004348755,3.282121430259851,-16.65413872284015,0.09861047219274122,32.67236105146728
55,-21.818588256835938,1.0031499862670898,30.030710220336914,0.016626670956611633,-0.09754588454961777,-0.04740157350897789,0.10972034931182861,3.282121430259851,-21.764017503775364,0.682992548153136,29.87513250009506
56,-26.247804641723633,1.0031499862670898,26.247804641723633,-0.07508187741041183,0.1915571540594101,0.059270408004522324,0.21411308646202087,3.282121430259851,-26.494232480596487,1.6318638267250676,26.44233731801552
57,-30.030710220336914,1.0031499862670898,21.818588256835938,-0.1054391860961914,0.26968908309936523,0.08207453787326813,0.30097484588623047,3.282121430259851,-30.37677443261238,1.8883023054146464,22.087966856468466
58,-33.074161529541016,1.0031499862670898,16.852127075195312,-0.014621094800531864,0.04894368723034859,0.024489913135766983,0.05664818733930588,3.282121430259851,-33.1221497381197,1.1637891110017524,16.932505943923417
59,-35.303218841552734,1.0031499862670898,11.470710754394531,0.10927530378103256,-0.22583051025867462,-0.025829507037997246,0.25220561027526855,3.282121430259851,-34.94456402521485,0.26194682894057675,11.385935175812072
60,-36.66299057006836,1.0031499862670898,5.806847095489502,0.12182538211345673,-0.25122612714767456,-0.026289690285921097,0.28044095635414124,3.282121430259851,-36.26314487268419,0.17859533051452103,5.720561139607186
61,-37.119998931884766,1.0031499862670898,0.0,-2.2898825058348393e-09,4.622068061621576e-09,-0.015391064807772636,0.015391064807772636,3.282121430259851,-37.11999893940044,1.0031500014372785,-0.05051534364010878
62,-36.66299057006836,1.0031499862670898,-5.806847095489502,-0.12182538211345673,0.25122615694999695,-0.026289690285921097,0.2804409861564636,3.282121430259851,-37.06283626745253,1.8277047398344997,-5.893133051371818
63,-35.303218841552734,1.0031499862670898,-11.470710754394531,-0.10927530378103256,0.22583049535751343,-0.025829505175352097,0.25220561027526855,3.282121430259851,-35.66187365789062,1.7443530946861825,-11.555486326863562
64,-33.074161529541016,1.0031499862670898,-16.852127075195312,0.014621098525822163,-0.048943694680929184,0.024489914998412132,0.056648191064596176,3.282121430259851,-33.02617330873547,0.8425108370787171,-16.77174820035378
65,-30.030710220336914,1.0031499862670898,-21.818588256835938,0.1054391860961914,-0.26968908309936523,0.08207453787326813,0.30097484588623047,3.282121430259851,-29.68464600806145,0.11799766711953341,-21.54920965720341
66,-26.247804641723633,1.0031499862670898,-26.247804641723633,0.07508187741041183,-0.1915571391582489,0.059270408004522324,0.21411307156085968,3.282121430259851,-26.00137680285078,0.37443619471653267,-26.053271965431744
67,-21.818588256835938,1.0031499862670898,-30.030710220336914,-0.016626674681901932,0.09754589200019836,-0.04740157723426819,0.10972035676240921,3.282121430259851,-21.873159022123367,1.3233074488347538,-30.186287952805625
68,-16.852127075195312,1.0031499862670898,-33.074161529541016,-0.060323286801576614,0.2755959928035736,-0.12242096662521362,0.30753690004348755,3.282121430259851,-17.050115427550477,1.9076895003414385,-33.475962007614754
69,-11.470710754394531,1.0031499862670898,-35.303218841552734,-0.03480066731572151,0.14884990453720093,-0.06641770899295807,0.16666941344738007,3.282121430259851,-11.584930770378804,1.49169344784077,-35.521209827587285
70,-5.806847095489502,1.0031499862670898,-36.66299057006836,-0.0023099188692867756,-0.13717405498027802,0.0689246878027916,0.153533935546875,3.282121430259851,-5.81442852971255,0.5529280807406763,-36.436771375156844
71,-0.0,1.0031499862670898,-37.119998931884766,0.0006342417327687144,-0.2685316205024719,0.13299374282360077,0.29966142773628235,3.282121430259851,0.002081658383085339,0.12179659991352121,-36.68349731847296
72,5.806847095489502,1.0031499862670898,-36.66299057006836,0.0048863328993320465,-0.10787493735551834,0.05508274585008621,0.12122288346290588,3.282121430259851,5.822884633413784,0.6490913425846041,-36.482202309476236
73,11.470710754394531,1.0031499862670898,-35.303218841552734,0.03634323179721832,0.1661584973335266,-0.07451727241277695,0.18569409847259521,3.282121430259851,11.589993654321082,1.5485023511852318,-35.54779357826322
74,16.852127075195312,1.0031499862670898,-33.074161529541016,0.055605217814445496,0.25866714119911194,-0.11547015607357025,0.28867626190185547,3.282121430259851,17.03463015221837,1.852126953700746,-33.45314860334553
75,21.818588256835938,1.0031499862670898,-30.030710220336914,0.00968650821596384,0.07227500528097153,-0.037435468286275864,0.0819690153002739,3.282121430259851,21.85038055303594,1.2403653299719104,-30.153577973051114
76,26.247804641723633,1.0031499862670898,-26.247804641723633,-0.07444948703050613,-0.19248104095458984,0.06015853211283684,0.2149668037891388,3.282121430259851,26.003452384868957,0.3714038368313065,-26.050357034263115
77,30.030710220336914,1.0031499862670898,-21.818588256835938,-0.09746526926755905,-0.25054624676704407,0.07698392122983932,0.27964159846305847,3.282121430259851,29.71081737136781,0.18082678048180156,-21.565917679182046
78,33.074161529541016,1.0031499862670898,-16.852127075195312,-0.009822255931794643,-0.0372757725417614,0.02164052613079548,0.04420715197920799,3.282121430259851,33.04192369285378,0.880806374378283,-16.78110024061933
79,35.303218841552734,1.0031499862670898,-11.470710754394531,0.10547170788049698,0.21842403709888458,-0.025175541639328003,0.24385887384414673,3.282121430259851,35.64938979427342,1.7200441993132116,-11.553339939127369
80,36.66299057006836,1.0031499862670898,-5.806847095489502,0.11564870923757553,0.2386937141418457,-0.025358032435178757,0.2664438784122467,3.282121430259851,37.0425636770389,1.7865717407203605,-5.890075237174226
81,34.939998626708984,2.006300926208496,0.0,-6.288610521210103e-09,-1.3063060855245112e-08,-0.027781976386904716,0.027781976386904716,3.282121430259851,34.939998606069004,2.006300883333944,-0.09118382007443311
82,34.509830474853516,2.006300926208496,5.465819835662842,-0.3343825042247772,-0.707313597202301,-0.06590086221694946,0.7851414680480957,3.282121430259851,33.41234649183342,-0.3151881890833601,5.24952520350799
83,33.229915618896484,2.006300926208496,10.797054290771484,-0.30117934942245483,-0.6471928358078003,-0.08110974729061127,0.7184332609176636,3.282121430259851,32.241408421805325,-0.11786454970693017,10.530842250986009
84,31.13176727294922,2.006300926208496,15.862427711486816,0.035216059535741806,0.11045622080564499,0.048537660390138626,0.1256847381591797,3.282121430259851,31.247350656640783,2.3688316556202174,16.021734206827965
85,28.267053604125977,2.006300926208496,20.537216186523438,0.28370401263237,0.7418723702430725,0.2174091339111328,0.8234860897064209,3.282121430259851,29.19820462383739,4.441216131100955,21.2507793640674
86,24.706310272216797,2.006300926208496,24.706310272216797,0.20674751698970795,0.5689448118209839,0.18038199841976166,0.6316489577293396,3.282121430259851,25.38488072838173,3.8736468857213056,25.298345894863395
87,20.537216186523438,2.006300926208496,28.267053604125977,-0.04006151854991913,-0.21522226929664612,-0.09943168610334396,0.24044169485569,3.282121430259851,20.405729417961997,1.299915303880817,27.94070673631932
88,15.862427711486816,2.006300926208496,31.13176727294922,-0.1626344919204712,-0.7647789716720581,-0.33059412240982056,0.8488988876342773,3.282121430259851,15.328641560255216,-0.5037965261284572,30.046717219069997
89,10.797054290771484,2.006300926208496,33.229915618896484,-0.09279368817806244,-0.48797065019607544,-0.21664606034755707,0.5419054627418518,3.282121430259851,10.492494138209416,0.4047219978621235,32.5188569414484
90,5.465819835662842,2.006300926208496,34.509830474853516,-3.626171746873297e-05,0.32195934653282166,0.15738900005817413,0.3583700954914093,3.282121430259851,5.46570082030284,3.0630105971363277,35.02640028483162
91,0.0,2.006300926208496,34.939998626708984,-0.0010000766487792134,0.7916178703308105,0.3813347816467285,0.8786786198616028,3.282121430259851,-0.0032823730008607107,4.604486902997913,36.19158568565517
92,-5.465819835662842,2.006300926208496,34.509830474853516,-0.006251787766814232,0.3995923697948456,0.19353412091732025,0.44403672218322754,3.282121430259851,-5.486338962269739,3.317811606480478,35.145032960602755
93,-10.797054290771484,2.006300926208496,33.229915618896484,0.08777923136949539,-0.4418841004371643,-0.19565799832344055,0.49117085337638855,3.282121430259851,-10.508952194361926,0.5559836504725828,32.587742309597374
94,-15.862427711486816,2.006300926208496,31.13176727294922,0.1739109456539154,-0.8095707893371582,-0.3490559756755829,0.8986044526100159,3.282121430259851,-15.291630869799345,-0.6508087107873739,29.986123174824126
95,-20.537216186523438,2.006300926208496,28.267053604125977,0.058610789477825165,-0.2834528684616089,-0.12580977380275726,0.3156087100505829,3.282121430259851,-20.344848458333818,1.075974192162023,27.854130649391802
96,-24.706310272216797,2.006300926208496,24.706310272216797,-0.20680804550647736,0.5640912055969238,0.17784558236598969,0.6265760064125061,3.282121430259851,-25.38507939032376,3.857716760719275,25.290021069377254
97,-28.267053604125977,2.006300926208496,20.537216186523438,-0.3036263585090637,0.7914568781852722,0.2307426929473877,0.8785414695739746,3.282121430259851,-29.263592182180336,4.603958507226938,21.294541723921927
98,-31.13176727294922,2.006300926208496,15.862427711486816,-0.048620861023664474,0.1431574523448944,0.0561116486787796,0.1612655073404312,3.282121430259851,-31.291346842872674,2.4761610684510775,16.04659295610265
99,-33.229915618896484,2.006300926208496,10.797054290771484,0.3091857433319092,-0.6631219983100891,-0.08269772678613663,0.7363188862800598,3.282121430259851,-32.215130464776,-0.17014599532178387,10.52563030945293
100,-34.509830474853516,2.006300926208496,5.465819835662842,0.3490282893180847,-0.7375786900520325,-0.06815577298402786,0.8188334703445435,3.282121430259851,-33.364277246715695,-0.41452189891426805,5.242124312556038
101,-34.939998626708984,2.006300926208496,0.0,-6.5362502077448426e-09,1.35629933950554e-08,-0.028300803154706955,0.028300803154706955,3.282121430259851,-34.939998648161755,2.0063009707238875,-0.09288667252762929
102,-34.509830474853516,2.006300926208496,-5.465819835662842,-0.3490282893180847,0.7375786900520325,-0.06815577298402786,0.8188334703445435,3.282121430259851,-35.65538370299134,4.42712375133126,-5.689515358769645
103,-33.229915618896484,2.006300926208496,-10.797054290771484,-0.3091857433319092,0.6631219983100891,-0.08269771933555603,0.7363188862800598,3.282121430259851,-34.244700773016966,4.182747847738776,-11.068478247636328
104,-31.13176727294922,2.006300926208496,-15.862427711486816,0.04862087219953537,-0.1431574821472168,0.0561116561293602,0.1612655371427536,3.282121430259851,-30.9721876663452,1.5364406861510738,-15.678262442417271
105,-28.267053604125977,2.006300926208496,-20.537216186523438,0.3036263585090637,-0.7914568781852722,0.2307426929473877,0.8785414695739746,3.282121430259851,-27.270515026071617,-0.591356654809946,-19.779890649124948
106,-24.706310272216797,2.006300926208496,-24.706310272216797,0.20680804550647736,-0.564091145992279,0.17784558236598969,0.6265760064125061,3.282121430259851,-24.027541154109834,0.1548852873273987,-24.12259947505634
107,-20.537216186523438,2.006300926208496,-28.267053604125977,-0.05861079692840576,0.2834528982639313,-0.12580978870391846,0.3156087398529053,3.282121430259851,-20.729583939166766,2.93662775806981,-28.67997660776757
108,-15.862427711486816,2.006300926208496,-31.13176727294922,-0.1739109456539154,0.8095707893371582,-0.3490559756755829,0.8986044526100159,3.282121430259851,-16.433224553174288,4.663410563204366,-32.27741137107431
109,-10.797054290771484,2.006300926208496,-33.229915618896484,-0.0877792239189148,0.4418840706348419,-0.19565798342227936,0.49117082357406616,3.282121430259851,-11.085156362727332,3.4566181041295687,-33.87208887928817
110,-5.465819835662842,2.006300926208496,-34.509830474853516,0.006251789629459381,-0.39959239959716797,0.19353412091732025,0.4440367519855499,3.282121430259851,-5.445300702942517,0.6947901481216734,-33.874627989104276
111,-0.0,2.006300926208496,-34.939998626708984,0.0010000774636864662,-0.7916178703308105,0.3813347816467285,0.8786786198616028,3.282121430259851,0.0032823756754852686,-0.5918850505809212,-33.6884115677628
112,5.465819835662842,2.006300926208496,-34.509830474853516,3.6263860238250345e-05,-0.32195931673049927,0.15738900005817413,0.3583700656890869,3.282121430259851,5.465938858055674,0.9495913530955056,-33.993260664875415
113,10.797054290771484,2.006300926208496,-33.229915618896484,0.09279369562864304,0.4879706799983978,-0.21664606034755707,0.5419055223464966,3.282121430259851,11.101614467787263,3.60787995236971,-33.94097429634457
114,15.862427711486816,2.006300926208496,-31.13176727294922,0.1626344919204712,0.7647789716720581,-0.33059412240982056,0.8488988876342773,3.282121430259851,16.39621386271842,4.51639837854545,-32.21681732682844
115,20.537216186523438,2.006300926208496,-28.267053604125977,0.04006151109933853,0.21522223949432373,-0.09943167865276337,0.2404416799545288,3.282121430259851,20.66870293063117,2.712686450721334,-28.59340044747892
116,24.706310272216797,2.006300926208496,-24.706310272216797,-0.20674753189086914,-0.5689448118209839,0.18038199841976166,0.6316489577293396,3.282121430259851,24.027739767144443,0.13895496669568663,-24.1142746495702
117,28.267053604125977,2.006300926208496,-20.537216186523438,-0.28370401263237,-0.7418723702430725,0.2174091339111328,0.8234860897064209,3.282121430259851,27.335902584414562,-0.4286142786839626,-19.823653008979473
118,31.13176727294922,2.006300926208496,-15.862427711486816,-0.03521604835987091,-0.1104561984539032,0.04853765293955803,0.1256847083568573,3.282121430259851,31.01618392593822,1.6437702701579053,-15.703121240599378
119,33.229915618896484,2.006300926208496,-10.797054290771484,0.30117934942245483,0.6471928358078003,-0.08110974729061127,0.7184332609176636,3.282121430259851,34.218422815987644,4.130466402123922,-11.06326633055696
120,34.509830474853516,2.006300926208496,-5.465819835662842,0.3343825042247772,0.707313597202301,-0.06590086221694946,0.7851414680480957,3.282121430259851,35.60731445787361,4.327790041500352,-5.682114467817693
121,32.834999084472656,3.006300926208496,0.0,-7.930879952766645e-09,-1.6321267892749347e-08,-0.03462093323469162,0.03462093323469162,3.282121430259851,32.83499905844255,3.006300872640113,-0.11363010690517687
122,32.430747985839844,3.006300926208496,5.136526107788086,-0.4216879904270172,-0.8835870623588562,-0.08289812505245209,0.9825573563575745,3.282121430259851,31.04671679557612,0.10626089334014699,4.864444395025072
123,31.227941513061523,3.006300926208496,10.146573066711426,-0.3798488676548004,-0.8088119029998779,-0.10251393914222717,0.899428129196167,3.282121430259851,29.981231404271764,0.351682046323345,9.810109870152369
124,29.25619888305664,3.006300926208496,14.906778335571289,0.04436580836772919,0.13736902177333832,0.06072927638888359,0.15660975873470306,3.282121430259851,29.401812853471167,3.457162736424602,15.106099195051417
125,26.56407356262207,3.006300926208496,19.299928665161133,0.3575156331062317,0.9258149266242981,0.27372074127197266,1.0295016765594482,3.282121430259851,27.737483283692953,6.044937937336556,20.198313375996488
126,23.217851638793945,3.006300926208496,23.217851638793945,0.2599681615829468,0.7090126872062683,0.22697597742080688,0.7885432839393616,3.282121430259851,24.07109871311059,5.333366661214313,23.96281435844095
127,19.299928665161133,3.006300926208496,26.56407356262207,-0.05123339593410492,-0.27013346552848816,-0.1256858855485916,0.30231422185897827,3.282121430259851,19.13177443842082,2.1196900899670843,26.15155722418185
128,14.906778335571289,3.006300926208496,29.25619888305664,-0.20472170412540436,-0.9526500701904297,-0.41562196612358093,1.0593369007110596,3.282121430259851,14.234856843221984,-0.12041228470206455,27.8920771211557
129,10.146573066711426,3.006300926208496,31.227941513061523,-0.11581968516111374,-0.6025393605232239,-0.26999691128730774,0.6703478097915649,3.282121430259851,9.766438795998186,1.0286935784601565,30.34177886442148
130,5.136526107788086,3.006300926208496,32.430747985839844,0.0006726620486006141,0.40605223178863525,0.20029222965240479,0.4527646601200104,3.282121430259851,5.13873386631312,4.339013657966817,33.088131405096526
131,0.0,3.006300926208496,32.834999084472656,-0.0009804867440834641,0.9822310209274292,0.4777120053768158,1.0922396183013916,3.282121430259851,-0.0032180765548420437,6.230102409460423,34.402907894812316
132,-5.136526107788086,3.006300926208496,32.430747985839844,-0.007184805814176798,0.4876861572265625,0.23855134844779968,0.5429513454437256,3.282121430259851,-5.160107512923052,4.606946114082872,33.21370247879775
133,-10.146573066711426,3.006300926208496,31.227941513061523,0.11054517328739166,-0.5536613464355469,-0.24769173562526703,0.6165324449539185,3.282121430259851,-9.78375038445309,1.1891171559658642,30.41498715946758
134,-14.906778335571289,3.006300926208496,29.25619888305664,0.21667851507663727,-1.0,-0.43545570969581604,1.112012267112732,3.282121430259851,-14.195613137761375,-0.27582050405135483,27.82698036633499
135,-19.299928665161133,3.006300926208496,26.56407356262207,0.07148782908916473,-0.34486711025238037,-0.1548929214477539,0.3847540020942688,3.282121430259851,-19.065296929304832,1.8744051930573717,26.055696185742843
136,-23.217851638793945,3.006300926208496,23.217851638793945,-0.2587590515613556,0.69928377866745,0.22274959087371826,0.7781846523284912,3.282121430259851,-24.067130267197186,5.3014352020060205,23.94894284458219
137,-26.56407356262207,3.006300926208496,19.299928665161133,-0.3781181573867798,0.9763804078102112,0.28754881024360657,1.0858067274093628,3.282121430259851,-27.805103270151587,6.2108999867682435,20.243698777507397
138,-29.25619888305664,3.006300926208496,14.906778335571289,-0.06012166664004326,0.17577272653579712,0.06981080025434494,0.19845455884933472,3.282121430259851,-29.453525493558864,3.58320835882684,15.135905859149664
139,-31.227941513061523,3.006300926208496,10.146573066711426,0.3854070007801056,-0.8185659646987915,-0.1030726507306099,0.9106112718582153,3.282121430259851,-29.962988936428964,0.3196680313892637,9.808276110874802
140,-32.430747985839844,3.006300926208496,5.136526107788086,0.4349440038204193,-0.9102782607078552,-0.08500520884990692,1.0124270915985107,3.282121430259851,-31.00320894993782,0.0186571392395809,4.857528690138092
141,-32.834999084472656,3.006300926208496,0.0,-8.138266949231365e-09,1.6723221918368836e-08,-0.035376861691474915,0.035376861691474915,3.282121430259851,-32.834999111183436,3.006300981096141,-0.11611115589292857
142,-32.430747985839844,3.006300926208496,-5.136526107788086,-0.4349440336227417,0.9102782607078552,-0.08500520884990692,1.0124270915985107,3.282121430259851,-33.85828711955671,5.993944713177411,-5.41552352543808
143,-31.227941513061523,3.006300926208496,-10.146573066711426,-0.3854069709777832,0.8185659646987915,-0.1030726432800293,0.9106112122535706,3.282121430259851,-32.49289399187924,5.6929338210277285,-10.48486999809434
144,-29.25619888305664,3.006300926208496,-14.906778335571289,0.06012168154120445,-0.1757727563381195,0.06981080770492554,0.1984546035528183,3.282121430259851,-29.058872223646997,2.429393395775311,-14.677650787539203
145,-26.56407356262207,3.006300926208496,-19.299928665161133,0.3781181573867798,-0.9763804078102112,0.28754881024360657,1.0858067274093628,3.282121430259851,-25.323043855092553,-0.19829813435125088,-18.35615855281487
146,-23.217851638793945,3.006300926208496,-23.217851638793945,0.2587590515613556,-0.69928377866745,0.22274957597255707,0.7781846523284912,3.282121430259851,-22.368573010390705,0.7111666504109722,-22.48676048191312
147,-19.299928665161133,3.006300926208496,-26.56407356262207,-0.07148783653974533,0.34486714005470276,-0.1548929363489151,0.3847540318965912,3.282121430259851,-19.534560425471145,4.138196757174462,-27.07245098840872
148,-14.906778335571289,3.006300926208496,-29.25619888305664,-0.21667852997779846,1.0,-0.43545570969581604,1.112012267112732,3.282121430259851,-15.617943582288623,6.288422356468347,-30.68541739977829
149,-10.146573066711426,3.006300926208496,-31.227941513061523,-0.11054516583681107,0.5536612868309021,-0.24769172072410583,0.6165324449539185,3.282121430259851,-10.509395724516052,4.823484500821446,-32.04089581774805
150,-5.136526107788086,3.006300926208496,-32.430747985839844,0.007184808142483234,-0.4876861870288849,0.23855134844779968,0.5429513454437256,3.282121430259851,-5.112944695011336,1.4056556405192793,-31.647793492881934
151,-0.0,3.006300926208496,-32.834999084472656,0.0009804879082366824,-0.9822310209274292,0.4777120053768158,1.0922396183013916,3.282121430259851,0.0032180803757342696,-0.2175005570434312,-31.267090274133
152,5.136526107788086,3.006300926208496,-32.430747985839844,-0.000672659371048212,-0.40605220198631287,0.2002922147512436,0.452764630317688,3.282121430259851,5.134318358051104,1.673588292265017,-31.77336461549058
153,10.146573066711426,3.006300926208496,-31.227941513061523,0.11581969261169434,0.6025393605232239,-0.2699969410896301,0.6703478693962097,3.282121430259851,10.526707361878376,4.9839082739568354,-32.1141042595164
154,14.906778335571289,3.006300926208496,-29.25619888305664,0.20472170412540436,0.9526500701904297,-0.41562196612358093,1.0593369007110596,3.282121430259851,15.578699827920595,6.133014137119057,-30.62032064495758
155,19.299928665161133,3.006300926208496,-26.56407356262207,0.05123338848352432,0.27013343572616577,-0.12568587064743042,0.3023141920566559,3.282121430259851,19.468082867447738,3.8929116646350668,-26.97658985215487
156,23.217851638793945,3.006300926208496,-23.217851638793945,-0.2599681615829468,-0.7090126872062683,0.22697599232196808,0.7885432839393616,3.282121430259851,22.3646045644773,0.6792351912026784,-22.47288887023952
157,26.56407356262207,3.006300926208496,-19.299928665161133,-0.3575156331062317,-0.9258148670196533,0.27372074127197266,1.0295016765594482,3.282121430259851,25.390663841551188,-0.03233588928988196,-18.401543954325778
158,29.25619888305664,3.006300926208496,-14.906778335571289,-0.04436579346656799,-0.13736899197101593,0.060729268938302994,0.15660972893238068,3.282121430259851,29.110584961549534,2.5554392138072313,-14.707457500544871
159,31.227941513061523,3.006300926208496,-10.146573066711426,0.3798488676548004,0.8088119626045227,-0.10251394659280777,0.8994281888008118,3.282121430259851,32.47465162185128,5.66092000172333,-10.483036287724193
160,32.430747985839844,3.006300926208496,-5.136526107788086,0.4216879606246948,0.8835870623588562,-0.08289812505245209,0.9825573563575745,3.282121430259851,33.81477907828873,5.906340959076845,-5.4086078205511
161,30.729999542236328,4.006300926208496,0.0,-4.910167827887335e-09,-9.895797070669232e-09,-0.045315708965063095,0.045315708965063095,3.282121430259851,30.72999952612056,4.006300893729288,-0.14873165952165204
162,30.35166358947754,4.006300926208496,4.8072309494018555,-0.2594318091869354,-0.535686731338501,-0.06208512559533119,0.5984310507774353,3.282121430259851,29.500176888854014,2.2481120253765505,4.603460028185045
163,29.225967407226562,4.006300926208496,9.496091842651367,-0.23955492675304413,-0.4906984567642212,-0.05031072720885277,0.5483636260032654,3.282121430259851,28.43971904840607,2.3957690054672085,9.330965926707234
164,27.380630493164062,4.006300926208496,13.951128005981445,0.016755256801843643,0.08262845128774643,0.05839105695486069,0.10255591571331024,3.282121430259851,27.435623280582902,4.277497536929191,14.142774545348518
165,24.86109161376953,4.006300926208496,18.062641143798828,0.2166461944580078,0.5602938532829285,0.1753288209438324,0.6257835030555725,3.282121430259851,25.5721507313844,5.845253389311265,18.638091624360772
166,21.72939109802246,4.006300926208496,21.72939109802246,0.1717742681503296,0.42799338698387146,0.12825201451778412,0.47867870330810547,3.282121430259851,22.29317510468586,5.411027193637758,22.150329783345278
167,18.062641143798828,4.006300926208496,24.86109161376953,-0.014315018430352211,-0.16542674601078033,-0.09178756922483444,0.1897258162498474,3.282121430259851,18.015657515034004,3.4633502579883606,24.55983366578524
168,13.951128005981445,4.006300926208496,27.380630493164062,-0.12273963540792465,-0.5753208994865417,-0.2583492696285248,0.6424978375434875,3.282121430259851,13.548281618266815,2.118027872727344,26.532696818824302
169,9.496091842651367,4.006300926208496,29.225967407226562,-0.08835196495056152,-0.35806483030319214,-0.15800385177135468,0.4012252390384674,3.282121430259851,9.206109965081563,2.8310886732480323,28.7073795792642
170,4.8072309494018555,4.006300926208496,30.35166358947754,-0.020021948963403702,0.25156646966934204,0.1301708072423935,0.28395599126815796,3.282121430259851,4.741516481633499,4.831972627445058,30.778899985522024
171,0.0,4.006300926208496,30.729999542236328,-0.0010557053610682487,0.5907639265060425,0.29375597834587097,0.6597694158554077,3.282121430259851,-0.003464953189602313,5.945259869618434,31.69414233403226
172,-4.8072309494018555,4.006300926208496,30.35166358947754,0.01729723997414112,0.28415611386299133,0.14548249542713165,0.31970149278640747,3.282121430259851,-4.75045930739838,4.938935797057578,30.82915480544661
173,-9.496091842651367,4.006300926208496,29.225967407226562,0.0880955159664154,-0.3404025733470917,-0.14975568652153015,0.3821799159049988,3.282121430259851,-9.206951661788196,2.8890583453104055,28.734451059190974
174,-13.951128005981445,4.006300926208496,27.380630493164062,0.1295596957206726,-0.5985887050628662,-0.2681708335876465,0.668587863445282,3.282121430259851,-13.52589735215868,2.0416601094101696,26.5004612532754
175,-18.062641143798828,4.006300926208496,24.86109161376953,0.02279246784746647,-0.19987308979034424,-0.10592333972454071,0.22735105454921722,3.282121430259851,-17.98783349662815,3.3502931748753557,24.513438350494923
176,-21.72939109802246,4.006300926208496,21.72939109802246,-0.17258261144161224,0.4227305054664612,0.12531200051307678,0.47348591685295105,3.282121430259851,-22.295828185525185,5.393753777424547,22.140680300375163
177,-24.86109161376953,4.006300926208496,18.062641143798828,-0.22677868604660034,0.5836070775985718,0.1818849891424179,0.6520029902458191,3.282121430259851,-25.60540679916925,5.921770222446092,18.65960976450574
178,-27.380630493164062,4.006300926208496,13.951128005981445,-0.024662639945745468,0.10330400615930557,0.06425327807664871,0.12413076311349869,3.282121430259851,-27.461576272256778,4.345357218655648,14.16201506692126
179,-29.225967407226562,4.006300926208496,9.496091842651367,0.24082152545452118,-0.49030834436416626,-0.0491236187517643,0.5484618544578552,3.282121430259851,-28.435561917664412,2.3970494017356394,9.334862160814287
180,-30.35166358947754,4.006300926208496,4.8072309494018555,0.26435962319374084,-0.5443944334983826,-0.0631742849946022,0.608475387096405,3.282121430259851,-29.48400320489794,2.2195322895092833,4.599885274779728
181,-30.729999542236328,4.006300926208496,0.0,-4.9751669450870395e-09,9.990141158766619e-09,-0.04665087163448334,0.04665087163448334,3.282121430259851,-30.72999955856543,4.006300958997352,-0.15311382553183916
182,-30.35166358947754,4.006300926208496,-4.8072309494018555,-0.26435962319374084,0.5443944334983826,-0.0631742775440216,0.608475387096405,3.282121430259851,-31.219323974057136,5.793069562907709,-5.0145765995702725
183,-29.225967407226562,4.006300926208496,-9.496091842651367,-0.24082152545452118,0.49030834436416626,-0.049123615026474,0.5484618544578552,3.282121430259851,-30.016372896788713,5.615552450681353,-9.657321512261593
184,-27.380630493164062,4.006300926208496,-13.951128005981445,0.024662647396326065,-0.10330402106046677,0.06425327807664871,0.12413077801465988,3.282121430259851,-27.29968468961764,3.6672445848539232,-13.74024094504163
185,-24.86109161376953,4.006300926208496,-18.062641143798828,0.22677868604660034,-0.5836070775985718,0.1818849891424179,0.6520029902458191,3.282121430259851,-24.116776428369814,2.0908316299709,-17.465672523091918
186,-21.72939109802246,4.006300926208496,-21.72939109802246,0.17258261144161224,-0.4227304756641388,0.12531200051307678,0.47348591685295105,3.282121430259851,-21.162954010519737,2.6188481728072857,-21.31810189566976
187,-18.062641143798828,4.006300926208496,-24.86109161376953,-0.022792473435401917,0.19987311959266663,-0.10592334717512131,0.2273510843515396,3.282121430259851,-18.137448809309788,4.662308775356477,-25.20874490149785
188,-13.951128005981445,4.006300926208496,-27.380630493164062,-0.1295597106218338,0.5985887050628662,-0.2681708335876465,0.668587863445282,3.282121430259851,-14.376358708711631,5.970941743006822,-28.260799733052725
189,-9.496091842651367,4.006300926208496,-29.225967407226562,-0.0880955159664154,0.3404025435447693,-0.14975568652153015,0.3821799159049988,3.282121430259851,-9.785232023514538,5.123543409291745,-29.71748375526215
190,-4.8072309494018555,4.006300926208496,-30.35166358947754,-0.01729723811149597,-0.2841561436653137,0.14548251032829285,0.31970152258872986,3.282121430259851,-4.864002585291904,3.073665957544573,-29.874172324601048
191,-0.0,4.006300926208496,-30.729999542236328,0.0010557067580521107,-0.5907639265060425,0.29375597834587097,0.6597694158554077,3.282121430259851,0.003464957774672984,2.0673419827985584,-29.765856750440395
192,4.8072309494018555,4.006300926208496,-30.35166358947754,0.02002195082604885,-0.25156646966934204,0.1301707923412323,0.28395599126815796,3.282121430259851,4.872945423283639,3.1806292249719337,-29.924427242340474
193,9.496091842651367,4.006300926208496,-29.225967407226562,0.08835196495056152,0.35806483030319214,-0.15800385177135468,0.4012252390384674,3.282121430259851,9.786073720221172,5.1815131791689595,-29.744555235188926
194,13.951128005981445,4.006300926208496,-27.380630493164062,0.12273962795734406,0.5753208994865417,-0.2583492696285248,0.6424978375434875,3.282121430259851,14.353974369242366,5.894573979689648,-28.228564167503823
195,18.062641143798828,4.006300926208496,-24.86109161376953,0.014315011911094189,0.16542673110961914,-0.09178756177425385,0.18972580134868622,3.282121430259851,18.109624751166656,4.549251545521211,-25.16234953730011
196,21.72939109802246,4.006300926208496,-21.72939109802246,-0.17177428305149078,-0.42799338698387146,0.12825201451778412,0.47867870330810547,3.282121430259851,21.16560704245164,2.601574658779234,-21.308452412699644
197,24.86109161376953,4.006300926208496,-18.062641143798828,-0.2166461944580078,-0.5602938532829285,0.1753288209438324,0.6257835030555725,3.282121430259851,24.15003249615466,2.1673484631057276,-17.487190663236884
198,27.380630493164062,4.006300926208496,-13.951128005981445,-0.016755247488617897,-0.08262842893600464,0.05839105322957039,0.10255589336156845,3.282121430259851,27.325637736312363,3.735104388848932,-13.759481478841229
199,29.225967407226562,4.006300926208496,-9.496091842651367,0.23955492675304413,0.4906984567642212,-0.05031072720885277,0.5483636260032654,3.282121430259851,30.012215766047056,5.616832846949784,-9.6612177585955
200,30.35166358947754,4.006300926208496,-4.8072309494018555,0.25943177938461304,0.535686731338501,-0.06208512559533119,0.5984310507774353,3.282121430259851,31.203150192286223,5.764489827040442,-5.011001870618666
201,28.8700008392334,5.504279136657715,0.0,3.6421141658138367e-09,7.700378112929229e-10,0.02163602225482464,0.02163602225482464,3.282121430259851,28.87000085118726,5.504279139185073,0.071012052308139
202,28.514562606811523,5.504279136657715,4.516263008117676,0.19282902777194977,0.04151327162981033,0.040652137249708176,0.20139260590076447,3.282121430259851,29.147450891238012,5.640530735114114,4.649688258970808
203,27.457002639770508,5.504279136657715,8.921320915222168,0.17560817301273346,0.03807519003748894,0.044068556278944016,0.18501348793506622,3.282121430259851,28.03336998774438,5.629246533840973,9.065959268185903
204,25.723358154296875,5.504279136657715,13.106705665588379,-0.01713702641427517,-0.006683595944195986,-0.0326094888150692,0.03743964433670044,3.282121430259851,25.667112352651653,5.482342763178071,12.999677363518622
205,23.356321334838867,5.504279136657715,16.9693603515625,-0.1631692349910736,-0.045012205839157104,-0.127560093998909,0.21194781363010406,3.282121430259851,22.82078009191556,5.35654361124975,16.55069263340272
206,20.414173126220703,5.504279136657715,20.414173126220703,-0.12355141341686249,-0.03650352731347084,-0.10323963314294815,0.1650935560464859,3.282121430259851,20.008662384506323,5.384470127382096,20.075328113830068
207,16.9693603515625,5.504279136657715,23.356321334838867,0.01757429726421833,0.010014500468969345,0.058821901679039,0.06220259144902229,3.282121430259851,17.027041329235146,5.537147943260266,23.549381958908278
208,13.106705665588379,5.504279136657715,25.723358154296875,0.09279654175043106,0.046984318643808365,0.1918063908815384,0.21819353103637695,3.282121430259851,13.411275183921472,5.658487375764715,26.35289002026997
209,8.921320915222168,5.504279136657715,27.457002639770508,0.05834824591875076,0.036768581718206406,0.12720569968223572,0.14469878375530243,3.282121430259851,9.112826943570171,5.624958086675301,27.874507192748773
210,4.516263008117676,5.504279136657715,28.514562606811523,0.0056096273474395275,-0.010987610556185246,-0.08697262406349182,0.08784322440624237,3.282121430259851,4.534674486250479,5.46821646458391,28.229107893526802
211,0.0,5.504279136657715,28.8700008392334,0.0012962830951437354,-0.04792492464184761,-0.2182127982378006,0.22341732680797577,3.282121430259851,0.004254558526254823,5.346983714447118,28.153799937780143
212,-4.516263008117676,5.504279136657715,28.514562606811523,0.00017284565547015518,-0.03469029814004898,-0.11599475890398026,0.12107118219137192,3.282121430259851,-4.51569570768773,5.390421365710156,28.133853722814944
213,-8.921320915222168,5.504279136657715,27.457002639770508,-0.05254288390278816,0.015923460945487022,0.10479415208101273,0.11830522119998932,3.282121430259851,-9.093773040487164,5.556541869070804,27.80094977208151
214,-13.106705665588379,5.504279136657715,25.723358154296875,-0.09831656515598297,0.048438843339681625,0.19768649339675903,0.22603631019592285,3.282121430259851,-13.42939257103637,5.663261302439883,26.3721892307473
215,-16.9693603515625,5.504279136657715,23.356321334838867,-0.03206104785203934,0.025384310632944107,0.07743186503648758,0.08756693452596664,3.282121430259851,-17.074588603794265,5.587593526578473,23.610462118460113
216,-20.414173126220703,5.504279136657715,20.414173126220703,0.11673139780759811,-0.02697484754025936,-0.09493917971849442,0.15286369621753693,3.282121430259851,-20.0310465038922,5.415744411467838,20.10257120989534
217,-23.356321334838867,5.504279136657715,16.9693603515625,0.17068424820899963,-0.04726775735616684,-0.13120020925998688,0.22041063010692596,3.282121430259851,-22.796114905984318,5.349140617278717,16.53874533309572
218,-25.723358154296875,5.504279136657715,13.106705665588379,0.02730046957731247,-0.011769767850637436,-0.03705363720655441,0.047505948692560196,3.282121430259851,-25.63375469804102,5.465649329365954,12.985091128843672
219,-27.457002639770508,5.504279136657715,8.921320915222168,-0.17404703795909882,0.037727199494838715,0.04330442473292351,0.18327844142913818,3.282121430259851,-28.028246152929317,5.628104386623414,9.063451295663171
220,-28.514562606811523,5.504279136657715,4.516263008117676,-0.1965748369693756,0.04393065720796585,0.040613893419504166,0.20547762513160706,3.282121430259851,-29.15974509187855,5.648464888125379,4.64956273807612
221,-28.8700008392334,5.504279136657715,0.0,3.679855975491364e-09,-8.099210746514984e-10,0.020958388224244118,0.020958388224244118,3.282121430259851,-28.870000827155664,5.5042791339994555,0.06878797513449732
222,-28.514562606811523,5.504279136657715,-4.516263008117676,0.1965748369693756,-0.04393066093325615,0.040613893419504166,0.20547762513160706,3.282121430259851,-27.8693801217445,5.360093372963195,-4.382963278159232
223,-27.457002639770508,5.504279136657715,-8.921320915222168,0.17404703795909882,-0.037727195769548416,0.04330442473292351,0.18327844142913818,3.282121430259851,-26.8857591266117,5.380453898918871,-8.779190534781165
224,-25.723358154296875,5.504279136657715,-13.106705665588379,-0.027300477027893066,0.01176976878196001,-0.03705363720655441,0.047505952417850494,3.282121430259851,-25.812961635006438,5.542908947006189,-13.228320202333085
225,-23.356321334838867,5.504279136657715,-16.9693603515625,-0.17068424820899963,0.04726776108145714,-0.13120020925998688,0.22041063010692596,3.282121430259851,-23.916527763693416,5.6594176682635675,-17.39997537002928
226,-20.414173126220703,5.504279136657715,-20.414173126220703,-0.11673139035701752,0.026974845677614212,-0.09493917971849442,0.15286369621753693,3.282121430259851,-20.7972997240955,5.592813855734165,-20.725775042546065
227,-16.9693603515625,5.504279136657715,-23.356321334838867,0.032061051577329636,-0.025384312495589256,0.07743187248706818,0.08756694197654724,3.282121430259851,-16.86413208710388,5.420964740623528,-23.102180526763913
228,-13.106705665588379,5.504279136657715,-25.723358154296875,0.09831656515598297,-0.048438843339681625,0.19768649339675903,0.22603631019592285,3.282121430259851,-12.784018760140388,5.3452969708755464,-25.07452707784645
229,-8.921320915222168,5.504279136657715,-27.457002639770508,0.052542880177497864,-0.015923459082841873,0.10479415208101273,0.11830521374940872,3.282121430259851,-8.748868802184028,5.452016410358054,-27.113055507459507
230,-4.516263008117676,5.504279136657715,-28.514562606811523,-0.00017284696514252573,0.03469029814004898,-0.11599476635456085,0.12107118964195251,3.282121430259851,-4.516830312846126,5.618136907605273,-28.89527151526181
231,-0.0,5.504279136657715,-28.8700008392334,-0.0012962837936356664,0.04792492464184761,-0.2182127982378006,0.22341732680797577,3.282121430259851,-0.004254560818790159,5.6615745588683115,-29.586201740686654
232,4.516263008117676,5.504279136657715,-28.514562606811523,-0.0056096287444233894,0.010987609624862671,-0.08697261661291122,0.08784321695566177,3.282121430259851,4.497851525399802,5.540341805674806,-28.800017295642533
233,8.921320915222168,5.504279136657715,-27.457002639770508,-0.05834824964404106,-0.036768581718206406,0.1272057145833969,0.14469879865646362,3.282121430259851,8.729814874647309,5.383600186640129,-27.039498037884822
234,13.106705665588379,5.504279136657715,-25.723358154296875,-0.09279654175043106,-0.046984314918518066,0.1918063759803772,0.21819351613521576,3.282121430259851,12.802136147255286,5.350070909777569,-25.0938263372312
235,16.9693603515625,5.504279136657715,-23.356321334838867,-0.017574293538928032,-0.010014498606324196,0.0588218979537487,0.062202583998441696,3.282121430259851,16.911679386116706,5.47141033616859,-23.16326072299631
236,20.414173126220703,5.504279136657715,-20.414173126220703,0.12355142086744308,0.03650353103876114,-0.10323963314294815,0.1650935560464859,3.282121430259851,20.81968389238879,5.6240881581601885,-20.75301813861134
237,23.356321334838867,5.504279136657715,-16.9693603515625,0.1631692349910736,0.045012205839157104,-0.127560093998909,0.21194781363010406,3.282121430259851,23.891862577762176,5.65201466206568,-17.38802806972228
238,25.723358154296875,5.504279136657715,-13.106705665588379,0.01713702082633972,0.006683594547212124,-0.0326094850897789,0.03743963688611984,3.282121430259851,25.779603937601813,5.526215505552288,-13.213733955431282
239,27.457002639770508,5.504279136657715,-8.921320915222168,-0.17560817301273346,-0.038075193762779236,0.044068556278944016,0.18501348793506622,3.282121430259851,26.880635291796636,5.379311727247601,-8.776682562258433
240,28.514562606811523,5.504279136657715,-4.516263008117676,-0.19282902777194977,-0.04151327162981033,0.040652137249708176,0.20139260590076447,3.282121430259851,27.881674322385035,5.368027538201316,-4.382837757264544
241,27.010000228881836,7.002257823944092,0.0,1.040052755030274e-08,9.230570974239072e-09,0.08771876990795135,0.08771876990795135,3.282121430259851,27.01000026301763,7.0022578542399465,0.2879036545509201
242,26.677461624145508,7.002257823944092,4.225295066833496,0.5495494604110718,0.49970951676368713,0.12789833545684814,0.753705620765686,3.282121430259851,28.481149685148424,8.642365137818985,4.6450729345309805
243,25.688037872314453,7.002257823944092,8.346549034118652,0.5061796307563782,0.457748681306839,0.11156399548053741,0.6915187239646912,3.282121430259851,27.34938088598098,8.504644580534455,8.712715614530737
244,24.066085815429688,7.002257823944092,12.262283325195312,-0.038339413702487946,-0.07792384922504425,-0.11620781570672989,0.14507341384887695,3.282121430259851,23.940251204093155,6.746502288474237,11.880875162900567
245,21.85154914855957,7.002257823944092,15.876079559326172,-0.460970938205719,-0.5255516171455383,-0.3706549108028412,0.7912545800209045,3.282121430259851,20.33858655354759,5.277333598603,14.659545133349113
246,19.098953247070312,7.002257823944092,19.098953247070312,-0.3623546063899994,-0.40363094210624695,-0.279169499874115,0.6100445985794067,3.282121430259851,17.909661428084323,5.677492058941206,18.182685048858556
247,15.876079559326172,7.002257823944092,21.85154914855957,0.03408457711338997,0.15185660123825073,0.18685249984264374,0.24317902326583862,3.282121430259851,15.987949280311373,7.500669629194579,22.464821742590736
248,12.262283325195312,7.002257823944092,24.066085815429688,0.2608555853366852,0.5404860973358154,0.548524796962738,0.8130500316619873,3.282121430259851,13.118443032031823,8.776198826767484,25.866410806570023
249,8.346549034118652,7.002257823944092,25.688037872314453,0.18238933384418488,0.3444356322288513,0.34518560767173767,0.520629346370697,3.282121430259851,8.945172975379469,8.132737393827504,26.820978952671133
250,4.225295066833496,7.002257823944092,26.677461624145508,0.036542706191539764,-0.22484004497528076,-0.2648472785949707,0.34933149814605713,3.282121430259851,4.3452326659444385,6.264305493950134,25.808200695322952
251,0.0,7.002257823944092,27.010000228881836,0.0036096489056944847,-0.5519183278083801,-0.6206157803535461,0.830536425113678,3.282121430259851,0.011847306029093887,5.190794852491026,24.97306387622602
252,-4.225295066833496,7.002257823944092,26.677461624145508,-0.02560931071639061,-0.27811071276664734,-0.31673678755760193,0.422283798456192,3.282121430259851,-4.309347934349945,6.0894646935878365,25.63789302595104
253,-8.346549034118652,7.002257823944092,25.688037872314453,-0.17502593994140625,0.30345097184181213,0.3064233958721161,0.4654158055782318,3.282121430259851,-8.921005422451715,7.998220761659282,26.693756666639324
254,-12.262283325195312,7.002257823944092,24.066085815429688,-0.2748284339904785,0.5558646321296692,0.5623311400413513,0.8370976448059082,3.282121430259851,-13.164303618040217,8.826673045380387,25.91172490106186
255,-15.876079559326172,7.002257823944092,21.85154914855957,-0.0615936778485775,0.19580204784870148,0.22405800223350525,0.3038654625415802,3.282121430259851,-16.07823748936151,7.64490392127708,22.58693471931137
256,-19.098953247070312,7.002257823944092,19.098953247070312,0.35208287835121155,-0.38374876976013184,-0.26233693957328796,0.5831347703933716,3.282121430259851,-17.943374486806228,5.74274776287851,18.23793155574804
257,-21.85154914855957,7.002257823944092,15.876079559326172,0.4782273471355438,-0.54105544090271,-0.37843960523605347,0.8152661919593811,3.282121430259851,-20.281948923989685,5.226448166398615,14.633994820921842
258,-24.066085815429688,7.002257823944092,12.262283325195312,0.06002466380596161,-0.09958920627832413,-0.12725339829921722,0.17237864434719086,3.282121430259851,-23.869077580008,6.675393955795435,11.844622219564059
259,-25.688037872314453,7.002257823944092,8.346549034118652,-0.5013189315795898,0.4527212381362915,0.10795383900403976,0.684054970741272,3.282121430259851,-27.333427481046797,8.488143901564987,8.700866642592633
260,-26.677461624145508,7.002257823944092,4.225295066833496,-0.5554822087287903,0.5051093101501465,0.12768135964870453,0.7615762948989868,3.282121430259851,-28.500621685542345,8.660087915411657,4.6443607935812246
261,-27.010000228881836,7.002257823944092,0.0,1.0437335440371953e-08,-9.276321932816245e-09,0.08739457279443741,0.08739457279443741,3.282121430259851,-27.010000194625235,7.002257793498077,0.28683960025702754
262,-26.677461624145508,7.002257823944092,-4.225295066833496,0.5554822087287903,-0.5051093101501465,0.12768134474754333,0.7615762948989868,3.282121430259851,-24.85430156274867,5.344427732476526,-3.806229388993188
263,-25.688037872314453,7.002257823944092,-8.346549034118652,0.5013189315795898,-0.4527212381362915,0.10795383155345917,0.684054970741272,3.282121430259851,-24.04264826358211,5.5163717463231965,-7.992231450098382
264,-24.066085815429688,7.002257823944092,-12.262283325195312,-0.0600246824324131,0.09958922863006592,-0.12725341320037842,0.17237867414951324,3.282121430259851,-24.26309411198565,7.329121765453879,-12.679944479733987
265,-21.85154914855957,7.002257823944092,-15.876079559326172,-0.4782273769378662,0.54105544090271,-0.37843960523605347,0.8152661919593811,3.282121430259851,-23.421149470944297,8.778067481489568,-17.1181642977305
266,-19.098953247070312,7.002257823944092,-19.098953247070312,-0.35208287835121155,0.38374873995780945,-0.26233693957328796,0.5831347107887268,3.282121430259851,-20.254532007334397,8.261767787194833,-19.959974938392584
267,-15.876079559326172,7.002257823944092,-21.85154914855957,0.061593689024448395,-0.19580206274986267,0.22405801713466644,0.3038654625415802,3.282121430259851,-15.673921592610268,6.3596116777036835,-21.11616352890035
268,-12.262283325195312,7.002257823944092,-24.066085815429688,0.2748284339904785,-0.5558646321296692,0.5623311400413513,0.8370976448059082,3.282121430259851,-11.360263032350408,5.177842602507797,-22.220446729797516
269,-8.346549034118652,7.002257823944092,-25.688037872314453,0.17502592504024506,-0.30345094203948975,0.3064233660697937,0.4654157757759094,3.282121430259851,-7.77209269469301,6.006294984043743,-24.682319175804423
270,-4.225295066833496,7.002257823944092,-26.677461624145508,0.02560930699110031,0.2781107425689697,-0.31673678755760193,0.4222838282585144,3.282121430259851,-4.1412422115439025,7.915051052115188,-27.717030222339975
271,-0.0,7.002257823944092,-27.010000228881836,-0.0036096516996622086,0.5519183278083801,-0.6206157803535461,0.830536425113678,3.282121430259851,-0.01184731519923523,8.813720795397158,-29.04693658153765
272,4.225295066833496,7.002257823944092,-26.677461624145508,-0.03654270991683006,0.22484003007411957,-0.2648472785949707,0.34933149814605713,3.282121430259851,4.105357455495699,7.740210105030629,-27.546722552968063
273,8.346549034118652,7.002257823944092,-25.688037872314453,-0.18238933384418488,-0.3444356620311737,0.34518560767173767,0.520629346370697,3.282121430259851,7.747925092857835,5.8717781562458375,-24.555096791957773
274,12.262283325195312,7.002257823944092,-24.066085815429688,-0.2608555555343628,-0.5404860973358154,0.548524796962738,0.8130500316619873,3.282121430259851,11.406123716173642,5.2283168211207,-22.26576082428935
275,15.876079559326172,7.002257823944092,-21.85154914855957,-0.034084565937519073,-0.15185658633708954,0.18685248494148254,0.24317900836467743,3.282121430259851,15.764209875021535,6.503846067601025,-21.238276603435825
276,19.098953247070312,7.002257823944092,-19.098953247070312,0.3623546063899994,0.40363094210624695,-0.2791695296764374,0.6100445985794067,3.282121430259851,20.2882450660563,8.327023588946979,-20.01522154309691
277,21.85154914855957,7.002257823944092,-15.876079559326172,0.460970938205719,0.5255516171455383,-0.3706549108028412,0.7912545800209045,3.282121430259851,23.36451174357155,8.727182049285183,-17.09261398530323
278,24.066085815429688,7.002257823944092,-12.262283325195312,0.03833939507603645,0.07792383432388306,-0.1162078008055687,0.14507338404655457,3.282121430259851,24.191920365631947,7.258013310506526,-12.643691438582637
279,25.688037872314453,7.002257823944092,-8.346549034118652,-0.5061796307563782,-0.457748681306839,0.11156399548053741,0.6915187239646912,3.282121430259851,24.026694858647925,5.4998710673537285,-7.980382453706567
280,26.677461624145508,7.002257823944092,-4.225295066833496,-0.5495494604110718,-0.49970948696136475,0.12789833545684814,0.753705620765686,3.282121430259851,24.873773563142592,5.3621506078840415,-3.8055171991360113
281,25.389999389648438,8.78549861907959,0.0,1.167885343988928e-08,1.0367465108629403e-08,0.07519057393074036,0.07519057393074036,3.282121430259851,25.389999427979852,8.785498653106869,0.2467845940516206
282,25.077407836914062,8.78549861907959,3.9718708992004395,0.6191055774688721,0.5615841746330261,0.13322018086910248,0.8464136719703674,3.282121430259851,27.109387520318048,10.628686073537436,4.409115709774014
283,24.14732551574707,8.78549861907959,7.845941066741943,0.5644540190696716,0.5144703388214111,0.1383676677942276,0.7761660218238831,3.282121430259851,25.999932148131943,10.47405274335839,8.300080554464454
284,22.622655868530273,8.78549861907959,11.526819229125977,-0.053741153329610825,-0.08761604130268097,-0.11008380353450775,0.15060918033123016,3.282121430259851,22.44627087750028,8.497932132285529,11.165510818420854
285,20.54094123840332,8.78549861907959,14.923868179321289,-0.5221077799797058,-0.5902613401412964,-0.41020292043685913,0.8884094953536987,3.282121430259851,18.827320104826534,6.848189225147942,13.577532383400298
286,17.953441619873047,8.78549861907959,17.953441619873047,-0.3941728174686432,-0.45158350467681885,-0.3234665095806122,0.6811244487762451,3.282121430259851,16.65971856843331,7.303346720827953,16.891785256807168
287,14.923868179321289,8.78549861907959,20.54094123840332,0.05838417634367943,0.17358657717704773,0.19938331842422485,0.27072998881340027,3.282121430259851,15.11549213568695,9.355230844037834,21.195341500639792
288,11.526819229125977,8.78549861907959,22.622655868530273,0.2972196936607361,0.6068211197853088,0.6135722994804382,0.9127115607261658,3.282121430259851,12.502330355185146,10.777159220661233,24.636474661668835
289,7.845941066741943,8.78549861907959,24.14732551574707,0.18569166958332062,0.380279541015625,0.38647255301475525,0.5731099247932434,3.282121430259851,8.455403674902092,10.033622250136352,25.415775364204034
290,3.9718708992004395,8.78549861907959,25.077407836914062,0.0184368547052145,-0.25989195704460144,-0.3017125427722931,0.3986404538154602,3.282121430259851,4.032382895135011,7.932501657311331,24.087150634502926
291,0.0,8.78549861907959,25.389999389648438,0.001812002738006413,-0.618317723274231,-0.695163905620575,0.9303617477416992,3.282121430259851,0.005947213018100374,6.756104768811756,23.108387037468013
292,-3.9718708992004395,8.78549861907959,25.077407836914062,-0.010996024124324322,-0.30169445276260376,-0.34141531586647034,0.45574650168418884,3.282121430259851,-4.007961185626539,7.795300790276929,23.956841312089786
293,-7.845941066741943,8.78549861907959,24.14732551574707,-0.17971904575824738,0.34868550300598145,0.35815027356147766,0.5311799049377441,3.282121430259851,-8.435800798250938,9.929926780916457,25.322818203856624
294,-11.526819229125977,8.78549861907959,22.622655868530273,-0.308186411857605,0.6206607222557068,0.6270947456359863,0.9345835447311401,3.282121430259851,-12.53832445599871,10.822582476515603,24.680856971985495
295,-14.923868179321289,8.78549861907959,20.54094123840332,-0.08115497976541519,0.21068046987056732,0.23073190450668335,0.3228151202201843,3.282121430259851,-15.190228677581663,9.476977504178993,21.298231366829377
296,-17.953441619873047,8.78549861907959,17.953441619873047,0.38511067628860474,-0.4343217611312866,-0.30958253145217896,0.6578654646873474,3.282121430259851,-16.689461616204355,7.360001859242394,16.937354158959756
297,-20.54094123840332,8.78549861907959,14.923868179321289,0.5368710160255432,-0.6033822894096375,-0.41700807213783264,0.9089534282684326,3.282121430259851,-18.778865371420505,6.805124676368967,13.555197049166363
298,-22.622655868530273,8.78549861907959,11.526819229125977,0.07414224743843079,-0.10776150971651077,-0.119910329580307,0.17744886875152588,3.282121430259851,-22.37931200932497,8.431812258681875,11.133258966700929
299,-24.14732551574707,8.78549861907959,7.845941066741943,-0.557148277759552,0.5072733759880066,0.13454720377922058,0.7654040455818176,3.282121430259851,-25.975953818014062,10.450431437410089,8.287541327647263
300,-25.077407836914062,8.78549861907959,3.9718708992004395,-0.6218296885490417,0.5640329122543335,0.13221150636672974,0.8498736023902893,3.282121430259851,-27.118328383672683,10.636723127761412,4.40580511757362
301,-25.389999389648438,8.78549861907959,0.0,1.1659798460073034e-08,-1.0363510938304898e-08,0.07410812377929688,0.07410812377929688,3.282121430259851,-25.38999935137956,8.78549858506529,0.24323186121237994
302,-25.077407836914062,8.78549861907959,-3.9718708992004395,0.6218296885490417,-0.5640329122543335,0.13221150636672974,0.8498736023902893,3.282121430259851,-23.036487290155442,6.934274110397768,-3.537936680827259
303,-24.14732551574707,8.78549861907959,-7.845941066741943,0.557148277759552,-0.5072733163833618,0.13454720377922058,0.7654040455818176,3.282121430259851,-22.31869721348008,7.120565996378772,-7.4043408058366245
304,-22.622655868530273,8.78549861907959,-11.526819229125977,-0.07414226979017258,0.10776152461767197,-0.1199103444814682,0.17744889855384827,3.282121430259851,-22.865999801096706,9.139185028384725,-11.920379540458445
305,-20.54094123840332,8.78549861907959,-14.923868179321289,-0.5368710160255432,0.6033822894096375,-0.41700810194015503,0.9089534878730774,3.282121430259851,-22.303017105386136,10.765872561790212,-16.292539407291056
306,-17.953441619873047,8.78549861907959,-17.953441619873047,-0.38511067628860474,0.43432173132896423,-0.30958250164985657,0.6578654050827026,3.282121430259851,-19.21742162354174,10.210995281101944,-18.969528982971497
307,-14.923868179321289,8.78549861907959,-20.54094123840332,0.08115499466657639,-0.2106804996728897,0.23073191940784454,0.3228151500225067,3.282121430259851,-14.657507632153495,8.094019636165346,-19.783651061069843
308,-11.526819229125977,8.78549861907959,-22.622655868530273,0.308186411857605,-0.6206607222557068,0.6270947456359863,0.9345835447311401,3.282121430259851,-10.515314002253243,6.748414761643577,-20.56445476507505
309,-7.845941066741943,8.78549861907959,-24.14732551574707,0.17971904575824738,-0.34868550300598145,0.3581502437591553,0.5311799049377441,3.282121430259851,-7.256081335232949,7.641070457242723,-22.971832925452357
310,-3.9718708992004395,8.78549861907959,-25.077407836914062,0.010996019467711449,0.30169445276260376,-0.3414153456687927,0.45574653148651123,3.282121430259851,-3.935780628057909,9.77569644788225,-26.197974459553183
311,-0.0,8.78549861907959,-25.389999389648438,-0.0018120050663128495,0.618317723274231,-0.695163905620575,0.9303617477416992,3.282121430259851,-0.005947220659884826,10.814892469347424,-27.671611741828862
312,3.9718708992004395,8.78549861907959,-25.077407836914062,-0.0184368584305048,0.25989192724227905,-0.3017125427722931,0.3986404240131378,3.282121430259851,3.9113588910390127,9.638495483033008,-26.0676650393252
313,7.845941066741943,8.78549861907959,-24.14732551574707,-0.18569166958332062,-0.3802795708179474,0.38647258281707764,0.5731099247932434,3.282121430259851,7.236478458581796,7.537374890207986,-22.878875569475266
314,11.526819229125977,8.78549861907959,-22.622655868530273,-0.2972196936607361,-0.6068211197853088,0.6135722994804382,0.9127115607261658,3.282121430259851,10.551308103066807,6.793838017497947,-20.608837075391712
315,14.923868179321289,8.78549861907959,-20.54094123840332,-0.058384161442518234,-0.17358654737472534,0.19938330352306366,0.2707299292087555,3.282121430259851,14.732244271863049,8.215766491936186,-19.88654102507427
316,17.953441619873047,8.78549861907959,-17.953441619873047,0.3941728174686432,0.45158353447914124,-0.3234665095806122,0.6811244487762451,3.282121430259851,19.247164671312785,10.267650615146067,-19.015097982938926
317,20.54094123840332,8.78549861907959,-14.923868179321289,0.5221077799797058,0.5902613401412964,-0.41020292043685913,0.8884094953536987,3.282121430259851,22.254562371980107,10.722808013011239,-16.270203975242282
318,22.622655868530273,8.78549861907959,-11.526819229125977,0.05374113470315933,0.08761601895093918,-0.11008379608392715,0.15060915052890778,3.282121430259851,22.799040798425995,9.07306503251252,-11.888127615377389
319,24.14732551574707,8.78549861907959,-7.845941066741943,-0.5644540190696716,-0.5144703388214111,0.1383676677942276,0.7761660218238831,3.282121430259851,22.294718883362197,7.096944494800789,-7.391801579019433
320,25.077407836914062,8.78549861907959,-3.9718708992004395,-0.6191055178642273,-0.5615841746330261,0.13322018086910248,0.8464136719703674,3.282121430259851,23.04542834913976,6.942311164621744,-3.534626088626865
321,23.770000457763672,10.568739891052246,0.0,7.230081866538285e-09,6.290168386158257e-09,0.07705380022525787,0.07705380022525787,3.282121430259851,23.77000048149368,10.568739911697342,0.2528999290022802
322,23.477352142333984,10.568739891052246,3.718446969985962,0.3809392750263214,0.34071752429008484,0.09638441354036331,0.5200895071029663,3.282121430259851,24.727641100525524,11.687016179189815,4.034792319209816
323,22.606613159179688,10.568739891052246,7.345334053039551,0.35520291328430176,0.31259289383888245,0.06934188306331635,0.4782172441482544,3.282121430259851,23.772432252960826,11.594707726867785,7.572922533456234
324,21.17922592163086,10.568739891052246,10.791354179382324,-0.018788432702422142,-0.05235503241419792,-0.09412211924791336,0.10932990163564682,3.282121430259851,21.117560004017246,10.396904317183658,10.482433954737274
325,19.23033332824707,10.568739891052246,13.971654891967773,-0.31618642807006836,-0.35730016231536865,-0.26111772656440735,0.5438930988311768,3.282121430259851,18.192571076720984,9.39603737128165,13.11463480579
326,16.80792808532715,10.568739891052246,16.80792808532715,-0.25691694021224976,-0.27275949716567993,-0.18457145988941193,0.41769689321517944,3.282121430259851,15.964695490059734,9.673510100097866,16.202142141409762
327,13.971654891967773,10.568739891052246,19.23033332824707,0.01454231422394514,0.10662033408880234,0.14100709557533264,0.17737635970115662,3.282121430259851,14.019384533127756,10.91868077446657,19.69313573845357
328,10.791354179382324,10.568739891052246,21.17922592163086,0.17876267433166504,0.3669867217540741,0.38011616468429565,0.5577846169471741,3.282121430259851,11.378074983736845,11.773234875142101,22.42681333172937
329,7.345334053039551,10.568739891052246,22.606613159179688,0.1350257396697998,0.22557494044303894,0.22532212734222412,0.346245676279068,3.282121430259851,7.788504926846488,11.309104237209933,23.34614774204134
330,3.718446969985962,10.568739891052246,23.477352142333984,0.035813454538583755,-0.16250906884670258,-0.19688260555267334,0.257787823677063,3.282121430259851,3.8359910766186847,10.03536539357891,22.831159523404157
331,0.0,10.568739891052246,23.770000457763672,0.0005623039905913174,-0.3730630874633789,-0.4275212287902832,0.5674070715904236,3.282121430259851,0.0018455499778403965,9.344301536849786,22.36682387086006
332,-3.718446969985962,10.568739891052246,23.477352142333984,-0.034720662981271744,-0.1747799813747406,-0.20497344434261322,0.271602064371109,3.282121430259851,-3.8324044020296237,9.995090768601793,22.804604408022918
333,-7.345334053039551,10.568739891052246,22.606613159179688,-0.13597220182418823,0.21690970659255981,0.22121618688106537,0.3383413553237915,3.282121430259851,-7.791611330566337,11.280663887491063,23.3326715468624
334,-10.791354179382324,10.568739891052246,21.17922592163086,-0.1843123733997345,0.3730962574481964,0.38717395067214966,0.5683973431587219,3.282121430259851,-11.39628976997965,11.793287113172719,22.44997784237029
335,-13.971654891967773,10.568739891052246,19.23033332824707,-0.02170909196138382,0.12071140110492706,0.15263350307941437,0.19580477476119995,3.282121430259851,-14.042906767925713,10.96492936749542,19.73129501967965
336,-16.80792808532715,10.568739891052246,16.80792808532715,0.2555702030658722,-0.2655007541179657,-0.17881427705287933,0.40961119532585144,3.282121430259851,-15.969115644908788,9.69733417621152,16.221037914575472
337,-19.23033332824707,10.568739891052246,13.971654891967773,0.3234160244464874,-0.36217793822288513,-0.2633337378501892,0.5523725748062134,3.282121430259851,-18.16884266352181,9.380027918443586,13.107361587659238
338,-21.17922592163086,10.568739891052246,10.791354179382324,0.028888950124382973,-0.062136951833963394,-0.09905248880386353,0.1204448714852333,3.282121430259851,-21.084408879329914,10.36479886982697,10.46625188315859
339,-22.606613159179688,10.568739891052246,7.345334053039551,-0.3490736782550812,0.3063448667526245,0.06596804410219193,0.4690963625907898,3.282121430259851,-23.75231535932032,11.574200943271133,7.561849184299682
340,-23.477352142333984,10.568739891052246,3.718446969985962,-0.37940841913223267,0.33910292387008667,0.09474003314971924,0.5176072120666504,3.282121430259851,-24.722616645588896,11.681716864550033,4.029395263090184
341,-23.770000457763672,10.568739891052246,0.0,7.157779702282596e-09,-6.2348930462974295e-09,0.07591070979833603,0.07591070979833603,3.282121430259851,-23.77000043427097,10.568739870588571,0.24914816741535512
342,-23.477352142333984,10.568739891052246,-3.718446969985962,0.37940841913223267,-0.33910292387008667,0.09474003314971924,0.5176072120666504,3.282121430259851,-22.232087639079072,9.455762917554459,-3.40749867688174
343,-22.606613159179688,10.568739891052246,-7.345334053039551,0.3490736782550812,-0.3063448667526245,0.06596803665161133,0.4690963625907898,3.282121430259851,-21.460910959039055,9.563278838833359,-7.12881894623313
344,-21.17922592163086,10.568739891052246,-10.791354179382324,-0.028888963162899017,0.06213696300983429,-0.09905248880386353,0.1204448789358139,3.282121430259851,-21.274043006725798,10.772680948958087,-11.116456475606059
345,-19.23033332824707,10.568739891052246,-13.971654891967773,-0.3234160244464874,0.36217793822288513,-0.2633337378501892,0.5523725748062134,3.282121430259851,-20.29182399297233,11.757451863660906,-14.83594819627631
346,-16.80792808532715,10.568739891052246,-16.80792808532715,-0.2555702030658722,0.2655007541179657,-0.17881427705287933,0.40961119532585144,3.282121430259851,-17.64674052574551,11.440145605892972,-17.394818256078825
347,-13.971654891967773,10.568739891052246,-19.23033332824707,0.021709099411964417,-0.12071140855550766,0.15263350307941437,0.19580478966236115,3.282121430259851,-13.900402991556124,10.172550390155362,-18.72937163681449
348,-10.791354179382324,10.568739891052246,-21.17922592163086,0.1843123733997345,-0.3730962574481964,0.38717395067214966,0.5683973431587219,3.282121430259851,-10.186418588785,9.344192668931774,-19.908474000891427
349,-7.345334053039551,10.568739891052246,-22.606613159179688,0.13597220182418823,-0.21690969169139862,0.22121617197990417,0.3383413255214691,3.282121430259851,-6.899056775512765,9.85681594352085,-21.880554820404395
350,-3.718446969985962,10.568739891052246,-23.477352142333984,0.034720659255981445,0.1747799962759018,-0.20497345924377441,0.2716020941734314,3.282121430259851,-3.604489550169155,11.142389062410121,-24.15009992555247
351,-0.0,10.568739891052246,-23.770000457763672,-0.0005623064353130758,0.3730630874633789,-0.4275212287902832,0.5674070715904236,3.282121430259851,-0.0018455580017140707,11.793178245254706,-25.173177044667284
352,3.718446969985962,10.568739891052246,-23.477352142333984,-0.035813458263874054,0.16250905394554138,-0.19688259065151215,0.2577877938747406,3.282121430259851,3.600902851126384,11.102114339618161,-24.12354471235639
353,7.345334053039551,10.568739891052246,-22.606613159179688,-0.1350257396697998,-0.22557494044303894,0.22532214224338531,0.346245676279068,3.282121430259851,6.9021631792326135,9.82837554489456,-21.867078527410612
354,10.791354179382324,10.568739891052246,-21.17922592163086,-0.17876267433166504,-0.3669867217540741,0.38011616468429565,0.5577846169471741,3.282121430259851,10.204633375027804,9.36424490696239,-19.93163851153235
355,13.971654891967773,10.568739891052246,-19.23033332824707,-0.01454230584204197,-0.10662031918764114,0.14100708067417145,0.17737634479999542,3.282121430259851,13.923925278318215,10.218799056545343,-18.76753096694799
356,16.80792808532715,10.568739891052246,-16.80792808532715,0.25691694021224976,0.27275949716567993,-0.18457145988941193,0.41769689321517944,3.282121430259851,17.65116068059456,11.463969682006626,-17.413714029244534
357,19.23033332824707,10.568739891052246,-13.971654891967773,0.31618639826774597,0.35730016231536865,-0.26111772656440735,0.5438930988311768,3.282121430259851,20.268095481958316,11.741442410822842,-14.828674978145546
358,21.17922592163086,10.568739891052246,-10.791354179382324,0.018788419663906097,0.052355021238327026,-0.09412211179733276,0.10932989418506622,3.282121430259851,21.24089179645048,10.74057542824027,-11.100274379573664
359,22.606613159179688,10.568739891052246,-7.345334053039551,-0.35520291328430176,-0.31259289383888245,0.06934188306331635,0.4782172441482544,3.282121430259851,21.44079406539855,9.542772055236707,-7.1177455726228676
360,23.477352142333984,10.568739891052246,-3.718446969985962,-0.3809392750263214,-0.34071752429008484,0.09638441354036331,0.5200895071029663,3.282121430259851,22.227063184142445,9.450463602914677,-3.4021016207621075
361,22.594999313354492,12.660958290100098,0.0,-6.19984674710139e-10,1.8168622162306747e-09,0.0012489577056840062,0.0012489577056840062,3.282121430259851,22.594999311319626,12.66095829606326,0.004099230851313652
362,22.316818237304688,12.660958290100098,3.534636974334717,-0.03405045345425606,0.09815095365047455,-0.004546108189970255,0.10398899018764496,3.282121430259851,22.205060514312407,12.98310163847676,3.5197160952201356
363,21.48912239074707,12.660958290100098,6.98223876953125,-0.02902899496257305,0.09052901715040207,-0.009478236548602581,0.09554068744182587,3.282121430259851,21.393845704281503,12.958085517349794,6.9511300462340095
364,20.132291793823242,12.660958290100098,10.257914543151855,0.007510898634791374,-0.013789770193397999,0.0030601590406149626,0.015997998416423798,3.282121430259851,20.156943475193,12.615698589829988,10.267958356719062
365,18.279739379882812,12.660958290100098,13.281007766723633,0.033097971230745316,-0.10108320415019989,0.023140013217926025,0.10885196179151535,3.282121430259851,18.388370940557365,12.329190939519394,13.356956100002684
366,15.977078437805176,12.660958290100098,15.977078437805176,0.022589048370718956,-0.07705248892307281,0.021881330758333206,0.08322345465421677,3.282121430259851,16.05121843755189,12.40806266495082,16.048895622409706
367,13.281007766723633,12.660958290100098,18.279739379882812,-0.00594785762950778,0.030574539676308632,-0.008936729282140732,0.03240438923239708,3.282121430259851,13.26148617573369,12.76130764199204,18.25040794918947
368,10.257914543151855,12.660958290100098,20.132291793823242,-0.01939450018107891,0.10291801393032074,-0.03909781947731972,0.11178954690694809,3.282121430259851,10.194259438478358,12.998747709180584,20.0039680026403
369,6.98223876953125,12.660958290100098,21.48912239074707,-0.010380152612924576,0.06051674485206604,-0.03208743408322334,0.06927934288978577,3.282121430259851,6.948169848191003,12.859581595268631,21.383807535700473
370,3.534636974334717,12.660958290100098,22.316818237304688,0.0005565352039411664,-0.04948173463344574,0.009497742168605328,0.05038808286190033,3.282121430259851,3.5364635904542663,12.498553228453234,22.34799098041535
371,0.0,12.660958290100098,22.594999313354492,-0.001645721378736198,-0.10529826581478119,0.04228688403964043,0.1134839802980423,3.282121430259851,-0.005401457405386864,12.315356595300207,22.73379000167991
372,-3.534636974334717,12.660958290100098,22.316818237304688,-0.006030059885233641,-0.04465414956212044,0.030669188126921654,0.05450645461678505,3.282121430259851,-3.5544283631097926,12.514397948872233,22.417478236904728
373,-6.98223876953125,12.660958290100098,21.48912239074707,0.0038423843216151,0.06653286516666412,-0.010685025714337826,0.06749486178159714,3.282121430259851,-6.9696275976059825,12.879327232680195,21.454052838867163
374,-10.257914543151855,12.660958290100098,20.132291793823242,0.019169989973306656,0.10639559477567673,-0.034040212631225586,0.11334128677845001,3.282121430259851,-10.1949963082426,13.01016155179859,20.020567682455695
375,-13.281007766723633,12.660958290100098,18.279739379882812,0.01408347673714161,0.03061489202082157,-0.016647683456540108,0.037586718797683716,3.282121430259851,-13.234784085912095,12.761440083286727,18.22509966124592
376,-15.977078437805176,12.660958290100098,15.977078437805176,-0.013601682148873806,-0.07905571162700653,0.014255019836127758,0.08147402852773666,3.282121430259851,-16.021720810273578,12.401487844784656,16.02386514389811
377,-18.279739379882812,12.660958290100098,13.281007766723633,-0.03026007115840912,-0.10363112390041351,0.02106587588787079,0.1099947914481163,3.282121430259851,-18.379056607913014,12.320828357504636,13.350148529422407
378,-20.132291793823242,12.660958290100098,10.257914543151855,-0.009311091154813766,-0.01620299369096756,0.003502629930153489,0.01901320181787014,3.282121430259851,-20.162851925641558,12.607778097272607,10.269410599907882
379,-21.48912239074707,12.660958290100098,6.98223876953125,0.02780052274465561,0.08856646716594696,-0.0096141891553998,0.09332374483346939,3.282121430259851,-21.39787769927441,12.951644189987858,6.95068383326974
380,-22.316818237304688,12.660958290100098,3.534636974334717,0.034531623125076294,0.09701211750507355,-0.005170597229152918,0.10310441255569458,3.282121430259851,-22.20348125702422,12.979363839958387,3.517666446361672
381,-22.594999313354492,12.660958290100098,0.0,-6.432479549012271e-10,-1.7852035405496736e-09,0.0006867132033221424,0.0006867132033221424,3.282121430259851,-22.59499931546571,12.660958284240843,0.0022538761210659937
382,-22.316818237304688,12.660958290100098,-3.534636974334717,-0.034531623125076294,-0.09701211750507355,-0.005170597229152918,0.10310441255569458,3.282121430259851,-22.430155217585156,12.342552740241809,-3.551607502307762
383,-21.48912239074707,12.660958290100098,-6.98223876953125,-0.02780052274465561,-0.08856646716594696,-0.0096141891553998,0.09332374483346939,3.282121430259851,-21.58036708221973,12.370272390212337,-7.01379370579276
384,-20.132291793823242,12.660958290100098,-10.257914543151855,0.009311092086136341,0.01620299741625786,0.0035026303958147764,0.01901320554316044,3.282121430259851,-20.10173165894821,12.714138495154442,-10.246418484867473
385,-18.279739379882812,12.660958290100098,-13.281007766723633,0.03026007115840912,0.10363112390041351,0.02106587588787079,0.1099947914481163,3.282121430259851,-18.18042215185261,13.001088222695559,-13.211867004024858
386,-15.977078437805176,12.660958290100098,-15.977078437805176,0.013601681217551231,0.07905571162700653,0.014255018904805183,0.08147402852773666,3.282121430259851,-15.932436068393487,12.92042873541554,-15.930291734768955
387,-13.281007766723633,12.660958290100098,-18.279739379882812,-0.014083477668464184,-0.03061489574611187,-0.016647683456540108,0.037586722522974014,3.282121430259851,-13.327231450591885,12.560476484686612,-18.334379098519705
388,-10.257914543151855,12.660958290100098,-20.132291793823242,-0.019169989973306656,-0.10639559477567673,-0.034040212631225586,0.11334128677845001,3.282121430259851,-10.320832778061112,12.311755028401606,-20.24401590519079
389,-6.98223876953125,12.660958290100098,-21.48912239074707,-0.0038423838559538126,-0.06653286516666412,-0.010685023851692677,0.06749486178159714,3.282121430259851,-6.9948499399281605,12.44258934752,-21.52419193651355
390,-3.534636974334717,12.660958290100098,-22.316818237304688,0.006030059885233641,0.044654153287410736,0.030669188126921654,0.05450645834207535,3.282121430259851,-3.514845585559641,12.807518643554817,-22.216158237704647
391,-0.0,12.660958290100098,-22.594999313354492,0.001645721378736198,0.10529826581478119,0.04228688403964043,0.1134839802980423,3.282121430259851,0.005401457405386864,13.006559984899988,-22.456208625029074
392,3.534636974334717,12.660958290100098,-22.316818237304688,-0.0005565350293181837,0.04948173090815544,0.009497740305960178,0.05038807913661003,3.282121430259851,3.5328103587883013,12.823363339520107,-22.285645500307453
393,6.98223876953125,12.660958290100098,-21.48912239074707,0.01038015354424715,-0.06051674857735634,-0.03208743780851364,0.06927934288978577,3.282121430259851,7.016307693928211,12.46233497270471,-21.594437258020523
394,10.257914543151855,12.660958290100098,-20.132291793823242,0.01939450018107891,-0.10291801393032074,-0.03909781575202942,0.11178954690694809,3.282121430259851,10.321569647825353,12.323168871019611,-20.26061557277933
395,13.281007766723633,12.660958290100098,-18.279739379882812,0.0059478566981852055,-0.030574537813663483,-0.008936728350818157,0.03240438923239708,3.282121430259851,13.300529354656861,12.560608944321583,-18.309070807519443
396,15.977078437805176,12.660958290100098,-15.977078437805176,-0.022589048370718956,0.07705249637365341,0.021881330758333206,0.08322346210479736,3.282121430259851,15.902938438058463,12.913853939703085,-15.905261253200646
397,18.279739379882812,12.660958290100098,-13.281007766723633,-0.033097971230745316,0.10108320415019989,0.023140013217926025,0.10885196179151535,3.282121430259851,18.17110781920826,12.992725640680801,-13.205059433444582
398,20.132291793823242,12.660958290100098,-10.257914543151855,-0.0075108977034688,0.0137897664681077,0.0030601585749536753,0.0159979946911335,3.282121430259851,20.107640115510197,12.706217978143354,-10.247870731113007
399,21.48912239074707,12.660958290100098,-6.98223876953125,0.0290289968252182,-0.09052901715040207,-0.009478236548602581,0.09554068744182587,3.282121430259851,21.584399083326065,12.363831062850402,-7.0133474928284905
400,22.316818237304688,12.660958290100098,-3.534636974334717,0.03405045345425606,-0.09815095365047455,-0.004546108189970255,0.10398899018764496,3.282121430259851,22.428575960296968,12.338814941723435,-3.549557853449298
401,21.420000076293945,14.75317668914795,0.0,-6.820612519220504e-09,-1.7642406424656087e-09,-0.06657282263040543,0.06657282263040543,3.282121430259851,21.420000053907867,14.753176683357497,-0.21850008782814162
402,21.15628433227539,14.75317668914795,3.3508260250091553,-0.3613029420375824,-0.09605724364519119,-0.08789775520563126,0.3840479552745819,3.282121430259851,19.970444203397907,14.437905151248374,3.0623349189770184
403,20.371631622314453,14.75317668914795,6.619143962860107,-0.3340136408805847,-0.08730638027191162,-0.06743530929088593,0.3517599105834961,3.282121430259851,19.275358293581167,14.466626547459093,6.397813089080289
404,19.085359573364258,14.75317668914795,9.72447681427002,0.02465841732919216,0.017035482451319695,0.0867835208773613,0.09181298315525055,3.282121430259851,19.16629149331669,14.809089211176241,10.00931086793501
405,17.329143524169922,14.75317668914795,12.590359687805176,0.30710312724113464,0.10383716225624084,0.24960511922836304,0.40914201736450195,3.282121430259851,18.33709327938787,15.093982864646527,13.409593998727152
406,15.14622688293457,14.75317668914795,15.14622688293457,0.24615690112113953,0.07886295020580292,0.18017135560512543,0.3150782585144043,3.282121430259851,15.954143723310617,15.01201446807193,15.73757115028512
407,12.590359687805176,14.75317668914795,17.329143524169922,-0.017076076939702034,-0.03132181614637375,-0.13324812054634094,0.13794095814228058,3.282121430259851,12.534313929736614,14.650374685139276,16.891807012182927
408,9.72447681427002,14.75317668914795,19.085359573364258,-0.17427478730678558,-0.10822009295225143,-0.370421439409256,0.4234327971935272,3.282121430259851,9.152485800096441,14.397985202884652,17.86959142885144
409,6.619143962860107,14.75317668914795,20.371631622314453,-0.12966002523899078,-0.06920500844717026,-0.22942620515823364,0.2724654972553253,3.282121430259851,6.193584015375182,14.526037447842178,19.618626957701423
410,3.3508260250091553,14.75317668914795,21.15628433227539,-0.03353002294898033,0.04353208839893341,0.1779492348432541,0.18623971939086914,3.282121430259851,3.2407764181312024,14.896054289386054,21.740335329452776
411,0.0,14.75317668914795,21.420000076293945,-0.0037379409186542034,0.10843192785978317,0.41217607259750366,0.42621657252311707,3.282121430259851,-0.012268375994160155,15.109063443300935,22.772811997206553
412,-3.3508260250091553,14.75317668914795,21.15628433227539,0.0242008026689291,0.05576688423752785,0.21130600571632385,0.21987690031528473,3.282121430259851,-3.2713960519399734,14.93621037500276,21.849816301979548
413,-6.619143962860107,14.75317668914795,20.371631622314453,0.12178407609462738,-0.05662926286458969,-0.19650542736053467,0.23801811039447784,3.282121430259851,-6.219433836845535,14.567312571920262,19.72667694801207
414,-9.72447681427002,14.75317668914795,19.085359573364258,0.17810583114624023,-0.10584418475627899,-0.36514437198638916,0.4198274612426758,3.282121430259851,-9.139911849010701,14.405783222090983,17.886911404928956
415,-12.590359687805176,14.75317668914795,17.329143524169922,0.0331316776573658,-0.03811481595039368,-0.14970825612545013,0.15799686312675476,3.282121430259851,-12.481617498545473,14.628079234906751,16.837782848453752
416,-15.14622688293457,14.75317668914795,15.14622688293457,-0.23192167282104492,0.07165785133838654,0.1646651029586792,0.29332083463668823,3.282121430259851,-15.907421975442235,14.988366458672042,15.686677746171195
417,-17.329143524169922,14.75317668914795,12.590359687805176,-0.30635780096054077,0.101913683116436,0.2459588348865509,0.40587836503982544,3.282121430259851,-18.334647028029796,15.087669772541116,13.397626450748069
418,-19.085359573364258,14.75317668914795,9.72447681427002,-0.03338402882218361,0.018824348226189613,0.0897483080625534,0.09758897125720978,3.282121430259851,-19.19493000978996,14.8149604858718,10.01904165949169
419,-20.371631622314453,14.75317668914795,6.619143962860107,0.32691285014152527,-0.08577784150838852,-0.06499368697404861,0.34417152404785156,3.282121430259851,-19.298663951037625,14.471643397291833,6.405826790010982
420,-21.15628433227539,14.75317668914795,3.3508260250091553,0.3593924641609192,-0.09587813913822174,-0.0871848538517952,0.38204288482666016,3.282121430259851,-19.976714623778943,14.438492993988955,3.0646747477881053
421,-21.420000076293945,14.75317668914795,0.0,-6.782057582199741e-09,1.7636084814753872e-09,-0.06632300466299057,0.06632300466299057,3.282121430259851,-21.420000098553484,14.753176694936327,-0.21768015492362539
422,-21.15628433227539,14.75317668914795,-3.3508260250091553,-0.3593924641609192,0.09587813913822174,-0.0871848538517952,0.38204288482666016,3.282121430259851,-22.33585404077184,15.067860384306943,-3.636977302230205
423,-20.371631622314453,14.75317668914795,-6.619143962860107,-0.3269128203392029,0.08577784150838852,-0.06499368697404861,0.3441714942455292,3.282121430259851,-21.44459919577644,15.034709981004065,-6.832461135709233
424,-19.085359573364258,14.75317668914795,-9.72447681427002,0.033384039998054504,-0.018824351951479912,0.089748315513134,0.09758898615837097,3.282121430259851,-18.97578910025799,14.691392880197244,-9.42991194459464
425,-17.329143524169922,14.75317668914795,-12.590359687805176,0.30635780096054077,-0.101913683116436,0.2459588348865509,0.40587836503982544,3.282121430259851,-16.323640020310048,14.418683605754783,-11.783092924862283
426,-15.14622688293457,14.75317668914795,-15.14622688293457,0.23192167282104492,-0.07165785133838654,0.164665088057518,0.29332080483436584,3.282121430259851,-14.385031790426906,14.517986919623857,-14.605776068605365
427,-12.590359687805176,14.75317668914795,-17.329143524169922,-0.033131688833236694,0.038114819675683975,-0.14970825612545013,0.15799686312675476,3.282121430259851,-12.699101913745443,14.878274155616001,-17.82050419988609
428,-9.72447681427002,14.75317668914795,-19.085359573364258,-0.17810583114624023,0.10584418475627899,-0.36514437198638916,0.4198274612426758,3.282121430259851,-10.309041779529338,15.100570156204915,-20.28380774179956
429,-6.619143962860107,14.75317668914795,-20.371631622314453,-0.12178406864404678,0.05662925913929939,-0.19650541245937347,0.23801808059215546,3.282121430259851,-7.01885406442097,14.939040794148783,-21.016586247709412
430,-3.3508260250091553,14.75317668914795,-21.15628433227539,-0.02420080080628395,-0.055766887962818146,0.21130600571632385,0.21987690031528473,3.282121430259851,-3.4302559919649096,14.570142991066284,-20.462752362571234
431,-0.0,14.75317668914795,-21.420000076293945,0.0037379430141299963,-0.10843192785978317,0.41217607259750366,0.42621657252311707,3.282121430259851,0.012268382871766162,14.397289934994964,-20.067188155381338
432,3.3508260250091553,14.75317668914795,-21.15628433227539,0.03353002667427063,-0.04353208467364311,0.1779492348432541,0.18623971939086914,3.282121430259851,3.460875644113963,14.610299101136698,-20.572233335098005
433,6.619143962860107,14.75317668914795,-20.371631622314453,0.12966002523899078,0.06920500844717026,-0.22942622005939484,0.2724654972553253,3.282121430259851,7.044703910345032,14.98031593045372,-21.124636335834907
434,9.72447681427002,14.75317668914795,-19.085359573364258,0.17427478730678558,0.10822009295225143,-0.370421439409256,0.4234327971935272,3.282121430259851,10.296467828443598,15.108368175411247,-20.301127717877076
435,12.590359687805176,14.75317668914795,-17.329143524169922,0.017076069489121437,0.03132181242108345,-0.13324812054634094,0.13794095814228058,3.282121430259851,12.646405421420027,14.855978680929766,-17.766480036156917
436,15.14622688293457,14.75317668914795,-15.14622688293457,-0.24615690112113953,-0.07886295765638351,0.18017137050628662,0.3150782585144043,3.282121430259851,14.338310042558524,14.494338885770258,-14.5548825666766
437,17.329143524169922,14.75317668914795,-12.590359687805176,-0.30710309743881226,-0.10383716225624084,0.24960511922836304,0.40914198756217957,3.282121430259851,16.321193866766816,14.412370513649371,-11.7711253768832
438,19.085359573364258,14.75317668914795,-9.72447681427002,-0.024658404290676117,-0.017035480588674545,0.0867835134267807,0.09181298315525055,3.282121430259851,19.00442769620582,14.697264173233085,-9.439642785058739
439,20.371631622314453,14.75317668914795,-6.619143962860107,0.3340136408805847,0.08730638027191162,-0.06743530929088593,0.3517599105834961,3.282121430259851,21.46790495104774,15.039726830836806,-6.840474836639926
440,21.15628433227539,14.75317668914795,-3.3508260250091553,0.3613029420375824,0.09605724364519119,-0.08789775520563126,0.3840479552745819,3.282121430259851,22.342124461152874,15.068448227047524,-3.639317131041292
441,20.78499984741211,17.503177642822266,0.0,-7.074181684885161e-09,-1.8571959525814918e-09,-0.043129123747348785,0.043129123747348785,3.282121430259851,20.784999824193786,17.503177636726722,-0.14155502131950248
442,20.529102325439453,17.503177642822266,3.2514901161193848,-0.37617063522338867,-0.10101120173931122,-0.07959973812103271,0.3975471258163452,3.282121430259851,19.294464622138307,17.171646612897373,2.990234109789271
443,19.767709732055664,17.503177642822266,6.42291784286499,-0.34161654114723206,-0.09192488342523575,-0.08475978672504425,0.36378052830696106,3.282121430259851,18.646482761425087,17.20146901295816,6.144725930430468
444,18.51957130432129,17.503177642822266,9.436193466186523,0.03612913563847542,0.01752728596329689,0.06618018448352814,0.07741018384695053,3.282121430259851,18.638151514657093,17.560704323696694,9.65340486793846
445,16.815418243408203,17.503177642822266,12.217116355895996,0.3207738995552063,0.10848300158977509,0.2504327595233917,0.4211662709712982,3.282121430259851,17.868237133406367,17.85923202715898,13.039067082766831
446,14.697214126586914,17.503177642822266,14.697214126586914,0.23955729603767395,0.08217350393533707,0.1977858990430832,0.32134008407592773,3.282121430259851,15.483470261687266,17.77288106108798,15.346371464439429
447,12.217116355895996,17.503177642822266,16.815418243408203,-0.03899281844496727,-0.03305186703801155,-0.12333181500434875,0.13350506126880646,3.282121430259851,12.089137190851538,17.394697401706708,16.410628250349585
448,9.436193466186523,17.503177642822266,18.51957130432129,-0.18336373567581177,-0.11267401278018951,-0.3774210512638092,0.43447020649909973,3.282121430259851,8.834371419792438,17.133367850843033,17.280829583737138
449,6.42291784286499,17.503177642822266,19.767709732055664,-0.11208466440439224,-0.0708223208785057,-0.23683391511440277,0.2714204788208008,3.282121430259851,6.055042363819851,17.270730185726183,18.99039206384634
450,3.2514901161193848,17.503177642822266,20.529102325439453,-0.00940739642828703,0.04696157947182655,0.18502506613731384,0.19112342596054077,3.282121430259851,3.220613898699154,17.6573112492056,21.136377060143978
451,0.0,17.503177642822266,20.78499984741211,-0.0014637340791523457,0.11309312283992767,0.4233362674713135,0.4381846487522125,3.282121430259851,-0.004804152989387582,17.8743630049102,22.174440883085925
452,-3.2514901161193848,17.503177642822266,20.529102325439453,0.004445827566087246,0.056192293763160706,0.20602503418922424,0.21359695494174957,3.282121430259851,-3.23689837018949,17.68760757439779,21.205301505321923
453,-6.42291784286499,17.503177642822266,19.767709732055664,0.1066470667719841,-0.06127609685063362,-0.2168748676776886,0.2493252158164978,3.282121430259851,-6.0728892195383075,17.302062052186123,19.05590008116595
454,-9.436193466186523,17.503177642822266,18.51957130432129,0.18517762422561646,-0.11078399419784546,-0.3756818473339081,0.43324440717697144,3.282121430259851,-8.828418017311021,17.139571121335734,17.28653786222706
455,-12.217116355895996,17.503177642822266,16.815418243408203,0.049429360777139664,-0.038161855190992355,-0.13500937819480896,0.1487518846988678,3.282121430259851,-12.0548831916053,17.377925800081435,16.372301069948964
456,-14.697214126586914,17.503177642822266,14.697214126586914,-0.22996434569358826,0.07660979777574539,0.1878165304660797,0.3066393733024597,3.282121430259851,-15.451985033783524,17.754620301869913,15.313650786186686
457,-16.815418243408203,17.503177642822266,12.217116355895996,-0.3206034302711487,0.10687831044197083,0.24867892265319824,0.4195840060710907,3.282121430259851,-17.86767763251596,17.853965235953822,13.03331077718999
458,-18.51957130432129,17.503177642822266,9.436193466186523,-0.04305192455649376,0.018871884793043137,0.06855840235948563,0.08312563598155975,3.282121430259851,-18.660872948522087,17.565117460330907,9.66121046779497
459,-19.767709732055664,17.503177642822266,6.42291784286499,0.3354583978652954,-0.09060639888048172,-0.08290591835975647,0.3572327494621277,3.282121430259851,-18.666694535461342,17.205796439337963,6.15081055152106
460,-20.529102325439453,17.503177642822266,3.2514901161193848,0.37392866611480713,-0.10070542991161346,-0.07873896509408951,0.395175963640213,3.282121430259851,-19.301823036995565,17.17265019316583,2.993059271387591
461,-20.78499984741211,17.503177642822266,0.0,-7.025939385840729e-09,1.8534894730137808e-09,-0.04243633523583412,0.04243633523583412,3.282121430259851,-20.784999870472095,17.503177648905645,-0.1392812052992224
462,-20.529102325439453,17.503177642822266,-3.2514901161193848,-0.37392866611480713,0.10070542991161346,-0.07873896509408951,0.395175963640213,3.282121430259851,-21.75638161388334,17.833705092478702,-3.5099209608511783
463,-19.767709732055664,17.503177642822266,-6.42291784286499,-0.3354583978652954,0.09060639888048172,-0.08290591090917587,0.3572327494621277,3.282121430259851,-20.868724928649986,17.80055884630657,-6.6950251097552105
464,-18.51957130432129,17.503177642822266,-9.436193466186523,0.04305193945765495,-0.018871888518333435,0.06855840235948563,0.08312564343214035,3.282121430259851,-18.37826961121307,17.44123781308677,-9.211176464578077
465,-16.815418243408203,17.503177642822266,-12.217116355895996,0.3206034302711487,-0.10687831044197083,0.24867892265319824,0.4195840060710907,3.282121430259851,-15.763158854300446,17.15239004969071,-11.400921934602001
466,-14.697214126586914,17.503177642822266,-14.697214126586914,0.22996433079242706,-0.07660979777574539,0.1878165304660797,0.3066393733024597,3.282121430259851,-13.942443268297724,17.251734983774618,-14.080777466987142
467,-12.217116355895996,17.503177642822266,-16.815418243408203,-0.04942936822772026,0.038161855190992355,-0.13500939309597015,0.1487518846988678,3.282121430259851,-12.379349544640402,17.628429485563096,-17.258535465774862
468,-9.436193466186523,17.503177642822266,-18.51957130432129,-0.18517762422561646,0.11078399419784546,-0.3756818473339081,0.43324440717697144,3.282121430259851,-10.043968915062026,17.866784164308797,-19.752604746415518
469,-6.42291784286499,17.503177642822266,-19.767709732055664,-0.1066470593214035,0.06127609312534332,-0.2168748527765274,0.2493252009153366,3.282121430259851,-6.772946441737962,17.704293221231552,-20.479519334037956
470,-3.2514901161193848,17.503177642822266,-20.529102325439453,-0.004445824772119522,-0.056192293763160706,0.20602504909038544,0.21359695494174957,3.282121430259851,-3.266081852879138,17.31874771124674,-19.852903096649563
471,-0.0,17.503177642822266,-20.78499984741211,0.0014637353597208858,-0.11309312283992767,0.4233362674713135,0.4381846487522125,3.282121430259851,0.004804157192369031,17.13199228073433,-19.395558811738294
472,3.2514901161193848,17.503177642822266,-20.529102325439453,0.009407399222254753,-0.046961575746536255,0.18502505123615265,0.19112341105937958,3.282121430259851,3.282366342709757,17.34904404866579,-19.92182763964235
473,6.42291784286499,17.503177642822266,-19.767709732055664,0.11208467185497284,0.0708223283290863,-0.23683391511440277,0.2714204788208008,3.282121430259851,6.79079334636384,17.73562512437206,-20.54502740026499
474,9.436193466186523,17.503177642822266,-18.51957130432129,0.18336373567581177,0.11267401278018951,-0.3774210512638092,0.43447020649909973,3.282121430259851,10.038015512580609,17.872987434801498,-19.75831302490544
475,12.217116355895996,17.503177642822266,-16.815418243408203,0.03899281099438667,0.03305186331272125,-0.12333180755376816,0.13350504636764526,3.282121430259851,12.345095496486744,17.611657871710968,-17.22020821201311
476,14.697214126586914,17.503177642822266,-14.697214126586914,-0.23955731093883514,-0.08217351138591766,0.19778591394424438,0.32134008407592773,3.282121430259851,13.91095794257914,17.233474200102844,-14.048056739826979
477,16.815418243408203,17.503177642822266,-12.217116355895996,-0.3207738995552063,-0.10848299413919449,0.25043272972106934,0.42116624116897583,3.282121430259851,15.762599353410039,17.147123282939262,-11.395165726840002
478,18.51957130432129,17.503177642822266,-9.436193466186523,-0.036129120737314224,-0.017527282238006592,0.06618017703294754,0.07741016894578934,3.282121430259851,18.400991142892906,17.44565097417469,-9.218982088888296
479,19.767709732055664,17.503177642822266,-6.42291784286499,0.34161654114723206,0.09192488342523575,-0.08475978672504425,0.36378052830696106,3.282121430259851,20.88893670268624,17.80488627268637,-6.7011097552995125
480,20.529102325439453,17.503177642822266,-3.2514901161193848,0.3761706054210663,0.10101119428873062,-0.07959973812103271,0.3975470960140228,3.282121430259851,21.76373993092576,17.83470864829345,-3.5127461224494985
481,20.149999618530273,20.253177642822266,0.0,-2.5608186682291034e-09,-7.971417415042481e-10,-0.03166492283344269,0.03166492283344269,3.282121430259851,20.149999610125356,20.25317764020595,-0.10392812181916673
482,19.901920318603516,20.253177642822266,3.152153968811035,-0.13458453118801117,-0.043369900435209274,-0.03619197756052017,0.14595822989940643,3.282121430259851,19.46019754460987,20.11083236317563,3.0333675036561685
483,19.163789749145508,20.253177642822266,6.226692199707031,-0.12667468190193176,-0.03939645737409592,-0.022396590560674667,0.13453684747219086,3.282121430259851,18.74802806100383,20.123873685798426,6.153183869863086
484,17.953781127929688,20.253177642822266,9.147909164428711,0.004270497243851423,0.007705019786953926,0.03674621134996414,0.037787411361932755,3.282121430259851,17.9677974184516,20.278466453385604,9.268514692181286
485,16.30169105529785,20.253177642822266,11.843873023986816,0.11019354313611984,0.04673955962061882,0.0929858386516571,0.15157034993171692,3.282121430259851,16.663359644701174,20.406582553094008,12.149063837736104
486,14.248202323913574,20.253177642822266,14.248202323913574,0.09189250320196152,0.03521861135959625,0.06257463246583939,0.11661975085735321,3.282121430259851,14.549804677952954,20.36876940190959,14.45357986612034
487,11.843873023986816,20.253177642822266,16.30169105529785,-0.002352748066186905,-0.014468353241682053,-0.052188511937856674,0.054208021610975266,3.282121430259851,11.836151019138782,20.20569075058717,16.13040202185324
488,9.147909164428711,20.253177642822266,17.953781127929688,-0.061823680996894836,-0.04854331165552139,-0.13283133506774902,0.1543463170528412,3.282121430259851,8.944996336131254,20.093852599341897,17.5178125564938
489,6.226692199707031,20.253177642822266,19.163789749145508,-0.049554333090782166,-0.03023168072104454,-0.07544220983982086,0.09518987685441971,3.282121430259851,6.0640488611075405,20.15395359565495,18.91617925548407
490,3.152153968811035,20.253177642822266,19.901920318603516,-0.015421196818351746,0.020406806841492653,0.0714191421866417,0.07586134970188141,3.282121430259851,3.1015397282532677,20.3201552608799,20.136326615705066
491,0.0,20.253177642822266,20.149999618530273,0.0002352357259951532,0.04839880019426346,0.14795707166194916,0.1556720733642578,3.282121430259851,0.0007720722174514266,20.412028382138722,20.63561269419045
492,-3.152153968811035,20.253177642822266,19.901920318603516,0.01635458506643772,0.02364129200577736,0.06786546111106873,0.07370280474424362,3.282121430259851,-3.0984762346814723,20.33077123395346,20.12466300289062
493,-6.226692199707031,20.253177642822266,19.163789749145508,0.05085308477282524,-0.026456356048583984,-0.07902272790670395,0.09762462228536606,3.282121430259851,-6.059786200379321,20.166344669668625,18.90442756040532
494,-9.147909164428711,20.253177642822266,17.953781127929688,0.06224025785923004,-0.046995118260383606,-0.13389183580875397,0.15494972467422485,3.282121430259851,-8.943629080284033,20.098933958062265,17.514331864284944
495,-11.843873023986816,20.253177642822266,16.30169105529785,0.001547657186165452,-0.015605307184159756,-0.051586978137493134,0.05391787365078926,3.282121430259851,-11.838793425169406,20.201959129687346,16.13237632883044
496,-14.248202323913574,20.253177642822266,14.248202323913574,-0.09282108396291733,0.03306598588824272,0.06288965791463852,0.11689406633377075,3.282121430259851,-14.552852392768214,20.361704223718736,14.45461381789692
497,-16.30169105529785,20.253177642822266,11.843873023986816,-0.11062716692686081,0.045335229486227036,0.09272276610136032,0.15129825472831726,3.282121430259851,-16.664782850637437,20.40197337106476,12.148200401681063
498,-17.953781127929688,20.253177642822266,9.147909164428711,-0.005062958691269159,0.007474688347429037,0.036812782287597656,0.03790363296866417,3.282121430259851,-17.97039837315082,20.277710477631874,9.268733186082326
499,-19.163789749145508,20.253177642822266,6.226692199707031,0.12487674504518509,-0.039062172174453735,-0.021733801811933517,0.13263638317584991,3.282121430259851,-18.75392910809161,20.12497085041599,6.1553592230190635
500,-19.901920318603516,20.253177642822266,3.152153968811035,0.1328696310520172,-0.043092746287584305,-0.035436004400253296,0.14410771429538727,3.282121430259851,-19.46582605509697,20.111742016743033,3.0358486993661815
501,-20.149999618530273,20.253177642822266,0.0,-2.5222441912831073e-09,7.938666946039064e-10,-0.031011871993541718,0.031011871993541718,3.282121430259851,-20.149999626808587,20.253177645427833,-0.10178472966247856
502,-19.901920318603516,20.253177642822266,-3.152153968811035,-0.1328696310520172,0.043092746287584305,-0.035436004400253296,0.14410771429538727,3.282121430259851,-20.338014582110063,20.394613268901498,-3.268459238255889
503,-19.163789749145508,20.253177642822266,-6.226692199707031,-0.12487673759460449,0.03906216844916344,-0.021733799949288368,0.13263638317584991,3.282121430259851,-19.573650365745696,20.381384423001684,-6.298025170281571
504,-17.953781127929688,20.253177642822266,-9.147909164428711,0.005062963347882032,-0.007474690210074186,0.036812786012887955,0.03790363669395447,3.282121430259851,-17.937163867424985,20.22864480189923,-9.027085130548242
505,-16.30169105529785,20.253177642822266,-11.843873023986816,0.11062716692686081,-0.045335229486227036,0.09272276610136032,0.15129825472831726,3.282121430259851,-15.938599259958268,20.104381914579772,-11.53954564629257
506,-14.248202323913574,20.253177642822266,-14.248202323913574,0.09282108396291733,-0.03306598588824272,0.06288965046405792,0.11689405888319016,3.282121430259851,-13.943552255058934,20.144651061925796,-14.041790854383938
507,-11.843873023986816,20.253177642822266,-16.30169105529785,-0.0015476602129638195,0.015605309046804905,-0.05158698186278343,0.05391787737607956,3.282121430259851,-11.848952632738545,20.304396162070613,-16.47100579399212
508,-9.147909164428711,20.253177642822266,-17.953781127929688,-0.06224026158452034,0.046995118260383606,-0.13389183580875397,0.15494972467422485,3.282121430259851,-9.352189260800245,20.407421327582266,-18.39323039157443
509,-6.226692199707031,20.253177642822266,-19.163789749145508,-0.05085308104753494,0.026456354185938835,-0.07902272045612335,0.09762461483478546,3.282121430259851,-6.393598186807886,20.34001060986248,-19.423151913431983
510,-3.152153968811035,20.253177642822266,-19.901920318603516,-0.016354583203792572,-0.023641293868422508,0.06786546856164932,0.07370281219482422,3.282121430259851,-3.2058316968271705,20.175584045577644,-19.679177609862702
511,-0.0,20.253177642822266,-20.149999618530273,-0.0002352347510168329,-0.04839880019426346,0.14795707166194916,0.1556720733642578,3.282121430259851,-0.0007720690174541875,20.09432690350581,-19.664386542870098
512,3.152153968811035,20.253177642822266,-19.901920318603516,0.01542119774967432,-0.020406804978847504,0.0714191421866417,0.07586134970188141,3.282121430259851,3.202768212425516,20.186200030878055,-19.667514021501965
513,6.226692199707031,20.253177642822266,-19.163789749145508,0.049554333090782166,0.03023168258368969,-0.07544221729040146,0.0951898917555809,3.282121430259851,6.389335538306522,20.35240169610301,-19.411400267260653
514,9.147909164428711,20.253177642822266,-17.953781127929688,0.06182367727160454,0.048543307930231094,-0.13283133506774902,0.15434630215168,3.282121430259851,9.350821980499314,20.412502674075782,-18.389749699365574
515,11.843873023986816,20.253177642822266,-16.30169105529785,0.0023527450393885374,0.014468351379036903,-0.052188508212566376,0.05420801416039467,3.282121430259851,11.85159501890053,20.300664528943933,-16.472980076515608
516,14.248202323913574,20.253177642822266,-14.248202323913574,-0.09189250320196152,-0.03521861135959625,0.06257463246583939,0.11661975085735321,3.282121430259851,13.946599969874194,20.137585883734943,-14.042824781706809
517,16.30169105529785,20.253177642822266,-11.843873023986816,-0.11019354313611984,-0.04673955962061882,0.0929858386516571,0.15157034993171692,3.282121430259851,15.940022465894529,20.099772732550523,-11.538682210237528
518,17.953781127929688,20.253177642822266,-9.147909164428711,-0.00427049258723855,-0.007705017924308777,0.03674620762467384,0.037787407636642456,3.282121430259851,17.939764852691347,20.227888838372355,-9.027303648902992
519,19.163789749145508,20.253177642822266,-6.226692199707031,0.12667468190193176,0.03939645737409592,-0.022396592423319817,0.13453684747219086,3.282121430259851,19.579551437287186,20.382481599846106,-6.300200535664405
520,19.901920318603516,20.253177642822266,-3.152153968811035,0.13458453118801117,0.043369900435209274,-0.03619197756052017,0.14595822989940643,3.282121430259851,20.343643092597162,20.395522922468903,-3.270940433965902
521,20.184999465942383,22.022422790527344,0.0,1.4516721158486234e-10,-8.308938537204824e-10,-0.002723083132877946,0.002723083132877946,3.282121430259851,20.18499946641884,22.02242278780025,-0.00893748950679784
522,19.93648910522461,22.022422790527344,3.15762996673584,0.00860282126814127,-0.0452035553753376,-0.0001821529003791511,0.04601524770259857,3.282121430259851,19.96472460926947,21.87405923270601,3.1570321187979213
523,19.19707679748535,22.022422790527344,6.2375078201293945,0.005977726075798273,-0.04107099398970604,0.0028490922413766384,0.041601408272981644,3.282121430259851,19.216696420342952,21.887622800991657,6.246858886831604
524,17.984966278076172,22.022422790527344,9.163798332214355,-0.005114937666803598,0.008014736697077751,-0.0002264823269797489,0.009510514326393604,3.282121430259851,17.968178431545514,22.04872812959871,9.1630549897154
525,16.330007553100586,22.022422790527344,11.864444732666016,-0.011662034317851067,0.04870925471186638,-0.006910066585987806,0.05056029558181763,3.282121430259851,16.291731340345542,22.182292479269147,11.841765055039623
526,14.272950172424316,22.022422790527344,14.272950172424316,-0.006519222632050514,0.036720290780067444,-0.007127369288355112,0.037969451397657394,3.282121430259851,14.251553292115029,22.142943243821975,14.24955728094163
527,11.864444732666016,22.022422790527344,16.330007553100586,0.0036395045462995768,-0.01506110280752182,0.003295815782621503,0.015841251239180565,3.282121430259851,11.876390028532954,21.97299042223943,16.340824820710917
528,9.163798332214355,22.022422790527344,17.984966278076172,0.0076113478280603886,-0.05059022456407547,0.014791841618716717,0.05325506627559662,3.282121430259851,9.188779700033994,21.856379530323935,18.033514898445972
529,6.2375078201293945,22.022422790527344,19.19707679748535,0.003445368492975831,-0.03151914104819298,0.013541103340685368,0.0344773568212986,3.282121430259851,6.2488159378953325,21.918973142229685,19.24152034294918
530,3.15762996673584,22.022422790527344,19.93648910522461,-0.0007045340607874095,0.021259667351841927,-0.0016310978680849075,0.021333783864974976,3.282121430259851,3.1553176003965815,22.09219960034302,19.931135643956917
531,0.0,22.022422790527344,20.184999465942383,0.0010861632181331515,0.050442952662706375,-0.015795063227415085,0.05286923050880432,3.282121430259851,0.003564919574994822,22.187982686467194,20.133158150431374
532,-3.15762996673584,22.022422790527344,19.93648910522461,0.004099257290363312,0.024643700569868088,-0.014196694828569889,0.02873433567583561,3.282121430259851,-3.1441757065349893,22.103306408288613,19.8898938288889
533,-6.2375078201293945,22.022422790527344,19.19707679748535,0.0005756445461884141,-0.027568582445383072,0.00031420346931554377,0.027576381340622902,3.282121430259851,-6.235618484828137,21.931939355281468,19.198108051425454
534,-9.163798332214355,22.022422790527344,17.984966278076172,-0.007217348087579012,-0.04897622764110565,0.01091673318296671,0.0506945364177227,3.282121430259851,-9.187486545042244,21.861676864213187,18.020796322004415
535,-11.864444732666016,22.022422790527344,16.330007553100586,-0.008404404856264591,-0.016272682696580887,0.007526717614382505,0.019801154732704163,3.282121430259851,-11.892029009953342,21.969013869921078,16.354711154282263
536,-14.272950172424316,22.022422790527344,14.272950172424316,0.0007511542644351721,0.03444008529186249,-0.0022087551187723875,0.0345190167427063,3.282121430259851,-14.270484792915582,22.13545933252374,14.265700769914798
537,-16.330007553100586,22.022422790527344,11.864444732666016,0.009432623162865639,0.04723457247018814,-0.0052155484445393085,0.04844874516129494,3.282121430259851,-16.299048538474178,22.17745239308091,11.847326669345636
538,-17.984966278076172,22.022422790527344,9.163798332214355,0.006024358794093132,0.007802662439644337,-0.00036844555870629847,0.009864592924714088,3.282121430259851,-17.965193600974505,22.048032076133584,9.162589049150242
539,-19.19707679748535,22.022422790527344,6.2375078201293945,-0.005124526098370552,-0.04067724570631981,0.002885801950469613,0.04110020771622658,3.282121430259851,-19.21389611441274,21.888915130670686,6.246979372554517
540,-19.93648910522461,22.022422790527344,3.15762996673584,-0.008791119791567326,-0.04488300159573555,0.00018686227849684656,0.04573622718453407,3.282121430259851,-19.965342627888493,21.875111329135592,3.1582432714246016
541,-20.184999465942383,22.022422790527344,0.0,1.556716699990801e-10,8.267980744491865e-10,-0.00235169124789536,0.00235169124789536,3.282121430259851,-20.18499946543145,22.022422793240995,-0.007718536242071893
542,-19.93648910522461,22.022422790527344,-3.15762996673584,0.008791119791567326,0.04488300159573555,0.00018686236580833793,0.04573622718453407,3.282121430259851,-19.907635582560726,22.169734251919095,-3.1570166617605113
543,-19.19707679748535,22.022422790527344,-6.2375078201293945,0.005124525632709265,0.04067724198102951,0.002885801950469613,0.04110020026564598,3.282121430259851,-19.180257482086322,22.155930438157146,-6.228036267704272
544,-17.984966278076172,22.022422790527344,-9.163798332214355,-0.006024358794093132,-0.007802663836628199,-0.00036844570422545075,0.009864593856036663,3.282121430259851,-18.00473895517784,21.99681350033603,-9.165007615756082
545,-16.330007553100586,22.022422790527344,-11.864444732666016,-0.009432623162865639,-0.04723457247018814,-0.0052155484445393085,0.04844874516129494,3.282121430259851,-16.360966567726994,21.86739318797378,-11.881562795986396
546,-14.272950172424316,22.022422790527344,-14.272950172424316,-0.0007511539151892066,-0.03444008529186249,-0.002208754885941744,0.0345190167427063,3.282121430259851,-14.275415550786782,21.909386248530947,-14.280199574169657
547,-11.864444732666016,22.022422790527344,-16.330007553100586,0.008404405787587166,0.016272684559226036,0.007526717614382505,0.019801156595349312,3.282121430259851,-11.836860452321975,22.075831717247038,-16.30530395191891
548,-9.163798332214355,22.022422790527344,-17.984966278076172,0.007217348087579012,0.04897622764110565,0.01091673318296671,0.0506945364177227,3.282121430259851,-9.140110119386467,22.1831687168415,-17.94913623414793
549,-6.2375078201293945,22.022422790527344,-19.19707679748535,-0.0005756447790190578,0.027568580582737923,0.00031420300365425646,0.027576379477977753,3.282121430259851,-6.23939715619483,22.112906219659795,-19.196045545073606
550,-3.15762996673584,22.022422790527344,-19.93648910522461,-0.004099257290363312,-0.024643702432513237,-0.014196694828569889,0.02873433753848076,3.282121430259851,-3.1710842269366903,21.941539166652646,-19.983084381560317
551,-0.0,22.022422790527344,-20.184999465942383,-0.0010861632181331515,-0.050442952662706375,-0.015795063227415085,0.05286923050880432,3.282121430259851,-0.003564919574994822,21.856862894587493,-20.23684078145339
552,3.15762996673584,22.022422790527344,-19.93648910522461,0.0007045340025797486,-0.021259665489196777,-0.0016310974024236202,0.021333780139684677,3.282121430259851,3.1599423328840537,21.952645986825097,-19.941842564963945
553,6.2375078201293945,22.022422790527344,-19.19707679748535,-0.0034453687258064747,0.03151914104819298,0.013541104272007942,0.0344773568212986,3.282121430259851,6.226199701599278,22.125872438825002,-19.15263324896481
554,9.163798332214355,22.022422790527344,-17.984966278076172,-0.0076113478280603886,0.05059022456407547,0.014791841618716717,0.05325506627559662,3.282121430259851,9.138816964394717,22.188466050730753,-17.93641765770637
555,11.864444732666016,22.022422790527344,-16.330007553100586,-0.003639504313468933,0.01506110094487667,0.0032958153169602156,0.015841249376535416,3.282121430259851,11.852499437563257,22.07185515270183,-16.31919028701861
556,14.272950172424316,22.022422790527344,-14.272950172424316,0.006519222632050514,-0.036720290780067444,-0.007127369754016399,0.03796945512294769,3.282121430259851,14.294347052733604,21.901902337232713,-14.296343065435359
557,16.330007553100586,22.022422790527344,-11.864444732666016,0.011662034317851067,-0.04870925471186638,-0.006910066585987806,0.05056029558181763,3.282121430259851,16.36828376585563,21.86255310178554,-11.887124410292408
558,17.984966278076172,22.022422790527344,-9.163798332214355,0.005114937201142311,-0.008014734834432602,-0.00022648218146059662,0.009510512463748455,3.282121430259851,18.001754123078474,21.9961174575694,-9.1645416742357
559,19.19707679748535,22.022422790527344,-6.2375078201293945,-0.00597772654145956,0.04107099398970604,0.002849092474207282,0.041601408272981644,3.282121430259851,19.177457173099395,22.15722278006303,-6.228156752663007
560,19.93648910522461,22.022422790527344,-3.15762996673584,-0.00860282126814127,0.0452035516500473,-0.00018215298769064248,0.04601524770259857,3.282121430259851,19.908253601179748,22.17078633612182,-3.158227814960325
561,20.219999313354492,23.791669845581055,0.0,2.37027975025228e-09,-8.411657481666168e-10,0.021756596863269806,0.021756596863269806,3.282121430259851,20.21999932113404,23.791669842820248,0.07140779281446208
562,19.971057891845703,23.791669845581055,3.163105010986328,0.12619918584823608,-0.045761462301015854,0.02971053309738636,0.13748840987682343,3.282121430259851,20.385258944199546,23.641475169482863,3.2606185883697045
563,19.230363845825195,23.791669845581055,6.248323917388916,0.11513169854879379,-0.04158170521259308,0.023183148354291916,0.12458653748035431,3.282121430259851,19.60824006093441,23.655193639796057,6.324413825423431
564,18.016151428222656,23.791669845581055,9.179688453674316,-0.012323045171797276,0.008107734844088554,-0.031170178204774857,0.0344843827188015,3.282121430259851,17.975705697578242,23.8182804158637,9.077384143803407
565,16.35832405090332,23.791669845581055,11.885018348693848,-0.11119109392166138,0.049309998750686646,-0.08885037899017334,0.15062975883483887,3.282121430259851,15.993381378689,23.95351124920677,11.59340061572349
566,14.297698974609375,23.791669845581055,14.297698974609375,-0.0871686115860939,0.037180811166763306,-0.06341737508773804,0.1140286922454834,3.282121430259851,14.01160100647666,23.91370178270593,14.089555448783083
567,11.885018348693848,23.791669845581055,16.35832405090332,0.00813030730932951,-0.015239696018397808,0.04963288828730583,0.05255258083343506,3.282121430259851,11.911703004548396,23.741651312688425,16.52122521719678
568,9.179688453674316,23.791669845581055,18.016151428222656,0.06396853178739548,-0.05121368542313576,0.13522091507911682,0.1581123322248459,3.282121430259851,9.389640942715985,23.623580311131196,18.459962891423174
569,6.248323917388916,23.791669845581055,19.230363845825195,0.046857140958309174,-0.03191130980849266,0.08436047285795212,0.10163962095975876,3.282121430259851,6.402114743888889,23.68693305179094,19.507245161659135
570,3.163105010986328,23.791669845581055,19.971057891845703,0.011962397955358028,0.021518005058169365,-0.06309439986944199,0.06772759556770325,3.282121430259851,3.2023670536729054,23.86229455111891,19.763974409904822
571,0.0,23.791669845581055,20.219999313354492,0.0019787726923823357,0.051056716591119766,-0.14897307753562927,0.15749184787273407,3.282121430259851,0.006494572259281048,23.959244189263472,19.73105158304304
572,-3.163105010986328,23.791669845581055,19.971057891845703,-0.00703818816691637,0.024936212226748466,-0.07858318090438843,0.08274459093809128,3.282121430259851,-3.186205199199166,23.873513522119975,19.713138349741424
573,-6.248323917388916,23.791669845581055,19.230363845825195,-0.04196356236934662,-0.027907436713576317,0.06701364368200302,0.08384864032268524,3.282121430259851,-6.3860534247313945,23.700074249479805,19.450310761873695
574,-9.179688453674316,23.791669845581055,18.016151428222656,-0.06369894742965698,-0.04955863952636719,0.12860019505023956,0.1518276184797287,3.282121430259851,-9.38875613411819,23.62901237273704,18.438232884332646
575,-11.885018348693848,23.791669845581055,16.35832405090332,-0.014314328320324421,-0.016452522948384285,0.0540127232670784,0.05824911594390869,3.282121430259851,-11.93199971243376,23.737670667430322,16.535600367444893
576,-14.297698974609375,23.791669845581055,14.297698974609375,0.07905536144971848,0.03486200422048569,-0.05631008744239807,0.10313066840171814,3.282121430259851,-14.038229678618315,23.906091176734922,14.112882429874874
577,-16.35832405090332,23.791669845581055,11.885018348693848,0.10709275305271149,0.04779735580086708,-0.0851316824555397,0.14491668343544006,3.282121430259851,-16.00683263108349,23.948546571364837,11.605605829312445
578,-18.016151428222656,23.791669845581055,9.179688453674316,0.013223563320934772,0.007884933613240719,-0.030720768496394157,0.03436277434229851,3.282121430259851,-17.972750087662618,23.81754915516925,9.078859161038249
579,-19.230363845825195,23.791669845581055,6.248323917388916,-0.112587571144104,-0.04117785394191742,0.022847747430205345,0.1220393255352974,3.282121430259851,-19.599889925858164,23.656519128706176,6.323312998862757
580,-19.971057891845703,23.791669845581055,3.163105010986328,-0.12472008168697357,-0.04542967677116394,0.029705816879868507,0.13601981103420258,3.282121430259851,-20.380404344734277,23.64256412988064,3.2606031091711194
581,-20.219999313354492,23.791669845581055,0.0,2.349902494813705e-09,8.368815085368908e-10,0.02193499356508255,0.02193499356508255,3.282121430259851,-20.219999305641828,23.7916698483278,0.07199331245256936
582,-19.971057891845703,23.791669845581055,-3.163105010986328,0.12472008168697357,0.04542967677116394,0.029705816879868507,0.13601981103420258,3.282121430259851,-19.56171143895713,23.94077556128147,-3.065606912801537
583,-19.230363845825195,23.791669845581055,-6.248323917388916,0.11258756369352341,0.04117785394191742,0.022847745567560196,0.1220393180847168,3.282121430259851,-18.860837790245935,23.926820562455934,-6.173334842028503
584,-18.016151428222656,23.791669845581055,-9.179688453674316,-0.013223567977547646,-0.007884935475885868,-0.030720770359039307,0.034362781792879105,3.282121430259851,-18.059552784066263,23.765790529879432,-9.28051775242381
585,-16.35832405090332,23.791669845581055,-11.885018348693848,-0.10709276050329208,-0.04779735580086708,-0.0851316824555397,0.14491669833660126,3.282121430259851,-16.709815495176862,23.634793119797273,-12.16443086807525
586,-14.297698974609375,23.791669845581055,-14.297698974609375,-0.07905536144971848,-0.03486200422048569,-0.05631008371710777,0.10313066840171814,3.282121430259851,-14.557168270600435,23.677248514427188,-14.482515507117022
587,-11.885018348693848,23.791669845581055,-16.35832405090332,0.014314331114292145,0.016452524811029434,0.0540127269923687,0.05824912339448929,3.282121430259851,-11.838036975783794,23.845669029845215,-16.181047722134892
588,-9.179688453674316,23.791669845581055,-18.016151428222656,0.06369894742965698,0.04955863952636719,0.12860019505023956,0.1518276184797287,3.282121430259851,-8.970620773230443,23.95432731842507,-17.594069972112667
589,-6.248323917388916,23.791669845581055,-19.230363845825195,0.04196356236934662,0.027907434850931168,0.06701364368200302,0.08384864032268524,3.282121430259851,-6.1105944100464376,23.883265435568877,-19.010416929776696
590,-3.163105010986328,23.791669845581055,-19.971057891845703,0.007038187235593796,-0.024936214089393616,-0.07858318835496902,0.08274459838867188,3.282121430259851,-3.1400048258302045,23.709826162928707,-20.228977458403694
591,-0.0,23.791669845581055,-20.219999313354492,-0.0019787733908742666,-0.051056716591119766,-0.14897307753562927,0.15749184787273407,3.282121430259851,-0.006494574551816383,23.624095501898637,-20.708947043665944
592,3.163105010986328,23.791669845581055,-19.971057891845703,-0.011962398886680603,-0.021518003195524216,-0.06309439241886139,0.06772758811712265,3.282121430259851,3.1238429652430373,23.721045146156623,-20.178141349332872
593,6.248323917388916,23.791669845581055,-19.230363845825195,-0.04685714468359947,0.03191130980849266,0.08436048030853271,0.10163962841033936,3.282121430259851,6.094533078662088,23.89640663937117,-18.953482505537547
594,9.179688453674316,23.791669845581055,-18.016151428222656,-0.06396853178739548,0.05121368542313576,0.13522091507911682,0.1581123322248459,3.282121430259851,8.969735964632648,23.959759380030913,-17.572339965022138
595,11.885018348693848,23.791669845581055,-16.35832405090332,-0.008130304515361786,0.015239694155752659,0.04963288456201553,0.05255257710814476,3.282121430259851,11.85833370200944,23.841688372360256,-16.195422896836718
596,14.297698974609375,23.791669845581055,-14.297698974609375,0.0871686115860939,-0.037180811166763306,-0.06341737508773804,0.1140286922454834,3.282121430259851,14.58379694274209,23.669637908456178,-14.505842500435667
597,16.35832405090332,23.791669845581055,-11.885018348693848,0.11119109392166138,-0.049309998750686646,-0.08885037899017334,0.15062975883483887,3.282121430259851,16.72326672311764,23.62982844195534,-12.176636081664205
598,18.016151428222656,23.791669845581055,-9.179688453674316,0.012323040515184402,-0.008107732981443405,-0.031170176342129707,0.0344843789935112,3.282121430259851,18.056597143583502,23.765059281411833,-9.2819927574318
599,19.230363845825195,23.791669845581055,-6.248323917388916,-0.11513169854879379,0.04158170521259308,0.023183148354291916,0.12458653748035431,3.282121430259851,18.85248763071598,23.928146051366053,-6.172234009354401
600,19.971057891845703,23.791669845581055,-3.163105010986328,-0.12619918584823608,0.045761458575725555,0.02971053309738636,0.13748839497566223,3.282121430259851,19.55685683949186,23.94186450945239,-3.0655914336029517
601,20.899999618530273,26.119089126586914,0.0,3.3989637771014714e-09,-1.1180785186581943e-09,0.021912265568971634,0.021912265568971634,3.282121430259851,20.899999629686086,26.119089122917245,0.07191871640946687
602,20.64268684387207,26.119089126586914,3.269479990005493,0.18115924298763275,-0.06074509024620056,0.03855888918042183,0.19492416083812714,3.282121430259851,21.23727347757143,25.91971636410679,3.3960349465115702
603,19.8770809173584,26.119089126586914,6.4584550857543945,0.1634277105331421,-0.05526198819279671,0.03897998109459877,0.17686700820922852,3.282121430259851,20.413470508397527,25.93771257086057,6.586392117056101
604,18.62203598022461,26.119089126586914,9.488401412963867,-0.020389234647154808,0.01053311862051487,-0.03525922819972038,0.042069949209690094,3.282121430259851,18.555116036242588,26.153660100938776,9.372676344475142
605,16.90845489501953,26.119089126586914,12.284711837768555,-0.1584216207265854,0.06503649801015854,-0.12331584841012955,0.21103069186210632,3.282121430259851,16.388495898616306,26.332546810455106,11.879974249010994
606,14.778532028198242,26.119089126586914,14.778532028198242,-0.11787796765565872,0.04894840344786644,-0.09456068277359009,0.1588486284017563,3.282121430259851,14.391642224400128,26.279743730520163,14.468172384807039
607,12.284711837768555,26.119089126586914,16.90845489501953,0.019306503236293793,-0.020199868828058243,0.0643305703997612,0.07013699412345886,3.282121430259851,12.348078125783776,26.052790704217905,17.119595638749427
608,9.488401412963867,26.119089126586914,18.62203598022461,0.09121707081794739,-0.06724321097135544,0.18825332820415497,0.21973057091236115,3.282121430259851,9.787786915900982,25.898388742818344,19.239906263041206
609,6.4584550857543945,26.119089126586914,19.8770809173584,0.057336002588272095,-0.04127584397792816,0.11760715395212173,0.13719531893730164,3.282121430259851,6.646638808574797,25.983616794514894,20.26308187769653
610,3.269479990005493,26.119089126586914,20.64268684387207,0.006850730627775192,0.029057877138257027,-0.09063258022069931,0.09542304277420044,3.282121430259851,3.2919649198118517,26.214460607860246,20.345219710049967
611,0.0,26.119089126586914,20.899999618530273,0.001395571744069457,0.06704550236463547,-0.20844410359859467,0.21896572411060333,3.282121430259851,0.004580435928675481,26.339140606700422,20.21586075909802
612,-3.269479990005493,26.119089126586914,20.64268684387207,-0.002937044482678175,0.03164895623922348,-0.1033109650015831,0.10808995366096497,3.282121430259851,-3.2791197266437178,26.222964844105025,20.30360771165955
613,-6.4584550857543945,26.119089126586914,19.8770809173584,-0.05259089544415474,-0.03791768476366997,0.10257548093795776,0.12134777754545212,3.282121430259851,-6.63106479072821,25.994638680838236,20.21374610156408
614,-9.488401412963867,26.119089126586914,18.62203598022461,-0.08956115692853928,-0.06530391424894333,0.181121826171875,0.21234622597694397,3.282121430259851,-9.782352005437891,25.904753750150604,19.21649980739112
615,-12.284711837768555,26.119089126586914,16.90845489501953,-0.02340846136212349,-0.02057488262653351,0.06652412563562393,0.07346251606941223,3.282121430259851,-12.36154125045459,26.051559863393287,17.126795153397513
616,-14.778532028198242,26.119089126586914,14.778532028198242,0.11055920273065567,0.04709567129611969,-0.08885044604539871,0.14945146441459656,3.282121430259851,-14.415663299603514,26.273662838620382,14.486914075144492
617,-16.90845489501953,26.119089126586914,12.284711837768555,0.15308751165866852,0.06326307356357574,-0.11946292966604233,0.20422877371311188,3.282121430259851,-16.40600309229946,26.326726216074032,11.892619996190012
618,-18.62203598022461,26.119089126586914,9.488401412963867,0.01946846954524517,0.009771161712706089,-0.034120943397283554,0.04048129916191101,3.282121430259851,-18.558138099115798,26.151159265842722,9.37641233341896
619,-19.8770809173584,26.119089126586914,6.4584550857543945,-0.16164937615394592,-0.05514853447675705,0.039062462747097015,0.17520774900913239,3.282121430259851,-20.4076337990214,25.938084939733326,6.586662831855369
620,-20.64268684387207,26.119089126586914,3.269479990005493,-0.17952033877372742,-0.060431793332099915,0.03872552141547203,0.1933370679616928,3.282121430259851,-21.23189439492883,25.920744642622594,3.3965818537412007
621,-20.899999618530273,26.119089126586914,0.0,3.3752332040393185e-09,1.1138756583761733e-09,0.022223839536309242,0.022223839536309242,3.282121430259851,-20.899999607452347,26.119089130242788,0.07294134000477671
622,-20.64268684387207,26.119089126586914,-3.269479990005493,0.1795203536748886,0.060431793332099915,0.03872552141547203,0.193337082862854,3.282121430259851,-20.05347924390789,26.317433610551234,-3.1423781262697856
623,-19.8770809173584,26.119089126586914,-6.4584550857543945,0.16164937615394592,0.05514853075146675,0.03906245902180672,0.17520774900913239,3.282121430259851,-19.346528035695396,26.300093301213646,-6.330247351880275
624,-18.62203598022461,26.119089126586914,-9.488401412963867,-0.01946847513318062,-0.009771163575351238,-0.03412094712257385,0.04048130661249161,3.282121430259851,-18.6859338796737,26.08701898121768,-9.60039050473563
625,-16.90845489501953,26.119089126586914,-12.284711837768555,-0.15308751165866852,-0.06326307356357574,-0.11946292966604233,0.20422877371311188,3.282121430259851,-17.410906697739602,25.911452037099796,-12.676803679347097
626,-14.778532028198242,26.119089126586914,-14.778532028198242,-0.11055920273065567,-0.04709567129611969,-0.08885044604539871,0.14945146441459656,3.282121430259851,-15.14140075679297,25.964515414553446,-15.070149981251992
627,-12.284711837768555,26.119089126586914,-16.90845489501953,0.023408465087413788,0.020574884489178658,0.06652412563562393,0.07346251606941223,3.282121430259851,-12.207882412855664,26.18661839589397,-16.69011463664155
628,-9.488401412963867,26.119089126586914,-18.62203598022461,0.08956115692853928,0.06530391424894333,0.181121826171875,0.21234622597694397,3.282121430259851,-9.194450820489843,26.333424503023224,-18.0275721530581
629,-6.4584550857543945,26.119089126586914,-19.8770809173584,0.05259089544415474,0.03791768476366997,0.10257547348737717,0.12134777009487152,3.282121430259851,-6.285845380780579,26.243539572335592,-19.540415757606425
630,-3.269479990005493,26.119089126586914,-20.64268684387207,0.002937043085694313,-0.03164895623922348,-0.1033109724521637,0.10808996111154556,3.282121430259851,-3.2598402579523396,26.015213409068803,-20.9817660005383
631,-0.0,26.119089126586914,-20.899999618530273,-0.001395572442561388,-0.06704550236463547,-0.20844410359859467,0.21896572411060333,3.282121430259851,-0.004580438221210816,25.899037646473406,-21.584138477962526
632,3.269479990005493,26.119089126586914,-20.64268684387207,-0.006850731559097767,-0.029057875275611877,-0.09063257277011871,0.09542303532361984,3.282121430259851,3.246995057142421,26.02371765142701,-20.94015395324046
633,6.4584550857543945,26.119089126586914,-19.8770809173584,-0.05733600631356239,0.04127584397792816,0.11760716140270233,0.13719531893730164,3.282121430259851,6.270271350707137,26.254561458658934,-19.49107993256656
634,9.488401412963867,26.119089126586914,-18.62203598022461,-0.09121707081794739,0.06724321097135544,0.18825332820415497,0.21973057091236115,3.282121430259851,9.189015910026752,26.339789510355484,-18.004165697408013
635,12.284711837768555,26.119089126586914,-16.90845489501953,-0.019306499511003494,0.020199865102767944,0.0643305629491806,0.07013698667287827,3.282121430259851,12.221345561980188,26.185387536729067,-16.697314175743344
636,14.778532028198242,26.119089126586914,-14.778532028198242,0.11787797510623932,-0.04894840344786644,-0.09456069022417068,0.1588486284017563,3.282121430259851,15.165421856450067,25.958434522653665,-15.088891696043156
637,16.90845489501953,26.119089126586914,-12.284711837768555,0.1584216058254242,-0.06503649801015854,-0.12331584841012955,0.21103069186210632,3.282121430259851,17.428413842515337,25.90563144271872,-12.689449426526116
638,18.62203598022461,26.119089126586914,-9.488401412963867,0.02038922719657421,-0.01053311675786972,-0.03525922819972038,0.042069945484399796,3.282121430259851,18.688955899752923,26.08451815834848,-9.604126481452592
639,19.8770809173584,26.119089126586914,-6.4584550857543945,-0.1634277105331421,0.05526198819279671,0.03897998481988907,0.17686700820922852,3.282121430259851,19.34069132631927,26.30046568231326,-6.330518042225833
640,20.64268684387207,26.119089126586914,-3.269479990005493,-0.18115924298763275,0.06074509024620056,0.03855888918042183,0.19492416083812714,3.282121430259851,20.04810021017271,26.318461889067038,-3.142925033499416
641,21.579999923706055,28.446510314941406,0.0,2.6876596503910832e-09,-9.16077991242048e-10,0.02727787382900715,0.02727787382900715,3.282121430259851,21.57999993252728,28.446510311934727,0.0895292942661087
642,21.314313888549805,28.446510314941406,3.3758559226989746,0.14233721792697906,-0.049698323011398315,0.034952785819768906,0.15476273000240326,3.282121430259851,21.78148192183151,28.28339438393772,3.490575210085321
643,20.523799896240234,28.446510314941406,6.6685872077941895,0.13089504837989807,-0.045279521495103836,0.025297129526734352,0.14079664647579193,3.282121430259851,20.953413339642797,28.297897427090415,6.751615458737944
644,19.227920532226562,28.446510314941406,9.797115325927734,-0.011358994990587234,0.008394518867135048,-0.03643792122602463,0.03907962143421173,3.282121430259851,19.19063893134174,28.47406214521195,9.677521643797679
645,17.458587646484375,28.446510314941406,12.684406280517578,-0.12261828780174255,0.05283503606915474,-0.09950512647628784,0.166517436504364,3.282121430259851,17.056139536348507,28.61992131909253,12.357818372489037
646,15.259364128112793,28.446510314941406,15.259364128112793,-0.09731952846050262,0.03974531590938568,-0.06924908608198166,0.12588174641132355,3.282121430259851,14.939949618169793,28.57695926804005,15.032080218657212
647,12.684406280517578,28.446510314941406,17.458587646484375,0.007663342170417309,-0.016377197578549385,0.056195344775915146,0.05903267115354538,3.282121430259851,12.709558300082518,28.39275836380125,17.643027591854246
648,9.797115325927734,28.446510314941406,19.227920532226562,0.06978071480989456,-0.05425996333360672,0.1478501409292221,0.17225897312164307,3.282121430259851,10.026144105424141,28.26842252647906,19.7131826482373
649,6.6685872077941895,28.446510314941406,20.523799896240234,0.051839832216501236,-0.03286426141858101,0.08817726373672485,0.10743676126003265,3.282121430259851,6.8387318320530435,28.33864581824982,20.813208383212213
650,3.3758559226989746,28.446510314941406,21.314313888549805,0.013668166473507881,0.02396124228835106,-0.07357566803693771,0.07857695966959,3.282121430259851,3.420716504794034,28.525154021751653,21.072829611740087
651,0.0,28.446510314941406,21.579999923706055,0.001043039606884122,0.053898587822914124,-0.16207259893417358,0.1708030253648758,3.282121430259851,0.003423382646364187,28.623412025095735,21.048057973486294
652,-3.3758559226989746,28.446510314941406,21.314313888549805,-0.01127139013260603,0.02447671629488468,-0.07893817126750946,0.08341096341609955,3.282121430259851,-3.4128499938020203,28.52684587003524,21.05522922496719
653,-6.6685872077941895,28.446510314941406,20.523799896240234,-0.04909319803118706,-0.03160013258457184,0.08032915741205215,0.09930500388145447,3.282121430259851,-6.829717045132339,28.34279484258653,20.78744994525705
654,-9.797115325927734,28.446510314941406,19.227920532226562,-0.06789521872997284,-0.052559901028871536,0.1416277438402176,0.16562221944332123,3.282121430259851,-10.019955678333558,28.27400233740221,19.692759985403892
655,-12.684406280517578,28.446510314941406,17.458587646484375,-0.00837558414787054,-0.015287885442376137,0.054249946027994156,0.05698180943727493,3.282121430259851,-12.711895964740249,28.396333618507626,17.636642556933296
656,-15.259364128112793,28.446510314941406,15.259364128112793,0.09361527115106583,0.03940613940358162,-0.06743381917476654,0.12191793322563171,3.282121430259851,-14.952107440468293,28.575846049561708,15.038038145075024
657,-17.458587646484375,28.446510314941406,12.684406280517578,0.11780693382024765,0.051390450447797775,-0.09653804451227188,0.1607452929019928,3.282121430259851,-17.071930984359735,28.61518001366683,12.36755669578847
658,-19.227920532226562,28.446510314941406,9.797115325927734,0.008076227270066738,0.006952656898647547,-0.03437210991978645,0.03598620370030403,3.282121430259851,-19.201413373627826,28.469329779145703,9.684301887356757
659,-20.523799896240234,28.446510314941406,6.6685872077941895,-0.13169875741004944,-0.04597465321421623,0.026243872940540314,0.14194002747535706,3.282121430259851,-20.95605121027435,28.29561592037826,6.754722785585353
660,-21.314313888549805,28.446510314941406,3.3758559226989746,-0.1419217735528946,-0.04980307072401047,0.03549615666270256,0.1545383781194687,3.282121430259851,-21.780118382948245,28.283050589225386,3.492358619173492
661,-21.579999923706055,28.446510314941406,0.0,2.6867295055410523e-09,9.195040284737388e-10,0.027807816863059998,0.027807816863059998,3.282121430259851,-21.579999914887882,28.44651031795933,0.09126863165499048
662,-21.314313888549805,28.446510314941406,-3.3758559226989746,0.1419217735528946,0.049803074449300766,0.03549615293741226,0.15453839302062988,3.282121430259851,-20.848509394151364,28.609970052884282,-3.259353238451313
663,-20.523799896240234,28.446510314941406,-6.6685872077941895,0.13169875741004944,0.04597465321421623,0.026243872940540314,0.14194002747535706,3.282121430259851,-20.09154858220612,28.597404709504552,-6.582451630003026
664,-19.227920532226562,28.446510314941406,-9.797115325927734,-0.008076231926679611,-0.006952658761292696,-0.03437210991978645,0.03598620370030403,3.282121430259851,-19.254427706108867,28.423690844623685,-9.909928764498712
665,-17.458587646484375,28.446510314941406,-12.684406280517578,-0.11780694127082825,-0.051390450447797775,-0.09653804451227188,0.1607452929019928,3.282121430259851,-17.845244333062723,28.277840616215983,-13.001255865246685
666,-15.259364128112793,28.446510314941406,-15.259364128112793,-0.09361527115106583,-0.03940613567829132,-0.06743381917476654,0.12191793322563171,3.282121430259851,-15.566620815757293,28.31717459254796,-15.480690111150562
667,-12.684406280517578,28.446510314941406,-17.458587646484375,0.008375587873160839,0.015287887305021286,0.054249949753284454,0.05698181316256523,3.282121430259851,-12.656916584068052,28.496687017488615,-17.2805327238086
668,-9.797115325927734,28.446510314941406,-19.227920532226562,0.06789521872997284,0.052559901028871536,0.1416277438402176,0.16562221944332123,3.282121430259851,-9.574274973521911,28.619018292480604,-18.763081079049233
669,-6.6685872077941895,28.446510314941406,-20.523799896240234,0.04909319803118706,0.03160012885928154,0.08032914996147156,0.09930499643087387,3.282121430259851,-6.50745737045604,28.55022577506943,-20.260149871677132
670,-3.3758559226989746,28.446510314941406,-21.314313888549805,0.011271389201283455,-0.02447671815752983,-0.07893817871809006,0.08341097086668015,3.282121430259851,-3.3388618546526425,28.366174753734146,-21.57339857658613
671,-0.0,28.446510314941406,-21.579999923706055,-0.0010430405382066965,-0.053898587822914124,-0.16207259893417358,0.1708030253648758,3.282121430259851,-0.0034233857030779675,28.269608604787077,-22.111941873925815
672,3.3758559226989746,28.446510314941406,-21.314313888549805,-0.013668167404830456,-0.02396124042570591,-0.07357566058635712,0.0785769522190094,3.282121430259851,3.3309953375472015,28.367866614244587,-21.55579814090581
673,6.6685872077941895,28.446510314941406,-20.523799896240234,-0.051839832216501236,0.03286426141858101,0.08817727118730545,0.10743676871061325,3.282121430259851,6.498442583535335,28.554374811632993,-20.234391384814543
674,9.797115325927734,28.446510314941406,-19.227920532226562,-0.06978071480989456,0.05425996333360672,0.1478501409292221,0.17225897312164307,3.282121430259851,9.568086546431328,28.624598103403752,-18.742658416215825
675,12.684406280517578,28.446510314941406,-17.458587646484375,-0.007663338910788298,0.016377195715904236,0.05619534105062485,0.05903266742825508,3.282121430259851,12.659254271651136,28.500262259968135,-17.274147713341357
676,15.259364128112793,28.446510314941406,-15.259364128112793,0.09731952846050262,-0.03974531590938568,-0.06924908608198166,0.12588174641132355,3.282121430259851,15.578778638055793,28.316061361842763,-15.486648037568374
677,17.458587646484375,28.446510314941406,-12.684406280517578,0.12261828780174255,-0.05283503234386444,-0.09950512647628784,0.166517436504364,3.282121430259851,17.861035756620243,28.273099323017135,-13.01099418854612
678,19.227920532226562,28.446510314941406,-9.797115325927734,0.011358990333974361,-0.008394517004489899,-0.03643791750073433,0.03907961770892143,3.282121430259851,19.265202117827815,28.418958490784288,-9.916708995830936
679,20.523799896240234,28.446510314941406,-6.6685872077941895,-0.13089504837989807,0.045279521495103836,0.0252971313893795,0.14079664647579193,3.282121430259851,20.094186452837672,28.595123202792397,-6.585558950737008
680,21.314313888549805,28.446510314941406,-3.3758559226989746,-0.14233721792697906,0.04969831928610802,0.034952785819768906,0.15476273000240326,3.282121430259851,20.8471458552681,28.609626233718238,-3.2611366353126283
681,22.829999923706055,30.839998245239258,0.0,1.132576366025262e-09,-1.1516697318025848e-10,0.008393929339945316,0.008393929339945316,3.282121430259851,22.82999992742331,30.839998244861267,0.027549895370721448
682,22.548925399780273,30.839998245239258,3.571398973464966,0.060011304914951324,-0.006078964564949274,0.013335678726434708,0.061774998903274536,3.282121430259851,22.745889789699493,30.820046345366848,3.6151682904000575
683,21.71261978149414,30.839998245239258,7.054858207702637,0.05452599748969078,-0.005830264184623957,0.012443440034985542,0.05623091012239456,3.282121430259851,21.89158072636135,30.820862610214828,7.095699088907616
684,20.341678619384766,30.839998245239258,10.364603042602539,-0.005803950130939484,0.0002110829227603972,-0.012381053529679775,0.01367555744946003,3.282121430259851,20.32262935027985,30.84069104502361,10.323966921483583
685,18.469858169555664,30.839998245239258,13.419137001037598,-0.0514877587556839,0.00538178626447916,-0.04069321230053902,0.0658474788069725,3.282121430259851,18.300869093147586,30.85766192127098,13.285576936879885
686,16.143247604370117,30.839998245239258,16.143247604370117,-0.03890850767493248,0.004341613035649061,-0.030455512925982475,0.049601007252931595,3.282121430259851,16.01554515751079,30.854247946425456,16.043288912726194
687,13.419137001037598,30.839998245239258,18.469858169555664,0.005394234787672758,-0.0011440512025728822,0.021309135481715202,0.022011039778590202,3.282121430259851,13.436841534634071,30.83624333026998,18.539797339780513
688,10.364603042602539,30.839998245239258,20.341678619384766,0.028943991288542747,-0.004536590538918972,0.060337141156196594,0.06707388162612915,3.282121430259851,10.45960073668792,30.82510860421116,20.539712443414132
689,7.054858207702637,30.839998245239258,21.71261978149414,0.018620677292346954,-0.0021481565199792385,0.036276645958423615,0.040833067148923874,3.282121430259851,7.115973531689802,30.83294773468948,21.831684138612232
690,3.571398973464966,30.839998245239258,22.548925399780273,0.002698271069675684,0.0027631428092718124,-0.030173884704709053,0.03042004071176052,3.282121430259851,3.5802550267673987,30.849067215468438,22.449891046156758
691,0.0,30.839998245239258,22.829999923706055,0.0002879859821405262,0.004038671497255564,-0.06527115404605865,0.06539661437273026,3.282121430259851,0.0009452049635978516,30.85325365551018,22.615772070233692
692,-3.571398973464966,30.839998245239258,22.548925399780273,-0.0022793333046138287,-5.3965744882589206e-05,-0.029287628829479218,0.029376240447163582,3.282121430259851,-3.5788800221507437,30.839821123111477,22.452799845557543
693,-7.054858207702637,30.839998245239258,21.71261978149414,-0.017996152862906456,-0.004742923658341169,0.03560157120227814,0.04017248377203941,3.282121430259851,-7.113923766676214,30.82443139385813,21.82946846128806
694,-10.364603042602539,30.839998245239258,20.341678619384766,-0.02727465145289898,-0.004225314594805241,0.056968364864587784,0.06330209225416183,3.282121430259851,-10.454121760638968,30.826130249658057,20.528655710553693
695,-13.419137001037598,30.839998245239258,18.469858169555664,-0.003244658000767231,0.0016305303433910012,0.017332982271909714,0.017709283158183098,3.282121430259851,-13.42978636259578,30.84534984382199,18.526747122120614
696,-16.143247604370117,30.839998245239258,16.143247604370117,0.03937895596027374,0.006841123104095459,-0.03224213421344757,0.05135229602456093,3.282121430259851,-16.014001089111645,30.862451641986254,16.037425004710848
697,-18.469858169555664,30.839998245239258,13.419137001037598,0.04896620661020279,0.005570249632000923,-0.03984008729457855,0.06337151676416397,3.282121430259851,-18.309145133481785,30.858280480928347,13.288376996744638
698,-20.341678619384766,30.839998245239258,10.364603042602539,0.0015193633735179901,-0.0016169885639101267,-0.010505584999918938,0.010737338103353977,3.282121430259851,-20.33669188429619,30.834691092421163,10.330122436936888
699,-21.71261978149414,30.839998245239258,7.054858207702637,-0.05820488929748535,-0.00803580041974783,0.013960182666778564,0.06039263308048248,3.282121430259851,-21.90365529600332,30.81362377247231,7.100677222403613
700,-22.548925399780273,30.839998245239258,3.571398973464966,-0.06184271723031998,-0.00739065557718277,0.014328534714877605,0.06390970945358276,3.282121430259851,-22.751900707307406,30.815741216185717,3.618426964316888
701,-22.829999923706055,30.839998245239258,0.0,1.1736899230285758e-09,1.4078609111844997e-10,0.009215484373271465,0.009215484373271465,3.282121430259851,-22.82999991985386,30.839998245701334,0.030246338751739047
702,-22.548925399780273,30.839998245239258,-3.571398973464966,0.06184271723031998,0.00739065557718277,0.014328534714877605,0.06390970945358276,3.282121430259851,-22.34595009225314,30.8642552742928,-3.5243709826130436
703,-21.71261978149414,30.839998245239258,-7.054858207702637,0.05820488557219505,0.00803580041974783,0.01396018173545599,0.060392629355192184,3.282121430259851,-21.521584279211815,30.866372718006204,-7.009039196058374
704,-20.341678619384766,30.839998245239258,-10.364603042602539,-0.0015193653525784612,0.001616988331079483,-0.010505585931241512,0.010737339034676552,3.282121430259851,-20.346665360968856,30.845305397293174,-10.399083651324903
705,-18.469858169555664,30.839998245239258,-13.419137001037598,-0.04896620661020279,-0.005570249632000923,-0.03984008729457855,0.06337151676416397,3.282121430259851,-18.630571205629543,30.82171600955017,-13.549897005330557
706,-16.143247604370117,30.839998245239258,-16.143247604370117,-0.03937895596027374,-0.006841123104095459,-0.03224213048815727,0.05135229229927063,3.282121430259851,-16.27249411962859,30.81754484849226,-16.249070191802534
707,-13.419137001037598,30.839998245239258,-18.469858169555664,0.003244659397751093,-0.0016305301105603576,0.017332984134554863,0.017709285020828247,3.282121430259851,-13.408487634894344,30.834646647420705,-18.412969210877286
708,-10.364603042602539,30.839998245239258,-20.341678619384766,0.02727465145289898,0.004225314594805241,0.056968364864587784,0.06330209225416183,3.282121430259851,-10.27508432456611,30.85386624082046,-20.15470152821584
709,-7.054858207702637,30.839998245239258,-21.71261978149414,0.017996152862906456,0.004742923658341169,0.03560157120227814,0.04017248377203941,3.282121430259851,-6.99579264872906,30.855565096620385,-21.595771101700223
710,-3.571398973464966,30.839998245239258,-22.548925399780273,0.002279333071783185,5.396559208747931e-05,-0.029287630692124367,0.02937624230980873,3.282121430259851,-3.5639179255433664,30.840175366865545,-22.645050960116432
711,-0.0,30.839998245239258,-22.829999923706055,-0.0002879862440750003,-0.004038671962916851,-0.06527115404605865,0.06539661437273026,3.282121430259851,-0.0009452058232986024,30.82674283343998,-23.044227777178417
712,3.571398973464966,30.839998245239258,-22.548925399780273,-0.0026982715353369713,-0.0027631428092718124,-0.030173882842063904,0.03042004071176052,3.282121430259851,3.5625429186341764,30.830929275010078,-22.64795974729036
713,7.054858207702637,30.839998245239258,-21.71261978149414,-0.018620679154992104,0.002148156752809882,0.036276645958423615,0.040833067148923874,3.282121430259851,6.9937428776020445,30.847048756553214,-21.59355542437605
714,10.364603042602539,30.839998245239258,-20.341678619384766,-0.028943991288542747,0.004536590538918972,0.060337141156196594,0.06707388162612915,3.282121430259851,10.269605348517159,30.854887886267356,-20.1436447953554
715,13.419137001037598,30.839998245239258,-18.469858169555664,-0.005394233390688896,0.0011440510861575603,0.021309133619070053,0.022011037915945053,3.282121430259851,13.401432472026194,30.84375315982645,-18.399919005444243
716,16.143247604370117,30.839998245239258,-16.143247604370117,0.03890850767493248,-0.004341613035649061,-0.030455512925982475,0.049601007252931595,3.282121430259851,16.270950051229445,30.82574854405306,-16.24320629601404
717,18.469858169555664,30.839998245239258,-13.419137001037598,0.0514877587556839,-0.00538178626447916,-0.04069321230053902,0.0658474788069725,3.282121430259851,18.638847245963742,30.822334569207534,-13.55269706519531
718,20.341678619384766,30.839998245239258,-10.364603042602539,0.005803948268294334,-0.00021108270448166877,-0.0123810525983572,0.01367555558681488,3.282121430259851,20.360727882376253,30.83930544617132,-10.405239160664781
719,21.71261978149414,30.839998245239258,-7.054858207702637,-0.05452599748969078,0.005830264184623957,0.012443440966308117,0.05623091012239456,3.282121430259851,21.53365883662693,30.859133880263688,-7.014017323440943
720,22.548925399780273,30.839998245239258,-3.571398973464966,-0.060011304914951324,0.006078964564949274,0.013335678726434708,0.061774998903274536,3.282121430259851,22.351961009861053,30.859950145111668,-3.527629656529874
721,24.079999923706055,33.233489990234375,0.0,-6.205741476250637e-10,7.811919999767269e-10,-0.006769376806914806,0.006769376806914806,3.282121430259851,24.079999921669256,33.23348999279834,-0.02221791668747909
722,23.78353500366211,33.233489990234375,3.766942024230957,-0.033075153827667236,0.04265625774860382,-0.008271994069218636,0.05460721626877785,3.282121430259851,23.67497833247518,33.37349300792575,3.7397923352253923
723,22.90144157409668,33.233489990234375,7.441129207611084,-0.030321110039949417,0.038251593708992004,-0.005453780293464661,0.049115147441625595,3.282121430259851,22.801924009045294,33.35903636568825,7.423229238433975
724,21.45543670654297,33.233489990234375,10.932090759277344,0.0030456597451120615,-0.008849461562931538,0.00924107525497675,0.01315243262797594,3.282121430259851,21.46543293166168,33.20444498279242,10.962421090410347
725,19.481128692626953,33.233489990234375,14.153868675231934,0.029279839247465134,-0.047391150146722794,0.023688822984695435,0.06053420901298523,3.282121430259851,19.577228680495622,33.077946480733154,14.231618268807635
726,17.027130126953125,33.233489990234375,17.027130126953125,0.02333349548280239,-0.03490860015153885,0.015837686136364937,0.04487643763422966,3.282121430259851,17.103713492520104,33.118915725576635,17.07911133602702
727,14.153868675231934,33.233489990234375,19.481128692626953,-0.001881259959191084,0.015869926661252975,-0.014520353637635708,0.021592462435364723,3.282121430259851,14.147694151603982,33.28557701662593,19.433471128777917
728,10.932090759277344,33.233489990234375,21.45543670654297,-0.017367273569107056,0.0504131056368351,-0.036630816757678986,0.064690962433815,3.282121430259851,10.875089258510991,33.398951924610984,21.33520991785467
729,7.441129207611084,33.233489990234375,22.90144157409668,-0.013575408607721329,0.03128550946712494,-0.021968353539705276,0.040567025542259216,3.282121430259851,7.396573068095147,33.33617283131302,22.82933877015649
730,3.766942024230957,33.233489990234375,23.78353500366211,-0.0041969711892306805,-0.021203769370913506,0.01838349923491478,0.028375472873449326,3.282121430259851,3.7531670551486,33.16389664437981,23.84387188046419
731,0.0,33.233489990234375,24.079999923706055,-0.0004802777257282287,-0.05078285187482834,0.04191314056515694,0.06584709882736206,3.282121430259851,-0.0015763298160890824,33.06681450380629,24.21756394056445
732,-3.766942024230957,33.233489990234375,23.78353500366211,0.0030773519538342953,-0.02597491629421711,0.022850660607218742,0.03473210334777832,3.282121430259851,-3.7568417814348254,33.14823716081592,23.858533646536657
733,-7.441129207611084,33.233489990234375,22.90144157409668,0.012845514342188835,0.026003776118159294,-0.017609503120183945,0.033930785953998566,3.282121430259851,-7.398968669705876,33.31883754109946,22.843645046529698
734,-10.932090759277344,33.233489990234375,21.45543670654297,0.018506892025470734,0.048983536660671234,-0.03647839277982712,0.06381665170192719,3.282121430259851,-10.87134889235304,33.394259905638286,21.335710191858862
735,-14.153868675231934,33.233489990234375,19.481128692626953,0.005101728718727827,0.018836094066500664,-0.0181984044611454,0.02668347768485546,3.282121430259851,-14.137124182072824,33.29531233823243,19.42139931934849
736,-17.027130126953125,33.233489990234375,17.027130126953125,-0.02028985694050789,-0.0307062529027462,0.01190352812409401,0.03868134319782257,3.282121430259851,-17.093723901234473,33.13270833953929,17.066198951704916
737,-19.481128692626953,33.233489990234375,14.153868675231934,-0.029209723696112633,-0.045418549329042435,0.02219538576900959,0.058383967727422714,3.282121430259851,-19.576998552741934,33.08442079615021,14.226716626517284
738,-21.45543670654297,33.233489990234375,10.932090759277344,-0.006467274855822325,-0.010020614601671696,0.010071700438857079,0.015610173344612122,3.282121430259851,-21.476663087942644,33.200601116305855,10.965147303126875
739,-22.90144157409668,33.233489990234375,7.441129207611084,0.025561301037669182,0.0355355441570282,-0.0038737969007343054,0.04394498094916344,3.282121430259851,-22.817546280175623,33.3501219612481,7.4284149357867095
740,-23.78353500366211,33.233489990234375,3.766942024230957,0.029833951964974403,0.040624868124723434,-0.006983906961977482,0.05088437348604202,3.282121430259851,-23.685616350568523,33.36682574050801,3.74401999352411
741,-24.079999923706055,33.233489990234375,0.0,-5.5347726402033e-10,-7.42513384111021e-10,-0.00573135307058692,0.00573135307058692,3.282121430259851,-24.079999925522635,33.233489987797356,-0.01881099673735893
742,-23.78353500366211,33.233489990234375,-3.766942024230957,-0.029833951964974403,-0.040624868124723434,-0.006983906961977482,0.05088437348604202,3.282121430259851,-23.881453656755696,33.10015423996074,-3.789864054937804
743,-22.90144157409668,33.233489990234375,-7.441129207611084,-0.025561301037669182,-0.0355355441570282,-0.0038737966679036617,0.04394498094916344,3.282121430259851,-22.985336868017736,33.11685801922065,-7.4538434786712795
744,-21.45543670654297,33.233489990234375,-10.932090759277344,0.006467275787144899,0.01002061553299427,0.010071701370179653,0.015610174275934696,3.282121430259851,-21.434210322086578,33.26637886721961,-10.899034212371099
745,-19.481128692626953,33.233489990234375,-14.153868675231934,0.029209725558757782,0.045418549329042435,0.02219538576900959,0.058383967727422714,3.282121430259851,-19.385258826398545,33.38255918431854,-14.081020723946583
746,-17.027130126953125,33.233489990234375,-17.027130126953125,0.02028985507786274,0.0307062529027462,0.011903527192771435,0.03868133947253227,3.282121430259851,-16.960536358785205,33.33427164092946,-16.98806130525805
747,-14.153868675231934,33.233489990234375,-19.481128692626953,-0.005101729184389114,-0.018836095929145813,-0.01819840632379055,0.02668348141014576,3.282121430259851,-14.170613169919399,33.1716676361229,-19.540858072018843
748,-10.932090759277344,33.233489990234375,-21.45543670654297,-0.018506893888115883,-0.048983536660671234,-0.03647839277982712,0.06381665170192719,3.282121430259851,-10.992832632315073,33.072720074830464,-21.575163221227076
749,-7.441129207611084,33.233489990234375,-22.90144157409668,-0.012845514342188835,-0.026003774255514145,-0.017609501257538795,0.03393078222870827,3.282121430259851,-7.483289745516292,33.14814244548271,-22.959238095550237
750,-3.766942024230957,33.233489990234375,-23.78353500366211,-0.003077351488173008,0.02597491815686226,0.022850660607218742,0.03473210334777832,3.282121430259851,-3.7770422654987317,33.31874282576626,-23.708536360787562
751,-0.0,33.233489990234375,-24.079999923706055,0.0004802779876627028,0.05078285187482834,0.04191314056515694,0.06584709882736206,3.282121430259851,0.001576330675789833,33.40016547666246,-23.94243590684766
752,3.766942024230957,33.233489990234375,-23.78353500366211,0.004196971654891968,0.021203767508268356,0.01838349737226963,0.028375471010804176,3.282121430259851,3.7807169948416712,33.30308332997551,-23.723198132973458
753,7.441129207611084,33.233489990234375,-22.90144157409668,0.013575408607721329,-0.03128550946712494,-0.021968355402350426,0.040567025542259216,3.282121430259851,7.485685347127021,33.13080714915573,-22.973544384150298
754,10.932090759277344,33.233489990234375,-21.45543670654297,0.017367273569107056,-0.0504131056368351,-0.036630816757678986,0.064690962433815,3.282121430259851,10.989092260043696,33.068028055857766,-21.575663495231268
755,14.153868675231934,33.233489990234375,-19.481128692626953,0.001881259260699153,-0.015869924798607826,-0.014520352706313133,0.021592458710074425,3.282121430259851,14.160043196567349,33.18140296995625,-19.528786253419273
756,17.027130126953125,33.233489990234375,-17.027130126953125,-0.02333349734544754,0.03490860387682915,0.015837686136364937,0.04487644508481026,3.282121430259851,16.950546755272722,33.34806426711897,-16.97514891787923
757,19.481128692626953,33.233489990234375,-14.153868675231934,-0.029279839247465134,0.047391150146722794,0.023688822984695435,0.06053420901298523,3.282121430259851,19.385028704758284,33.389033499735596,-14.076119081656232
758,21.45543670654297,33.233489990234375,-10.932090759277344,-0.0030456585809588432,0.008849459700286388,0.009241074323654175,0.013152430765330791,3.282121430259851,21.44544048524515,33.26253499156291,-10.901760431201055
759,22.90144157409668,33.233489990234375,-7.441129207611084,0.030321111902594566,-0.038251593708992004,-0.005453780759125948,0.049115147441625595,3.282121430259851,23.000959145261493,33.1079436147805,-7.45902917831655
760,23.78353500366211,33.233489990234375,-3.766942024230957,0.033075153827667236,-0.04265625774860382,-0.008271994069218636,0.05460721626877785,3.282121430259851,23.892091674849038,33.093486972543,-3.7940917132365217
761,25.739999771118164,34.865543365478516,0.0,-1.2962625417500817e-09,1.459491305588756e-09,-0.00932313036173582,0.00932313036173582,3.282121430259851,25.739999766863672,34.865543370268746,-0.030599645957359412
762,25.423097610473633,34.865543365478516,4.026622772216797,-0.0691504254937172,0.07950284332036972,-0.015118124894797802,0.10644736140966415,3.282121430259851,25.196137517049117,35.12648135130689,3.977003250514236
763,24.480194091796875,34.865543365478516,7.954096794128418,-0.06234154850244522,0.07152919471263885,-0.014173516072332859,0.09593634307384491,3.282121430259851,24.275581559461415,35.1003108683341,7.907577593285282
764,22.934507369995117,34.865543365478516,11.685714721679688,0.008053614757955074,-0.01582365296781063,0.014706808142364025,0.023055126890540123,3.282121430259851,22.960940311583258,34.81360821496787,11.73398425185446
765,20.8240966796875,34.865543365478516,15.129591941833496,0.06109672412276268,-0.08742523193359375,0.04772793874144554,0.11685006320476532,3.282121430259851,21.024623547249494,34.57860313820383,15.286240832398924
766,18.200929641723633,34.865543365478516,18.200929641723633,0.04564347490668297,-0.06463909149169922,0.03539847210049629,0.08668673783540726,3.282121430259851,18.350737068866383,34.65339001806108,18.317111725603127
767,15.129591941833496,34.865543365478516,20.8240966796875,-0.00735775101929903,0.028757398948073387,-0.026409011334180832,0.03973110020160675,3.282121430259851,15.105442909534538,34.95992864084452,20.73741909763561
768,11.685714721679688,34.865543365478516,22.934507369995117,-0.03573347628116608,0.091953806579113,-0.07370349019765854,0.12314458191394806,3.282121430259851,11.56843311339959,35.16734692464579,22.692603565332437
769,7.954096794128418,34.865543365478516,24.480194091796875,-0.0232393741607666,0.05648065730929375,-0.04520706459879875,0.07598560303449631,3.282121430259851,7.8778223461695385,35.05091974122851,24.331819016278015
770,4.026622772216797,34.865543365478516,25.423097610473633,-0.0035411145072430372,-0.03932133689522743,0.03655293583869934,0.053803570568561554,3.282121430259851,4.01500040440557,34.73648596298822,25.543068784528742
771,0.0,34.865543365478516,25.739999771118164,-0.00047702781739644706,-0.0918789654970169,0.08284588158130646,0.12371504306793213,3.282121430259851,-0.0015656632223069618,34.56398544383065,26.01191001446494
772,-4.026622772216797,34.865543365478516,25.423097610473633,0.002156144008040428,-0.04486428201198578,0.04175935685634613,0.06132940948009491,3.282121430259851,-4.019546045761281,34.718293344033754,25.560156890525715
773,-7.954096794128418,34.865543365478516,24.480194091796875,0.02173064462840557,0.049833185970783234,-0.03966464102268219,0.06729674339294434,3.282121430259851,-7.882774179700167,35.02910193309135,24.350009923472765
774,-11.685714721679688,34.865543365478516,22.934507369995117,0.0359107069671154,0.08895222097635269,-0.0722859650850296,0.12011385709047318,3.282121430259851,-11.567851420767136,35.15749535621421,22.697256054882526
775,-15.129591941833496,34.865543365478516,20.8240966796875,0.01002554316073656,0.03050490841269493,-0.029018480330705643,0.04327970743179321,3.282121430259851,-15.096686891775647,34.96566417910793,20.728854503520516
776,-18.200929641723633,34.865543365478516,18.200929641723633,-0.04232194274663925,-0.06071927398443222,0.03208478167653084,0.08066852390766144,3.282121430259851,-18.339835396982608,34.66625533510439,18.30623579124938
777,-20.8240966796875,34.865543365478516,15.129591941833496,-0.059869349002838135,-0.0845300629734993,0.04623367637395859,0.11343378573656082,3.282121430259851,-21.020595153065422,34.588105434291975,15.281336481860164
778,-22.934507369995117,34.865543365478516,11.685714721679688,-0.009784487076103687,-0.015214085578918457,0.015014269389212132,0.023508144542574883,3.282121430259851,-22.966621244711696,34.81560888915814,11.734993377001715
779,-24.480194091796875,34.865543365478516,7.954096794128418,0.05921086668968201,0.07065621018409729,-0.0133177749812603,0.09314284473657608,3.282121430259851,-24.28585683733041,35.09744562710468,7.910386239459045
780,-25.423097610473633,34.865543365478516,4.026622772216797,0.06689734756946564,0.07860701531171799,-0.014499926939606667,0.10423322767019272,3.282121430259851,-25.203532392388347,35.12354113500187,3.9790322512711116
781,-25.739999771118164,34.865543365478516,0.0,-1.2508610813810606e-09,-1.4436642992166071e-09,-0.008892002515494823,0.008892002515494823,3.282121430259851,-25.73999977522364,34.86554336074023,-0.029184632014030064
782,-25.423097610473633,34.865543365478516,-4.026622772216797,-0.06689734756946564,-0.07860701531171799,-0.014499926008284092,0.10423322767019272,3.282121430259851,-25.64266282855892,34.60754559595516,-4.074213290105768
783,-24.480194091796875,34.865543365478516,-7.954096794128418,-0.05921086296439171,-0.0706562027335167,-0.013317774049937725,0.09314283728599548,3.282121430259851,-24.674531334036484,34.63364112830605,-7.997807345741077
784,-22.934507369995117,34.865543365478516,-11.685714721679688,0.009784488938748837,0.015214088372886181,0.015014270320534706,0.02350814826786518,3.282121430259851,-22.90239348916511,34.91547785096903,-11.636436063300946
785,-20.8240966796875,34.865543365478516,-15.129591941833496,0.059869349002838135,0.0845300629734993,0.04623367637395859,0.11343378573656082,3.282121430259851,-20.627598206309578,35.142981296665056,-14.977847401806828
786,-18.200929641723633,34.865543365478516,-18.200929641723633,0.04232194274663925,0.06071927025914192,0.03208478167653084,0.08066851645708084,3.282121430259851,-18.062023886464658,35.06483138362579,-18.095623492197884
787,-15.129591941833496,34.865543365478516,-20.8240966796875,-0.01002554502338171,-0.03050491027534008,-0.029018482193350792,0.04327971115708351,3.282121430259851,-15.162496998004773,34.76542254573567,-20.919338861967912
788,-11.685714721679688,34.865543365478516,-22.934507369995117,-0.0359107069671154,-0.08895222097635269,-0.0722859650850296,0.12011385709047318,3.282121430259851,-11.803578022592239,34.57359137474282,-23.171758685107708
789,-7.954096794128418,34.865543365478516,-24.480194091796875,-0.02173064462840557,-0.049833182245492935,-0.03966463729739189,0.06729673594236374,3.282121430259851,-8.025419408556669,34.70198481009254,-24.61037824789413
790,-4.026622772216797,34.865543365478516,-25.423097610473633,-0.002156143542379141,0.04486428573727608,0.04175936058163643,0.06132941693067551,3.282121430259851,-4.033699497143956,35.012793399150134,-25.286038318194695
791,-0.0,34.865543365478516,-25.739999771118164,0.0004770281375385821,0.0918789654970169,0.08284588158130646,0.12371504306793213,3.282121430259851,0.0015656642730523238,35.16710128712638,-25.468089527771387
792,4.026622772216797,34.865543365478516,-25.423097610473633,0.0035411149729043245,0.03932133689522743,0.03655293211340904,0.053803566843271255,3.282121430259851,4.03824514155638,34.99460076796881,-25.30312644864538
793,7.954096794128418,34.865543365478516,-24.480194091796875,0.0232393741607666,-0.056480661034584045,-0.04520706459879875,0.0759856104850769,3.282121430259851,8.030371242087297,34.68016697750166,-24.628569167315735
794,11.685714721679688,34.865543365478516,-22.934507369995117,0.03573347628116608,-0.091953806579113,-0.07370349019765854,0.12314458191394806,3.282121430259851,11.802996329959784,34.56373980631124,-23.176411174657797
795,15.129591941833496,34.865543365478516,-20.8240966796875,0.007357749156653881,-0.02875739522278309,-0.026409009471535683,0.03973109647631645,3.282121430259851,15.153740968019026,34.77115810233937,-20.910774255625963
796,18.200929641723633,34.865543365478516,-18.200929641723633,-0.04564347490668297,0.06463909149169922,0.03539847210049629,0.08668673783540726,3.282121430259851,18.051122214580882,35.07769671289595,-18.08474755784414
797,20.8240966796875,34.865543365478516,-15.129591941833496,-0.06109672412276268,0.08742523193359375,0.04772793874144554,0.11685006320476532,3.282121430259851,20.623569812125506,35.1524835927532,-14.972943051268068
798,22.934507369995117,34.865543365478516,-11.685714721679688,-0.00805361196398735,0.01582365110516548,0.01470680721104145,0.023055125027894974,3.282121430259851,22.908074437577117,34.917478509875735,-11.637445194561629
799,24.480194091796875,34.865543365478516,-7.954096794128418,0.06234155222773552,-0.07152920216321945,-0.014173517003655434,0.0959363579750061,3.282121430259851,24.68480663635919,34.63077583816922,-8.000615998028268
800,25.423097610473633,34.865543365478516,-4.026622772216797,0.0691504254937172,-0.07950283586978912,-0.015118124894797802,0.10644736140966415,3.282121430259851,25.65005770389815,34.60460540410385,-4.076242293919358
801,27.399999618530273,36.49759292602539,0.0,-1.594638199264864e-09,1.762942569705217e-09,-0.013416162692010403,0.013416162692010403,3.282121430259851,27.399999613296476,36.49759293181158,-0.044033475083300036
802,27.062660217285156,36.49759292602539,4.286303997039795,-0.08484688401222229,0.0959559977054596,-0.019445400685071945,0.12955567240715027,3.282121430259851,26.78418244097787,36.81253216245644,4.222481830731331
803,26.058948516845703,36.49759292602539,8.467065811157227,-0.07692935317754745,0.08629994839429855,-0.016278903931379318,0.1167510598897934,3.282121430259851,25.806457038165647,36.78083983608064,8.413636471702905
804,24.4135799407959,36.49759292602539,12.439339637756348,0.009096875786781311,-0.019149398431181908,0.019865473732352257,0.02905322052538395,3.282121430259851,24.443436991764106,36.43474227505782,12.504540534815565
805,22.16706657409668,36.49759292602539,16.105316162109375,0.07475917041301727,-0.10551362484693527,0.05918066203594208,0.14221255481243134,3.282121430259851,22.41243524941769,36.151284396730865,16.299554281234506
806,19.374725341796875,36.49759292602539,19.374725341796875,0.05704064667224884,-0.07795669138431549,0.0425129160284996,0.10553780943155289,3.282121430259851,19.561939670635745,36.24172959860078,19.514257894556852
807,16.105316162109375,36.49759292602539,22.16706657409668,-0.007483259309083223,0.03463008254766464,-0.03345862776041031,0.04873111471533775,3.282121430259851,16.08075519636284,36.611253062086746,22.05725129489715
808,12.439339637756348,36.49759292602539,24.4135799407959,-0.04337624832987785,0.11056563258171082,-0.09033901244401932,0.14922262728214264,3.282121430259851,12.296973523548582,36.86048275817206,24.117076332064872
809,8.467065811157227,36.49759292602539,26.058948516845703,-0.029702523723244667,0.06761893630027771,-0.05460759624838829,0.09185069799423218,3.282121430259851,8.369578521512363,36.71952648594791,25.879719754943892
810,4.286303997039795,36.49759292602539,27.062660217285156,-0.005846765823662281,-0.04745514318346977,0.045018479228019714,0.06567220389842987,3.282121430259851,4.267114201632242,36.341839383606874,27.21041633271715
811,0.0,36.49759292602539,27.399999618530273,-0.0005350639694370329,-0.10981468111276627,0.1004636362195015,0.1488371342420578,3.282121430259851,-0.0017561449206491878,36.13716780778803,27.729733471928128
812,-4.286303997039795,36.49759292602539,27.062660217285156,0.004343356937170029,-0.0524459108710289,0.049630217254161835,0.07233668863773346,3.282121430259851,-4.272048572157042,36.325459078026086,27.225552616923494
813,-8.467065811157227,36.49759292602539,26.058948516845703,0.027929920703172684,0.06109418347477913,-0.0492946021258831,0.08332189172506332,3.282121430259851,-8.375396419871885,36.69811145487219,25.89715764681221
814,-12.439339637756348,36.49759292602539,24.4135799407959,0.042857058346271515,0.10636260360479355,-0.087932288646698,0.14450542628765106,3.282121430259851,-12.298677568120153,36.84668790669492,24.124975491816777
815,-16.105316162109375,36.49759292602539,22.16706657409668,0.00903395563364029,0.03412983939051628,-0.03411412611603737,0.04909411072731018,3.282121430259851,-16.075665622724188,36.60961120330033,22.055099869696647
816,-19.374725341796875,36.49759292602539,19.374725341796875,-0.054530877619981766,-0.07581381499767303,0.04086431860923767,0.10193745791912079,3.282121430259851,-19.553702303844293,36.24876277911177,19.50884699763722
817,-22.16706657409668,36.49759292602539,16.105316162109375,-0.07298220694065094,-0.10239008069038391,0.05802534520626068,0.13848130404949188,3.282121430259851,-22.40660303952425,36.16153624794545,16.29576239110907
818,-24.4135799407959,36.49759292602539,12.439339637756348,-0.008627340197563171,-0.016172034665942192,0.01932547613978386,0.02663530968129635,3.282121430259851,-24.441895918944464,36.4445143444774,12.502768197144707
819,-26.058948516845703,36.49759292602539,8.467065811157227,0.07667461037635803,0.08856938779354095,-0.01655276119709015,0.11831114441156387,3.282121430259851,-25.807293134972635,36.78828841176757,8.412737638902284
820,-27.062660217285156,36.49759292602539,4.286303997039795,0.08458193391561508,0.0971975103020668,-0.019613759592175484,0.13033095002174377,3.282121430259851,-26.785052039367894,36.816606957555706,4.221929256354351
821,-27.399999618530273,36.49759292602539,0.0,-1.5907372086232385e-09,-1.7895059878370034e-09,-0.013538088649511337,0.013538088649511337,3.282121430259851,-27.399999623751267,36.497592920152016,-0.0444336508813188
822,-27.062660217285156,36.49759292602539,-4.286303997039795,-0.08458193391561508,-0.0971975103020668,-0.019613757729530334,0.13033095002174377,3.282121430259851,-27.34026839520242,36.178578894495075,-4.350678731611811
823,-26.058948516845703,36.49759292602539,-8.467065811157227,-0.07667460292577744,-0.08856938779354095,-0.016552759334445,0.11831113696098328,3.282121430259851,-26.310603874265063,36.206897440283214,-8.521393977298743
824,-24.4135799407959,36.49759292602539,-12.439339637756348,0.008627342991530895,0.01617203839123249,0.01932547613978386,0.026635311543941498,3.282121430259851,-24.385263953477192,36.55067151980024,-12.375911078367988
825,-22.16706657409668,36.49759292602539,-16.105316162109375,0.07298220694065094,0.10239008069038391,0.05802534520626068,0.13848130404949188,3.282121430259851,-21.92753010866911,36.83364960410533,-15.914869933109681
826,-19.374725341796875,36.49759292602539,-19.374725341796875,0.054530877619981766,0.07581381499767303,0.04086431860923767,0.10193745791912079,3.282121430259851,-19.195748379749457,36.74642307293901,-19.24060368595653
827,-16.105316162109375,36.49759292602539,-22.16706657409668,-0.009033957496285439,-0.03412984311580658,-0.03411412984132767,0.04909411817789078,3.282121430259851,-16.13496670760799,36.38557463652359,-22.279033290723568
828,-12.439339637756348,36.49759292602539,-24.4135799407959,-0.04285706207156181,-0.10636260360479355,-0.087932288646698,0.14450542628765106,3.282121430259851,-12.580001719619398,36.148497945355864,-24.70218438977502
829,-8.467065811157227,36.49759292602539,-26.058948516845703,-0.027929920703172684,-0.06109417974948883,-0.049294598400592804,0.08332188427448273,3.282121430259851,-8.558735202442568,36.29707440940545,-26.220739374652343
830,-4.286303997039795,36.49759292602539,-27.062660217285156,-0.004343356005847454,0.0524459145963192,0.04963022097945213,0.07233669608831406,3.282121430259851,-4.300559418865834,36.669726786251545,-26.899767805419966
831,-0.0,36.49759292602539,-27.399999618530273,0.0005350644350983202,0.10981468111276627,0.1004636362195015,0.1488371342420578,3.282121430259851,0.001756146449006078,36.85801804426275,-27.07026576513242
832,4.286303997039795,36.49759292602539,-27.062660217285156,0.005846766289323568,0.047455139458179474,0.045018475502729416,0.06567220389842987,3.282121430259851,4.305493793975705,36.65334645621705,-26.91490411408002
833,8.467065811157227,36.49759292602539,-26.058948516845703,0.029702523723244667,-0.06761893630027771,-0.05460759997367859,0.09185069799423218,3.282121430259851,8.56455310080209,36.27565936610287,-26.23817729097437
834,12.439339637756348,36.49759292602539,-24.4135799407959,0.04337624832987785,-0.11056563258171082,-0.09033901244401932,0.14922262728214264,3.282121430259851,12.581705751964114,36.13470309387872,-24.710083549526924
835,16.105316162109375,36.49759292602539,-22.16706657409668,0.007483256980776787,-0.034630078822374344,-0.03345862403512001,0.048731107264757156,3.282121430259851,16.129877120214125,36.38393280219089,-22.276881841069354
836,19.374725341796875,36.49759292602539,-19.374725341796875,-0.05704065039753914,0.07795669138431549,0.0425129197537899,0.10553781688213348,3.282121430259851,19.187511000731153,36.753456253450004,-19.235192776810045
837,22.16706657409668,36.49759292602539,-16.105316162109375,-0.07475917041301727,0.10551362484693527,0.05918066203594208,0.14221255481243134,3.282121430259851,21.92169789877567,36.843901455319916,-15.911078042984244
838,24.4135799407959,36.49759292602539,-12.439339637756348,-0.009096872992813587,0.01914939470589161,0.019865471869707108,0.02905321680009365,3.282121430259851,24.38372289899783,36.5604435647661,-12.374138746810559
839,26.058948516845703,36.49759292602539,-8.467065811157227,0.07692935317754745,-0.08629995584487915,-0.016278905794024467,0.1167510598897934,3.282121430259851,26.31143999552576,36.21434599151643,-8.520495156724975
840,27.062660217285156,36.49759292602539,-4.286303997039795,0.08484688401222229,-0.0959559977054596,-0.019445400685071945,0.12955567240715027,3.282121430259851,27.341137993592444,36.18265368959434,-4.350126163348259
