node_label,x,y,z,ux,uy,uz,umag,deformed_x,deformed_y,deformed_z
1,39.29999923706055,0.0,0.0,9.391585784821208e-31,-4.811990038791647e-31,6.965043359271881e-31,0.0,39.29999923706055,-4.811990038791647e-31,6.965043359271881e-31
2,38.8161506652832,0.0,6.147873878479004,1.0355523125941826e-30,-4.809016038084066e-31,-5.4109965692927066e-31,0.0,38.8161506652832,-4.809016038084066e-31,6.147873878479004
3,37.376522064208984,0.0,12.144368171691895,1.1073139857627296e-30,-4.810339644723092e-31,-3.736768177280942e-31,0.0,37.376522064208984,-4.810339644723092e-31,12.144368171691895
4,35.01655578613281,0.0,17.841827392578125,1.1538921500779042e-30,-4.818443032579921e-31,-1.9810241891159256e-31,0.0,35.01655578613281,-4.818443032579921e-31,17.841827392578125
5,31.794368743896484,0.0,23.099960327148438,1.1749929319520008e-30,-4.834482888095761e-31,-1.7851148312399447e-32,0.0,31.794368743896484,-4.834482888095761e-31,23.099960327148438
6,27.789297103881836,0.0,27.789297103881836,1.1702622724865515e-30,-4.857839490648859e-31,1.637966154530423e-31,0.0,27.789297103881836,-4.857839490648859e-31,27.789297103881836
7,23.099960327148438,0.0,31.794368743896484,1.1391743025287727e-30,-4.885900891791689e-31,3.434024074105195e-31,0.0,23.099960327148438,-4.885900891791689e-31,31.794368743896484
8,17.841827392578125,0.0,35.01655578613281,1.0812066323891589e-30,-4.914304126691738e-31,5.170168339662341e-31,0.0,17.841827392578125,-4.914304126691738e-31,35.01655578613281
9,12.144368171691895,0.0,37.376522064208984,9.962657867569327e-31,-4.937546000996196e-31,6.799977151145233e-31,0.0,12.144368171691895,-4.937546000996196e-31,37.376522064208984
10,6.147873878479004,0.0,38.8161506652832,8.852520062257278e-31,-4.950124730945475e-31,8.271632131482052e-31,0.0,6.147873878479004,-4.950124730945475e-31,38.8161506652832
11,0.0,0.0,39.29999923706055,7.5050950864972805e-31,-4.947928907498139e-31,9.533201821044432e-31,0.0,7.5050950864972805e-31,-4.947928907498139e-31,39.29999923706055
12,-6.147873878479004,0.0,38.8161506652832,5.959287101324149e-31,-4.929394182772114e-31,1.0540060692693234e-30,0.0,-6.147873878479004,-4.929394182772114e-31,38.8161506652832
13,-12.144368171691895,0.0,37.376522064208984,4.266990890942506e-31,-4.897255697022892e-31,1.126435987466426e-30,0.0,-12.144368171691895,-4.897255697022892e-31,37.376522064208984
14,-17.841827392578125,0.0,35.01655578613281,2.4802267823536403e-31,-4.857809397993478e-31,1.1695378858478008e-30,0.0,-17.841827392578125,-4.857809397993478e-31,35.01655578613281
15,-23.099960327148438,0.0,31.794368743896484,6.422157044968908e-32,-4.817158452353342e-31,1.1833395060801274e-30,0.0,-23.099960327148438,-4.817158452353342e-31,31.794368743896484
16,-27.789297103881836,0.0,27.789297103881836,-1.2035803197970493e-31,-4.781967913071645e-31,1.1694268251415351e-30,0.0,-27.789297103881836,-4.781967913071645e-31,27.789297103881836
17,-31.794368743896484,0.0,23.099960327148438,-3.0097409080205286e-31,-4.762459408825399e-31,1.1299306851516466e-30,0.0,-31.794368743896484,-4.762459408825399e-31,23.099960327148438
18,-35.01655578613281,0.0,17.841827392578125,-4.738250807966824e-31,-4.758119953879903e-31,1.0663961558851826e-30,0.0,-35.01655578613281,-4.758119953879903e-31,17.841827392578125
19,-37.376522064208984,0.0,12.144368171691895,-6.360046979756771e-31,-4.76672128114374e-31,9.799374179076266e-31,0.0,-37.376522064208984,-4.76672128114374e-31,12.144368171691895
20,-38.8161506652832,0.0,6.147873878479004,-7.845841276343021e-31,-4.785174661660689e-31,8.715184706262008e-31,0.0,-38.8161506652832,-4.785174661660689e-31,6.147873878479004
21,-39.29999923706055,0.0,0.0,-9.159235690646713e-31,-4.8080286228293755e-31,7.4205220295375396e-31,0.0,-39.29999923706055,-4.8080286228293755e-31,7.4205220295375396e-31
22,-38.8161506652832,0.0,-6.147873878479004,-1.0257685320529666e-30,-4.8287154426128864e-31,5.931317858938424e-31,0.0,-38.8161506652832,-4.8287154426128864e-31,-6.147873878479004
23,-37.376522064208984,0.0,-12.144368171691895,-1.1096248195773501e-30,-4.840864882025245e-31,4.275624191652685e-31,0.0,-37.376522064208984,-4.840864882025245e-31,-12.144368171691895
24,-35.01655578613281,0.0,-17.841827392578125,-1.1638524428508397e-30,-4.840715359143821e-31,2.4975947113870396e-31,0.0,-35.01655578613281,-4.840715359143821e-31,-17.841827392578125
25,-31.794368743896484,0.0,-23.099960327148438,-1.1863498060532612e-30,-4.828836283432151e-31,6.507968132578935e-32,0.0,-31.794368743896484,-4.828836283432151e-31,-23.099960327148438
26,-27.789297103881836,0.0,-27.789297103881836,-1.17601542395812e-30,-4.807542908563616e-31,-1.2144094439545646e-31,0.0,-27.789297103881836,-4.807542908563616e-31,-27.789297103881836
27,-23.099960327148438,0.0,-31.794368743896484,-1.1336498552381002e-30,-4.778969932279308e-31,-3.049151236922807e-31,0.0,-23.099960327148438,-4.778969932279308e-31,-31.794368743896484
28,-17.841827392578125,0.0,-35.01655578613281,-1.0619655766176113e-30,-4.753245413905913e-31,-4.797806994152365e-31,0.0,-17.841827392578125,-4.753245413905913e-31,-35.01655578613281
29,-12.144368171691895,0.0,-37.376522064208984,-9.64271651713992e-31,-4.734280458247487e-31,-6.409196749553352e-31,0.0,-12.144368171691895,-4.734280458247487e-31,-37.376522064208984
30,-6.147873878479004,0.0,-38.8161506652832,-8.43928583777373e-31,-4.722855593552975e-31,-7.8455821973881e-31,0.0,-6.147873878479004,-4.722855593552975e-31,-38.8161506652832
31,-0.0,0.0,-39.29999923706055,-7.044092062980497e-31,-4.720143492986758e-31,-9.080830217446866e-31,0.0,-7.044092062980497e-31,-4.720143492986758e-31,-39.29999923706055
32,6.147873878479004,0.0,-38.8161506652832,-5.489773498707413e-31,-4.72622220937373e-31,-1.0093471580906234e-30,0.0,6.147873878479004,-4.72622220937373e-31,-38.8161506652832
33,12.144368171691895,0.0,-37.376522064208984,-3.8076053476524546e-31,-4.739589460933541e-31,-1.0863333864310612e-30,0.0,12.144368171691895,-4.739589460933541e-31,-37.376522064208984
34,17.841827392578125,0.0,-35.01655578613281,-2.0303829618080833e-31,-4.757637060800585e-31,-1.1370243703808928e-30,0.0,17.841827392578125,-4.757637060800585e-31,-35.01655578613281
35,23.099960327148438,0.0,-31.794368743896484,-1.9555022965812537e-32,-4.777112651205009e-31,-1.1595329242895341e-30,0.0,23.099960327148438,-4.777112651205009e-31,-31.794368743896484
36,27.789297103881836,0.0,-27.789297103881836,1.653150720356605e-31,-4.79485509273858e-31,-1.1524520284388248e-30,0.0,27.789297103881836,-4.79485509273858e-31,-27.789297103881836
37,31.794368743896484,0.0,-23.099960327148438,3.466521320730288e-31,-4.80834976788602e-31,-1.115245469325694e-30,0.0,31.794368743896484,-4.80834976788602e-31,-23.099960327148438
38,35.01655578613281,0.0,-17.841827392578125,5.1929470691925755e-31,-4.816193606590187e-31,-1.0485591105662572e-30,0.0,35.01655578613281,-4.816193606590187e-31,-17.841827392578125
39,37.376522064208984,0.0,-12.144368171691895,6.782884052691056e-31,-4.818347582438634e-31,-9.543352449862652e-31,0.0,37.376522064208984,-4.818347582438634e-31,-12.144368171691895
40,38.8161506652832,0.0,-6.147873878479004,8.193415677773818e-31,-4.816133421279425e-31,-8.356768955532448e-31,0.0,38.8161506652832,-4.816133421279425e-31,-6.147873878479004
41,33.58070373535156,3.0,0.0,-0.0018764656269922853,-0.004176419693976641,-2.975004445389776e-19,0.0045786029659211636,33.57882726972457,2.9958235803060234,-2.975004445389776e-19
42,33.16727066040039,3.0,5.253180027008057,-0.0018528176005929708,-0.004175019916146994,-0.00029301628819666803,0.004577071405947208,33.1654178427998,2.995824980083853,5.25288701071986
43,31.93714714050293,3.0,10.377009391784668,-0.00178276258520782,-0.0041715712286531925,-0.0005787636619061232,0.004573315382003784,31.935364377917722,2.995828428771347,10.376430628122762
44,29.92062759399414,3.0,15.245321273803711,-0.001668802578933537,-0.004168177023530006,-0.0008505554869771004,0.004569687880575657,29.918958791415207,2.99583182297647,15.244470718316734
45,27.167360305786133,3.0,19.738243103027344,-0.0015146340010687709,-0.004167945124208927,-0.0011027067666873336,0.004569665994495153,27.165845671785064,2.995832054875791,19.737140396260656
46,23.74514389038086,3.0,23.74514389038086,-0.0013245799345895648,-0.004174423404037952,-0.0013306690379977226,0.004577226471155882,23.74381931044627,2.995825576595962,23.74381322134286
47,19.738243103027344,3.0,27.167360305786133,-0.0011030315654352307,-0.0041908640414476395,-0.0015308191068470478,0.004596022889018059,19.73714007146191,2.9958091359585524,27.165829486679286
48,15.245321273803711,3.0,29.92062759399414,-0.0008541225106455386,-0.004219466354697943,-0.0016999834915623069,0.004628538154065609,15.244467151293065,2.995780533645302,29.91892761050258
49,10.377009391784668,3.0,31.93714714050293,-0.0005817426717840135,-0.004260692745447159,-0.0018348348094150424,0.0046753124333918095,10.376427649112884,2.995739307254553,31.935312305693515
50,5.253180027008057,3.0,33.16727066040039,-0.0002899410028476268,-0.004312761593610048,-0.0019313970115035772,0.004734371323138475,5.252890086005209,2.99568723840639,33.16533926338889
51,0.0,3.0,33.58070373535156,1.6377116480725817e-05,-0.004371559247374535,-0.001984916627407074,0.004801113624125719,1.6377116480725817e-05,2.9956284407526255,33.578718818724155
52,-5.253180027008057,3.0,33.16727066040039,0.0003307139268144965,-0.004431154578924179,-0.001990341581404209,0.004868876654654741,-5.252849313081242,2.995568845421076,33.165280318818986
53,-10.377009391784668,3.0,31.93714714050293,0.0006445972830988467,-0.004484895616769791,-0.0019433723064139485,0.004930161405354738,-10.37636479450157,2.99551510438323,31.935203768196516
54,-15.245321273803711,3.0,29.92062759399414,0.0009481249144300818,-0.004528162535279989,-0.0018423110013827682,0.004979689605534077,-15.24437314888928,2.99547183746472,29.918785282992758
55,-19.738243103027344,3.0,27.167360305786133,0.0012289852602407336,-0.0045519424602389336,-0.0016854762798175216,0.0050071366131305695,-19.737014117767103,2.995448057539761,27.165674829506315
56,-23.74514389038086,3.0,23.74514389038086,0.001472008298151195,-0.004543990828096867,-0.001473373151384294,0.00499854888767004,-23.743671882082708,2.995456009171903,23.743670517229475
57,-27.167360305786133,3.0,19.738243103027344,0.0016692695207893848,-0.004512207116931677,-0.0012179807526990771,0.004962857346981764,-27.165691036265343,2.9954877928830683,19.737025122274645
58,-29.92062759399414,3.0,15.245321273803711,0.0018218823242932558,-0.0044761099852621555,-0.0009345307480543852,0.004922211170196533,-29.918805711669847,2.995523890014738,15.244386743055657
59,-31.93714714050293,3.0,10.377009391784668,0.001929901191033423,-0.004443987738341093,-0.0006323414854705334,0.004886041395366192,-31.935217239311896,2.995556012261659,10.376377050299197
60,-33.16727066040039,3.0,5.253180027008057,0.001993567682802677,-0.004420978017151356,-0.0003187315014656633,0.004860138986259699,-33.16527709271759,2.9955790219828486,5.252861295506591
61,-33.58070373535156,3.0,0.0,0.002014601370319724,-0.004412740934640169,-1.1193492059598533e-20,0.00485086627304554,-33.57868913398124,2.99558725906536,-1.1193492059598533e-20
62,-33.16727066040039,3.0,-5.253180027008057,0.001993567682802677,-0.004420978017151356,0.0003187315014656633,0.004860138986259699,-33.16527709271759,2.9955790219828486,-5.252861295506591
63,-31.93714714050293,3.0,-10.377009391784668,0.001929901191033423,-0.004443987738341093,0.0006323414854705334,0.004886041395366192,-31.935217239311896,2.995556012261659,-10.376377050299197
64,-29.92062759399414,3.0,-15.245321273803711,0.0018218823242932558,-0.0044761099852621555,0.0009345307480543852,0.004922211170196533,-29.918805711669847,2.995523890014738,-15.244386743055657
65,-27.167360305786133,3.0,-19.738243103027344,0.0016692695207893848,-0.004512207116931677,0.0012179807526990771,0.004962857346981764,-27.165691036265343,2.9954877928830683,-19.737025122274645
66,-23.74514389038086,3.0,-23.74514389038086,0.001472008298151195,-0.004543990828096867,0.001473373151384294,0.00499854888767004,-23.743671882082708,2.995456009171903,-23.743670517229475
67,-19.738243103027344,3.0,-27.167360305786133,0.0012289852602407336,-0.0045519424602389336,0.0016854762798175216,0.0050071366131305695,-19.737014117767103,2.995448057539761,-27.165674829506315
68,-15.245321273803711,3.0,-29.92062759399414,0.0009481249144300818,-0.004528162535279989,0.0018423110013827682,0.004979689605534077,-15.24437314888928,2.99547183746472,-29.918785282992758
69,-10.377009391784668,3.0,-31.93714714050293,0.0006445972830988467,-0.004484895616769791,0.0019433723064139485,0.004930161405354738,-10.37636479450157,2.99551510438323,-31.935203768196516
70,-5.253180027008057,3.0,-33.16727066040039,0.0003307139268144965,-0.004431154578924179,0.001990341581404209,0.004868876654654741,-5.252849313081242,2.995568845421076,-33.165280318818986
71,-0.0,3.0,-33.58070373535156,1.6377116480725817e-05,-0.004371559247374535,0.001984916627407074,0.004801113624125719,1.6377116480725817e-05,2.9956284407526255,-33.578718818724155
72,5.253180027008057,3.0,-33.16727066040039,-0.0002899410028476268,-0.004312761593610048,0.0019313970115035772,0.004734371323138475,5.252890086005209,2.99568723840639,-33.16533926338889
73,10.377009391784668,3.0,-31.93714714050293,-0.0005817426717840135,-0.004260692745447159,0.0018348348094150424,0.0046753124333918095,10.376427649112884,2.995739307254553,-31.935312305693515
74,15.245321273803711,3.0,-29.92062759399414,-0.0008541225106455386,-0.004219466354697943,0.0016999834915623069,0.004628538154065609,15.244467151293065,2.995780533645302,-29.91892761050258
75,19.738243103027344,3.0,-27.167360305786133,-0.0011030315654352307,-0.0041908640414476395,0.0015308191068470478,0.004596022889018059,19.73714007146191,2.9958091359585524,-27.165829486679286
76,23.74514389038086,3.0,-23.74514389038086,-0.0013245799345895648,-0.004174423404037952,0.0013306690379977226,0.004577226471155882,23.74381931044627,2.995825576595962,-23.74381322134286
77,27.167360305786133,3.0,-19.738243103027344,-0.0015146340010687709,-0.004167945124208927,0.0011027067666873336,0.004569665994495153,27.165845671785064,2.995832054875791,-19.737140396260656
78,29.92062759399414,3.0,-15.245321273803711,-0.001668802578933537,-0.004168177023530006,0.0008505554869771004,0.004569687880575657,29.918958791415207,2.99583182297647,-15.244470718316734
79,31.93714714050293,3.0,-10.377009391784668,-0.00178276258520782,-0.0041715712286531925,0.0005787636619061232,0.004573315382003784,31.935364377917722,2.995828428771347,-10.376430628122762
80,33.16727066040039,3.0,-5.253180027008057,-0.0018528176005929708,-0.004175019916146994,0.00029301628819666803,0.004577071405947208,33.1654178427998,2.995824980083853,-5.25288701071986
81,27.86141014099121,6.0,0.0,-0.004520186223089695,-0.009502561762928963,-1.7257634555816327e-19,0.010522868484258652,27.85688995476812,5.990497438237071,-1.7257634555816327e-19
82,27.518390655517578,6.0,4.358485221862793,-0.004460981581360102,-0.009495050646364689,-0.0007063625962473452,0.010514527559280396,27.513929673936218,5.990504949353635,4.357778859266546
83,26.49777603149414,6.0,8.609648704528809,-0.004285902716219425,-0.009474229998886585,-0.0013927988475188613,0.010491419583559036,26.49349012877792,5.990525770001113,8.60825590568129
84,24.824697494506836,6.0,12.648816108703613,-0.004002124071121216,-0.00944494642317295,-0.0020410590805113316,0.010458963923156261,24.820695370435715,5.990555053576827,12.646775049623102
85,22.540353775024414,6.0,16.37652587890625,-0.0036202811170369387,-0.009414318017661572,-0.0026357925962656736,0.010425125248730183,22.536733493907377,5.990585681982338,16.373890086309984
86,19.700992584228516,6.0,19.700992584228516,-0.0031528978142887354,-0.009390409104526043,-0.003164992667734623,0.010398929007351398,19.697839686414227,5.990609590895474,19.69782759156078
87,16.37652587890625,6.0,22.540353775024414,-0.0026129051111638546,-0.009380648843944073,-0.0036195842549204826,0.010388706810772419,16.373912973795086,5.990619351156056,22.536734190769494
88,12.648816108703613,6.0,24.824697494506836,-0.0020126844756305218,-0.00939017441123724,-0.003992306534200907,0.010400230064988136,12.646803424227983,5.990609825588763,24.820705187972635
89,8.609648704528809,6.0,26.49777603149414,-0.0013639983953908086,-0.00942051038146019,-0.004276399500668049,0.010435233823955059,8.608284706133418,5.99057948961854,26.493499631993473
90,4.358485221862793,6.0,27.518390655517578,-0.0006787603488191962,-0.009468762204051018,-0.004464575555175543,0.01049050036817789,4.357806461513974,5.990531237795949,27.513926079962403
91,0.0,6.0,27.86141014099121,2.9636326871695928e-05,-0.009527676738798618,-0.004548871889710426,0.010557922534644604,2.9636326871695928e-05,5.990472323261201,27.8568612691015
92,-4.358485221862793,6.0,27.518390655517578,0.0007450633565895259,-0.009586768224835396,-0.004521617200225592,0.01062573678791523,-4.357740158506203,5.990413231775165,27.513869038317353
93,-8.609648704528809,6.0,26.49777603149414,0.0014481625985354185,-0.00963437557220459,-0.0043773530051112175,0.010680804960429668,-8.608200541930273,5.990365624427795,26.49339867848903
94,-12.648816108703613,6.0,24.824697494506836,0.002117020543664694,-0.00966014713048935,-0.0041150301694869995,0.01071138121187687,-12.646699088159949,5.990339852869511,24.82058246433735
95,-16.37652587890625,6.0,22.540353775024414,0.002728562569245696,-0.009655765257775784,-0.0037386913318187,0.010707785375416279,-16.373797316337004,5.990344234742224,22.536615083692595
96,-19.700992584228516,6.0,19.700992584228516,0.0032615531235933304,-0.00961804948747158,-0.00325895007699728,0.010666084475815296,-19.697731031104922,5.990381950512528,19.69773363415152
97,-22.540353775024414,6.0,16.37652587890625,0.003701787907630205,-0.009554976597428322,-0.0026945392601191998,0.010595345869660378,-22.536651987116784,5.990445023402572,16.37383133964613
98,-24.824697494506836,6.0,12.648816108703613,0.004043276887387037,-0.009482502937316895,-0.002067840425297618,0.010513891465961933,-24.82065421761945,5.990517497062683,12.646748268278316
99,-26.49777603149414,6.0,8.609648704528809,0.004284761380404234,-0.009416362270712852,-0.00139914290048182,0.010439571924507618,-26.493491270113736,5.990583637729287,8.608249561628327
100,-27.518390655517578,6.0,4.358485221862793,0.004427834879606962,-0.009370047599077225,-0.0007053137524053454,0.010387539863586426,-27.51396282063797,5.990629952400923,4.357779908110388
101,-27.86141014099121,6.0,0.0,0.0044751414097845554,-0.009353427216410637,-1.0994530048367212e-18,0.010368871502578259,-27.856934999581426,5.990646572783589,-1.0994530048367212e-18
102,-27.518390655517578,6.0,-4.358485221862793,0.004427834879606962,-0.009370047599077225,0.0007053137524053454,0.010387539863586426,-27.51396282063797,5.990629952400923,-4.357779908110388
103,-26.49777603149414,6.0,-8.609648704528809,0.004284761380404234,-0.009416362270712852,0.00139914290048182,0.010439571924507618,-26.493491270113736,5.990583637729287,-8.608249561628327
104,-24.824697494506836,6.0,-12.648816108703613,0.004043276887387037,-0.009482502937316895,0.002067840425297618,0.010513891465961933,-24.82065421761945,5.990517497062683,-12.646748268278316
105,-22.540353775024414,6.0,-16.37652587890625,0.003701787907630205,-0.009554976597428322,0.0026945392601191998,0.010595345869660378,-22.536651987116784,5.990445023402572,-16.37383133964613
106,-19.700992584228516,6.0,-19.700992584228516,0.0032615531235933304,-0.00961804948747158,0.00325895007699728,0.010666084475815296,-19.697731031104922,5.990381950512528,-19.69773363415152
107,-16.37652587890625,6.0,-22.540353775024414,0.002728562569245696,-0.009655765257775784,0.0037386913318187,0.010707785375416279,-16.373797316337004,5.990344234742224,-22.536615083692595
108,-12.648816108703613,6.0,-24.824697494506836,0.002117020543664694,-0.00966014713048935,0.0041150301694869995,0.01071138121187687,-12.646699088159949,5.990339852869511,-24.82058246433735
109,-8.609648704528809,6.0,-26.49777603149414,0.0014481625985354185,-0.00963437557220459,0.0043773530051112175,0.010680804960429668,-8.608200541930273,5.990365624427795,-26.49339867848903
110,-4.358485221862793,6.0,-27.518390655517578,0.0007450633565895259,-0.009586768224835396,0.004521617200225592,0.01062573678791523,-4.357740158506203,5.990413231775165,-27.513869038317353
111,-0.0,6.0,-27.86141014099121,2.9636326871695928e-05,-0.009527676738798618,0.004548871889710426,0.010557922534644604,2.9636326871695928e-05,5.990472323261201,-27.8568612691015
112,4.358485221862793,6.0,-27.518390655517578,-0.0006787603488191962,-0.009468762204051018,0.004464575555175543,0.01049050036817789,4.357806461513974,5.990531237795949,-27.513926079962403
113,8.609648704528809,6.0,-26.49777603149414,-0.0013639983953908086,-0.00942051038146019,0.004276399500668049,0.010435233823955059,8.608284706133418,5.99057948961854,-26.493499631993473
114,12.648816108703613,6.0,-24.824697494506836,-0.0020126844756305218,-0.00939017441123724,0.003992306534200907,0.010400230064988136,12.646803424227983,5.990609825588763,-24.820705187972635
115,16.37652587890625,6.0,-22.540353775024414,-0.0026129051111638546,-0.009380648843944073,0.0036195842549204826,0.010388706810772419,16.373912973795086,5.990619351156056,-22.536734190769494
116,19.700992584228516,6.0,-19.700992584228516,-0.0031528978142887354,-0.009390409104526043,0.003164992667734623,0.010398929007351398,19.697839686414227,5.990609590895474,-19.69782759156078
117,22.540353775024414,6.0,-16.37652587890625,-0.0036202811170369387,-0.009414318017661572,0.0026357925962656736,0.010425125248730183,22.536733493907377,5.990585681982338,-16.373890086309984
118,24.824697494506836,6.0,-12.648816108703613,-0.004002124071121216,-0.00944494642317295,0.0020410590805113316,0.010458963923156261,24.820695370435715,5.990555053576827,-12.646775049623102
119,26.49777603149414,6.0,-8.609648704528809,-0.004285902716219425,-0.009474229998886585,0.0013927988475188613,0.010491419583559036,26.49349012877792,5.990525770001113,-8.60825590568129
120,27.518390655517578,6.0,-4.358485221862793,-0.004460981581360102,-0.009495050646364689,0.0007063625962473452,0.010514527559280396,27.513929673936218,5.990504949353635,-4.357778859266546
121,27.06768798828125,6.87845516204834,0.0,-0.004232422914355993,-0.009246857836842537,-1.6137549288358272e-19,0.010169453918933868,27.063455565366894,6.869208304211497,-1.6137549288358272e-19
122,26.734439849853516,6.87845516204834,4.23431921005249,-0.0041762953624129295,-0.009239141829311848,-0.0006630766438320279,0.010160849429666996,26.730263554491103,6.869216020219028,4.233656133408658
123,25.742900848388672,6.87845516204834,8.364376068115234,-0.004010404925793409,-0.009217609651386738,-0.0013066461542621255,0.01013681385666132,25.73889044346288,6.869237552396953,8.363069421960972
124,24.11748504638672,6.87845516204834,12.288473129272461,-0.0037418275605887175,-0.009186835028231144,-0.0019128605490550399,0.010102387517690659,24.11374321882613,6.869268327020109,12.286560268723406
125,21.898218154907227,6.87845516204834,15.909988403320312,-0.003381053451448679,-0.009153518825769424,-0.0024667461402714252,0.01006495300680399,21.894837101455778,6.86930164322257,15.907521657180041
126,19.139745712280273,6.87845516204834,19.139745712280273,-0.0029404638335108757,-0.00912523828446865,-0.0029566679149866104,0.010032854974269867,19.136805248446763,6.869329923763871,19.136789044365287
127,15.909988403320312,6.87845516204834,21.898218154907227,-0.0024328925646841526,-0.009108969941735268,-0.003373983083292842,0.010013793595135212,15.907555510755628,6.869346192106605,21.894844171823934
128,12.288473129272461,6.87845516204834,24.11748504638672,-0.001870678854174912,-0.0091095557436347,-0.003712032688781619,0.010013123042881489,12.286602450418286,6.869345606304705,24.113773013697937
129,8.364376068115234,6.87845516204834,25.742900848388672,-0.001265549217350781,-0.009128494188189507,-0.003964950796216726,0.010032539255917072,8.363110518897884,6.86932666786015,25.738935897592455
130,4.23431921005249,6.87845516204834,26.734439849853516,-0.000629256886895746,-0.00916326604783535,-0.004126777406781912,0.010069345124065876,4.2336899531655945,6.8692918960005045,26.730313072446734
131,0.0,6.87845516204834,27.06768798828125,2.530265919631347e-05,-0.009207435883581638,-0.004191315267235041,0.01011655293405056,2.530265919631347e-05,6.869247726164758,27.063496673014015
132,-4.23431921005249,6.87845516204834,26.734439849853516,0.0006830651545897126,-0.009251722134649754,-0.004153002984821796,0.01016407273709774,-4.2336361448979005,6.86920343991369,26.730286846868694
133,-8.364376068115234,6.87845516204834,25.742900848388672,0.0013263840228319168,-0.009285595268011093,-0.004008112475275993,0.01020032074302435,-8.363049684092402,6.869169566780329,25.738892735913396
134,-12.288473129272461,6.87845516204834,24.11748504638672,0.0019354447722434998,-0.00929935835301876,-0.0037565352395176888,0.010214478708803654,-12.286537684500217,6.869155803695321,24.1137285111472
135,-15.909988403320312,6.87845516204834,21.898218154907227,0.002490644110366702,-0.009286993183195591,-0.0034042997285723686,0.010200039483606815,-15.907497759209946,6.869168168865144,21.894813855178654
136,-19.139745712280273,6.87845516204834,19.139745712280273,0.002975605195388198,-0.009248399175703526,-0.00296335993334651,0.01015719585120678,-19.136770107084885,6.869206762872636,19.136782352346927
137,-21.898218154907227,6.87845516204834,15.909988403320312,0.0033781002275645733,-0.009189869277179241,-0.00244908407330513,0.010092733427882195,-21.894840054679662,6.869265292771161,15.907539319247007
138,-24.11748504638672,6.87845516204834,12.288473129272461,0.0036907047033309937,-0.009122916497290134,-0.001878986251540482,0.01001895684748888,-24.113794341683388,6.86933224555105,12.28659414302092
139,-25.742900848388672,6.87845516204834,8.364376068115234,0.003911690786480904,-0.009061606600880623,-0.0012710312148556113,0.00995135959237814,-25.73898915760219,6.869393555447459,8.363105036900379
140,-26.734439849853516,6.87845516204834,4.23431921005249,0.0040428852662444115,-0.009018896147608757,-0.0006406567990779877,0.009904335252940655,-26.73039696458727,6.869436265900731,4.233678553253412
141,-27.06768798828125,6.87845516204834,0.0,0.004086342640221119,-0.009003615006804466,-3.543052636484668e-19,0.009887531399726868,-27.06360164564103,6.869451547041535,-3.543052636484668e-19
142,-26.734439849853516,6.87845516204834,-4.23431921005249,0.0040428852662444115,-0.009018896147608757,0.0006406567990779877,0.009904335252940655,-26.73039696458727,6.869436265900731,-4.233678553253412
143,-25.742900848388672,6.87845516204834,-8.364376068115234,0.003911690786480904,-0.009061606600880623,0.0012710312148556113,0.00995135959237814,-25.73898915760219,6.869393555447459,-8.363105036900379
144,-24.11748504638672,6.87845516204834,-12.288473129272461,0.0036907047033309937,-0.009122916497290134,0.001878986251540482,0.01001895684748888,-24.113794341683388,6.86933224555105,-12.28659414302092
145,-21.898218154907227,6.87845516204834,-15.909988403320312,0.0033781002275645733,-0.009189869277179241,0.00244908407330513,0.010092733427882195,-21.894840054679662,6.869265292771161,-15.907539319247007
146,-19.139745712280273,6.87845516204834,-19.139745712280273,0.002975605195388198,-0.009248399175703526,0.00296335993334651,0.01015719585120678,-19.136770107084885,6.869206762872636,-19.136782352346927
147,-15.909988403320312,6.87845516204834,-21.898218154907227,0.002490644110366702,-0.009286993183195591,0.0034042997285723686,0.010200039483606815,-15.907497759209946,6.869168168865144,-21.894813855178654
148,-12.288473129272461,6.87845516204834,-24.11748504638672,0.0019354447722434998,-0.00929935835301876,0.0037565352395176888,0.010214478708803654,-12.286537684500217,6.869155803695321,-24.1137285111472
149,-8.364376068115234,6.87845516204834,-25.742900848388672,0.0013263840228319168,-0.009285595268011093,0.004008112475275993,0.01020032074302435,-8.363049684092402,6.869169566780329,-25.738892735913396
150,-4.23431921005249,6.87845516204834,-26.734439849853516,0.0006830651545897126,-0.009251722134649754,0.004153002984821796,0.01016407273709774,-4.2336361448979005,6.86920343991369,-26.730286846868694
151,-0.0,6.87845516204834,-27.06768798828125,2.530265919631347e-05,-0.009207435883581638,0.004191315267235041,0.01011655293405056,2.530265919631347e-05,6.869247726164758,-27.063496673014015
152,4.23431921005249,6.87845516204834,-26.734439849853516,-0.000629256886895746,-0.00916326604783535,0.004126777406781912,0.010069345124065876,4.2336899531655945,6.8692918960005045,-26.730313072446734
153,8.364376068115234,6.87845516204834,-25.742900848388672,-0.001265549217350781,-0.009128494188189507,0.003964950796216726,0.010032539255917072,8.363110518897884,6.86932666786015,-25.738935897592455
154,12.288473129272461,6.87845516204834,-24.11748504638672,-0.001870678854174912,-0.0091095557436347,0.003712032688781619,0.010013123042881489,12.286602450418286,6.869345606304705,-24.113773013697937
155,15.909988403320312,6.87845516204834,-21.898218154907227,-0.0024328925646841526,-0.009108969941735268,0.003373983083292842,0.010013793595135212,15.907555510755628,6.869346192106605,-21.894844171823934
156,19.139745712280273,6.87845516204834,-19.139745712280273,-0.0029404638335108757,-0.00912523828446865,0.0029566679149866104,0.010032854974269867,19.136805248446763,6.869329923763871,-19.136789044365287
157,21.898218154907227,6.87845516204834,-15.909988403320312,-0.003381053451448679,-0.009153518825769424,0.0024667461402714252,0.01006495300680399,21.894837101455778,6.86930164322257,-15.907521657180041
158,24.11748504638672,6.87845516204834,-12.288473129272461,-0.0037418275605887175,-0.009186835028231144,0.0019128605490550399,0.010102387517690659,24.11374321882613,6.869268327020109,-12.286560268723406
159,25.742900848388672,6.87845516204834,-8.364376068115234,-0.004010404925793409,-0.009217609651386738,0.0013066461542621255,0.01013681385666132,25.73889044346288,6.869237552396953,-8.363069421960972
160,26.734439849853516,6.87845516204834,-4.23431921005249,-0.0041762953624129295,-0.009239141829311848,0.0006630766438320279,0.010160849429666996,26.730263554491103,6.869216020219028,-4.233656133408658
161,26.27396583557129,7.7569098472595215,0.0,-0.003160999156534672,-0.00828736461699009,6.431147670605941e-20,0.008869742043316364,26.270804836414754,7.748622482642531,6.431147670605941e-20
162,25.950489044189453,7.7569098472595215,4.110154151916504,-0.0031193059403449297,-0.008281017653644085,-0.0004975220072083175,0.008863004855811596,25.947369738249108,7.748628829605877,4.109656629909296
163,24.988025665283203,7.7569098472595215,8.119101524353027,-0.0029959699604660273,-0.008263280615210533,-0.0009804879082366824,0.00884415116161108,24.985029695322737,7.748646566644311,8.11812103644479
164,23.410274505615234,7.7569098472595215,11.928131103515625,-0.0027959616854786873,-0.008237844333052635,-0.001435447484254837,0.008817028254270554,23.407478543929756,7.748672002926469,11.92669565603137
165,21.256084442138672,7.7569098472595215,15.443449020385742,-0.0025267289020121098,-0.008210095576941967,-0.001850875560194254,0.008787250146269798,21.25355771323666,7.7486997516825795,15.441598144825548
166,18.57849884033203,7.7569098472595215,18.57849884033203,-0.0021972174290567636,-0.008186106570065022,-0.002217514906078577,0.008761134929955006,18.576301622902974,7.7487237406894565,18.576281325425953
167,15.443449020385742,7.7569098472595215,21.256084442138672,-0.0018169754184782505,-0.008171439170837402,-0.0025282360147684813,0.00874447263777256,15.441632044967264,7.748738408088684,21.253556206123903
168,11.928131103515625,7.7569098472595215,23.410274505615234,-0.0013955390313640237,-0.008169949986040592,-0.002777502406388521,0.00874128844588995,11.926735564484261,7.748739897273481,23.407497003208846
169,8.119101524353027,7.7569098472595215,24.988025665283203,-0.0009423097944818437,-0.008182840421795845,-0.0029607508331537247,0.008752877824008465,8.118159214558546,7.748727006837726,24.98506491445005
170,4.110154151916504,7.7569098472595215,25.950489044189453,-0.000466837955173105,-0.008208170533180237,-0.0030739465728402138,0.008777309209108353,4.109687313961331,7.748701676726341,25.947415097616613
171,0.0,7.7569098472595215,26.27396583557129,2.0644209143938497e-05,-0.008241008967161179,-0.0031135911121964455,0.008809603750705719,2.0644209143938497e-05,7.74866883829236,26.270852244459093
172,-4.110154151916504,7.7569098472595215,25.950489044189453,0.0005087987519800663,-0.008274246007204056,-0.0030771743040531874,0.008842568844556808,-4.109645353164524,7.748635601252317,25.9474118698854
173,-8.119101524353027,7.7569098472595215,24.988025665283203,0.000984896207228303,-0.008299410343170166,-0.002963130595162511,0.008867377415299416,-8.118116628145799,7.748610436916351,24.98506253468804
174,-11.928131103515625,7.7569098472595215,23.410274505615234,0.0014350642450153828,-0.008308706805109978,-0.0027723372913897038,0.008875802159309387,-11.92669603927061,7.7486011404544115,23.407502168323845
175,-15.443449020385742,7.7569098472595215,21.256084442138672,0.0018460082355886698,-0.008297490887343884,-0.0025098654441535473,0.008863155730068684,-15.441603012150154,7.748612356372178,21.25357457669452
176,-18.57849884033203,7.7569098472595215,18.57849884033203,0.002206201199442148,-0.00826543103903532,-0.0021839754190295935,0.008829180151224136,-18.57629263913259,7.748644416220486,18.576314864913
177,-21.256084442138672,7.7569098472595215,15.443449020385742,0.0025068363174796104,-0.008217664435505867,-0.0018054032698273659,0.008779164403676987,-21.253577605821192,7.748692182824016,15.441643617115915
178,-23.410274505615234,7.7569098472595215,11.928131103515625,0.0027422846760600805,-0.008163604885339737,-0.0013861650368198752,0.008722730912268162,-23.407532220939174,7.748746242374182,11.926744938478805
179,-24.988025665283203,7.7569098472595215,8.119101524353027,0.0029100661631673574,-0.008114250376820564,-0.0009384077857248485,0.008671225979924202,-24.985115599120036,7.748795596882701,8.118163116567302
180,-25.950489044189453,7.7569098472595215,4.110154151916504,0.0030104543548077345,-0.008080019615590572,-0.00047329143853858113,0.008635598234832287,-25.947478589834645,7.748829827643931,4.109680860477965
181,-26.27396583557129,7.7569098472595215,0.0,0.0030439412221312523,-0.008067858405411243,-3.223925322185944e-19,0.008622987195849419,-26.270921894349158,7.74884198885411,-3.223925322185944e-19
182,-25.950489044189453,7.7569098472595215,-4.110154151916504,0.0030104543548077345,-0.008080019615590572,0.00047329143853858113,0.008635598234832287,-25.947478589834645,7.748829827643931,-4.109680860477965
183,-24.988025665283203,7.7569098472595215,-8.119101524353027,0.0029100661631673574,-0.008114250376820564,0.0009384077857248485,0.008671225979924202,-24.985115599120036,7.748795596882701,-8.118163116567302
184,-23.410274505615234,7.7569098472595215,-11.928131103515625,0.0027422846760600805,-0.008163604885339737,0.0013861650368198752,0.008722730912268162,-23.407532220939174,7.748746242374182,-11.926744938478805
185,-21.256084442138672,7.7569098472595215,-15.443449020385742,0.0025068363174796104,-0.008217664435505867,0.0018054032698273659,0.008779164403676987,-21.253577605821192,7.748692182824016,-15.441643617115915
186,-18.57849884033203,7.7569098472595215,-18.57849884033203,0.002206201199442148,-0.00826543103903532,0.0021839754190295935,0.008829180151224136,-18.57629263913259,7.748644416220486,-18.576314864913
187,-15.443449020385742,7.7569098472595215,-21.256084442138672,0.0018460082355886698,-0.008297490887343884,0.0025098654441535473,0.008863155730068684,-15.441603012150154,7.748612356372178,-21.25357457669452
188,-11.928131103515625,7.7569098472595215,-23.410274505615234,0.0014350642450153828,-0.008308706805109978,0.0027723372913897038,0.008875802159309387,-11.92669603927061,7.7486011404544115,-23.407502168323845
189,-8.119101524353027,7.7569098472595215,-24.988025665283203,0.000984896207228303,-0.008299410343170166,0.002963130595162511,0.008867377415299416,-8.118116628145799,7.748610436916351,-24.98506253468804
190,-4.110154151916504,7.7569098472595215,-25.950489044189453,0.0005087987519800663,-0.008274246007204056,0.0030771743040531874,0.008842568844556808,-4.109645353164524,7.748635601252317,-25.9474118698854
191,-0.0,7.7569098472595215,-26.27396583557129,2.0644209143938497e-05,-0.008241008967161179,0.0031135911121964455,0.008809603750705719,2.0644209143938497e-05,7.74866883829236,-26.270852244459093
192,4.110154151916504,7.7569098472595215,-25.950489044189453,-0.000466837955173105,-0.008208170533180237,0.0030739465728402138,0.008777309209108353,4.109687313961331,7.748701676726341,-25.947415097616613
193,8.119101524353027,7.7569098472595215,-24.988025665283203,-0.0009423097944818437,-0.008182840421795845,0.0029607508331537247,0.008752877824008465,8.118159214558546,7.748727006837726,-24.98506491445005
194,11.928131103515625,7.7569098472595215,-23.410274505615234,-0.0013955390313640237,-0.008169949986040592,0.002777502406388521,0.00874128844588995,11.926735564484261,7.748739897273481,-23.407497003208846
195,15.443449020385742,7.7569098472595215,-21.256084442138672,-0.0018169754184782505,-0.008171439170837402,0.0025282360147684813,0.00874447263777256,15.441632044967264,7.748738408088684,-21.253556206123903
196,18.57849884033203,7.7569098472595215,-18.57849884033203,-0.0021972174290567636,-0.008186106570065022,0.002217514906078577,0.008761134929955006,18.576301622902974,7.7487237406894565,-18.576281325425953
197,21.256084442138672,7.7569098472595215,-15.443449020385742,-0.0025267289020121098,-0.008210095576941967,0.001850875560194254,0.008787250146269798,21.25355771323666,7.7486997516825795,-15.441598144825548
198,23.410274505615234,7.7569098472595215,-11.928131103515625,-0.0027959616854786873,-0.008237844333052635,0.001435447484254837,0.008817028254270554,23.407478543929756,7.748672002926469,-11.92669565603137
199,24.988025665283203,7.7569098472595215,-8.119101524353027,-0.0029959699604660273,-0.008263280615210533,0.0009804879082366824,0.00884415116161108,24.985029695322737,7.748646566644311,-8.11812103644479
200,25.950489044189453,7.7569098472595215,-4.110154151916504,-0.0031193059403449297,-0.008281017653644085,0.0004975220072083175,0.008863004855811596,25.947369738249108,7.748628829605877,-4.109656629909296
201,24.588993072509766,10.318305969238281,0.0,0.0006740968092344701,-0.005836623255163431,2.893298646409085e-19,0.005875421222299337,24.589667169319,10.312469345983118,2.893298646409085e-19
202,24.28626251220703,10.318305969238281,3.8465659618377686,0.0006617344333790243,-0.005835389718413353,9.481589950155467e-05,0.005873555317521095,24.28692424664041,10.312470579519868,3.84666077773727
203,23.385522842407227,10.318305969238281,7.598416805267334,0.0006259957444854081,-0.00583215756341815,0.00018422381253913045,0.005868549458682537,23.386148838151712,10.312473811674863,7.598601029079873
204,21.908954620361328,10.318305969238281,11.163168907165527,0.0005706097581423819,-0.005828233435750008,0.0002639532322064042,0.005862045101821423,21.90952523011947,10.312477735802531,11.163432860397734
205,19.892913818359375,10.318305969238281,14.453047752380371,0.0005008355365134776,-0.005825464613735676,0.00033169653033837676,0.005856355186551809,19.89341465389589,10.312480504624546,14.45337944891071
206,17.38704490661621,10.318305969238281,17.38704490661621,0.00042227088124491274,-0.005825819447636604,0.00038737256545573473,0.005853933747857809,17.387467177497456,10.312480149790645,17.387432279181667
207,14.453047752380371,10.318305969238281,19.892913818359375,0.00033964612521231174,-0.005830932874232531,0.00043270227615721524,0.005856822710484266,14.453387398505583,10.312475036364049,19.893346520635532
208,11.163168907165527,10.318305969238281,21.908954620361328,0.00025597852072678506,-0.0058416882529854774,0.00047017564065754414,0.005866166669875383,11.163424885686254,10.312464280985296,21.909424796001986
209,7.598416805267334,10.318305969238281,23.385522842407227,0.0001723834575386718,-0.0058579593896865845,0.0005016842624172568,0.00588192930445075,7.598589188724873,10.312448009848595,23.386024526669644
210,3.8465659618377686,10.318305969238281,24.28626251220703,8.86711131897755e-05,-0.00587852718308568,0.0005273278220556676,0.005902797449380159,3.8466546329509583,10.312427442055196,24.286789840029087
211,0.0,10.318305969238281,24.588993072509766,4.526921657088678e-06,-0.005901339463889599,0.0005446982686407864,0.005926426034420729,4.526921657088678e-06,10.312404629774392,24.589537770778406
212,-3.8465659618377686,10.318305969238281,24.28626251220703,-7.909687701612711e-05,-0.005923720076680183,0.0005495063960552216,0.005949678365141153,-3.8466450587147847,10.312382249161601,24.286812018603086
213,-7.598416805267334,10.318305969238281,23.385522842407227,-0.00015935180999804288,-0.005942273885011673,0.0005377919296734035,0.00596868759021163,-7.598576157077332,10.31236369535327,23.3860606343369
214,-11.163168907165527,10.318305969238281,21.908954620361328,-0.0002318596962140873,-0.005953785963356495,0.0005070450133644044,0.0059798345901072025,-11.163400766861741,10.312352183274925,21.909461665374693
215,-14.453047752380371,10.318305969238281,19.892913818359375,-0.00029215149697847664,-0.005955695174634457,0.00045776073238812387,0.005980401299893856,-14.45333990387735,10.312350274063647,19.893371579091763
216,-17.38704490661621,10.318305969238281,17.38704490661621,-0.0003378184628672898,-0.005946772173047066,0.00039385329000651836,0.005969366990029812,-17.38738272507908,10.312359197065234,17.387438759906217
217,-19.892913818359375,10.318305969238281,14.453047752380371,-0.0003677182539831847,-0.005929714068770409,0.000319421204039827,0.005949685350060463,-19.893281536613358,10.31237625516951,14.453367173584411
218,-21.908954620361328,10.318305969238281,11.163168907165527,-0.00038245556061156094,-0.0059098233468830585,0.00023896820493973792,0.0059270053170621395,-21.90933707592194,10.312396145891398,11.163407875370467
219,-23.385522842407227,10.318305969238281,7.598416805267334,-0.00038640378625132143,-0.005891768261790276,0.00015751209866721183,0.0059065259993076324,-23.385909246193478,10.312414200976491,7.598574317366001
220,-24.28626251220703,10.318305969238281,3.8465659618377686,-0.0003852966765407473,-0.005879401694983244,7.783533510519192e-05,0.005892527289688587,-24.286647808883572,10.312426567543298,3.8466437971728737
221,-24.588993072509766,10.318305969238281,0.0,-0.0003841498983092606,-0.005875089671462774,-1.2034184150469731e-19,0.005887635052204132,-24.589377222408075,10.312430879566818,-1.2034184150469731e-19
222,-24.28626251220703,10.318305969238281,-3.8465659618377686,-0.0003852966765407473,-0.005879401694983244,-7.783533510519192e-05,0.005892527289688587,-24.286647808883572,10.312426567543298,-3.8466437971728737
223,-23.385522842407227,10.318305969238281,-7.598416805267334,-0.00038640378625132143,-0.005891768261790276,-0.00015751209866721183,0.0059065259993076324,-23.385909246193478,10.312414200976491,-7.598574317366001
224,-21.908954620361328,10.318305969238281,-11.163168907165527,-0.00038245556061156094,-0.0059098233468830585,-0.00023896820493973792,0.0059270053170621395,-21.90933707592194,10.312396145891398,-11.163407875370467
225,-19.892913818359375,10.318305969238281,-14.453047752380371,-0.0003677182539831847,-0.005929714068770409,-0.000319421204039827,0.005949685350060463,-19.893281536613358,10.31237625516951,-14.453367173584411
226,-17.38704490661621,10.318305969238281,-17.38704490661621,-0.0003378184628672898,-0.005946772173047066,-0.00039385329000651836,0.005969366990029812,-17.38738272507908,10.312359197065234,-17.387438759906217
227,-14.453047752380371,10.318305969238281,-19.892913818359375,-0.00029215149697847664,-0.005955695174634457,-0.00045776073238812387,0.005980401299893856,-14.45333990387735,10.312350274063647,-19.893371579091763
228,-11.163168907165527,10.318305969238281,-21.908954620361328,-0.0002318596962140873,-0.005953785963356495,-0.0005070450133644044,0.0059798345901072025,-11.163400766861741,10.312352183274925,-21.909461665374693
229,-7.598416805267334,10.318305969238281,-23.385522842407227,-0.00015935180999804288,-0.005942273885011673,-0.0005377919296734035,0.00596868759021163,-7.598576157077332,10.31236369535327,-23.3860606343369
230,-3.8465659618377686,10.318305969238281,-24.28626251220703,-7.909687701612711e-05,-0.005923720076680183,-0.0005495063960552216,0.005949678365141153,-3.8466450587147847,10.312382249161601,-24.286812018603086
231,-0.0,10.318305969238281,-24.588993072509766,4.526921657088678e-06,-0.005901339463889599,-0.0005446982686407864,0.005926426034420729,4.526921657088678e-06,10.312404629774392,-24.589537770778406
232,3.8465659618377686,10.318305969238281,-24.28626251220703,8.86711131897755e-05,-0.00587852718308568,-0.0005273278220556676,0.005902797449380159,3.8466546329509583,10.312427442055196,-24.286789840029087
233,7.598416805267334,10.318305969238281,-23.385522842407227,0.0001723834575386718,-0.0058579593896865845,-0.0005016842624172568,0.00588192930445075,7.598589188724873,10.312448009848595,-23.386024526669644
234,11.163168907165527,10.318305969238281,-21.908954620361328,0.00025597852072678506,-0.0058416882529854774,-0.00047017564065754414,0.005866166669875383,11.163424885686254,10.312464280985296,-21.909424796001986
235,14.453047752380371,10.318305969238281,-19.892913818359375,0.00033964612521231174,-0.005830932874232531,-0.00043270227615721524,0.005856822710484266,14.453387398505583,10.312475036364049,-19.893346520635532
236,17.38704490661621,10.318305969238281,-17.38704490661621,0.00042227088124491274,-0.005825819447636604,-0.00038737256545573473,0.005853933747857809,17.387467177497456,10.312480149790645,-17.387432279181667
237,19.892913818359375,10.318305969238281,-14.453047752380371,0.0005008355365134776,-0.005825464613735676,-0.00033169653033837676,0.005856355186551809,19.89341465389589,10.312480504624546,-14.45337944891071
238,21.908954620361328,10.318305969238281,-11.163168907165527,0.0005706097581423819,-0.005828233435750008,-0.0002639532322064042,0.005862045101821423,21.90952523011947,10.312477735802531,-11.163432860397734
239,23.385522842407227,10.318305969238281,-7.598416805267334,0.0006259957444854081,-0.00583215756341815,-0.00018422381253913045,0.005868549458682537,23.386148838151712,10.312473811674863,-7.598601029079873
240,24.28626251220703,10.318305969238281,-3.8465659618377686,0.0006617344333790243,-0.005835389718413353,-9.481589950155467e-05,0.005873555317521095,24.28692424664041,10.312470579519868,-3.84666077773727
241,22.904022216796875,12.879701614379883,0.0,0.002116263611242175,-0.005026288330554962,1.0805462409731732e-18,0.005453635938465595,22.906138480408117,12.874675326049328,1.0805462409731732e-18
242,22.622034072875977,12.879701614379883,3.5829780101776123,0.002079153433442116,-0.005030184984207153,0.0003127877425868064,0.005451924167573452,22.62411322630942,12.874671429395676,3.583290797920199
243,21.783018112182617,12.879701614379883,7.077732086181641,0.0019714615773409605,-0.005041569005697966,0.0006093078991398215,0.005447506904602051,21.784989573759958,12.874660045374185,7.0783413940807804
244,20.40763282775879,12.879701614379883,10.398207664489746,0.001803316525183618,-0.005059513263404369,0.0008763293153606355,0.0054422952234745026,20.409436144283973,12.874642101116478,10.399083993805107
245,18.529743194580078,12.879701614379883,13.462645530700684,0.0015891391085460782,-0.005082459654659033,0.0011059188982471824,0.005438732914626598,18.531332333688624,12.874619154725224,13.46375144959893
246,16.195589065551758,12.879701614379883,16.195589065551758,0.001344572170637548,-0.0051082586869597435,0.0012963124318048358,0.005438989493995905,16.196933637722395,12.874593355692923,16.196885377983563
247,13.462645530700684,12.879701614379883,18.529743194580078,0.0010833037085831165,-0.005134298466145992,0.0014510900946334004,0.005444284062832594,13.463728834409267,12.874567315913737,18.53119428467471
248,10.398207664489746,12.879701614379883,20.40763282775879,0.0008146258187480271,-0.005157817620784044,0.0015767139848321676,0.005454605910927057,10.399022290308494,12.874543796759099,20.40920954174362
249,7.077732086181641,12.879701614379883,21.783018112182617,0.0005425284616649151,-0.005176458973437548,0.001678932341746986,0.0054689012467861176,7.0782746146433055,12.874525155406445,21.784697044524364
250,3.5829780101776123,12.879701614379883,22.622034072875977,0.0002668919914867729,-0.005188941955566406,0.0017591252690181136,0.005485514644533396,3.583244902169099,12.874512672424316,22.623793198144995
251,0.0,12.879701614379883,22.904022216796875,-1.335429260507226e-05,-0.005195655394345522,0.0018120529130101204,0.005502594634890556,-1.335429260507226e-05,12.874505958985537,22.905834269709885
252,-3.5829780101776123,12.879701614379883,22.622034072875977,-0.0002961683494504541,-0.005198712460696697,0.0018265063408762217,0.005518192891031504,-3.5832741785270628,12.874502901919186,22.623860579216853
253,-7.077732086181641,12.879701614379883,21.783018112182617,-0.0005734720616601408,-0.005201129242777824,0.001789343310520053,0.005530132446438074,-7.078305558243301,12.874500485137105,21.784807455493137
254,-10.398207664489746,12.879701614379883,20.40763282775879,-0.0008312906720675528,-0.005205811932682991,0.0016910986742004752,0.005536364857107401,-10.399038955161814,12.8744958024472,20.40932392643299
255,-13.462645530700684,12.879701614379883,18.529743194580078,-0.0010535410838201642,-0.005214222241193056,0.0015310668386518955,0.005535542499274015,-13.463699071784504,12.87448739213869,18.53127426141873
256,-16.195589065551758,12.879701614379883,16.195589065551758,-0.00122744997497648,-0.005226144101470709,0.001318363705649972,0.005527866072952747,-16.196816515526734,12.874475470278412,16.196907429257408
257,-18.529743194580078,12.879701614379883,13.462645530700684,-0.0013467568205669522,-0.005241517908871174,0.0010682492284104228,0.005516196135431528,-18.531089951400645,12.874460096471012,13.463713779929094
258,-20.40763282775879,12.879701614379883,10.398207664489746,-0.0014141538413241506,-0.005259627476334572,0.0007987557328306139,0.005504682194441557,-20.409046981600113,12.874441986903548,10.399006420222577
259,-21.783018112182617,12.879701614379883,7.077732086181641,-0.0014422722160816193,-0.005277303047478199,0.0005263120983727276,0.005496096797287464,-21.7844603843987,12.874424311332405,7.078258398280013
260,-22.622034072875977,12.879701614379883,3.5829780101776123,-0.0014488187152892351,-0.005290320608764887,0.00026006114785559475,0.005491284187883139,-22.623482891591266,12.874411293771118,3.583238071325468
261,-22.904022216796875,12.879701614379883,0.0,-0.0014489830937236547,-0.005295149981975555,-1.2592755953672063e-19,0.005489823874086142,-22.9054711998906,12.874406464397907,-1.2592755953672063e-19
262,-22.622034072875977,12.879701614379883,-3.5829780101776123,-0.0014488187152892351,-0.005290320608764887,-0.00026006114785559475,0.005491284187883139,-22.623482891591266,12.874411293771118,-3.583238071325468
263,-21.783018112182617,12.879701614379883,-7.077732086181641,-0.0014422722160816193,-0.005277303047478199,-0.0005263120983727276,0.005496096797287464,-21.7844603843987,12.874424311332405,-7.078258398280013
264,-20.40763282775879,12.879701614379883,-10.398207664489746,-0.0014141538413241506,-0.005259627476334572,-0.0007987557328306139,0.005504682194441557,-20.409046981600113,12.874441986903548,-10.399006420222577
265,-18.529743194580078,12.879701614379883,-13.462645530700684,-0.0013467568205669522,-0.005241517908871174,-0.0010682492284104228,0.005516196135431528,-18.531089951400645,12.874460096471012,-13.463713779929094
266,-16.195589065551758,12.879701614379883,-16.195589065551758,-0.00122744997497648,-0.005226144101470709,-0.001318363705649972,0.005527866072952747,-16.196816515526734,12.874475470278412,-16.196907429257408
267,-13.462645530700684,12.879701614379883,-18.529743194580078,-0.0010535410838201642,-0.005214222241193056,-0.0015310668386518955,0.005535542499274015,-13.463699071784504,12.87448739213869,-18.53127426141873
268,-10.398207664489746,12.879701614379883,-20.40763282775879,-0.0008312906720675528,-0.005205811932682991,-0.0016910986742004752,0.005536364857107401,-10.399038955161814,12.8744958024472,-20.40932392643299
269,-7.077732086181641,12.879701614379883,-21.783018112182617,-0.0005734720616601408,-0.005201129242777824,-0.001789343310520053,0.005530132446438074,-7.078305558243301,12.874500485137105,-21.784807455493137
270,-3.5829780101776123,12.879701614379883,-22.622034072875977,-0.0002961683494504541,-0.005198712460696697,-0.0018265063408762217,0.005518192891031504,-3.5832741785270628,12.874502901919186,-22.623860579216853
271,-0.0,12.879701614379883,-22.904022216796875,-1.335429260507226e-05,-0.005195655394345522,-0.0018120529130101204,0.005502594634890556,-1.335429260507226e-05,12.874505958985537,-22.905834269709885
272,3.5829780101776123,12.879701614379883,-22.622034072875977,0.0002668919914867729,-0.005188941955566406,-0.0017591252690181136,0.005485514644533396,3.583244902169099,12.874512672424316,-22.623793198144995
273,7.077732086181641,12.879701614379883,-21.783018112182617,0.0005425284616649151,-0.005176458973437548,-0.001678932341746986,0.0054689012467861176,7.0782746146433055,12.874525155406445,-21.784697044524364
274,10.398207664489746,12.879701614379883,-20.40763282775879,0.0008146258187480271,-0.005157817620784044,-0.0015767139848321676,0.005454605910927057,10.399022290308494,12.874543796759099,-20.40920954174362
275,13.462645530700684,12.879701614379883,-18.529743194580078,0.0010833037085831165,-0.005134298466145992,-0.0014510900946334004,0.005444284062832594,13.463728834409267,12.874567315913737,-18.53119428467471
276,16.195589065551758,12.879701614379883,-16.195589065551758,0.001344572170637548,-0.0051082586869597435,-0.0012963124318048358,0.005438989493995905,16.196933637722395,12.874593355692923,-16.196885377983563
277,18.529743194580078,12.879701614379883,-13.462645530700684,0.0015891391085460782,-0.005082459654659033,-0.0011059188982471824,0.005438732914626598,18.531332333688624,12.874619154725224,-13.46375144959893
278,20.40763282775879,12.879701614379883,-10.398207664489746,0.001803316525183618,-0.005059513263404369,-0.0008763293153606355,0.0054422952234745026,20.409436144283973,12.874642101116478,-10.399083993805107
279,21.783018112182617,12.879701614379883,-7.077732086181641,0.0019714615773409605,-0.005041569005697966,-0.0006093078991398215,0.005447506904602051,21.784989573759958,12.874660045374185,-7.0783413940807804
280,22.622034072875977,12.879701614379883,-3.5829780101776123,0.002079153433442116,-0.005030184984207153,-0.0003127877425868064,0.005451924167573452,22.62411322630942,12.874671429395676,-3.583290797920199
281,21.047931671142578,14.424116134643555,0.0,0.00017498241504654288,-0.007488846313208342,1.6932986844904577e-18,0.007490890100598335,21.048106653557625,14.416627288330346,1.6932986844904577e-18
282,20.788795471191406,14.424116134643555,3.2926220893859863,0.00016036609304137528,-0.007496032398194075,-5.682350661118107e-07,0.007497747894376516,20.788955837284448,14.41662010224536,3.29262152115092
283,20.017772674560547,14.424116134643555,6.50416898727417,0.00012002928997389972,-0.007516499143093824,-1.0095488505612593e-05,0.007517463993281126,20.01789270385052,14.41659963550046,6.504158891785664
284,18.753843307495117,14.424116134643555,9.555561065673828,6.360773841151968e-05,-0.00754702789708972,-3.418146661715582e-05,0.007547373417764902,18.75390691523353,14.416569106746465,9.555526884207211
285,17.028133392333984,14.424116134643555,12.371664047241211,4.3506029214768205e-06,-0.007582453545182943,-7.257937249960378e-05,0.007582802325487137,17.028137742936906,14.416533681098372,12.371591467868711
286,14.883134841918945,14.424116134643555,14.883134841918945,-4.44413090008311e-05,-0.007616062648594379,-0.00011830840958282351,0.0076171113178133965,14.883090400609944,14.41650007199496,14.883016533509362
287,12.371664047241211,14.424116134643555,17.028133392333984,-7.319146970985457e-05,-0.007640309166163206,-0.00015882418665569276,0.007642310578376055,12.371590855771501,14.416475825477391,17.02797456814733
288,9.555561065673828,14.424116134643555,18.753843307495117,-7.903071673354134e-05,-0.007648065220564604,-0.00017935322830453515,0.007650576066225767,9.555482034957095,14.41646806942299,18.753663954266813
289,6.50416898727417,14.424116134643555,20.017772674560547,-6.685592234134674e-05,-0.007634433917701244,-0.0001679291744949296,0.007636573631316423,6.504102131351829,14.416481700725853,20.017604745386052
290,3.2926220893859863,14.424116134643555,20.788795471191406,-4.75104279757943e-05,-0.007598761469125748,-0.00012072647950844839,0.0075998688116669655,3.2925745789580105,14.416517373174429,20.788674744711898
291,0.0,14.424116134643555,21.047931671142578,-3.303621633676812e-05,-0.0075460211373865604,-4.5437540393322706e-05,0.007546230219304562,-3.303621633676812e-05,14.416570113506168,21.047886233602185
292,-3.2926220893859863,14.424116134643555,20.788795471191406,-3.0540664738509804e-05,-0.007486575748771429,3.962844857596792e-05,0.0074867429211735725,-3.292652630050725,14.416629558894783,20.788835099639982
293,-6.50416898727417,14.424116134643555,20.017772674560547,-3.765283327084035e-05,-0.0074338652193546295,0.00011137565888930112,0.007434795144945383,-6.504206640107441,14.4166822694242,20.017884050219436
294,-9.555561065673828,14.424116134643555,18.753843307495117,-4.234879452269524e-05,-0.007400886155664921,0.0001505054096924141,0.007402537390589714,-9.55560341446835,14.41671524848789,18.75399381290481
295,-12.371664047241211,14.424116134643555,17.028133392333984,-2.8178277716506273e-05,-0.007395842112600803,0.0001495763863204047,0.007397408131510019,-12.371692225518927,14.416720292530954,17.028282968720305
296,-14.883134841918945,14.424116134643555,14.883134841918945,1.7830299839260988e-05,-0.007420042064040899,0.00011524948786245659,0.007420958485454321,-14.883117011619106,14.416696092579514,14.883250091406808
297,-17.028133392333984,14.424116134643555,12.371664047241211,9.948694059858099e-05,-0.007469652686268091,6.375656084856018e-05,0.007470587268471718,-17.028033905393386,14.416646481957287,12.37172780380206
298,-18.753843307495117,14.424116134643555,9.555561065673828,0.00020736880833283067,-0.007535157259553671,1.5341674952651374e-05,0.0075380257330834866,-18.753635938686784,14.416580977384001,9.55557640734878
299,-20.017772674560547,14.424116134643555,6.50416898727417,0.0003180006460752338,-0.007600750308483839,-1.2917113053845242e-05,0.007607410661876202,-20.01745467391447,14.41651538433507,6.504156070161116
300,-20.788795471191406,14.424116134643555,3.2926220893859863,0.0004012983408756554,-0.007649078033864498,-1.5279772924259305e-05,0.007659612689167261,-20.78839417285053,14.41646705660969,3.292606809613062
301,-21.047931671142578,14.424116134643555,0.0,0.0004323098692111671,-0.007666872814297676,-2.703790792591362e-19,0.007679051253944635,-21.047499361273367,14.416449261829257,-2.703790792591362e-19
302,-20.788795471191406,14.424116134643555,-3.2926220893859863,0.0004012983408756554,-0.007649078033864498,1.5279772924259305e-05,0.007659612689167261,-20.78839417285053,14.41646705660969,-3.292606809613062
303,-20.017772674560547,14.424116134643555,-6.50416898727417,0.0003180006460752338,-0.007600750308483839,1.2917113053845242e-05,0.007607410661876202,-20.01745467391447,14.41651538433507,-6.504156070161116
304,-18.753843307495117,14.424116134643555,-9.555561065673828,0.00020736880833283067,-0.007535157259553671,-1.5341674952651374e-05,0.0075380257330834866,-18.753635938686784,14.416580977384001,-9.55557640734878
305,-17.028133392333984,14.424116134643555,-12.371664047241211,9.948694059858099e-05,-0.007469652686268091,-6.375656084856018e-05,0.007470587268471718,-17.028033905393386,14.416646481957287,-12.37172780380206
306,-14.883134841918945,14.424116134643555,-14.883134841918945,1.7830299839260988e-05,-0.007420042064040899,-0.00011524948786245659,0.007420958485454321,-14.883117011619106,14.416696092579514,-14.883250091406808
307,-12.371664047241211,14.424116134643555,-17.028133392333984,-2.8178277716506273e-05,-0.007395842112600803,-0.0001495763863204047,0.007397408131510019,-12.371692225518927,14.416720292530954,-17.028282968720305
308,-9.555561065673828,14.424116134643555,-18.753843307495117,-4.234879452269524e-05,-0.007400886155664921,-0.0001505054096924141,0.007402537390589714,-9.55560341446835,14.41671524848789,-18.75399381290481
309,-6.50416898727417,14.424116134643555,-20.017772674560547,-3.765283327084035e-05,-0.0074338652193546295,-0.00011137565888930112,0.007434795144945383,-6.504206640107441,14.4166822694242,-20.017884050219436
310,-3.2926220893859863,14.424116134643555,-20.788795471191406,-3.0540664738509804e-05,-0.007486575748771429,-3.962844857596792e-05,0.0074867429211735725,-3.292652630050725,14.416629558894783,-20.788835099639982
311,-0.0,14.424116134643555,-21.047931671142578,-3.303621633676812e-05,-0.0075460211373865604,4.5437540393322706e-05,0.007546230219304562,-3.303621633676812e-05,14.416570113506168,-21.047886233602185
312,3.2926220893859863,14.424116134643555,-20.788795471191406,-4.75104279757943e-05,-0.007598761469125748,0.00012072647950844839,0.0075998688116669655,3.2925745789580105,14.416517373174429,-20.788674744711898
313,6.50416898727417,14.424116134643555,-20.017772674560547,-6.685592234134674e-05,-0.007634433917701244,0.0001679291744949296,0.007636573631316423,6.504102131351829,14.416481700725853,-20.017604745386052
314,9.555561065673828,14.424116134643555,-18.753843307495117,-7.903071673354134e-05,-0.007648065220564604,0.00017935322830453515,0.007650576066225767,9.555482034957095,14.41646806942299,-18.753663954266813
315,12.371664047241211,14.424116134643555,-17.028133392333984,-7.319146970985457e-05,-0.007640309166163206,0.00015882418665569276,0.007642310578376055,12.371590855771501,14.416475825477391,-17.02797456814733
316,14.883134841918945,14.424116134643555,-14.883134841918945,-4.44413090008311e-05,-0.007616062648594379,0.00011830840958282351,0.0076171113178133965,14.883090400609944,14.41650007199496,-14.883016533509362
317,17.028133392333984,14.424116134643555,-12.371664047241211,4.3506029214768205e-06,-0.007582453545182943,7.257937249960378e-05,0.007582802325487137,17.028137742936906,14.416533681098372,-12.371591467868711
318,18.753843307495117,14.424116134643555,-9.555561065673828,6.360773841151968e-05,-0.00754702789708972,3.418146661715582e-05,0.007547373417764902,18.75390691523353,14.416569106746465,-9.555526884207211
319,20.017772674560547,14.424116134643555,-6.50416898727417,0.00012002928997389972,-0.007516499143093824,1.0095488505612593e-05,0.007517463993281126,20.01789270385052,14.41659963550046,-6.504158891785664
320,20.788795471191406,14.424116134643555,-3.2926220893859863,0.00016036609304137528,-0.007496032398194075,5.682350661118107e-07,0.007497747894376516,20.788955837284448,14.41662010224536,-3.29262152115092
321,19.19184112548828,15.968530654907227,0.0,-0.0019884174689650536,-0.010143148712813854,2.300413064952581e-18,0.010336211882531643,19.189852708019316,15.958387506194413,2.300413064952581e-18
322,18.95555877685547,15.968530654907227,3.002264976501465,-0.0019763275049626827,-0.010151929222047329,-0.00034833422978408635,0.010348375886678696,18.953582449350506,15.95837872568518,3.0019166422716808
323,18.252525329589844,15.968530654907227,5.930604934692383,-0.001936985761858523,-0.010176427662372589,-0.0006961131002753973,0.010382493026554585,18.250588343827985,15.958354227244854,5.929908821592107
324,17.100055694580078,15.968530654907227,8.71291446685791,-0.0018621922936290503,-0.010211266577243805,-0.0010392921976745129,0.010431579314172268,17.09819350228645,15.958319388329983,8.711875174660236
325,15.52652645111084,15.968530654907227,11.280680656433105,-0.001741437241435051,-0.010248039849102497,-0.0013678697869181633,0.010484560392796993,15.524785013869405,15.958282615058124,11.279312786646187
326,13.570680618286133,15.968530654907227,13.570680618286133,-0.001565866288729012,-0.010276224464178085,-0.0016652934718877077,0.010527389124035835,13.569114751997404,15.958254430443048,13.569015324814245
327,11.280680656433105,15.968530654907227,15.52652645111084,-0.0013323802268132567,-0.010284632444381714,-0.0019102728692814708,0.01054504793137312,11.279348276206292,15.958246022462845,15.524616178241558
328,8.71291446685791,15.968530654907227,17.100055694580078,-0.0010466425446793437,-0.010263524018228054,-0.0020810735877603292,0.01052455510944128,8.71186782431323,15.958267130888999,17.097974620992318
329,5.930604934692383,15.968530654907227,18.252525329589844,-0.0007236722158268094,-0.010207319632172585,-0.002161604817956686,0.010458758100867271,5.929881262476556,15.958323335275054,18.250363724771887
330,3.002264976501465,15.968530654907227,18.95555877685547,-0.0003850338398478925,-0.010117308236658573,-0.0021475639659911394,0.010349889285862446,3.001879942661617,15.958413346670568,18.953411212889478
331,0.0,15.968530654907227,19.19184112548828,-5.277717355056666e-05,-0.010003258474171162,-0.002049963688477874,0.010211284272372723,-5.277717355056666e-05,15.958527396433055,19.189791161799803
332,-3.002264976501465,15.968530654907227,18.95555877685547,0.00025792591623030603,-0.00988270528614521,-0.0018935466650873423,0.010065779089927673,-3.0020070505852345,15.958647949621081,18.95366523019038
333,-5.930604934692383,15.968530654907227,18.252525329589844,0.0005440296954475343,-0.009777454659342766,-0.001709488919004798,0.009940670803189278,-5.930060904996935,15.958753200247884,18.25081584067084
334,-8.71291446685791,15.968530654907227,17.100055694580078,0.0008145958418026567,-0.009708099067211151,-0.0015248408308252692,0.009860826656222343,-8.712099871016107,15.958822555840015,17.098530853749253
335,-11.280680656433105,15.968530654907227,15.52652645111084,0.0010846371296793222,-0.009688061662018299,-0.0013530364958569407,0.009842036291956902,-11.279596019303426,15.958842593245208,15.525173414614983
336,-13.570680618286133,15.968530654907227,13.570680618286133,0.0013656225055456161,-0.00972005631774664,-0.0011906843865290284,0.009887474589049816,-13.569314995780587,15.95881059858948,13.569489933899604
337,-15.52652645111084,15.968530654907227,11.280680656433105,0.0016574360197409987,-0.009796136990189552,-0.001021962845697999,0.009987782686948776,-15.524869015091099,15.958734517917037,11.279658693587407
338,-17.100055694580078,15.968530654907227,8.71291446685791,0.0019434246933087707,-0.009898234158754349,-0.0008264336502179503,0.010121013969182968,-17.09811226988677,15.958632420748472,8.712088033207692
339,-18.252525329589844,15.968530654907227,5.930604934692383,0.0021910269279032946,-0.010000410489737988,-0.0005887899314984679,0.010254534892737865,-18.25033430266194,15.958530244417489,5.930016144760884
340,-18.95555877685547,15.968530654907227,3.002264976501465,0.0023610880598425865,-0.010075508616864681,-0.000308002985548228,0.01035304181277752,-18.953197688795626,15.958455146290362,3.0019569735159166
341,-19.19184112548828,15.968530654907227,0.0,0.002421851037070155,-0.010103083215653896,-4.612150749478896e-19,0.010389304719865322,-19.18941927445121,15.958427571691573,-4.612150749478896e-19
342,-18.95555877685547,15.968530654907227,-3.002264976501465,0.0023610880598425865,-0.010075508616864681,0.000308002985548228,0.01035304181277752,-18.953197688795626,15.958455146290362,-3.0019569735159166
343,-18.252525329589844,15.968530654907227,-5.930604934692383,0.0021910269279032946,-0.010000410489737988,0.0005887899314984679,0.010254534892737865,-18.25033430266194,15.958530244417489,-5.930016144760884
344,-17.100055694580078,15.968530654907227,-8.71291446685791,0.0019434246933087707,-0.009898234158754349,0.0008264336502179503,0.010121013969182968,-17.09811226988677,15.958632420748472,-8.712088033207692
345,-15.52652645111084,15.968530654907227,-11.280680656433105,0.0016574360197409987,-0.009796136990189552,0.001021962845697999,0.009987782686948776,-15.524869015091099,15.958734517917037,-11.279658693587407
346,-13.570680618286133,15.968530654907227,-13.570680618286133,0.0013656225055456161,-0.00972005631774664,0.0011906843865290284,0.009887474589049816,-13.569314995780587,15.95881059858948,-13.569489933899604
347,-11.280680656433105,15.968530654907227,-15.52652645111084,0.0010846371296793222,-0.009688061662018299,0.0013530364958569407,0.009842036291956902,-11.279596019303426,15.958842593245208,-15.525173414614983
348,-8.71291446685791,15.968530654907227,-17.100055694580078,0.0008145958418026567,-0.009708099067211151,0.0015248408308252692,0.009860826656222343,-8.712099871016107,15.958822555840015,-17.098530853749253
349,-5.930604934692383,15.968530654907227,-18.252525329589844,0.0005440296954475343,-0.009777454659342766,0.001709488919004798,0.009940670803189278,-5.930060904996935,15.958753200247884,-18.25081584067084
350,-3.002264976501465,15.968530654907227,-18.95555877685547,0.00025792591623030603,-0.00988270528614521,0.0018935466650873423,0.010065779089927673,-3.0020070505852345,15.958647949621081,-18.95366523019038
351,-0.0,15.968530654907227,-19.19184112548828,-5.277717355056666e-05,-0.010003258474171162,0.002049963688477874,0.010211284272372723,-5.277717355056666e-05,15.958527396433055,-19.189791161799803
352,3.002264976501465,15.968530654907227,-18.95555877685547,-0.0003850338398478925,-0.010117308236658573,0.0021475639659911394,0.010349889285862446,3.001879942661617,15.958413346670568,-18.953411212889478
353,5.930604934692383,15.968530654907227,-18.252525329589844,-0.0007236722158268094,-0.010207319632172585,0.002161604817956686,0.010458758100867271,5.929881262476556,15.958323335275054,-18.250363724771887
354,8.71291446685791,15.968530654907227,-17.100055694580078,-0.0010466425446793437,-0.010263524018228054,0.0020810735877603292,0.01052455510944128,8.71186782431323,15.958267130888999,-17.097974620992318
355,11.280680656433105,15.968530654907227,-15.52652645111084,-0.0013323802268132567,-0.010284632444381714,0.0019102728692814708,0.01054504793137312,11.279348276206292,15.958246022462845,-15.524616178241558
356,13.570680618286133,15.968530654907227,-13.570680618286133,-0.001565866288729012,-0.010276224464178085,0.0016652934718877077,0.010527389124035835,13.569114751997404,15.958254430443048,-13.569015324814245
357,15.52652645111084,15.968530654907227,-11.280680656433105,-0.001741437241435051,-0.010248039849102497,0.0013678697869181633,0.010484560392796993,15.524785013869405,15.958282615058124,-11.279312786646187
358,17.100055694580078,15.968530654907227,-8.71291446685791,-0.0018621922936290503,-0.010211266577243805,0.0010392921976745129,0.010431579314172268,17.09819350228645,15.958319388329983,-8.711875174660236
359,18.252525329589844,15.968530654907227,-5.930604934692383,-0.001936985761858523,-0.010176427662372589,0.0006961131002753973,0.010382493026554585,18.250588343827985,15.958354227244854,-5.929908821592107
360,18.95555877685547,15.968530654907227,-3.002264976501465,-0.0019763275049626827,-0.010151929222047329,0.00034833422978408635,0.010348375886678696,18.953582449350506,15.95837872568518,-3.0019166422716808
361,18.71416473388672,16.78449058532715,0.0,-0.002331171417608857,-0.010343218222260475,2.0194690281147643e-18,0.010602666065096855,18.71183356246911,16.774147367104888,2.0194690281147643e-18
362,18.483762741088867,16.78449058532715,2.9275400638580322,-0.002314959652721882,-0.010352061130106449,-0.00040204182732850313,0.01061535906046629,18.481447781436145,16.774138524197042,2.9271380220307037
363,17.798229217529297,16.78449058532715,5.782995223999023,-0.002263108268380165,-0.010376614518463612,-0.0008023108239285648,0.010650797747075558,17.795966109260917,16.774113970808685,5.782192913175095
364,16.674442291259766,16.78449058532715,8.496052742004395,-0.002167104510590434,-0.010411153547465801,-0.0011952734785154462,0.01070126798003912,16.672275186749175,16.774079431779683,8.494857468525879
365,15.140077590942383,16.78449058532715,10.999910354614258,-0.0020163145381957293,-0.010446818545460701,-0.0015690637519583106,0.01075469609349966,15.138061276404187,16.774043766781688,10.9983412908623
366,13.23291301727295,16.78449058532715,13.23291301727295,-0.0018023578450083733,-0.010472705587744713,-0.0019050586270168424,0.010796078480780125,13.23111065942794,16.774017879739404,13.231007958645932
367,10.999910354614258,16.78449058532715,15.140077590942383,-0.0015234850579872727,-0.010477477684617043,-0.002180102514103055,0.010809781961143017,10.99838686955627,16.77401310764253,15.13789748842828
368,8.496052742004395,16.78449058532715,16.674442291259766,-0.0011875609634444118,-0.010451586917042732,-0.0023712855763733387,0.010782808996737003,8.49486518104095,16.774038998410106,16.672071005683392
369,5.782995223999023,16.78449058532715,17.798229217529297,-0.0008122927974909544,-0.010389924049377441,-0.0024623109493404627,0.010708563029766083,5.7821829312015325,16.77410066127777,17.795766906579956
370,2.9275400638580322,16.78449058532715,18.483762741088867,-0.0004219043185003102,-0.010294361039996147,-0.002449583960697055,0.010590200312435627,2.927118159539532,16.774196224287152,18.48131315712817
371,0.0,16.78449058532715,18.71416473388672,-4.062086372869089e-05,-0.010175156407058239,-0.002345426008105278,0.010442053899168968,-4.062086372869089e-05,16.77431542892009,18.711819307878613
372,-2.9275400638580322,16.78449058532715,18.483762741088867,0.0003149698895867914,-0.01005018875002861,-0.0021762163378298283,0.010287925601005554,-2.9272250939684454,16.77444039657712,18.481586524751037
373,-5.782995223999023,16.78449058532715,17.798229217529297,0.0006413185619749129,-0.009941481985151768,-0.001974776852875948,0.010155987925827503,-5.7823539054370485,16.774549103341997,17.79625444067642
374,-8.496052742004395,16.78449058532715,16.674442291259766,0.0009478660067543387,-0.009869773872196674,-0.0017694784328341484,0.010071839205920696,-8.49510487599764,16.77462081145495,16.67267281282693
375,-10.999910354614258,16.78449058532715,15.140077590942383,0.0012508194195106626,-0.009848849847912788,-0.001574783818796277,0.010052081197500229,-10.998659535194747,16.774641735479236,15.138502807123587
376,-13.23291301727295,16.78449058532715,13.23291301727295,0.0015629507834091783,-0.009881728328764439,-0.001387349795550108,0.010100302286446095,-13.23135006648954,16.774608856998384,13.231525667477399
377,-15.140077590942383,16.78449058532715,10.999910354614258,0.0018839099211618304,-0.009959734044969082,-0.001189705915749073,0.010205920785665512,-15.138193681021221,16.77453085128218,10.998720648698509
378,-16.674442291259766,16.78449058532715,8.496052742004395,0.0021951436065137386,-0.010063574649393559,-0.0009595926385372877,0.010344806127250195,-16.672247147653252,16.774427010677755,8.495093149365857
379,-17.798229217529297,16.78449058532715,5.782995223999023,0.002462126547470689,-0.010166816413402557,-0.0006814831867814064,0.010482873767614365,-17.795767090981826,16.774323768913746,5.782313740812242
380,-18.483762741088867,16.78449058532715,2.9275400638580322,0.002644352614879608,-0.010242398828268051,-0.00035560826654545963,0.01058422401547432,-18.481118388473988,16.77424818649888,2.9271844555914868
381,-18.71416473388672,16.78449058532715,0.0,0.0027092546224594116,-0.010270093567669392,-2.868014837010636e-19,0.010621435008943081,-18.71145547926426,16.77422049175948,-2.868014837010636e-19
382,-18.483762741088867,16.78449058532715,-2.9275400638580322,0.002644352614879608,-0.010242398828268051,0.00035560826654545963,0.01058422401547432,-18.481118388473988,16.77424818649888,-2.9271844555914868
383,-17.798229217529297,16.78449058532715,-5.782995223999023,0.002462126547470689,-0.010166816413402557,0.0006814831867814064,0.010482873767614365,-17.795767090981826,16.774323768913746,-5.782313740812242
384,-16.674442291259766,16.78449058532715,-8.496052742004395,0.0021951436065137386,-0.010063574649393559,0.0009595926385372877,0.010344806127250195,-16.672247147653252,16.774427010677755,-8.495093149365857
385,-15.140077590942383,16.78449058532715,-10.999910354614258,0.0018839099211618304,-0.009959734044969082,0.001189705915749073,0.010205920785665512,-15.138193681021221,16.77453085128218,-10.998720648698509
386,-13.23291301727295,16.78449058532715,-13.23291301727295,0.0015629507834091783,-0.009881728328764439,0.001387349795550108,0.010100302286446095,-13.23135006648954,16.774608856998384,-13.231525667477399
387,-10.999910354614258,16.78449058532715,-15.140077590942383,0.0012508194195106626,-0.009848849847912788,0.001574783818796277,0.010052081197500229,-10.998659535194747,16.774641735479236,-15.138502807123587
388,-8.496052742004395,16.78449058532715,-16.674442291259766,0.0009478660067543387,-0.009869773872196674,0.0017694784328341484,0.010071839205920696,-8.49510487599764,16.77462081145495,-16.67267281282693
389,-5.782995223999023,16.78449058532715,-17.798229217529297,0.0006413185619749129,-0.009941481985151768,0.001974776852875948,0.010155987925827503,-5.7823539054370485,16.774549103341997,-17.79625444067642
390,-2.9275400638580322,16.78449058532715,-18.483762741088867,0.0003149698895867914,-0.01005018875002861,0.0021762163378298283,0.010287925601005554,-2.9272250939684454,16.77444039657712,-18.481586524751037
391,-0.0,16.78449058532715,-18.71416473388672,-4.062086372869089e-05,-0.010175156407058239,0.002345426008105278,0.010442053899168968,-4.062086372869089e-05,16.77431542892009,-18.711819307878613
392,2.9275400638580322,16.78449058532715,-18.483762741088867,-0.0004219043185003102,-0.010294361039996147,0.002449583960697055,0.010590200312435627,2.927118159539532,16.774196224287152,-18.48131315712817
393,5.782995223999023,16.78449058532715,-17.798229217529297,-0.0008122927974909544,-0.010389924049377441,0.0024623109493404627,0.010708563029766083,5.7821829312015325,16.77410066127777,-17.795766906579956
394,8.496052742004395,16.78449058532715,-16.674442291259766,-0.0011875609634444118,-0.010451586917042732,0.0023712855763733387,0.010782808996737003,8.49486518104095,16.774038998410106,-16.672071005683392
395,10.999910354614258,16.78449058532715,-15.140077590942383,-0.0015234850579872727,-0.010477477684617043,0.002180102514103055,0.010809781961143017,10.99838686955627,16.77401310764253,-15.13789748842828
396,13.23291301727295,16.78449058532715,-13.23291301727295,-0.0018023578450083733,-0.010472705587744713,0.0019050586270168424,0.010796078480780125,13.23111065942794,16.774017879739404,-13.231007958645932
397,15.140077590942383,16.78449058532715,-10.999910354614258,-0.0020163145381957293,-0.010446818545460701,0.0015690637519583106,0.01075469609349966,15.138061276404187,16.774043766781688,-10.9983412908623
398,16.674442291259766,16.78449058532715,-8.496052742004395,-0.002167104510590434,-0.010411153547465801,0.0011952734785154462,0.01070126798003912,16.672275186749175,16.774079431779683,-8.494857468525879
399,17.798229217529297,16.78449058532715,-5.782995223999023,-0.002263108268380165,-0.010376614518463612,0.0008023108239285648,0.010650797747075558,17.795966109260917,16.774113970808685,-5.782192913175095
400,18.483762741088867,16.78449058532715,-2.9275400638580322,-0.002314959652721882,-0.010352061130106449,0.00040204182732850313,0.01061535906046629,18.481447781436145,16.774138524197042,-2.9271380220307037
401,18.23649024963379,17.60045051574707,0.0,-0.002295875456184149,-0.010317123495042324,2.09893999187549e-18,0.010569488629698753,18.234194374177605,17.590133392252028,2.09893999187549e-18
402,18.0119686126709,17.60045051574707,2.8528149127960205,-0.002279104897752404,-0.010325420647859573,-0.00039674402796663344,0.010581400245428085,18.009689507773146,17.59012509509921,2.852418168768054
403,17.343931198120117,17.60045051574707,5.635385036468506,-0.0022256732918322086,-0.010348329320549965,-0.0007910000858828425,0.010614481754601002,17.341705524828285,17.59010218642652,5.634594036382623
404,16.248830795288086,17.60045051574707,8.279192924499512,-0.002127407118678093,-0.01038012932986021,-0.0011766026727855206,0.010661019943654537,16.246703388169408,17.59007038641721,8.278016321826726
405,14.753629684448242,17.60045051574707,10.71914005279541,-0.0019743458833545446,-0.010412090457975864,-0.0015413168584927917,0.010709123685956001,14.751655338564888,17.590038425289094,10.717598735936917
406,12.895145416259766,17.60045051574707,12.895145416259766,-0.0017591372597962618,-0.010433685034513474,-0.0018667054828256369,0.01074434444308281,12.89338627899997,17.590016830712557,12.89327871077694
407,10.71914005279541,17.60045051574707,14.753629684448242,-0.0014812181470915675,-0.010434305295348167,-0.00213065417483449,0.010752135887742043,10.717658834648319,17.590016210451722,14.751499030273408
408,8.279192924499512,17.60045051574707,16.248830795288086,-0.0011493383208289742,-0.010405415669083595,-0.0023121864069253206,0.010721000842750072,8.278043586178683,17.590045100077987,16.24651860888116
409,5.635385036468506,17.60045051574707,17.343931198120117,-0.0007812257390469313,-0.010342930443584919,-0.002397324191406369,0.010645829141139984,5.634603810729459,17.590107585303485,17.34153387392871
410,2.8528149127960205,17.60045051574707,18.0119686126709,-0.0004000221088062972,-0.010249301791191101,-0.0023841653019189835,0.010530549101531506,2.852414890687214,17.59020121395588,18.00958444736898
411,0.0,17.60045051574707,18.23649024963379,-2.819038309098687e-05,-0.010134546086192131,-0.0022850963287055492,0.01038900762796402,-2.819038309098687e-05,17.590315969660878,18.234205153305084
412,-2.8528149127960205,17.60045051574707,18.0119686126709,0.00031917187152430415,-0.010015415959060192,-0.002124700229614973,0.010243279859423637,-2.852495740924496,17.59043509978801,18.009843912441283
413,-5.635385036468506,17.60045051574707,17.343931198120117,0.0006388530600816011,-0.009912289679050446,-0.0019329132046550512,0.010119178332388401,-5.634746183408424,17.59053822606802,17.341998284915462
414,-8.279192924499512,17.60045051574707,16.248830795288086,0.0009393751970492303,-0.009844335727393627,-0.0017355697927996516,0.01004019845277071,-8.278253549302462,17.590606180019677,16.247095225495286
415,-10.71914005279541,17.60045051574707,14.753629684448242,0.0012354896171018481,-0.009824476204812527,-0.0015461370348930359,0.010021842084825039,-10.717904563178308,17.590626039542258,14.75208354741335
416,-12.895145416259766,17.60045051574707,12.895145416259766,0.001538662938401103,-0.009855545125901699,-0.001361657865345478,0.010067440569400787,-12.893606753321365,17.59059497062117,12.89378375839442
417,-14.753629684448242,17.60045051574707,10.71914005279541,0.0018475623801350594,-0.009928836487233639,-0.0011656404240056872,0.010166317224502563,-14.751782122068107,17.590521679259837,10.717974412371404
418,-16.248830795288086,17.60045051574707,8.279192924499512,0.002143715275451541,-0.01002554688602686,-0.0009374487563036382,0.010294945910573006,-16.246687080012634,17.590424968861043,8.278255475743208
419,-17.343931198120117,17.60045051574707,5.635385036468506,0.002394940936937928,-0.010120943188667297,-0.000663595914375037,0.010421592742204666,-17.34153625718318,17.590329572558403,5.634721440554131
420,-18.0119686126709,17.60045051574707,2.8528149127960205,0.002564959693700075,-0.010190395638346672,-0.0003454072284512222,0.010513918474316597,-18.0094036529772,17.590260120108724,2.8524695055675693
421,-18.23649024963379,17.60045051574707,0.0,0.0026252397801727057,-0.010215770453214645,-7.472457038662361e-19,0.010547693818807602,-18.233865009853616,17.590234745293856,-7.472457038662361e-19
422,-18.0119686126709,17.60045051574707,-2.8528149127960205,0.002564959693700075,-0.010190395638346672,0.0003454072284512222,0.010513918474316597,-18.0094036529772,17.590260120108724,-2.8524695055675693
423,-17.343931198120117,17.60045051574707,-5.635385036468506,0.002394940936937928,-0.010120943188667297,0.000663595914375037,0.010421592742204666,-17.34153625718318,17.590329572558403,-5.634721440554131
424,-16.248830795288086,17.60045051574707,-8.279192924499512,0.002143715275451541,-0.01002554688602686,0.0009374487563036382,0.010294945910573006,-16.246687080012634,17.590424968861043,-8.278255475743208
425,-14.753629684448242,17.60045051574707,-10.71914005279541,0.0018475623801350594,-0.009928836487233639,0.0011656404240056872,0.010166317224502563,-14.751782122068107,17.590521679259837,-10.717974412371404
426,-12.895145416259766,17.60045051574707,-12.895145416259766,0.001538662938401103,-0.009855545125901699,0.001361657865345478,0.010067440569400787,-12.893606753321365,17.59059497062117,-12.89378375839442
427,-10.71914005279541,17.60045051574707,-14.753629684448242,0.0012354896171018481,-0.009824476204812527,0.0015461370348930359,0.010021842084825039,-10.717904563178308,17.590626039542258,-14.75208354741335
428,-8.279192924499512,17.60045051574707,-16.248830795288086,0.0009393751970492303,-0.009844335727393627,0.0017355697927996516,0.01004019845277071,-8.278253549302462,17.590606180019677,-16.247095225495286
429,-5.635385036468506,17.60045051574707,-17.343931198120117,0.0006388530600816011,-0.009912289679050446,0.0019329132046550512,0.010119178332388401,-5.634746183408424,17.59053822606802,-17.341998284915462
430,-2.8528149127960205,17.60045051574707,-18.0119686126709,0.00031917187152430415,-0.010015415959060192,0.002124700229614973,0.010243279859423637,-2.852495740924496,17.59043509978801,-18.009843912441283
431,-0.0,17.60045051574707,-18.23649024963379,-2.819038309098687e-05,-0.010134546086192131,0.0022850963287055492,0.01038900762796402,-2.819038309098687e-05,17.590315969660878,-18.234205153305084
432,2.8528149127960205,17.60045051574707,-18.0119686126709,-0.0004000221088062972,-0.010249301791191101,0.0023841653019189835,0.010530549101531506,2.852414890687214,17.59020121395588,-18.00958444736898
433,5.635385036468506,17.60045051574707,-17.343931198120117,-0.0007812257390469313,-0.010342930443584919,0.002397324191406369,0.010645829141139984,5.634603810729459,17.590107585303485,-17.34153387392871
434,8.279192924499512,17.60045051574707,-16.248830795288086,-0.0011493383208289742,-0.010405415669083595,0.0023121864069253206,0.010721000842750072,8.278043586178683,17.590045100077987,-16.24651860888116
435,10.71914005279541,17.60045051574707,-14.753629684448242,-0.0014812181470915675,-0.010434305295348167,0.00213065417483449,0.010752135887742043,10.717658834648319,17.590016210451722,-14.751499030273408
436,12.895145416259766,17.60045051574707,-12.895145416259766,-0.0017591372597962618,-0.010433685034513474,0.0018667054828256369,0.01074434444308281,12.89338627899997,17.590016830712557,-12.89327871077694
437,14.753629684448242,17.60045051574707,-10.71914005279541,-0.0019743458833545446,-0.010412090457975864,0.0015413168584927917,0.010709123685956001,14.751655338564888,17.590038425289094,-10.717598735936917
438,16.248830795288086,17.60045051574707,-8.279192924499512,-0.002127407118678093,-0.01038012932986021,0.0011766026727855206,0.010661019943654537,16.246703388169408,17.59007038641721,-8.278016321826726
439,17.343931198120117,17.60045051574707,-5.635385036468506,-0.0022256732918322086,-0.010348329320549965,0.0007910000858828425,0.010614481754601002,17.341705524828285,17.59010218642652,-5.634594036382623
440,18.0119686126709,17.60045051574707,-2.8528149127960205,-0.002279104897752404,-0.010325420647859573,0.00039674402796663344,0.010581400245428085,18.009689507773146,17.59012509509921,-2.852418168768054
441,18.175355911254883,18.35045051574707,0.0,-0.002017710357904434,-0.010290096513926983,1.8911249250419553e-18,0.010486049577593803,18.17333820089698,18.340160419233143,1.8911249250419553e-18
442,17.951587677001953,18.35045051574707,2.843251943588257,-0.0020029570441693068,-0.010298242792487144,-0.00034972859430126846,0.010497044771909714,17.949584719957784,18.340152272954583,2.8429022149939556
443,17.285789489746094,18.35045051574707,5.616494178771973,-0.0019556889310479164,-0.010320713743567467,-0.0006973828421905637,0.01052749715745449,17.283833800815046,18.340129802003503,5.615796795929782
444,16.194360733032227,18.35045051574707,8.251439094543457,-0.0018680923385545611,-0.010351845063269138,-0.0010373637778684497,0.010570080019533634,16.192492640693672,18.3400986706838,8.250401730765589
445,14.704172134399414,18.35045051574707,10.683205604553223,-0.0017308291280642152,-0.010383003391325474,-0.0013583677355200052,0.010613561607897282,14.70244130527135,18.340067512355745,10.681847236817703
446,12.851917266845703,18.35045051574707,12.851917266845703,-0.0015373466303572059,-0.010403811000287533,-0.001643519732169807,0.010644429363310337,12.850379920215346,18.340046704746783,12.850273747113533
447,10.683205604553223,18.35045051574707,14.704172134399414,-0.0012877758126705885,-0.010403859429061413,-0.0018730929587036371,0.010649277828633785,10.681917828740552,18.34004665631801,14.70229904144071
448,8.251439094543457,18.35045051574707,16.194360733032227,-0.0009909359505400062,-0.010374831035733223,-0.0020291837863624096,0.010617752559483051,8.250448158592917,18.340075684711337,16.192331549245864
449,5.616494178771973,18.35045051574707,17.285789489746094,-0.0006634732708334923,-0.010312826372683048,-0.002100854180753231,0.010545528493821621,5.615830705501139,18.340137689374387,17.28368863556534
450,2.843251943588257,18.35045051574707,17.951587677001953,-0.00032618409022688866,-0.010220360942184925,-0.002087987959384918,0.01043656375259161,2.84292575949803,18.340230154804885,17.949499689042568
451,0.0,18.35045051574707,18.175355911254883,1.4446048908212106e-06,-0.010107332840561867,-0.0020023479592055082,0.01030376460403204,1.4446048908212106e-06,18.34034318290651,18.173353563295677
452,-2.843251943588257,18.35045051574707,17.951587677001953,0.0003066945937462151,-0.009990179911255836,-0.0018652137368917465,0.010167436674237251,-2.8429452489945106,18.340460335835814,17.94972246326506
453,-5.616494178771973,18.35045051574707,17.285789489746094,0.0005870974855497479,-0.009888852015137672,-0.0017016790807247162,0.010051357559859753,-5.615907081286423,18.340561663731933,17.28408781066537
454,-8.251439094543457,18.35045051574707,16.194360733032227,0.0008501464617438614,-0.009822102263569832,-0.0015331266913563013,0.009977320209145546,-8.250588948081713,18.3406284134835,16.19282760634087
455,-10.683205604553223,18.35045051574707,14.704172134399414,0.001108617172576487,-0.009802564978599548,-0.0013703745789825916,0.009959781542420387,-10.682096987380646,18.34064795076847,14.702801759820431
456,-12.851917266845703,18.35045051574707,12.851917266845703,0.001372270518913865,-0.009832999669015408,-0.0012100484455004334,0.01000176090747118,-12.85054499632679,18.340617516078055,12.850707218400203
457,-14.704172134399414,18.35045051574707,10.683205604553223,0.001639480935409665,-0.00990479625761509,-0.0010372360702604055,0.010093004442751408,-14.702532653464004,18.340545719489455,10.682168368482962
458,-16.194360733032227,18.35045051574707,8.251439094543457,0.0018938092980533838,-0.009999447502195835,-0.0008340902277268469,0.01021132618188858,-16.192466923734173,18.340451068244874,8.25060500431573
459,-17.285789489746094,18.35045051574707,5.616494178771973,0.002107759704813361,-0.01009273249655962,-0.0005897967494092882,0.01032733079046011,-17.28368173004128,18.34035778325051,5.615904382022563
460,-17.951587677001953,18.35045051574707,2.843251943588257,0.0022514848969876766,-0.010160602629184723,-0.0003066317003685981,0.010411581955850124,-17.949336192104965,18.340289913117886,2.8429453118878882
461,-18.175355911254883,18.35045051574707,0.0,0.0023022221866995096,-0.01018538884818554,-7.901786524044228e-19,0.010442336089909077,-18.173053689068183,18.340265126898885,-7.901786524044228e-19
462,-17.951587677001953,18.35045051574707,-2.843251943588257,0.0022514848969876766,-0.010160602629184723,0.0003066317003685981,0.010411581955850124,-17.949336192104965,18.340289913117886,-2.8429453118878882
463,-17.285789489746094,18.35045051574707,-5.616494178771973,0.002107759704813361,-0.01009273249655962,0.0005897967494092882,0.01032733079046011,-17.28368173004128,18.34035778325051,-5.615904382022563
464,-16.194360733032227,18.35045051574707,-8.251439094543457,0.0018938092980533838,-0.009999447502195835,0.0008340902277268469,0.01021132618188858,-16.192466923734173,18.340451068244874,-8.25060500431573
465,-14.704172134399414,18.35045051574707,-10.683205604553223,0.001639480935409665,-0.00990479625761509,0.0010372360702604055,0.010093004442751408,-14.702532653464004,18.340545719489455,-10.682168368482962
466,-12.851917266845703,18.35045051574707,-12.851917266845703,0.001372270518913865,-0.009832999669015408,0.0012100484455004334,0.01000176090747118,-12.85054499632679,18.340617516078055,-12.850707218400203
467,-10.683205604553223,18.35045051574707,-14.704172134399414,0.001108617172576487,-0.009802564978599548,0.0013703745789825916,0.009959781542420387,-10.682096987380646,18.34064795076847,-14.702801759820431
468,-8.251439094543457,18.35045051574707,-16.194360733032227,0.0008501464617438614,-0.009822102263569832,0.0015331266913563013,0.009977320209145546,-8.250588948081713,18.3406284134835,-16.19282760634087
469,-5.616494178771973,18.35045051574707,-17.285789489746094,0.0005870974855497479,-0.009888852015137672,0.0017016790807247162,0.010051357559859753,-5.615907081286423,18.340561663731933,-17.28408781066537
470,-2.843251943588257,18.35045051574707,-17.951587677001953,0.0003066945937462151,-0.009990179911255836,0.0018652137368917465,0.010167436674237251,-2.8429452489945106,18.340460335835814,-17.94972246326506
471,-0.0,18.35045051574707,-18.175355911254883,1.4446048908212106e-06,-0.010107332840561867,0.0020023479592055082,0.01030376460403204,1.4446048908212106e-06,18.34034318290651,-18.173353563295677
472,2.843251943588257,18.35045051574707,-17.951587677001953,-0.00032618409022688866,-0.010220360942184925,0.002087987959384918,0.01043656375259161,2.84292575949803,18.340230154804885,-17.949499689042568
473,5.616494178771973,18.35045051574707,-17.285789489746094,-0.0006634732708334923,-0.010312826372683048,0.002100854180753231,0.010545528493821621,5.615830705501139,18.340137689374387,-17.28368863556534
474,8.251439094543457,18.35045051574707,-16.194360733032227,-0.0009909359505400062,-0.010374831035733223,0.0020291837863624096,0.010617752559483051,8.250448158592917,18.340075684711337,-16.192331549245864
475,10.683205604553223,18.35045051574707,-14.704172134399414,-0.0012877758126705885,-0.010403859429061413,0.0018730929587036371,0.010649277828633785,10.681917828740552,18.34004665631801,-14.70229904144071
476,12.851917266845703,18.35045051574707,-12.851917266845703,-0.0015373466303572059,-0.010403811000287533,0.001643519732169807,0.010644429363310337,12.850379920215346,18.340046704746783,-12.850273747113533
477,14.704172134399414,18.35045051574707,-10.683205604553223,-0.0017308291280642152,-0.010383003391325474,0.0013583677355200052,0.010613561607897282,14.70244130527135,18.340067512355745,-10.681847236817703
478,16.194360733032227,18.35045051574707,-8.251439094543457,-0.0018680923385545611,-0.010351845063269138,0.0010373637778684497,0.010570080019533634,16.192492640693672,18.3400986706838,-8.250401730765589
479,17.285789489746094,18.35045051574707,-5.616494178771973,-0.0019556889310479164,-0.010320713743567467,0.0006973828421905637,0.01052749715745449,17.283833800815046,18.340129802003503,-5.615796795929782
480,17.951587677001953,18.35045051574707,-2.843251943588257,-0.0020029570441693068,-0.010298242792487144,0.00034972859430126846,0.010497044771909714,17.949584719957784,18.340152272954583,-2.8429022149939556
481,18.114221572875977,19.10045051574707,0.0,-0.001513155410066247,-0.010247395373880863,2.0893930868357094e-18,0.010358511470258236,18.11270841746591,19.09020312037319,2.0893930868357094e-18
482,17.891204833984375,19.10045051574707,2.833688974380493,-0.0015022761654108763,-0.010255314409732819,-0.0002673593699000776,0.010368210263550282,17.889702557818964,19.090195201337337,2.833421615010593
483,17.22764778137207,19.10045051574707,5.597601890563965,-0.0014670350356027484,-0.010277140885591507,-0.0005331298452802002,0.01039500068873167,17.226180746336468,19.09017337486148,5.597068760718685
484,16.139890670776367,19.10045051574707,8.223684310913086,-0.0014007347635924816,-0.010307315737009048,-0.0007927348488010466,0.010432221926748753,16.138489936012775,19.09014320001006,8.222891576064285
485,14.654712677001953,19.10045051574707,10.647272109985352,-0.0012955430429428816,-0.010337380692362785,-0.0010368907824158669,0.010469718836247921,14.65341713395901,19.090113135054708,10.646235219202936
486,12.80868911743164,19.10045051574707,12.80868911743164,-0.0011462726397439837,-0.01035720482468605,-0.001252023852430284,0.010495388880372047,12.807542844791897,19.090093310922384,12.80743709357921
487,10.647272109985352,19.10045051574707,14.654712677001953,-0.0009535736753605306,-0.01035666186362505,-0.0014229301596060395,0.010497355833649635,10.646318536309991,19.090093853883445,14.653289746842347
488,8.223684310913086,19.10045051574707,16.139890670776367,-0.0007251878851093352,-0.01032773032784462,-0.0015368229942396283,0.010466601699590683,8.222959123027977,19.090122785419226,16.138353847782128
489,5.597601890563965,19.10045051574707,17.22764778137207,-0.00047463757800869644,-0.010266724973917007,-0.0015872170915827155,0.010399527847766876,5.597127252985956,19.090183790773153,17.226060564280488
490,2.833688974380493,19.10045051574707,17.891204833984375,-0.00021779867529403418,-0.010176215320825577,-0.0015760974492877722,0.010299848392605782,2.833471175705199,19.090274300426245,17.889628736535087
491,0.0,19.10045051574707,18.114221572875977,3.133737118332647e-05,-0.01006590947508812,-0.0015135692665353417,0.010179116390645504,3.133737118332647e-05,19.090384606271982,18.11270800360944
492,-2.833688974380493,19.10045051574707,17.891204833984375,0.00026421729126013815,-0.009951797313988209,-0.001415254082530737,0.010055397637188435,-2.833424757089233,19.090498718433082,17.889789579901844
493,-5.597601890563965,19.10045051574707,17.22764778137207,0.0004795074346475303,-0.009853217750787735,-0.0012982250191271305,0.009949935600161552,-5.597122383129317,19.090597297996283,17.226349556352943
494,-8.223684310913086,19.10045051574707,16.139890670776367,0.0006824484444223344,-0.009788313880562782,-0.0011763834627345204,0.009882343001663685,-8.223001862468664,19.090662201866508,16.138714287313633
495,-10.647272109985352,19.10045051574707,14.654712677001953,0.0008813367458060384,-0.009769256226718426,-0.0010560584487393498,0.009865615516901016,-10.646390773239546,19.090681259520352,14.653656618553214
496,-12.80868911743164,19.10045051574707,12.80868911743164,0.0010816999711096287,-0.00979866087436676,-0.0009338562376797199,0.009902318939566612,-12.807607417460531,19.090651854872704,12.807755261193961
497,-14.654712677001953,19.10045051574707,10.647272109985352,0.001281036646105349,-0.009868123568594456,-0.0007991763995960355,0.009982965886592865,-14.653431640355848,19.090582392178476,10.646472933585756
498,-16.139890670776367,19.10045051574707,8.223684310913086,0.0014670282835140824,-0.009959680028259754,-0.0006402641301974654,0.010087483562529087,-16.138423642492853,19.09049083571881,8.223044046782888
499,-17.22764778137207,19.10045051574707,5.597601890563965,0.0016205795109272003,-0.01004988793283701,-0.0004507737176027149,0.01018968690186739,-17.226027201861143,19.090400627814233,5.597151116846362
500,-17.891204833984375,19.10045051574707,2.833688974380493,0.0017221772577613592,-0.010115493088960648,-0.00023354952281806618,0.01026370469480753,-17.889482656726614,19.09033502265811,2.833455424857675
501,-18.114221572875977,19.10045051574707,0.0,0.0017577403923496604,-0.010139444842934608,-5.348554493658823e-19,0.010290674865245819,-18.112463832483627,19.090311070904136,-5.348554493658823e-19
502,-17.891204833984375,19.10045051574707,-2.833688974380493,0.0017221772577613592,-0.010115493088960648,0.00023354952281806618,0.01026370469480753,-17.889482656726614,19.09033502265811,-2.833455424857675
503,-17.22764778137207,19.10045051574707,-5.597601890563965,0.0016205795109272003,-0.01004988793283701,0.0004507737176027149,0.01018968690186739,-17.226027201861143,19.090400627814233,-5.597151116846362
504,-16.139890670776367,19.10045051574707,-8.223684310913086,0.0014670282835140824,-0.009959680028259754,0.0006402641301974654,0.010087483562529087,-16.138423642492853,19.09049083571881,-8.223044046782888
505,-14.654712677001953,19.10045051574707,-10.647272109985352,0.001281036646105349,-0.009868123568594456,0.0007991763995960355,0.009982965886592865,-14.653431640355848,19.090582392178476,-10.646472933585756
506,-12.80868911743164,19.10045051574707,-12.80868911743164,0.0010816999711096287,-0.00979866087436676,0.0009338562376797199,0.009902318939566612,-12.807607417460531,19.090651854872704,-12.807755261193961
507,-10.647272109985352,19.10045051574707,-14.654712677001953,0.0008813367458060384,-0.009769256226718426,0.0010560584487393498,0.009865615516901016,-10.646390773239546,19.090681259520352,-14.653656618553214
508,-8.223684310913086,19.10045051574707,-16.139890670776367,0.0006824484444223344,-0.009788313880562782,0.0011763834627345204,0.009882343001663685,-8.223001862468664,19.090662201866508,-16.138714287313633
509,-5.597601890563965,19.10045051574707,-17.22764778137207,0.0004795074346475303,-0.009853217750787735,0.0012982250191271305,0.009949935600161552,-5.597122383129317,19.090597297996283,-17.226349556352943
510,-2.833688974380493,19.10045051574707,-17.891204833984375,0.00026421729126013815,-0.009951797313988209,0.001415254082530737,0.010055397637188435,-2.833424757089233,19.090498718433082,-17.889789579901844
511,-0.0,19.10045051574707,-18.114221572875977,3.133737118332647e-05,-0.01006590947508812,0.0015135692665353417,0.010179116390645504,3.133737118332647e-05,19.090384606271982,-18.11270800360944
512,2.833688974380493,19.10045051574707,-17.891204833984375,-0.00021779867529403418,-0.010176215320825577,0.0015760974492877722,0.010299848392605782,2.833471175705199,19.090274300426245,-17.889628736535087
513,5.597601890563965,19.10045051574707,-17.22764778137207,-0.00047463757800869644,-0.010266724973917007,0.0015872170915827155,0.010399527847766876,5.597127252985956,19.090183790773153,-17.226060564280488
514,8.223684310913086,19.10045051574707,-16.139890670776367,-0.0007251878851093352,-0.01032773032784462,0.0015368229942396283,0.010466601699590683,8.222959123027977,19.090122785419226,-16.138353847782128
515,10.647272109985352,19.10045051574707,-14.654712677001953,-0.0009535736753605306,-0.01035666186362505,0.0014229301596060395,0.010497355833649635,10.646318536309991,19.090093853883445,-14.653289746842347
516,12.80868911743164,19.10045051574707,-12.80868911743164,-0.0011462726397439837,-0.01035720482468605,0.001252023852430284,0.010495388880372047,12.807542844791897,19.090093310922384,-12.80743709357921
517,14.654712677001953,19.10045051574707,-10.647272109985352,-0.0012955430429428816,-0.010337380692362785,0.0010368907824158669,0.010469718836247921,14.65341713395901,19.090113135054708,-10.646235219202936
518,16.139890670776367,19.10045051574707,-8.223684310913086,-0.0014007347635924816,-0.010307315737009048,0.0007927348488010466,0.010432221926748753,16.138489936012775,19.09014320001006,-8.222891576064285
519,17.22764778137207,19.10045051574707,-5.597601890563965,-0.0014670350356027484,-0.010277140885591507,0.0005331298452802002,0.01039500068873167,17.226180746336468,19.09017337486148,-5.597068760718685
520,17.891204833984375,19.10045051574707,-2.833688974380493,-0.0015022761654108763,-0.010255314409732819,0.0002673593699000776,0.010368210263550282,17.889702557818964,19.090195201337337,-2.833421615010593
521,18.849586486816406,20.598386764526367,0.0,-9.271484304917976e-05,-0.010955947451293468,1.8122325741197103e-18,0.010956339538097382,18.849493771973357,20.587430817075074,1.8122325741197103e-18
522,18.617515563964844,20.598386764526367,2.9487249851226807,-9.343218698631972e-05,-0.010967695154249668,-3.2430059945909306e-05,0.010968141257762909,18.617422131777857,20.587419069372118,2.9486925550627348
523,17.927021026611328,20.598386764526367,5.8248419761657715,-9.397444955538958e-05,-0.011000293307006359,-6.591143028344959e-05,0.011000892147421837,17.926927052161773,20.58738647121936,5.824776064735488
524,16.795103073120117,20.598386764526367,8.557533264160156,-9.033444803208113e-05,-0.011046094819903374,-9.97987954178825e-05,0.01104691531509161,16.795012738672085,20.587340669706464,8.557433465364738
525,15.249634742736816,20.598386764526367,11.079508781433105,-7.818757876520976e-05,-0.011093324050307274,-0.00013107653649058193,0.011094373650848866,15.249556555158051,20.58729344047606,11.079377704896615
526,13.328669548034668,20.598386764526367,13.328669548034668,-5.5272848840104416e-05,-0.011127597652375698,-0.00015527282084804028,0.011128818616271019,13.328614275185828,20.58725916687399,13.32851427521382
527,11.079508781433105,20.598386764526367,15.249634742736816,-2.2842248654342256e-05,-0.011134137399494648,-0.00016872944252099842,0.01113543938845396,11.079485939184451,20.587252627126873,15.249466013294295
528,8.557533264160156,20.598386764526367,16.795103073120117,1.4764029401703738e-05,-0.011100629344582558,-0.00017106147424783558,0.01110195741057396,8.557548028189558,20.587286135181785,16.79493201164587
529,5.8248419761657715,20.598386764526367,17.927021026611328,5.234946729615331e-05,-0.011020492762327194,-0.0001661996793700382,0.01102187018841505,5.824894325633068,20.58736627176404,17.926854826931958
530,2.9487249851226807,20.598386764526367,18.617515563964844,8.664431516081095e-05,-0.010895916260778904,-0.00016091519501060247,0.010897449217736721,2.9488116294378415,20.58749084826559,18.617354648769833
531,0.0,20.598386764526367,18.849586486816406,0.0001177818703581579,-0.010739688761532307,-0.0001612726046005264,0.01074154581874609,0.0001177818703581579,20.587647075764835,18.849425214211806
532,-2.9487249851226807,20.598386764526367,18.617515563964844,0.0001483590604038909,-0.010574608109891415,-0.00016909930855035782,0.010577000677585602,-2.9485766260622768,20.587812156416476,18.617346464656293
533,-5.8248419761657715,20.598386764526367,17.927021026611328,0.00018075549451168627,-0.010429676622152328,-0.00018088235810864717,0.010432811453938484,-5.82466122067126,20.587957087904215,17.92684014425322
534,-8.557533264160156,20.598386764526367,16.795103073120117,0.00021470789215527475,-0.01033339649438858,-0.00018976442515850067,0.010337368585169315,-8.557318556268001,20.58805336803198,16.79491330869496
535,-11.079508781433105,20.598386764526367,15.249634742736816,0.00024643848882988095,-0.010306195355951786,-0.00018849973275791854,0.010310865007340908,-11.079262342944276,20.588080569170415,15.249446243004058
536,-13.328669548034668,20.598386764526367,13.328669548034668,0.00026997984969057143,-0.01035379245877266,-0.0001728397619444877,0.010358753614127636,-13.328399568184977,20.588032972067595,13.328496708272723
537,-15.249634742736816,20.598386764526367,11.079508781433105,0.00028116448083892465,-0.010463481768965721,-0.0001442789362045005,0.010468252934515476,-15.249353578255977,20.5879232827574,11.079364502496901
538,-16.795103073120117,20.598386764526367,8.557533264160156,0.00028023505001328886,-0.010606748051941395,-0.00010820021998370066,0.010611001402139664,-16.794822838070104,20.587780016474426,8.557425063940173
539,-17.927021026611328,20.598386764526367,5.8248419761657715,0.00027133661205880344,-0.010747001506388187,-7.022030331427231e-05,0.010750656016170979,-17.92674968999927,20.58763976301998,5.824771755862457
540,-18.617515563964844,20.598386764526367,2.9487249851226807,0.0002613994583953172,-0.010848564095795155,-3.401557114557363e-05,0.010851765982806683,-18.61725416450645,20.587538200430572,2.948690969551535
541,-18.849586486816406,20.598386764526367,0.0,0.0002571687218733132,-0.010885556228458881,-1.269596612213366e-18,0.010888594202697277,-18.849329318094533,20.58750120829791,-1.269596612213366e-18
542,-18.617515563964844,20.598386764526367,-2.9487249851226807,0.0002613994583953172,-0.010848564095795155,3.401557114557363e-05,0.010851765982806683,-18.61725416450645,20.587538200430572,-2.948690969551535
543,-17.927021026611328,20.598386764526367,-5.8248419761657715,0.00027133661205880344,-0.010747001506388187,7.022030331427231e-05,0.010750656016170979,-17.92674968999927,20.58763976301998,-5.824771755862457
544,-16.795103073120117,20.598386764526367,-8.557533264160156,0.00028023505001328886,-0.010606748051941395,0.00010820021998370066,0.010611001402139664,-16.794822838070104,20.587780016474426,-8.557425063940173
545,-15.249634742736816,20.598386764526367,-11.079508781433105,0.00028116448083892465,-0.010463481768965721,0.0001442789362045005,0.010468252934515476,-15.249353578255977,20.5879232827574,-11.079364502496901
546,-13.328669548034668,20.598386764526367,-13.328669548034668,0.00026997984969057143,-0.01035379245877266,0.0001728397619444877,0.010358753614127636,-13.328399568184977,20.588032972067595,-13.328496708272723
547,-11.079508781433105,20.598386764526367,-15.249634742736816,0.00024643848882988095,-0.010306195355951786,0.00018849973275791854,0.010310865007340908,-11.079262342944276,20.588080569170415,-15.249446243004058
548,-8.557533264160156,20.598386764526367,-16.795103073120117,0.00021470789215527475,-0.01033339649438858,0.00018976442515850067,0.010337368585169315,-8.557318556268001,20.58805336803198,-16.79491330869496
549,-5.8248419761657715,20.598386764526367,-17.927021026611328,0.00018075549451168627,-0.010429676622152328,0.00018088235810864717,0.010432811453938484,-5.82466122067126,20.587957087904215,-17.92684014425322
550,-2.9487249851226807,20.598386764526367,-18.617515563964844,0.0001483590604038909,-0.010574608109891415,0.00016909930855035782,0.010577000677585602,-2.9485766260622768,20.587812156416476,-18.617346464656293
551,-0.0,20.598386764526367,-18.849586486816406,0.0001177818703581579,-0.010739688761532307,0.0001612726046005264,0.01074154581874609,0.0001177818703581579,20.587647075764835,-18.849425214211806
552,2.9487249851226807,20.598386764526367,-18.617515563964844,8.664431516081095e-05,-0.010895916260778904,0.00016091519501060247,0.010897449217736721,2.9488116294378415,20.58749084826559,-18.617354648769833
553,5.8248419761657715,20.598386764526367,-17.927021026611328,5.234946729615331e-05,-0.011020492762327194,0.0001661996793700382,0.01102187018841505,5.824894325633068,20.58736627176404,-17.926854826931958
554,8.557533264160156,20.598386764526367,-16.795103073120117,1.4764029401703738e-05,-0.011100629344582558,0.00017106147424783558,0.01110195741057396,8.557548028189558,20.587286135181785,-16.79493201164587
555,11.079508781433105,20.598386764526367,-15.249634742736816,-2.2842248654342256e-05,-0.011134137399494648,0.00016872944252099842,0.01113543938845396,11.079485939184451,20.587252627126873,-15.249466013294295
556,13.328669548034668,20.598386764526367,-13.328669548034668,-5.5272848840104416e-05,-0.011127597652375698,0.00015527282084804028,0.011128818616271019,13.328614275185828,20.58725916687399,-13.32851427521382
557,15.249634742736816,20.598386764526367,-11.079508781433105,-7.818757876520976e-05,-0.011093324050307274,0.00013107653649058193,0.011094373650848866,15.249556555158051,20.58729344047606,-11.079377704896615
558,16.795103073120117,20.598386764526367,-8.557533264160156,-9.033444803208113e-05,-0.011046094819903374,9.97987954178825e-05,0.01104691531509161,16.795012738672085,20.587340669706464,-8.557433465364738
559,17.927021026611328,20.598386764526367,-5.8248419761657715,-9.397444955538958e-05,-0.011000293307006359,6.591143028344959e-05,0.011000892147421837,17.926927052161773,20.58738647121936,-5.824776064735488
560,18.617515563964844,20.598386764526367,-2.9487249851226807,-9.343218698631972e-05,-0.010967695154249668,3.2430059945909306e-05,0.010968141257762909,18.617422131777857,20.587419069372118,-2.9486925550627348
561,19.584949493408203,22.09632110595703,0.0,0.0007204128196462989,-0.011390026658773422,1.0096902598946105e-18,0.01141278725117445,19.58566990622785,22.084931079298258,1.0096902598946105e-18
562,19.343826293945312,22.09632110595703,3.063760995864868,0.0007179332314990461,-0.011406722478568554,0.00010767109779408202,0.011429800651967525,19.34454422717681,22.084914383478463,3.0638686669626622
563,18.626394271850586,22.09632110595703,6.052082061767578,0.0007103121024556458,-0.011453320272266865,0.0002160940202884376,0.01147735957056284,18.62710458395304,22.084867785684764,6.052298155787867
564,17.4503173828125,22.09632110595703,8.89138126373291,0.0006966166547499597,-0.011519688181579113,0.0003257839707657695,0.011545330286026001,17.45101399946725,22.084801417775452,8.891707047703676
565,15.84455680847168,22.09632110595703,11.51174545288086,0.0006743611302226782,-0.01159010361880064,0.00043612808804027736,0.011617894284427166,15.845231169601902,22.08473100233823,11.5121815809689
566,13.848650932312012,22.09632110595703,13.848650932312012,0.0006391517817974091,-0.01164514571428299,0.0005436961073428392,0.011675339192152023,13.84929008409381,22.08467596024275,13.849194628419355
567,11.51174545288086,22.09632110595703,15.84455680847168,0.0005856922944076359,-0.011664528399705887,0.0006404455052688718,0.0116967698559165,11.512331145175267,22.084656577557325,15.845197253976949
568,8.89138126373291,22.09632110595703,17.4503173828125,0.0005104451556690037,-0.011630862019956112,0.0007132613100111485,0.011663885787129402,8.89189170888858,22.084690243937075,17.45103064412251
569,6.052082061767578,22.09632110595703,18.626394271850586,0.00041504218825139105,-0.011534024961292744,0.0007463550427928567,0.011565596796572208,6.0524971039558295,22.08478708099574,18.62714062689338
570,3.063760995864868,22.09632110595703,19.343826293945312,0.0003083501651417464,-0.011375424452126026,0.0007270164205692708,0.011402803473174572,3.06406934603001,22.084945681504905,19.34455331036588
571,0.0,22.09632110595703,19.584949493408203,0.00020481791580095887,-0.011170895770192146,0.0006530407117679715,0.011191842146217823,0.00020481791580095887,22.08515021018684,19.58560253411997
572,-3.063760995864868,22.09632110595703,19.343826293945312,0.00011828071728814393,-0.010950606316328049,0.0005377922207117081,0.010964442044496536,-3.06364271514758,22.085370499640703,19.344364086166024
573,-6.052082061767578,22.09632110595703,18.626394271850586,5.3683706937590614e-05,-0.010754521004855633,0.0004084385000169277,0.010762408375740051,-6.0520283780606405,22.085566584952176,18.626802710350603
574,-8.89138126373291,22.09632110595703,17.4503173828125,1.8584579493108322e-06,-0.010623498819768429,0.0002964751038234681,0.010627634823322296,-8.89137940527496,22.085697607137263,17.450613857916323
575,-11.51174545288086,22.09632110595703,15.84455680847168,-5.8681653172243387e-05,-0.010588213801383972,0.00022505808738060296,0.010590767487883568,-11.511804134534032,22.085732892155647,15.84478186655906
576,-13.848650932312012,22.09632110595703,13.848650932312012,-0.00015120898024179041,-0.01065830048173666,0.00019766621699091047,0.010661205276846886,-13.848802141292254,22.085662805475295,13.848848598529003
577,-15.84455680847168,22.09632110595703,11.51174545288086,-0.00028466168441809714,-0.010816007852554321,0.00019529690325725824,0.010821515694260597,-15.844841470156098,22.085505098104477,11.511940749784117
578,-17.4503173828125,22.09632110595703,8.89138126373291,-0.0004451930581126362,-0.011020252481102943,0.00018872875079978257,0.01103085558861494,-17.450762575870613,22.08530085347593,8.89156999248371
579,-18.626394271850586,22.09632110595703,6.052082061767578,-0.0006013828096911311,-0.011218853294849396,0.00015539197192993015,0.011236034333705902,-18.626995654660277,22.085102252662182,6.052237453739508
580,-19.343826293945312,22.09632110595703,3.063760995864868,-0.000715616624802351,-0.01136194821447134,8.882102702045813e-05,0.011384808458387852,-19.344541910570115,22.08495915774256,3.0638498168918886
581,-19.584949493408203,22.09632110595703,0.0,-0.0007575455238111317,-0.011413932777941227,-1.7134755841845809e-18,0.011439044028520584,-19.585707038932014,22.08490717317909,-1.7134755841845809e-18
582,-19.343826293945312,22.09632110595703,-3.063760995864868,-0.000715616624802351,-0.01136194821447134,-8.882102702045813e-05,0.011384808458387852,-19.344541910570115,22.08495915774256,-3.0638498168918886
583,-18.626394271850586,22.09632110595703,-6.052082061767578,-0.0006013828096911311,-0.011218853294849396,-0.00015539197192993015,0.011236034333705902,-18.626995654660277,22.085102252662182,-6.052237453739508
584,-17.4503173828125,22.09632110595703,-8.89138126373291,-0.0004451930581126362,-0.011020252481102943,-0.00018872875079978257,0.01103085558861494,-17.450762575870613,22.08530085347593,-8.89156999248371
585,-15.84455680847168,22.09632110595703,-11.51174545288086,-0.00028466168441809714,-0.010816007852554321,-0.00019529690325725824,0.010821515694260597,-15.844841470156098,22.085505098104477,-11.511940749784117
586,-13.848650932312012,22.09632110595703,-13.848650932312012,-0.00015120898024179041,-0.01065830048173666,-0.00019766621699091047,0.010661205276846886,-13.848802141292254,22.085662805475295,-13.848848598529003
587,-11.51174545288086,22.09632110595703,-15.84455680847168,-5.8681653172243387e-05,-0.010588213801383972,-0.00022505808738060296,0.010590767487883568,-11.511804134534032,22.085732892155647,-15.84478186655906
588,-8.89138126373291,22.09632110595703,-17.4503173828125,1.8584579493108322e-06,-0.010623498819768429,-0.0002964751038234681,0.010627634823322296,-8.89137940527496,22.085697607137263,-17.450613857916323
589,-6.052082061767578,22.09632110595703,-18.626394271850586,5.3683706937590614e-05,-0.010754521004855633,-0.0004084385000169277,0.010762408375740051,-6.0520283780606405,22.085566584952176,-18.626802710350603
590,-3.063760995864868,22.09632110595703,-19.343826293945312,0.00011828071728814393,-0.010950606316328049,-0.0005377922207117081,0.010964442044496536,-3.06364271514758,22.085370499640703,-19.344364086166024
591,-0.0,22.09632110595703,-19.584949493408203,0.00020481791580095887,-0.011170895770192146,-0.0006530407117679715,0.011191842146217823,0.00020481791580095887,22.08515021018684,-19.58560253411997
592,3.063760995864868,22.09632110595703,-19.343826293945312,0.0003083501651417464,-0.011375424452126026,-0.0007270164205692708,0.011402803473174572,3.06406934603001,22.084945681504905,-19.34455331036588
593,6.052082061767578,22.09632110595703,-18.626394271850586,0.00041504218825139105,-0.011534024961292744,-0.0007463550427928567,0.011565596796572208,6.0524971039558295,22.08478708099574,-18.62714062689338
594,8.89138126373291,22.09632110595703,-17.4503173828125,0.0005104451556690037,-0.011630862019956112,-0.0007132613100111485,0.011663885787129402,8.89189170888858,22.084690243937075,-17.45103064412251
595,11.51174545288086,22.09632110595703,-15.84455680847168,0.0005856922944076359,-0.011664528399705887,-0.0006404455052688718,0.0116967698559165,11.512331145175267,22.084656577557325,-15.845197253976949
596,13.848650932312012,22.09632110595703,-13.848650932312012,0.0006391517817974091,-0.01164514571428299,-0.0005436961073428392,0.011675339192152023,13.84929008409381,22.08467596024275,-13.849194628419355
597,15.84455680847168,22.09632110595703,-11.51174545288086,0.0006743611302226782,-0.01159010361880064,-0.00043612808804027736,0.011617894284427166,15.845231169601902,22.08473100233823,-11.5121815809689
598,17.4503173828125,22.09632110595703,-8.89138126373291,0.0006966166547499597,-0.011519688181579113,-0.0003257839707657695,0.011545330286026001,17.45101399946725,22.084801417775452,-8.891707047703676
599,18.626394271850586,22.09632110595703,-6.052082061767578,0.0007103121024556458,-0.011453320272266865,-0.0002160940202884376,0.01147735957056284,18.62710458395304,22.084867785684764,-6.052298155787867
600,19.343826293945312,22.09632110595703,-3.063760995864868,0.0007179332314990461,-0.011406722478568554,-0.00010767109779408202,0.011429800651967525,19.34454422717681,22.084914383478463,-3.0638686669626622
601,20.314945220947266,24.205873489379883,0.0,0.0002511836646590382,-0.011275921016931534,3.986478571974145e-19,0.011278718709945679,20.315196404611925,24.19459756836295,3.986478571974145e-19
602,20.064834594726562,24.205873489379883,3.1779580116271973,0.0002674437710084021,-0.011298071593046188,5.405355477705598e-05,0.011301365680992603,20.06510203849757,24.194575417786837,3.1780120651819743
603,19.320661544799805,24.205873489379883,6.277663230895996,0.00031299053807742894,-0.011360254138708115,0.00011898238881258294,0.011365188285708427,19.320974535337882,24.194513235241175,6.277782213284809
604,18.10074806213379,24.205873489379883,9.22279167175293,0.000378265482140705,-0.011450019665062428,0.00020260585006326437,0.011458057910203934,18.10112632761593,24.19442346971482,9.222994277602993
605,16.435136795043945,24.205873489379883,11.940825462341309,0.00044820093899033964,-0.011547894217073917,0.0003063651383854449,0.011560649611055851,16.435584995982936,24.19432559516281,11.941131827479694
606,14.364835739135742,24.205873489379883,14.364835739135742,0.0005045586149208248,-0.011629524640738964,0.00042213991400785744,0.011648117564618587,14.365340297750663,24.194243964739144,14.36525787904975
607,11.940825462341309,24.205873489379883,16.435136795043945,0.0005303981597535312,-0.011669042520225048,0.0005305769154801965,0.011693133972585201,11.941355860501062,24.194204446859658,16.435667371959426
608,9.22279167175293,24.205873489379883,18.10074806213379,0.0005161773879081011,-0.01164364442229271,0.0006029237993061543,0.011670664884150028,9.223307849140838,24.19422984495759,18.101350985933095
609,6.277663230895996,24.205873489379883,19.320661544799805,0.0004653817159123719,-0.011539093218743801,0.0006079768063500524,0.011564466170966625,6.2781286126119085,24.19433439616114,19.321269521606155
610,3.1779580116271973,24.205873489379883,20.064834594726562,0.00039628881495445967,-0.011355302296578884,0.0005239748279564083,0.011374291032552719,3.1783543004421517,24.194518187083304,20.06535856955452
611,0.0,24.205873489379883,20.314945220947266,0.0003365370794199407,-0.011110512539744377,0.00035206813481636345,0.011121182702481747,0.0003365370794199407,24.19476297684014,20.315297289082082
612,-3.1779580116271973,24.205873489379883,20.064834594726562,0.0003098691813647747,-0.010841877199709415,0.00012430557399056852,0.010847017168998718,-3.1776481424458325,24.195031612180173,20.064958900300553
613,-6.277663230895996,24.205873489379883,19.320661544799805,0.0003201164654456079,-0.01060018315911293,-0.00010189682507188991,0.010605504736304283,-6.2773431144305505,24.19527330622077,19.320559647974733
614,-9.22279167175293,24.205873489379883,18.10074806213379,0.0003424702154006809,-0.010438462719321251,-0.00026410334976390004,0.010447417385876179,-9.222449201537529,24.19543502666056,18.100483958784025
615,-11.940825462341309,24.205873489379883,16.435136795043945,0.0003296509385108948,-0.010397354140877724,-0.000320481660310179,0.010407513938844204,-11.940495811402798,24.195476135239005,16.434816313383635
616,-14.364835739135742,24.205873489379883,14.364835739135742,0.00023414724273607135,-0.010490414686501026,-0.00027016899548470974,0.010496504604816437,-14.364601591893006,24.195383074693382,14.364565570140257
617,-16.435136795043945,24.205873489379883,11.940825462341309,3.842679871013388e-05,-0.010695432312786579,-0.00015579535102006048,0.010696635581552982,-16.435098368245235,24.195178057067096,11.940669666990289
618,-18.10074806213379,24.205873489379883,9.22279167175293,-0.00022944466036278754,-0.010959657840430737,-3.941428803955205e-05,0.01096213050186634,-18.100977506794152,24.194913831539452,9.22275225746489
619,-19.320661544799805,24.205873489379883,6.277663230895996,-0.0005053906352259219,-0.011215945705771446,3.0028373657842167e-05,0.011227366514503956,-19.32116693543503,24.19465754367411,6.277693259269654
620,-20.064834594726562,24.205873489379883,3.1779580116271973,-0.0007125935517251492,-0.011400319635868073,3.651082806754857e-05,0.011422627605497837,-20.065547188278288,24.194473169744015,3.177994522455265
621,-20.314945220947266,24.205873489379883,0.0,-0.0007894454174675047,-0.011467247270047665,-3.23429211830913e-18,0.011494389735162258,-20.315734666364733,24.194406242109835,-3.23429211830913e-18
622,-20.064834594726562,24.205873489379883,-3.1779580116271973,-0.0007125935517251492,-0.011400319635868073,-3.651082806754857e-05,0.011422627605497837,-20.065547188278288,24.194473169744015,-3.177994522455265
623,-19.320661544799805,24.205873489379883,-6.277663230895996,-0.0005053906352259219,-0.011215945705771446,-3.0028373657842167e-05,0.011227366514503956,-19.32116693543503,24.19465754367411,-6.277693259269654
624,-18.10074806213379,24.205873489379883,-9.22279167175293,-0.00022944466036278754,-0.010959657840430737,3.941428803955205e-05,0.01096213050186634,-18.100977506794152,24.194913831539452,-9.22275225746489
625,-16.435136795043945,24.205873489379883,-11.940825462341309,3.842679871013388e-05,-0.010695432312786579,0.00015579535102006048,0.010696635581552982,-16.435098368245235,24.195178057067096,-11.940669666990289
626,-14.364835739135742,24.205873489379883,-14.364835739135742,0.00023414724273607135,-0.010490414686501026,0.00027016899548470974,0.010496504604816437,-14.364601591893006,24.195383074693382,-14.364565570140257
627,-11.940825462341309,24.205873489379883,-16.435136795043945,0.0003296509385108948,-0.010397354140877724,0.000320481660310179,0.010407513938844204,-11.940495811402798,24.195476135239005,-16.434816313383635
628,-9.22279167175293,24.205873489379883,-18.10074806213379,0.0003424702154006809,-0.010438462719321251,0.00026410334976390004,0.010447417385876179,-9.222449201537529,24.19543502666056,-18.100483958784025
629,-6.277663230895996,24.205873489379883,-19.320661544799805,0.0003201164654456079,-0.01060018315911293,0.00010189682507188991,0.010605504736304283,-6.2773431144305505,24.19527330622077,-19.320559647974733
630,-3.1779580116271973,24.205873489379883,-20.064834594726562,0.0003098691813647747,-0.010841877199709415,-0.00012430557399056852,0.010847017168998718,-3.1776481424458325,24.195031612180173,-20.064958900300553
631,-0.0,24.205873489379883,-20.314945220947266,0.0003365370794199407,-0.011110512539744377,-0.00035206813481636345,0.011121182702481747,0.0003365370794199407,24.19476297684014,-20.315297289082082
632,3.1779580116271973,24.205873489379883,-20.064834594726562,0.00039628881495445967,-0.011355302296578884,-0.0005239748279564083,0.011374291032552719,3.1783543004421517,24.194518187083304,-20.06535856955452
633,6.277663230895996,24.205873489379883,-19.320661544799805,0.0004653817159123719,-0.011539093218743801,-0.0006079768063500524,0.011564466170966625,6.2781286126119085,24.19433439616114,-19.321269521606155
634,9.22279167175293,24.205873489379883,-18.10074806213379,0.0005161773879081011,-0.01164364442229271,-0.0006029237993061543,0.011670664884150028,9.223307849140838,24.19422984495759,-18.101350985933095
635,11.940825462341309,24.205873489379883,-16.435136795043945,0.0005303981597535312,-0.011669042520225048,-0.0005305769154801965,0.011693133972585201,11.941355860501062,24.194204446859658,-16.435667371959426
636,14.364835739135742,24.205873489379883,-14.364835739135742,0.0005045586149208248,-0.011629524640738964,-0.00042213991400785744,0.011648117564618587,14.365340297750663,24.194243964739144,-14.36525787904975
637,16.435136795043945,24.205873489379883,-11.940825462341309,0.00044820093899033964,-0.011547894217073917,-0.0003063651383854449,0.011560649611055851,16.435584995982936,24.19432559516281,-11.941131827479694
638,18.10074806213379,24.205873489379883,-9.22279167175293,0.000378265482140705,-0.011450019665062428,-0.00020260585006326437,0.011458057910203934,18.10112632761593,24.19442346971482,-9.222994277602993
639,19.320661544799805,24.205873489379883,-6.277663230895996,0.00031299053807742894,-0.011360254138708115,-0.00011898238881258294,0.011365188285708427,19.320974535337882,24.194513235241175,-6.277782213284809
640,20.064834594726562,24.205873489379883,-3.1779580116271973,0.0002674437710084021,-0.011298071593046188,-5.405355477705598e-05,0.011301365680992603,20.06510203849757,24.194575417786837,-3.1780120651819743
641,21.044940948486328,26.315427780151367,0.0,-0.00031911974656395614,-0.011111395433545113,1.4525173941687819e-19,0.011115976609289646,21.044621828739764,26.304316384717822,1.4525173941687819e-19
642,20.785842895507812,26.315427780151367,3.29215407371521,-0.0002838284126482904,-0.011138692498207092,-1.5262738088495098e-05,0.011142319068312645,20.785559067095164,26.30428908765316,3.2921388109771215
643,20.014928817749023,26.315427780151367,6.503243923187256,-0.00018406141316518188,-0.01121556106954813,-9.993952517106663e-06,0.011217075400054455,20.01474475633586,26.30421221908182,6.503233929234739
644,18.75118064880371,26.315427780151367,9.554203033447266,-3.747933078557253e-05,-0.011327318847179413,3.064080374315381e-05,0.01132742315530777,18.751143169472925,26.304100461304188,9.554233674251009
645,17.025714874267578,26.315427780151367,12.369906425476074,0.0001290769869228825,-0.01145089603960514,0.00011022530816262588,0.011452154256403446,17.0258439512545,26.303976884111762,12.370016650784237
646,14.881019592285156,26.315427780151367,14.881019592285156,0.00028447085060179234,-0.011557276360690594,0.00021661991195287555,0.01156280655413866,14.881304063135758,26.303870503790677,14.88123621219711
647,12.369906425476074,26.315427780151367,17.025714874267578,0.0004009246185887605,-0.011615388095378876,0.0003205594839528203,0.01162672508507967,12.370307350094663,26.30381239205599,17.02603543375153
648,9.554203033447266,26.315427780151367,18.75118064880371,0.00046318015665747225,-0.011597528122365475,0.0003797885437961668,0.011612985283136368,9.554666213603923,26.303830252029,18.751560437347507
649,6.503243923187256,26.315427780151367,20.014928817749023,0.0004759272269438952,-0.011485951952636242,0.000350312766386196,0.01150114368647337,6.5037198504142,26.30394182819873,20.01527913051541
650,3.29215407371521,26.315427780151367,20.785842895507812,0.0004649214679375291,-0.011279634200036526,0.0002037009398918599,0.011291049420833588,3.2926189951831475,26.30414814595133,20.786046596447704
651,0.0,26.315427780151367,21.044940948486328,0.00046788662439212203,-0.010999388061463833,-5.480356776388362e-05,0.011009471490979195,0.00046788662439212203,26.304428392089903,21.044886144918564
652,-3.29215407371521,26.315427780151367,20.785842895507812,0.000515343330334872,-0.010688718408346176,-0.00037686244468204677,0.010707768611609936,-3.291638730384875,26.30473906174302,20.78546603306313
653,-6.503243923187256,26.315427780151367,20.014928817749023,0.0006088493973948061,-0.010407738387584686,-0.0006802021525800228,0.010447697713971138,-6.502635073789861,26.305020041763783,20.014248615596443
654,-9.554203033447266,26.315427780151367,18.75118064880371,0.0007099331123754382,-0.010219872929155827,-0.0008772149449214339,0.01028199028223753,-9.55349310033489,26.30520790722221,18.75030343385879
655,-12.369906425476074,26.315427780151367,17.025714874267578,0.000749789469409734,-0.010174449533224106,-0.00091059401165694,0.010242597199976444,-12.369156636006664,26.305253330618143,17.02480428025592
656,-14.881019592285156,26.315427780151367,14.881019592285156,0.0006612985744141042,-0.010288584046065807,-0.0007813908741809428,0.010339383035898209,-14.880358293710742,26.3051391961053,14.880238201410975
657,-17.025714874267578,26.315427780151367,12.369906425476074,0.00042082963045686483,-0.010535947047173977,-0.0005517270183190703,0.010558772832155228,-17.02529404463712,26.304891833104193,12.369354698457755
658,-18.75118064880371,26.315427780151367,9.554203033447266,6.921415479155257e-05,-0.010853206738829613,-0.0003112146514467895,0.010857888497412205,-18.75111143464892,26.304574573412538,9.553891818795819
659,-20.014928817749023,26.315427780151367,6.503243923187256,-0.00030193879501894116,-0.011160108260810375,-0.00013117109483573586,0.011164962314069271,-20.015230756544042,26.304267671890557,6.50311275209242
660,-20.785842895507812,26.315427780151367,3.29215407371521,-0.00058353366330266,-0.011380557902157307,-3.619537892518565e-05,0.011395566165447235,-20.786426429171115,26.30404722224921,3.2921178783362848
661,-21.044940948486328,26.315427780151367,0.0,-0.0006884086178615689,-0.011460525915026665,-4.168393062864996e-18,0.011481182649731636,-21.04562935710419,26.30396725423634,-4.168393062864996e-18
662,-20.785842895507812,26.315427780151367,-3.29215407371521,-0.00058353366330266,-0.011380557902157307,3.619537892518565e-05,0.011395566165447235,-20.786426429171115,26.30404722224921,-3.2921178783362848
663,-20.014928817749023,26.315427780151367,-6.503243923187256,-0.00030193879501894116,-0.011160108260810375,0.00013117109483573586,0.011164962314069271,-20.015230756544042,26.304267671890557,-6.50311275209242
664,-18.75118064880371,26.315427780151367,-9.554203033447266,6.921415479155257e-05,-0.010853206738829613,0.0003112146514467895,0.010857888497412205,-18.75111143464892,26.304574573412538,-9.553891818795819
665,-17.025714874267578,26.315427780151367,-12.369906425476074,0.00042082963045686483,-0.010535947047173977,0.0005517270183190703,0.010558772832155228,-17.02529404463712,26.304891833104193,-12.369354698457755
666,-14.881019592285156,26.315427780151367,-14.881019592285156,0.0006612985744141042,-0.010288584046065807,0.0007813908741809428,0.010339383035898209,-14.880358293710742,26.3051391961053,-14.880238201410975
667,-12.369906425476074,26.315427780151367,-17.025714874267578,0.000749789469409734,-0.010174449533224106,0.00091059401165694,0.010242597199976444,-12.369156636006664,26.305253330618143,-17.02480428025592
668,-9.554203033447266,26.315427780151367,-18.75118064880371,0.0007099331123754382,-0.010219872929155827,0.0008772149449214339,0.01028199028223753,-9.55349310033489,26.30520790722221,-18.75030343385879
669,-6.503243923187256,26.315427780151367,-20.014928817749023,0.0006088493973948061,-0.010407738387584686,0.0006802021525800228,0.010447697713971138,-6.502635073789861,26.305020041763783,-20.014248615596443
670,-3.29215407371521,26.315427780151367,-20.785842895507812,0.000515343330334872,-0.010688718408346176,0.00037686244468204677,0.010707768611609936,-3.291638730384875,26.30473906174302,-20.78546603306313
671,-0.0,26.315427780151367,-21.044940948486328,0.00046788662439212203,-0.010999388061463833,5.480356776388362e-05,0.011009471490979195,0.00046788662439212203,26.304428392089903,-21.044886144918564
672,3.29215407371521,26.315427780151367,-20.785842895507812,0.0004649214679375291,-0.011279634200036526,-0.0002037009398918599,0.011291049420833588,3.2926189951831475,26.30414814595133,-20.786046596447704
673,6.503243923187256,26.315427780151367,-20.014928817749023,0.0004759272269438952,-0.011485951952636242,-0.000350312766386196,0.01150114368647337,6.5037198504142,26.30394182819873,-20.01527913051541
674,9.554203033447266,26.315427780151367,-18.75118064880371,0.00046318015665747225,-0.011597528122365475,-0.0003797885437961668,0.011612985283136368,9.554666213603923,26.303830252029,-18.751560437347507
675,12.369906425476074,26.315427780151367,-17.025714874267578,0.0004009246185887605,-0.011615388095378876,-0.0003205594839528203,0.01162672508507967,12.370307350094663,26.30381239205599,-17.02603543375153
676,14.881019592285156,26.315427780151367,-14.881019592285156,0.00028447085060179234,-0.011557276360690594,-0.00021661991195287555,0.01156280655413866,14.881304063135758,26.303870503790677,-14.88123621219711
677,17.025714874267578,26.315427780151367,-12.369906425476074,0.0001290769869228825,-0.01145089603960514,-0.00011022530816262588,0.011452154256403446,17.0258439512545,26.303976884111762,-12.370016650784237
678,18.75118064880371,26.315427780151367,-9.554203033447266,-3.747933078557253e-05,-0.011327318847179413,-3.064080374315381e-05,0.01132742315530777,18.751143169472925,26.304100461304188,-9.554233674251009
679,20.014928817749023,26.315427780151367,-6.503243923187256,-0.00018406141316518188,-0.01121556106954813,9.993952517106663e-06,0.011217075400054455,20.01474475633586,26.30421221908182,-6.503233929234739
680,20.785842895507812,26.315427780151367,-3.29215407371521,-0.0002838284126482904,-0.011138692498207092,1.5262738088495098e-05,0.011142319068312645,20.785559067095164,26.30428908765316,-3.2921388109771215
681,22.39875030517578,28.76613426208496,0.0,-0.00018297026690561324,-0.011217840947210789,-9.379212782149425e-19,0.011219332925975323,22.398567334908876,28.75491642113775,-9.379212782149425e-19
682,22.122983932495117,28.76613426208496,3.5039360523223877,-0.00013629772001877427,-0.01125332061201334,1.8697068298934028e-05,0.011254161596298218,22.1228476347751,28.754880941472948,3.5039547493906866
683,21.30247688293457,28.76613426208496,6.921594142913818,-5.742502708017128e-06,-0.011353231966495514,6.553719140356407e-05,0.011353421956300735,21.302471140431862,28.754781030118465,6.921659680105222
684,19.95743179321289,28.76613426208496,10.16882038116455,0.00018177150923293084,-0.011498521082103252,0.0001597231748746708,0.011501066386699677,19.957613564722124,28.754635741002858,10.168980104339425
685,18.120969772338867,28.76613426208496,13.165655136108398,0.00038656123797409236,-0.011659370735287666,0.0003034539404325187,0.011669723317027092,18.12135633357684,28.754474891349673,13.165958590048831
686,15.838308334350586,28.76613426208496,15.838308334350586,0.0005646055797114968,-0.011798528023064137,0.00047644443111494184,0.011821634136140347,15.838872939930297,28.754335734061897,15.8387847787817
687,13.165655136108398,28.76613426208496,18.120969772338867,0.0006792407366447151,-0.01187655609101057,0.0006357189849950373,0.011912938207387924,13.166334376845043,28.75425770599395,18.121605491323862
688,10.16882038116455,28.76613426208496,19.95743179321289,0.000713667250238359,-0.011859022080898285,0.0007234394433908165,0.011902482248842716,10.16953404841479,28.754275240004063,19.95815523265628
689,6.921594142913818,28.76613426208496,21.30247688293457,0.0006795180379413068,-0.011724967509508133,0.0006837006076239049,0.011764525435864925,6.92227366095176,28.754409294575453,21.303160583542194
690,3.5039360523223877,28.76613426208496,22.122983932495117,0.0006157642928883433,-0.01147499494254589,0.0004852138226851821,0.011501743458211422,3.504551816615276,28.754659267142415,22.123469146317802
691,0.0,28.76613426208496,22.39875030517578,0.0005743955262005329,-0.011136433109641075,0.0001418668543919921,0.01115213893353939,0.0005743955262005329,28.75499782897532,22.398892172030173
692,-3.5039360523223877,28.76613426208496,22.122983932495117,0.000595207151491195,-0.010762825608253479,-0.00027983522159047425,0.01078290306031704,-3.5033408451708965,28.755371436476707,22.122704097273527
693,-6.921594142913818,28.76613426208496,21.30247688293457,0.0006796795642003417,-0.010426145046949387,-0.0006746719591319561,0.01047003548592329,-6.920914463349618,28.75570811703801,21.30180221097544
694,-10.16882038116455,28.76613426208496,19.95743179321289,0.000778024725150317,-0.010202518664300442,-0.0009324097773060203,0.010274535976350307,-10.1680423564394,28.75593174342066,19.956499383435585
695,-13.165655136108398,28.76613426208496,18.120969772338867,0.000800491136033088,-0.010152973234653473,-0.000980687327682972,0.010231588035821915,-13.164854644972365,28.755981288850307,18.119989085011184
696,-15.838308334350586,28.76613426208496,15.838308334350586,0.0006586701492778957,-0.01029961183667183,-0.0008232786203734577,0.010353435762226582,-15.837649664201308,28.75583465024829,15.837485055730212
697,-18.120969772338867,28.76613426208496,13.165655136108398,0.0003227531851734966,-0.010608752258121967,-0.0005451049073599279,0.01062764972448349,-18.120647019153694,28.75552550982684,13.165110031201039
698,-19.95743179321289,28.76613426208496,10.16882038116455,-0.0001507118868175894,-0.011000125668942928,-0.0002649623202160001,0.011004348285496235,-19.957582505099708,28.755134136416018,10.168555418844335
699,-21.30247688293457,28.76613426208496,6.921594142913818,-0.0006411487702280283,-0.01137520745396614,-7.324297621380538e-05,0.011393497698009014,-21.3031180317048,28.754759054630995,6.9215208999376046
700,-22.122983932495117,28.76613426208496,3.5039360523223877,-0.0010094789322465658,-0.011643151752650738,2.5614137939555803e-06,0.011686830781400204,-22.123993411427364,28.75449111033231,3.5039386137361817
701,-22.39875030517578,28.76613426208496,0.0,-0.001146084861829877,-0.011740127578377724,-5.113154504360293e-18,0.011795936152338982,-22.39989639003761,28.754394134506583,-5.113154504360293e-18
702,-22.122983932495117,28.76613426208496,-3.5039360523223877,-0.0010094789322465658,-0.011643151752650738,-2.5614137939555803e-06,0.011686830781400204,-22.123993411427364,28.75449111033231,-3.5039386137361817
703,-21.30247688293457,28.76613426208496,-6.921594142913818,-0.0006411487702280283,-0.01137520745396614,7.324297621380538e-05,0.011393497698009014,-21.3031180317048,28.754759054630995,-6.9215208999376046
704,-19.95743179321289,28.76613426208496,-10.16882038116455,-0.0001507118868175894,-0.011000125668942928,0.0002649623202160001,0.011004348285496235,-19.957582505099708,28.755134136416018,-10.168555418844335
705,-18.120969772338867,28.76613426208496,-13.165655136108398,0.0003227531851734966,-0.010608752258121967,0.0005451049073599279,0.01062764972448349,-18.120647019153694,28.75552550982684,-13.165110031201039
706,-15.838308334350586,28.76613426208496,-15.838308334350586,0.0006586701492778957,-0.01029961183667183,0.0008232786203734577,0.010353435762226582,-15.837649664201308,28.75583465024829,-15.837485055730212
707,-13.165655136108398,28.76613426208496,-18.120969772338867,0.000800491136033088,-0.010152973234653473,0.000980687327682972,0.010231588035821915,-13.164854644972365,28.755981288850307,-18.119989085011184
708,-10.16882038116455,28.76613426208496,-19.95743179321289,0.000778024725150317,-0.010202518664300442,0.0009324097773060203,0.010274535976350307,-10.1680423564394,28.75593174342066,-19.956499383435585
709,-6.921594142913818,28.76613426208496,-21.30247688293457,0.0006796795642003417,-0.010426145046949387,0.0006746719591319561,0.01047003548592329,-6.920914463349618,28.75570811703801,-21.30180221097544
710,-3.5039360523223877,28.76613426208496,-22.122983932495117,0.000595207151491195,-0.010762825608253479,0.00027983522159047425,0.01078290306031704,-3.5033408451708965,28.755371436476707,-22.122704097273527
711,-0.0,28.76613426208496,-22.39875030517578,0.0005743955262005329,-0.011136433109641075,-0.0001418668543919921,0.01115213893353939,0.0005743955262005329,28.75499782897532,-22.398892172030173
712,3.5039360523223877,28.76613426208496,-22.122983932495117,0.0006157642928883433,-0.01147499494254589,-0.0004852138226851821,0.011501743458211422,3.504551816615276,28.754659267142415,-22.123469146317802
713,6.921594142913818,28.76613426208496,-21.30247688293457,0.0006795180379413068,-0.011724967509508133,-0.0006837006076239049,0.011764525435864925,6.92227366095176,28.754409294575453,-21.303160583542194
714,10.16882038116455,28.76613426208496,-19.95743179321289,0.000713667250238359,-0.011859022080898285,-0.0007234394433908165,0.011902482248842716,10.16953404841479,28.754275240004063,-19.95815523265628
715,13.165655136108398,28.76613426208496,-18.120969772338867,0.0006792407366447151,-0.01187655609101057,-0.0006357189849950373,0.011912938207387924,13.166334376845043,28.75425770599395,-18.121605491323862
716,15.838308334350586,28.76613426208496,-15.838308334350586,0.0005646055797114968,-0.011798528023064137,-0.00047644443111494184,0.011821634136140347,15.838872939930297,28.754335734061897,-15.8387847787817
717,18.120969772338867,28.76613426208496,-13.165655136108398,0.00038656123797409236,-0.011659370735287666,-0.0003034539404325187,0.011669723317027092,18.12135633357684,28.754474891349673,-13.165958590048831
718,19.95743179321289,28.76613426208496,-10.16882038116455,0.00018177150923293084,-0.011498521082103252,-0.0001597231748746708,0.011501066386699677,19.957613564722124,28.754635741002858,-10.168980104339425
719,21.30247688293457,28.76613426208496,-6.921594142913818,-5.742502708017128e-06,-0.011353231966495514,-6.553719140356407e-05,0.011353421956300735,21.302471140431862,28.754781030118465,-6.921659680105222
720,22.122983932495117,28.76613426208496,-3.5039360523223877,-0.00013629772001877427,-0.01125332061201334,-1.8697068298934028e-05,0.011254161596298218,22.1228476347751,28.754880941472948,-3.5039547493906866
721,23.752559661865234,31.216842651367188,0.0,-3.5742570617003366e-05,-0.011328276246786118,-1.887483675985497e-18,0.011328333057463169,23.752523919294617,31.2055143751204,-1.887483675985497e-18
722,23.460126876831055,31.216842651367188,3.715718984603882,1.970736775547266e-05,-0.011370595544576645,5.434172271634452e-05,0.011370742693543434,23.46014658419881,31.20547205582261,3.715773326326598
723,22.59002685546875,31.216842651367188,7.339944839477539,0.00017351114365737885,-0.011489464901387691,0.00014209178334567696,0.011491653509438038,22.590200366612407,31.2053531864658,7.340086931260885
724,21.163684844970703,31.216842651367188,10.783435821533203,0.0003904729674104601,-0.0116614094004035,0.000284587440546602,0.011671415530145168,21.164075317938114,31.205181241966784,10.78372040897375
725,19.216224670410156,31.216842651367188,13.961403846740723,0.0006201333017088473,-0.011850060895085335,0.00048097377293743193,0.011876019649207592,19.216844803711865,31.204992590472102,13.96188482051366
726,16.795595169067383,31.216842651367188,16.795595169067383,0.0008088541799224913,-0.01201071497052908,0.0007026108796708286,0.012058406136929989,16.796404023247305,31.20483193639666,16.796297779947054
727,13.961403846740723,31.216842651367188,19.216224670410156,0.0009150151163339615,-0.01209721527993679,0.0008951270137913525,0.012164749205112457,13.962318861857057,31.20474543608725,19.217119797423948
728,10.783435821533203,31.216842651367188,21.163684844970703,0.0009234616882167757,-0.012070969678461552,0.0009905193001031876,0.01214669644832611,10.78435928322142,31.204771681688726,21.164675364270806
729,7.339944839477539,31.216842651367188,22.59002685546875,0.0008532649371773005,-0.011910920962691307,0.000928745896089822,0.011977506801486015,7.340798104414716,31.204931730404496,22.59095560136484
730,3.715718984603882,31.216842651367188,23.460126876831055,0.0007529354770667851,-0.011622078716754913,0.0006832154467701912,0.011666464619338512,3.7164719200809486,31.205220572650433,23.460810092277825
731,0.0,31.216842651367188,23.752559661865234,0.0006812364445067942,-0.011239474639296532,0.0002798760833684355,0.01126357913017273,0.0006812364445067942,31.20560317672789,23.752839537948603
732,-3.715718984603882,31.216842651367188,23.460126876831055,0.0006789786275476217,-0.010825087316334248,-0.00020074834174010903,0.010848217643797398,-3.715040005976334,31.206017564050853,23.459926128489315
733,-7.339944839477539,31.216842651367188,22.59002685546875,0.0007434974540956318,-0.01045775506645441,-0.0006427961052395403,0.010503838770091534,-7.339201342023443,31.206384896300733,22.58938405936351
734,-10.783435821533203,31.216842651367188,21.163684844970703,0.0008180354489013553,-0.010218607261776924,-0.0009300611563958228,0.010293402709066868,-10.782617786084302,31.20662404410541,21.162754783814307
735,-13.961403846740723,31.216842651367188,19.216224670410156,0.0008048152085393667,-0.010172782465815544,-0.0009876906406134367,0.010252255946397781,-13.960599031532183,31.206669868901372,19.215236979769543
736,-16.795595169067383,31.216842651367188,16.795595169067383,0.0006097604637034237,-0.010343560017645359,-0.0008221936877816916,0.010394087061285973,-16.79498540860368,31.206499091349542,16.7947729753796
737,-19.216224670410156,31.216842651367188,13.961403846740723,0.00020533248607534915,-0.010691635310649872,-0.0005283832433633506,0.010706652887165546,-19.21601933792408,31.206151016056538,13.96087546349736
738,-21.163684844970703,31.216842651367188,10.783435821533203,-0.0003414479724597186,-0.0111264418810606,-0.00023681750462856144,0.011134198866784573,-21.164026292943163,31.205716209486127,10.783199004028575
739,-22.59002685546875,31.216842651367188,7.339944839477539,-0.000897026329766959,-0.011540030129253864,-4.4564123527379707e-05,0.011574926786124706,-22.590923881798517,31.205302621237934,7.339900275354012
740,-23.460126876831055,31.216842651367188,3.715718984603882,-0.0013105302350595593,-0.011834478005766869,2.044682332780212e-05,0.011906837113201618,-23.461437407066114,31.20500817336142,3.7157394314272096
741,-23.752559661865234,31.216842651367188,0.0,-0.0014633644605055451,-0.011940930038690567,-4.9862186762803554e-18,0.012030263431370258,-23.75402302632574,31.204901721328497,-4.9862186762803554e-18
742,-23.460126876831055,31.216842651367188,-3.715718984603882,-0.0013105302350595593,-0.011834478005766869,-2.044682332780212e-05,0.011906837113201618,-23.461437407066114,31.20500817336142,-3.7157394314272096
743,-22.59002685546875,31.216842651367188,-7.339944839477539,-0.000897026329766959,-0.011540030129253864,4.4564123527379707e-05,0.011574926786124706,-22.590923881798517,31.205302621237934,-7.339900275354012
744,-21.163684844970703,31.216842651367188,-10.783435821533203,-0.0003414479724597186,-0.0111264418810606,0.00023681750462856144,0.011134198866784573,-21.164026292943163,31.205716209486127,-10.783199004028575
745,-19.216224670410156,31.216842651367188,-13.961403846740723,0.00020533248607534915,-0.010691635310649872,0.0005283832433633506,0.010706652887165546,-19.21601933792408,31.206151016056538,-13.96087546349736
746,-16.795595169067383,31.216842651367188,-16.795595169067383,0.0006097604637034237,-0.010343560017645359,0.0008221936877816916,0.010394087061285973,-16.79498540860368,31.206499091349542,-16.7947729753796
747,-13.961403846740723,31.216842651367188,-19.216224670410156,0.0008048152085393667,-0.010172782465815544,0.0009876906406134367,0.010252255946397781,-13.960599031532183,31.206669868901372,-19.215236979769543
748,-10.783435821533203,31.216842651367188,-21.163684844970703,0.0008180354489013553,-0.010218607261776924,0.0009300611563958228,0.010293402709066868,-10.782617786084302,31.20662404410541,-21.162754783814307
749,-7.339944839477539,31.216842651367188,-22.59002685546875,0.0007434974540956318,-0.01045775506645441,0.0006427961052395403,0.010503838770091534,-7.339201342023443,31.206384896300733,-22.58938405936351
750,-3.715718984603882,31.216842651367188,-23.460126876831055,0.0006789786275476217,-0.010825087316334248,0.00020074834174010903,0.010848217643797398,-3.715040005976334,31.206017564050853,-23.459926128489315
751,-0.0,31.216842651367188,-23.752559661865234,0.0006812364445067942,-0.011239474639296532,-0.0002798760833684355,0.01126357913017273,0.0006812364445067942,31.20560317672789,-23.752839537948603
752,3.715718984603882,31.216842651367188,-23.460126876831055,0.0007529354770667851,-0.011622078716754913,-0.0006832154467701912,0.011666464619338512,3.7164719200809486,31.205220572650433,-23.460810092277825
753,7.339944839477539,31.216842651367188,-22.59002685546875,0.0008532649371773005,-0.011910920962691307,-0.000928745896089822,0.011977506801486015,7.340798104414716,31.204931730404496,-22.59095560136484
754,10.783435821533203,31.216842651367188,-21.163684844970703,0.0009234616882167757,-0.012070969678461552,-0.0009905193001031876,0.01214669644832611,10.78435928322142,31.204771681688726,-21.164675364270806
755,13.961403846740723,31.216842651367188,-19.216224670410156,0.0009150151163339615,-0.01209721527993679,-0.0008951270137913525,0.012164749205112457,13.962318861857057,31.20474543608725,-19.217119797423948
756,16.795595169067383,31.216842651367188,-16.795595169067383,0.0008088541799224913,-0.01201071497052908,-0.0007026108796708286,0.012058406136929989,16.796404023247305,31.20483193639666,-16.796297779947054
757,19.216224670410156,31.216842651367188,-13.961403846740723,0.0006201333017088473,-0.011850060895085335,-0.00048097377293743193,0.011876019649207592,19.216844803711865,31.204992590472102,-13.96188482051366
758,21.163684844970703,31.216842651367188,-10.783435821533203,0.0003904729674104601,-0.0116614094004035,-0.000284587440546602,0.011671415530145168,21.164075317938114,31.205181241966784,-10.78372040897375
759,22.59002685546875,31.216842651367188,-7.339944839477539,0.00017351114365737885,-0.011489464901387691,-0.00014209178334567696,0.011491653509438038,22.590200366612407,31.2053531864658,-7.340086931260885
760,23.460126876831055,31.216842651367188,-3.715718984603882,1.970736775547266e-05,-0.011370595544576645,-5.434172271634452e-05,0.011370742693543434,23.46014658419881,31.20547205582261,-3.715773326326598
761,25.57628059387207,33.8497200012207,0.0,5.56723580302787e-06,-0.01138539519160986,-2.3640036085183606e-18,0.011385396122932434,25.576286161107873,33.83833460602909,-2.3640036085183606e-18
762,25.26139259338379,33.8497200012207,4.001011848449707,7.093547174008563e-05,-0.011435016058385372,6.275175110204145e-05,0.01143540907651186,25.26146352885553,33.83828498516232,4.001074600200809
763,24.324487686157227,33.8497200012207,7.903504848480225,0.0002510595368221402,-0.011573776602745056,0.0001649490586714819,0.011577674187719822,24.32473874569405,33.83814622461796,7.903669797538896
764,22.788631439208984,33.8497200012207,11.611388206481934,0.0005016202921979129,-0.011772584170103073,0.0003305537102278322,0.011787901632487774,22.789133059501182,33.8379474170506,11.611718760192161
765,20.6916446685791,33.8497200012207,15.03335952758789,0.0007605483988299966,-0.011987063102424145,0.0005558309494517744,0.01202402077615261,20.69240521697793,33.83773293811828,15.033915358537342
766,18.085161209106445,33.8497200012207,18.085161209106445,0.0009643479133956134,-0.012164022773504257,0.0008039872627705336,0.012228647246956825,18.08612555701984,33.8375559784472,18.085965196369216
767,15.03335952758789,33.8497200012207,20.6916446685791,0.0010670796036720276,-0.012250666506588459,0.0010100954677909613,0.012338467873632908,15.034426607191563,33.837469334714115,20.692654764046893
768,11.611388206481934,33.8497200012207,22.788631439208984,0.0010564838303253055,-0.012205826118588448,0.0010979510843753815,0.012300563044846058,11.612444690312259,33.837514175102115,22.78972939029336
769,7.903504848480225,33.8497200012207,24.324487686157227,0.0009601779747754335,-0.012011237442493439,0.0010062900837510824,0.01209150068461895,7.904465026455,33.83770876377821,24.325493976240978
770,4.001011848449707,33.8497200012207,25.26139259338379,0.0008364412351511419,-0.011679671704769135,0.0007161552784964442,0.011731463484466076,4.001848289684858,33.838040329515934,25.262108748662286
771,0.0,33.8497200012207,25.57628059387207,0.0007499505882151425,-0.011256544850766659,0.00026740023167803884,0.011284667998552322,0.0007499505882151425,33.83846345636994,25.57654799410375
772,-4.001011848449707,33.8497200012207,25.26139259338379,0.0007409320096485317,-0.010813102126121521,-0.00024565582862123847,0.010841241106390953,-4.0002709164400585,33.83890689909458,25.261146937555168
773,-7.903504848480225,33.8497200012207,24.324487686157227,0.000801322516053915,-0.010432648472487926,-0.0007002946804277599,0.010486786253750324,-7.902703525964171,33.839287352748215,24.3237873914768
774,-11.611388206481934,33.8497200012207,22.788631439208984,0.0008685985230840743,-0.010195260867476463,-0.0009821358835324645,0.010279221460223198,-11.61051960795885,33.83952474035323,22.787649303325452
775,-15.03335952758789,33.8497200012207,20.6916446685791,0.0008411433082073927,-0.010162895545363426,-0.0010222106939181685,0.010248750448226929,-15.032518384279683,33.83955710567534,20.690622457885183
776,-18.085161209106445,33.8497200012207,18.085161209106445,0.0006229245336726308,-0.010355505160987377,-0.0008339773630723357,0.010407691821455956,-18.084538284572773,33.839364496059716,18.084327231743373
777,-20.6916446685791,33.8497200012207,15.03335952758789,0.0001881148637039587,-0.010728897526860237,-0.0005202508764341474,0.010743150487542152,-20.691456553715398,33.83899110369384,15.032839276711456
778,-22.788631439208984,33.8497200012207,11.611388206481934,-0.0003911805688403547,-0.011187526397407055,-0.00021736642520409077,0.011196473613381386,-22.789022619777825,33.838532474823296,11.61117084005673
779,-24.324487686157227,33.8497200012207,7.903504848480225,-0.0009763643029145896,-0.011620832607150078,-2.383078208367806e-05,0.011661800555884838,-24.32546405046014,33.83809916861355,7.903481017698141
780,-25.26139259338379,33.8497200012207,4.001011848449707,-0.0014114576624706388,-0.011928909458220005,3.357835521455854e-05,0.012012169696390629,-25.26280405104626,33.83779109176248,4.001045426804922
781,-25.57628059387207,33.8497200012207,0.0,-0.0015723439864814281,-0.012040329165756702,-4.619764430029563e-18,0.012142561376094818,-25.57785293785855,33.837679672054946,-4.619764430029563e-18
782,-25.26139259338379,33.8497200012207,-4.001011848449707,-0.0014114576624706388,-0.011928909458220005,-3.357835521455854e-05,0.012012169696390629,-25.26280405104626,33.83779109176248,-4.001045426804922
783,-24.324487686157227,33.8497200012207,-7.903504848480225,-0.0009763643029145896,-0.011620832607150078,2.383078208367806e-05,0.011661800555884838,-24.32546405046014,33.83809916861355,-7.903481017698141
784,-22.788631439208984,33.8497200012207,-11.611388206481934,-0.0003911805688403547,-0.011187526397407055,0.00021736642520409077,0.011196473613381386,-22.789022619777825,33.838532474823296,-11.61117084005673
785,-20.6916446685791,33.8497200012207,-15.03335952758789,0.0001881148637039587,-0.010728897526860237,0.0005202508764341474,0.010743150487542152,-20.691456553715398,33.83899110369384,-15.032839276711456
786,-18.085161209106445,33.8497200012207,-18.085161209106445,0.0006229245336726308,-0.010355505160987377,0.0008339773630723357,0.010407691821455956,-18.084538284572773,33.839364496059716,-18.084327231743373
787,-15.03335952758789,33.8497200012207,-20.6916446685791,0.0008411433082073927,-0.010162895545363426,0.0010222106939181685,0.010248750448226929,-15.032518384279683,33.83955710567534,-20.690622457885183
788,-11.611388206481934,33.8497200012207,-22.788631439208984,0.0008685985230840743,-0.010195260867476463,0.0009821358835324645,0.010279221460223198,-11.61051960795885,33.83952474035323,-22.787649303325452
789,-7.903504848480225,33.8497200012207,-24.324487686157227,0.000801322516053915,-0.010432648472487926,0.0007002946804277599,0.010486786253750324,-7.902703525964171,33.839287352748215,-24.3237873914768
790,-4.001011848449707,33.8497200012207,-25.26139259338379,0.0007409320096485317,-0.010813102126121521,0.00024565582862123847,0.010841241106390953,-4.0002709164400585,33.83890689909458,-25.261146937555168
791,-0.0,33.8497200012207,-25.57628059387207,0.0007499505882151425,-0.011256544850766659,-0.00026740023167803884,0.011284667998552322,0.0007499505882151425,33.83846345636994,-25.57654799410375
792,4.001011848449707,33.8497200012207,-25.26139259338379,0.0008364412351511419,-0.011679671704769135,-0.0007161552784964442,0.011731463484466076,4.001848289684858,33.838040329515934,-25.262108748662286
793,7.903504848480225,33.8497200012207,-24.324487686157227,0.0009601779747754335,-0.012011237442493439,-0.0010062900837510824,0.01209150068461895,7.904465026455,33.83770876377821,-24.325493976240978
794,11.611388206481934,33.8497200012207,-22.788631439208984,0.0010564838303253055,-0.012205826118588448,-0.0010979510843753815,0.012300563044846058,11.612444690312259,33.837514175102115,-22.78972939029336
795,15.03335952758789,33.8497200012207,-20.6916446685791,0.0010670796036720276,-0.012250666506588459,-0.0010100954677909613,0.012338467873632908,15.034426607191563,33.837469334714115,-20.692654764046893
796,18.085161209106445,33.8497200012207,-18.085161209106445,0.0009643479133956134,-0.012164022773504257,-0.0008039872627705336,0.012228647246956825,18.08612555701984,33.8375559784472,-18.085965196369216
797,20.6916446685791,33.8497200012207,-15.03335952758789,0.0007605483988299966,-0.011987063102424145,-0.0005558309494517744,0.01202402077615261,20.69240521697793,33.83773293811828,-15.033915358537342
798,22.788631439208984,33.8497200012207,-11.611388206481934,0.0005016202921979129,-0.011772584170103073,-0.0003305537102278322,0.011787901632487774,22.789133059501182,33.8379474170506,-11.611718760192161
799,24.324487686157227,33.8497200012207,-7.903504848480225,0.0002510595368221402,-0.011573776602745056,-0.0001649490586714819,0.011577674187719822,24.32473874569405,33.83814622461796,-7.903669797538896
800,25.26139259338379,33.8497200012207,-4.001011848449707,7.093547174008563e-05,-0.011435016058385372,-6.275175110204145e-05,0.01143540907651186,25.26146352885553,33.83828498516232,-4.001074600200809
801,27.399999618530273,36.48259353637695,0.0,0.0001304509787587449,-0.011489832773804665,-3.478597637479982e-18,0.011490573175251484,27.400130069509032,36.47110370360315,-3.478597637479982e-18
802,27.062660217285156,36.48259353637695,4.286303997039795,0.0002031920594163239,-0.011545762419700623,8.443709521088749e-05,0.011547858826816082,27.062863409344573,36.47104777395725,4.286388434135006
803,26.058948516845703,36.48259353637695,8.467065811157227,0.00040232689934782684,-0.011701498180627823,0.00021266244584694505,0.011710342951118946,26.05935084374505,36.470892038196325,8.467278473603074
804,24.4135799407959,36.48259353637695,12.439339637756348,0.0006754000205546618,-0.011922534555196762,0.0004098360368516296,0.011948680505156517,24.414255340816453,36.470671001821756,12.4397494737932
805,22.16706657409668,36.48259353637695,16.105316162109375,0.0009503376786597073,-0.012156940065324306,0.0006685172556899488,0.012212339788675308,22.16801691177534,36.47043659631163,16.105984679365065
806,19.374725341796875,36.48259353637695,19.374725341796875,0.001155804842710495,-0.012343816459178925,0.0009439050918444991,0.012433690018951893,19.375881146639585,36.470249719917774,19.37566924688872
807,16.105316162109375,36.48259353637695,22.16706657409668,0.001243504579178989,-0.012424862943589687,0.0011618909193202853,0.012540874071419239,16.106559666688554,36.47016867343336,22.168228465016
808,12.439339637756348,36.48259353637695,24.4135799407959,0.0012052708771079779,-0.012357695028185844,0.0012405350571498275,0.012478150427341461,12.440544908633456,36.47023584134877,24.41482047585305
809,8.467065811157227,36.48259353637695,26.058948516845703,0.0010770396329462528,-0.012128078378736973,0.0011201563756912947,0.012227226048707962,8.468142850790173,36.470465457998216,26.060068673221394
810,4.286303997039795,36.48259353637695,27.062660217285156,0.0009250678704120219,-0.011757205240428448,0.0007913318695500493,0.011820061132311821,4.287229064910207,36.470836331136525,27.063451549154706
811,0.0,36.48259353637695,27.399999618530273,0.0008173072128556669,-0.011300666257739067,0.00030780668021179736,0.011334363371133804,0.0008173072128556669,36.471292870119214,27.400307425210485
812,-4.286303997039795,36.48259353637695,27.062660217285156,0.0007911720895208418,-0.010837854817509651,-0.00022451140102930367,0.010869013145565987,-4.285512824950274,36.47175568155944,27.062435705884127
813,-8.467065811157227,36.48259353637695,26.058948516845703,0.0008326768293045461,-0.010454639792442322,-0.0006799514521844685,0.010509765706956387,-8.466233134327922,36.47213889658451,26.05826856539352
814,-12.439339637756348,36.48259353637695,24.4135799407959,0.0008756404859013855,-0.010227148421108723,-0.0009509495575912297,0.010308521799743176,-12.438463997270446,36.472366387955844,24.412628991238307
815,-16.105316162109375,36.48259353637695,22.16706657409668,0.0008193524554371834,-0.010210804641246796,-0.0009784555295482278,0.010290250182151794,-16.104496809653938,36.472382731735706,22.16608811856713
816,-19.374725341796875,36.48259353637695,19.374725341796875,0.0005711820558644831,-0.010420543141663074,-0.000782498624175787,0.010465480387210846,-19.37415415974101,36.47217299323529,19.3739428431727
817,-22.16706657409668,36.48259353637695,16.105316162109375,0.00010981949890265241,-0.010808262974023819,-0.0004691084614023566,0.010818995535373688,-22.166956754597777,36.47178527340293,16.104847053647973
818,-24.4135799407959,36.48259353637695,12.439339637756348,-0.0004896175232715905,-0.011276722885668278,-0.00017413873865734786,0.011288690380752087,-24.41406955831917,36.471316813491285,12.43916549901769
819,-26.058948516845703,36.48259353637695,8.467065811157227,-0.0010892238933593035,-0.011716755107045174,7.004405688348925e-06,0.01176727656275034,-26.060037740739062,36.47087678126991,8.467072815562915
820,-27.062660217285156,36.48259353637695,4.286303997039795,-0.0015338148223236203,-0.012029417790472507,4.965366315445863e-05,0.01212690956890583,-27.06419403210748,36.47056411858648,4.286353650702949
821,-27.399999618530273,36.48259353637695,0.0,-0.001698145060800016,-0.01214255578815937,-4.229530809119403e-18,0.012260723859071732,-27.401697763591073,36.470450980588794,-4.229530809119403e-18
822,-27.062660217285156,36.48259353637695,-4.286303997039795,-0.0015338148223236203,-0.012029417790472507,-4.965366315445863e-05,0.01212690956890583,-27.06419403210748,36.47056411858648,-4.286353650702949
823,-26.058948516845703,36.48259353637695,-8.467065811157227,-0.0010892238933593035,-0.011716755107045174,-7.004405688348925e-06,0.01176727656275034,-26.060037740739062,36.47087678126991,-8.467072815562915
824,-24.4135799407959,36.48259353637695,-12.439339637756348,-0.0004896175232715905,-0.011276722885668278,0.00017413873865734786,0.011288690380752087,-24.41406955831917,36.471316813491285,-12.43916549901769
825,-22.16706657409668,36.48259353637695,-16.105316162109375,0.00010981949890265241,-0.010808262974023819,0.0004691084614023566,0.010818995535373688,-22.166956754597777,36.47178527340293,-16.104847053647973
826,-19.374725341796875,36.48259353637695,-19.374725341796875,0.0005711820558644831,-0.010420543141663074,0.000782498624175787,0.010465480387210846,-19.37415415974101,36.47217299323529,-19.3739428431727
827,-16.105316162109375,36.48259353637695,-22.16706657409668,0.0008193524554371834,-0.010210804641246796,0.0009784555295482278,0.010290250182151794,-16.104496809653938,36.472382731735706,-22.16608811856713
828,-12.439339637756348,36.48259353637695,-24.4135799407959,0.0008756404859013855,-0.010227148421108723,0.0009509495575912297,0.010308521799743176,-12.438463997270446,36.472366387955844,-24.412628991238307
829,-8.467065811157227,36.48259353637695,-26.058948516845703,0.0008326768293045461,-0.010454639792442322,0.0006799514521844685,0.010509765706956387,-8.466233134327922,36.47213889658451,-26.05826856539352
830,-4.286303997039795,36.48259353637695,-27.062660217285156,0.0007911720895208418,-0.010837854817509651,0.00022451140102930367,0.010869013145565987,-4.285512824950274,36.47175568155944,-27.062435705884127
831,-0.0,36.48259353637695,-27.399999618530273,0.0008173072128556669,-0.011300666257739067,-0.00030780668021179736,0.011334363371133804,0.0008173072128556669,36.471292870119214,-27.400307425210485
832,4.286303997039795,36.48259353637695,-27.062660217285156,0.0009250678704120219,-0.011757205240428448,-0.0007913318695500493,0.011820061132311821,4.287229064910207,36.470836331136525,-27.063451549154706
833,8.467065811157227,36.48259353637695,-26.058948516845703,0.0010770396329462528,-0.012128078378736973,-0.0011201563756912947,0.012227226048707962,8.468142850790173,36.470465457998216,-26.060068673221394
834,12.439339637756348,36.48259353637695,-24.4135799407959,0.0012052708771079779,-0.012357695028185844,-0.0012405350571498275,0.012478150427341461,12.440544908633456,36.47023584134877,-24.41482047585305
835,16.105316162109375,36.48259353637695,-22.16706657409668,0.001243504579178989,-0.012424862943589687,-0.0011618909193202853,0.012540874071419239,16.106559666688554,36.47016867343336,-22.168228465016
836,19.374725341796875,36.48259353637695,-19.374725341796875,0.001155804842710495,-0.012343816459178925,-0.0009439050918444991,0.012433690018951893,19.375881146639585,36.470249719917774,-19.37566924688872
837,22.16706657409668,36.48259353637695,-16.105316162109375,0.0009503376786597073,-0.012156940065324306,-0.0006685172556899488,0.012212339788675308,22.16801691177534,36.47043659631163,-16.105984679365065
838,24.4135799407959,36.48259353637695,-12.439339637756348,0.0006754000205546618,-0.011922534555196762,-0.0004098360368516296,0.011948680505156517,24.414255340816453,36.470671001821756,-12.4397494737932
839,26.058948516845703,36.48259353637695,-8.467065811157227,0.00040232689934782684,-0.011701498180627823,-0.00021266244584694505,0.011710342951118946,26.05935084374505,36.470892038196325,-8.467278473603074
840,27.062660217285156,36.48259353637695,-4.286303997039795,0.0002031920594163239,-0.011545762419700623,-8.443709521088749e-05,0.011547858826816082,27.062863409344573,36.47104777395725,-4.286388434135006
