node_label,x,y,z,ux,uy,uz,umag,scale_factor,scaled_x,scaled_y,scaled_z
1,39.29999923706055,0.0,0.0,0.0,0.0,0.0,0.0,2.9616329944883897,39.29999923706055,0.0,0.0
2,38.8161506652832,0.0,6.147873878479004,0.0,0.0,0.0,0.0,2.9616329944883897,38.8161506652832,0.0,6.147873878479004
3,37.376522064208984,0.0,12.144368171691895,0.0,0.0,0.0,0.0,2.9616329944883897,37.376522064208984,0.0,12.144368171691895
4,35.01655578613281,0.0,17.841827392578125,0.0,0.0,0.0,0.0,2.9616329944883897,35.01655578613281,0.0,17.841827392578125
5,31.794368743896484,0.0,23.099960327148438,0.0,0.0,0.0,0.0,2.9616329944883897,31.794368743896484,0.0,23.099960327148438
6,27.789297103881836,0.0,27.789297103881836,0.0,0.0,0.0,0.0,2.9616329944883897,27.789297103881836,0.0,27.789297103881836
7,23.099960327148438,0.0,31.794368743896484,0.0,0.0,0.0,0.0,2.9616329944883897,23.099960327148438,0.0,31.794368743896484
8,17.841827392578125,0.0,35.01655578613281,0.0,0.0,0.0,0.0,2.9616329944883897,17.841827392578125,0.0,35.01655578613281
9,12.144368171691895,0.0,37.376522064208984,0.0,0.0,0.0,0.0,2.9616329944883897,12.144368171691895,0.0,37.376522064208984
10,6.147873878479004,0.0,38.8161506652832,0.0,0.0,0.0,0.0,2.9616329944883897,6.147873878479004,0.0,38.8161506652832
11,0.0,0.0,39.29999923706055,0.0,0.0,0.0,0.0,2.9616329944883897,0.0,0.0,39.29999923706055
12,-6.147873878479004,0.0,38.8161506652832,0.0,0.0,0.0,0.0,2.9616329944883897,-6.147873878479004,0.0,38.8161506652832
13,-12.144368171691895,0.0,37.376522064208984,0.0,0.0,0.0,0.0,2.9616329944883897,-12.144368171691895,0.0,37.376522064208984
14,-17.841827392578125,0.0,35.01655578613281,0.0,0.0,0.0,0.0,2.9616329944883897,-17.841827392578125,0.0,35.01655578613281
15,-23.099960327148438,0.0,31.794368743896484,0.0,0.0,0.0,0.0,2.9616329944883897,-23.099960327148438,0.0,31.794368743896484
16,-27.789297103881836,0.0,27.789297103881836,0.0,0.0,0.0,0.0,2.9616329944883897,-27.789297103881836,0.0,27.789297103881836
17,-31.794368743896484,0.0,23.099960327148438,0.0,0.0,0.0,0.0,2.9616329944883897,-31.794368743896484,0.0,23.099960327148438
18,-35.01655578613281,0.0,17.841827392578125,0.0,0.0,0.0,0.0,2.9616329944883897,-35.01655578613281,0.0,17.841827392578125
19,-37.376522064208984,0.0,12.144368171691895,0.0,0.0,0.0,0.0,2.9616329944883897,-37.376522064208984,0.0,12.144368171691895
20,-38.8161506652832,0.0,6.147873878479004,0.0,0.0,0.0,0.0,2.9616329944883897,-38.8161506652832,0.0,6.147873878479004
21,-39.29999923706055,0.0,0.0,0.0,0.0,0.0,0.0,2.9616329944883897,-39.29999923706055,0.0,0.0
22,-38.8161506652832,0.0,-6.147873878479004,0.0,0.0,0.0,0.0,2.9616329944883897,-38.8161506652832,0.0,-6.147873878479004
23,-37.376522064208984,0.0,-12.144368171691895,0.0,0.0,0.0,0.0,2.9616329944883897,-37.376522064208984,0.0,-12.144368171691895
24,-35.01655578613281,0.0,-17.841827392578125,0.0,0.0,0.0,0.0,2.9616329944883897,-35.01655578613281,0.0,-17.841827392578125
25,-31.794368743896484,0.0,-23.099960327148438,0.0,0.0,0.0,0.0,2.9616329944883897,-31.794368743896484,0.0,-23.099960327148438
26,-27.789297103881836,0.0,-27.789297103881836,0.0,0.0,0.0,0.0,2.9616329944883897,-27.789297103881836,0.0,-27.789297103881836
27,-23.099960327148438,0.0,-31.794368743896484,0.0,0.0,0.0,0.0,2.9616329944883897,-23.099960327148438,0.0,-31.794368743896484
28,-17.841827392578125,0.0,-35.01655578613281,0.0,0.0,0.0,0.0,2.9616329944883897,-17.841827392578125,0.0,-35.01655578613281
29,-12.144368171691895,0.0,-37.376522064208984,0.0,0.0,0.0,0.0,2.9616329944883897,-12.144368171691895,0.0,-37.376522064208984
30,-6.147873878479004,0.0,-38.8161506652832,0.0,0.0,0.0,0.0,2.9616329944883897,-6.147873878479004,0.0,-38.8161506652832
31,-0.0,0.0,-39.29999923706055,0.0,0.0,0.0,0.0,2.9616329944883897,0.0,0.0,-39.29999923706055
32,6.147873878479004,0.0,-38.8161506652832,0.0,0.0,0.0,0.0,2.9616329944883897,6.147873878479004,0.0,-38.8161506652832
33,12.144368171691895,0.0,-37.376522064208984,0.0,0.0,0.0,0.0,2.9616329944883897,12.144368171691895,0.0,-37.376522064208984
34,17.841827392578125,0.0,-35.01655578613281,0.0,0.0,0.0,0.0,2.9616329944883897,17.841827392578125,0.0,-35.01655578613281
35,23.099960327148438,0.0,-31.794368743896484,0.0,0.0,0.0,0.0,2.9616329944883897,23.099960327148438,0.0,-31.794368743896484
36,27.789297103881836,0.0,-27.789297103881836,0.0,0.0,0.0,0.0,2.9616329944883897,27.789297103881836,0.0,-27.789297103881836
37,31.794368743896484,0.0,-23.099960327148438,0.0,0.0,0.0,0.0,2.9616329944883897,31.794368743896484,0.0,-23.099960327148438
38,35.01655578613281,0.0,-17.841827392578125,0.0,0.0,0.0,0.0,2.9616329944883897,35.01655578613281,0.0,-17.841827392578125
39,37.376522064208984,0.0,-12.144368171691895,0.0,0.0,0.0,0.0,2.9616329944883897,37.376522064208984,0.0,-12.144368171691895
40,38.8161506652832,0.0,-6.147873878479004,0.0,0.0,0.0,0.0,2.9616329944883897,38.8161506652832,0.0,-6.147873878479004
41,36.45975875854492,1.7999999523162842,0.0,-0.016574792563915253,-0.021742338314652443,3.200868459174444e-10,0.02733958698809147,2.9616329944883897,36.41067030601083,1.7356071257862804,9.479797639708247e-10
42,36.01087951660156,1.7999999523162842,5.703563213348389,-0.008050885051488876,-0.010629336349666119,0.0004339864826761186,0.013341210782527924,2.9616329944883897,35.98703574979824,1.7685197590735982,5.704848522034644
43,34.67529296875,1.7999999523162842,11.266684532165527,0.013670879416167736,0.019112011417746544,0.00543308537453413,0.024118050932884216,2.9616329944883897,34.715781096292595,1.8566027159221212,11.28277533707262
44,32.48588562011719,1.7999999523162842,16.552385330200195,0.022604476660490036,0.03304813429713249,0.009695500135421753,0.04119641333818436,2.9616329944883897,32.55283178401804,1.8978763972569552,16.581099843299327
45,29.496564865112305,1.7999999523162842,21.430509567260742,-0.005373273976147175,-0.010109931230545044,-0.0064751640893518925,0.013153346255421638,2.9616329944883897,29.480651199616123,1.7700580464118933,21.411332507648993
46,25.780942916870117,1.7999999523162842,25.780942916870117,-0.0316450409591198,-0.05835169553756714,-0.029739469289779663,0.07273764908313751,2.9616329944883897,25.687221919453652,1.6271836455278845,25.69286552338293
47,21.430509567260742,1.7999999523162842,29.496564865112305,-0.00599614717066288,-0.008375137113034725,-0.0022488688118755817,0.01054296549409628,2.9616329944883897,21.4127511799603,1.7751958699089563,29.48990454103878
48,16.552385330200195,1.7999999523162842,32.48588562011719,0.02966604009270668,0.0861521065235138,0.05693934112787247,0.107444629073143,2.9616329944883897,16.64024525335457,2.055150873541001,32.65451905148593
49,11.266684532165527,1.7999999523162842,34.67529296875,0.013801051303744316,0.04009511321783066,0.02560841664671898,0.04953663423657417,2.9616329944883897,11.307558181065323,1.918746962539959,34.751135700427525
50,5.703563213348389,1.7999999523162842,36.01087951660156,-0.012187355197966099,-0.11252043396234512,-0.08317619562149048,0.1404551863670349,2.9616329944883897,5.667468740078543,1.466755722539251,35.764542151292936
51,0.0,1.7999999523162842,36.45975875854492,-0.006769272964447737,-0.08637922257184982,-0.06278476864099503,0.10700055956840515,2.9616329944883897,-0.020048102160206648,1.5441763967092375,36.273813316186434
52,-5.703563213348389,1.7999999523162842,36.01087951660156,-0.018694616854190826,0.13055595755577087,0.09608662128448486,0.16317777335643768,2.9616329944883897,-5.758929807443079,2.186658783840481,36.295452824526606
53,-11.266684532165527,1.7999999523162842,34.67529296875,-0.025214821100234985,0.1432553231716156,0.10232626646757126,0.17784415185451508,2.9616329944883897,-11.341361578286106,2.224269644057438,34.97834581572317
54,-16.552385330200195,1.7999999523162842,32.48588562011719,0.05129866302013397,-0.13345475494861603,-0.08632872253656387,0.16701608896255493,2.9616329944883897,-16.400457517226624,1.4047559467891002,32.23021162708087
55,-21.430509567260742,1.7999999523162842,29.496564865112305,0.0817161574959755,-0.20200303196907043,-0.12499107420444489,0.2512081265449524,2.9616329944883897,-21.18849629903785,1.2017411078499922,29.126387175731875
56,-25.780942916870117,1.7999999523162842,25.780942916870117,-0.06902969628572464,0.11727411299943924,0.05541793629527092,0.14693354070186615,2.9616329944883897,-25.98538354298943,2.147322834774783,25.945070505488648
57,-29.496564865112305,1.7999999523162842,21.430509567260742,-0.14840146899223328,0.25332316756248474,0.11498676985502243,0.31530553102493286,2.9616329944883897,-29.93607555211025,2.55025020363765,21.77105817879302
58,-32.48588562011719,1.7999999523162842,16.552385330200195,0.05955656245350838,-0.08107344061136246,-0.01675129495561123,0.10198280960321426,2.9616329944883897,-32.30950093971657,1.5598901756249781,16.50277414235925
59,-34.67529296875,1.7999999523162842,11.266684532165527,0.20259203016757965,-0.2887314558029175,-0.06917861849069595,0.35943713784217834,2.9616329944883897,-34.07528972778531,0.9448833462636975,11.061802853130358
60,-36.01087951660156,1.7999999523162842,5.703563213348389,-0.02351168356835842,0.02901906706392765,-0.00992569513618946,0.038644853979349136,2.9616329944883897,-36.08051249441358,1.8859437788020836,5.674166947139817
61,-36.45975875854492,1.7999999523162842,0.0,-0.22345812618732452,0.3014066517353058,2.582527747208019e-09,0.37520596385002136,2.9616329944883897,-37.121559717947854,2.692655836853837,7.64849938531304e-09
62,-36.01087951660156,1.7999999523162842,-5.703563213348389,-0.023511601611971855,0.029018953442573547,0.009925708174705505,0.03864472731947899,2.9616329944883897,-36.080512251688845,1.8859434422973325,-5.674166908524517
63,-34.67529296875,1.7999999523162842,-11.266684532165527,0.20259204506874084,-0.28873148560523987,0.06917861849069595,0.3594371974468231,2.9616329944883897,-34.07528968365354,0.9448832580001563,-11.061802853130358
64,-32.48588562011719,1.7999999523162842,-16.552385330200195,0.059556491672992706,-0.0810733363032341,0.016751257702708244,0.10198267549276352,2.9616329944883897,-32.30950114934248,1.5598904845473727,-16.502774252688678
65,-29.496564865112305,1.7999999523162842,-21.430509567260742,-0.14840148389339447,0.2533232271671295,-0.11498678475618362,0.31530559062957764,2.9616329944883897,-29.93607559624202,2.5502503801647327,-21.77105822292479
66,-25.780942916870117,1.7999999523162842,-25.780942916870117,-0.06902965158224106,0.11727402359247208,-0.05541788786649704,0.1469334214925766,2.9616329944883897,-25.98538341059412,2.1473225699841594,-25.94507036206039
67,-21.430509567260742,1.7999999523162842,-29.496564865112305,0.08171618729829788,-0.20200307667255402,0.12499110400676727,0.25120818614959717,2.9616329944883897,-21.18849621077431,1.2017409754546802,-29.126387087468334
68,-16.552385330200195,1.7999999523162842,-32.48588562011719,0.05129864439368248,-0.13345469534397125,0.08632867783308029,0.16701601445674896,2.9616329944883897,-16.40045757239134,1.404756123316183,-32.23021175947618
69,-11.266684532165527,1.7999999523162842,-34.67529296875,-0.02521483413875103,0.14325538277626038,-0.10232630372047424,0.17784421145915985,2.9616329944883897,-11.341361616901404,2.224269820584521,-34.9783459260526
70,-5.703563213348389,1.7999999523162842,-36.01087951660156,-0.018694614991545677,0.1305559128522873,-0.09608659148216248,0.1631777137517929,2.9616329944883897,-5.758929801926608,2.186658651445169,-36.29545273626306
71,-0.0,1.7999999523162842,-36.45975875854492,-0.006769272033125162,-0.0863792672753334,0.06278480589389801,0.10700061917304993,2.9616329944883897,-0.020048099401970984,1.5441762643139256,-36.273813205857
72,5.703563213348389,1.7999999523162842,-36.01087951660156,-0.012187349610030651,-0.11252041161060333,0.08317618072032928,0.14045515656471252,2.9616329944883897,5.667468756627956,1.466755788736907,-35.7645421954247
73,11.266684532165527,1.7999999523162842,-34.67529296875,0.013801059685647488,0.04009515047073364,-0.025608442723751068,0.049536678940057755,2.9616329944883897,11.307558205889444,1.9187470728693856,-34.75113577765813
74,16.552385330200195,1.7999999523162842,-32.48588562011719,0.029666034504771233,0.0861520990729332,-0.05693933740258217,0.10744461417198181,2.9616329944883897,16.640245236805157,2.0551508514751156,-32.65451904045298
75,21.430509567260742,1.7999999523162842,-29.496564865112305,-0.00599615927785635,-0.008375165052711964,0.0022488851100206375,0.010542997159063816,2.9616329944883897,21.412751144103236,1.7751957871618864,-29.489904492769654
76,25.780942916870117,1.7999999523162842,-25.780942916870117,-0.0316450409591198,-0.05835169553756714,0.029739471152424812,0.07273764908313751,2.9616329944883897,25.687221919453652,1.6271836455278845,-25.69286551786646
77,29.496564865112305,1.7999999523162842,-21.430509567260742,-0.005373263265937567,-0.0101099144667387,0.006475157104432583,0.013153325766324997,2.9616329944883897,29.48065123133583,1.7700580960601353,-21.41133252833576
78,32.48588562011719,1.7999999523162842,-16.552385330200195,0.022604480385780334,0.03304813802242279,-0.009695502929389477,0.041196417063474655,2.9616329944883897,32.55283179505098,1.8978764082898978,-16.581099851574034
79,34.67529296875,1.7999999523162842,-11.266684532165527,0.013670872896909714,0.019112002104520798,-0.005433083977550268,0.02411803789436817,2.9616329944883897,34.715781076984946,1.8566026883397646,-11.282775332935266
80,36.01087951660156,1.7999999523162842,-5.703563213348389,-0.008050891570746899,-0.01062934473156929,-0.0004339853476267308,0.013341221027076244,2.9616329944883897,35.98703573049059,1.7685197342494772,-5.704848518673044
81,33.6195182800293,3.5999999046325684,0.0,-0.04762175679206848,-0.0673689916729927,9.582707960476e-10,0.08250098675489426,2.9616329944883897,33.4784801138584,3.4004776760884194,2.8380464072292267e-09
82,33.20560836791992,3.5999999046325684,5.259252071380615,-0.020905068144202232,-0.02903740294277668,0.0017624131869524717,0.03582315891981125,2.9616329944883897,33.14369522835202,3.5140017740029865,5.2644716924250154
83,31.974063873291016,3.5999999046325684,10.389002799987793,0.0400996208190918,0.061156127601861954,0.016743943095207214,0.07502274215221405,2.9616329944883897,32.09282423337531,3.781121909953385,10.438592214316394
84,29.955211639404297,3.5999999046325684,15.26294231414795,0.05877820402383804,0.09074389934539795,0.02493256889283657,0.11095479130744934,2.9616329944883897,30.129291107798068,3.868750030982432,15.33678343281833
85,27.198762893676758,3.5999999046325684,19.761058807373047,-0.01823507249355316,-0.0392729826271534,-0.022672060877084732,0.04887644946575165,2.9616329944883897,27.14475730132296,3.4836877434920215,19.693912483826423
86,23.77259063720703,3.5999999046325684,23.77259063720703,-0.08228915929794312,-0.16156940162181854,-0.07815400511026382,0.19744424521923065,2.9616329944883897,23.52888034794153,3.1214906338896444,23.54112715702106
87,19.761058807373047,3.5999999046325684,27.198762893676758,-0.012764522805809975,-0.00731583870947361,0.00379774859175086,0.015194651670753956,2.9616329944883897,19.72325497547246,3.578333075328236,27.210010431210858
88,15.26294231414795,3.5999999046325684,29.955211639404297,0.07647035270929337,0.24100163578987122,0.15103259682655334,0.2945171296596527,2.9616329944883897,15.489419433831957,4.313758300913525,30.40251476140908
89,10.389002799987793,3.5999999046325684,31.974063873291016,0.03637927025556564,0.08995344489812851,0.05353405699133873,0.11081953346729279,2.9616329944883897,10.496744847092087,3.866408995010759,32.13261210280539
90,5.259252071380615,3.5999999046325684,33.20560836791992,-0.028667587786912918,-0.3183555603027344,-0.22202712297439575,0.38918906450271606,2.9616329944883897,5.174349197518501,2.657147573261152,32.54804551484762
91,0.0,3.5999999046325684,33.6195182800293,-0.023039093241095543,-0.21436947584152222,-0.1492176055908203,0.26220405101776123,2.9616329944883897,-0.068233338705923,2.9651161919691345,33.17759049595297
92,-5.259252071380615,3.5999999046325684,33.20560836791992,-0.05617239698767662,0.37320905923843384,0.25700679421424866,0.45661014318466187,2.9616329944883897,-5.425614095678818,4.705308168315086,33.96676816947253
93,-10.389002799987793,3.5999999046325684,31.974063873291016,-0.055740538984537125,0.3718765377998352,0.25504738092422485,0.45436587929725647,2.9616329944883897,-10.554085819374965,4.70136172885667,32.72942061179405
94,-15.26294231414795,3.5999999046325684,29.955211639404297,0.14585450291633606,-0.38348904252052307,-0.2288295030593872,0.4697875380516052,2.9616329944883897,-14.830974805916226,2.4642461032790264,29.277502633031233
95,-19.761058807373047,3.5999999046325684,27.198762893676758,0.20158638060092926,-0.5384246706962585,-0.3196200430393219,0.6577957272529602,2.9616329944883897,-19.16403393134584,2.005383634851983,26.252165628511705
96,-23.77259063720703,3.5999999046325684,23.77259063720703,-0.19330471754074097,0.33598819375038147,0.14129680395126343,0.41257673501968384,2.9616329944883897,-24.345088266665947,4.5950736250022555,24.19105991380485
97,-27.198762893676758,3.5999999046325684,19.761058807373047,-0.37698015570640564,0.6847438216209412,0.29795533418655396,0.8365198969841003,2.9616329944883897,-28.315239761084218,5.62795979951722,20.64349315598376
98,-29.955211639404297,3.5999999046325684,15.26294231414795,0.16499704122543335,-0.23055237531661987,-0.0333816297352314,0.2854693531990051,2.9616329944883897,-29.46655095811809,2.9171883829371965,15.164078178114293
99,-31.974063873291016,3.5999999046325684,10.389002799987793,0.5200988054275513,-0.7847133874893188,-0.18020334839820862,0.9585151076316833,2.9616329944883897,-30.433722090742783,1.2759668450274488,9.85530661765437
100,-33.20560836791992,3.5999999046325684,5.259252071380615,-0.06475280225276947,0.08209675550460815,-0.04005623608827591,0.11197011172771454,2.9616329944883897,-33.39738240355731,3.8431403644754623,5.140620200946561
101,-33.6195182800293,3.5999999046325684,0.0,-0.5751664638519287,0.8201712965965271,9.50555278933507e-09,1.0017471313476562,2.9616329944883897,-35.32295025669638,6.0290462777651666,2.815195877174589e-08
102,-33.20560836791992,3.5999999046325684,-5.259252071380615,-0.06475259363651276,0.08209645003080368,0.040056269615888596,0.11196977645158768,2.9616329944883897,-33.39738178571252,3.843139459774164,-5.140620101650077
103,-31.974063873291016,3.5999999046325684,-10.389002799987793,0.5200988054275513,-0.7847134470939636,0.18020334839820862,0.9585151076316833,2.9616329944883897,-30.433722090742783,1.275966668500366,-9.85530661765437
104,-29.955211639404297,3.5999999046325684,-15.26294231414795,0.16499687731266022,-0.2305520921945572,0.03338153287768364,0.28546902537345886,2.9616329944883897,-29.46655144356757,2.9171892214408386,-15.164078464970803
105,-27.198762893676758,3.5999999046325684,-19.761058807373047,-0.3769802153110504,0.6847439408302307,-0.29795536398887634,0.8365200757980347,2.9616329944883897,-28.315239937611302,5.627960152571385,-20.6434932442473
106,-23.77259063720703,3.5999999046325684,-23.77259063720703,-0.1933046132326126,0.33598795533180237,-0.14129668474197388,0.41257646679878235,2.9616329944883897,-24.345087957743555,4.595072918893925,-24.191059560750684
107,-19.761058807373047,3.5999999046325684,-27.198762893676758,0.20158644020557404,-0.5384247899055481,0.31962013244628906,0.6577958464622498,2.9616329944883897,-19.164033754818757,2.005383281797818,-26.25216536372108
108,-15.26294231414795,3.5999999046325684,-29.955211639404297,0.14585445821285248,-0.38348889350891113,0.22882938385009766,0.4697873294353485,2.9616329944883897,-14.830974938311538,2.4642465445967328,-29.2775029860854
109,-10.389002799987793,3.5999999046325684,-31.974063873291016,-0.05574057623744011,0.37187668681144714,-0.255047470331192,0.4543660283088684,2.9616329944883897,-10.55408592970439,4.7013621701743755,-32.72942087658467
110,-5.259252071380615,3.5999999046325684,-33.20560836791992,-0.05617239326238632,0.3732089400291443,-0.2570067048072815,0.4566099941730499,2.9616329944883897,-5.425614084645876,4.705307815260921,-33.9667679046819
111,-0.0,3.5999999046325684,-33.6195182800293,-0.023039089515805244,-0.21436960995197296,0.14921769499778748,0.26220420002937317,2.9616329944883897,-0.06823332767298035,2.9651157947831983,-33.17759023116234
112,5.259252071380615,3.5999999046325684,-33.20560836791992,-0.028667574748396873,-0.3183555006980896,0.22202709317207336,0.3891890048980713,2.9616329944883897,5.174349236133801,2.6571477497882348,-32.54804560311116
113,10.389002799987793,3.5999999046325684,-31.974063873291016,0.036379288882017136,0.08995354920625687,-0.0535341277718544,0.11081966012716293,2.9616329944883897,10.496744902256799,3.8664093039331537,-32.1326123124313
114,15.26294231414795,3.5999999046325684,-29.955211639404297,0.07647033780813217,0.24100162088871002,-0.15103259682655334,0.2945171296596527,2.9616329944883897,15.489419389700187,4.313758256781754,-30.40251476140908
115,19.761058807373047,3.5999999046325684,-27.198762893676758,-0.012764554470777512,-0.007315914612263441,-0.0037977059837430716,0.015194703824818134,2.9616329944883897,19.723254881692448,3.5783328505320293,-27.210010305021576
116,23.77259063720703,3.5999999046325684,-23.77259063720703,-0.08228916674852371,-0.16156941652297974,0.07815401256084442,0.19744424521923065,2.9616329944883897,23.528880325875647,3.121490589757874,-23.541127134955175
117,27.198762893676758,3.5999999046325684,-19.761058807373047,-0.018235044553875923,-0.03927293419837952,0.02267204411327839,0.04887639358639717,2.9616329944883897,27.144757384070033,3.483687886920276,-19.693912533474666
118,29.955211639404297,3.5999999046325684,-15.26294231414795,0.05877821519970894,0.09074392169713974,-0.024932578206062317,0.11095482110977173,2.9616329944883897,30.129291140896893,3.8687500971800883,-15.336783460400685
119,31.974063873291016,3.5999999046325684,-10.389002799987793,0.0400996059179306,0.06115610525012016,-0.016743941232562065,0.07502271234989166,2.9616329944883897,32.092824189243544,3.781121843755729,-10.438592208799923
120,33.20560836791992,3.5999999046325684,-5.259252071380615,-0.020905084908008575,-0.02903742715716362,-0.0017624098109081388,0.035823188722133636,2.9616329944883897,33.14369517870378,3.5140017022888594,-5.264471682426411
121,31.04841423034668,5.449999809265137,0.0,-0.0694933757185936,-0.09585963934659958,1.0682057460797978e-09,0.11839932203292847,2.9616329944883897,30.842600355920116,5.16609873853649,3.163633382492016e-09
122,30.666156768798828,5.449999809265137,4.857041835784912,-0.026139358058571815,-0.035493314266204834,0.0015646368265151978,0.04410770162940025,2.9616329944883897,30.588741583517816,5.344881638650599,4.8616757158347115
123,29.52879524230957,5.449999809265137,9.594488143920898,0.06109483540058136,0.08990851044654846,0.02317632921040058,0.11114522814750671,2.9616329944883897,29.70973572262477,5.7162758202889385,9.663127925201547
124,27.664339065551758,5.449999809265137,14.095685005187988,0.0742226094007492,0.1117393895983696,0.03173850104212761,0.13784781098365784,2.9616329944883897,27.884159194490042,5.780930872283661,14.189682797069958
125,25.118694305419922,5.449999809265137,18.249799728393555,-0.03586244583129883,-0.06766854226589203,-0.03467568755149841,0.08406872302293777,2.9616329944883897,25.012482902582896,5.249590421801539,18.14710306803447
126,21.954544067382812,5.449999809265137,21.954544067382812,-0.10578251630067825,-0.2012438029050827,-0.09944310784339905,0.24814903736114502,2.9616329944883897,21.641255076866717,4.853989522645126,21.660030078119334
127,18.249799728393555,5.449999809265137,25.118694305419922,-0.0017711382824927568,0.01711759716272354,0.017607731744647026,0.024620749056339264,2.9616329944883897,18.244554266818323,5.500695849808619,25.17084194471297
128,14.095685005187988,5.449999809265137,27.664339065551758,0.10137887299060822,0.30420297384262085,0.19462645053863525,0.3750954270362854,2.9616329944883897,14.395932020381021,6.350937373618931,28.240751183067143
129,9.594488143920898,5.449999809265137,29.52879524230957,0.033374540507793427,0.07736872136592865,0.04649673029780388,0.09623785316944122,2.9616329944883897,9.69333128426467,5.67913756720385,29.666501492895375
130,4.857041835784912,5.449999809265137,30.666156768798828,-0.04300118610262871,-0.40774601697921753,-0.2912016212940216,0.5028958916664124,2.9616329944883897,4.729688104221231,4.242405752008263,29.80372443912594
131,0.0,5.449999809265137,31.04841423034668,-0.022703539580106735,-0.2263355851173401,-0.1615607738494873,0.2790074050426483,2.9616329944883897,-0.06723955191211718,4.779676872554787,30.56993051189896
132,-4.857041835784912,5.449999809265137,30.666156768798828,-0.06586066633462906,0.4845622181892395,0.3441389203071594,0.5979713797569275,2.9616329944883897,-5.05209695824054,6.88509526253687,31.68536994986812
133,-9.594488143920898,5.449999809265137,29.52879524230957,-0.06914639472961426,0.4231218695640564,0.2966054677963257,0.5213330388069153,2.9616329944883897,-9.799274388002042,6.703131498855659,30.40723178208083
134,-14.095685005187988,5.449999809265137,27.664339065551758,0.18415094912052155,-0.5017653703689575,-0.31354713439941406,0.6196707487106323,2.9616329944883897,-13.550297478306298,3.963954932888745,26.73572752698717
135,-18.249799728393555,5.449999809265137,25.118694305419922,0.24940122663974762,-0.6378350257873535,-0.3858710825443268,0.7860859036445618,2.9616329944883897,-17.5111648267114,3.5609665518529576,23.97588577573769
136,-21.954544067382812,5.449999809265137,21.954544067382812,-0.24722912907600403,0.4385295808315277,0.20132781565189362,0.5421838164329529,2.9616329944883897,-22.686746013252936,6.748763484914953,22.550803168925736
137,-25.118694305419922,5.449999809265137,18.249799728393555,-0.47074124217033386,0.8276422619819641,0.3661992847919464,1.0201425552368164,2.9616329944883897,-26.51285710009803,7.901172439983926,19.334347612791433
138,-27.664339065551758,5.449999809265137,14.095685005187988,0.21046879887580872,-0.29817506670951843,-0.06143670901656151,0.3701080083847046,2.9616329944883897,-27.04100772649082,4.56691469356445,13.913732020691757
139,-29.52879524230957,5.449999809265137,9.594488143920898,0.6512598991394043,-0.9553664922714233,-0.22276580333709717,1.1774927377700806,2.9616329944883897,-27.60000243703113,2.620554883925452,8.93473759071404
140,-30.666156768798828,5.449999809265137,4.857041835784912,-0.08221668750047684,0.10541360825300217,-0.032754383981227875,0.1376388818025589,2.9616329944883897,-30.90965242319778,5.762196229535301,4.760035371471965
141,-31.04841423034668,5.449999809265137,0.0,-0.720332682132721,1.0,8.653792349377909e-09,1.2324281930923462,2.9616329944883897,-33.18177526875926,8.411632803753527,2.5629356949368813e-08
142,-30.666156768798828,5.449999809265137,-4.857041835784912,-0.08221641927957535,0.10541323572397232,0.032754428684711456,0.13763844966888428,2.9616329944883897,-30.90965162882591,5.762195126241036,-4.760035239076654
143,-29.52879524230957,5.449999809265137,-9.594488143920898,0.6512599587440491,-0.9553665518760681,0.22276580333709717,1.1774928569793701,2.9616329944883897,-27.60000226050405,2.6205547073983695,-8.93473759071404
144,-27.664339065551758,5.449999809265137,-14.095685005187988,0.2104685753583908,-0.29817473888397217,0.06143658980727196,0.37010759115219116,2.9616329944883897,-27.041008388467382,4.566915664463405,-13.913732373745923
145,-25.118694305419922,5.449999809265137,-18.249799728393555,-0.470741331577301,0.8276424407958984,-0.3661993145942688,1.0201427936553955,2.9616329944883897,-26.512857364888657,7.901172969565174,-19.334347701054973
146,-21.954544067382812,5.449999809265137,-21.954544067382812,-0.24722899496555328,0.43852928280830383,-0.20132766664028168,0.5421834588050842,2.9616329944883897,-22.686745616067,6.748762602279539,-22.55080272760803
147,-18.249799728393555,5.449999809265137,-25.118694305419922,0.24940131604671478,-0.6378352046012878,0.38587117195129395,0.7860860824584961,2.9616329944883897,-17.51116456192078,3.56096602227171,-23.975885510947066
148,-14.095685005187988,5.449999809265137,-27.664339065551758,0.18415088951587677,-0.5017651319503784,0.3135469853878021,0.6196705102920532,2.9616329944883897,-13.550297654833381,3.9639556389970756,-26.735727968304875
149,-9.594488143920898,5.449999809265137,-29.52879524230957,-0.06914643943309784,0.4231220483779907,-0.29660558700561523,0.5213332772254944,2.9616329944883897,-9.799274520397354,6.703132028436906,-30.407232135134997
150,-4.857041835784912,5.449999809265137,-30.666156768798828,-0.06586065888404846,0.48456209897994995,-0.34413883090019226,0.5979712009429932,2.9616329944883897,-5.052096936174655,6.885094909482706,-31.685369685077497
151,-0.0,5.449999809265137,-31.04841423034668,-0.022703537717461586,-0.22633576393127441,0.16156089305877686,0.27900761365890503,2.9616329944883897,-0.06723954639564586,4.77967634297354,-30.569930158844794
152,4.857041835784912,5.449999809265137,-30.666156768798828,-0.043001171201467514,-0.40774595737457275,0.2912015914916992,0.5028958320617676,2.9616329944883897,4.729688148353002,4.242405928535345,-29.803724527389484
153,9.594488143920898,5.449999809265137,-29.52879524230957,0.033374570310115814,0.0773688554763794,-0.04649682343006134,0.09623801708221436,2.9616329944883897,9.69333137252821,5.679137964389786,-29.66650176871894
154,14.095685005187988,5.449999809265137,-27.664339065551758,0.10137886554002762,0.30420297384262085,-0.19462645053863525,0.3750954270362854,2.9616329944883897,14.395931998315136,6.350937373618931,-28.240751183067143
155,18.249799728393555,5.449999809265137,-25.118694305419922,-0.0017711797263473272,0.01711750216782093,-0.0176076777279377,0.024620646610856056,2.9616329944883897,18.244554144076837,5.500695568468582,-25.170841784735302
156,21.954544067382812,5.449999809265137,-21.954544067382812,-0.10578252375125885,-0.2012438178062439,0.09944312274456024,0.2481490522623062,2.9616329944883897,21.641255054800833,4.853989478513355,-21.660030033987564
157,25.118694305419922,5.449999809265137,-18.249799728393555,-0.03586241230368614,-0.06766849011182785,0.03467566519975662,0.0840686559677124,2.9616329944883897,25.012483001879378,5.249590576262736,-18.147103134232122
158,27.664339065551758,5.449999809265137,-14.095685005187988,0.0742226243019104,0.11173941940069199,-0.031738512217998505,0.13784785568714142,2.9616329944883897,27.884159238621812,5.780930960547202,-14.189682830168785
159,29.52879524230957,5.449999809265137,-9.594488143920898,0.06109481677412987,0.08990848064422607,-0.023176325485110283,0.11114519089460373,2.9616329944883897,29.709735667460055,5.716275732025397,-9.663127914168603
160,30.666156768798828,5.449999809265137,-4.857041835784912,-0.026139382272958755,-0.03549335151910782,-0.0015646322863176465,0.044107746332883835,2.9616329944883897,30.58874151180369,5.344881528321173,-4.861675702388312
161,28.47730827331543,7.300000190734863,0.0,-0.062312111258506775,-0.08515387773513794,1.2329264276189633e-09,0.1055176854133606,2.9616329944883897,28.292762668656003,7.047805656825848,3.6514755878130233e-09
162,28.126705169677734,7.300000190734863,4.454832077026367,-0.02083847112953663,-0.0274469256401062,0.0032804105430841446,0.034616999328136444,2.9616329944883897,28.064989266025805,7.218712470161855,4.464547449126233
163,27.083528518676758,7.300000190734863,8.799971580505371,0.05589834973216057,0.08196179568767548,0.022119179368019104,0.10164457559585571,2.9616329944883897,27.249078915580977,7.542740949130999,8.865480471932702
164,25.37346649169922,7.300000190734863,12.928426742553711,0.05966075509786606,0.08722665160894394,0.023425694555044174,0.10824351012706757,2.9616329944883897,25.55015975247315,7.558333520138655,12.997805052466736
165,23.038625717163086,7.300000190734863,16.738542556762695,-0.03573869541287422,-0.06850506365299225,-0.03621036559343338,0.08533105254173279,2.9616329944883897,22.932780817648347,7.0971133339306345,16.631300743278697
166,20.136497497558594,7.300000190734863,20.136497497558594,-0.08593142032623291,-0.15926997363567352,-0.07879933714866638,0.1973840743303299,2.9616329944883897,19.88200016785717,6.828300981784157,19.90312278071529
167,16.738542556762695,7.300000190734863,23.038625717163086,0.003645166987553239,0.03449972718954086,0.028764154762029648,0.04506545513868332,2.9616329944883897,16.749338203583452,7.402175721080256,23.123814586964883
168,12.928426742553711,7.300000190734863,25.37346649169922,0.08295481652021408,0.24443218111991882,0.15834727883338928,0.30282410979270935,2.9616329944883897,13.174108464211708,8.023918603254376,25.84243301727964
169,8.799971580505371,7.300000190734863,27.083528518676758,0.027015438303351402,0.03362445533275604,0.016650984063744545,0.04623519256711006,2.9616329944883897,8.879981393945142,7.399583487070054,27.132842622470644
170,4.454832077026367,7.300000190734863,28.126705169677734,-0.03425457701086998,-0.33322450518608093,-0.2414143830537796,0.41290780901908875,2.9616329944883897,4.353382591538731,6.313111501603698,27.4117243674816
171,0.0,7.300000190734863,28.47730827331543,-0.026939768344163895,-0.14734980463981628,-0.10708080232143402,0.18413043022155762,2.9616329944883897,-0.07978570679194964,6.863604147582165,28.160174236083982
172,-4.454832077026367,7.300000190734863,28.126705169677734,-0.05955904722213745,0.4027460813522339,0.28926828503608704,0.4994274973869324,2.9616329944883897,-4.631224116399742,8.492786273668544,28.98341166689968
173,-8.799971580505371,7.300000190734863,27.083528518676758,-0.03947467729449272,0.30561649799346924,0.2215144783258438,0.37951070070266724,2.9616329944883897,-8.916881087227523,8.205124094852316,27.73957310644346
174,-12.928426742553711,7.300000190734863,25.37346649169922,0.16374337673187256,-0.4216262400150299,-0.26357802748680115,0.5235016345977783,2.9616329944883897,-12.443478955395655,6.05129800696427,24.59284510887214
175,-16.738542556762695,7.300000190734863,23.038625717163086,0.18396371603012085,-0.4845646619796753,-0.30418476462364197,0.6009774804115295,2.9616329944883897,-16.193709545579196,5.864897499852743,22.13774208183302
176,-20.136497497558594,7.300000190734863,20.136497497558594,-0.21872901916503906,0.368404746055603,0.16328631341457367,0.4585050344467163,2.9616329944883897,-20.784292577569857,8.391079841979254,20.620091630915567
177,-23.038625717163086,7.300000190734863,16.738542556762695,-0.36731991171836853,0.6436618566513062,0.29569491744041443,0.7979097366333008,2.9616329944883897,-24.126492487240768,9.206290382687028,17.614282380556748
178,-25.37346649169922,7.300000190734863,12.928426742553711,0.1842835396528244,-0.24822454154491425,-0.03872567042708397,0.3115694522857666,2.9616329944883897,-24.827686280322304,6.5648501984536916,12.813735519283176
179,-27.083528518676758,7.300000190734863,8.799971580505371,0.5169516205787659,-0.7485079169273376,-0.18116514384746552,0.9275364875793457,2.9616329944883897,-25.552507542616443,5.083194447327085,8.263426913035483
180,-28.126705169677734,7.300000190734863,4.454832077026367,-0.0713425949215889,0.0869968831539154,-0.04365675523877144,0.12068196386098862,2.9616329944883897,-28.337995752709933,7.55765303030115,4.3255367902789175
181,-28.47730827331543,7.300000190734863,0.0,-0.5737152099609375,0.7843088507652283,1.0383688575643646e-08,0.9717456102371216,2.9616329944883897,-30.176442168575576,9.622835161030434,3.075267469011837e-08
182,-28.126705169677734,7.300000190734863,-4.454832077026367,-0.07134237885475159,0.08699659258127213,0.043656788766384125,0.12068163603544235,2.9616329944883897,-28.33799511279926,7.557652169731623,-4.3255366909824335
183,-27.083528518676758,7.300000190734863,-8.799971580505371,0.5169516801834106,-0.7485079765319824,0.18116514384746552,0.9275365471839905,2.9616329944883897,-25.55250736608936,5.0831942708000035,-8.263426913035483
184,-25.37346649169922,7.300000190734863,-12.928426742553711,0.18428336083889008,-0.24822427332401276,0.03872557356953621,0.31156912446022034,2.9616329944883897,-24.827686809903554,6.564850992825563,-12.813735806139684
185,-23.038625717163086,7.300000190734863,-16.738542556762695,-0.3673199713230133,0.6436619758605957,-0.2956949472427368,0.7979099154472351,2.9616329944883897,-24.126492663767852,9.206290735741193,-17.61428246882029
186,-20.136497497558594,7.300000190734863,-20.136497497558594,-0.2187289148569107,0.3684045374393463,-0.16328619420528412,0.4585047662258148,2.9616329944883897,-20.784292268647462,8.391079224134465,-20.620091277861402
187,-16.738542556762695,7.300000190734863,-23.038625717163086,0.18396379053592682,-0.48456481099128723,0.30418485403060913,0.6009776592254639,2.9616329944883897,-16.193709324920345,5.864897058535036,-22.1377418170424
188,-12.928426742553711,7.300000190734863,-25.37346649169922,0.16374333202838898,-0.42162609100341797,0.2635779082775116,0.523501455783844,2.9616329944883897,-12.443479087790967,6.051298448281976,-24.592845461926306
189,-8.799971580505371,7.300000190734863,-27.083528518676758,-0.039474718272686005,0.3056166470050812,-0.22151458263397217,0.37951087951660156,2.9616329944883897,-8.916881208589892,8.205124536170024,-27.739573415365854
190,-4.454832077026367,7.300000190734863,-28.126705169677734,-0.05955904722213745,0.4027459919452667,-0.2892681956291199,0.4994273781776428,2.9616329944883897,-4.631224116399742,8.492786008877921,-28.98341140210906
191,-0.0,7.300000190734863,-28.47730827331543,-0.026939764618873596,-0.14734995365142822,0.10708090662956238,0.18413060903549194,2.9616329944883897,-0.07978569575900699,6.863603706264459,-28.160173927161587
192,4.454832077026367,7.300000190734863,-28.126705169677734,-0.034254562109708786,-0.33322447538375854,0.2414143681526184,0.41290777921676636,2.9616329944883897,4.353382635670502,6.31311158986724,-27.411724411613374
193,8.799971580505371,7.300000190734863,-27.083528518676758,0.027015462517738342,0.0336245633661747,-0.016651060432195663,0.04623531550168991,2.9616329944883897,8.87998146565927,7.399583807025392,-27.132842848645968
194,12.928426742553711,7.300000190734863,-25.37346649169922,0.08295481652021408,0.24443219602108002,-0.15834727883338928,0.30282413959503174,2.9616329944883897,13.174108464211708,8.023918647386148,-25.84243301727964
195,16.738542556762695,7.300000190734863,-23.038625717163086,0.003645133227109909,0.034499648958444595,-0.028764111921191216,0.04506536200642586,2.9616329944883897,16.74933810359741,7.40217548938846,-23.12381446008604
196,20.136497497558594,7.300000190734863,-20.136497497558594,-0.0859314352273941,-0.15926998853683472,0.07879935204982758,0.1973840892314911,2.9616329944883897,19.8820001237254,6.828300937652386,-19.90312273658352
197,23.038625717163086,7.300000190734863,-16.738542556762695,-0.03573866933584213,-0.06850501894950867,0.03621034696698189,0.08533100038766861,2.9616329944883897,22.932780894878945,7.097113466325946,-16.63130079844341
198,25.37346649169922,7.300000190734863,-12.928426742553711,0.05966076999902725,0.08722668141126633,-0.02342570573091507,0.10824354737997055,2.9616329944883897,25.55015979660492,7.558333608402196,-12.997805085565565
199,27.083528518676758,7.300000190734863,-8.799971580505371,0.055898334830999374,0.08196177333593369,-0.022119175642728806,0.10164454579353333,2.9616329944883897,27.249078871449207,7.5427408829333435,-8.86548046089976
200,28.126705169677734,7.300000190734863,-4.454832077026367,-0.02083849534392357,-0.027446957305073738,-0.003280406119301915,0.03461704030632973,2.9616329944883897,28.06498919431168,7.218712376381843,-4.464547436024613
201,26.248315811157227,9.100000381469727,0.0,-0.02689518593251705,-0.04086104407906532,4.95713525783259e-10,0.04891805350780487,2.9616329944883897,26.168662141106584,8.978984965135922,1.468121533773871e-09
202,25.925155639648438,9.100000381469727,4.106141090393066,-0.007700000889599323,-0.011335832066833973,0.0014584463788196445,0.013781080953776836,2.9616329944883897,25.90235106295621,9.066427807200611,4.110460473309271
203,24.96363067626953,9.100000381469727,8.111175537109375,0.02506052702665329,0.04043686017394066,0.009300436824560165,0.04847337305545807,2.9616329944883897,25.037850759970937,9.219759520754383,8.138720017672147
204,23.387420654296875,9.100000381469727,11.916485786437988,0.022644182667136192,0.03674623742699623,0.008434153161942959,0.04397930949926376,2.9616329944883897,23.454484412817088,9.208829250656823,11.941464652722967
205,21.235332489013672,9.100000381469727,15.428373336791992,-0.018467292189598083,-0.03705776482820511,-0.016598381102085114,0.044607456773519516,2.9616329944883897,21.1806391471461,8.990248882452523,15.379215023664964
206,18.560361862182617,9.100000381469727,18.560361862182617,-0.0338803194463253,-0.06889898329973221,-0.030023377388715744,0.08243997395038605,2.9616329944883897,18.460020790246574,8.895946879242535,18.47144363710222
207,15.428373336791992,9.100000381469727,21.235332489013672,0.006570346653461456,0.025611789897084236,0.01683659479022026,0.03134651854634285,2.9616329944883897,15.44783229222611,9.175853103476836,21.28519630365922
208,11.916485786437988,9.100000381469727,23.387420654296875,0.03441670536994934,0.10870158672332764,0.06278325617313385,0.13016252219676971,2.9616329944883897,12.018415436623217,9.421934587262776,23.573361617280646
209,8.111175537109375,9.100000381469727,24.96363067626953,0.006527822930365801,0.0005245396168902516,-0.002949359128251672,0.007182362489402294,2.9616329944883897,8.130508552882125,9.101553875306026,24.954895756962706
210,4.106141090393066,9.100000381469727,25.925155639648438,-0.0164495836943388,-0.15298539400100708,-0.10004571825265884,0.1835327297449112,2.9616329944883897,4.057423460578314,8.646913790921538,25.628856939514073
211,0.0,9.100000381469727,26.248315811157227,-0.009934775531291962,-0.048781704157590866,-0.030628759413957596,0.05845062434673309,2.9616329944883897,-0.029423159006310196,8.955526876909234,26.157604666696603
212,-4.106141090393066,9.100000381469727,25.925155639648438,-0.02257406897842884,0.19121086597442627,0.1258959174156189,0.23004557192325592,2.9616329944883897,-4.172997197899438,9.666296791044285,26.29801314253792
213,-8.111175537109375,9.100000381469727,24.96363067626953,-0.013170769438147545,0.12234093248844147,0.07954779267311096,0.14652174711227417,2.9616329944883897,-8.150182522440192,9.46232932370397,25.199222043688938
214,-11.916485786437988,9.100000381469727,23.387420654296875,0.06937728822231293,-0.20495487749576569,-0.11956600099802017,0.24721597135066986,2.9616329944883897,-11.711015720570655,8.49299925389694,23.033310040722107
215,-15.428373336791992,9.100000381469727,21.235332489013672,0.07228478789329529,-0.21037399768829346,-0.11986368894577026,0.2526848018169403,2.9616329944883897,-15.214292323967614,8.476949808733652,20.880340232990786
216,-18.560361862182617,9.100000381469727,18.560361862182617,-0.09479980170726776,0.17982810735702515,0.07658904790878296,0.21723496913909912,2.9616329944883897,-18.84112408278982,9.632585237554693,18.787190513485722
217,-21.235332489013672,9.100000381469727,15.428373336791992,-0.15057240426540375,0.28901365399360657,0.12073557078838348,0.3475313186645508,2.9616329944883897,-21.681272689545537,9.955952754994843,15.785947786847258
218,-23.387420654296875,9.100000381469727,11.916485786437988,0.07908271253108978,-0.1196412444114685,-0.02148572728037834,0.14501634240150452,2.9616329944883897,-23.15320668357116,8.745666924519071,11.85285294761384
219,-24.96363067626953,9.100000381469727,8.111175537109375,0.21338215470314026,-0.33871686458587646,-0.07434600591659546,0.40717121958732605,2.9616329944883897,-24.331671046465686,8.096845339522538,7.890989952978357
220,-25.925155639648438,9.100000381469727,4.106141090393066,-0.030116746202111244,0.041329946368932724,-0.01398499496281147,0.053016629070043564,2.9616329944883897,-26.014350388887244,9.222404514296393,4.06472266788345
221,-26.248315811157227,9.100000381469727,0.0,-0.23646534979343414,0.354866087436676,3.540838955373715e-09,0.426433801651001,2.9616329944883897,-26.9486393931587,10.150983494647189,1.0486665478404598e-08
222,-25.925155639648438,9.100000381469727,-4.106141090393066,-0.03011665865778923,0.04132981598377228,0.013985009863972664,0.053016483783721924,2.9616329944883897,-26.014350129613092,9.2224041281434,-4.064722623751679
223,-24.96363067626953,9.100000381469727,-8.111175537109375,0.21338218450546265,-0.33871689438819885,0.07434600591659546,0.40717124938964844,2.9616329944883897,-24.331670958202142,8.096845251258998,-7.890989952978357
224,-23.387420654296875,9.100000381469727,-11.916485786437988,0.07908264547586441,-0.11964112520217896,0.021485688164830208,0.14501619338989258,2.9616329944883897,-23.153206882164127,8.745667277573236,-11.852853063459738
225,-21.235332489013672,9.100000381469727,-15.428373336791992,-0.15057243406772614,0.28901371359825134,-0.12073559314012527,0.34753137826919556,2.9616329944883897,-21.681272777809077,9.955952931521926,-15.785947853044913
226,-18.560361862182617,9.100000381469727,-18.560361862182617,-0.09479976445436478,0.1798280030488968,-0.07658899575471878,0.21723484992980957,2.9616329944883897,-18.84112397246039,9.632584928632298,-18.787190359024525
227,-15.428373336791992,9.100000381469727,-21.235332489013672,0.07228482514619827,-0.21037407219409943,0.11986372619867325,0.25268489122390747,2.9616329944883897,-15.214292213638187,8.476949588074799,-20.88034012266136
228,-11.916485786437988,9.100000381469727,-23.387420654296875,0.06937728077173233,-0.2049548178911209,0.11956596374511719,0.24721591174602509,2.9616329944883897,-11.71101574263654,8.492999430424023,-23.033310151051534
229,-8.111175537109375,9.100000381469727,-24.96363067626953,-0.013170787133276463,0.12234100699424744,-0.07954784482717514,0.14652185142040253,2.9616329944883897,-8.150182574846669,9.462329544362825,-25.199222198150135
230,-4.106141090393066,9.100000381469727,-25.925155639648438,-0.02257406897842884,0.19121083617210388,-0.1258959025144577,0.23004554212093353,2.9616329944883897,-4.172997197899438,9.666296702780743,-26.298013098406148
231,-0.0,9.100000381469727,-26.248315811157227,-0.009934774599969387,-0.04878177121281624,0.030628802254796028,0.05845070257782936,2.9616329944883897,-0.02942315624807453,8.955526678316266,-26.15760453981776
232,4.106141090393066,9.100000381469727,-25.925155639648438,-0.0164495799690485,-0.15298539400100708,0.10004571825265884,0.1835327297449112,2.9616329944883897,4.057423471611257,8.646913790921538,-25.628856939514073
233,8.111175537109375,9.100000381469727,-24.96363067626953,0.006527833640575409,0.0005245890934020281,0.0029493283946067095,0.007182363420724869,2.9616329944883897,8.130508584601834,9.101554021837295,-24.95489584798448
234,11.916485786437988,9.100000381469727,-23.387420654296875,0.03441670536994934,0.10870158672332764,-0.06278325617313385,0.13016252219676971,2.9616329944883897,12.018415436623217,9.421934587262776,-23.573361617280646
235,15.428373336791992,9.100000381469727,-21.235332489013672,0.006570333149284124,0.02561175636947155,-0.01683657616376877,0.03134647756814957,2.9616329944883897,15.447832252231693,9.175853004180352,-21.285196248494508
236,18.560361862182617,9.100000381469727,-18.560361862182617,-0.0338803268969059,-0.0688989982008934,0.03002338483929634,0.08243998885154724,2.9616329944883897,18.460020768180687,8.895946835110765,-18.471443615036335
237,21.235332489013672,9.100000381469727,-15.428373336791992,-0.018467281013727188,-0.037057746201753616,0.016598375514149666,0.044607434421777725,2.9616329944883897,21.180639180244928,8.990248937617237,-15.379215040214378
238,23.387420654296875,9.100000381469727,-11.916485786437988,0.02264419198036194,0.036746252328157425,-0.008434157818555832,0.043979331851005554,2.9616329944883897,23.454484440399444,9.208829294788593,-11.941464666514145
239,24.96363067626953,9.100000381469727,-8.111175537109375,0.025060519576072693,0.04043684899806976,-0.00930043589323759,0.048473358154296875,2.9616329944883897,25.03785073790505,9.219759487655555,-8.138720014913911
240,25.925155639648438,9.100000381469727,-4.106141090393066,-0.007700010668486357,-0.011335847899317741,-0.0014584445161744952,0.01378109771758318,2.9616329944883897,25.902351033994737,9.066427760310605,-4.1104604677928
241,24.019323348999023,10.899999618530273,0.0,0.009615371935069561,0.005143274087458849,-1.4884413146454278e-10,0.010904524475336075,2.9616329944883897,24.047800551776202,10.91523210876739,-4.408216907813574e-10
242,23.723604202270508,10.899999618530273,3.7574501037597656,0.0035150228068232536,0.0025461481418460608,-0.0002104087470797822,0.004345403052866459,2.9616329944883897,23.734014409791573,10.907540374876021,3.7568269502720852
243,22.843732833862305,10.899999618530273,7.422379016876221,-0.008164622820913792,-0.004191709216684103,-0.0033653629943728447,0.009775334037840366,2.9616329944883897,22.819552217528333,10.88758531421084,7.412412046793656
244,21.4013729095459,10.899999618530273,10.90454387664795,-0.00954138021916151,-0.0073999701999127865,-0.0042537907138466835,0.012802040204405785,2.9616329944883897,21.37311484307587,10.878083622627981,10.891945709718172
245,19.432039260864258,10.899999618530273,14.118204116821289,0.004314832389354706,0.0015251764561980963,0.004783323034644127,0.006619979161769152,2.9616329944883897,19.444818210834256,10.904516631445366,14.132370564143988
246,16.98422622680664,10.899999618530273,16.98422622680664,0.012808210216462612,0.011934539303183556,0.012633114121854305,0.02158886380493641,2.9616329944883897,17.02215944478406,10.9353453439046,17.021640874413063
247,14.118204116821289,10.899999618530273,19.432039260864258,0.0009110681712627411,0.0031169340945780277,-0.0021744677796959877,0.003908149432390928,2.9616329944883897,14.120902366377528,10.909230833386422,19.425599285342457
248,10.90454387664795,10.899999618530273,21.4013729095459,-0.011192676611244678,-0.015775227919220924,-0.023377468809485435,0.030342048034071922,2.9616329944883897,10.871395276299449,10.853279183029134,21.3321374265921
249,7.422379016876221,10.899999618530273,22.843732833862305,-0.0049261534586548805,-0.01049282681196928,-0.006834875326603651,0.013456668704748154,2.9616329944883897,7.407789558257155,10.868923716438493,22.82349044158182
250,3.7574501037597656,10.899999618530273,23.723604202270508,0.003142585279420018,0.016748396679759026,0.031642407178878784,0.035939205437898636,2.9616329944883897,3.7667572880112896,10.949602222741827,23.81731739939651
251,0.0,10.899999618530273,24.019323348999023,0.002575675956904888,0.01907198503613472,0.020921774208545685,0.028427017852663994,2.9616329944883897,0.007628206897079972,10.95648383868368,24.081285965798287
252,-3.7574501037597656,10.899999618530273,23.723604202270508,0.00811438076198101,-0.01313980296254158,-0.03170366957783699,0.035265002399683,2.9616329944883897,-3.7334182859652407,10.861084344535334,23.62970956840243
253,-7.422379016876221,10.899999618530273,22.843732833862305,0.00851478148251772,-0.02442321367561817,-0.032558608800172806,0.04158193990588188,2.9616329944883897,-7.397161359096738,10.827667023077122,22.747306183785074
254,-10.90454387664795,10.899999618530273,21.4013729095459,-0.01653449609875679,0.0080085638910532,0.02443990297615528,0.03057507984340191,2.9616329944883897,-10.953512985841266,10.923718045588485,21.473754932582175
255,-14.118204116821289,10.899999618530273,19.432039260864258,-0.024380002170801163,0.025131486356258392,0.036002907902002335,0.050221364945173264,2.9616329944883897,-14.190408735656032,10.974429857723504,19.538666660804356
256,-16.98422622680664,10.899999618530273,16.98422622680664,0.02035229280591011,-0.006156114395707846,-0.014921143651008606,0.0259760282933712,2.9616329944883897,-16.92395020491917,10.8817674670181,16.940035275454314
257,-19.432039260864258,10.899999618530273,14.118204116821289,0.041622307151556015,-0.02586793527007103,-0.031902771443128586,0.05847523733973503,2.9616329944883897,-19.308769262697478,10.823388287935142,14.023719816299698
258,-21.4013729095459,10.899999618530273,10.90454387664795,-0.018527749925851822,0.006089755333960056,0.004517280030995607,0.020019203424453735,2.9616329944883897,-21.456245305039932,10.91803523885569,10.917922402233089
259,-22.843732833862305,10.899999618530273,7.422379016876221,-0.05768359452486038,0.029291359707713127,0.019792824983596802,0.06765453517436981,2.9616329944883897,-23.014570470647822,10.986749875894064,7.480998100401775
260,-23.723604202270508,10.899999618530273,3.7574501037597656,0.007864728569984436,-0.002872257260605693,0.003870790358632803,0.00922425277531147,2.9616329944883897,-23.700311762644947,10.891493046658605,3.76891396420064
261,-24.019323348999023,10.899999618530273,0.0,0.06481869518756866,-0.031496889889240265,-9.764662411981817e-10,0.0720660611987114,2.9616329944883897,-23.827354162671835,10.806717390210531,-2.891934637936593e-09
262,-23.723604202270508,10.899999618530273,-3.7574501037597656,0.007864704355597496,-0.00287224561907351,-0.003870794316753745,0.009224229492247105,2.9616329944883897,-23.700311834359074,10.89149308113655,-3.768913975923142
263,-22.843732833862305,10.899999618530273,-7.422379016876221,-0.05768359825015068,0.029291361570358276,-0.019792824983596802,0.06765454262495041,2.9616329944883897,-23.014570481680764,10.986749881410535,-7.480998100401775
264,-21.4013729095459,10.899999618530273,-10.90454387664795,-0.01852773129940033,0.0060897450894117355,-0.004517269786447287,0.020019179210066795,2.9616329944883897,-21.456245249875217,10.918035208515098,-10.917922371892496
265,-19.432039260864258,10.899999618530273,-14.118204116821289,0.04162231460213661,-0.02586793713271618,0.031902775168418884,0.05847524479031563,2.9616329944883897,-19.308769240631594,10.82338828241867,-14.023719805266754
266,-16.98422622680664,10.899999618530273,-16.98422622680664,0.020352279767394066,-0.006156104616820812,0.014921130612492561,0.025976009666919708,2.9616329944883897,-16.923950243534467,10.881767495979574,-16.94003531406961
267,-14.118204116821289,10.899999618530273,-19.432039260864258,-0.02438000962138176,0.02513148821890354,-0.03600291535258293,0.05022137239575386,2.9616329944883897,-14.190408757721917,10.974429863239974,-19.53866668287024
268,-10.90454387664795,10.899999618530273,-21.4013729095459,-0.016534488648176193,0.008008554577827454,-0.024439889937639236,0.030575063079595566,2.9616329944883897,-10.953512963775381,10.923718018006129,-21.473754893966877
269,-7.422379016876221,10.899999618530273,-22.843732833862305,0.008514786139130592,-0.02442321740090847,0.0325586199760437,0.04158195108175278,2.9616329944883897,-7.397161345305559,10.82766701204418,-22.747306150686246
270,-3.7574501037597656,10.899999618530273,-23.723604202270508,0.00811438076198101,-0.013139794580638409,0.03170366212725639,0.0352649912238121,2.9616329944883897,-3.7334182859652407,10.861084369359455,-23.629709590468313
271,-0.0,10.899999618530273,-24.019323348999023,0.0025756750255823135,0.019071990624070168,-0.02092178724706173,0.028427032753825188,2.9616329944883897,0.007628204138844307,10.956483855233094,-24.081286004413588
272,3.7574501037597656,10.899999618530273,-23.723604202270508,0.003142583416774869,0.016748391091823578,-0.031642403453588486,0.03593920171260834,2.9616329944883897,3.7667572824948183,10.949602206192413,-23.81731738836357
273,7.422379016876221,10.899999618530273,-22.843732833862305,-0.004926156252622604,-0.010492832399904728,0.006834886036813259,0.013456678949296474,2.9616329944883897,7.407789549982448,10.868923699889079,-22.82349040986211
274,10.90454387664795,10.899999618530273,-21.4013729095459,-0.01119267474859953,-0.015775226056575775,0.023377468809485435,0.030342046171426773,2.9616329944883897,10.87139528181592,10.853279188545606,-21.3321374265921
275,14.118204116821289,10.899999618530273,-19.432039260864258,0.0009110730024985969,0.0031169394496828318,0.0021744610276073217,0.0039081512950360775,2.9616329944883897,14.120902380685877,10.909230849246276,-19.425599305339667
276,16.98422622680664,10.899999618530273,-16.98422622680664,0.012808210216462612,0.011934539303183556,-0.012633115984499454,0.021588865667581558,2.9616329944883897,17.02215944478406,10.9353453439046,-17.02164087992953
277,19.432039260864258,10.899999618530273,-14.118204116821289,0.00431482819840312,0.0015251727309077978,-0.004783320240676403,0.006619973108172417,2.9616329944883897,19.444818198422197,10.904516620412425,-14.132370555869281
278,21.4013729095459,10.899999618530273,-10.90454387664795,-0.00954138208180666,-0.007399971131235361,0.004253792576491833,0.012802042998373508,2.9616329944883897,21.3731148375594,10.878083619869745,-10.891945704201701
279,22.843732833862305,10.899999618530273,-7.422379016876221,-0.008164620026946068,-0.004191707354038954,0.0033653625287115574,0.009775331243872643,2.9616329944883897,22.81955222580304,10.887585319727313,-7.412412048172774
280,23.723604202270508,10.899999618530273,-3.7574501037597656,0.0035150262992829084,0.00254615000449121,0.00021040806313976645,0.004345407243818045,2.9616329944883897,23.734014420134958,10.907540380392492,-3.7568269522976645
281,22.380197525024414,12.75,0.0,0.023363973945379257,0.01780669204890728,-3.0961191943568167e-10,0.02937607280910015,2.9616329944883897,22.449393041143416,12.802736886694738,-9.169568760875959e-10
282,22.104658126831055,12.75,3.5010340213775635,0.005548052489757538,0.004468622151762247,-0.000792090140748769,0.007167766336351633,2.9616329944883897,22.121089422139875,12.763234418804561,3.498688141082113
283,21.284832000732422,12.75,6.915861129760742,-0.022081099450588226,-0.017566462978720665,-0.007807081565260887,0.029276372864842415,2.9616329944883897,21.21943588804498,12.697974583645761,6.892739419406404
284,19.940900802612305,12.75,10.160396575927734,-0.016254937276244164,-0.01422963012009859,-0.006330900359898806,0.02251189947128296,2.9616329944883897,19.89275964405164,12.70785705793695,10.14164677253704
285,18.105958938598633,12.75,13.154749870300293,0.017551003023982048,0.01633477583527565,0.014490480534732342,0.028014935553073883,2.9616329944883897,18.157938568240823,12.798377611071324,13.197665355557948
286,15.825188636779785,12.75,15.825188636779785,0.024599270895123482,0.026447957381606102,0.022049713879823685,0.042317945510149,2.9616329944883897,15.898042649103141,12.828329143218188,15.8904917969253
287,13.154749870300293,12.75,18.105958938598633,-0.008698593825101852,-0.012036816217005253,-0.016421345993876457,0.022140711545944214,2.9616329944883897,13.128987827822218,12.714351367943124,18.05732493848926
288,10.160396575927734,12.75,19.940900802612305,-0.025392763316631317,-0.041571445763111115,-0.04649980738759041,0.06734396517276764,2.9616329944883897,10.085192530267964,12.626880634599386,19.803185438815863
289,6.915861129760742,12.75,21.284832000732422,-0.0021833970677107573,0.0012056382838636637,0.006910618860274553,0.007346934173256159,2.9616329944883897,6.909394708964941,12.753570658120909,21.305298717561346
290,3.5010340213775635,12.75,22.104658126831055,0.012020288035273552,0.05677572637796402,0.07318839430809021,0.0934050977230072,2.9616329944883897,3.5366337030260837,12.918148864527023,22.32141529022752
291,0.0,12.75,22.380197525024414,0.005737992934882641,0.018051352351903915,0.018061960116028786,0.0261727012693882,2.9616329944883897,0.0169938291980897,12.803461480720534,22.433690422049178
292,-3.5010340213775635,12.75,22.104658126831055,0.015629172325134277,-0.06669533997774124,-0.08840721845626831,0.11184085160493851,2.9616329944883897,-3.4547461489429008,12.5524728805433,21.842828391700028
293,-6.915861129760742,12.75,21.284832000732422,0.009801425971090794,-0.0432375967502594,-0.05129712074995041,0.06780082732439041,2.9616329944883897,-6.886832903211724,12.621946106862048,21.132908755397114
294,-10.160396575927734,12.75,19.940900802612305,-0.04603093862533569,0.06767105311155319,0.08119918406009674,0.1152888834476471,2.9616329944883897,-10.296723322527798,12.950416823666952,20.181382985250224
295,-13.154749870300293,12.75,18.105958938598633,-0.047329045832157135,0.06961005181074142,0.0758674368262291,0.11332018673419952,2.9616329944883897,-13.294921134034462,12.956159426190737,18.330650442710457
296,-15.825188636779785,12.75,15.825188636779785,0.06271712481975555,-0.05931109935045242,-0.053247127681970596,0.10142238438129425,2.9616329944883897,-15.63944353059415,12.57434229122432,15.667490186575124
297,-18.105958938598633,12.75,13.154749870300293,0.09675184637308121,-0.09374736249446869,-0.07656735926866531,0.15495821833610535,2.9616329944883897,-17.819415478102442,12.472354718090118,12.927985452789367
298,-19.940900802612305,12.75,10.160396575927734,-0.05436856672167778,0.041462674736976624,0.01774180866777897,0.0706389844417572,2.9616329944883897,-20.10192054367827,12.87279722554077,10.212941301860129
299,-21.284832000732422,12.75,6.915861129760742,-0.13932663202285767,0.11177567392587662,0.04828449338674545,0.1850327104330063,2.9616329944883897,-21.69746635114226,13.081038523880052,7.058862078497084
300,-22.104658126831055,12.75,3.5010340213775635,0.021526381373405457,-0.01502766739577055,0.006894832476973534,0.027143225073814392,2.9616329944883897,-22.040904885503636,12.705493564410489,3.5214539847328385
301,-22.380197525024414,12.75,0.0,0.15617462992668152,-0.11860432475805283,-1.957195738810924e-09,0.19610583782196045,2.9616329944883897,-21.91766558813154,12.398737518507534,-5.796495476734513e-09
302,-22.104658126831055,12.75,-3.5010340213775635,0.02152632363140583,-0.015027623623609543,-0.006894842255860567,0.02714315615594387,2.9616329944883897,-22.040905056514248,12.705493694047565,-3.521454013694313
303,-21.284832000732422,12.75,-6.915861129760742,-0.13932664692401886,0.11177568137645721,-0.04828449338674545,0.18503272533416748,2.9616329944883897,-21.69746639527403,13.081038545945937,-7.058862078497084
304,-19.940900802612305,12.75,-10.160396575927734,-0.0543685220181942,0.04146263748407364,-0.01774178445339203,0.07063892483711243,2.9616329944883897,-20.101920411282958,12.872797115211343,-10.212941230146
305,-18.105958938598633,12.75,-13.154749870300293,0.096751868724823,-0.09374738484621048,0.07656737416982651,0.15495824813842773,2.9616329944883897,-17.81941541190479,12.472354651892463,-12.927985408657596
306,-15.825188636779785,12.75,-15.825188636779785,0.06271709501743317,-0.05931106582283974,0.05324709787964821,0.10142233222723007,2.9616329944883897,-15.639443618857692,12.574342390520805,-15.667490274838666
307,-13.154749870300293,12.75,-18.105958938598633,-0.047329068183898926,0.06961007416248322,-0.07586745917797089,0.1133202314376831,2.9616329944883897,-13.29492120023212,12.956159492388394,-18.33065050890811
308,-10.160396575927734,12.75,-19.940900802612305,-0.046030931174755096,0.0676710307598114,-0.08119916170835495,0.11528885364532471,2.9616329944883897,-10.296723300461913,12.950416757469297,-20.181382919052567
309,-6.915861129760742,12.75,-21.284832000732422,0.009801438078284264,-0.04323762282729149,0.051297154277563095,0.06780087202787399,2.9616329944883897,-6.886832867354661,12.621946029631449,-21.13290865610063
310,-3.5010340213775635,12.75,-22.104658126831055,0.015629172325134277,-0.06669532507658005,0.08840720355510712,0.11184082180261612,2.9616329944883897,-3.4547461489429008,12.552472924675072,-21.842828435831798
311,-0.0,12.75,-22.380197525024414,0.005737992934882641,0.018051376566290855,-0.018061991780996323,0.026172740384936333,2.9616329944883897,0.0169938291980897,12.803461552434662,-22.43369051582919
312,3.5010340213775635,12.75,-22.104658126831055,0.012020286172628403,0.05677572265267372,-0.07318839430809021,0.0934050902724266,2.9616329944883897,3.5366336975096124,12.918148853494081,-22.32141529022752
313,6.915861129760742,12.75,-21.284832000732422,-0.0021834049839526415,0.0012056195409968495,-0.006910596042871475,0.007346911821514368,2.9616329944883897,6.9093946855199375,12.753570602611417,-21.30529864998457
314,10.160396575927734,12.75,-19.940900802612305,-0.025392765179276466,-0.04157144948840141,0.046499814838171005,0.06734397262334824,2.9616329944883897,10.085192524751493,12.626880623566443,-19.803185416749976
315,13.154749870300293,12.75,-18.105958938598633,-0.008698583580553532,-0.012036803178489208,0.016421332955360413,0.022140689194202423,2.9616329944883897,13.12898785816281,12.714351406558423,-18.057324977104557
316,15.825188636779785,12.75,-15.825188636779785,0.02459927648305893,0.02644796296954155,-0.02204972133040428,0.0423179566860199,2.9616329944883897,15.898042665652556,12.828329159767602,-15.890491818991185
317,18.105958938598633,12.75,-13.154749870300293,0.01755099557340145,0.016334768384695053,-0.014490475878119469,0.028014924377202988,2.9616329944883897,18.15793854617494,12.798377589005439,-13.19766534176677
318,19.940900802612305,12.75,-10.160396575927734,-0.01625494472682476,-0.014229636639356613,0.006330904550850391,0.022511910647153854,2.9616329944883897,19.892759621985757,12.707857038629301,-10.14164676012498
319,21.284832000732422,12.75,-6.915861129760742,-0.022081095725297928,-0.017566459253430367,0.0078070806339383125,0.029276369139552116,2.9616329944883897,21.219435899077922,12.697974594678705,-6.892739422164639
320,22.104658126831055,12.75,-3.5010340213775635,0.005548061337321997,0.004468629136681557,0.0007920886273495853,0.0071677775122225285,2.9616329944883897,22.121089448343113,12.763234439491328,-3.498688145564246
321,20.741071701049805,14.600000381469727,0.0,0.018053492531180382,0.0133088743314147,-5.23717569311799e-10,0.022428881376981735,2.9616329944883897,20.794539520195897,14.639416382809143,-1.551059233067084e-09
322,20.485713958740234,14.600000381469727,3.2446179389953613,0.0028573055751621723,0.0019333809614181519,-0.0023968564346432686,0.004200842697173357,2.9616329944883897,20.49417624920697,14.605726346315977,3.23751932989547
323,19.725929260253906,14.600000381469727,6.4093427658081055,-0.01795102097094059,-0.013996145687997341,-0.006698418874293566,0.023727621883153915,2.9616329944883897,19.672764924261614,14.558548934604488,6.389504507459094
324,18.48042869567871,14.600000381469727,9.41624927520752,-0.009229890070855618,-0.006763330195099115,-0.001206557615660131,0.011506054550409317,2.9616329944883897,18.453093148709364,14.579969879611301,9.412675894363229
325,16.779878616333008,14.600000381469727,12.19129467010498,0.016201376914978027,0.015519130043685436,0.014344403520226479,0.02662874385714531,2.9616329944883897,16.82786114876055,14.645962349052862,12.233777528856738
326,14.666152000427246,14.600000381469727,14.666152000427246,0.015889715403318405,0.014371761120855808,0.011022484861314297,0.024094101041555405,2.9616329944883897,14.713211505838744,14.642564263394158,14.698796555273763
327,12.19129467010498,14.600000381469727,16.779878616333008,-0.010007938370108604,-0.016030490398406982,-0.02072617970407009,0.028048349544405937,2.9616329944883897,12.161654829621261,14.552523952187975,16.71849527867174
328,9.41624927520752,14.600000381469727,18.48042869567871,-0.018597854301333427,-0.025781800970435143,-0.02930661104619503,0.04323723912239075,2.9616329944883897,9.361169256282002,14.523644149058352,18.393633269447662
329,6.4093427658081055,14.600000381469727,19.725929260253906,-0.0009211728465743363,0.012249428778886795,0.01943129301071167,0.02298852428793907,2.9616329944883897,6.406614589912064,14.636278693904913,19.783477618760003
330,3.2446179389953613,14.600000381469727,20.485713958740234,0.010253148153424263,0.03967009484767914,0.05299649015069008,0.06698858737945557,2.9616329944883897,3.2749840008639204,14.717488643265098,20.642670112562598
331,0.0,14.600000381469727,20.741071701049805,0.009937128983438015,-0.000917008554097265,-0.00344292726367712,0.010556571185588837,2.9616329944883897,0.029430129067836895,14.597284538679684,20.730875014068076
332,-3.2446179389953613,14.600000381469727,20.485713958740234,0.012600481510162354,-0.05152200534939766,-0.07031641900539398,0.08807773888111115,2.9616329944883897,-3.2072999372084237,14.447411110484744,20.27746253215959
333,-6.4093427658081055,14.600000381469727,19.725929260253906,-0.004342461936175823,-0.018191879615187645,-0.02557811141014099,0.03168661147356033,2.9616329944883897,-6.422203544355594,14.546122710569627,19.65017628156493
334,-9.41624927520752,14.600000381469727,18.48042869567871,-0.04130130261182785,0.05590077489614487,0.0671919584274292,0.09667188674211502,2.9616329944883897,-9.538568575738058,14.765557960819617,18.679426616721678
335,-12.19129467010498,14.600000381469727,16.779878616333008,-0.023233676329255104,0.041216325014829636,0.05233961343765259,0.07055511325597763,2.9616329944883897,-12.260104292504966,14.722068009545204,16.934889342408727
336,-14.666152000427246,14.600000381469727,14.666152000427246,0.05773763358592987,-0.04991553723812103,-0.041533954441547394,0.0868922546505928,2.9616329944883897,-14.495154319775475,14.452168879447694,14.543143670561582
337,-16.779878616333008,14.600000381469727,12.19129467010498,0.06427318602800369,-0.0624844916164875,-0.058354005217552185,0.1069604828953743,2.9616329944883897,-16.589525027931582,14.414944249454503,12.01847152289213
338,-18.48042869567871,14.600000381469727,9.41624927520752,-0.0493767186999321,0.034228865057229996,0.007770773954689503,0.0605810210108757,2.9616329944883897,-18.626664414940002,14.70137371758711,9.439263455744438
339,-19.725929260253906,14.600000381469727,6.4093427658081055,-0.09942104667425156,0.07706961780786514,0.03766446188092232,0.13131214678287506,2.9616329944883897,-20.02037791243094,14.82825230444211,6.520891078834295
340,-20.485713958740234,14.600000381469727,3.2446179389953613,0.01916271261870861,-0.012120768427848816,0.014754832722246647,0.027052313089370728,2.9616329944883897,-20.428961036784766,14.564103113775257,3.2883163384137237
341,-20.741071701049805,14.600000381469727,0.0,0.11286847293376923,-0.08217410743236542,-3.3707105995262054e-09,0.1396133154630661,2.9616329944883897,-20.406796707571633,14.356630833605399,-9.98280772642855e-09
342,-20.485713958740234,14.600000381469727,-3.2446179389953613,0.019162669777870178,-0.012120737694203854,-0.014754840172827244,0.027052273973822594,2.9616329944883897,-20.428961163663608,14.564103204797034,-3.2883163604796093
343,-19.725929260253906,14.600000381469727,-6.4093427658081055,-0.09942106157541275,0.07706962525844574,-0.03766446188092232,0.13131217658519745,2.9616329944883897,-20.02037795656271,14.828252326507995,-6.520891078834295
344,-18.48042869567871,14.600000381469727,-9.41624927520752,-0.04937668517231941,0.03422883525490761,-0.007770754862576723,0.06058097630739212,2.9616329944883897,-18.626664315643517,14.701373629323568,-9.439263399200607
345,-16.779878616333008,14.600000381469727,-12.19129467010498,0.06427320092916489,-0.0624845065176487,0.05835401266813278,0.10696050524711609,2.9616329944883897,-16.589524983799812,14.414944205322733,-12.018471500826244
346,-14.666152000427246,14.600000381469727,-14.666152000427246,0.05773761868476868,-0.04991551488637924,0.0415339320898056,0.08689222484827042,2.9616329944883897,-14.495154363907245,14.452168945645349,-14.543143736759237
347,-12.19129467010498,14.600000381469727,-16.779878616333008,-0.023233696818351746,0.04121634364128113,-0.05233963578939438,0.07055515050888062,2.9616329944883897,-12.26010435318615,14.722068064709916,-16.934889408606384
348,-9.41624927520752,14.600000381469727,-18.48042869567871,-0.04130129888653755,0.05590076372027397,-0.067191943526268,0.09667186439037323,2.9616329944883897,-9.538568564705116,14.76555792772079,-18.679426572589907
349,-6.4093427658081055,14.600000381469727,-19.725929260253906,-0.0043424516916275024,-0.018191900104284286,0.02557813934981823,0.03168664127588272,2.9616329944883897,-6.422203514015002,14.546122649888442,-19.650176198817864
350,-3.2446179389953613,14.600000381469727,-20.485713958740234,0.012600484304130077,-0.05152200162410736,0.07031641155481339,0.08807772397994995,2.9616329944883897,-3.2072999289337165,14.447411121517685,-20.277462554225476
351,-0.0,14.600000381469727,-20.741071701049805,0.009937128983438015,-0.000916991091798991,0.003442903282120824,0.01055656187236309,2.9616329944883897,0.029430129067836895,14.597284590396603,-20.73087508509264
352,3.2446179389953613,14.600000381469727,-20.485713958740234,0.01025314535945654,0.03967009857296944,-0.052996497601270676,0.06698860228061676,2.9616329944883897,3.2749839925892132,14.71748865429804,-20.64267013462848
353,6.4093427658081055,14.600000381469727,-19.725929260253906,-0.0009211789583787322,0.012249416671693325,-0.019431278109550476,0.02298850379884243,2.9616329944883897,6.406614571811143,14.63627865804785,-19.783477574628233
354,9.41624927520752,14.600000381469727,-18.48042869567871,-0.018597856163978577,-0.02578180655837059,0.029306618496775627,0.04323725029826164,2.9616329944883897,9.361169250765531,14.52364413250894,-18.393633247381775
355,12.19129467010498,14.600000381469727,-16.779878616333008,-0.010007931850850582,-0.016030482947826385,0.020726172253489494,0.028048338368535042,2.9616329944883897,12.16165484892891,14.55252397425386,-16.718495300737622
356,14.666152000427246,14.600000381469727,-14.666152000427246,0.015889720991253853,0.014371766708791256,-0.011022492311894894,0.0240941122174263,2.9616329944883897,14.713211522388159,14.642564279943572,-14.698796577339648
357,16.779878616333008,14.600000381469727,-12.19129467010498,0.01620137318968773,0.015519126318395138,-0.01434440165758133,0.026628738269209862,2.9616329944883897,16.827861137727606,14.645962338019919,-12.233777523340267
358,18.48042869567871,14.600000381469727,-9.41624927520752,-0.009229897521436214,-0.006763335783034563,0.001206561573781073,0.011506063863635063,2.9616329944883897,18.45309312664348,14.579969863061887,-9.412675882640727
359,19.725929260253906,14.600000381469727,-6.4093427658081055,-0.01795101910829544,-0.013996143825352192,0.006698419339954853,0.023727620020508766,2.9616329944883897,19.672764929778086,14.558548940120959,-6.389504506079976
360,20.485713958740234,14.600000381469727,-3.2446179389953613,0.002857312560081482,0.0019333859672769904,0.0023968550376594067,0.004200848750770092,2.9616329944883897,20.49417626989374,14.605726361141494,-3.2375193340328234
361,19.724632263183594,16.399999618530273,0.0,0.004987314343452454,0.00567705137655139,-6.980756250829501e-11,0.007556600961834192,2.9616329944883897,19.739402857897048,16.416812961198474,-2.0674438038937718e-10
362,19.481788635253906,16.399999618530273,3.0856120586395264,0.0001260460849152878,0.00048637716099619865,-0.0003825757885351777,0.0006315176724456251,2.9616329944883897,19.482161937497818,16.401440089178045,3.084479009561308
363,18.759239196777344,16.399999618530273,6.0952467918396,-0.005564463324844837,-0.006243245210498571,-0.0017222316237166524,0.008538586087524891,2.9616329944883897,18.742759298597864,16.381509417522178,6.090146173838649
364,17.57477569580078,16.399999618530273,8.954795837402344,-0.0011067508021369576,-0.0020267339423298836,9.854329255176708e-05,0.002311332616955042,2.9616329944883897,17.571497906108497,16.39399717641562,8.95508768646895
365,15.957563400268555,16.399999618530273,11.59384822845459,0.006333787925541401,0.007615420967340469,0.004586049821227789,0.010915281251072884,2.9616329944883897,15.97632175556893,16.422553700534067,11.607430424919505
366,13.947421073913574,16.399999618530273,13.947421073913574,0.003169786650687456,0.005120949354022741,0.0019443443743512034,0.006328676361590624,2.9616329944883897,13.956808818643738,16.415165991100253,13.9531795083653
367,11.59384822845459,16.399999618530273,15.957563400268555,-0.005691431928426027,-0.008903047069907188,-0.00825943797826767,0.01341174729168415,2.9616329944883897,11.576992295869479,16.373632060576554,15.933101976236186
368,8.954795837402344,16.399999618530273,17.57477569580078,-0.005050106905400753,-0.010479157790541649,-0.007349228020757437,0.013759631663560867,2.9616329944883897,8.939839274165616,16.368964199063356,17.553009979610486
369,6.0952467918396,16.399999618530273,18.759239196777344,0.0026523852720856667,0.008479107171297073,0.010765833780169487,0.013958279974758625,2.9616329944883897,6.103102183575504,16.42511162209259,18.79112364531387
370,3.0856120586395264,16.399999618530273,19.481788635253906,0.004001370165497065,0.017971882596611977,0.016842003911733627,0.02495300956070423,2.9616329944883897,3.097462648544824,16.45322573900147,19.5316684697322
371,0.0,16.399999618530273,19.724632263183594,0.00174346670974046,-0.004054657183587551,-0.007907946594059467,0.009056243114173412,2.9616329944883897,0.005163508532359458,16.38799121203402,19.701211827631976
372,-3.0856120586395264,16.399999618530273,19.481788635253906,0.0033634670544415712,-0.02538207545876503,-0.02688305266201496,0.037124939262866974,2.9616329944883897,-3.0756507036352176,16.324827226383,19.402170899497513
373,-6.0952467918396,16.399999618530273,18.759239196777344,-0.001854010159149766,-0.005463221576064825,-0.002999712945893407,0.006502493750303984,2.9616329944883897,-6.100737689499054,16.3838195612544,18.75035514794279
374,-8.954795837402344,16.399999618530273,17.57477569580078,-0.015187274664640427,0.02890854701399803,0.029028482735157013,0.043692220002412796,2.9616329944883897,-8.9997749711455,16.485616125189647,17.660747408049158
375,-11.59384822845459,16.399999618530273,15.957563400268555,-0.007996609434485435,0.018060224130749702,0.015943219885230064,0.02538313902914524,2.9616329944883897,-11.617531250799798,16.453487374203757,16.004781366319037
376,-13.947421073913574,16.399999618530273,13.947421073913574,0.022194642573595047,-0.026019345968961716,-0.01959707774221897,0.039416417479515076,2.9616329944883897,-13.881688688166738,16.322939865013588,13.889381721876665
377,-15.957563400268555,16.399999618530273,11.59384822845459,0.024091050028800964,-0.02959524840116501,-0.020154621452093124,0.043156299740076065,2.9616329944883897,-15.886214551631387,16.312349354385304,11.534157636570647
378,-17.57477569580078,16.399999618530273,8.954795837402344,-0.01814112812280655,0.0174501184374094,0.006140581797808409,0.025909725576639175,2.9616329944883897,-17.628503059406526,16.451680465052235,8.972981987060088
379,-18.759239196777344,16.399999618530273,6.0952467918396,-0.036524735391139984,0.03685462847352028,0.012914360500872135,0.05347055941820145,2.9616329944883897,-18.8674120582267,16.509149502217063,6.1334943880017
380,-19.481788635253906,16.399999618530273,3.0856120586395264,0.006631647236645222,-0.006028531119227409,0.0019991786684840918,0.009182518348097801,2.9616329944883897,-19.46214812999005,16.38214532185927,3.0915328921459864
381,-19.724632263183594,16.399999618530273,0.0,0.04063697159290314,-0.039173614233732224,-5.716884743378614e-10,0.05644409358501434,2.9616329944883897,-19.604280467317963,16.283981750102292,-1.6931314481677395e-09
382,-19.481788635253906,16.399999618530273,-3.0856120586395264,0.006631632335484028,-0.006028516683727503,-0.001999181229621172,0.009182498790323734,2.9616329944883897,-19.462148174121822,16.382145364611922,-3.0915328997311344
383,-18.759239196777344,16.399999618530273,-6.0952467918396,-0.03652473911643028,0.036854635924100876,-0.01291436143219471,0.05347056686878204,2.9616329944883897,-18.867412069259643,16.509149524282947,-6.133494390759936
384,-17.57477569580078,16.399999618530273,-8.954795837402344,-0.018141116946935654,0.017450105398893356,-0.006140575278550386,0.025909708812832832,2.9616329944883897,-17.628503026307698,16.451680426436937,-8.972981967752439
385,-15.957563400268555,16.399999618530273,-11.59384822845459,0.02409105747938156,-0.029595257714390755,0.020154627040028572,0.04315631464123726,2.9616329944883897,-15.886214529565502,16.31234932680295,-11.534157620021233
386,-13.947421073913574,16.399999618530273,-13.947421073913574,0.02219463512301445,-0.02601933665573597,0.019597070291638374,0.03941640257835388,2.9616329944883897,-13.881688710232623,16.322939892595944,-13.88938174394255
387,-11.59384822845459,16.399999618530273,-15.957563400268555,-0.007996616885066032,0.01806023344397545,-0.01594323106110096,0.025383155792951584,2.9616329944883897,-11.617531272865685,16.453487401786113,-16.004781399417862
388,-8.954795837402344,16.399999618530273,-17.57477569580078,-0.015187273733317852,0.028908543288707733,-0.029028479009866714,0.0436922162771225,2.9616329944883897,-8.999774968387264,16.485616114156706,-17.660747397016216
389,-6.0952467918396,16.399999618530273,-18.759239196777344,-0.0018540066666901112,-0.005463231820613146,0.0029997241217643023,0.006502506323158741,2.9616329944883897,-6.100737679155671,16.383819530913808,-18.750355114843963
390,-3.0856120586395264,16.399999618530273,-19.481788635253906,0.0033634682185947895,-0.02538207545876503,0.02688305266201496,0.037124939262866974,2.9616329944883897,-3.075650700187423,16.324827226383,-19.402170899497513
391,-0.0,16.399999618530273,-19.724632263183594,0.0017434671754017472,-0.00405464880168438,0.007907938212156296,0.009056231938302517,2.9616329944883897,0.005163509911477291,16.38799123685814,-19.701211852456098
392,3.0856120586395264,16.399999618530273,-19.481788635253906,0.004001370165497065,0.017971884459257126,-0.016842007637023926,0.02495301142334938,2.9616329944883897,3.097462648544824,16.453225744517944,-19.53166848076514
393,6.0952467918396,16.399999618530273,-18.759239196777344,0.0026523834094405174,0.0084791025146842,-0.010765830054879189,0.013958273455500603,2.9616329944883897,6.103102178059032,16.42511160830141,-18.79112363428093
394,8.954795837402344,16.399999618530273,-17.57477569580078,-0.005050108302384615,-0.010479160584509373,0.007349231746047735,0.013759637251496315,2.9616329944883897,8.939839270028262,16.36896419078865,-17.553009968577545
395,11.59384822845459,16.399999618530273,-15.957563400268555,-0.005691430065780878,-0.008903044275939465,0.00825943611562252,0.013411743566393852,2.9616329944883897,11.57699230138595,16.37363206885126,-15.933101981752658
396,13.947421073913574,16.399999618530273,-13.947421073913574,0.0031697889789938927,0.0051209526136517525,-0.0019443468190729618,0.006328681018203497,2.9616329944883897,13.956808825539328,16.415166000754077,-13.953179515605669
397,15.957563400268555,16.399999618530273,-11.59384822845459,0.006333787459880114,0.0076154195703566074,-0.004586049821227789,0.010915279388427734,2.9616329944883897,15.976321754189813,16.422553696396715,-11.607430424919505
398,17.57477569580078,16.399999618530273,-8.954795837402344,-0.0011067531304433942,-0.0020267365034669638,-9.854215750237927e-05,0.0023113361094146967,2.9616329944883897,17.571497899212908,16.39399716883047,-8.955087683107351
399,18.759239196777344,16.399999618530273,-6.0952467918396,-0.005564463324844837,-0.006243244744837284,0.0017222317401319742,0.008538585156202316,2.9616329944883897,18.742759298597864,16.3815094189013,-6.09014617349387
400,19.481788635253906,16.399999618530273,-3.0856120586395264,0.0001260480348719284,0.00048637937288731337,0.00038257549749687314,0.0006315196515060961,2.9616329944883897,19.482161943272875,16.401440095728855,-3.084479010423257
401,18.708194732666016,18.200000762939453,0.0,-0.007053328678011894,-0.0015145764918997884,1.9296482467456855e-10,0.007214110344648361,2.9616329944883897,18.687305361732243,18.195515143228366,5.714909915318696e-10
402,18.47786521911621,18.200000762939453,2.9266059398651123,-0.0015348622109740973,-0.0004410746623761952,0.000777958775870502,0.0017763921059668064,2.9616329944883897,18.473319520550195,18.198694461666328,2.9289099682440822
403,17.79254913330078,18.200000762939453,5.781149864196777,0.006493783555924892,0.0013704568846151233,0.0025909971445798874,0.007124650292098522,2.9616329944883897,17.811781336939074,18.204059553266454,5.788823446828791
404,16.66912269592285,18.200000762939453,8.493342399597168,0.004269540775567293,0.001269303378649056,0.0011173285311087966,0.004592225421220064,2.9616329944883897,16.681767508755087,18.203759973705676,8.496651516640583
405,15.135247230529785,18.200000762939453,10.996399879455566,-0.004998654127120972,-0.0010194788919761777,-0.004783787298947573,0.0069936043582856655,2.9616329944883897,15.120443051538867,18.196981440615794,10.98223205715239
406,13.228691101074219,18.200000762939453,13.228691101074219,-0.006351899821311235,-0.0021214825101196766,-0.00515738595277071,0.008452570997178555,2.9616329944883897,13.209879104985738,18.193717710340252,13.213416816671183
407,10.996399879455566,18.200000762939453,15.135247230529785,0.0021884581074118614,0.0003279512166045606,0.005703924223780632,0.0061181411147117615,2.9616329944883897,11.002881289193533,18.200972034083133,15.152140160708996
408,8.493342399597168,18.200000762939453,16.66912269592285,0.006454651243984699,0.0029468440916389227,0.011628525331616402,0.013622371479868889,2.9616329944883897,8.512458707689268,18.208728233630865,16.703562120222212
409,5.781149864196777,18.200000762939453,17.79254913330078,0.0015307161957025528,0.0010356147540733218,-0.0027406257577240467,0.003305543912574649,2.9616329944883897,5.785683283787168,18.203067873764695,17.78443240563116
410,2.9266059398651123,18.200000762939453,18.47786521911621,-0.002352016745135188,-0.003043117467314005,-0.017586998641490936,0.018002640455961227,2.9616329944883897,2.9196401294691308,18.190988165842153,18.42577898366555
411,0.0,18.200000762939453,18.708194732666016,-0.0025694810319691896,-0.002580443397164345,-0.00456580612808466,0.005840163212269545,2.9616329944883897,-0.007609859802992029,18.192358436634002,18.694672490590644
412,-2.9266059398651123,18.200000762939453,18.47786521911621,-0.004418208729475737,0.002048254245892167,0.018404828384518623,0.019038215279579163,2.9616329944883897,-2.9396910526148643,18.206066940295187,18.5323735661177
413,-5.781149864196777,18.200000762939453,17.79254913330078,-0.0013762442395091057,0.0031871816609054804,0.011471115984022617,0.011984935961663723,2.9616329944883897,-5.785225794544982,18.20944002530582,17.826522368882667
414,-8.493342399597168,18.200000762939453,16.66912269592285,0.009770918637514114,-0.0009331054170615971,-0.014517256990075111,0.017524048686027527,2.9616329944883897,-8.464404524573844,18.197237247148948,16.626127908631577
415,-10.996399879455566,18.200000762939453,15.135247230529785,0.008214651606976986,-0.002801530994474888,-0.014504930935800076,0.016903316602110863,2.9616329944883897,-10.972071096218116,18.191703656311134,15.092288948487544
416,-13.228691101074219,18.200000762939453,13.228691101074219,-0.012749753892421722,0.0007720299181528389,0.009187121875584126,0.01573389582335949,2.9616329944883897,-13.266451192873621,18.202287232217788,13.255899984345335
417,-15.135247230529785,18.200000762939453,10.996399879455566,-0.016795970499515533,0.0026693535037338734,0.014374875463545322,0.02226807363331318,2.9616329944883897,-15.184990730935604,18.207906408350066,11.038972984920063
418,-16.66912269592285,18.200000762939453,8.493342399597168,0.012400858104228973,-0.0010937654878944159,-0.002651793183758855,0.01272829994559288,2.9616329944883897,-16.6323959054014,18.19676143098227,8.485488761409588
419,-17.79254913330078,18.200000762939453,5.781149864196777,0.0263985488563776,-0.0034291481133550406,-0.009890173561871052,0.02839820273220539,2.9616329944883897,-17.71436632000112,18.189844884743952,5.751858799854723
420,-18.47786521911621,18.200000762939453,2.9266059398651123,-0.0054882182739675045,0.0005959641421213746,-0.0032550690229982138,0.006408680696040392,2.9616329944883897,-18.494119307437348,18.20176579000629,2.9169656200472636
421,-18.708194732666016,18.200000762939453,0.0,-0.031116025522351265,0.003994982689619064,7.954756853223444e-10,0.03137143328785896,2.9616329944883897,-18.800348980510353,18.211832435485437,2.3559070359639186e-09
422,-18.47786521911621,18.200000762939453,-2.9266059398651123,-0.005488207098096609,0.0005959626869298518,0.0032550711184740067,0.00640867231413722,2.9616329944883897,-18.49411927433852,18.201765785696548,-2.9169656138412337
423,-17.79254913330078,18.200000762939453,-5.781149864196777,0.0263985525816679,-0.003429148579016328,0.009890173561871052,0.02839820645749569,2.9616329944883897,-17.714366308968177,18.189844883364835,-5.751858799854723
424,-16.66912269592285,18.200000762939453,-8.493342399597168,0.012400849722325802,-0.0010937643237411976,0.002651788294315338,0.012728290632367134,2.9616329944883897,-16.63239593022552,18.196761434430066,-8.485488775890326
425,-15.135247230529785,18.200000762939453,-10.996399879455566,-0.01679597608745098,0.002669353736564517,-0.014374877326190472,0.022268081083893776,2.9616329944883897,-15.184990747485019,18.207906409039623,-11.038972990436536
426,-13.228691101074219,18.200000762939453,-13.228691101074219,-0.01274974923580885,0.0007720289286226034,-0.009187116287648678,0.015733888372778893,2.9616329944883897,-13.266451179082443,18.202287229287162,-13.255899967795921
427,-10.996399879455566,18.200000762939453,-15.135247230529785,0.008214656263589859,-0.002801531460136175,0.014504935592412949,0.01690332219004631,2.9616329944883897,-10.972071082426938,18.191703654932017,-15.092288934696366
428,-8.493342399597168,18.200000762939453,-16.66912269592285,0.009770916774868965,-0.0009331042529083788,0.014517252333462238,0.01752404496073723,2.9616329944883897,-8.464404530090317,18.197237250596743,-16.626127922422757
429,-5.781149864196777,18.200000762939453,-17.79254913330078,-0.0013762470334768295,0.0031871821265667677,-0.01147112250328064,0.011984942480921745,2.9616329944883897,-5.7852258028196895,18.209440026684938,-17.826522388190316
430,-2.9266059398651123,18.200000762939453,-18.47786521911621,-0.004418209195137024,0.002048253081738949,-0.018404824659228325,0.019038211554288864,2.9616329944883897,-2.939691053993982,18.206066936847392,-18.532373555084757
431,-0.0,18.200000762939453,-18.708194732666016,-0.0025694805663079023,-0.0025804443284869194,0.0045658135786652565,0.00584016926586628,2.9616329944883897,-0.007609858423874196,18.192358433875764,-18.694672468524757
432,2.9266059398651123,18.200000762939453,-18.47786521911621,-0.0023520158138126135,-0.003043116768822074,0.017586998641490936,0.018002640455961227,2.9616329944883897,2.9196401322273666,18.190988167910827,-18.42577898366555
433,5.781149864196777,18.200000762939453,-17.79254913330078,0.001530718058347702,0.00103561591822654,0.0027406199369579554,0.0033055401872843504,2.9616329944883897,5.785683289303639,18.20306787721249,-17.784432422870132
434,8.493342399597168,18.200000762939453,-16.66912269592285,0.0064546517096459866,0.0029468440916389227,-0.011628527194261551,0.013622373342514038,2.9616329944883897,8.512458709068387,18.208728233630865,-16.70356212573868
435,10.996399879455566,18.200000762939453,-15.135247230529785,0.0021884555462747812,0.00032795025617815554,-0.005703920964151621,0.006118137389421463,2.9616329944883897,11.002881281608385,18.200972031238702,-15.152140151055171
436,13.228691101074219,18.200000762939453,-13.228691101074219,-0.006351901683956385,-0.0021214827429503202,0.0051573882810771465,0.008452573791146278,2.9616329944883897,13.209879099469267,18.193717709650695,-13.213416809775593
437,15.135247230529785,18.200000762939453,-10.996399879455566,-0.004998651798814535,-0.0010194781934842467,0.004783785901963711,0.006993601564317942,2.9616329944883897,15.120443058434457,18.196981442684468,-10.982232061289743
438,16.66912269592285,18.200000762939453,-8.493342399597168,0.00426954310387373,0.0012693038443103433,-0.0011173299280926585,0.004592227749526501,2.9616329944883897,16.681767515650673,18.203759975084793,-8.496651520777936
439,17.79254913330078,18.200000762939453,-5.781149864196777,0.006493782624602318,0.0013704565353691578,-0.0025909971445798874,0.007124649360775948,2.9616329944883897,17.81178133418084,18.204059552232113,-5.788823446828791
440,18.47786521911621,18.200000762939453,-2.9266059398651123,-0.0015348647721111774,-0.00044107521534897387,-0.0007779583102092147,0.0017763942014425993,2.9616329944883897,18.47331951296505,18.198694460028623,-2.9289099668649645
441,18.36937141418457,20.049999237060547,0.0,-0.006744221318513155,-0.0015853128861635923,7.541207935890526e-11,0.0069280401803553104,2.9616329944883897,18.34939750580553,20.0453041221103,2.2334290241231067e-10
442,18.143213272094727,20.049999237060547,2.873603105545044,-0.0008288883836939931,-0.00034539680927991867,0.000277670071227476,0.0009399231639690697,2.9616329944883897,18.14075840890883,20.048976298473992,2.8744254623895733
443,17.47031021118164,20.049999237060547,5.676447868347168,0.006771634332835674,0.0015319433296099305,0.0022447265218943357,0.0072966208681464195,2.9616329944883897,17.49036530684838,20.054536290971207,5.683095924478013
444,16.367229461669922,20.049999237060547,8.339520454406738,0.002576860599219799,0.0010256343521177769,0.0007830667891539633,0.0028818969149142504,2.9616329944883897,16.374861177042767,20.05303678959806,8.341839610846385
445,14.861132621765137,20.049999237060547,10.797245025634766,-0.006748750805854797,-0.001452169963158667,-0.0050406502559781075,0.008547665551304817,2.9616329944883897,14.841145298706937,20.04569844258405,10.782316469522984
446,12.989107131958008,20.049999237060547,12.989107131958008,-0.004826014395803213,-0.0018837777897715569,-0.0038798898458480835,0.006472447421401739,2.9616329944883897,12.974814248491521,20.044420178604074,12.977616322175564
447,10.797245025634766,20.049999237060547,14.861132621765137,0.005387184210121632,0.0011785731185227633,0.008091416209936142,0.009791925549507141,2.9616329944883897,10.813199888138849,20.053489738094783,14.885096426984623
448,8.339520454406738,20.049999237060547,16.367229461669922,0.006448899395763874,0.003040725365281105,0.010831980966031551,0.01296788826584816,2.9616329944883897,8.358619727635368,20.05900474962954,16.39930981389459
449,5.676447868347168,20.049999237060547,17.47031021118164,-0.0015717119676992297,-0.00018739521328825504,-0.008035765960812569,0.008190172724425793,2.9616329944883897,5.671793034325797,20.049444241213862,17.446511221576113
450,2.873603105545044,20.049999237060547,18.143213272094727,-0.0037882793694734573,-0.003891767468303442,-0.020120946690440178,0.020841050893068314,2.9616329944883897,2.8623836123720716,20.038473250119544,18.083622412495977
451,0.0,20.049999237060547,18.36937141418457,-0.0015439423732459545,-0.0014140699058771133,0.0016280676936730742,0.0026521605905145407,2.9616329944883897,-0.004572590674193927,20.04581128097079,18.374193153183413
452,-2.873603105545044,20.049999237060547,18.143213272094727,-0.004108409397304058,0.0038246619515120983,0.025721557438373566,0.026326898485422134,2.9616329944883897,-2.8857707063709657,20.06132648208891,18.21939108527384
453,-5.676447868347168,20.049999237060547,17.47031021118164,-0.0009046653867699206,0.002749968785792589,0.008340787142515182,0.008828899823129177,2.9616329944883897,-5.679127155205597,20.058143635350362,17.495012561582918
454,-8.339520454406738,20.049999237060547,16.367229461669922,0.01302383467555046,-0.003271734341979027,-0.024074383080005646,0.027566291391849518,2.9616329944883897,-8.300948635916866,20.04030956068414,16.295929974418225
455,-10.797245025634766,20.049999237060547,14.861132621765137,0.009654034860432148,-0.00353509490378201,-0.016091112047433853,0.019095055758953094,2.9616329944883897,-10.768653317462169,20.03952958335486,14.813476653407447
456,-12.989107131958008,20.049999237060547,12.989107131958008,-0.0184814240783453,0.002946708118543029,0.016722891479730606,0.025097833946347237,2.9616329944883897,-13.043842327293568,20.05872630504955,13.038634199127626
457,-14.861132621765137,20.049999237060547,10.797245025634766,-0.02250411920249462,0.004462819080799818,0.01818864233791828,0.0292776171118021,2.9616329944883897,-14.927781563707144,20.063216469298677,10.851113108907693
458,-16.367229461669922,20.049999237060547,8.339520454406738,0.017199356108903885,-0.002517665969207883,-0.0066056083887815475,0.018595444038510323,2.9616329944883897,-16.316291281133836,20.04254283445704,8.319957066653853
459,-17.47031021118164,20.049999237060547,5.676447868347168,0.03540126979351044,-0.0058135101571679115,-0.01252793986350298,0.0379999503493309,2.9616329944883897,-17.365464642514397,20.032781753565285,5.639344708294451
460,-18.143213272094727,20.049999237060547,2.873603105545044,-0.007218078710138798,0.00107260060030967,-0.0013886410742998123,0.007428287528455257,2.9616329944883897,-18.164590572159486,20.05317588638833,2.869490460321896
461,-18.36937141418457,20.049999237060547,0.0,-0.041142139583826065,0.006542601622641087,4.898413896725629e-10,0.04165910929441452,2.9616329944883897,-18.491219332239876,20.069376021895955,1.4507304217203066e-09
462,-18.143213272094727,20.049999237060547,-2.873603105545044,-0.007218063808977604,0.0010725982720032334,0.0013886436354368925,0.007428273092955351,2.9616329944883897,-18.164590528027716,20.05317587949274,-2.8694904527367475
463,-17.47031021118164,20.049999237060547,-5.676447868347168,0.035401277244091034,-0.005813511088490486,0.012527940794825554,0.0379999540746212,2.9616329944883897,-17.36546462044851,20.03278175080705,-5.639344705536216
464,-16.367229461669922,20.049999237060547,-8.339520454406738,0.01719934493303299,-0.0025176641065627337,0.0066056023351848125,0.018595432862639427,2.9616329944883897,-16.316291314232664,20.04254283997351,-8.319957084582386
465,-14.861132621765137,20.049999237060547,-10.797245025634766,-0.022504126653075218,0.004462820012122393,-0.01818864792585373,0.029277624562382698,2.9616329944883897,-14.92778158577303,20.06321647205691,-10.851113125457108
466,-12.989107131958008,20.049999237060547,-12.989107131958008,-0.01848141849040985,0.002946706721559167,-0.01672288402915001,0.02509782277047634,2.9616329944883897,-13.043842310744154,20.0587263009122,-13.038634177061741
467,-10.797245025634766,20.049999237060547,-14.861132621765137,0.00965404137969017,-0.0035350960679352283,0.01609111949801445,0.01909506507217884,2.9616329944883897,-10.768653298154518,20.039529579907065,-14.813476631341562
468,-8.339520454406738,20.049999237060547,-16.367229461669922,0.013023832812905312,-0.0032717331778258085,0.024074377492070198,0.02756628580391407,2.9616329944883897,-8.300948641433337,20.040309564131935,-16.29592999096764
469,-5.676447868347168,20.049999237060547,-17.47031021118164,-0.0009046687046065927,0.0027499699499458075,-0.008340796455740929,0.008828910067677498,2.9616329944883897,-5.679127165031812,20.058143638798157,-17.495012589165274
470,-2.873603105545044,20.049999237060547,-18.143213272094727,-0.004108409862965345,0.0038246610201895237,-0.025721555575728416,0.026326896622776985,2.9616329944883897,-2.885770707750084,20.061326479330674,-18.219391079757372
471,-0.0,20.049999237060547,-18.36937141418457,-0.0015439424896612763,-0.001414071419276297,-0.0016280586132779717,0.0026521559339016676,2.9616329944883897,-0.004572591018973385,20.045811276488656,-18.374193126290617
472,2.873603105545044,20.049999237060547,-18.143213272094727,-0.0037882791366428137,-0.0038917672354727983,0.020120948553085327,0.020841052755713463,2.9616329944883897,2.8623836130616307,20.0384732508091,-18.083622406979504
473,5.676447868347168,20.049999237060547,-17.47031021118164,-0.001571709755808115,-0.0001873938599601388,0.008035760372877121,0.008190167136490345,2.9616329944883897,5.671793040876607,20.049444245221924,-17.446511238125524
474,8.339520454406738,20.049999237060547,-16.367229461669922,0.006448900792747736,0.0030407255981117487,-0.010831983759999275,0.012967891991138458,2.9616329944883897,8.358619731772722,20.0590047503191,-16.399309822169297
475,10.797245025634766,20.049999237060547,-14.861132621765137,0.005387182347476482,0.0011785721872001886,-0.008091413415968418,0.009791921824216843,2.9616329944883897,10.813199882622378,20.053489735336544,-14.885096418709916
476,12.989107131958008,20.049999237060547,-12.989107131958008,-0.00482601672410965,-0.0018837782554328442,0.00387989217415452,0.006472451146692038,2.9616329944883897,12.974814241595931,20.044420177224957,-12.977616315279974
477,14.861132621765137,20.049999237060547,-10.797245025634766,-0.0067487494088709354,-0.001452169381082058,0.00504064979031682,0.008547663688659668,2.9616329944883897,14.841145302844291,20.04569844430795,-10.782316470902103
478,16.367229461669922,20.049999237060547,-8.339520454406738,0.0025768631603568792,0.001025634934194386,-0.0007830681279301643,0.0028818997088819742,2.9616329944883897,16.374861184627918,20.053036791321958,-8.341839614811349
479,17.47031021118164,20.049999237060547,-5.676447868347168,0.006771633867174387,0.0015319430967792869,-0.0022447265218943357,0.007296620402485132,2.9616329944883897,17.490365305469258,20.054536290281646,-5.683095924478013
480,18.143213272094727,20.049999237060547,-2.873603105545044,-0.0008288909448310733,-0.0003453973913565278,-0.0002776696637738496,0.0009399255504831672,2.9616329944883897,18.140758401323684,20.048976296750094,-2.8744254611828453
481,18.030548095703125,21.899999618530273,0.0,-0.0004265372408553958,-0.0003822541912086308,4.215290616560452e-11,0.0005727584939450026,2.9616329944883897,18.02928484893723,21.89886752190531,1.2484143771362743e-10
482,17.808561325073242,21.899999618530273,2.82059907913208,0.0004844718496315181,-8.665677160024643e-05,0.0003244576510041952,0.0005894872010685503,2.9616329944883897,17.80999615288801,21.899742972976306,2.821560003616608
483,17.148069381713867,21.899999618530273,5.571745872497559,0.0008757291361689568,0.00034596465411596,0.00013145861157681793,0.0009507231297902763,2.9616329944883897,17.15066297001778,21.90102423886483,5.5721352046590145
484,16.065336227416992,21.899999618530273,8.185696601867676,-0.0011281614424660802,0.00020739423052873462,-0.0010601625544950366,0.0015619556652382016,2.9616329944883897,16.061995027265876,21.900613844126273,8.182556789466762
485,14.587018966674805,21.899999618530273,10.598090171813965,-0.00211310014128685,-0.0003450828662607819,-0.0012808748288080096,0.0024949777871370316,2.9616329944883897,14.58076073957571,21.898977609727723,10.594296690659158
486,12.74952220916748,21.899999618530273,12.74952220916748,0.000528469739947468,-0.00036865516449324787,0.0017206683987751603,0.0018373585771769285,2.9616329944883897,12.751087342585897,21.898907797231523,12.754618197469867
487,10.598090171813965,21.899999618530273,14.587018966674805,0.0029831198044121265,0.0003718857769854367,0.004184987861663103,0.0051528075709939,2.9616329944883897,10.606925077853223,21.901101007717575,14.59941336480744
488,8.185696601867676,21.899999618530273,16.065336227416992,0.0014343834482133389,0.0007314697722904384,-8.016715582925826e-05,0.0016121199587360024,2.9616329944883897,8.189944719214653,21.90216596354236,16.065098801723213
489,5.571745872497559,21.899999618530273,17.148069381713867,-0.0014463318511843681,-0.00010764767648652196,-0.007102878298610449,0.0072494372725486755,2.9616329944883897,5.567462368366112,21.899680805619813,17.127033262988867
490,2.82059907913208,21.899999618530273,17.808561325073242,-0.002161548240110278,-0.0010021335911005735,-0.004915446043014526,0.005462432745844126,2.9616329944883897,2.8141973665449913,21.897031666621984,17.794003577889622
491,0.0,21.899999618530273,18.030548095703125,-0.0018566908547654748,-0.00043423360330052674,0.006237715482711792,0.006522649433463812,2.9616329944883897,-0.005498836896038281,21.898713577963424,18.049021919686954
492,-2.82059907913208,21.899999618530273,17.808561325073242,-0.0008692617411725223,0.0008231634856201708,0.00991208478808403,0.009984118863940239,2.9616329944883897,-2.823173513385583,21.902437526669143,17.8379172824258
493,-5.571745872497559,21.899999618530273,17.148069381713867,0.0030483733862638474,0.0007396084256470203,-0.0010693077929317951,0.0033140641171485186,2.9616329944883897,-5.56271770929728,21.90219006724667,17.144902484473057
494,-8.185696601867676,21.899999618530273,16.065336227416992,0.00595396151766181,-0.0004927641130052507,-0.010712082497775555,0.012265447527170181,2.9616329944883897,-8.168063152989054,21.898540232074698,16.0336109704519
495,-10.598090171813965,21.899999618530273,14.587018966674805,3.238921271986328e-05,-0.0006638910854235291,-0.004605498630553484,0.004653215873986483,2.9616329944883897,-10.597994246852908,21.898033416786937,14.573379169974487
496,-12.74952220916748,21.899999618530273,12.74952220916748,-0.009320774115622044,0.0005037473747506738,0.007002994883805513,0.011669298633933067,2.9616329944883897,-12.77712692132248,21.901491533376223,12.770262509875593
497,-14.587018966674805,21.899999618530273,10.598090171813965,-0.006053683813661337,0.0007183837005868554,0.0071631502360105515,0.009406055323779583,2.9616329944883897,-14.604947756395545,21.902127207400635,10.619304793897411
498,-16.065336227416992,21.899999618530273,8.185696601867676,0.008561534807085991,-0.0006706687854602933,-0.0013629801105707884,0.008695251308381557,2.9616329944883897,-16.039980103448865,21.89801334372688,8.181659955001377
499,-17.148069381713867,21.899999618530273,5.571745872497559,0.011974209919571877,-0.001200110069476068,-0.0052464669570326805,0.013128113932907581,2.9616329944883897,-17.112606166533133,21.896445332951494,5.556207762853117
500,-17.808561325073242,21.899999618530273,2.82059907913208,-0.0034850267693400383,0.00035486178239807487,-0.0027883874718099833,0.004477325361222029,2.9616329944883897,-17.818882695339994,21.901050588893508,2.8123408987941496
501,-18.030548095703125,21.899999618530273,0.0,-0.01446518674492836,0.00153250340372324,6.399389906874831e-10,0.014546140097081661,2.9616329944883897,-18.07338867003834,21.904538331174905,1.895264429279648e-09
502,-17.808561325073242,21.899999618530273,-2.82059907913208,-0.003485021647065878,0.0003548612294252962,0.0027883886359632015,0.004477322101593018,2.9616329944883897,-17.8188826801697,21.901050587255803,-2.812340895346355
503,-17.148069381713867,21.899999618530273,-5.571745872497559,0.0119742127135396,-0.0012001103023067117,0.005246466491371393,0.013128116726875305,2.9616329944883897,-17.112606158258426,21.896445332261937,-5.556207764232235
504,-16.065336227416992,21.899999618530273,-8.185696601867676,0.008561532013118267,-0.0006706684362143278,0.0013629775494337082,0.008695247583091259,2.9616329944883897,-16.039980111723573,21.898013344761218,-8.181659962586526
505,-14.587018966674805,21.899999618530273,-10.598090171813965,-0.006053687538951635,0.0007183839334174991,-0.007163151632994413,0.009406059049069881,2.9616329944883897,-14.604947767428486,21.902127208090192,-10.619304798034765
506,-12.74952220916748,21.899999618530273,-12.74952220916748,-0.009320773184299469,0.0005037471419200301,-0.007002992555499077,0.011669296771287918,2.9616329944883897,-12.777126918564244,21.901491532686663,-12.770262502980003
507,-10.598090171813965,21.899999618530273,-14.587018966674805,3.2392257708124816e-05,-0.0006638912600465119,0.004605502355843782,0.004653219599276781,2.9616329944883897,-10.59799423783477,21.89803341626977,-14.573379158941544
508,-8.185696601867676,21.899999618530273,-16.065336227416992,0.0059539624489843845,-0.0004927638219669461,0.010712082497775555,0.012265447527170181,2.9616329944883897,-8.168063150230818,21.898540232936647,-16.0336109704519
509,-5.571745872497559,21.899999618530273,-17.148069381713867,0.0030483719892799854,0.000739608658477664,0.0010693037183955312,0.0033140615560114384,2.9616329944883897,-5.562717713434632,21.902190067936232,-17.14490249654034
510,-2.82059907913208,21.899999618530273,-17.808561325073242,-0.0008692628471180797,0.0008231632527895272,-0.00991208665072918,0.009984121657907963,2.9616329944883897,-2.823173516660988,21.902437525979586,-17.83791728794227
511,-0.0,21.899999618530273,-18.030548095703125,-0.001856691320426762,-0.0004342339816503227,-0.006237712688744068,0.006522646639496088,2.9616329944883897,-0.005498838275156114,21.89871357684289,-18.049021911412247
512,2.82059907913208,21.899999618530273,-17.808561325073242,-0.002161548240110278,-0.0010021335911005735,0.00491544883698225,0.00546243553981185,2.9616329944883897,2.8141973665449913,21.897031666621984,-17.794003569614915
513,5.571745872497559,21.899999618530273,-17.148069381713867,-0.0014463310362771153,-0.00010764733451651409,0.007102877367287874,0.007249436341226101,2.9616329944883897,5.567462370779568,21.8996808066326,-17.1270332657471
514,8.185696601867676,21.899999618530273,-16.065336227416992,0.0014343843795359135,0.0007314698887057602,8.016492938622832e-05,0.0016121206572279334,2.9616329944883897,8.189944721972887,21.90216596388714,-16.06509880831712
515,10.598090171813965,21.899999618530273,-14.587018966674805,0.002983119571581483,0.0003718855732586235,-0.00418498832732439,0.0051528075709939,2.9616329944883897,10.606925077163664,21.90110100711421,-14.599413366186557
516,12.74952220916748,21.899999618530273,-12.74952220916748,0.0005284687504172325,-0.00036865531001240015,-0.0017206673510372639,0.0018373572966083884,2.9616329944883897,12.751087339655273,21.898907796800547,-12.754618194366852
517,14.587018966674805,21.899999618530273,-10.598090171813965,-0.0021131003741174936,-0.0003450827789492905,0.0012808754108846188,0.0024949784856289625,2.9616329944883897,14.580760738886152,21.898977609986307,-10.59429668893526
518,16.065336227416992,21.899999618530273,-8.185696601867676,-0.001128160860389471,0.00020739436149597168,0.001060162321664393,0.0015619549667462707,2.9616329944883897,16.061995028989774,21.90061384451415,-8.18255679015632
519,17.148069381713867,21.899999618530273,-5.571745872497559,0.0008757294854149222,0.00034596456680446863,-0.00013145884440746158,0.0009507234208285809,2.9616329944883897,17.150662971052117,21.901024238606244,-5.572135205348573
520,17.808561325073242,21.899999618530273,-2.82059907913208,0.00048447164590470493,-8.66569098434411e-05,-0.0003244576510041952,0.0005894870264455676,2.9616329944883897,17.809996152284647,21.89974297256688,-2.821560003616608
521,18.411544799804688,23.700000762939453,0.0,0.0014641628367826343,-0.0006873341626487672,-2.0433297415189955e-11,0.0016174674965441227,2.9616329944883897,18.415881112771405,23.697965131405113,-6.05159278110209e-11
522,18.18486785888672,23.700000762939453,2.880199909210205,0.00050610292237252,-5.942215648246929e-05,-2.1704969185520895e-05,0.0005100414273329079,2.9616329944883897,18.186366750000225,23.69982477632021,2.880135627057321
523,17.510419845581055,23.700000762939453,5.689479827880859,-0.0011914193164557219,0.0007066940888762474,-0.00047066574916243553,0.0014630183577537537,2.9616329944883897,17.50689129882317,23.70209373147008,5.688085888668764
524,16.40480613708496,23.700000762939453,8.35866641998291,-0.0013213253114372492,0.00013391851098276675,-0.0006029752548784018,0.001458565704524517,2.9616329944883897,16.400892856446156,23.700397380420153,8.356880628573203
525,14.895252227783203,23.700000762939453,10.822033882141113,0.0005161039880476892,-0.000935438962187618,0.0005504186847247183,0.0012018195120617747,2.9616329944883897,14.896780738382793,23.697230336044708,10.823664020278576
526,13.018927574157715,23.700000762939453,13.018927574157715,0.001706961658783257,-0.0004202465061098337,0.0016983748646453023,0.0024443408474326134,2.9616329944883897,13.023982968126694,23.69875614702114,13.023957537193859
527,10.822033882141113,23.700000762939453,14.895252227783203,0.0004455521411728114,0.0013007548404857516,0.00024093463434837759,0.0013958972413092852,2.9616329944883897,10.823353444063176,23.703853121392775,14.895965787745805
528,8.35866641998291,23.700000762939453,16.40480613708496,-0.001198250101879239,0.0012934365076944232,-0.002669839421287179,0.0031995035242289305,2.9616329944883897,8.355117642945535,23.703831447176917,16.39689905256489
529,5.689479827880859,23.700000762939453,17.510419845581055,-0.0009342515259049833,-0.0011133009102195501,-0.002218512585386634,0.0026521808467805386,2.9616329944883897,5.686712917736588,23.696703574230952,17.503849425509486
530,2.880199909210205,23.700000762939453,18.18486785888672,-2.938082252512686e-05,-0.0022931741550564766,0.0020051910541951656,0.0030463587027043104,2.9616329944883897,2.8801128939968095,23.69320922269973,18.190806498873076
531,0.0,23.700000762939453,18.411544799804688,-1.3144862350600306e-05,0.00014350420678965747,0.003803099039942026,0.003805828280746937,2.9616329944883897,-3.8930258045546074e-05,23.70042576973313,18.422808183402687
532,-2.880199909210205,23.700000762939453,18.18486785888672,0.00032778127933852375,0.0026282253675162792,0.00026572414208203554,0.002661882434040308,2.9616329944883897,-2.8792291413583406,23.70778460190484,18.18565483627334
533,-5.689479827880859,23.700000762939453,17.510419845581055,0.001284702681005001,0.0008826185949146748,-0.0030924719758331776,0.0034630708396434784,2.9616329944883897,-5.685675010032687,23.7026147552917,17.501261078542896
534,-8.35866641998291,23.700000762939453,16.40480613708496,0.0006941488245502114,-0.002444639801979065,-0.0017204992473125458,0.0030689125414937735,2.9616329944883897,-8.356610605921038,23.692760637042273,16.399710649747128
535,-10.822033882141113,23.700000762939453,14.895252227783203,-0.0011895562056452036,-0.0015486415941268206,0.001066955621354282,0.0022252481430768967,2.9616329944883897,-10.825556911048551,23.69541425489765,14.898412158755061
536,-13.018927574157715,23.700000762939453,13.018927574157715,-0.0012804694706574082,0.0023637867998331785,0.0011650220258161426,0.002929908921942115,2.9616329944883897,-13.022719854790449,23.707001431917774,13.022377941828678
537,-14.895252227783203,23.700000762939453,10.822033882141113,0.0003303034172859043,0.0023799724876880646,3.5993223264085827e-06,0.0024027861654758453,2.9616329944883897,-14.894273990284377,23.707049367984965,10.822044542012874
538,-16.40480613708496,23.700000762939453,8.35866641998291,0.0006001488654874265,-0.002141019329428673,-0.00011514421203173697,0.002226521959528327,2.9616329944883897,-16.403028716403327,23.69365984945158,8.358325405085433
539,-17.510419845581055,23.700000762939453,5.689479827880859,-0.0002912362979259342,-0.003631028812378645,5.945238081039861e-05,0.0036431748885661364,2.9616329944883897,-17.511282380610186,23.689246988204776,5.689655904013469
540,-18.18486785888672,23.700000762939453,2.880199909210205,-5.905264515604358e-06,0.0009390967315994203,-0.00011308360262773931,0.0009458992863073945,2.9616329944883897,-18.18488534811295,23.702782022804776,2.879864997081527
541,-18.411544799804688,23.700000762939453,0.0,0.0006211708532646298,0.0043165795505046844,1.8346118027534608e-11,0.004361045081168413,2.9616329944883897,-18.409705119710445,23.71278488735956,5.433446847112475e-11
542,-18.18486785888672,23.700000762939453,-2.880199909210205,-5.905458237975836e-06,0.0009390951599925756,0.00011308357352390885,0.0009458977147005498,2.9616329944883897,-18.184885348686684,23.702782018150252,-2.879864997167722
543,-17.510419845581055,23.700000762939453,-5.689479827880859,-0.0002912362106144428,-0.003631029510870576,-5.945241719018668e-05,0.0036431755870580673,2.9616329944883897,-17.5112823803516,23.689246986136098,-5.689655904121212
544,-16.40480613708496,23.700000762939453,-8.35866641998291,0.0006001489236950874,-0.0021410181652754545,0.00011514420475577936,0.0022265210282057524,2.9616329944883897,-16.40302871623094,23.693659852899373,-8.358325405106982
545,-14.895252227783203,23.700000762939453,-10.822033882141113,0.00033030303893610835,0.002379973419010639,-3.5995376492792275e-06,0.0024027873296290636,2.9616329944883897,-14.89427399140491,23.7070493707432,-10.82204454265058
546,-13.018927574157715,23.700000762939453,-13.018927574157715,-0.0012804697034880519,0.0023637861013412476,-0.0011650221422314644,0.0029299084562808275,2.9616329944883897,-13.022719855480007,23.707001429849097,-13.022377942173456
547,-10.822033882141113,23.700000762939453,-14.895252227783203,-0.0011895557399839163,-0.0015486425254493952,-0.001066954922862351,0.0022252481430768967,2.9616329944883897,-10.825556909669432,23.695414252139415,-14.898412156686383
548,-8.35866641998291,23.700000762939453,-16.40480613708496,0.0006941494066268206,-0.0024446393363177776,0.0017204999458044767,0.003068912774324417,2.9616329944883897,-8.35661060419714,23.69276063842139,-16.39971064767845
549,-5.689479827880859,23.700000762939453,-17.510419845581055,0.0012847025645896792,0.0008826195844449103,0.0030924715101718903,0.0034630708396434784,2.9616329944883897,-5.685675010377467,23.702614758222328,-17.501261079922013
550,-2.880199909210205,23.700000762939453,-18.18486785888672,0.0003277809883002192,0.0026282251346856356,-0.0002657255681697279,0.002661882434040308,2.9616329944883897,-2.879229142220289,23.70778460121528,-18.185654840496888
551,-0.0,23.700000762939453,-18.411544799804688,-1.3145008779247291e-05,0.00014350323181133717,-0.0038030995056033134,0.003805828746408224,2.9616329944883897,-3.893069171345833e-05,23.7004257668456,-18.422808184781804
552,2.880199909210205,23.700000762939453,-18.18486785888672,-2.938105899374932e-05,-0.0022931743878871202,-0.0020051896572113037,0.0030463580042123795,2.9616329944883897,2.8801128932964764,23.69320922201017,-18.19080649473572
553,5.689479827880859,23.700000762939453,-17.510419845581055,-0.0009342517587356269,-0.0011133002117276192,0.0022185135167092085,0.002652181312441826,2.9616329944883897,5.686712917047029,23.69670357629963,-17.50384942275125
554,8.35866641998291,23.700000762939453,-16.40480613708496,-0.0011982497526332736,0.0012934369733557105,0.0026698389556258917,0.003199503291398287,2.9616329944883897,8.355117643979874,23.703831448556034,-16.396899053944008
555,10.822033882141113,23.700000762939453,-14.895252227783203,0.0004455527232494205,0.001300754607655108,-0.0002409355074632913,0.0013958974741399288,2.9616329944883897,10.823353445787072,23.70385312070322,-14.89596579033165
556,13.018927574157715,23.700000762939453,-13.018927574157715,0.001706961658783257,-0.00042024694266729057,-0.0016983749810606241,0.002444341080263257,2.9616329944883897,13.023982968126694,23.69875614572822,-13.023957537538637
557,14.895252227783203,23.700000762939453,-10.822033882141113,0.0005161034059710801,-0.0009354388457722962,-0.0005504182772710919,0.0012018189299851656,2.9616329944883897,14.896780736658895,23.697230336389488,-10.823664019071849
558,16.40480613708496,23.700000762939453,-8.35866641998291,-0.0013213256606832147,0.00013391881657298654,0.0006029754877090454,0.0014585661701858044,2.9616329944883897,16.40089285541182,23.7003973813252,-8.356880627883644
559,17.510419845581055,23.700000762939453,-5.689479827880859,-0.0011914188507944345,0.0007066940888762474,0.00047066566185094416,0.0014630178920924664,2.9616329944883897,17.506891300202287,23.70209373147008,-5.688085888927349
560,18.18486785888672,23.700000762939453,-2.880199909210205,0.0005061034462414682,-5.94224184169434e-05,2.17048691411037e-05,0.000510042009409517,2.9616329944883897,18.18636675155173,23.699824775544457,-2.880135627353616
561,18.79254150390625,25.5,0.0,0.0012080768356099725,-0.0005681036273017526,-5.026494845350449e-11,0.001334987347945571,2.9616329944883897,18.79611938412247,25.498317485553095,-1.4886632980615706e-10
562,18.561174392700195,25.5,2.939800977706909,-5.0294361244596075e-06,6.147710519144312e-05,-0.0002702082274481654,0.0002771591825876385,2.9616329944883897,18.561159497356226,25.50018207262314,2.9390007201051165
563,17.87276840209961,25.5,5.807215213775635,-0.0012900172732770443,0.0006525322678498924,-0.0004209383041597903,0.0015056998236104846,2.9616329944883897,17.868947844379612,25.50193256109443,5.805968549005391
564,16.74427604675293,25.5,8.531635284423828,2.7616299121291377e-05,-0.0002385997213423252,0.0003833913360722363,0.000452417298220098,2.9616329944883897,16.744357836095592,25.499293355192798,8.53277074885454
565,15.203484535217285,25.5,11.045977592468262,0.0017756777815520763,-0.0011595168616622686,0.0013044128427281976,0.002489779843017459,2.9616329944883897,15.20874344112271,25.496565936604835,11.04984078458172
566,13.28833293914795,25.5,13.28833293914795,0.0006374291842803359,7.393641135422513e-05,-0.0001431699056411162,0.0006574802100658417,2.9616329944883897,13.290220770451764,25.50021897251536,13.287908922431585
567,11.045977592468262,25.5,15.203484535217285,-0.001777622033841908,0.00202246499247849,-0.002926813904196024,0.003977002110332251,2.9616329944883897,11.040712928401106,25.50598979905192,15.19481638658989
568,8.531635284423828,25.5,16.74427604675293,-0.0017225234769284725,0.0010788339423015714,-0.0018930573714897037,0.00277752336114645,2.9616329944883897,8.526533802060776,25.503195110199094,16.738669505581065
569,5.807215213775635,25.5,17.87276840209961,0.000244665308855474,-0.002221768954768777,0.003329506842419505,0.004010203760117292,2.9616329944883897,5.807939822626948,25.493419935757426,17.882629179419492
570,2.939800977706909,25.5,18.561174392700195,0.0011616835836321115,-0.002731953514739871,0.004843757022172213,0.00568111427128315,2.9616329944883897,2.9432414581373494,25.491908956331336,18.575519823314345
571,0.0,25.5,18.79254150390625,0.001131555181927979,0.0011714163701981306,-0.0012008842313662171,0.002023550448939204,2.9616329944883897,0.003351251161882215,25.503469305372263,18.788984925544074
572,-2.939800977706909,25.5,18.561174392700195,0.0010499372147023678,0.003695302875712514,-0.005964937619864941,0.007094935514032841,2.9616329944883897,-2.9366914490097056,25.510944130921338,18.54350843663514
573,-5.807215213775635,25.5,17.87276840209961,-0.0007221000269055367,0.0003558089956641197,-0.0014489592285826802,0.0016575618647038937,2.9616329944883897,-5.80935380904064,25.501053775661294,17.86847711664057
574,-8.531635284423828,25.5,16.74427604675293,-0.003125878283753991,-0.003815103555098176,0.005118871573358774,0.007108374033123255,2.9616329944883897,-8.540892988685748,25.48870106343383,16.759436265699136
575,-11.045977592468262,25.5,15.203484535217285,-0.0008614457328803837,-0.0016607950674369931,0.003023942932486534,0.003555918810889125,2.9616329944883897,-11.048528878573721,25.495081334531196,15.212440344379587
576,-13.28833293914795,25.5,13.28833293914795,0.004721568897366524,0.003721856512129307,-0.0036492994986474514,0.007032980676740408,2.9616329944883897,-13.274349384915759,25.511022773047074,13.277525053345984
577,-15.203484535217285,25.5,11.045977592468262,0.003571432316675782,0.0031326960306614637,-0.003946061711758375,0.006175784394145012,2.9616329944883897,-15.192907263430635,25.50927789592611,11.034290805904432
578,-16.74427604675293,25.5,8.531635284423828,-0.005269952118396759,-0.003195868106558919,0.0012432645307853818,0.006287422031164169,2.9616329944883897,-16.75988371082615,25.49053501156958,8.53531737767908
579,-17.87276840209961,25.5,5.807215213775635,-0.007618366740643978,-0.004945625551044941,0.003328081453219056,0.009673409163951874,2.9616329944883897,-17.895331208402812,25.48535287218964,5.817071769615834
580,-18.561174392700195,25.5,2.939800977706909,0.002524718875065446,0.00134984718170017,0.0014729073736816645,0.0032195881940424442,2.9616329944883897,-18.553697101977995,25.50399775195084,2.94416318878263
581,-18.79254150390625,25.5,0.0,0.00988368596881628,0.005873451475054026,-3.6754319032716865e-10,0.011497159488499165,2.9616329944883897,-18.76326965343384,25.517395007680047,-1.0885280393724687e-09
582,-18.561174392700195,25.5,-2.939800977706909,0.002524715382605791,0.0013498449698090553,-0.0014729081885889173,0.003219584934413433,2.9616329944883897,-18.553697112321377,25.50399774540003,-2.944163191196086
583,-17.87276840209961,25.5,-5.807215213775635,-0.007618368603289127,-0.0049456264823675156,-0.003328081453219056,0.009673411026597023,2.9616329944883897,-17.895331213919285,25.485352869431406,-5.817071769615834
584,-16.74427604675293,25.5,-8.531635284423828,-0.00526995025575161,-0.003195866709575057,-0.001243263017386198,0.006287419702857733,2.9616329944883897,-16.759883705309676,25.490535015706936,-8.535317373196946
585,-15.203484535217285,25.5,-11.045977592468262,0.003571434412151575,0.0031326974276453257,0.00394606264308095,0.0061757867224514484,2.9616329944883897,-15.192907257224606,25.509277900063463,-11.034290803146195
586,-13.28833293914795,25.5,-13.28833293914795,0.0047215684317052364,0.003721855580806732,0.0036492981016635895,0.007032979279756546,2.9616329944883897,-13.274349386294876,25.51102277028884,-13.277525057483338
587,-11.045977592468262,25.5,-15.203484535217285,-0.0008614472462795675,-0.001660796464420855,-0.0030239445623010397,0.003555921372026205,2.9616329944883897,-11.048528883055855,25.49508133039384,-15.2124403492065
588,-8.531635284423828,25.5,-16.74427604675293,-0.003125878283753991,-0.0038151030894368887,-0.0051188706420362,0.007108372636139393,2.9616329944883897,-8.540892988685748,25.48870106481295,-16.759436262940902
589,-5.807215213775635,25.5,-17.87276840209961,-0.0007220992119982839,0.0003558104217518121,0.0014489613240584731,0.001657563727349043,2.9616329944883897,-5.809353806627183,25.501053779884842,-17.86847711043454
590,-2.939800977706909,25.5,-18.561174392700195,0.0010499375639483333,0.0036953031085431576,0.005964937619864941,0.007094935979694128,2.9616329944883897,-2.936691447975367,25.5109441316109,-18.54350843663514
591,-0.0,25.5,-18.79254150390625,0.001131555181927979,0.0011714152060449123,0.0012008821358904243,0.002023548586294055,2.9616329944883897,0.003351251161882215,25.50346930192447,-18.788984931750104
592,2.939800977706909,25.5,-18.561174392700195,0.001161683350801468,-0.002731954213231802,-0.004843757953494787,0.005681115202605724,2.9616329944883897,2.9432414574477908,25.491908954262662,-18.575519826072583
593,5.807215213775635,25.5,-17.87276840209961,0.00024466466857120395,-0.002221768256276846,-0.003329505445435643,0.0040102023631334305,2.9616329944883897,5.8079398207306605,25.493419937826104,-17.88262917528214
594,8.531635284423828,25.5,-16.74427604675293,-0.0017225239425897598,0.0010788347572088242,0.0018930586520582438,0.002777524758130312,2.9616329944883897,8.526533800681658,25.503195112612552,-16.738669501788493
595,11.045977592468262,25.5,-15.203484535217285,-0.0017776215681806207,0.0020224647596478462,0.0029268136713653803,0.003977001644670963,2.9616329944883897,11.040712929780224,25.505989798362364,-15.19481638727945
596,13.28833293914795,25.5,-13.28833293914795,0.0006374299409799278,7.393581472570077e-05,0.00014316911983769387,0.000657480675727129,2.9616329944883897,13.29022077269283,25.500218970748367,-13.287908924758845
597,15.203484535217285,25.5,-11.045977592468262,0.0017756776651367545,-0.0011595169780775905,-0.0013044129591435194,0.002489779843017459,2.9616329944883897,15.20874344077793,25.496565936260055,-11.049840784926499
598,16.74427604675293,25.5,-8.531635284423828,2.7615735234576277e-05,-0.00023859941575210541,-0.00038339104503393173,0.00045241686166264117,2.9616329944883897,16.744357834425568,25.499293356097844,-8.532770747992592
599,17.87276840209961,25.5,-5.807215213775635,-0.0012900172732770443,0.0006525323260575533,0.0004209384205751121,0.0015056998236104846,2.9616329944883897,17.868947844379612,25.501932561266823,-5.805968548660612
600,18.561174392700195,25.5,-2.939800977706909,-5.028975010645809e-06,6.147688691271469e-05,0.00027020814013667405,0.0002771590370684862,2.9616329944883897,18.561159498721874,25.500182071976678,-2.939000720363701
601,19.98419761657715,27.299999237060547,0.0,0.0005312319262884557,-0.0001416401210008189,1.3576702696110887e-12,0.0005497902166098356,2.9616329944883897,19.985770930577768,27.29957975100485,4.020921066116148e-12
602,19.7381591796875,27.299999237060547,3.1262168884277344,-0.0002665201318450272,0.00019742058066185564,-2.7297068299958482e-05,0.0003327957238070667,2.9616329944883897,19.73736984487133,27.300583924366027,3.1261360445296043
603,19.006101608276367,27.299999237060547,6.175457000732422,-0.000701208075042814,0.0002477345406077802,-0.0001677630643825978,0.00076237105531618,2.9616329944883897,19.00402488730532,27.300732935849886,6.17496014810569
604,17.806049346923828,27.299999237060547,9.072635650634766,0.0008669800590723753,-0.0007184668793343008,0.00043491399264894426,0.0012070622760802507,2.9616329944883897,17.80861702367234,27.297871401845264,9.073923706265159
605,16.16755485534668,27.299999237060547,11.746416091918945,0.0016581168165430427,-0.0009683191892690957,0.0009710519225336611,0.0021517283748835325,2.9616329944883897,16.172465588819268,27.297131431000413,11.749291991332083
606,14.130961418151855,27.299999237060547,14.130961418151855,-0.000551532139070332,0.0009012660011649132,-0.0008204685873351991,0.0013377730501815677,2.9616329944883897,14.129327982371263,27.302668456186407,14.128531491312662
607,11.746416091918945,27.299999237060547,16.16755485534668,-0.0025094645097851753,0.0024151706602424383,-0.0031845204066485167,0.00471928296610713,2.9616329944883897,11.738983979028268,27.30715208617524,16.158123474638728
608,9.072635650634766,27.299999237060547,17.806049346923828,-0.0009530645911581814,0.00030321403755806386,-0.0009000208810903132,0.0013454770669341087,2.9616329944883897,9.069813023095714,27.30089724575857,17.803383815386663
609,6.175457000732422,27.299999237060547,19.006101608276367,0.001382503192871809,-0.0032891728915274143,0.004754731897264719,0.005944530945271254,2.9616329944883897,6.1795514678034165,27.290257914100422,19.02018337914325
610,3.1262168884277344,27.299999237060547,19.7381591796875,0.0011543005239218473,-0.002605544403195381,0.004635384306311607,0.005441328510642052,2.9616329944883897,3.1296355029449368,27.29228257078744,19.751887486791205
611,0.0,27.299999237060547,19.98419761657715,0.0004482383083086461,0.0024198314640671015,-0.003198564052581787,0.004035754594951868,2.9616329944883897,0.0013275173632805455,27.307165889765628,19.974724643744036
612,-3.1262168884277344,27.299999237060547,19.7381591796875,0.0009601244819350541,0.004380730912089348,-0.007072679232805967,0.00837469007819891,2.9616329944883897,-3.1233733520832194,27.312973354269765,19.71721249951219
613,-6.175457000732422,27.299999237060547,19.006101608276367,-0.0005207530921325088,-0.00044138668454252183,-2.8104233933845535e-05,0.0006832245853729546,2.9616329944883897,-6.176999280272064,27.298692011692278,19.006018373849862
614,-9.072635650634766,27.299999237060547,17.806049346923828,-0.0035502170212566853,-0.0049238502979278564,0.006876902189105749,0.009172793477773666,2.9616329944883897,-9.083150090502514,27.285416599558282,17.826416207346952
615,-11.746416091918945,27.299999237060547,16.16755485534668,-0.001219934318214655,-0.0015430011553689837,0.0025018344167619944,0.0031824938487261534,2.9616329944883897,-11.750029089646878,27.295429433928273,16.17496437070211
616,-14.130961418151855,27.299999237060547,14.130961418151855,0.005506065208464861,0.004792488180100918,-0.0052750809118151665,0.00900617428123951,2.9616329944883897,-14.11465447376066,27.314192828180428,14.115338564474827
617,-16.16755485534668,27.299999237060547,11.746416091918945,0.004458100534975529,0.0035834447480738163,-0.003908161073923111,0.006927442271262407,2.9616329944883897,-16.15435159770955,27.310612085260367,11.73484155313464
618,-17.806049346923828,27.299999237060547,9.072635650634766,-0.0059610893949866295,-0.003954071085900068,0.0025450102984905243,0.0075925188139081,2.9616329944883897,-17.823703905959114,27.288288729669993,9.080173037106087
619,-19.006101608276367,27.299999237060547,6.175457000732422,-0.008966420777142048,-0.005777058191597462,0.0033867715392261744,0.011191127821803093,2.9616329944883897,-19.032656855892416,27.28288971090923,6.185487375067789
620,-19.7381591796875,27.299999237060547,3.1262168884277344,0.002793635707348585,0.001626565819606185,0.0003596548340283334,0.003252609632909298,2.9616329944883897,-19.729885456002034,27.3048165280596,3.12728205405082
621,-19.98419761657715,27.299999237060547,0.0,0.011407572776079178,0.0068463850766420364,-1.6162908511585528e-10,0.013304349035024643,2.9616329944883897,-19.950412572656486,27.320275716996502,-4.786860313480893e-10
622,-19.7381591796875,27.299999237060547,-3.1262168884277344,0.002793631749227643,0.0016265633748844266,-0.0003596555907279253,0.003252604976296425,2.9616329944883897,-19.729885467724536,27.30481652081923,-3.1272820562918864
623,-19.006101608276367,27.299999237060547,-6.175457000732422,-0.008966422639787197,-0.005777059122920036,-0.003386771772056818,0.011191129684448242,2.9616329944883897,-19.03265686140889,27.282889708150996,-6.185487375757347
624,-17.806049346923828,27.299999237060547,-9.072635650634766,-0.005961087066680193,-0.003954069223254919,-0.0025450089015066624,0.007592515554279089,2.9616329944883897,-17.823703899063528,27.288288735186462,-9.080173032968734
625,-16.16755485534668,27.299999237060547,-11.746416091918945,0.004458102863281965,0.003583446377888322,0.003908162470906973,0.0069274455308914185,2.9616329944883897,-16.15435159081396,27.310612090087282,-11.734841548997286
626,-14.130961418151855,27.299999237060547,-14.130961418151855,0.005506064277142286,0.004792487248778343,0.0052750795148313046,0.00900617241859436,2.9616329944883897,-14.114654476518897,27.314192825422193,-14.11533856861218
627,-11.746416091918945,27.299999237060547,-16.16755485534668,-0.0012199360644444823,-0.001543003018014133,-0.002501836745068431,0.003182497341185808,2.9616329944883897,-11.75002909481857,27.2954294284118,-16.174964377597696
628,-9.072635650634766,27.299999237060547,-17.806049346923828,-0.0035502167884260416,-0.004923849832266569,-0.0068769012577831745,0.009172791615128517,2.9616329944883897,-9.083150089812955,27.2854166009374,-17.826416204588718
629,-6.175457000732422,27.299999237060547,-19.006101608276367,-0.000520752219017595,-0.0004413848801050335,2.810697151289787e-05,0.0006832228973507881,2.9616329944883897,-6.1769992776862175,27.29869201703636,-19.00601836574216
630,-3.1262168884277344,27.299999237060547,-19.7381591796875,0.0009601247729733586,0.004380731377750635,0.007072679698467255,0.008374691009521484,2.9616329944883897,-3.1233733512212707,27.312973355648882,-19.717212498133073
631,-0.0,27.299999237060547,-19.98419761657715,0.0004482384247239679,0.0024198300670832396,0.0031985617242753506,0.004035751800984144,2.9616329944883897,0.0013275177080600037,27.307165885628276,-19.974724650639626
632,3.1262168884277344,27.299999237060547,-19.7381591796875,0.001154300756752491,-0.0026055455673485994,-0.004635386168956757,0.005441330838948488,2.9616329944883897,3.1296355036344954,27.292282567339644,-19.751887492307677
633,6.175457000732422,27.299999237060547,-19.006101608276367,0.0013825027272105217,-0.003289172425866127,-0.004754730965942144,0.005944530013948679,2.9616329944883897,6.179551466424298,27.29025791547954,-19.020183376385017
634,9.072635650634766,27.299999237060547,-17.806049346923828,-0.0009530654642730951,0.0003032151726074517,0.0009000224526971579,0.001345478929579258,2.9616329944883897,9.069813020509867,27.30089724912017,-17.80338381073214
635,11.746416091918945,27.299999237060547,-16.16755485534668,-0.0025094645097851753,0.002415170893073082,0.0031845206394791603,0.00471928296610713,2.9616329944883897,11.738983979028268,27.3071520868648,-16.158123473949168
636,14.130961418151855,27.299999237060547,-14.130961418151855,-0.0005515313241630793,0.000901265419088304,0.0008204678306356072,0.0013377718860283494,2.9616329944883897,14.12932798478472,27.30266845446251,-14.128531493553728
637,16.16755485534668,27.299999237060547,-11.746416091918945,0.0016581171657890081,-0.0009683195385150611,-0.0009710522135719657,0.00215172884054482,2.9616329944883897,16.17246558985361,27.297131429966072,-11.749291992194031
638,17.806049346923828,27.299999237060547,-9.072635650634766,0.0008669796516187489,-0.0007184666465036571,-0.000434913847129792,0.0012070618104189634,2.9616329944883897,17.80861702246561,27.297871402534824,-9.073923705834185
639,19.006101608276367,27.299999237060547,-6.175457000732422,-0.0007012083078734577,0.00024773471523076296,0.00016776312259025872,0.0007623713463544846,2.9616329944883897,19.00402488661576,27.300732936367055,-6.1749601479333
640,19.7381591796875,27.299999237060547,-3.1262168884277344,-0.00026651989901438355,0.00019742052245419472,2.729704101511743e-05,0.0003327955200802535,2.9616329944883897,19.73736984556089,27.300583924193635,-3.126136044610412
641,21.175853729248047,29.100000381469727,0.0,-0.0005027517909184098,0.0004588677256833762,1.186294725646908e-11,0.0006806753808632493,2.9616329944883897,21.174364762956024,29.101359379266217,3.513369600663435e-11
642,20.915143966674805,29.100000381469727,3.3126330375671387,-0.0002703329373616725,0.00018095402629114687,3.088722223765217e-05,0.00032676945556886494,2.9616329944883897,20.914343339728017,29.100536300884475,3.3127245141836257
643,20.139434814453125,29.100000381469727,6.543698787689209,0.00046692052274011075,-0.00047881240607239306,0.00021769934392068535,0.0007033271831460297,2.9616329944883897,20.140817661679076,29.098582314849732,6.544343533249043
644,18.86782455444336,29.100000381469727,9.613636016845703,0.0010633431375026703,-0.000789567653555423,0.00044427081593312323,0.001396958134137094,2.9616329944883897,18.87097378656385,29.097661971855576,9.614951783952659
645,17.13162612915039,29.100000381469727,12.446854591369629,0.00031768836197443306,6.250260048545897e-05,-6.0844675317639485e-05,0.0003294458147138357,2.9616329944883897,17.13256700548518,29.100185491233567,12.44667439177167
646,14.973589897155762,29.100000381469727,14.973589897155762,-0.0012723469408228993,0.0014205361949279904,-0.0014180889120325446,0.0023765028454363346,2.9616329944883897,14.969821672475383,29.10420748833449,14.969390038244768
647,12.446854591369629,29.100000381469727,17.13162612915039,-0.00150566385127604,0.0012363389832898974,-0.0015877042897045612,0.0025132375303655863,2.9616329944883897,12.442395367629082,29.10366196379501,17.12692393174051
648,9.613636016845703,29.100000381469727,18.86782455444336,3.342114723636769e-05,-0.0009712624596431851,0.0010107045527547598,0.0014021381502971053,2.9616329944883897,9.613734998018073,29.097123858522938,18.870817890394477
649,6.543698787689209,29.100000381469727,20.139434814453125,0.0011340351775288582,-0.002465585945174098,0.003501016180962324,0.0044297026470303535,2.9616329944883897,6.547057383687889,29.092698220783753,20.1498035394889
650,3.3126330375671387,29.100000381469727,20.915143966674805,0.0007662621210329235,-0.0007218481623567641,0.0015425606397911906,0.0018675427418202162,2.9616329944883897,3.3149024247472165,29.09786253213508,20.91971246516161
651,0.0,29.100000381469727,21.175853729248047,0.0003811008355114609,0.002309194067493081,-0.003101404057815671,0.003885398618876934,2.9616329944883897,0.0011286808086778352,29.10683936681069,21.16666850866118
652,-3.3126330375671387,29.100000381469727,20.915143966674805,0.00029809901025146246,0.002293636789545417,-0.0037083192728459835,0.004370499402284622,2.9616329944883897,-3.311750177702754,29.106793291863017,20.904161285962246
653,-6.543698787689209,29.100000381469727,20.139434814453125,-0.0008668781374581158,-0.001014859415590763,0.0009343202109448612,0.0016292242798954248,2.9616329944883897,-6.546266162583305,29.096994740339746,20.142201928017275
654,-9.613636016845703,29.100000381469727,18.86782455444336,-0.001948749297298491,-0.0028334897942841053,0.0038613881915807724,0.005170745309442282,2.9616329944883897,-9.619407497062568,29.091608624605428,18.879260569116074
655,-12.446854591369629,29.100000381469727,17.13162612915039,1.934243664436508e-05,-0.0003410044009797275,0.0008696129661984742,0.0009342830744571984,2.9616329944883897,-12.446797306171069,29.09899045158452,17.13420160360352
656,-14.973589897155762,29.100000381469727,14.973589897155762,0.0031563304364681244,0.002740048337727785,-0.0029181549325585365,0.005097638349980116,2.9616329944883897,-14.96424200479361,29.108115399033235,14.964947393224467
657,-17.13162612915039,29.100000381469727,12.446854591369629,0.0017390633001923561,0.0015618298202753067,-0.001916497596539557,0.0030226835515350103,2.9616329944883897,-17.126475661901036,29.10462594819723,12.44117862885386
658,-18.86782455444336,29.100000381469727,9.613636016845703,-0.0035318334121257067,-0.002264971612021327,0.001318906550295651,0.0043981196358799934,2.9616329944883897,-18.87828454880775,29.093292366811983,9.617542134001706
659,-20.139434814453125,29.100000381469727,6.543698787689209,-0.004387722350656986,-0.00284281512722373,0.0018568368395790458,0.005548112094402313,2.9616329944883897,-20.152429637737484,29.09158100639171,6.549198056938688
660,-20.915143966674805,29.100000381469727,3.3126330375671387,0.0017044368432834744,0.0009456452680751681,0.00047041953075677156,0.002005154499784112,2.9616329944883897,-20.910096050282714,29.10280103569674,3.3140262475706797
661,-21.175853729248047,29.100000381469727,0.0,0.005904442630708218,0.0034871327225118876,-1.4844662998836355e-10,0.006857297848910093,2.9616329944883897,-21.158366937138876,29.11032798879688,-4.396444372941471e-10
662,-20.915143966674805,29.100000381469727,-3.3126330375671387,0.0017044347478076816,0.000945644045714289,-0.00047041993821039796,0.0020051521714776754,2.9616329944883897,-20.910096056488744,29.102801032076556,-3.3140262487774077
663,-20.139434814453125,29.100000381469727,-6.543698787689209,-0.004387723281979561,-0.002842815825715661,-0.0018568369559943676,0.005548113491386175,2.9616329944883897,-20.152429640495722,29.091581004323032,-6.549198057283467
664,-18.86782455444336,29.100000381469727,-9.613636016845703,-0.0035318322479724884,-0.0022649706806987524,-0.0013189057353883982,0.0043981182388961315,2.9616329944883897,-18.878284545359953,29.09329236957022,-9.61754213158825
665,-17.13162612915039,29.100000381469727,-12.446854591369629,0.0017390645807608962,0.0015618307515978813,0.0019164984114468098,0.0030226854141801596,2.9616329944883897,-17.126475658108465,29.104625950955466,-12.441178626440404
666,-14.973589897155762,29.100000381469727,-14.973589897155762,0.0031563302036374807,0.002740047872066498,0.0029181544668972492,0.005097637418657541,2.9616329944883897,-14.964242005483168,29.108115397654117,-14.964947394603586
667,-12.446854591369629,29.100000381469727,-17.13162612915039,1.934144711412955e-05,-0.0003410054778214544,-0.0008696143049746752,0.000934284704271704,2.9616329944883897,-12.446797309101694,29.09899044839531,-17.13420160756848
668,-9.613636016845703,29.100000381469727,-18.86782455444336,-0.0019487495301291347,-0.002833490027114749,-0.0038613881915807724,0.005170745309442282,2.9616329944883897,-9.619407497752126,29.09160862391587,-18.879260569116074
669,-6.543698787689209,29.100000381469727,-20.139434814453125,-0.0008668776717968285,-0.0010148583678528666,-0.0009343186393380165,0.0016292224172502756,2.9616329944883897,-6.546266161204188,29.09699474344276,-20.142201923362755
670,-3.3126330375671387,29.100000381469727,-20.915143966674805,0.0002980993303935975,0.002293637255206704,0.003708320204168558,0.004370500333607197,2.9616329944883897,-3.31175017675461,29.106793293242134,-20.90416128320401
671,-0.0,29.100000381469727,-21.175853729248047,0.0003811009810306132,0.002309193601831794,0.0031014031264930964,0.0038853976875543594,2.9616329944883897,0.001128681239652158,29.106839365431572,-21.166668511419417
672,3.3126330375671387,29.100000381469727,-20.915143966674805,0.0007662622956559062,-0.0007218490936793387,-0.0015425620367750525,0.0018675442552194,2.9616329944883897,3.3149024252643855,29.097862529376844,-20.919712469298965
673,6.543698787689209,29.100000381469727,-20.139434814453125,0.0011340349446982145,-0.002465585945174098,-0.0035010159481316805,0.004429702181369066,2.9616329944883897,6.54705738299833,29.092698220783753,-20.149803538799343
674,9.613636016845703,29.100000381469727,-18.86782455444336,3.3420550607843325e-05,-0.0009712617029435933,-0.0010107035050168633,0.0014021368697285652,2.9616329944883897,9.613734996251077,29.097123860764007,-18.870817887291462
675,12.446854591369629,29.100000381469727,-17.13162612915039,-0.0015056642005220056,0.0012363394489511847,0.0015877048717811704,0.0025132382288575172,2.9616329944883897,12.442395366594743,29.10366196517413,-17.126923930016613
676,14.973589897155762,29.100000381469727,-14.973589897155762,-0.001272346475161612,0.0014205359620973468,0.001418088679201901,0.0023765023797750473,2.9616329944883897,14.969821673854502,29.10420748764493,-14.969390038934327
677,17.13162612915039,29.100000381469727,-12.446854591369629,0.0003176888858433813,6.250216392800212e-05,6.084431515773758e-05,0.0003294461639598012,2.9616329944883897,17.132567007036688,29.100185489940642,-12.44667439283833
678,18.86782455444336,29.100000381469727,-9.613636016845703,0.0010633432539179921,-0.0007895677699707448,-0.00044427093234844506,0.0013969583669677377,2.9616329944883897,18.87097378690863,29.097661971510796,-9.614951784297439
679,20.139434814453125,29.100000381469727,-6.543698787689209,0.00046692026080563664,-0.0004788122314494103,-0.00021769930026493967,0.0007033268339000642,2.9616329944883897,20.140817660903323,29.0985823153669,-6.544343533119751
680,20.915143966674805,29.100000381469727,-3.3126330375671387,-0.0002703331410884857,0.00018095420091412961,-3.088718221988529e-05,0.00032676971750333905,2.9616329944883897,20.914343339124652,29.100536301401647,-3.312724514065108
681,22.665884017944336,30.950000762939453,0.0,-0.0007375773275271058,0.0005805110558867455,9.868994510497942e-12,0.0009386231540702283,2.9616329944883897,22.663699584595147,30.951720023636234,2.9228339764715496e-11
682,22.386829376220703,30.950000762939453,3.545725107192993,-0.00010478514741407707,4.0049599192570895e-05,5.052510095993057e-05,0.00012303123367018998,2.9616329944883897,22.386519041070787,30.95011937515384,3.545874743999046
683,21.556535720825195,30.950000762939453,7.004143238067627,0.0009006981272250414,-0.0007563726976513863,0.00029234084649942815,0.0012119488092139363,2.9616329944883897,21.55920325811686,30.947760664601958,7.0050090443642565
684,20.195449829101562,30.950000762939453,10.290096282958984,0.000748197257053107,-0.00045491609489545226,0.00022904007346369326,0.0009051006636582315,2.9616329944883897,20.197665714784435,30.948653468423085,10.290774615597615
685,18.337085723876953,30.950000762939453,13.322671890258789,-0.0005875357310287654,0.00082295952597633,-0.0005907536251470447,0.0011710894759744406,2.9616329944883897,18.335345658670498,30.952438067024712,13.32092229483094
686,16.02720069885254,30.950000762939453,16.02720069885254,-0.001366885844618082,0.0013139620423316956,-0.0012589190155267715,0.002275906503200531,2.9616329944883897,16.023152484635418,30.95389223627753,16.023472242758768
687,13.322671890258789,30.950000762939453,18.337085723876953,-0.0005240634782239795,-1.6314708773279563e-05,-0.00027329521253705025,0.0005912689375691116,2.9616329944883897,13.321119806570474,30.949952444759656,18.336276323758266
688,10.290096282958984,30.950000762939453,20.195449829101562,0.0007168821757659316,-0.0016430193791165948,0.0017564434092491865,0.0025096863973885775,2.9616329944883897,10.292219424863893,30.94513474253568,20.200651769855348
689,7.004143238067627,30.950000762939453,21.556535720825195,0.0008227233192883432,-0.0012876009568572044,0.002022205153480172,0.002534581581130624,2.9616329944883897,7.006579842595366,30.94618736146189,21.562524750329366
690,3.545725107192993,30.950000762939453,22.386829376220703,0.0002418268850306049,0.0007453187718056142,-0.0003959575551562011,0.0008779308991506696,2.9616329944883897,3.546441309674654,30.952208123605445,22.385656695260934
691,0.0,30.950000762939453,22.665884017944336,8.532689389539883e-05,0.0017622767481952906,-0.0024419226683676243,0.003012621309608221,2.9616329944883897,0.00025270694427782315,30.955219979902328,22.65865193919971
692,-3.545725107192993,30.950000762939453,22.386829376220703,8.605209700363048e-07,0.0005027996958233416,-0.0013173423940315843,0.0014100351836532354,2.9616329944883897,-3.545722558645696,30.951489871108222,22.3829278915215
693,-7.004143238067627,30.950000762939453,21.556535720825195,-0.0006131931440904737,-0.0011189165525138378,0.0012336453655734658,0.001774784759618342,2.9616329944883897,-7.005959291115159,30.94668694275945,21.560189325643375
694,-10.290096282958984,30.950000762939453,20.195449829101562,-0.000797936343587935,-0.0009830091148614883,0.001667369157075882,0.0020935924258083105,2.9616329944883897,-10.292459477561655,30.947089450710997,20.20038796461115
695,-13.322671890258789,30.950000762939453,18.337085723876953,0.00027487511397339404,0.00029527023434638977,-8.680047903908417e-05,0.0004126440908294171,2.9616329944883897,-13.321857811051881,30.950875245007783,18.336828652714292
696,-16.02720069885254,30.950000762939453,16.02720069885254,0.001208543311804533,0.0007704811287112534,-0.0011764517985284328,0.001854253700003028,2.9616329944883897,-16.02362143710503,30.952282645271875,16.02371648038959
697,-18.337085723876953,30.950000762939453,13.322671890258789,0.00034370916546322405,0.00010930473217740655,-0.0004344455082900822,0.00056464719818905,2.9616329944883897,-18.33606778347201,30.950324483440724,13.32138522210713
698,-20.195449829101562,30.950000762939453,10.290096282958984,-0.0012801432749256492,-0.0004698295670095831,0.0005608247593045235,0.0014744596555829048,2.9616329944883897,-20.199241143662256,30.94860930019201,10.291757240070266
699,-21.556535720825195,30.950000762939453,7.004143238067627,-0.0012258532224223018,-0.00029628697666339576,0.0005369025166146457,0.0013706809841096401,2.9616329944883897,-21.560166248175122,30.94912326965353,7.005733346275656
700,-22.386829376220703,30.950000762939453,3.545725107192993,0.0006328683812171221,0.0001781331520760432,9.0019813796971e-05,0.0006635942845605314,2.9616329944883897,-22.384955052341724,30.950528327960054,3.545991712843692
701,-22.665884017944336,30.950000762939453,0.0,0.0017828547861427069,0.00039061930146999657,-3.9854584910070656e-11,0.0018251450965180993,2.9616329944883897,-22.660603856385315,30.95115763395097,-1.1803465365130436e-10
702,-22.386829376220703,30.950000762939453,-3.545725107192993,0.000632867740932852,0.0001781330065568909,-9.001994476420805e-05,0.0006635936442762613,2.9616329944883897,-22.38495505423801,30.950528327529078,-3.545991713231569
703,-21.556535720825195,30.950000762939453,-7.004143238067627,-0.0012258535716682673,-0.00029628712218254805,-0.0005369025748223066,0.0013706813333556056,2.9616329944883897,-21.56016624920946,30.949123269222554,-7.0057333464480465
704,-20.195449829101562,30.950000762939453,-10.290096282958984,-0.0012801430420950055,-0.00046982947969809175,-0.0005608245846815407,0.0014744593063369393,2.9616329944883897,-20.199241142972696,30.948609300450595,-10.291757239553098
705,-18.337085723876953,30.950000762939453,-13.322671890258789,0.0003437096602283418,0.0001093049650080502,0.00043444582843221724,0.0005646477220579982,2.9616329944883897,-18.336067782006698,30.95032448413028,-13.321385221158986
706,-16.02720069885254,30.950000762939453,-16.02720069885254,0.001208543311804533,0.0007704811287112534,0.001176451682113111,0.001854253700003028,2.9616329944883897,-16.02362143710503,30.952282645271875,-16.02371648073437
707,-13.322671890258789,30.950000762939453,-18.337085723876953,0.0002748747356235981,0.0002952698851004243,8.679992606630549e-05,0.000412643508752808,2.9616329944883897,-13.321857812172414,30.950875243973446,-18.336828654351997
708,-10.290096282958984,30.950000762939453,-20.195449829101562,-0.0007979365182109177,-0.000983009347692132,-0.0016673693899065256,0.002093592658638954,2.9616329944883897,-10.292459478078825,30.947089450021437,-20.20038796530071
709,-7.004143238067627,30.950000762939453,-21.556535720825195,-0.0006131930276751518,-0.0011189162032678723,-0.0012336447834968567,0.001774784061126411,2.9616329944883897,-7.00595929077038,30.946686943793786,-21.560189323919477
710,-3.545725107192993,30.950000762939453,-22.386829376220703,8.607012773609313e-07,0.0005028002778999507,0.0013173430925235152,0.00141003611497581,2.9616329944883897,-3.5457225581116916,30.95148987283212,-22.382927889452823
711,-0.0,30.950000762939453,-22.665884017944336,8.532700303476304e-05,0.0017622767481952906,0.0024419224355369806,0.0030126208439469337,2.9616329944883897,0.0002527072675085652,30.955219979902328,-22.658651939889268
712,3.545725107192993,30.950000762939453,-22.386829376220703,0.0002418270451016724,0.0007453181315213442,0.00039595659472979605,0.000877929967828095,2.9616329944883897,3.546441310148726,30.95220812170916,-22.385656698105365
713,7.004143238067627,30.950000762939453,-21.556535720825195,0.0008227233774960041,-0.0012876014225184917,-0.0020222056191414595,0.002534582046791911,2.9616329944883897,7.006579842767756,30.94618736008277,-21.562524751708484
714,10.290096282958984,30.950000762939453,-20.195449829101562,0.0007168818265199661,-0.0016430191462859511,-0.0017564429435878992,0.00250968593172729,2.9616329944883897,10.292219423829556,30.945134743225235,-20.200651768476227
715,13.322671890258789,30.950000762939453,-18.337085723876953,-0.0005240638856776059,-1.6314093954861164e-05,0.0002732958528213203,0.0005912695778533816,2.9616329944883897,13.321119805363747,30.94995244658052,-18.33627632186198
716,16.02720069885254,30.950000762939453,-16.02720069885254,-0.001366885844618082,0.0013139621587470174,0.0012589191319420934,0.002275906503200531,2.9616329944883897,16.023152484635418,30.95389223662231,-16.023472242413987
717,18.337085723876953,30.950000762939453,-13.322671890258789,-0.000587535323575139,0.0008229591767303646,0.0005907533341087401,0.0011710888938978314,2.9616329944883897,18.335345659877227,30.952438065990375,-13.320922295692888
718,20.195449829101562,30.950000762939453,-10.290096282958984,0.0007481975480914116,-0.0004549164150375873,-0.00022904027719050646,0.0009051010711118579,2.9616329944883897,20.197665715646384,30.948653467474944,-10.290774616200979
719,21.556535720825195,30.950000762939453,-7.004143238067627,0.0009006980108097196,-0.0007563726394437253,-0.00029234084649942815,0.0012119486927986145,2.9616329944883897,21.55920325777208,30.94776066477435,-7.0050090443642565
720,22.386829376220703,30.950000762939453,-3.545725107192993,-0.00010478544572833925,4.004984293715097e-05,-5.0525057304184884e-05,0.00012303153926040977,2.9616329944883897,22.38651904018729,30.95011937587572,-3.5458747438697538
721,24.155914306640625,32.79999923706055,0.0,-0.00039182111504487693,0.0002628084912430495,4.156763475093861e-12,0.0004717966658063233,2.9616329944883897,24.154753876298372,32.80077757935944,1.2310807858122196e-11
722,23.8585147857666,32.79999923706055,3.7788169384002686,0.00014348792319651693,-0.00015926802007015795,6.027024573995732e-05,0.00022268272005021572,2.9616329944883897,23.85893974433425,32.79952754363734,3.778995436748638
723,22.9736385345459,32.79999923706055,7.464588165283203,0.0007449793629348278,-0.000565794762223959,0.00018917703710030764,0.0009544139029458165,2.9616329944883897,22.97584489000738,32.79832356062464,7.465148438238079
724,21.5230770111084,32.79999923706055,10.966554641723633,0.00012613501166924834,0.00011931188782909885,-9.598419273970649e-05,0.0001983893453143537,2.9616329944883897,21.52345057672072,32.80035259508418,10.966270371771465
725,19.542545318603516,32.79999923706055,14.198490142822266,-0.000991687411442399,0.0011143255978822708,-0.0007719132700003684,0.0016795879928395152,2.9616329944883897,19.53960830444557,32.803299460517835,14.19620401901295
726,17.080810546875,32.79999923706055,17.080810546875,-0.0009302662801928818,0.0006969503592699766,-0.0006700227968394756,0.0013416652800515294,2.9616329944883897,17.078055439565922,32.80206334824008,17.078826185252822
727,14.198490142822266,32.79999923706055,19.542545318603516,0.00023686923668719828,-0.0009580025216564536,0.0007128233555704355,0.0012173713184893131,2.9616329944883897,14.199191662569017,32.79716198518361,19.544656439772616
728,10.966554641723633,32.79999923706055,21.5230770111084,0.0008774725720286369,-0.0015833196230232716,0.0016848923405632377,0.0024729983415454626,2.9616329944883897,10.969153393444712,32.79531002542418,21.52806704385637
729,7.464588165283203,32.79999923706055,22.9736385345459,0.0004482364747673273,-0.0001251821668120101,0.0005663108895532787,0.0007330037769861519,2.9616329944883897,7.465915677216207,32.799628493425,22.975315739561537
730,3.7788169384002686,32.79999923706055,23.8585147857666,-3.4819411666831e-05,0.001431066426448524,-0.001337672583758831,0.0019592170137912035,2.9616329944883897,3.778713816081827,32.80423753060642,23.85455309050672
731,0.0,32.79999923706055,24.155914306640625,-8.30449498607777e-05,0.0009516343707218766,-0.001416825340129435,0.0017087709857150912,2.9616329944883897,-0.00024594866353331327,32.80281762881157,24.15171818996587
732,-3.7788169384002686,32.79999923706055,23.8585147857666,-0.0001976070343516767,-0.0005778703489340842,0.00015748820442240685,0.0006307021831162274,2.9616329944883897,-3.7794021779131475,32.798287797168605,23.85898120802906
733,-7.464588165283203,32.79999923706055,22.9736385345459,-0.0003337141824886203,-0.0007711987709626555,0.0009026093175634742,0.0012332138139754534,2.9616329944883897,-7.4655765042167905,32.797715229335154,22.97631173208193
734,-10.966554641723633,32.79999923706055,21.5230770111084,-3.662517337943427e-05,0.00023575604427605867,0.00018407039169687778,0.0003013373934663832,2.9616329944883897,-10.966663112045541,32.800697459939926,21.523622160053755
735,-14.198490142822266,32.79999923706055,19.542545318603516,0.00020149264310020953,0.0003189370036125183,-0.00028308070614002645,0.00047165111755020916,2.9616329944883897,-14.197893395562314,32.80094381141361,19.541706937444108
736,-17.080810546875,32.79999923706055,17.080810546875,-0.00016488274559378624,-0.0006447966443374753,0.00013850993127562106,0.0006798044196330011,2.9616329944883897,-17.08129886905457,32.79808958604394,17.08122076245753
737,-19.542545318603516,32.79999923706055,14.198490142822266,-0.00029350511613301933,-0.0005391300073824823,0.0003070700913667679,0.0006863661110401154,2.9616329944883897,-19.543414573039506,32.79840253184236,14.199399571736478
738,-21.5230770111084,32.79999923706055,10.966554641723633,0.00043337634997442365,0.0009234442841261625,-0.00012155543663538992,0.0010272974614053965,2.9616329944883897,-21.52179350941128,32.80273414012099,10.966194639131833
739,-22.9736385345459,32.79999923706055,7.464588165283203,0.0007565151900053024,0.001272948575206101,-0.0003057201101910323,0.0015120112802833319,2.9616329944883897,-22.971398014198346,32.80376924356116,7.463682734517783
740,-23.8585147857666,32.79999923706055,3.7788169384002686,-0.00021663354709744453,-0.0004412847338244319,-0.00010128370195161551,0.0005019170348532498,2.9616329944883897,-23.8591563748274,32.79869231363289,3.7785169732467647
741,-24.155914306640625,32.79999923706055,0.0,-0.0009809795301407576,-0.0016597664216533303,2.5716323168167854e-11,0.0019279900006949902,2.9616329944883897,-24.158819607984007,32.79508361806303,7.616231119177211e-11
742,-23.8585147857666,32.79999923706055,-3.7788169384002686,-0.00021663319785147905,-0.00044128415174782276,0.00010128376743523404,0.0005019163363613188,2.9616329944883897,-23.85915637379306,32.79869231535679,-3.778516973052826
743,-22.9736385345459,32.79999923706055,-7.464588165283203,0.0007565153646282852,0.0012729488080367446,0.0003057201101910323,0.0015120115131139755,2.9616329944883897,-22.971398013681178,32.803769244250724,-7.463682734517783
744,-21.5230770111084,32.79999923706055,-10.966554641723633,0.0004333761753514409,0.000923443934880197,0.00012155530566815287,0.0010272969957441092,2.9616329944883897,-21.521793509928454,32.802734139086645,-10.966194639519712
745,-19.542545318603516,32.79999923706055,-14.198490142822266,-0.0002935052616521716,-0.0005391302984207869,-0.00030707017867825925,0.0006863664602860808,2.9616329944883897,-19.543414573470482,32.79840253098042,-14.199399571995063
746,-17.080810546875,32.79999923706055,-17.080810546875,-0.0001648826728342101,-0.0006447965279221535,-0.00013850982941221446,0.0006798042450100183,2.9616329944883897,-17.081298868839085,32.79808958638872,-17.081220762155848
747,-14.198490142822266,32.79999923706055,-19.542545318603516,0.00020149264310020953,0.0003189371491316706,0.000283080677036196,0.00047165120486170053,2.9616329944883897,-14.197893395562314,32.80094381184458,-19.541706937530304
748,-10.966554641723633,32.79999923706055,-21.5230770111084,-3.66252897947561e-05,0.00023575584054924548,-0.00018407059542369097,0.00030133736436255276,2.9616329944883897,-10.966663112390322,32.80069745933656,-21.52362216065712
749,-7.464588165283203,32.79999923706055,-22.9736385345459,-0.0003337141824886203,-0.0007711988873779774,-0.0009026092593558133,0.0012332138139754534,2.9616329944883897,-7.4655765042167905,32.79771522899038,-22.976311731909536
750,-3.7788169384002686,32.79999923706055,-23.8585147857666,-0.00019760696159210056,-0.0005778699996881187,-0.00015748772420920432,0.0006307016592472792,2.9616329944883897,-3.7794021776976603,32.79828779820294,-23.858981206606845
751,-0.0,32.79999923706055,-24.155914306640625,-8.304487710120156e-05,0.000951634778175503,0.0014168255729600787,0.0017087714513763785,2.9616329944883897,-0.0002459484480461519,32.802817630018296,-24.151718189276313
752,3.7788169384002686,32.79999923706055,-23.8585147857666,-3.481927342363633e-05,0.0014310661936178803,0.0013376722345128655,0.001959216548129916,2.9616329944883897,3.778713816491253,32.80423752991686,-23.854553091541057
753,7.464588165283203,32.79999923706055,-22.9736385345459,0.00044823664939031005,-0.00012518279254436493,-0.0005663115880452096,0.0007330045336857438,2.9616329944883897,7.465915677733377,32.7996284915718,-22.975315741630215
754,10.966554641723633,32.79999923706055,-21.5230770111084,0.0008774724556133151,-0.0015833197394385934,-0.0016848923405632377,0.0024729985743761063,2.9616329944883897,10.969153393099932,32.7953100250794,-21.52806704385637
755,14.198490142822266,32.79999923706055,-19.542545318603516,0.0002368688292335719,-0.0009580020559951663,-0.0007128228899091482,0.0012173706199973822,2.9616329944883897,14.19919166136229,32.79716198656272,-19.544656438393496
756,17.080810546875,32.79999923706055,-17.080810546875,-0.0009302665130235255,0.000696950766723603,0.0006700231460854411,0.0013416658621281385,2.9616329944883897,17.078055438876362,32.80206334944681,-17.07882618421848
757,19.542545318603516,32.79999923706055,-14.198490142822266,-0.0009916871786117554,0.0011143255978822708,0.0007719132117927074,0.0016795877600088716,2.9616329944883897,19.53960830513513,32.803299460517835,-14.19620401918534
758,21.5230770111084,32.79999923706055,-10.966554641723633,0.00012613539001904428,0.00011931156768696383,9.598401811672375e-05,0.00019838931621052325,2.9616329944883897,21.523450577841253,32.80035259413603,-10.966270372288635
759,22.9736385345459,32.79999923706055,-7.464588165283203,0.0007449794211424887,-0.0005657948786392808,-0.00018917709530796856,0.0009544140775687993,2.9616329944883897,22.97584489017977,32.798323560279854,-7.465148438410469
760,23.8585147857666,32.79999923706055,-3.7788169384002686,0.00014348773402161896,-0.00015926787455100566,-6.027022755006328e-05,0.00022268247266765684,2.9616329944883897,23.858939743773984,32.79952754406831,-3.7789954366947662
761,25.777957916259766,34.650001525878906,0.0,2.7426718588685617e-05,-0.00012264006363693625,-8.251272928805342e-12,0.0001256694522453472,2.9616329944883897,25.778039144134468,34.64963831101999,-2.443724215247875e-11
762,25.460586547851562,34.650001525878906,4.0325608253479,0.0003751701151486486,-0.0003547915839590132,2.8812210075557232e-05,0.0005171651719138026,2.9616329944883897,25.461697664043133,34.64895076341769,4.032646156539904
763,24.516294479370117,34.650001525878906,7.965826988220215,0.00048126655747182667,-0.00028633305919356644,4.971172893419862e-05,0.0005622057942673564,2.9616329944883897,24.51771981428587,34.649153512443384,7.965974216116839
764,22.96832847595215,34.650001525878906,11.702946662902832,-0.0005000712699256837,0.0007155613275244832,-0.00035988897434435785,0.0009442559676244855,2.9616329944883897,22.96684744837954,34.65212075591608,11.70188080384206
765,20.85480499267578,34.650001525878906,15.15190315246582,-0.001260601682588458,0.0012989393435418606,-0.0008175913244485855,0.0019861559849232435,2.9616329944883897,20.851071553139718,34.653848507496576,15.149481747023327
766,18.227767944335938,34.650001525878906,18.227767944335938,-0.0004088942368980497,-6.715637937304564e-06,-7.875083974795416e-05,0.0004164628335274756,2.9616329944883897,18.226556949672684,34.64998163662401,18.227534713250595
767,15.15190315246582,34.650001525878906,20.85480499267578,0.0009352487395517528,-0.0018349395832046866,0.0014879829250276089,0.0025408240035176277,2.9616329944883897,15.15467301599093,34.64456710826639,20.859211852001778
768,11.702946662902832,34.650001525878906,22.96832847595215,0.0009366929298266768,-0.0014026716817170382,0.0014642036985605955,0.0022335562389343977,2.9616329944883897,11.70572080358951,34.6458473271459,22.97266490993646
769,7.965826988220215,34.650001525878906,24.516294479370117,3.026378726644907e-05,0.0010435450822114944,-0.0007305765757337213,0.0012742229737341404,2.9616329944883897,7.965916618451121,34.65309212342562,24.514130779678425
770,4.0325608253479,34.650001525878906,25.460586547851562,-0.0002967358159366995,0.0020236712880432606,-0.0020360900089144707,0.002885993802919984,2.9616329944883897,4.031682002764776,34.65599489753557,25.454556396501413
771,0.0,34.650001525878906,25.777957916259766,-0.00017932963964994997,0.00010146694694412872,-0.00043511943658813834,0.0004814390849787742,2.9616329944883897,-0.0005311085776770052,34.65030203373683,25.776669252179822
772,-4.0325608253479,34.650001525878906,25.460586547851562,-0.0003139933105558157,-0.001606105943210423,0.0013937809271737933,0.00214960309676826,2.9616329944883897,-4.033490758296491,34.64524482952485,25.464714415432567
773,-7.965826988220215,34.650001525878906,24.516294479370117,-9.67234664130956e-05,-0.0003912118263542652,0.000534669728949666,0.0006695325719192624,2.9616329944883897,-7.966113447629685,34.64884290002614,24.51787797488053
774,-11.702946662902832,34.650001525878906,22.96832847595215,0.0005702362977899611,0.0014124586014077067,-0.0010926955146715045,0.0018746178830042481,2.9616329944883897,-11.701257832268642,34.65418470987618,22.965092312862968
775,-15.15190315246582,34.650001525878906,20.85480499267578,0.00011780707427533343,0.00031160598155111074,-0.00037796536344103515,0.0005038200179114938,2.9616329944883897,-15.151554251147662,34.65092438843515,20.85368559798464
776,-18.227767944335938,34.650001525878906,18.227767944335938,-0.0013098674826323986,-0.0020168025512248278,0.0013018054887652397,0.0027345826383680105,2.9616329944883897,-18.23164729109091,34.64402849689983,18.231623414423872
777,-20.85480499267578,34.650001525878906,15.15190315246582,-0.0007985167903825641,-0.0011395931942388415,0.0008867678698152304,0.0016500481870025396,2.9616329944883897,-20.85716990634883,34.646626469074555,15.154529433447518
778,-22.96832847595215,34.650001525878906,11.702946662902832,0.0019067330285906792,0.002288869582116604,-0.0007718252600170672,0.0030773801263421774,2.9616329944883897,-22.962681432502993,34.656780317553384,11.700660799746785
779,-24.516294479370117,34.650001525878906,7.965826988220215,0.0024337819777429104,0.0027846565935760736,-0.0010121563682332635,0.0038343274500221014,2.9616329944883897,-24.509086510363442,34.65824865672476,7.962829352524474
780,-25.460586547851562,34.650001525878906,4.0325608253479,-0.0009596793097443879,-0.001053528394550085,-0.00020650168880820274,0.0014399824431166053,2.9616329944883897,-25.463428765759428,34.646881361424974,4.0319492431329085
781,-25.777957916259766,34.650001525878906,0.0,-0.0033548506908118725,-0.0036538627464324236,7.148208414076151e-11,0.004960416816174984,2.9616329944883897,-25.787893752757256,34.63918012541174,2.1170369890607455e-10
782,-25.460586547851562,34.650001525878906,-4.0325608253479,-0.0009596781455911696,-0.001053527113981545,0.00020650190708693117,0.0014399806968867779,2.9616329944883897,-25.463428762311636,34.64688136521755,-4.031949242486447
783,-24.516294479370117,34.650001525878906,-7.965826988220215,0.0024337824434041977,0.0027846572920680046,0.0010121564846485853,0.003834328381344676,2.9616329944883897,-24.509086508984325,34.65824865879344,-7.9628293521796945
784,-22.96832847595215,34.650001525878906,-11.702946662902832,0.00190673244651407,0.002288868883624673,0.0007718248525634408,0.0030773791950196028,2.9616329944883897,-22.96268143422689,34.65678031548471,-11.700660800953514
785,-20.85480499267578,34.650001525878906,-15.15190315246582,-0.0007985174306668341,-0.0011395941255614161,-0.0008867683354765177,0.001650049351155758,2.9616329944883897,-20.85716990824512,34.64662646631632,-15.154529434826635
786,-18.227767944335938,34.650001525878906,-18.227767944335938,-0.0013098673662170768,-0.002016802318394184,-0.001301805255934596,0.002734582405537367,2.9616329944883897,-18.231647290746128,34.64402849758939,-18.23162341373431
787,-15.15190315246582,34.650001525878906,-20.85480499267578,0.00011780740169342607,0.00031160659273155034,0.000377965799998492,0.0005038207746110857,2.9616329944883897,-15.15155425017797,34.65092439024524,-20.85368559669172
788,-11.702946662902832,34.650001525878906,-22.96832847595215,0.0005702362977899611,0.001412458484992385,0.0010926953982561827,0.0018746177665889263,2.9616329944883897,-11.701257832268642,34.65418470953141,-22.965092313207748
789,-7.965826988220215,34.650001525878906,-24.516294479370117,-9.672363376012072e-05,-0.00039121235022321343,-0.0005346701364032924,0.0006695332122035325,2.9616329944883897,-7.966113448125306,34.64884289847463,-24.517877976087256
790,-4.0325608253479,34.650001525878906,-25.460586547851562,-0.00031399333965964615,-0.0016061058267951012,-0.0013937806943431497,0.0021496028639376163,2.9616329944883897,-4.033490758382686,34.64524482986963,-25.46471441474301
791,-0.0,34.650001525878906,-25.777957916259766,-0.0001793296105461195,0.00010146765998797491,0.00043512010597623885,0.00048143984167836607,2.9616329944883897,-0.0005311084914821407,34.6503020358486,-25.77666925019734
792,4.0325608253479,34.650001525878906,-25.460586547851562,-0.00029673572862520814,0.0020236715208739042,0.0020360902417451143,0.0028859940357506275,2.9616329944883897,4.03168200302336,34.65599489822513,-25.454556395811853
793,7.965826988220215,34.650001525878906,-24.516294479370117,3.0264054657891393e-05,0.0010435443837195635,0.0007305758772417903,0.0012742220424115658,2.9616329944883897,7.965916619243036,34.65309212135694,-24.514130781747102
794,11.702946662902832,34.650001525878906,-22.96832847595215,0.0009366931044496596,-0.0014026722637936473,-0.0014642041642218828,0.0022335571702569723,2.9616329944883897,11.70572080410668,34.645847325422004,-22.972664911315576
795,15.15190315246582,34.650001525878906,-20.85480499267578,0.0009352483903057873,-0.001834939350374043,-0.0014879826921969652,0.0025408235378563404,2.9616329944883897,15.154673014956591,34.644567108955954,-20.85921185131222
796,18.227767944335938,34.650001525878906,-18.227767944335938,-0.000408894702559337,-6.714989922329551e-06,7.87513199611567e-05,0.0004164633865002543,2.9616329944883897,18.226556948293567,34.649981638543196,-18.22753471182838
797,20.85480499267578,34.650001525878906,-15.15190315246582,-0.001260601682588458,0.0012989395763725042,0.0008175914408639073,0.001986156217753887,2.9616329944883897,20.851071553139718,34.65384850818614,-15.149481746678546
798,22.96832847595215,34.650001525878906,-11.702946662902832,-0.0005000709206797183,0.0007155610364861786,0.000359888857929036,0.0009442555601708591,2.9616329944883897,22.96684744941388,34.652120755054135,-11.70188080418684
799,24.516294479370117,34.650001525878906,-7.965826988220215,0.0004812667903024703,-0.0002863332920242101,-4.9711808969732374e-05,0.0005622061435133219,2.9616329944883897,24.51771981497543,34.64915351175382,-7.965974216353875
800,25.460586547851562,34.650001525878906,-4.0325608253479,0.00037517008604481816,-0.0003547915839590132,-2.8812222808483057e-05,0.0005171651719138026,2.9616329944883897,25.461697663956937,34.64895076341769,-4.032646156577615
801,27.399999618530273,36.5,0.0,0.0004453234432730824,-0.0004915957106277347,-1.8892406736248368e-11,0.00066330935806036,2.9616329944883897,27.40131850313309,36.498544073923455,-5.595237513536788e-11
802,27.062660217285156,36.5,4.286303997039795,0.0005885781720280647,-0.0005350821302272379,4.473327408049954e-06,0.0007954603643156588,2.9616329944883897,27.06440336981927,36.49841528310836,4.286317245393842
803,26.058948516845703,36.5,8.467065811157227,0.00020414780010469258,-1.1380405339878052e-05,-9.653391316533089e-05,0.00022610757150687277,2.9616329944883897,26.059553127706245,36.49996629541605,8.466779913134909
804,24.4135799407959,36.5,12.439339637756348,-0.0010826417710632086,0.0012719862861558795,-0.000619920901954174,0.0017816745676100254,2.9616329944883897,24.410373553205506,36.503767156553614,12.437503659559146
805,22.16706657409668,36.5,16.105316162109375,-0.0014792177826166153,0.0014521320117637515,-0.0008295815787278116,0.002232706407085061,2.9616329944883897,22.16268567390565,36.504300682078394,16.102859245934194
806,19.374725341796875,36.5,19.374725341796875,7.501982327084988e-05,-0.0006705416599288583,0.000507414573803544,0.0008442295948043466,2.9616329944883897,19.374947522980715,36.49801410169577,19.376228117540535
807,16.105316162109375,36.5,22.16706657409668,0.0015549586387351155,-0.002633802592754364,0.0021797949448227882,0.0037558379117399454,2.9616329944883897,16.10992137891892,36.49219964334033,22.173522326726484
808,12.439339637756348,36.5,24.4135799407959,0.0010026562958955765,-0.0012228925479575992,0.0012083390029147267,0.0019901932682842016,2.9616329944883897,12.442309137724404,36.49637824108125,24.417158597455458
809,8.467065811157227,36.5,26.058948516845703,-0.0003186581889167428,0.0021089010406285524,-0.001907860510982573,0.0028616320341825485,2.9616329944883897,8.466122062550967,36.50624579090404,26.053298134207495
810,4.286303997039795,36.5,27.062660217285156,-0.0005535324453376234,0.0025531703140586615,-0.0026212988886982203,0.0037008491344749928,2.9616329944883897,4.284664637086163,36.50756155344266,27.05489689200797
811,0.0,36.5,27.399999618530273,-0.0003134534927085042,-0.000661746715195477,0.0004432205168996006,0.0008559242123737931,2.9616329944883897,-0.0009283342062431319,36.49804014909428,27.401312275036958
812,-4.286303997039795,36.5,27.062660217285156,-0.0004019683401565999,-0.0025141991209238768,0.0024480230640619993,0.003532080678269267,2.9616329944883897,-4.287494479738743,36.49255386492876,27.06991036316295
813,-8.467065811157227,36.5,26.058948516845703,0.00017052041948772967,-4.805837670573965e-05,0.00020898616639897227,0.00027397452504374087,2.9616329944883897,-8.466560792256638,36.49985766872589,26.059567457171504
814,-12.439339637756348,36.5,24.4135799407959,0.0010887023527175188,0.0024376108776777983,-0.0021652213763445616,0.003437354229390621,2.9616329944883897,-12.436115300947362,36.50721930880305,24.407167349727345
815,-16.105316162109375,36.5,22.16706657409668,-3.7458619772223756e-05,0.0002743832883425057,-0.0004472954315133393,0.0005260822363197803,2.9616329944883897,-16.10542710079362,36.50081262259989,22.165741849188425
816,-19.374725341796875,36.5,19.374725341796875,-0.0023193713277578354,-0.00323468167334795,0.0022871489636600018,0.004590609576553106,2.9616329944883897,-19.381594468447634,36.49042006002954,19.38149903763096
817,-22.16706657409668,36.5,16.105316162109375,-0.0011460429523140192,-0.001635930733755231,0.001400191686116159,0.002439307514578104,2.9616329944883897,-22.170460732717356,36.495154973562215,16.109463016005584
818,-24.4135799407959,36.5,12.439339637756348,0.00324892345815897,0.003533189417794347,-0.0013007884845137596,0.004973025526851416,2.9616329944883897,-24.403957821885648,36.51046401035552,12.435487179661761
819,-26.058948516845703,36.5,8.467065811157227,0.0038582251872867346,0.004125984851270914,-0.001662081223912537,0.0058883074671030045,2.9616329944883897,-26.04752186983087,36.512219652870286,8.462143336564967
820,-27.062660217285156,36.5,4.286303997039795,-0.001647277269512415,-0.0016189515590667725,-0.0003835683164652437,0.0023412927985191345,2.9616329944883897,-27.067538847997614,36.49520525964619,4.285168008458111
821,-27.399999618530273,36.5,0.0,-0.005432936828583479,-0.005450033117085695,1.2941980820357912e-10,0.007695431355386972,2.9616329944883897,-27.41608998349878,36.483859002099386,3.832939741160791e-10
822,-27.062660217285156,36.5,-4.286303997039795,-0.0016472754068672657,-0.0016189495800063014,0.0003835687239188701,0.0023412900045514107,2.9616329944883897,-27.067538842481145,36.49520526550744,-4.285168007251383
823,-26.058948516845703,36.5,-8.467065811157227,0.003858226351439953,0.004125985782593489,0.001662081340327859,0.005888308864086866,2.9616329944883897,-26.047521866383075,36.51221965562852,-8.462143336220189
824,-24.4135799407959,36.5,-12.439339637756348,0.0032489225268363953,0.0035331882536411285,0.0013007877860218287,0.004973023664206266,2.9616329944883897,-24.403957824643882,36.510464006907725,-12.435487181730437
825,-22.16706657409668,36.5,-16.105316162109375,-0.0011460441164672375,-0.0016359321307390928,-0.0014001925010234118,0.0024393093772232533,2.9616329944883897,-22.170460736165147,36.49515496942486,-16.109463018419042
826,-19.374725341796875,36.5,-19.374725341796875,-0.0023193710949271917,-0.0032346814405173063,-0.002287148730829358,0.004590609576553106,2.9616329944883897,-19.381594467758074,36.4904200607191,-19.381499036941403
827,-16.105316162109375,36.5,-22.16706657409668,-3.745801222976297e-05,0.00027438433608040214,0.000447296304628253,0.0005260835168883204,2.9616329944883897,-16.1054270989943,36.500812625702906,-22.16574184660258
828,-12.439339637756348,36.5,-24.4135799407959,0.0010887024691328406,0.0024376108776777983,0.0021652213763445616,0.003437354229390621,2.9616329944883897,-12.436115300602584,36.50721930880305,-24.407167349727345
829,-8.467065811157227,36.5,-26.058948516845703,0.00017052014300134033,-4.8059275286505e-05,-0.00020898701041005552,0.0002739751653280109,2.9616329944883897,-8.46656079307549,36.49985766606462,-26.059567459671154
830,-4.286303997039795,36.5,-27.062660217285156,-0.00040196842746809125,-0.0025141991209238768,-0.0024480230640619993,0.003532080678269267,2.9616329944883897,-4.287494479997327,36.49255386492876,-27.06991036316295
831,-0.0,36.5,-27.399999618530273,-0.0003134534927085042,-0.0006617457256652415,-0.00044321949826553464,0.0008559228735975921,2.9616329944883897,-0.0009283342062431319,36.498040152024906,-27.40131227202014
832,4.286303997039795,36.5,-27.062660217285156,-0.0005535323871299624,0.0025531707797199488,0.0026212993543595076,0.0037008498329669237,2.9616329944883897,4.284664637258553,36.507561554821784,-27.054896890628854
833,8.467065811157227,36.5,-26.058948516845703,-0.00031865781056694686,0.0021089003421366215,0.0019078596960753202,0.002861631102859974,2.9616329944883897,8.4661220636715,36.50624578883536,-26.053298136620953
834,12.439339637756348,36.5,-24.4135799407959,0.001002656645141542,-0.0012228934792801738,-0.0012083398178219795,0.00199019443243742,2.9616329944883897,12.442309138758741,36.49637823832302,-24.417158599868912
835,16.105316162109375,36.5,-22.16706657409668,0.0015549584059044719,-0.002633802592754364,-0.0021797947119921446,0.0037558376789093018,2.9616329944883897,16.10992137822936,36.49219964334033,-22.173522326036927
836,19.374725341796875,36.5,-19.374725341796875,7.501916115870699e-05,-0.0006705408450216055,-0.0005074139917269349,0.0008442285470664501,2.9616329944883897,19.37494752101978,36.49801410410923,-19.376228115816637
837,22.16706657409668,36.5,-16.105316162109375,-0.001479218015447259,0.0014521324774250388,0.0008295818697661161,0.002232707105576992,2.9616329944883897,22.16268567321609,36.50430068345751,-16.102859245072246
838,24.4135799407959,36.5,-12.439339637756348,-0.001082641421817243,0.0012719860533252358,0.0006199208437465131,0.001781674101948738,2.9616329944883897,24.410373554239843,36.503767155864054,-12.437503659731536
839,26.058948516845703,36.5,-8.467065811157227,0.00020414817845448852,-1.1380780051695183e-05,9.653380402596667e-05,0.0002261078916490078,2.9616329944883897,26.059553128826778,36.4999662943063,-8.46677991345814
840,27.062660217285156,36.5,-4.286303997039795,0.0005885782884433866,-0.0005350822466425598,-4.473372882785043e-06,0.0007954604807309806,2.9616329944883897,27.06440337016405,36.49841528276358,-4.2863172455285214
