node_label,x,y,z,ux,uy,uz,umag,deformed_x,deformed_y,deformed_z
1,39.29999923706055,0.0,0.0,7.231659583970586e-31,-4.7660973287423235e-31,1.6734108356907675e-31,0.0,39.29999923706055,-4.7660973287423235e-31,1.6734108356907675e-31
2,38.8161506652832,0.0,6.147873878479004,7.416511242812534e-31,-4.770903690043966e-31,-5.475313977796818e-32,0.0,38.8161506652832,-4.770903690043966e-31,6.147873878479004
3,37.376522064208984,0.0,12.144368171691895,7.422100013154083e-31,-4.773466267728758e-31,5.922209893609383e-32,0.0,37.376522064208984,-4.773466267728758e-31,12.144368171691895
4,35.01655578613281,0.0,17.841827392578125,7.252340291183472e-31,-4.775717104311713e-31,1.718029074764929e-31,0.0,35.01655578613281,-4.775717104311713e-31,17.841827392578125
5,31.794368743896484,0.0,23.099960327148438,6.915484517441213e-31,-4.779837447110215e-31,2.804771133561997e-31,0.0,31.794368743896484,-4.779837447110215e-31,23.099960327148438
6,27.789297103881836,0.0,27.789297103881836,6.421554956762417e-31,-4.78736390233966e-31,3.8301231174368063e-31,0.0,27.789297103881836,-4.78736390233966e-31,27.789297103881836
7,23.099960327148438,0.0,31.794368743896484,5.780556006468063e-31,-4.798443641892771e-31,4.77313995049697e-31,0.0,23.099960327148438,-4.798443641892771e-31,31.794368743896484
8,17.841827392578125,0.0,35.01655578613281,5.002571057099503e-31,-4.81162328455419e-31,5.612371446927553e-31,0.0,17.841827392578125,-4.81162328455419e-31,35.01655578613281
9,12.144368171691895,0.0,37.376522064208984,4.09981161417082e-31,-4.824297464644756e-31,6.324976340898858e-31,0.0,12.144368171691895,-4.824297464644756e-31,37.376522064208984
10,6.147873878479004,0.0,38.8161506652832,3.088979806715108e-31,-4.833473373547275e-31,6.88763282449057e-31,0.0,6.147873878479004,-4.833473373547275e-31,38.8161506652832
11,0.0,0.0,39.29999923706055,1.992643715674934e-31,-4.836200990638923e-31,7.278279219726457e-31,0.0,1.992643715674934e-31,-4.836200990638923e-31,39.29999923706055
12,-6.147873878479004,0.0,38.8161506652832,8.392015800993549e-32,-4.828508085409401e-31,7.475885932670308e-31,0.0,-6.147873878479004,-4.828508085409401e-31,38.8161506652832
13,-12.144368171691895,0.0,37.376522064208984,-3.357124879366492e-32,-4.806103633280469e-31,7.463222096930029e-31,0.0,-12.144368171691895,-4.806103633280469e-31,37.376522064208984
14,-17.841827392578125,0.0,35.01655578613281,-1.4954117211669377e-31,-4.773610148237299e-31,7.243711692450696e-31,0.0,-17.841827392578125,-4.773610148237299e-31,35.01655578613281
15,-23.099960327148438,0.0,31.794368743896484,-2.6161294458341276e-31,-4.748364761361299e-31,6.849834098343269e-31,0.0,-23.099960327148438,-4.748364761361299e-31,31.794368743896484
16,-27.789297103881836,0.0,27.789297103881836,-3.676574402959515e-31,-4.741312265454106e-31,6.314154739905188e-31,0.0,-27.789297103881836,-4.741312265454106e-31,27.789297103881836
17,-31.794368743896484,0.0,23.099960327148438,-4.640186367243826e-31,-4.745694038196231e-31,5.64330246487961e-31,0.0,-31.794368743896484,-4.745694038196231e-31,23.099960327148438
18,-35.01655578613281,0.0,17.841827392578125,-5.474956157316428e-31,-4.748855177604462e-31,4.84077131267492e-31,0.0,-35.01655578613281,-4.748855177604462e-31,17.841827392578125
19,-37.376522064208984,0.0,12.144368171691895,-6.1670152908263204e-31,-4.749969076051301e-31,3.924226847494144e-31,0.0,-37.376522064208984,-4.749969076051301e-31,12.144368171691895
20,-38.8161506652832,0.0,6.147873878479004,-6.7074765602835465e-31,-4.7516204105153365e-31,2.9156726778925855e-31,0.0,-38.8161506652832,-4.7516204105153365e-31,6.147873878479004
21,-39.29999923706055,0.0,0.0,-7.084269049298382e-31,-4.753360612352294e-31,1.8360108566693902e-31,0.0,-39.29999923706055,-4.753360612352294e-31,1.8360108566693902e-31
22,-38.8161506652832,0.0,-6.147873878479004,-7.2858691516508465e-31,-4.753977041589865e-31,7.081589392376248e-32,0.0,-38.8161506652832,-4.753977041589865e-31,-6.147873878479004
23,-37.376522064208984,0.0,-12.144368171691895,-7.301289756742674e-31,-4.751359450769454e-31,-4.4231172294322804e-32,0.0,-37.376522064208984,-4.751359450769454e-31,-12.144368171691895
24,-35.01655578613281,0.0,-17.841827392578125,-7.117210162590345e-31,-4.739921420538213e-31,-1.5836826482554954e-31,0.0,-35.01655578613281,-4.739921420538213e-31,-17.841827392578125
25,-31.794368743896484,0.0,-23.099960327148438,-6.728980583739749e-31,-4.716696473352406e-31,-2.6794046610468e-31,0.0,-31.794368743896484,-4.716696473352406e-31,-23.099960327148438
26,-27.789297103881836,0.0,-27.789297103881836,-6.159078823167309e-31,-4.693150851307696e-31,-3.706052980091696e-31,0.0,-27.789297103881836,-4.693150851307696e-31,-27.789297103881836
27,-23.099960327148438,0.0,-31.794368743896484,-5.446063916766437e-31,-4.684215683648225e-31,-4.651867959904557e-31,0.0,-23.099960327148438,-4.684215683648225e-31,-31.794368743896484
28,-17.841827392578125,0.0,-35.01655578613281,-4.6122900055078515e-31,-4.690210234639679e-31,-5.487483635712011e-31,0.0,-17.841827392578125,-4.690210234639679e-31,-35.01655578613281
29,-12.144368171691895,0.0,-37.376522064208984,-3.669140576684915e-31,-4.697396736902866e-31,-6.174186276564077e-31,0.0,-12.144368171691895,-4.697396736902866e-31,-37.376522064208984
30,-6.147873878479004,0.0,-38.8161506652832,-2.637271417030277e-31,-4.699466547355794e-31,-6.690848487394555e-31,0.0,-6.147873878479004,-4.699466547355794e-31,-38.8161506652832
31,-0.0,0.0,-39.29999923706055,-1.5447379326655776e-31,-4.698549191564412e-31,-7.032236026958104e-31,0.0,-1.5447379326655776e-31,-4.698549191564412e-31,-39.29999923706055
32,6.147873878479004,0.0,-38.8161506652832,-4.190831023375753e-32,-4.696896916704896e-31,-7.196792540734235e-31,0.0,6.147873878479004,-4.696896916704896e-31,-38.8161506652832
33,12.144368171691895,0.0,-37.376522064208984,7.137151483856565e-32,-4.6958968061112165e-31,-7.185141981124365e-31,0.0,12.144368171691895,-4.6958968061112165e-31,-37.376522064208984
34,17.841827392578125,0.0,-35.01655578613281,1.8293312275702777e-31,-4.696948168258592e-31,-7.000796725248751e-31,0.0,17.841827392578125,-4.696948168258592e-31,-35.01655578613281
35,23.099960327148438,0.0,-31.794368743896484,2.90462867336774e-31,-4.7012481265939e-31,-6.64957029796882e-31,0.0,23.099960327148438,-4.7012481265939e-31,-31.794368743896484
36,27.789297103881836,0.0,-27.789297103881836,3.91674435575342e-31,-4.709302613885734e-31,-6.139045578242855e-31,0.0,27.789297103881836,-4.709302613885734e-31,-27.789297103881836
37,31.794368743896484,0.0,-23.099960327148438,4.842309799681276e-31,-4.720615101320308e-31,-5.479115056329637e-31,0.0,31.794368743896484,-4.720615101320308e-31,-23.099960327148438
38,35.01655578613281,0.0,-17.841827392578125,5.657665595253438e-31,-4.733774525478893e-31,-4.682994109918851e-31,0.0,35.01655578613281,-4.733774525478893e-31,-17.841827392578125
39,37.376522064208984,0.0,-12.144368171691895,6.340130343871919e-31,-4.746860598789987e-31,-3.7681254294846074e-31,0.0,37.376522064208984,-4.746860598789987e-31,-12.144368171691895
40,38.8161506652832,0.0,-6.147873878479004,6.869848065160369e-31,-4.758032967297942e-31,-2.7563656867883563e-31,0.0,38.8161506652832,-4.758032967297942e-31,-6.147873878479004
41,36.37912368774414,1.7999999523162842,0.0,-0.0008384290267713368,-0.0016050967387855053,-1.8858672681333402e-20,0.001810883404687047,36.37828525871737,1.7983948555774987,-1.8858672681333402e-20
42,35.931236267089844,1.7999999523162842,5.690948963165283,-0.0008288763929158449,-0.0016064742812886834,-0.00013234996004030108,0.0018125430215150118,35.93040739069693,1.7983934780349955,5.690816613205243
43,34.598602294921875,1.7999999523162842,11.241766929626465,-0.0008002978865988553,-0.0016105554532259703,-0.0002622241445351392,0.001817450625821948,34.597801997035276,1.7983893968630582,11.24150470548193
44,32.41403579711914,1.7999999523162842,16.515775680541992,-0.0007529704016633332,-0.0016172179020941257,-0.00038711013621650636,0.0018254348542541265,32.41328282671748,1.79838273441419,16.515388570405776
45,29.43132972717285,1.7999999523162842,21.38311195373535,-0.000687459425535053,-0.0016263584839180112,-0.0005044665886089206,0.001836335752159357,29.430642267747317,1.7983735938323662,21.382607487146743
46,25.72392463684082,1.7999999523162842,25.72392463684082,-0.0006047084461897612,-0.001637970213778317,-0.0006117899902164936,0.0018501096637919545,25.72331992839463,1.7983619821025059,25.723312846850604
47,21.38311195373535,1.7999999523162842,29.43132972717285,-0.000506048381794244,-0.0016521047800779343,-0.0007066790130920708,0.001866796868853271,21.382605905353557,1.7983478475362062,29.43062304815976
48,16.515775680541992,1.7999999523162842,32.41403579711914,-0.0003931632381863892,-0.0016687419265508652,-0.0007868537795729935,0.0018863764125853777,16.515382517303806,1.7983312103897333,32.41324894333957
49,11.241766929626465,1.7999999523162842,34.598602294921875,-0.00026806528330780566,-0.0016876263543963432,-0.0008501210832037032,0.001908572157844901,11.241498864343157,1.7983123259618878,34.59775217383867
50,5.690948963165283,1.7999999523162842,35.931236267089844,-0.00013314784155227244,-0.0017082523554563522,-0.0008944044238887727,0.001932825311087072,5.690815815323731,1.7982916999608278,35.930341862665955
51,0.0,1.7999999523162842,36.37912368774414,8.760643140703905e-06,-0.0017297975718975067,-0.0009177611791528761,0.001958203734830022,8.760643140703905e-06,1.7982701547443867,36.37820592656499
52,-5.690948963165283,1.7999999523162842,35.931236267089844,0.00015432485088240355,-0.0017513432539999485,-0.0009186390088871121,0.0019836626015603542,-5.690794638314401,1.7982486090622842,35.93031762808096
53,-11.241766929626465,1.7999999523162842,34.598602294921875,0.0002998903510160744,-0.0017727911472320557,-0.0008966401219367981,0.0020091505721211433,-11.241467039275449,1.7982271611690521,34.59770565479994
54,-16.515775680541992,1.7999999523162842,32.41403579711914,0.00044208578765392303,-0.0017952716443687677,-0.0008526613237336278,0.0020360429771244526,-16.51533359475434,1.7982046806719154,32.41318313579541
55,-21.38311195373535,1.7999999523162842,29.43132972717285,0.0005755860474891961,-0.0018135326681658626,-0.000784160802140832,0.002057937905192375,-21.382536367687862,1.7981864196481183,29.43054556637071
56,-25.72392463684082,1.7999999523162842,25.72392463684082,0.000691199442371726,-0.0018171000992879272,-0.0006876451661810279,0.0020621507428586483,-25.72323343739845,1.7981828522169963,25.72323699167464
57,-29.43132972717285,1.7999999523162842,21.38311195373535,0.0007853638962842524,-0.001810259884223342,-0.0005695558502338827,0.002053833333775401,-29.430544363276567,1.7981896924320608,21.382542397885118
58,-32.41403579711914,1.7999999523162842,16.515775680541992,0.0008612236124463379,-0.0018051465740427375,-0.00043881958117708564,0.0020476384088397026,-32.413174573506694,1.7981948057422414,16.515336860960815
59,-34.598602294921875,1.7999999523162842,11.241766929626465,0.0009177624597214162,-0.0018028749618679285,-0.0002984747407026589,0.002044928725808859,-34.597684532462154,1.7981970773544163,11.241468454885762
60,-35.931236267089844,1.7999999523162842,5.690948963165283,0.0009521436877548695,-0.0018012392101809382,-0.00015101443568710238,0.0020429992582648993,-35.93028412340209,1.7981987131061032,5.690797948729596
61,-36.37912368774414,1.7999999523162842,0.0,0.0009636523318476975,-0.0018006195314228535,-7.045469508389786e-20,0.002042267471551895,-36.37816003541229,1.7981993327848613,-7.045469508389786e-20
62,-35.931236267089844,1.7999999523162842,-5.690948963165283,0.0009521436877548695,-0.0018012392101809382,0.00015101443568710238,0.0020429992582648993,-35.93028412340209,1.7981987131061032,-5.690797948729596
63,-34.598602294921875,1.7999999523162842,-11.241766929626465,0.0009177624597214162,-0.0018028749618679285,0.0002984747407026589,0.002044928725808859,-34.597684532462154,1.7981970773544163,-11.241468454885762
64,-32.41403579711914,1.7999999523162842,-16.515775680541992,0.0008612236124463379,-0.0018051465740427375,0.00043881958117708564,0.0020476384088397026,-32.413174573506694,1.7981948057422414,-16.515336860960815
65,-29.43132972717285,1.7999999523162842,-21.38311195373535,0.0007853638962842524,-0.001810259884223342,0.0005695558502338827,0.002053833333775401,-29.430544363276567,1.7981896924320608,-21.382542397885118
66,-25.72392463684082,1.7999999523162842,-25.72392463684082,0.000691199442371726,-0.0018171000992879272,0.0006876451661810279,0.0020621507428586483,-25.72323343739845,1.7981828522169963,-25.72323699167464
67,-21.38311195373535,1.7999999523162842,-29.43132972717285,0.0005755860474891961,-0.0018135326681658626,0.000784160802140832,0.002057937905192375,-21.382536367687862,1.7981864196481183,-29.43054556637071
68,-16.515775680541992,1.7999999523162842,-32.41403579711914,0.00044208578765392303,-0.0017952716443687677,0.0008526613237336278,0.0020360429771244526,-16.51533359475434,1.7982046806719154,-32.41318313579541
69,-11.241766929626465,1.7999999523162842,-34.598602294921875,0.0002998903510160744,-0.0017727911472320557,0.0008966401219367981,0.0020091505721211433,-11.241467039275449,1.7982271611690521,-34.59770565479994
70,-5.690948963165283,1.7999999523162842,-35.931236267089844,0.00015432485088240355,-0.0017513432539999485,0.0009186390088871121,0.0019836626015603542,-5.690794638314401,1.7982486090622842,-35.93031762808096
71,-0.0,1.7999999523162842,-36.37912368774414,8.760643140703905e-06,-0.0017297975718975067,0.0009177611791528761,0.001958203734830022,8.760643140703905e-06,1.7982701547443867,-36.37820592656499
72,5.690948963165283,1.7999999523162842,-35.931236267089844,-0.00013314784155227244,-0.0017082523554563522,0.0008944044238887727,0.001932825311087072,5.690815815323731,1.7982916999608278,-35.930341862665955
73,11.241766929626465,1.7999999523162842,-34.598602294921875,-0.00026806528330780566,-0.0016876263543963432,0.0008501210832037032,0.001908572157844901,11.241498864343157,1.7983123259618878,-34.59775217383867
74,16.515775680541992,1.7999999523162842,-32.41403579711914,-0.0003931632381863892,-0.0016687419265508652,0.0007868537795729935,0.0018863764125853777,16.515382517303806,1.7983312103897333,-32.41324894333957
75,21.38311195373535,1.7999999523162842,-29.43132972717285,-0.000506048381794244,-0.0016521047800779343,0.0007066790130920708,0.001866796868853271,21.382605905353557,1.7983478475362062,-29.43062304815976
76,25.72392463684082,1.7999999523162842,-25.72392463684082,-0.0006047084461897612,-0.001637970213778317,0.0006117899902164936,0.0018501096637919545,25.72331992839463,1.7983619821025059,-25.723312846850604
77,29.43132972717285,1.7999999523162842,-21.38311195373535,-0.000687459425535053,-0.0016263584839180112,0.0005044665886089206,0.001836335752159357,29.430642267747317,1.7983735938323662,-21.382607487146743
78,32.41403579711914,1.7999999523162842,-16.515775680541992,-0.0007529704016633332,-0.0016172179020941257,0.00038711013621650636,0.0018254348542541265,32.41328282671748,1.79838273441419,-16.515388570405776
79,34.598602294921875,1.7999999523162842,-11.241766929626465,-0.0008002978865988553,-0.0016105554532259703,0.0002622241445351392,0.001817450625821948,34.597801997035276,1.7983893968630582,-11.24150470548193
80,35.931236267089844,1.7999999523162842,-5.690948963165283,-0.0008288763929158449,-0.0016064742812886834,0.00013234996004030108,0.0018125430215150118,35.93040739069693,1.7983934780349955,-5.690816613205243
81,33.458248138427734,3.5999999046325684,0.0,-0.0017631544033065438,-0.0033109793439507484,-1.3465532312552662e-19,0.0037511729169636965,33.45648498402443,3.5966889252886176,-1.3465532312552662e-19
82,33.046321868896484,3.5999999046325684,5.234023094177246,-0.0017430641455575824,-0.003313822206109762,-0.000278222345514223,0.0037546101957559586,33.04457880475093,3.5966860824264586,5.233744871831732
83,31.8206844329834,3.5999999046325684,10.339166641235352,-0.0016829408705234528,-0.0033221752382814884,-0.0005511880153790116,0.003764697350561619,31.819001492112875,3.596677729394287,10.338615453219973
84,29.81151580810547,3.5999999046325684,15.189725875854492,-0.0015833197394385934,-0.0033356151543557644,-0.0008135344833135605,0.0037808818742632866,29.80993248836603,3.5966642894782126,15.188912341371179
85,27.06829071044922,3.5999999046325684,19.666263580322266,-0.0014453744515776634,-0.00335374241694808,-0.0010598168009892106,0.0038026184774935246,27.06684533599764,3.5966461622156203,19.665203763521276
86,23.658552169799805,3.5999999046325684,23.658552169799805,-0.0012711385497823358,-0.003376447129994631,-0.0012846902245655656,0.0038297020364552736,23.657281031250022,3.5966234575025737,23.65726747957524
87,19.666263580322266,3.5999999046325684,27.06829071044922,-0.0010635422077029943,-0.003403933485969901,-0.0014831246808171272,0.0038623237051069736,19.665200038114563,3.5965959711465985,27.0668075857684
88,15.189725875854492,3.5999999046325684,29.81151580810547,-0.0008262640330940485,-0.003436413826420903,-0.0016504587838426232,0.0039007263258099556,15.188899611821398,3.5965634908061475,29.809865349321626
89,10.339166641235352,3.5999999046325684,31.8206844329834,-0.000563625420909375,-0.003473729593679309,-0.0017823261441662908,0.003944763448089361,10.338603015814442,3.596526175038889,31.818902106839232
90,5.234023094177246,3.5999999046325684,33.046321868896484,-0.00028061799821443856,-0.0035150672774761915,-0.001874548732303083,0.003993541933596134,5.233742476179032,3.596484837355092,33.04444732016418
91,0.0,3.5999999046325684,33.458248138427734,1.6921865608310327e-05,-0.003558852942660451,-0.0019231647020205855,0.0040452792309224606,1.6921865608310327e-05,3.596441051689908,33.456324973725714
92,-5.234023094177246,3.5999999046325684,33.046321868896484,0.00032214773818850517,-0.0036032896023243666,-0.0019249789183959365,0.004097928758710623,-5.233700946439058,3.596396615030244,33.04439688997809
93,-10.339166641235352,3.5999999046325684,31.8206844329834,0.000627742731012404,-0.003649043384939432,-0.0018795812502503395,0.004152397625148296,-10.33853889850434,3.596350861247629,31.818804851733148
94,-15.189725875854492,3.5999999046325684,29.81151580810547,0.0009267123532481492,-0.0036980018485337496,-0.001788368565030396,0.0042109708301723,-15.188799163501244,3.5963019027840346,29.80972743954044
95,-19.666263580322266,3.5999999046325684,27.06829071044922,0.001206831424497068,-0.003736536018550396,-0.0016448191599920392,0.004257178865373135,-19.66505674889777,3.596263368614018,27.066645891289227
96,-23.658552169799805,3.5999999046325684,23.658552169799805,0.0014487712178379297,-0.0037425959017127752,-0.001442100154235959,0.004264459479600191,-23.657103398581967,3.5962573087308556,23.65711006964557
97,-27.06829071044922,3.5999999046325684,19.666263580322266,0.001645134063437581,-0.003725198097527027,-0.001193578471429646,0.004243606235831976,-27.06664557638578,3.5962747065350413,19.665070001850836
98,-29.81151580810547,3.5999999046325684,15.189725875854492,0.0018023396842181683,-0.003710639663040638,-0.0009184837690554559,0.004226214252412319,-29.80971346842125,3.5962892649695277,15.188807392085437
99,-31.8206844329834,3.5999999046325684,10.339166641235352,0.0019195436034351587,-0.0037036887370049953,-0.0006242880481295288,0.004218020010739565,-31.818764889379963,3.5962962158955634,10.338542353187222
100,-33.046321868896484,3.5999999046325684,5.234023094177246,0.0019909271504729986,-0.003699270775541663,-0.0003157721657771617,0.004212850239127874,-33.04433094174601,3.5963006338570267,5.233707322011469
101,-33.458248138427734,3.5999999046325684,0.0,0.002014754107221961,-0.0036975452676415443,-2.5294327516925477e-19,0.004210828337818384,-33.45623338432051,3.596302359364927,-2.5294327516925477e-19
102,-33.046321868896484,3.5999999046325684,-5.234023094177246,0.0019909271504729986,-0.003699270775541663,0.0003157721657771617,0.004212850239127874,-33.04433094174601,3.5963006338570267,-5.233707322011469
103,-31.8206844329834,3.5999999046325684,-10.339166641235352,0.0019195436034351587,-0.0037036887370049953,0.0006242880481295288,0.004218020010739565,-31.818764889379963,3.5962962158955634,-10.338542353187222
104,-29.81151580810547,3.5999999046325684,-15.189725875854492,0.0018023396842181683,-0.003710639663040638,0.0009184837690554559,0.004226214252412319,-29.80971346842125,3.5962892649695277,-15.188807392085437
105,-27.06829071044922,3.5999999046325684,-19.666263580322266,0.001645134063437581,-0.003725198097527027,0.001193578471429646,0.004243606235831976,-27.06664557638578,3.5962747065350413,-19.665070001850836
106,-23.658552169799805,3.5999999046325684,-23.658552169799805,0.0014487712178379297,-0.0037425959017127752,0.001442100154235959,0.004264459479600191,-23.657103398581967,3.5962573087308556,-23.65711006964557
107,-19.666263580322266,3.5999999046325684,-27.06829071044922,0.001206831424497068,-0.003736536018550396,0.0016448191599920392,0.004257178865373135,-19.66505674889777,3.596263368614018,-27.066645891289227
108,-15.189725875854492,3.5999999046325684,-29.81151580810547,0.0009267123532481492,-0.0036980018485337496,0.001788368565030396,0.0042109708301723,-15.188799163501244,3.5963019027840346,-29.80972743954044
109,-10.339166641235352,3.5999999046325684,-31.8206844329834,0.000627742731012404,-0.003649043384939432,0.0018795812502503395,0.004152397625148296,-10.33853889850434,3.596350861247629,-31.818804851733148
110,-5.234023094177246,3.5999999046325684,-33.046321868896484,0.00032214773818850517,-0.0036032896023243666,0.0019249789183959365,0.004097928758710623,-5.233700946439058,3.596396615030244,-33.04439688997809
111,-0.0,3.5999999046325684,-33.458248138427734,1.6921865608310327e-05,-0.003558852942660451,0.0019231647020205855,0.0040452792309224606,1.6921865608310327e-05,3.596441051689908,-33.456324973725714
112,5.234023094177246,3.5999999046325684,-33.046321868896484,-0.00028061799821443856,-0.0035150672774761915,0.001874548732303083,0.003993541933596134,5.233742476179032,3.596484837355092,-33.04444732016418
113,10.339166641235352,3.5999999046325684,-31.8206844329834,-0.000563625420909375,-0.003473729593679309,0.0017823261441662908,0.003944763448089361,10.338603015814442,3.596526175038889,-31.818902106839232
114,15.189725875854492,3.5999999046325684,-29.81151580810547,-0.0008262640330940485,-0.003436413826420903,0.0016504587838426232,0.0039007263258099556,15.188899611821398,3.5965634908061475,-29.809865349321626
115,19.666263580322266,3.5999999046325684,-27.06829071044922,-0.0010635422077029943,-0.003403933485969901,0.0014831246808171272,0.0038623237051069736,19.665200038114563,3.5965959711465985,-27.0668075857684
116,23.658552169799805,3.5999999046325684,-23.658552169799805,-0.0012711385497823358,-0.003376447129994631,0.0012846902245655656,0.0038297020364552736,23.657281031250022,3.5966234575025737,-23.65726747957524
117,27.06829071044922,3.5999999046325684,-19.666263580322266,-0.0014453744515776634,-0.00335374241694808,0.0010598168009892106,0.0038026184774935246,27.06684533599764,3.5966461622156203,-19.665203763521276
118,29.81151580810547,3.5999999046325684,-15.189725875854492,-0.0015833197394385934,-0.0033356151543557644,0.0008135344833135605,0.0037808818742632866,29.80993248836603,3.5966642894782126,-15.188912341371179
119,31.8206844329834,3.5999999046325684,-10.339166641235352,-0.0016829408705234528,-0.0033221752382814884,0.0005511880153790116,0.003764697350561619,31.819001492112875,3.596677729394287,-10.338615453219973
120,33.046321868896484,3.5999999046325684,-5.234023094177246,-0.0017430641455575824,-0.003313822206109762,0.000278222345514223,0.0037546101957559586,33.04457880475093,3.5966860824264586,-5.233744871831732
121,30.817323684692383,5.449999809265137,0.0,-0.0014752341667190194,-0.0030592288821935654,-9.002075420739328e-20,0.003396350657567382,30.815848450525664,5.446940580382943,-9.002075420739328e-20
122,30.437911987304688,5.449999809265137,4.820891857147217,-0.0014585211174562573,-0.0030617970041930676,-0.00023386320390272886,0.0033994964323937893,30.43645346618723,5.446938012260944,4.820657993943314
123,29.309017181396484,5.449999809265137,9.523077011108398,-0.001408367301337421,-0.0030691828578710556,-0.00046336467494256794,0.0034085316583514214,29.307608814095147,5.446930626407266,9.522613646433456
124,27.458436965942383,5.449999809265137,13.990772247314453,-0.001324894605204463,-0.003080590395256877,-0.0006839054985903203,0.003422442125156522,27.45711207133718,5.44691921886988,13.990088341815863
125,24.931739807128906,5.449999809265137,18.113969802856445,-0.0012087763752788305,-0.0030951951630413532,-0.0008906324510462582,0.0034401454031467438,24.930531030753627,5.446904614102095,18.1130791704054
126,21.791139602661133,5.449999809265137,21.791139602661133,-0.0010616545332595706,-0.0031126493122428656,-0.0010787283536046743,0.0034611199516803026,21.790077948127873,5.446887159952894,21.790060874307528
127,18.113969802856445,5.449999809265137,24.931739807128906,-0.0008862396352924407,-0.003133296500891447,-0.0012438258854672313,0.0034856952261179686,18.113083563221153,5.446866512764245,24.93049598124344
128,13.990772247314453,5.449999809265137,27.458436965942383,-0.0006860712892375886,-0.003157946979627013,-0.0013822551118209958,0.003514818847179413,13.990086176025216,5.44684186228551,27.457054710830562
129,9.523077011108398,5.449999809265137,29.309017181396484,-0.00046513942652381957,-0.003187295515090227,-0.0014909234596416354,0.0035493746399879456,9.522611871681875,5.4468125137500465,29.307526257936843
130,4.820891857147217,5.449999809265137,30.437911987304688,-0.00022769546194467694,-0.0032212825026363134,-0.0015669367276132107,0.0035894005559384823,4.820664161685272,5.4467785267625,30.436345050577074
131,0.0,5.449999809265137,30.817323684692383,2.1586680304608308e-05,-0.0032588259782642126,-0.0016073554288595915,0.003633731510490179,2.1586680304608308e-05,5.4467409832868725,30.815716329263523
132,-4.820891857147217,5.449999809265137,30.437911987304688,0.00027733147726394236,-0.003298794850707054,-0.0016099464846774936,0.0036811530590057373,-4.820614525669953,5.44670101441443,30.43630204082001
133,-9.523077011108398,5.449999809265137,29.309017181396484,0.0005340675124898553,-0.0033428797032684088,-0.0015752745093777776,0.0037338403053581715,-9.522542943595909,5.446656929561868,29.307441906887107
134,-13.990772247314453,5.449999809265137,27.458436965942383,0.0007863837527111173,-0.0033913427032530308,-0.0015035427641123533,0.0037921294569969177,-13.989985863561742,5.446608466561884,27.45693342317827
135,-18.113969802856445,5.449999809265137,24.931739807128906,0.0010226827580481768,-0.0034278056118637323,-0.001385760260745883,0.0038361521437764168,-18.112947120098397,5.446572003653273,24.93035404686816
136,-21.791139602661133,5.449999809265137,21.791139602661133,0.0012243036180734634,-0.0034306254237890244,-0.0012144776992499828,0.003839669981971383,-21.78991529904306,5.446569183841348,21.789925124961883
137,-24.931739807128906,5.449999809265137,18.113969802856445,0.0013843426713719964,-0.0034083989448845387,-0.0010027376702055335,0.0038130132015794516,-24.930355464457534,5.446591410320252,18.11296706518624
138,-27.458436965942383,5.449999809265137,13.990772247314453,0.0015105914790183306,-0.0033875280059874058,-0.0007695088279433548,0.003788057016208768,-27.456926374463364,5.446612281259149,13.99000273848651
139,-29.309017181396484,5.449999809265137,9.523077011108398,0.001605010824277997,-0.0033759030047804117,-0.0005221119499765337,0.003774305572733283,-29.307412170572206,5.446623906260356,9.522554899158422
140,-30.437911987304688,5.449999809265137,4.820891857147217,0.001662777503952384,-0.0033691395074129105,-0.00026385614182800055,0.003766370937228203,-30.436249209800735,5.446630669757724,4.820628001005389
141,-30.817323684692383,5.449999809265137,0.0,0.0016819946467876434,-0.0033665995579212904,-2.3513242221976298e-19,0.0037633893080055714,-30.815641690045595,5.446633209707215,-2.3513242221976298e-19
142,-30.437911987304688,5.449999809265137,-4.820891857147217,0.001662777503952384,-0.0033691395074129105,0.00026385614182800055,0.003766370937228203,-30.436249209800735,5.446630669757724,-4.820628001005389
143,-29.309017181396484,5.449999809265137,-9.523077011108398,0.001605010824277997,-0.0033759030047804117,0.0005221119499765337,0.003774305572733283,-29.307412170572206,5.446623906260356,-9.522554899158422
144,-27.458436965942383,5.449999809265137,-13.990772247314453,0.0015105914790183306,-0.0033875280059874058,0.0007695088279433548,0.003788057016208768,-27.456926374463364,5.446612281259149,-13.99000273848651
145,-24.931739807128906,5.449999809265137,-18.113969802856445,0.0013843426713719964,-0.0034083989448845387,0.0010027376702055335,0.0038130132015794516,-24.930355464457534,5.446591410320252,-18.11296706518624
146,-21.791139602661133,5.449999809265137,-21.791139602661133,0.0012243036180734634,-0.0034306254237890244,0.0012144776992499828,0.003839669981971383,-21.78991529904306,5.446569183841348,-21.789925124961883
147,-18.113969802856445,5.449999809265137,-24.931739807128906,0.0010226827580481768,-0.0034278056118637323,0.001385760260745883,0.0038361521437764168,-18.112947120098397,5.446572003653273,-24.93035404686816
148,-13.990772247314453,5.449999809265137,-27.458436965942383,0.0007863837527111173,-0.0033913427032530308,0.0015035427641123533,0.0037921294569969177,-13.989985863561742,5.446608466561884,-27.45693342317827
149,-9.523077011108398,5.449999809265137,-29.309017181396484,0.0005340675124898553,-0.0033428797032684088,0.0015752745093777776,0.0037338403053581715,-9.522542943595909,5.446656929561868,-29.307441906887107
150,-4.820891857147217,5.449999809265137,-30.437911987304688,0.00027733147726394236,-0.003298794850707054,0.0016099464846774936,0.0036811530590057373,-4.820614525669953,5.44670101441443,-30.43630204082001
151,-0.0,5.449999809265137,-30.817323684692383,2.1586680304608308e-05,-0.0032588259782642126,0.0016073554288595915,0.003633731510490179,2.1586680304608308e-05,5.4467409832868725,-30.815716329263523
152,4.820891857147217,5.449999809265137,-30.437911987304688,-0.00022769546194467694,-0.0032212825026363134,0.0015669367276132107,0.0035894005559384823,4.820664161685272,5.4467785267625,-30.436345050577074
153,9.523077011108398,5.449999809265137,-29.309017181396484,-0.00046513942652381957,-0.003187295515090227,0.0014909234596416354,0.0035493746399879456,9.522611871681875,5.4468125137500465,-29.307526257936843
154,13.990772247314453,5.449999809265137,-27.458436965942383,-0.0006860712892375886,-0.003157946979627013,0.0013822551118209958,0.003514818847179413,13.990086176025216,5.44684186228551,-27.457054710830562
155,18.113969802856445,5.449999809265137,-24.931739807128906,-0.0008862396352924407,-0.003133296500891447,0.0012438258854672313,0.0034856952261179686,18.113083563221153,5.446866512764245,-24.93049598124344
156,21.791139602661133,5.449999809265137,-21.791139602661133,-0.0010616545332595706,-0.0031126493122428656,0.0010787283536046743,0.0034611199516803026,21.790077948127873,5.446887159952894,-21.790060874307528
157,24.931739807128906,5.449999809265137,-18.113969802856445,-0.0012087763752788305,-0.0030951951630413532,0.0008906324510462582,0.0034401454031467438,24.930531030753627,5.446904614102095,-18.1130791704054
158,27.458436965942383,5.449999809265137,-13.990772247314453,-0.001324894605204463,-0.003080590395256877,0.0006839054985903203,0.003422442125156522,27.45711207133718,5.44691921886988,-13.990088341815863
159,29.309017181396484,5.449999809265137,-9.523077011108398,-0.001408367301337421,-0.0030691828578710556,0.00046336467494256794,0.0034085316583514214,29.307608814095147,5.446930626407266,-9.522613646433456
160,30.437911987304688,5.449999809265137,-4.820891857147217,-0.0014585211174562573,-0.0030617970041930676,0.00023386320390272886,0.0033994964323937893,30.43645346618723,5.446938012260944,-4.820657993943314
161,28.176401138305664,7.300000190734863,0.0,-0.0010496487375348806,-0.0026051271706819534,-1.0437599552445944e-19,0.0028086386155337095,28.17535148956813,7.297395063564181,-1.0437599552445944e-19
162,27.82950210571289,7.300000190734863,4.407760143280029,-0.0010378614533692598,-0.0026071842294186354,-0.00016780132136773318,0.002811178332194686,27.82846424425952,7.297393006505445,4.407592341958662
163,26.79734992980957,7.300000190734863,8.706987380981445,-0.0010023488430306315,-0.00261292839422822,-0.00033250098931603134,0.0028182717505842447,26.79634758096654,7.297387262340635,8.70665487999213
164,25.105356216430664,7.300000190734863,12.791818618774414,-0.0009428308694623411,-0.0026212490629404783,-0.000490668520797044,0.0028285388834774494,25.1044133855612,7.297378941671923,12.791327950253617
165,22.795188903808594,7.300000190734863,16.56167221069336,-0.0008594064274802804,-0.0026308875530958176,-0.000638473080471158,0.002840386936441064,22.794329497381113,7.2973693031817675,16.561033737612888
166,19.923723220825195,7.300000190734863,19.923723220825195,-0.0007530921720899642,-0.002641103696078062,-0.0007719985442236066,0.002852815669029951,19.922970128653105,7.297359087038785,19.92295122228097
167,16.56167221069336,7.300000190734863,22.795188903808594,-0.000626062392257154,-0.0026521366089582443,-0.0008878110093064606,0.0028660062234848738,16.561046148301102,7.297348054125905,22.794301092799287
168,12.791818618774414,7.300000190734863,25.105356216430664,-0.00048142048763111234,-0.0026652056258171797,-0.0009834370575845242,0.0028813600074499846,12.791337198286783,7.297334985109046,25.10437277937308
169,8.706987380981445,7.300000190734863,26.79734992980957,-0.00032262277090922,-0.002681898418813944,-0.0010573462350293994,0.0029008009005337954,8.706664758210536,7.297318292316049,26.79629258357454
170,4.407760143280029,7.300000190734863,27.82950210571289,-0.00015301266103051603,-0.0027033179067075253,-0.001108456403017044,0.0029257505666464567,4.407607130618999,7.297296872828156,27.828393649309874
171,0.0,7.300000190734863,28.176401138305664,2.421874705760274e-05,-0.0027295053005218506,-0.0011355706956237555,0.002956401091068983,2.421874705760274e-05,7.297270685434341,28.17526556761004
172,-4.407760143280029,7.300000190734863,27.82950210571289,0.00020578036492224783,-0.002760309027507901,-0.0011378645431250334,0.002992722438648343,-4.407554362915107,7.297239881707355,27.828364241169766
173,-8.706987380981445,7.300000190734863,26.79734992980957,0.00038850714918226004,-0.002796880668029189,-0.0011159108253195882,0.003036237321794033,-8.706598873832263,7.297203310066834,26.79623401898425
174,-12.791818618774414,7.300000190734863,25.105356216430664,0.0005686396034434438,-0.0028372860979288816,-0.001068577286787331,0.003084704279899597,-12.79124997917097,7.297162904636934,25.104287639143877
175,-16.56167221069336,7.300000190734863,22.795188903808594,0.0007367031648755074,-0.0028665075078606606,-0.0009873262606561184,0.0031200016383081675,-16.560935507528484,7.297133683227003,22.794201577547938
176,-19.923723220825195,7.300000190734863,19.923723220825195,0.0008779539493843913,-0.002866887953132391,-0.0008654944831505418,0.0031207259744405746,-19.92284526687581,7.297133302781731,19.922857726342045
177,-22.795188903808594,7.300000190734863,16.56167221069336,0.0009874071693047881,-0.002844936214387417,-0.0007130177109502256,0.0030946775805205107,-22.79420149663929,7.297155254520476,16.56095919298241
178,-25.105356216430664,7.300000190734863,12.791818618774414,0.0010719321435317397,-0.002822092268615961,-0.0005453689373098314,0.0030676815658807755,-25.104284284287132,7.297178098466247,12.791273249837104
179,-26.79734992980957,7.300000190734863,8.706987380981445,0.00113453168887645,-0.0028069335967302322,-0.00036901049315929413,0.0030499519780278206,-26.796215398120694,7.297193257138133,8.706618370488286
180,-27.82950210571289,7.300000190734863,4.407760143280029,0.0011727182427421212,-0.002797843422740698,-0.00018618395552039146,0.0030393849592655897,-27.82832938747015,7.297202347312123,4.407573959324509
181,-28.176401138305664,7.300000190734863,0.0,0.001185402856208384,-0.002794602420181036,-5.027253245312733e-19,0.003035619156435132,-28.175215735449456,7.297205588314682,-5.027253245312733e-19
182,-27.82950210571289,7.300000190734863,-4.407760143280029,0.0011727182427421212,-0.002797843422740698,0.00018618395552039146,0.0030393849592655897,-27.82832938747015,7.297202347312123,-4.407573959324509
183,-26.79734992980957,7.300000190734863,-8.706987380981445,0.00113453168887645,-0.0028069335967302322,0.00036901049315929413,0.0030499519780278206,-26.796215398120694,7.297193257138133,-8.706618370488286
184,-25.105356216430664,7.300000190734863,-12.791818618774414,0.0010719321435317397,-0.002822092268615961,0.0005453689373098314,0.0030676815658807755,-25.104284284287132,7.297178098466247,-12.791273249837104
185,-22.795188903808594,7.300000190734863,-16.56167221069336,0.0009874071693047881,-0.002844936214387417,0.0007130177109502256,0.0030946775805205107,-22.79420149663929,7.297155254520476,-16.56095919298241
186,-19.923723220825195,7.300000190734863,-19.923723220825195,0.0008779539493843913,-0.002866887953132391,0.0008654944831505418,0.0031207259744405746,-19.92284526687581,7.297133302781731,-19.922857726342045
187,-16.56167221069336,7.300000190734863,-22.795188903808594,0.0007367031648755074,-0.0028665075078606606,0.0009873262606561184,0.0031200016383081675,-16.560935507528484,7.297133683227003,-22.794201577547938
188,-12.791818618774414,7.300000190734863,-25.105356216430664,0.0005686396034434438,-0.0028372860979288816,0.001068577286787331,0.003084704279899597,-12.79124997917097,7.297162904636934,-25.104287639143877
189,-8.706987380981445,7.300000190734863,-26.79734992980957,0.00038850714918226004,-0.002796880668029189,0.0011159108253195882,0.003036237321794033,-8.706598873832263,7.297203310066834,-26.79623401898425
190,-4.407760143280029,7.300000190734863,-27.82950210571289,0.00020578036492224783,-0.002760309027507901,0.0011378645431250334,0.002992722438648343,-4.407554362915107,7.297239881707355,-27.828364241169766
191,-0.0,7.300000190734863,-28.176401138305664,2.421874705760274e-05,-0.0027295053005218506,0.0011355706956237555,0.002956401091068983,2.421874705760274e-05,7.297270685434341,-28.17526556761004
192,4.407760143280029,7.300000190734863,-27.82950210571289,-0.00015301266103051603,-0.0027033179067075253,0.001108456403017044,0.0029257505666464567,4.407607130618999,7.297296872828156,-27.828393649309874
193,8.706987380981445,7.300000190734863,-26.79734992980957,-0.00032262277090922,-0.002681898418813944,0.0010573462350293994,0.0029008009005337954,8.706664758210536,7.297318292316049,-26.79629258357454
194,12.791818618774414,7.300000190734863,-25.105356216430664,-0.00048142048763111234,-0.0026652056258171797,0.0009834370575845242,0.0028813600074499846,12.791337198286783,7.297334985109046,-25.10437277937308
195,16.56167221069336,7.300000190734863,-22.795188903808594,-0.000626062392257154,-0.0026521366089582443,0.0008878110093064606,0.0028660062234848738,16.561046148301102,7.297348054125905,-22.794301092799287
196,19.923723220825195,7.300000190734863,-19.923723220825195,-0.0007530921720899642,-0.002641103696078062,0.0007719985442236066,0.002852815669029951,19.922970128653105,7.297359087038785,-19.92295122228097
197,22.795188903808594,7.300000190734863,-16.56167221069336,-0.0008594064274802804,-0.0026308875530958176,0.000638473080471158,0.002840386936441064,22.794329497381113,7.2973693031817675,-16.561033737612888
198,25.105356216430664,7.300000190734863,-12.791818618774414,-0.0009428308694623411,-0.0026212490629404783,0.000490668520797044,0.0028285388834774494,25.1044133855612,7.297378941671923,-12.791327950253617
199,26.79734992980957,7.300000190734863,-8.706987380981445,-0.0010023488430306315,-0.00261292839422822,0.00033250098931603134,0.0028182717505842447,26.79634758096654,7.297387262340635,-8.70665487999213
200,27.82950210571289,7.300000190734863,-4.407760143280029,-0.0010378614533692598,-0.0026071842294186354,0.00016780132136773318,0.002811178332194686,27.82846424425952,7.297393006505445,-4.407592341958662
201,26.011310577392578,9.100000381469727,0.0,-0.0010351610835641623,-0.002698234748095274,-1.332859643955363e-19,0.0028899877797812223,26.010275416309014,9.097302146721631,-1.332859643955363e-19
202,25.691068649291992,9.100000381469727,4.069066047668457,-0.001023359363898635,-0.002699956763535738,-0.00016568321734666824,0.0028921414632350206,25.690045289928094,9.09730042470619,4.06890036445111
203,24.73822784423828,9.100000381469727,8.03793716430664,-0.0009878013515844941,-0.0027046496979892254,-0.000328090216498822,0.002898020902648568,24.737240042886697,9.097295731771737,8.037609074090142
204,23.17624855041504,9.100000381469727,11.80888843536377,-0.0009282058454118669,-0.002711054403334856,-0.00048357536434195936,0.0029060672968626022,23.175320344569627,9.097289327066392,11.808404859999428
205,21.04359245300293,9.100000381469727,15.28906536102295,-0.0008446582942269742,-0.002717619761824608,-0.0006279973313212395,0.0029143241699784994,21.042747794708703,9.097282761707902,15.288437363691628
206,18.39277458190918,9.100000381469727,18.39277458190918,-0.0007382423500530422,-0.0027232272550463676,-0.0007570310845039785,0.002921312116086483,18.392036339559127,9.09727715421468,18.392017550824676
207,15.28906536102295,9.100000381469727,21.04359245300293,-0.0006114314310252666,-0.0027278687339276075,-0.0008668939117342234,0.002926879096776247,15.288453929591924,9.097272512735799,21.042725559091195
208,11.80888843536377,9.100000381469727,23.17624855041504,-0.00046790699707344174,-0.0027328808791935444,-0.0009551032562740147,0.002932541072368622,11.808420528366696,9.097267500590533,23.175293447158765
209,8.03793716430664,9.100000381469727,24.73822784423828,-0.000311831827275455,-0.0027405316941440105,-0.0010207508457824588,0.002941034734249115,8.037625332479365,9.097259849775583,24.7372070933925
210,4.069066047668457,9.100000381469727,25.691068649291992,-0.00014702884072903544,-0.0027530838269740343,-0.001064017997123301,0.002955202478915453,4.068919018827728,9.097247297642753,25.69000463129487
211,0.0,9.100000381469727,26.011310577392578,2.338506055821199e-05,-0.0027718576602637768,-0.001085228519514203,0.0029768208041787148,2.338506055821199e-05,9.097228523809463,26.010225348873064
212,-4.069066047668457,9.100000381469727,25.691068649291992,0.00019669448374770582,-0.0027969221118837595,-0.0010841425973922014,0.0030061316210776567,-4.068869353184709,9.097203459357843,25.6899845066946
213,-8.03793716430664,9.100000381469727,24.73822784423828,0.0003699940862134099,-0.0028273763600736856,-0.001060027745552361,0.003042139345780015,-8.037567170220427,9.097173005109653,24.73716781649273
214,-11.80888843536377,9.100000381469727,23.17624855041504,0.0005393394967541099,-0.002859460888430476,-0.0010107489069923759,0.003080424852669239,-11.808349095867015,9.097140920581296,23.175237801508047
215,-15.28906536102295,9.100000381469727,21.04359245300293,0.0006968656089156866,-0.0028818300925195217,-0.0009303090046159923,0.003107417142018676,-15.288368495414034,9.097118551377207,21.042662143998314
216,-18.39277458190918,9.100000381469727,18.39277458190918,0.0008310304838232696,-0.0028825222980231047,-0.0008150023641064763,0.003108661388978362,-18.391943551425356,9.097117859171703,18.391959579545073
217,-21.04359245300293,9.100000381469727,15.28906536102295,0.0009365539881400764,-0.002865320071578026,-0.000672600232064724,0.00308862142264843,-21.04265589901479,9.097135061398149,15.288392760790884
218,-23.17624855041504,9.100000381469727,11.80888843536377,0.0010167441796511412,-0.0028443378396332264,-0.0005147723131813109,0.003064150223508477,-23.175231806235388,9.097156043630093,11.808373663050588
219,-24.73822784423828,9.100000381469727,8.03793716430664,0.001073829480446875,-0.0028271793853491545,-0.00034779487759806216,0.0030441770795732737,-24.737154014757834,9.097173202084377,8.037589369429043
220,-25.691068649291992,9.100000381469727,4.069066047668457,0.0011076389346271753,-0.002815677085891366,-0.00017517224478069693,0.003030773252248764,-25.689961010357365,9.097184704383835,4.068890875423676
221,-26.011310577392578,9.100000381469727,0.0,0.0011187554337084293,-0.0028115459717810154,-2.3308088505366076e-19,0.003025955054908991,-26.01019182195887,9.097188835497946,-2.3308088505366076e-19
222,-25.691068649291992,9.100000381469727,-4.069066047668457,0.0011076389346271753,-0.002815677085891366,0.00017517224478069693,0.003030773252248764,-25.689961010357365,9.097184704383835,-4.068890875423676
223,-24.73822784423828,9.100000381469727,-8.03793716430664,0.001073829480446875,-0.0028271793853491545,0.00034779487759806216,0.0030441770795732737,-24.737154014757834,9.097173202084377,-8.037589369429043
224,-23.17624855041504,9.100000381469727,-11.80888843536377,0.0010167441796511412,-0.0028443378396332264,0.0005147723131813109,0.003064150223508477,-23.175231806235388,9.097156043630093,-11.808373663050588
225,-21.04359245300293,9.100000381469727,-15.28906536102295,0.0009365539881400764,-0.002865320071578026,0.000672600232064724,0.00308862142264843,-21.04265589901479,9.097135061398149,-15.288392760790884
226,-18.39277458190918,9.100000381469727,-18.39277458190918,0.0008310304838232696,-0.0028825222980231047,0.0008150023641064763,0.003108661388978362,-18.391943551425356,9.097117859171703,-18.391959579545073
227,-15.28906536102295,9.100000381469727,-21.04359245300293,0.0006968656089156866,-0.0028818300925195217,0.0009303090046159923,0.003107417142018676,-15.288368495414034,9.097118551377207,-21.042662143998314
228,-11.80888843536377,9.100000381469727,-23.17624855041504,0.0005393394967541099,-0.002859460888430476,0.0010107489069923759,0.003080424852669239,-11.808349095867015,9.097140920581296,-23.175237801508047
229,-8.03793716430664,9.100000381469727,-24.73822784423828,0.0003699940862134099,-0.0028273763600736856,0.001060027745552361,0.003042139345780015,-8.037567170220427,9.097173005109653,-24.73716781649273
230,-4.069066047668457,9.100000381469727,-25.691068649291992,0.00019669448374770582,-0.0027969221118837595,0.0010841425973922014,0.0030061316210776567,-4.068869353184709,9.097203459357843,-25.6899845066946
231,-0.0,9.100000381469727,-26.011310577392578,2.338506055821199e-05,-0.0027718576602637768,0.001085228519514203,0.0029768208041787148,2.338506055821199e-05,9.097228523809463,-26.010225348873064
232,4.069066047668457,9.100000381469727,-25.691068649291992,-0.00014702884072903544,-0.0027530838269740343,0.001064017997123301,0.002955202478915453,4.068919018827728,9.097247297642753,-25.69000463129487
233,8.03793716430664,9.100000381469727,-24.73822784423828,-0.000311831827275455,-0.0027405316941440105,0.0010207508457824588,0.002941034734249115,8.037625332479365,9.097259849775583,-24.7372070933925
234,11.80888843536377,9.100000381469727,-23.17624855041504,-0.00046790699707344174,-0.0027328808791935444,0.0009551032562740147,0.002932541072368622,11.808420528366696,9.097267500590533,-23.175293447158765
235,15.28906536102295,9.100000381469727,-21.04359245300293,-0.0006114314310252666,-0.0027278687339276075,0.0008668939117342234,0.002926879096776247,15.288453929591924,9.097272512735799,-21.042725559091195
236,18.39277458190918,9.100000381469727,-18.39277458190918,-0.0007382423500530422,-0.0027232272550463676,0.0007570310845039785,0.002921312116086483,18.392036339559127,9.09727715421468,-18.392017550824676
237,21.04359245300293,9.100000381469727,-15.28906536102295,-0.0008446582942269742,-0.002717619761824608,0.0006279973313212395,0.0029143241699784994,21.042747794708703,9.097282761707902,-15.288437363691628
238,23.17624855041504,9.100000381469727,-11.80888843536377,-0.0009282058454118669,-0.002711054403334856,0.00048357536434195936,0.0029060672968626022,23.175320344569627,9.097289327066392,-11.808404859999428
239,24.73822784423828,9.100000381469727,-8.03793716430664,-0.0009878013515844941,-0.0027046496979892254,0.000328090216498822,0.002898020902648568,24.737240042886697,9.097295731771737,-8.037609074090142
240,25.691068649291992,9.100000381469727,-4.069066047668457,-0.001023359363898635,-0.002699956763535738,0.00016568321734666824,0.0028921414632350206,25.690045289928094,9.09730042470619,-4.06890036445111
241,23.846221923828125,10.899999618530273,0.0,-0.0010827099904417992,-0.002850825199857354,-3.030365317342477e-19,0.003049502382054925,23.845139213837683,10.897148793330416,-3.030365317342477e-19
242,23.55263328552246,10.899999618530273,3.7303709983825684,-0.0010700487764552236,-0.0028521467465907335,-0.0001733236131258309,0.0030511943623423576,23.551563236746006,10.897147471783683,3.7301976747694425
243,22.67910385131836,10.899999618530273,7.368887901306152,-0.0010320314904674888,-0.0028556964825838804,-0.0003429125645197928,0.0030557618010789156,22.678071819827892,10.89714392204769,7.3685449887416326
244,21.24713897705078,10.899999618530273,10.825958251953125,-0.0009686750709079206,-0.0028603444807231426,-0.0005047444719821215,0.0030618079472333193,21.246170301979873,10.89713927404955,10.825453507481143
245,19.2919979095459,10.899999618530273,14.016456604003906,-0.0008803798700682819,-0.002864580135792494,-0.000654379662591964,0.0030674256850034,19.29111752967583,10.897135038394481,14.015802224341314
246,16.861825942993164,10.899999618530273,16.861825942993164,-0.0007684496231377125,-0.0028671191539615393,-0.0007871899870224297,0.0030709209386259317,16.861057493370026,10.897132499376312,16.86103875300614
247,14.016456604003906,10.899999618530273,19.2919979095459,-0.0006355356890708208,-0.0028676255606114864,-0.0008990330388769507,0.003071716520935297,14.015821068314835,10.897131992969662,19.29109887650702
248,10.825958251953125,10.899999618530273,21.24713897705078,-0.000485607743030414,-0.002867183880880475,-0.0009871228830888867,0.0030709884595125914,10.825472644210095,10.897132434649393,21.246151854167692
249,7.368887901306152,10.899999618530273,22.67910385131836,-0.00032332417322322726,-0.0028682055417448282,-0.0010505811078473926,0.003071622224524617,7.368564577132929,10.897131412988529,22.678053270210512
250,3.7303709983825684,10.899999618530273,23.55263328552246,-0.00015307987632695585,-0.0028736693784594536,-0.00109019223600626,0.0030773247126489878,3.7302179185062414,10.897125949151814,23.551543093286455
251,0.0,10.899999618530273,23.846221923828125,2.165342630178202e-05,-0.0028858454897999763,-0.0011072134366258979,0.0030910344794392586,2.165342630178202e-05,10.897113773040473,23.8451147103915
252,-3.7303709983825684,10.899999618530273,23.55263328552246,0.00019807284115813673,-0.0029047359712421894,-0.001101581729017198,0.0031129096169024706,-3.7301729255414102,10.897094882559031,23.551531703793444
253,-7.368887901306152,10.899999618530273,22.67910385131836,0.0003728806332219392,-0.00292752287350595,-0.001071379752829671,0.0031396313570439816,-7.36851502067293,10.897072095656767,22.67803247156553
254,-10.825958251953125,10.899999618530273,21.24713897705078,0.0005414984771050513,-0.002949625253677368,-0.0010144219268113375,0.0031658427324146032,-10.82541675347602,10.897049993276596,21.24612455512397
255,-14.016456604003906,10.899999618530273,19.2919979095459,0.0006975207943469286,-0.002964643994346261,-0.0009286135900765657,0.0031840181909501553,-14.01575908320956,10.897034974535927,19.291069295955822
256,-16.861825942993164,10.899999618530273,16.861825942993164,0.0008332752622663975,-0.002966766944155097,-0.0008135393145494163,0.0031871460378170013,-16.860992667730898,10.897032851586118,16.861012403678615
257,-19.2919979095459,10.899999618530273,14.016456604003906,0.0009439900750294328,-0.0029571116901934147,-0.0006740555400028825,0.0031764726154506207,-19.29105391947087,10.89704250684008,14.015782548463903
258,-21.24713897705078,10.899999618530273,10.825958251953125,0.0010287548648193479,-0.0029418726917356253,-0.0005175500991754234,0.003159241983667016,-21.246110222185962,10.897057745838538,10.82544070185395
259,-22.67910385131836,10.899999618530273,7.368887901306152,0.0010875737061724067,-0.0029262516181916,-0.0003500023449305445,0.0031413796823471785,-22.678016277612187,10.897073366912082,7.368537898961222
260,-23.55263328552246,10.899999618530273,3.7303709983825684,0.0011216223938390613,-0.0029145791195333004,-0.00017627121997065842,0.0031279195100069046,-23.551511663128622,10.89708503941074,3.7301947271625977
261,-23.846221923828125,10.899999618530273,0.0,0.0011327381944283843,-0.002910295734182,-2.0103403404228115e-19,0.0031229660380631685,-23.845089185633697,10.897089322796091,-2.0103403404228115e-19
262,-23.55263328552246,10.899999618530273,-3.7303709983825684,0.0011216223938390613,-0.0029145791195333004,0.00017627121997065842,0.0031279195100069046,-23.551511663128622,10.89708503941074,-3.7301947271625977
263,-22.67910385131836,10.899999618530273,-7.368887901306152,0.0010875737061724067,-0.0029262516181916,0.0003500023449305445,0.0031413796823471785,-22.678016277612187,10.897073366912082,-7.368537898961222
264,-21.24713897705078,10.899999618530273,-10.825958251953125,0.0010287548648193479,-0.0029418726917356253,0.0005175500991754234,0.003159241983667016,-21.246110222185962,10.897057745838538,-10.82544070185395
265,-19.2919979095459,10.899999618530273,-14.016456604003906,0.0009439900750294328,-0.0029571116901934147,0.0006740555400028825,0.0031764726154506207,-19.29105391947087,10.89704250684008,-14.015782548463903
266,-16.861825942993164,10.899999618530273,-16.861825942993164,0.0008332752622663975,-0.002966766944155097,0.0008135393145494163,0.0031871460378170013,-16.860992667730898,10.897032851586118,-16.861012403678615
267,-14.016456604003906,10.899999618530273,-19.2919979095459,0.0006975207943469286,-0.002964643994346261,0.0009286135900765657,0.0031840181909501553,-14.01575908320956,10.897034974535927,-19.291069295955822
268,-10.825958251953125,10.899999618530273,-21.24713897705078,0.0005414984771050513,-0.002949625253677368,0.0010144219268113375,0.0031658427324146032,-10.82541675347602,10.897049993276596,-21.24612455512397
269,-7.368887901306152,10.899999618530273,-22.67910385131836,0.0003728806332219392,-0.00292752287350595,0.001071379752829671,0.0031396313570439816,-7.36851502067293,10.897072095656767,-22.67803247156553
270,-3.7303709983825684,10.899999618530273,-23.55263328552246,0.00019807284115813673,-0.0029047359712421894,0.001101581729017198,0.0031129096169024706,-3.7301729255414102,10.897094882559031,-23.551531703793444
271,-0.0,10.899999618530273,-23.846221923828125,2.165342630178202e-05,-0.0028858454897999763,0.0011072134366258979,0.0030910344794392586,2.165342630178202e-05,10.897113773040473,-23.8451147103915
272,3.7303709983825684,10.899999618530273,-23.55263328552246,-0.00015307987632695585,-0.0028736693784594536,0.00109019223600626,0.0030773247126489878,3.7302179185062414,10.897125949151814,-23.551543093286455
273,7.368887901306152,10.899999618530273,-22.67910385131836,-0.00032332417322322726,-0.0028682055417448282,0.0010505811078473926,0.003071622224524617,7.368564577132929,10.897131412988529,-22.678053270210512
274,10.825958251953125,10.899999618530273,-21.24713897705078,-0.000485607743030414,-0.002867183880880475,0.0009871228830888867,0.0030709884595125914,10.825472644210095,10.897132434649393,-21.246151854167692
275,14.016456604003906,10.899999618530273,-19.2919979095459,-0.0006355356890708208,-0.0028676255606114864,0.0008990330388769507,0.003071716520935297,14.015821068314835,10.897131992969662,-19.29109887650702
276,16.861825942993164,10.899999618530273,-16.861825942993164,-0.0007684496231377125,-0.0028671191539615393,0.0007871899870224297,0.0030709209386259317,16.861057493370026,10.897132499376312,-16.86103875300614
277,19.2919979095459,10.899999618530273,-14.016456604003906,-0.0008803798700682819,-0.002864580135792494,0.000654379662591964,0.0030674256850034,19.29111752967583,10.897135038394481,-14.015802224341314
278,21.24713897705078,10.899999618530273,-10.825958251953125,-0.0009686750709079206,-0.0028603444807231426,0.0005047444719821215,0.0030618079472333193,21.246170301979873,10.89713927404955,-10.825453507481143
279,22.67910385131836,10.899999618530273,-7.368887901306152,-0.0010320314904674888,-0.0028556964825838804,0.0003429125645197928,0.0030557618010789156,22.678071819827892,10.89714392204769,-7.3685449887416326
280,23.55263328552246,10.899999618530273,-3.7303709983825684,-0.0010700487764552236,-0.0028521467465907335,0.0001733236131258309,0.0030511943623423576,23.551563236746006,10.897147471783683,-3.7301976747694425
281,22.281728744506836,12.75,0.0,-0.0008846526616252959,-0.0027442898135632277,-4.859751239222276e-19,0.0028833551332354546,22.28084409184521,12.747255710186437,-4.859751239222276e-19
282,22.007402420043945,12.75,3.4856300354003906,-0.000874181161634624,-0.002745322184637189,-0.00014226209896150976,0.002884653164073825,22.00652823888231,12.747254677815363,3.485487773301429
283,21.19118309020996,12.75,6.885433197021484,-0.000842867128085345,-0.0027481592260301113,-0.0002814456820487976,0.0028882548213005066,21.190340223081876,12.74725184077397,6.885151751339436
284,19.853164672851562,12.75,10.115693092346191,-0.0007909874548204243,-0.0027520391158759594,-0.00041434873128309846,0.002893279306590557,19.852373685396742,12.747247960884124,10.115278743614908
285,18.026296615600586,12.75,13.096871376037598,-0.0007190069300122559,-0.0027558079455047846,-0.000537484826054424,0.002898333827033639,18.025577608670574,12.747244192054495,13.096333891211543
286,15.755560874938965,12.75,15.755560874938965,-0.000627830857411027,-0.0027582503389567137,-0.0006470298394560814,0.0029018553905189037,15.754933044081554,12.747241749661043,15.754913845099509
287,13.096871376037598,12.75,18.026296615600586,-0.0005192720564082265,-0.0027586626820266247,-0.0007391587132588029,0.002902794862166047,13.09635210398119,12.747241337317973,18.025557456887327
288,10.115693092346191,12.75,19.853164672851562,-0.00039638951420783997,-0.0027574640698730946,-0.0008108660695143044,0.0029014197643846273,10.115296702831984,12.747242535930127,19.852353806782048
289,6.885433197021484,12.75,21.19118309020996,-0.00026325121871195734,-0.0027564794290810823,-0.0008609196520410478,0.0028997694607824087,6.885169945802772,12.747243520570919,21.19032217055792
290,3.4856300354003906,12.75,22.007402420043945,-0.00012400970445014536,-0.002758483635261655,-0.0008901091059669852,0.0029011901933699846,3.4855060256959405,12.747241516364738,22.00651231093798
291,0.0,12.75,22.281728744506836,1.809081732062623e-05,-0.0027658462058752775,-0.0009000853169709444,0.0029086743015795946,1.809081732062623e-05,12.747234153794125,22.280828659189865
292,-3.4856300354003906,12.75,22.007402420043945,0.00016069317643996328,-0.0027786896098405123,-0.0008911829208955169,0.0029225237667560577,-3.4854693422239507,12.74722131039016,22.00651123712305
293,-6.885433197021484,12.75,21.19118309020996,0.00030108974897302687,-0.002794416854158044,-0.0008619275758974254,0.002939785597845912,-6.885132107272511,12.747205583145842,21.190321162634064
294,-10.115693092346191,12.75,19.853164672851562,0.0004358145233709365,-0.0028095589950680733,-0.0008114611264318228,0.0029566914308816195,-10.11525727782282,12.747190441004932,19.85235321172513
295,-13.096871376037598,12.75,18.026296615600586,0.0005611009546555579,-0.00282055395655334,-0.0007400003378279507,0.0029695050325244665,-13.096310275082942,12.747179446043447,18.025556615262758
296,-15.755560874938965,12.75,15.755560874938965,0.0006725607090629637,-0.002824333729222417,-0.0006482565659098327,0.002974800067022443,-15.754888314229902,12.747175666270778,15.754912618373055
297,-18.026296615600586,12.75,13.096871376037598,0.0007665786542929709,-0.0028210605960339308,-0.0005389551515690982,0.0029726249631494284,-18.025530036946293,12.747178939403966,13.096332420886029
298,-19.853164672851562,12.75,10.115693092346191,0.0008407868444919586,-0.0028133532032370567,-0.0004157127987127751,0.00296558509580791,-19.85232388600707,12.747186646796763,10.115277379547479
299,-21.19118309020996,12.75,6.885433197021484,0.0008931852644309402,-0.00280395639128983,-0.0002821388770826161,0.0029562737327069044,-21.19028990494553,12.74719604360871,6.885151058144402
300,-22.007402420043945,12.75,3.4856300354003906,0.0009237494086846709,-0.002796270651742816,-0.00014239310985431075,0.0029483416583389044,-22.00647867063526,12.747203729348257,3.4854876422905363
301,-22.281728744506836,12.75,0.0,0.0009337654919363558,-0.0027933549135923386,2.1075820130239262e-19,0.002945292741060257,-22.2807949790149,12.747206645086408,2.1075820130239262e-19
302,-22.007402420043945,12.75,-3.4856300354003906,0.0009237494086846709,-0.002796270651742816,0.00014239310985431075,0.0029483416583389044,-22.00647867063526,12.747203729348257,-3.4854876422905363
303,-21.19118309020996,12.75,-6.885433197021484,0.0008931852644309402,-0.00280395639128983,0.0002821388770826161,0.0029562737327069044,-21.19028990494553,12.74719604360871,-6.885151058144402
304,-19.853164672851562,12.75,-10.115693092346191,0.0008407868444919586,-0.0028133532032370567,0.0004157127987127751,0.00296558509580791,-19.85232388600707,12.747186646796763,-10.115277379547479
305,-18.026296615600586,12.75,-13.096871376037598,0.0007665786542929709,-0.0028210605960339308,0.0005389551515690982,0.0029726249631494284,-18.025530036946293,12.747178939403966,-13.096332420886029
306,-15.755560874938965,12.75,-15.755560874938965,0.0006725607090629637,-0.002824333729222417,0.0006482565659098327,0.002974800067022443,-15.754888314229902,12.747175666270778,-15.754912618373055
307,-13.096871376037598,12.75,-18.026296615600586,0.0005611009546555579,-0.00282055395655334,0.0007400003378279507,0.0029695050325244665,-13.096310275082942,12.747179446043447,-18.025556615262758
308,-10.115693092346191,12.75,-19.853164672851562,0.0004358145233709365,-0.0028095589950680733,0.0008114611264318228,0.0029566914308816195,-10.11525727782282,12.747190441004932,-19.85235321172513
309,-6.885433197021484,12.75,-21.19118309020996,0.00030108974897302687,-0.002794416854158044,0.0008619275758974254,0.002939785597845912,-6.885132107272511,12.747205583145842,-21.190321162634064
310,-3.4856300354003906,12.75,-22.007402420043945,0.00016069317643996328,-0.0027786896098405123,0.0008911829208955169,0.0029225237667560577,-3.4854693422239507,12.74722131039016,-22.00651123712305
311,-0.0,12.75,-22.281728744506836,1.809081732062623e-05,-0.0027658462058752775,0.0009000853169709444,0.0029086743015795946,1.809081732062623e-05,12.747234153794125,-22.280828659189865
312,3.4856300354003906,12.75,-22.007402420043945,-0.00012400970445014536,-0.002758483635261655,0.0008901091059669852,0.0029011901933699846,3.4855060256959405,12.747241516364738,-22.00651231093798
313,6.885433197021484,12.75,-21.19118309020996,-0.00026325121871195734,-0.0027564794290810823,0.0008609196520410478,0.0028997694607824087,6.885169945802772,12.747243520570919,-21.19032217055792
314,10.115693092346191,12.75,-19.853164672851562,-0.00039638951420783997,-0.0027574640698730946,0.0008108660695143044,0.0029014197643846273,10.115296702831984,12.747242535930127,-19.852353806782048
315,13.096871376037598,12.75,-18.026296615600586,-0.0005192720564082265,-0.0027586626820266247,0.0007391587132588029,0.002902794862166047,13.09635210398119,12.747241337317973,-18.025557456887327
316,15.755560874938965,12.75,-15.755560874938965,-0.000627830857411027,-0.0027582503389567137,0.0006470298394560814,0.0029018553905189037,15.754933044081554,12.747241749661043,-15.754913845099509
317,18.026296615600586,12.75,-13.096871376037598,-0.0007190069300122559,-0.0027558079455047846,0.000537484826054424,0.002898333827033639,18.025577608670574,12.747244192054495,-13.096333891211543
318,19.853164672851562,12.75,-10.115693092346191,-0.0007909874548204243,-0.0027520391158759594,0.00041434873128309846,0.002893279306590557,19.852373685396742,12.747247960884124,-10.115278743614908
319,21.19118309020996,12.75,-6.885433197021484,-0.000842867128085345,-0.0027481592260301113,0.0002814456820487976,0.0028882548213005066,21.190340223081876,12.74725184077397,-6.885151751339436
320,22.007402420043945,12.75,-3.4856300354003906,-0.000874181161634624,-0.002745322184637189,0.00014226209896150976,0.002884653164073825,22.00652823888231,12.747254677815363,-3.485487773301429
321,20.717235565185547,14.600000381469727,0.0,-0.0007288456545211375,-0.002667997032403946,-6.518408633634779e-19,0.0027657593600451946,20.716506719531026,14.597332384437323,-6.518408633634779e-19
322,20.46217155456543,14.600000381469727,3.2408900260925293,-0.0007198594394139946,-0.002668611239641905,-0.00011793252633651718,0.002766512567177415,20.461451695126016,14.597331770230085,3.240772093566193
323,19.703262329101562,14.600000381469727,6.401978015899658,-0.0006931909592822194,-0.0026703698094934225,-0.00023315132420975715,0.002768708625808358,19.70256913814228,14.597330011660233,6.4017448645754484
324,18.459192276000977,14.600000381469727,9.405427932739258,-0.0006495672860182822,-0.0026729737874120474,-0.0003430285141803324,0.002772074192762375,18.45854270871496,14.597327407682315,9.405084904225077
325,16.760595321655273,14.600000381469727,12.177285194396973,-0.0005898707313463092,-0.0026758317835628986,-0.0004449218395166099,0.0027759643271565437,16.760005450923927,14.597324549686164,12.176840272557456
326,14.649297714233398,14.600000381469727,14.649297714233398,-0.0005150341312400997,-0.0026781067717820406,-0.0005359416245482862,0.0027793433982878923,14.648782680102158,14.597322274697945,14.64876177260885
327,12.177285194396973,14.600000381469727,16.760595321655273,-0.00042630385723896325,-0.0026790096890181303,-0.0006128904642537236,0.0027810900937765837,12.176858890539734,14.597321371780708,16.75998243119102
328,9.405427932739258,14.600000381469727,18.459192276000977,-0.00032572582131251693,-0.002678325166925788,-0.0006727334694005549,0.002780664013698697,9.405102206917945,14.5973220563028,18.458519542531576
329,6.401978015899658,14.600000381469727,19.703262329101562,-0.00021636055316776037,-0.0026768792886286974,-0.0007135328487493098,0.0027787808794528246,6.40176165534649,14.597323502181098,19.702548796252813
330,3.2408900260925293,14.600000381469727,20.46217155456543,-0.0001018046386889182,-0.002676426898688078,-0.0007350544910877943,0.002777396235615015,3.2407882214538404,14.597323954571038,20.461436500074342
331,0.0,14.600000381469727,20.717235565185547,1.462830914533697e-05,-0.0026786879170686007,-0.0007382450276054442,0.0027785946149379015,1.462830914533697e-05,14.597321693552658,20.71649732015794
332,-3.2408900260925293,14.600000381469727,20.46217155456543,0.0001302002783631906,-0.0026840404607355595,-0.0007238740217871964,0.002782987430691719,-3.240759825814166,14.597316341008991,20.461447680543642
333,-6.401978015899658,14.600000381469727,19.703262329101562,0.0002424065169179812,-0.002691281260922551,-0.0006923244218342006,0.0027894568629562855,-6.40173560938274,14.597309100208804,19.70257000467973
334,-9.405427932739258,14.600000381469727,18.459192276000977,0.0003492076357360929,-0.002698981435969472,-0.0006451162626035511,0.0027968951035290956,-9.405078725103522,14.597301400033757,18.458547159738373
335,-12.177285194396973,14.600000381469727,16.760595321655273,0.00044920676737092435,-0.0027059316635131836,-0.0005843918188475072,0.0028045261278748512,-12.176835987629602,14.597294449806213,16.760010929836426
336,-14.649297714233398,14.600000381469727,14.649297714233398,0.0005407565040513873,-0.002710874192416668,-0.0005113230436109006,0.0028111757710576057,-14.648756957729347,14.59728950727731,14.648786391189788
337,-16.760595321655273,14.600000381469727,12.177285194396973,0.0006219010683707893,-0.0027135617565363646,-0.00042684670188464224,0.0028164475224912167,-16.759973420586903,14.59728681971319,12.176858347695088
338,-18.459192276000977,14.600000381469727,9.405427932739258,0.0006898166611790657,-0.0027143617626279593,-0.0003317240334581584,0.0028202212415635586,-18.458502459339797,14.597286019707099,9.4050962087058
339,-19.703262329101562,14.600000381469727,6.401978015899658,0.0007406229851767421,-0.002713521011173725,-0.00022698877728544176,0.0028219218365848064,-19.702521706116386,14.597286860458553,6.401751027122373
340,-20.46217155456543,14.600000381469727,3.2408900260925293,0.0007717065163888037,-0.002712101209908724,-0.000115252158138901,0.002822110429406166,-20.46139984804904,14.597288280259818,3.2407747739343904
341,-20.717235565185547,14.600000381469727,0.0,0.0007821578765287995,-0.00271145929582417,3.3533028323377733e-19,0.0028220172971487045,-20.716453407309018,14.597288922173902,3.3533028323377733e-19
342,-20.46217155456543,14.600000381469727,-3.2408900260925293,0.0007717065163888037,-0.002712101209908724,0.000115252158138901,0.002822110429406166,-20.46139984804904,14.597288280259818,-3.2407747739343904
343,-19.703262329101562,14.600000381469727,-6.401978015899658,0.0007406229851767421,-0.002713521011173725,0.00022698877728544176,0.0028219218365848064,-19.702521706116386,14.597286860458553,-6.401751027122373
344,-18.459192276000977,14.600000381469727,-9.405427932739258,0.0006898166611790657,-0.0027143617626279593,0.0003317240334581584,0.0028202212415635586,-18.458502459339797,14.597286019707099,-9.4050962087058
345,-16.760595321655273,14.600000381469727,-12.177285194396973,0.0006219010683707893,-0.0027135617565363646,0.00042684670188464224,0.0028164475224912167,-16.759973420586903,14.59728681971319,-12.176858347695088
346,-14.649297714233398,14.600000381469727,-14.649297714233398,0.0005407565040513873,-0.002710874192416668,0.0005113230436109006,0.0028111757710576057,-14.648756957729347,14.59728950727731,-14.648786391189788
347,-12.177285194396973,14.600000381469727,-16.760595321655273,0.00044920676737092435,-0.0027059316635131836,0.0005843918188475072,0.0028045261278748512,-12.176835987629602,14.597294449806213,-16.760010929836426
348,-9.405427932739258,14.600000381469727,-18.459192276000977,0.0003492076357360929,-0.002698981435969472,0.0006451162626035511,0.0027968951035290956,-9.405078725103522,14.597301400033757,-18.458547159738373
349,-6.401978015899658,14.600000381469727,-19.703262329101562,0.0002424065169179812,-0.002691281260922551,0.0006923244218342006,0.0027894568629562855,-6.40173560938274,14.597309100208804,-19.70257000467973
350,-3.2408900260925293,14.600000381469727,-20.46217155456543,0.0001302002783631906,-0.0026840404607355595,0.0007238740217871964,0.002782987430691719,-3.240759825814166,14.597316341008991,-20.461447680543642
351,-0.0,14.600000381469727,-20.717235565185547,1.462830914533697e-05,-0.0026786879170686007,0.0007382450276054442,0.0027785946149379015,1.462830914533697e-05,14.597321693552658,-20.71649732015794
352,3.2408900260925293,14.600000381469727,-20.46217155456543,-0.0001018046386889182,-0.002676426898688078,0.0007350544910877943,0.002777396235615015,3.2407882214538404,14.597323954571038,-20.461436500074342
353,6.401978015899658,14.600000381469727,-19.703262329101562,-0.00021636055316776037,-0.0026768792886286974,0.0007135328487493098,0.0027787808794528246,6.40176165534649,14.597323502181098,-19.702548796252813
354,9.405427932739258,14.600000381469727,-18.459192276000977,-0.00032572582131251693,-0.002678325166925788,0.0006727334694005549,0.002780664013698697,9.405102206917945,14.5973220563028,-18.458519542531576
355,12.177285194396973,14.600000381469727,-16.760595321655273,-0.00042630385723896325,-0.0026790096890181303,0.0006128904642537236,0.0027810900937765837,12.176858890539734,14.597321371780708,-16.75998243119102
356,14.649297714233398,14.600000381469727,-14.649297714233398,-0.0005150341312400997,-0.0026781067717820406,0.0005359416245482862,0.0027793433982878923,14.648782680102158,14.597322274697945,-14.64876177260885
357,16.760595321655273,14.600000381469727,-12.177285194396973,-0.0005898707313463092,-0.0026758317835628986,0.0004449218395166099,0.0027759643271565437,16.760005450923927,14.597324549686164,-12.176840272557456
358,18.459192276000977,14.600000381469727,-9.405427932739258,-0.0006495672860182822,-0.0026729737874120474,0.0003430285141803324,0.002772074192762375,18.45854270871496,14.597327407682315,-9.405084904225077
359,19.703262329101562,14.600000381469727,-6.401978015899658,-0.0006931909592822194,-0.0026703698094934225,0.00023315132420975715,0.002768708625808358,19.70256913814228,14.597330011660233,-6.4017448645754484
360,20.46217155456543,14.600000381469727,-3.2408900260925293,-0.0007198594394139946,-0.002668611239641905,0.00011793252633651718,0.002766512567177415,20.461451695126016,14.597331770230085,-3.240772093566193
361,19.81792640686035,16.399999618530273,0.0,-0.0006974200368858874,-0.002686795312911272,-2.7313395259045576e-19,0.002775835571810603,19.817228986823466,16.397312823217362,-2.7313395259045576e-19
362,19.57393455505371,16.399999618530273,3.1002070903778076,-0.000688280735630542,-0.002687102183699608,-0.00011298953904770315,0.002776151290163398,19.57324627431808,16.397312516346574,3.10009410083876
363,18.84796714782715,16.399999618530273,6.124075889587402,-0.000661369995214045,-0.002688030945137143,-0.00022303970763459802,0.002777168760076165,18.847305777831934,16.397311587585136,6.123852849879768
364,17.657901763916016,16.399999618530273,8.997150421142578,-0.0006179998745210469,-0.002689548535272479,-0.00032755089341662824,0.002779007889330387,17.657283764041495,16.397310069995,8.996822870249161
365,16.033039093017578,16.399999618530273,11.648685455322266,-0.0005597897106781602,-0.0026914633344858885,-0.000424327387008816,0.0027816169895231724,16.0324793033069,16.397308155195788,11.648261127935257
366,14.013389587402344,16.399999618530273,14.013389587402344,-0.00048819324001669884,-0.0026933415792882442,-0.0005112663493491709,0.0027845671866089106,14.012901394162327,16.397306276950985,14.012878321052995
367,11.648685455322266,16.399999618530273,16.033039093017578,-0.0004043887311127037,-0.002694577444344759,-0.0005858606891706586,0.002787025412544608,11.648281066591153,16.39730504108593,16.032453232328407
368,8.997150421142578,16.399999618530273,17.657901763916016,-0.0003097096923738718,-0.002694682450965047,-0.0006449855281971395,0.0027880531270056963,8.996840711450204,16.39730493607931,17.65725677838782
369,6.124075889587402,16.399999618530273,18.84796714782715,-0.00020631936786230654,-0.0026936777867376804,-0.0006853852537460625,0.0027871527709066868,6.12386957021954,16.397305940743536,18.847281762573402
370,3.1002070903778076,16.399999618530273,19.57393455505371,-9.751810284797102e-05,-0.0026922551915049553,-0.0007047222461551428,0.0027846689336001873,3.1001095722749596,16.39730736333877,19.573229832807556
371,0.0,16.399999618530273,19.81792640686035,1.2676970072789118e-05,-0.0026914644986391068,-0.000702555465977639,0.0027816768269985914,1.2676970072789118e-05,16.397308154031634,19.817223851394374
372,-3.1002070903778076,16.399999618530273,19.57393455505371,0.00012047753989463672,-0.0026920391246676445,-0.0006804877193644643,0.0027793259359896183,-3.100086612837913,16.397307579405606,19.573254067334346
373,-6.124075889587402,16.399999618530273,18.84796714782715,0.00022314966190606356,-0.0026940496172755957,-0.0006416659452952445,0.0027783869300037622,-6.123852739925496,16.397305568912998,18.847325481881853
374,-8.997150421142578,16.399999618530273,17.657901763916016,0.00031963048968464136,-0.002697398653253913,-0.0005904138088226318,0.0027796963695436716,-8.996830790652893,16.39730221987702,17.657311350107193
375,-11.648685455322266,16.399999618530273,16.033039093017578,0.00041041316580958664,-0.002701900899410248,-0.0005304338410496712,0.002783894306048751,-11.648275042156456,16.397297717630863,16.03250865917653
376,-14.013389587402344,16.399999618530273,14.013389587402344,0.0004959343932569027,-0.0027070422656834126,-0.0004630942130461335,0.0027907858602702618,-14.012893653009087,16.39729257626459,14.012926493189298
377,-16.033039093017578,16.399999618530273,11.648685455322266,0.0005756702739745378,-0.002712547779083252,-0.000388241809559986,0.0028000078164041042,-16.032463422743604,16.39728707075119,11.648297213512706
378,-17.657901763916016,16.399999618530273,8.997150421142578,0.0006470662774518132,-0.0027180651668459177,-0.0003045400371775031,0.0028105725068598986,-17.657254697638564,16.397281553363428,8.9968458811054
379,-18.84796714782715,16.399999618530273,6.124075889587402,0.0007046824903227389,-0.00272270105779171,-0.00021076294069644064,0.0028203013353049755,-18.847262465336826,16.39727691747248,6.123865126646706
380,-19.57393455505371,16.399999618530273,3.1002070903778076,0.0007424335344694555,-0.0027257525362074375,-0.00010803176701301709,0.0028271195478737354,-19.57319212151924,16.397273865994066,3.1000990586107946
381,-19.81792640686035,16.399999618530273,0.0,0.0007556492928415537,-0.0027268342673778534,9.529958823215942e-20,0.002829599194228649,-19.81717075756751,16.397272784262896,9.529958823215942e-20
382,-19.57393455505371,16.399999618530273,-3.1002070903778076,0.0007424335344694555,-0.0027257525362074375,0.00010803176701301709,0.0028271195478737354,-19.57319212151924,16.397273865994066,-3.1000990586107946
383,-18.84796714782715,16.399999618530273,-6.124075889587402,0.0007046824903227389,-0.00272270105779171,0.00021076294069644064,0.0028203013353049755,-18.847262465336826,16.39727691747248,-6.123865126646706
384,-17.657901763916016,16.399999618530273,-8.997150421142578,0.0006470662774518132,-0.0027180651668459177,0.0003045400371775031,0.0028105725068598986,-17.657254697638564,16.397281553363428,-8.9968458811054
385,-16.033039093017578,16.399999618530273,-11.648685455322266,0.0005756702739745378,-0.002712547779083252,0.000388241809559986,0.0028000078164041042,-16.032463422743604,16.39728707075119,-11.648297213512706
386,-14.013389587402344,16.399999618530273,-14.013389587402344,0.0004959343932569027,-0.0027070422656834126,0.0004630942130461335,0.0027907858602702618,-14.012893653009087,16.39729257626459,-14.012926493189298
387,-11.648685455322266,16.399999618530273,-16.033039093017578,0.00041041316580958664,-0.002701900899410248,0.0005304338410496712,0.002783894306048751,-11.648275042156456,16.397297717630863,-16.03250865917653
388,-8.997150421142578,16.399999618530273,-17.657901763916016,0.00031963048968464136,-0.002697398653253913,0.0005904138088226318,0.0027796963695436716,-8.996830790652893,16.39730221987702,-17.657311350107193
389,-6.124075889587402,16.399999618530273,-18.84796714782715,0.00022314966190606356,-0.0026940496172755957,0.0006416659452952445,0.0027783869300037622,-6.123852739925496,16.397305568912998,-18.847325481881853
390,-3.1002070903778076,16.399999618530273,-19.57393455505371,0.00012047753989463672,-0.0026920391246676445,0.0006804877193644643,0.0027793259359896183,-3.100086612837913,16.397307579405606,-19.573254067334346
391,-0.0,16.399999618530273,-19.81792640686035,1.2676970072789118e-05,-0.0026914644986391068,0.000702555465977639,0.0027816768269985914,1.2676970072789118e-05,16.397308154031634,-19.817223851394374
392,3.1002070903778076,16.399999618530273,-19.57393455505371,-9.751810284797102e-05,-0.0026922551915049553,0.0007047222461551428,0.0027846689336001873,3.1001095722749596,16.39730736333877,-19.573229832807556
393,6.124075889587402,16.399999618530273,-18.84796714782715,-0.00020631936786230654,-0.0026936777867376804,0.0006853852537460625,0.0027871527709066868,6.12386957021954,16.397305940743536,-18.847281762573402
394,8.997150421142578,16.399999618530273,-17.657901763916016,-0.0003097096923738718,-0.002694682450965047,0.0006449855281971395,0.0027880531270056963,8.996840711450204,16.39730493607931,-17.65725677838782
395,11.648685455322266,16.399999618530273,-16.033039093017578,-0.0004043887311127037,-0.002694577444344759,0.0005858606891706586,0.002787025412544608,11.648281066591153,16.39730504108593,-16.032453232328407
396,14.013389587402344,16.399999618530273,-14.013389587402344,-0.00048819324001669884,-0.0026933415792882442,0.0005112663493491709,0.0027845671866089106,14.012901394162327,16.397306276950985,-14.012878321052995
397,16.033039093017578,16.399999618530273,-11.648685455322266,-0.0005597897106781602,-0.0026914633344858885,0.000424327387008816,0.0027816169895231724,16.0324793033069,16.397308155195788,-11.648261127935257
398,17.657901763916016,16.399999618530273,-8.997150421142578,-0.0006179998745210469,-0.002689548535272479,0.00032755089341662824,0.002779007889330387,17.657283764041495,16.397310069995,-8.996822870249161
399,18.84796714782715,16.399999618530273,-6.124075889587402,-0.000661369995214045,-0.002688030945137143,0.00022303970763459802,0.002777168760076165,18.847305777831934,16.397311587585136,-6.123852849879768
400,19.57393455505371,16.399999618530273,-3.1002070903778076,-0.000688280735630542,-0.002687102183699608,0.00011298953904770315,0.002776151290163398,19.57324627431808,16.397312516346574,-3.10009410083876
401,18.918617248535156,18.200000762939453,0.0,-0.0006629766430705786,-0.0026992165949195623,-1.977935798419988e-19,0.002779443748295307,18.917954271892086,18.197301546344534,-1.977935798419988e-19
402,18.685697555541992,18.200000762939453,2.959523916244507,-0.00065385497873649,-0.002699296921491623,-0.00010772631503641605,0.002779448637738824,18.685043700563256,18.19730146601796,2.9594161899294704
403,17.992673873901367,18.200000762939453,5.8461737632751465,-0.0006271010497584939,-0.0026995944790542126,-0.0002124272723449394,0.0027796027716249228,17.99204677285161,18.1973011684604,5.8459613360028015
404,16.856611251831055,18.200000762939453,8.588872909545898,-0.0005843467079102993,-0.0027002389542758465,-0.0003115391591563821,0.0027802533004432917,16.856026905123144,18.197300523985177,8.588561370386742
405,15.305482864379883,18.200000762939453,11.120083808898926,-0.0005277130985632539,-0.0027013251092284918,-0.0004031541175208986,0.0027817569207400084,15.30495515128132,18.197299437830225,11.119680654781405
406,13.377483367919922,18.200000762939453,13.377483367919922,-0.00045915681403130293,-0.0027027784381061792,-0.0004857573367189616,0.0027842046692967415,13.37702421110589,18.197297984501347,13.376997610583203
407,11.120083808898926,18.200000762939453,15.305482864379883,-0.0003800451522693038,-0.002704259008169174,-0.0005575164104811847,0.0027871625497937202,11.119703763746656,18.197296503931284,15.304925347969402
408,8.588872909545898,18.200000762939453,16.856611251831055,-0.0002913332136813551,-0.0027051910292357206,-0.000615520984865725,0.002789587713778019,8.588581576332217,18.197295571910217,16.85599573084619
409,5.8461737632751465,18.200000762939453,17.992673873901367,-0.000194401916814968,-0.002704971469938755,-0.0006556889275088906,0.0027900878340005875,5.8459793613583315,18.197295791469514,17.99201818497386
410,2.959523916244507,18.200000762939453,18.685697555541992,-9.200697240885347e-05,-0.0027033002115786076,-0.0006739196251146495,0.0027875553350895643,2.959431909272098,18.197297462727875,18.685023635916878
411,0.0,18.200000762939453,18.918617248535156,1.1595929208851885e-05,-0.0027004776056855917,-0.0006683026440441608,0.0027819673996418715,1.1595929208851885e-05,18.197300285333768,18.917948945891112
412,-2.959523916244507,18.200000762939453,18.685697555541992,0.00011191066005267203,-0.0026974226348102093,-0.0006407930632121861,0.0027747484855353832,-2.959412005584454,18.197303340304643,18.68505676247878
413,-5.8461737632751465,18.200000762939453,17.992673873901367,0.00020606667385436594,-0.0026953292544931173,-0.0005967383622191846,0.0027682774234563112,-5.845967696601292,18.19730543368496,17.992077135539148
414,-8.588872909545898,18.200000762939453,16.856611251831055,0.00029388649272732437,-0.002695285715162754,-0.0005427210126072168,0.002765046199783683,-8.588579023053171,18.19730547722429,16.856068530818447
415,-11.120083808898926,18.200000762939453,15.305482864379883,0.0003770920156966895,-0.002697864780202508,-0.00048354206955991685,0.0027666741516441107,-11.119706716883229,18.19730289815925,15.304999322310323
416,-13.377483367919922,18.200000762939453,13.377483367919922,0.00045733898878097534,-0.002703009406104684,-0.0004206451412755996,0.0027735105250030756,-13.377026028931141,18.19729775353335,13.377062722778646
417,-15.305482864379883,18.200000762939453,11.120083808898926,0.0005350831197574735,-0.0027104392647743225,-0.00035317710717208683,0.002785234246402979,-15.304947781260125,18.19729032367468,11.119730631791754
418,-16.856611251831055,18.200000762939453,8.588872909545898,0.0006080025341361761,-0.0027193897403776646,-0.00027868710458278656,0.0028004308696836233,-16.85600324929692,18.197281373199075,8.588594222441316
419,-17.992673873901367,18.200000762939453,5.8461737632751465,0.0006697313510812819,-0.0027281667571514845,-0.00019447252270765603,0.002815893152728677,-17.992004142550286,18.1972725961823,5.845979290752439
420,-18.685697555541992,18.200000762939453,2.959523916244507,0.000711781729478389,-0.002734655048698187,-0.0001003784709610045,0.0028275514487177134,-18.684985773812514,18.197266107890755,2.959423537773546
421,-18.918617248535156,18.200000762939453,0.0,0.0007268035551533103,-0.002737063216045499,-9.20786309374089e-20,0.002831917954608798,-18.917890444980003,18.197263699723408,-9.20786309374089e-20
422,-18.685697555541992,18.200000762939453,-2.959523916244507,0.000711781729478389,-0.002734655048698187,0.0001003784709610045,0.0028275514487177134,-18.684985773812514,18.197266107890755,-2.959423537773546
423,-17.992673873901367,18.200000762939453,-5.8461737632751465,0.0006697313510812819,-0.0027281667571514845,0.00019447252270765603,0.002815893152728677,-17.992004142550286,18.1972725961823,-5.845979290752439
424,-16.856611251831055,18.200000762939453,-8.588872909545898,0.0006080025341361761,-0.0027193897403776646,0.00027868710458278656,0.0028004308696836233,-16.85600324929692,18.197281373199075,-8.588594222441316
425,-15.305482864379883,18.200000762939453,-11.120083808898926,0.0005350831197574735,-0.0027104392647743225,0.00035317710717208683,0.002785234246402979,-15.304947781260125,18.19729032367468,-11.119730631791754
426,-13.377483367919922,18.200000762939453,-13.377483367919922,0.00045733898878097534,-0.002703009406104684,0.0004206451412755996,0.0027735105250030756,-13.377026028931141,18.19729775353335,-13.377062722778646
427,-11.120083808898926,18.200000762939453,-15.305482864379883,0.0003770920156966895,-0.002697864780202508,0.00048354206955991685,0.0027666741516441107,-11.119706716883229,18.19730289815925,-15.304999322310323
428,-8.588872909545898,18.200000762939453,-16.856611251831055,0.00029388649272732437,-0.002695285715162754,0.0005427210126072168,0.002765046199783683,-8.588579023053171,18.19730547722429,-16.856068530818447
429,-5.8461737632751465,18.200000762939453,-17.992673873901367,0.00020606667385436594,-0.0026953292544931173,0.0005967383622191846,0.0027682774234563112,-5.845967696601292,18.19730543368496,-17.992077135539148
430,-2.959523916244507,18.200000762939453,-18.685697555541992,0.00011191066005267203,-0.0026974226348102093,0.0006407930632121861,0.0027747484855353832,-2.959412005584454,18.197303340304643,-18.68505676247878
431,-0.0,18.200000762939453,-18.918617248535156,1.1595929208851885e-05,-0.0027004776056855917,0.0006683026440441608,0.0027819673996418715,1.1595929208851885e-05,18.197300285333768,-18.917948945891112
432,2.959523916244507,18.200000762939453,-18.685697555541992,-9.200697240885347e-05,-0.0027033002115786076,0.0006739196251146495,0.0027875553350895643,2.959431909272098,18.197297462727875,-18.685023635916878
433,5.8461737632751465,18.200000762939453,-17.992673873901367,-0.000194401916814968,-0.002704971469938755,0.0006556889275088906,0.0027900878340005875,5.8459793613583315,18.197295791469514,-17.99201818497386
434,8.588872909545898,18.200000762939453,-16.856611251831055,-0.0002913332136813551,-0.0027051910292357206,0.000615520984865725,0.002789587713778019,8.588581576332217,18.197295571910217,-16.85599573084619
435,11.120083808898926,18.200000762939453,-15.305482864379883,-0.0003800451522693038,-0.002704259008169174,0.0005575164104811847,0.0027871625497937202,11.119703763746656,18.197296503931284,-15.304925347969402
436,13.377483367919922,18.200000762939453,-13.377483367919922,-0.00045915681403130293,-0.0027027784381061792,0.0004857573367189616,0.0027842046692967415,13.37702421110589,18.197297984501347,-13.376997610583203
437,15.305482864379883,18.200000762939453,-11.120083808898926,-0.0005277130985632539,-0.0027013251092284918,0.0004031541175208986,0.0027817569207400084,15.30495515128132,18.197299437830225,-11.119680654781405
438,16.856611251831055,18.200000762939453,-8.588872909545898,-0.0005843467079102993,-0.0027002389542758465,0.0003115391591563821,0.0027802533004432917,16.856026905123144,18.197300523985177,-8.588561370386742
439,17.992673873901367,18.200000762939453,-5.8461737632751465,-0.0006271010497584939,-0.0026995944790542126,0.0002124272723449394,0.0027796027716249228,17.99204677285161,18.1973011684604,-5.8459613360028015
440,18.685697555541992,18.200000762939453,-2.959523916244507,-0.00065385497873649,-0.002699296921491623,0.00010772631503641605,0.002779448637738824,18.685043700563256,18.19730146601796,-2.9594161899294704
441,18.696672439575195,20.049999237060547,0.0,-0.0005359245114959776,-0.0027061710134148598,4.531116517758021e-19,0.0027587274089455605,18.6961365150637,20.047293066047132,4.531116517758021e-19
442,18.46648406982422,20.049999237060547,2.9248039722442627,-0.00052824174053967,-0.0027062182780355215,-8.838556823320687e-05,0.0027587078511714935,18.46595582808368,20.04729301878251,2.9247155866760295
443,17.781591415405273,20.049999237060547,5.777588844299316,-0.0005057702073827386,-0.0027064161840826273,-0.00017412990564480424,0.0027587702497839928,17.78108564519789,20.047292820876464,5.777414714393672
444,16.658857345581055,20.049999237060547,8.488110542297363,-0.00047008751425892115,-0.002706897910684347,-0.00025507426471449435,0.0027592284604907036,16.658387258066796,20.047292339149863,8.487855468032649
445,15.125925064086914,20.049999237060547,10.989627838134766,-0.0004233107320033014,-0.002707779873162508,-0.0003298257361166179,0.002760443603619933,15.12550175335491,20.047291457187384,10.989298012398649
446,13.22054386138916,20.049999237060547,13.22054386138916,-0.00036742023075930774,-0.002709036460146308,-0.0003976144944317639,0.0027626026421785355,13.2201764411584,20.0472902006004,13.220146246894728
447,10.989627838134766,20.049999237060547,15.125925064086914,-0.0003036340931430459,-0.002710390370339155,-0.00045756809413433075,0.0027654615696519613,10.989324204041623,20.047288846690208,15.12546749599278
448,8.488110542297363,20.049999237060547,16.658857345581055,-0.0002323225635336712,-0.0027113030664622784,-0.0005075950757600367,0.00276817474514246,8.48787821973383,20.047287933994085,16.658349750505295
449,5.777588844299316,20.049999237060547,17.781591415405273,-0.00015383808931801468,-0.0027111319359391928,-0.0005436815554276109,0.002769384765997529,5.777435006209998,20.047288105124608,17.781047733849846
450,2.9248039722442627,20.049999237060547,18.46648406982422,-6.993507849983871e-05,-0.002709446707740426,-0.0005606741760857403,0.002767733531072736,2.924734037165763,20.047289790352806,18.465923395648133
451,0.0,20.049999237060547,18.696672439575195,1.5428302504005842e-05,-0.0027063912712037563,-0.0005550082423724234,0.002762757008895278,1.5428302504005842e-05,20.047292845789343,18.696117431332823
452,-2.9248039722442627,20.049999237060547,18.46648406982422,9.726746793603525e-05,-0.0027028240729123354,-0.0005276978481560946,0.0027555732522159815,-2.9247067047763267,20.047296412987635,18.465956371976063
453,-5.777588844299316,20.049999237060547,17.781591415405273,0.00017223453323822469,-0.0027000526897609234,-0.00048476053052581847,0.0027486253529787064,-5.777416609766078,20.047299184370786,17.781106654874748
454,-8.488110542297363,20.049999237060547,16.658857345581055,0.00024059189308900386,-0.0026993441861122847,-0.0004346495552454144,0.002744679106399417,-8.487869950404274,20.047299892874435,16.65842269602581
455,-10.989627838134766,20.049999237060547,15.125925064086914,0.0003056663554161787,-0.0027014731895178556,-0.0003838110133074224,0.002745669335126877,-10.98932217177935,20.04729776387103,15.125541253073607
456,-13.22054386138916,20.049999237060547,13.22054386138916,0.00037090491969138384,-0.002706574508920312,-0.0003339060058351606,0.002752200700342655,-13.220172956469469,20.047292662551627,13.220209955383325
457,-15.125925064086914,20.049999237060547,10.989627838134766,0.00043759465916082263,-0.0027142914477735758,-0.0002828159194905311,0.002763847354799509,-15.125487469427753,20.047284945612773,10.989345022215275
458,-16.658857345581055,20.049999237060547,8.488110542297363,0.0005031026084907353,-0.002723630517721176,-0.00022614331101067364,0.0027789236046373844,-16.658354242972564,20.047275606542826,8.487884398986353
459,-17.781591415405273,20.049999237060547,5.777588844299316,0.0005601064185611904,-0.002732782159000635,-0.0001597911905264482,0.002794163767248392,-17.781031308986712,20.047266454901546,5.77742905310879
460,-18.46648406982422,20.049999237060547,2.9248039722442627,0.0005994048551656306,-0.0027395356446504593,-8.317937317769974e-05,0.0028055766597390175,-18.465884664969053,20.047259701415896,2.924720792871085
461,-18.696672439575195,20.049999237060547,0.0,0.0006134966970421374,-0.0027420336846262217,-2.460707484474345e-19,0.002809826983138919,-18.696058942878153,20.04725720337592,-2.460707484474345e-19
462,-18.46648406982422,20.049999237060547,-2.9248039722442627,0.0005994048551656306,-0.0027395356446504593,8.317937317769974e-05,0.0028055766597390175,-18.465884664969053,20.047259701415896,-2.924720792871085
463,-17.781591415405273,20.049999237060547,-5.777588844299316,0.0005601064185611904,-0.002732782159000635,0.0001597911905264482,0.002794163767248392,-17.781031308986712,20.047266454901546,-5.77742905310879
464,-16.658857345581055,20.049999237060547,-8.488110542297363,0.0005031026084907353,-0.002723630517721176,0.00022614331101067364,0.0027789236046373844,-16.658354242972564,20.047275606542826,-8.487884398986353
465,-15.125925064086914,20.049999237060547,-10.989627838134766,0.00043759465916082263,-0.0027142914477735758,0.0002828159194905311,0.002763847354799509,-15.125487469427753,20.047284945612773,-10.989345022215275
466,-13.22054386138916,20.049999237060547,-13.22054386138916,0.00037090491969138384,-0.002706574508920312,0.0003339060058351606,0.002752200700342655,-13.220172956469469,20.047292662551627,-13.220209955383325
467,-10.989627838134766,20.049999237060547,-15.125925064086914,0.0003056663554161787,-0.0027014731895178556,0.0003838110133074224,0.002745669335126877,-10.98932217177935,20.04729776387103,-15.125541253073607
468,-8.488110542297363,20.049999237060547,-16.658857345581055,0.00024059189308900386,-0.0026993441861122847,0.0004346495552454144,0.002744679106399417,-8.487869950404274,20.047299892874435,-16.65842269602581
469,-5.777588844299316,20.049999237060547,-17.781591415405273,0.00017223453323822469,-0.0027000526897609234,0.00048476053052581847,0.0027486253529787064,-5.777416609766078,20.047299184370786,-17.781106654874748
470,-2.9248039722442627,20.049999237060547,-18.46648406982422,9.726746793603525e-05,-0.0027028240729123354,0.0005276978481560946,0.0027555732522159815,-2.9247067047763267,20.047296412987635,-18.465956371976063
471,-0.0,20.049999237060547,-18.696672439575195,1.5428302504005842e-05,-0.0027063912712037563,0.0005550082423724234,0.002762757008895278,1.5428302504005842e-05,20.047292845789343,-18.696117431332823
472,2.9248039722442627,20.049999237060547,-18.46648406982422,-6.993507849983871e-05,-0.002709446707740426,0.0005606741760857403,0.002767733531072736,2.924734037165763,20.047289790352806,-18.465923395648133
473,5.777588844299316,20.049999237060547,-17.781591415405273,-0.00015383808931801468,-0.0027111319359391928,0.0005436815554276109,0.002769384765997529,5.777435006209998,20.047288105124608,-17.781047733849846
474,8.488110542297363,20.049999237060547,-16.658857345581055,-0.0002323225635336712,-0.0027113030664622784,0.0005075950757600367,0.00276817474514246,8.48787821973383,20.047287933994085,-16.658349750505295
475,10.989627838134766,20.049999237060547,-15.125925064086914,-0.0003036340931430459,-0.002710390370339155,0.00045756809413433075,0.0027654615696519613,10.989324204041623,20.047288846690208,-15.12546749599278
476,13.22054386138916,20.049999237060547,-13.22054386138916,-0.00036742023075930774,-0.002709036460146308,0.0003976144944317639,0.0027626026421785355,13.2201764411584,20.0472902006004,-13.220146246894728
477,15.125925064086914,20.049999237060547,-10.989627838134766,-0.0004233107320033014,-0.002707779873162508,0.0003298257361166179,0.002760443603619933,15.12550175335491,20.047291457187384,-10.989298012398649
478,16.658857345581055,20.049999237060547,-8.488110542297363,-0.00047008751425892115,-0.002706897910684347,0.00025507426471449435,0.0027592284604907036,16.658387258066796,20.047292339149863,-8.487855468032649
479,17.781591415405273,20.049999237060547,-5.777588844299316,-0.0005057702073827386,-0.0027064161840826273,0.00017412990564480424,0.0027587702497839928,17.78108564519789,20.047292820876464,-5.777414714393672
480,18.46648406982422,20.049999237060547,-2.9248039722442627,-0.00052824174053967,-0.0027062182780355215,8.838556823320687e-05,0.0027587078511714935,18.46595582808368,20.04729301878251,-2.9247155866760295
481,18.474727630615234,21.899999618530273,0.0,-0.0004220835107844323,-0.0027138907462358475,4.82854171471065e-19,0.0027465173043310642,18.47430554710445,21.897285727784038,4.82854171471065e-19
482,18.247272491455078,21.899999618530273,2.8900840282440186,-0.0004159286618232727,-0.00271393870934844,-7.126955460989848e-05,0.0027465505991131067,18.246856562793255,21.897285679820925,2.8900127586894087
483,17.57050895690918,21.899999618530273,5.709003925323486,-0.000397896597860381,-0.002714128466323018,-0.00014045178249944001,0.0027467329055070877,17.57011106031132,21.89728549006395,5.708863473540987
484,16.461101531982422,21.899999618530273,8.387350082397461,-0.00036919067497365177,-0.0027145675849169493,-0.00020582450088113546,0.0027472791261970997,16.460732341307448,21.897285050945356,8.38714425789658
485,14.946368217468262,21.899999618530273,10.859171867370605,-0.0003314796194899827,-0.002715344075113535,-0.00026626966428011656,0.0027484307065606117,14.946036737848772,21.89728427445516,10.858905597706325
486,13.063604354858398,21.899999618530273,13.063604354858398,-0.00028640145319513977,-0.0027164174243807793,-0.0003212064621038735,0.002750295214354992,13.063317953405203,21.897283201105893,13.063283148396295
487,10.859171867370605,21.899999618530273,14.946368217468262,-0.00023505631543230265,-0.00271752942353487,-0.00037005485501140356,0.0027526638004928827,10.858936811055173,21.89728208910674,14.94599816261325
488,8.387350082397461,21.899999618530273,16.461101531982422,-0.00017785346426535398,-0.002718196948990226,-0.00041131340549327433,0.002754887565970421,8.387172228933196,21.897281421581283,16.46069021857693
489,5.709003925323486,21.899999618530273,17.57050895690918,-0.00011505868314998224,-0.0027178495656698942,-0.00044180575059726834,0.0027559276204556227,5.708888866640336,21.897281768964604,17.570067151158582
490,2.8900840282440186,21.899999618530273,18.247272491455078,-4.792478648596443e-05,-0.0027161058969795704,-0.0004570453311316669,0.002754708519205451,2.8900361034575326,21.897283512633294,18.246815446123946
491,0.0,21.899999618530273,18.474727630615234,2.048944770649541e-05,-0.002713082591071725,-0.00045332760782912374,0.002750771353021264,2.048944770649541e-05,21.8972865359392,18.474274303007405
492,-2.8900840282440186,21.899999618530273,18.247272491455078,8.600153523730114e-05,-0.002709538210183382,-0.00043050822569057345,0.002744873519986868,-2.8899980267087813,21.89729008032009,18.246841983229388
493,-5.709003925323486,21.899999618530273,17.57050895690918,0.00014552305219694972,-0.002706697443500161,-0.0003932709514629096,0.0027389870956540108,-5.708858402271289,21.897292921086773,17.570115685957717
494,-8.387350082397461,21.899999618530273,16.461101531982422,0.0001993176556425169,-0.0027058026753365993,-0.0003496783028822392,0.0027355749625712633,-8.387150764741818,21.897293815854937,16.46075185367954
495,-10.859171867370605,21.899999618530273,14.946368217468262,0.0002508808101993054,-0.002707716776058078,-0.0003067568177357316,0.002736561931669712,-10.858920986560406,21.897291901754215,14.946061460650526
496,-13.063604354858398,21.899999618530273,13.063604354858398,0.00030395406065508723,-0.0027127228677272797,-0.00026659300783649087,0.002742685843259096,-13.063300400797743,21.897286895662546,13.063337761850562
497,-14.946368217468262,21.899999618530273,10.859171867370605,0.0003596069000195712,-0.0027203743811696768,-0.00022663766867481172,0.0027533830143511295,-14.946008610568242,21.897279244149104,10.85894522970193
498,-16.461101531982422,21.899999618530273,8.387350082397461,0.0004144744307268411,-0.002729480853304267,-0.0001820488687371835,0.0027667665854096413,-16.460687057551695,21.89727013767697,8.387168033528724
499,-17.57050895690918,21.899999618530273,5.709003925323486,0.00046138177276588976,-0.0027382555417716503,-0.00012893207895103842,0.00277984538115561,-17.570047575136414,21.897261362988502,5.708874993244535
500,-18.247272491455078,21.899999618530273,2.8900840282440186,0.0004929210408590734,-0.0027446476742625237,-6.711477908538654e-05,0.0027893667574971914,-18.24677957041422,21.89725497085601,2.890016913464933
501,-18.474727630615234,21.899999618530273,0.0,0.0005040407413616776,-0.0027469911146909,-1.784400867488839e-19,0.0027928510680794716,-18.474223589873873,21.897252627415583,-1.784400867488839e-19
502,-18.247272491455078,21.899999618530273,-2.8900840282440186,0.0004929210408590734,-0.0027446476742625237,6.711477908538654e-05,0.0027893667574971914,-18.24677957041422,21.89725497085601,-2.890016913464933
503,-17.57050895690918,21.899999618530273,-5.709003925323486,0.00046138177276588976,-0.0027382555417716503,0.00012893207895103842,0.00277984538115561,-17.570047575136414,21.897261362988502,-5.708874993244535
504,-16.461101531982422,21.899999618530273,-8.387350082397461,0.0004144744307268411,-0.002729480853304267,0.0001820488687371835,0.0027667665854096413,-16.460687057551695,21.89727013767697,-8.387168033528724
505,-14.946368217468262,21.899999618530273,-10.859171867370605,0.0003596069000195712,-0.0027203743811696768,0.00022663766867481172,0.0027533830143511295,-14.946008610568242,21.897279244149104,-10.85894522970193
506,-13.063604354858398,21.899999618530273,-13.063604354858398,0.00030395406065508723,-0.0027127228677272797,0.00026659300783649087,0.002742685843259096,-13.063300400797743,21.897286895662546,-13.063337761850562
507,-10.859171867370605,21.899999618530273,-14.946368217468262,0.0002508808101993054,-0.002707716776058078,0.0003067568177357316,0.002736561931669712,-10.858920986560406,21.897291901754215,-14.946061460650526
508,-8.387350082397461,21.899999618530273,-16.461101531982422,0.0001993176556425169,-0.0027058026753365993,0.0003496783028822392,0.0027355749625712633,-8.387150764741818,21.897293815854937,-16.46075185367954
509,-5.709003925323486,21.899999618530273,-17.57050895690918,0.00014552305219694972,-0.002706697443500161,0.0003932709514629096,0.0027389870956540108,-5.708858402271289,21.897292921086773,-17.570115685957717
510,-2.8900840282440186,21.899999618530273,-18.247272491455078,8.600153523730114e-05,-0.002709538210183382,0.00043050822569057345,0.002744873519986868,-2.8899980267087813,21.89729008032009,-18.246841983229388
511,-0.0,21.899999618530273,-18.474727630615234,2.048944770649541e-05,-0.002713082591071725,0.00045332760782912374,0.002750771353021264,2.048944770649541e-05,21.8972865359392,-18.474274303007405
512,2.8900840282440186,21.899999618530273,-18.247272491455078,-4.792478648596443e-05,-0.0027161058969795704,0.0004570453311316669,0.002754708519205451,2.8900361034575326,21.897283512633294,-18.246815446123946
513,5.709003925323486,21.899999618530273,-17.57050895690918,-0.00011505868314998224,-0.0027178495656698942,0.00044180575059726834,0.0027559276204556227,5.708888866640336,21.897281768964604,-17.570067151158582
514,8.387350082397461,21.899999618530273,-16.461101531982422,-0.00017785346426535398,-0.002718196948990226,0.00041131340549327433,0.002754887565970421,8.387172228933196,21.897281421581283,-16.46069021857693
515,10.859171867370605,21.899999618530273,-14.946368217468262,-0.00023505631543230265,-0.00271752942353487,0.00037005485501140356,0.0027526638004928827,10.858936811055173,21.89728208910674,-14.94599816261325
516,13.063604354858398,21.899999618530273,-13.063604354858398,-0.00028640145319513977,-0.0027164174243807793,0.0003212064621038735,0.002750295214354992,13.063317953405203,21.897283201105893,-13.063283148396295
517,14.946368217468262,21.899999618530273,-10.859171867370605,-0.0003314796194899827,-0.002715344075113535,0.00026626966428011656,0.0027484307065606117,14.946036737848772,21.89728427445516,-10.858905597706325
518,16.461101531982422,21.899999618530273,-8.387350082397461,-0.00036919067497365177,-0.0027145675849169493,0.00020582450088113546,0.0027472791261970997,16.460732341307448,21.897285050945356,-8.38714425789658
519,17.57050895690918,21.899999618530273,-5.709003925323486,-0.000397896597860381,-0.002714128466323018,0.00014045178249944001,0.0027467329055070877,17.57011106031132,21.89728549006395,-5.708863473540987
520,18.247272491455078,21.899999618530273,-2.8900840282440186,-0.0004159286618232727,-0.00271393870934844,7.126955460989848e-05,0.0027465505991131067,18.246856562793255,21.897285679820925,-2.8900127586894087
521,18.89458656311035,23.700000762939453,0.0,-0.0002996812399942428,-0.0027635761070996523,8.198587716622263e-19,0.0027797771617770195,18.894286881870357,23.697237186832353,8.198587716622263e-19
522,18.661962509155273,23.700000762939453,2.955764055252075,-0.0002953695657197386,-0.002763480879366398,-5.317815885064192e-05,0.0027797298971563578,18.661667139589554,23.697237282060087,2.9557108770932246
523,17.969818115234375,23.700000762939453,5.838747978210449,-0.00028266149456612766,-0.002763278316706419,-0.0001049490092555061,0.0027796796057373285,17.96953545373981,23.697237484622747,5.838643029201194
524,16.8351993560791,23.700000762939453,8.577962875366211,-0.0002621905878186226,-0.002763182856142521,-0.00015407618775498122,0.002779867500066757,16.834937165491283,23.69723758008331,8.577808799178456
525,15.286041259765625,23.700000762939453,11.105958938598633,-0.0002348405250813812,-0.0027634440921247005,-0.00019959981727879494,0.002780577866360545,15.285806419240544,23.69723731884733,11.105759338781354
526,13.360489845275879,23.700000762939453,13.360489845275879,-0.0002015233476413414,-0.002764187753200531,-0.00024080221191979945,0.0027819653041660786,13.360288321928238,23.697236575186253,13.360249043063959
527,11.105958938598633,23.700000762939453,15.286041259765625,-0.00016299675917252898,-0.002765227807685733,-0.00027701022918336093,0.0027838440146297216,11.10579594183946,23.697235535131767,15.285764249536442
528,8.577962875366211,23.700000762939453,16.8351993560791,-0.0001198199242935516,-0.002765942132100463,-0.00030726336990483105,0.0027855345979332924,8.577843055441917,23.697234820807353,16.834892092709197
529,5.838747978210449,23.700000762939453,17.969818115234375,-7.253161311382428e-05,-0.0027653719298541546,-0.00032995481160469353,0.002785931108519435,5.838675446597335,23.6972353910096,17.96948816042277
530,2.955764055252075,23.700000762939453,18.661962509155273,-2.2090118363848887e-05,-0.002762652700766921,-0.00034270365722477436,0.0027839152608066797,2.9557419651337113,23.697238110238686,18.66161980549805
531,0.0,23.700000762939453,18.89458656311035,2.959600715257693e-05,-0.0027576617430895567,-0.0003429206844884902,0.0027790588792413473,2.959600715257693e-05,23.697243101196364,18.894243642425863
532,-2.955764055252075,23.700000762939453,18.661962509155273,7.961785013321787e-05,-0.002751471707597375,-0.00032921848469413817,0.0027722411323338747,-2.955684437401942,23.697249291231856,18.66163329067058
533,-5.838747978210449,23.700000762939453,17.969818115234375,0.00012510718079283834,-0.002746069338172674,-0.0003033080429304391,0.0027656001038849354,-5.838622871029656,23.69725469360128,17.969514807191445
534,-8.577962875366211,23.700000762939453,16.8351993560791,0.0001654667139519006,-0.0027433387003839016,-0.00027094088727608323,0.0027616473380476236,-8.577797408652259,23.69725742423907,16.834928415191825
535,-11.105958938598633,23.700000762939453,15.286041259765625,0.00020351519924588501,-0.002744414610788226,-0.00023860718647483736,0.0027622750494629145,-11.105755423399387,23.697256348328665,15.28580265257915
536,-13.360489845275879,23.700000762939453,13.360489845275879,0.00024274614406749606,-0.002749717328697443,-0.00020852246962022036,0.002768276259303093,-13.360247099131811,23.697251045610756,13.360281322806259
537,-15.286041259765625,23.700000762939453,11.105958938598633,0.0002837004140019417,-0.002758823335170746,-0.000178099813638255,0.002779084723442793,-15.285757559351623,23.697241939604282,11.105780838784995
538,-16.8351993560791,23.700000762939453,8.577962875366211,0.00032255076803267,-0.002770396415144205,-0.00014282458869274706,0.002792764687910676,-16.83487680531107,23.69723036652431,8.577820050777518
539,-17.969818115234375,23.700000762939453,5.838747978210449,0.00035327134537510574,-0.0027821615803986788,-0.00010024505172623321,0.0028062916826456785,-17.969464843889,23.697218601359054,5.838647733158723
540,-18.661962509155273,23.700000762939453,2.955764055252075,0.0003721313551068306,-0.002791056642308831,-5.1644950872287154e-05,0.0028162288945168257,-18.661590377800167,23.697209706297144,2.955712410301203
541,-18.89458656311035,23.700000762939453,0.0,0.0003783976717386395,-0.0027943728491663933,2.946407648391081e-20,0.002819876652210951,-18.894208165438613,23.697206390090287,2.946407648391081e-20
542,-18.661962509155273,23.700000762939453,-2.955764055252075,0.0003721313551068306,-0.002791056642308831,5.1644950872287154e-05,0.0028162288945168257,-18.661590377800167,23.697209706297144,-2.955712410301203
543,-17.969818115234375,23.700000762939453,-5.838747978210449,0.00035327134537510574,-0.0027821615803986788,0.00010024505172623321,0.0028062916826456785,-17.969464843889,23.697218601359054,-5.838647733158723
544,-16.8351993560791,23.700000762939453,-8.577962875366211,0.00032255076803267,-0.002770396415144205,0.00014282458869274706,0.002792764687910676,-16.83487680531107,23.69723036652431,-8.577820050777518
545,-15.286041259765625,23.700000762939453,-11.105958938598633,0.0002837004140019417,-0.002758823335170746,0.000178099813638255,0.002779084723442793,-15.285757559351623,23.697241939604282,-11.105780838784995
546,-13.360489845275879,23.700000762939453,-13.360489845275879,0.00024274614406749606,-0.002749717328697443,0.00020852246962022036,0.002768276259303093,-13.360247099131811,23.697251045610756,-13.360281322806259
547,-11.105958938598633,23.700000762939453,-15.286041259765625,0.00020351519924588501,-0.002744414610788226,0.00023860718647483736,0.0027622750494629145,-11.105755423399387,23.697256348328665,-15.28580265257915
548,-8.577962875366211,23.700000762939453,-16.8351993560791,0.0001654667139519006,-0.0027433387003839016,0.00027094088727608323,0.0027616473380476236,-8.577797408652259,23.69725742423907,-16.834928415191825
549,-5.838747978210449,23.700000762939453,-17.969818115234375,0.00012510718079283834,-0.002746069338172674,0.0003033080429304391,0.0027656001038849354,-5.838622871029656,23.69725469360128,-17.969514807191445
550,-2.955764055252075,23.700000762939453,-18.661962509155273,7.961785013321787e-05,-0.002751471707597375,0.00032921848469413817,0.0027722411323338747,-2.955684437401942,23.697249291231856,-18.66163329067058
551,-0.0,23.700000762939453,-18.89458656311035,2.959600715257693e-05,-0.0027576617430895567,0.0003429206844884902,0.0027790588792413473,2.959600715257693e-05,23.697243101196364,-18.894243642425863
552,2.955764055252075,23.700000762939453,-18.661962509155273,-2.2090118363848887e-05,-0.002762652700766921,0.00034270365722477436,0.0027839152608066797,2.9557419651337113,23.697238110238686,-18.66161980549805
553,5.838747978210449,23.700000762939453,-17.969818115234375,-7.253161311382428e-05,-0.0027653719298541546,0.00032995481160469353,0.002785931108519435,5.838675446597335,23.6972353910096,-17.96948816042277
554,8.577962875366211,23.700000762939453,-16.8351993560791,-0.0001198199242935516,-0.002765942132100463,0.00030726336990483105,0.0027855345979332924,8.577843055441917,23.697234820807353,-16.834892092709197
555,11.105958938598633,23.700000762939453,-15.286041259765625,-0.00016299675917252898,-0.002765227807685733,0.00027701022918336093,0.0027838440146297216,11.10579594183946,23.697235535131767,-15.285764249536442
556,13.360489845275879,23.700000762939453,-13.360489845275879,-0.0002015233476413414,-0.002764187753200531,0.00024080221191979945,0.0027819653041660786,13.360288321928238,23.697236575186253,-13.360249043063959
557,15.286041259765625,23.700000762939453,-11.105958938598633,-0.0002348405250813812,-0.0027634440921247005,0.00019959981727879494,0.002780577866360545,15.285806419240544,23.69723731884733,-11.105759338781354
558,16.8351993560791,23.700000762939453,-8.577962875366211,-0.0002621905878186226,-0.002763182856142521,0.00015407618775498122,0.002779867500066757,16.834937165491283,23.69723758008331,-8.577808799178456
559,17.969818115234375,23.700000762939453,-5.838747978210449,-0.00028266149456612766,-0.002763278316706419,0.0001049490092555061,0.0027796796057373285,17.96953545373981,23.697237484622747,-5.838643029201194
560,18.661962509155273,23.700000762939453,-2.955764055252075,-0.0002953695657197386,-0.002763480879366398,5.317815885064192e-05,0.0027797298971563578,18.661667139589554,23.697237282060087,-2.9557108770932246
561,19.31444549560547,25.5,0.0,-0.00016543180390726775,-0.002816154155880213,5.213333210973248e-19,0.0028210091404616833,19.31428006380156,25.49718384584412,5.213333210973248e-19
562,19.07665252685547,25.5,3.0214450359344482,-0.00016321985458489507,-0.0028158891946077347,-3.3308206184301525e-05,0.0028208123985677958,19.076489307000884,25.497184110805392,3.021411727728264
563,18.369129180908203,25.5,5.968492031097412,-0.00015656276082154363,-0.00281521980650723,-6.603049405384809e-05,0.0028203430119901896,18.36897261814738,25.497184780193493,5.968426000603358
564,17.20929718017578,25.5,8.768574714660645,-0.00014539081894326955,-0.002814488485455513,-9.75092189037241e-05,0.002819927642121911,17.209151789356838,25.497185511514544,8.76847720544174
565,15.625715255737305,25.5,11.35274600982666,-0.00012960527965333313,-0.0028141411021351814,-0.0001269337662961334,0.0028199823573231697,15.625585650457651,25.497185858897865,11.352619076060364
566,13.65737533569336,25.5,13.65737533569336,-0.00010919989290414378,-0.0028145150281488895,-0.00015331804752349854,0.0028208023868501186,13.657266135800455,25.49718548497185,13.657222017645836
567,11.35274600982666,25.5,15.625715255737305,-8.449051529169083e-05,-0.0028155422769486904,-0.00017567294707987458,0.0028222824912518263,11.352661519311368,25.49718445772305,15.625539582790225
568,8.768574714660645,25.5,17.20929718017578,-5.626139318337664e-05,-0.0028164866380393505,-0.00019339057325851172,0.002823679009452462,8.768518453267461,25.49718351336196,17.209103789602523
569,5.968492031097412,25.5,18.369129180908203,-2.558631240390241e-05,-0.002815971849486232,-0.00020650534133892506,0.002823649672791362,5.968466444785008,25.497184028150514,18.368922675566864
570,3.0214450359344482,25.5,19.07665252685547,6.585711616935441e-06,-0.0028125224635004997,-0.00021532426762860268,0.0028207607101649046,3.021451621646065,25.4971874775365,19.07643720258784
571,0.0,25.5,19.31444549560547,3.9545411709696054e-05,-0.002805546158924699,-0.00021944781474303454,0.0028143934905529022,3.9545411709696054e-05,25.497194453841075,19.314226047790726
572,-3.0214450359344482,25.5,19.07665252685547,7.230866322061047e-05,-0.002796190558001399,-0.00021723611280322075,0.0028055484872311354,-3.0213727272712276,25.497203809442,19.076435290742666
573,-5.968492031097412,25.5,18.369129180908203,0.00010325656330678612,-0.0027871662750840187,-0.00020729091193061322,0.0027967707719653845,-5.968388774534105,25.497212833724916,18.368921889996273
574,-8.768574714660645,25.5,17.20929718017578,0.00013131242303643376,-0.002781372983008623,-0.0001910659484565258,0.0027910186909139156,-8.768443402237608,25.49721862701699,17.209106114227325
575,-11.35274600982666,25.5,15.625715255737305,0.00015711398737039417,-0.002780911047011614,-0.0001718299463391304,0.0027906408067792654,-11.35258889583929,25.49721908895299,15.625543425790966
576,-13.65737533569336,25.5,13.65737533569336,0.00018163365893997252,-0.0027868151664733887,-0.00015101744793355465,0.0027968082576990128,-13.65719370203442,25.497213184833527,13.657224318245426
577,-15.625715255737305,25.5,11.35274600982666,0.00020429911091923714,-0.002798464149236679,-0.00012767685984726995,0.002808815101161599,-15.625510956626385,25.497201535850763,11.352618332966813
578,-17.20929718017578,25.5,8.768574714660645,0.00022244099818635732,-0.002813679398968816,-0.0001001778946374543,0.0028242357075214386,-17.209074739177595,25.49718632060103,8.768474536766007
579,-18.369129180908203,25.5,5.968492031097412,0.00023338213213719428,-0.002829185454174876,-6.843687151558697e-05,0.0028396197594702244,-18.368895798776066,25.497170814545825,5.9684235942258965
580,-19.07665252685547,25.5,3.0214450359344482,0.00023783055075909942,-0.0028408754151314497,-3.445097172516398e-05,0.0028510214760899544,-19.07641469630471,25.49715912458487,3.021410584962723
581,-19.31444549560547,25.5,0.0,0.00023880643129814416,-0.0028452198021113873,1.4985771048094646e-20,0.0028552240692079067,-19.31420668917417,25.49715478019789,1.4985771048094646e-20
582,-19.07665252685547,25.5,-3.0214450359344482,0.00023783055075909942,-0.0028408754151314497,3.445097172516398e-05,0.0028510214760899544,-19.07641469630471,25.49715912458487,-3.021410584962723
583,-18.369129180908203,25.5,-5.968492031097412,0.00023338213213719428,-0.002829185454174876,6.843687151558697e-05,0.0028396197594702244,-18.368895798776066,25.497170814545825,-5.9684235942258965
584,-17.20929718017578,25.5,-8.768574714660645,0.00022244099818635732,-0.002813679398968816,0.0001001778946374543,0.0028242357075214386,-17.209074739177595,25.49718632060103,-8.768474536766007
585,-15.625715255737305,25.5,-11.35274600982666,0.00020429911091923714,-0.002798464149236679,0.00012767685984726995,0.002808815101161599,-15.625510956626385,25.497201535850763,-11.352618332966813
586,-13.65737533569336,25.5,-13.65737533569336,0.00018163365893997252,-0.0027868151664733887,0.00015101744793355465,0.0027968082576990128,-13.65719370203442,25.497213184833527,-13.657224318245426
587,-11.35274600982666,25.5,-15.625715255737305,0.00015711398737039417,-0.002780911047011614,0.0001718299463391304,0.0027906408067792654,-11.35258889583929,25.49721908895299,-15.625543425790966
588,-8.768574714660645,25.5,-17.20929718017578,0.00013131242303643376,-0.002781372983008623,0.0001910659484565258,0.0027910186909139156,-8.768443402237608,25.49721862701699,-17.209106114227325
589,-5.968492031097412,25.5,-18.369129180908203,0.00010325656330678612,-0.0027871662750840187,0.00020729091193061322,0.0027967707719653845,-5.968388774534105,25.497212833724916,-18.368921889996273
590,-3.0214450359344482,25.5,-19.07665252685547,7.230866322061047e-05,-0.002796190558001399,0.00021723611280322075,0.0028055484872311354,-3.0213727272712276,25.497203809442,-19.076435290742666
591,-0.0,25.5,-19.31444549560547,3.9545411709696054e-05,-0.002805546158924699,0.00021944781474303454,0.0028143934905529022,3.9545411709696054e-05,25.497194453841075,-19.314226047790726
592,3.0214450359344482,25.5,-19.07665252685547,6.585711616935441e-06,-0.0028125224635004997,0.00021532426762860268,0.0028207607101649046,3.021451621646065,25.4971874775365,-19.07643720258784
593,5.968492031097412,25.5,-18.369129180908203,-2.558631240390241e-05,-0.002815971849486232,0.00020650534133892506,0.002823649672791362,5.968466444785008,25.497184028150514,-18.368922675566864
594,8.768574714660645,25.5,-17.20929718017578,-5.626139318337664e-05,-0.0028164866380393505,0.00019339057325851172,0.002823679009452462,8.768518453267461,25.49718351336196,-17.209103789602523
595,11.35274600982666,25.5,-15.625715255737305,-8.449051529169083e-05,-0.0028155422769486904,0.00017567294707987458,0.0028222824912518263,11.352661519311368,25.49718445772305,-15.625539582790225
596,13.65737533569336,25.5,-13.65737533569336,-0.00010919989290414378,-0.0028145150281488895,0.00015331804752349854,0.0028208023868501186,13.657266135800455,25.49718548497185,-13.657222017645836
597,15.625715255737305,25.5,-11.35274600982666,-0.00012960527965333313,-0.0028141411021351814,0.0001269337662961334,0.0028199823573231697,15.625585650457651,25.497185858897865,-11.352619076060364
598,17.20929718017578,25.5,-8.768574714660645,-0.00014539081894326955,-0.002814488485455513,9.75092189037241e-05,0.002819927642121911,17.209151789356838,25.497185511514544,-8.76847720544174
599,18.369129180908203,25.5,-5.968492031097412,-0.00015656276082154363,-0.00281521980650723,6.603049405384809e-05,0.0028203430119901896,18.36897261814738,25.497184780193493,-5.968426000603358
600,19.07665252685547,25.5,-3.0214450359344482,-0.00016321985458489507,-0.0028158891946077347,3.3308206184301525e-05,0.0028208123985677958,19.076489307000884,25.497184110805392,-3.021411727728264
601,20.293947219848633,27.299999237060547,0.0,6.553272669407306e-06,-0.002935875905677676,6.006033833667768e-19,0.002935883356258273,20.293953773121302,27.29706336115487,6.006033833667768e-19
602,20.044095993041992,27.299999237060547,3.174673080444336,6.173931069497485e-06,-0.002935232827439904,-7.5003449637733866e-06,0.0029352488927543163,20.04410216697306,27.297064004233107,3.174665580099372
603,19.300691604614258,27.299999237060547,6.271174907684326,5.338405117072398e-06,-0.0029335343278944492,-1.541772326163482e-05,0.002933579497039318,19.300696943019375,27.297065702732652,6.2711594899610645
604,18.082040786743164,27.299999237060547,9.21325969696045,4.894923677056795e-06,-0.002931424183771014,-2.3842241716920398e-05,0.00293152523227036,18.08204568166684,27.297067812876776,9.213235854718732
605,16.418149948120117,27.299999237060547,11.928483009338379,5.999832410452655e-06,-0.002929787151515484,-3.2280542654916644e-05,0.002929971320554614,16.418155947952528,27.29706944990903,11.928450728795724
606,14.349987983703613,27.299999237060547,14.349987983703613,9.63601723924512e-06,-0.002929402980953455,-3.9655791624682024e-05,0.0029296872671693563,14.349997619720853,27.297069834079593,14.349948327911989
607,11.928483009338379,27.299999237060547,16.418149948120117,1.6020321709220298e-05,-0.002930443035438657,-4.479792187339626e-05,0.0029308293014764786,11.928499029660088,27.297068794025108,16.418105150198244
608,9.21325969696045,27.299999237060547,18.082040786743164,2.432161090837326e-05,-0.0029319878667593002,-4.739501673611812e-05,0.002932471688836813,9.213284018571358,27.297067249193788,18.081993391726428
609,6.271174907684326,27.299999237060547,19.300691604614258,3.313917841296643e-05,-0.002931908704340458,-4.880749111180194e-05,0.002932501956820488,6.271208046862739,27.297067328356206,19.300642797123146
610,3.174673080444336,27.299999237060547,20.044095993041992,4.1618328395998105e-05,-0.0029274553526192904,-5.180489461054094e-05,0.0029282094910740852,3.174714698772732,27.297071781707928,20.04404418814738
611,0.0,27.299999237060547,20.293947219848633,5.0294038373976946e-05,-0.0029166394378989935,-5.874569615116343e-05,0.002917664358392358,5.0294038373976946e-05,27.297082597622648,20.29388847415248
612,-3.174673080444336,27.299999237060547,20.044095993041992,6.0544232837855816e-05,-0.002899938030168414,-6.917699647601694e-05,0.0029013948515057564,-3.174612536211498,27.29709929903038,20.044026816045516
613,-6.271174907684326,27.299999237060547,19.300691604614258,7.282703882083297e-05,-0.002881024032831192,-7.955170440254733e-05,0.0028830422088503838,-6.271102080645505,27.297118213027716,19.300612052909855
614,-9.21325969696045,27.299999237060547,18.082040786743164,8.578943379689008e-05,-0.002865710761398077,-8.579844143241644e-05,0.0028682779520750046,-9.213173907526652,27.29713352629915,18.08195498830173
615,-11.928483009338379,27.299999237060547,16.418149948120117,9.659058559918776e-05,-0.0028602229431271553,-8.479286771034822e-05,0.0028631093446165323,-11.92838641875278,27.29713901411742,16.418065155252407
616,-14.349987983703613,27.299999237060547,14.349987983703613,0.00010162309627048671,-0.00286839809268713,-7.530492439400405e-05,0.0028711853083223104,-14.349886360607343,27.29713083896786,14.34991267877922
617,-16.418149948120117,27.299999237060547,11.928483009338379,9.924408368533477e-05,-0.0028884473722428083,-5.975291060167365e-05,0.0028907693922519684,-16.418050704036432,27.297110789688304,11.928423256427777
618,-18.082040786743164,27.299999237060547,9.21325969696045,9.084262273972854e-05,-0.002914142794907093,-4.2117662815144286e-05,0.002915862714871764,-18.081949944120424,27.29708509426564,9.213217579297634
619,-19.300691604614258,27.299999237060547,6.271174907684326,7.934420864330605e-05,-0.0029386107344180346,-2.546632276789751e-05,0.0029397918842732906,-19.300612260405615,27.29706062632613,6.271149441361558
620,-20.044095993041992,27.299999237060547,3.174673080444336,6.93124093231745e-05,-0.002955950563773513,-1.1575722055567894e-05,0.0029567857272922993,-20.04402668063267,27.297043286496773,3.1746615047222804
621,-20.293947219848633,27.299999237060547,0.0,6.53617171337828e-05,-0.0029621757566928864,1.6440193994976111e-19,0.0029628968331962824,-20.2938818581315,27.297037061303854,1.6440193994976111e-19
622,-20.044095993041992,27.299999237060547,-3.174673080444336,6.93124093231745e-05,-0.002955950563773513,1.1575722055567894e-05,0.0029567857272922993,-20.04402668063267,27.297043286496773,-3.1746615047222804
623,-19.300691604614258,27.299999237060547,-6.271174907684326,7.934420864330605e-05,-0.0029386107344180346,2.546632276789751e-05,0.0029397918842732906,-19.300612260405615,27.29706062632613,-6.271149441361558
624,-18.082040786743164,27.299999237060547,-9.21325969696045,9.084262273972854e-05,-0.002914142794907093,4.2117662815144286e-05,0.002915862714871764,-18.081949944120424,27.29708509426564,-9.213217579297634
625,-16.418149948120117,27.299999237060547,-11.928483009338379,9.924408368533477e-05,-0.0028884473722428083,5.975291060167365e-05,0.0028907693922519684,-16.418050704036432,27.297110789688304,-11.928423256427777
626,-14.349987983703613,27.299999237060547,-14.349987983703613,0.00010162309627048671,-0.00286839809268713,7.530492439400405e-05,0.0028711853083223104,-14.349886360607343,27.29713083896786,-14.34991267877922
627,-11.928483009338379,27.299999237060547,-16.418149948120117,9.659058559918776e-05,-0.0028602229431271553,8.479286771034822e-05,0.0028631093446165323,-11.92838641875278,27.29713901411742,-16.418065155252407
628,-9.21325969696045,27.299999237060547,-18.082040786743164,8.578943379689008e-05,-0.002865710761398077,8.579844143241644e-05,0.0028682779520750046,-9.213173907526652,27.29713352629915,-18.08195498830173
629,-6.271174907684326,27.299999237060547,-19.300691604614258,7.282703882083297e-05,-0.002881024032831192,7.955170440254733e-05,0.0028830422088503838,-6.271102080645505,27.297118213027716,-19.300612052909855
630,-3.174673080444336,27.299999237060547,-20.044095993041992,6.0544232837855816e-05,-0.002899938030168414,6.917699647601694e-05,0.0029013948515057564,-3.174612536211498,27.29709929903038,-20.044026816045516
631,-0.0,27.299999237060547,-20.293947219848633,5.0294038373976946e-05,-0.0029166394378989935,5.874569615116343e-05,0.002917664358392358,5.0294038373976946e-05,27.297082597622648,-20.29388847415248
632,3.174673080444336,27.299999237060547,-20.044095993041992,4.1618328395998105e-05,-0.0029274553526192904,5.180489461054094e-05,0.0029282094910740852,3.174714698772732,27.297071781707928,-20.04404418814738
633,6.271174907684326,27.299999237060547,-19.300691604614258,3.313917841296643e-05,-0.002931908704340458,4.880749111180194e-05,0.002932501956820488,6.271208046862739,27.297067328356206,-19.300642797123146
634,9.21325969696045,27.299999237060547,-18.082040786743164,2.432161090837326e-05,-0.0029319878667593002,4.739501673611812e-05,0.002932471688836813,9.213284018571358,27.297067249193788,-18.081993391726428
635,11.928483009338379,27.299999237060547,-16.418149948120117,1.6020321709220298e-05,-0.002930443035438657,4.479792187339626e-05,0.0029308293014764786,11.928499029660088,27.297068794025108,-16.418105150198244
636,14.349987983703613,27.299999237060547,-14.349987983703613,9.63601723924512e-06,-0.002929402980953455,3.9655791624682024e-05,0.0029296872671693563,14.349997619720853,27.297069834079593,-14.349948327911989
637,16.418149948120117,27.299999237060547,-11.928483009338379,5.999832410452655e-06,-0.002929787151515484,3.2280542654916644e-05,0.002929971320554614,16.418155947952528,27.29706944990903,-11.928450728795724
638,18.082040786743164,27.299999237060547,-9.21325969696045,4.894923677056795e-06,-0.002931424183771014,2.3842241716920398e-05,0.00293152523227036,18.08204568166684,27.297067812876776,-9.213235854718732
639,19.300691604614258,27.299999237060547,-6.271174907684326,5.338405117072398e-06,-0.0029335343278944492,1.541772326163482e-05,0.002933579497039318,19.300696943019375,27.297065702732652,-6.2711594899610645
640,20.044095993041992,27.299999237060547,-3.174673080444336,6.173931069497485e-06,-0.002935232827439904,7.5003449637733866e-06,0.0029352488927543163,20.04410216697306,27.297064004233107,-3.174665580099372
641,21.27345085144043,29.100000381469727,0.0,0.00017239816952496767,-0.003052003215998411,4.001641309590125e-19,0.0030568684451282024,21.273623249609955,29.096948378253728,4.001641309590125e-19
642,21.011539459228516,29.100000381469727,3.3279008865356445,0.00016960409993771464,-0.0030510425567626953,1.739948129397817e-05,0.003055802546441555,21.011709063328453,29.096949338912964,3.3279182860169385
643,20.23225212097168,29.100000381469727,6.57385778427124,0.00016178582154680043,-0.00304849399253726,3.349745747982524e-05,0.003052967833355069,20.232413906793226,29.09695188747719,6.57389128172872
644,18.954782485961914,29.100000381469727,9.657943725585938,0.0001504807296441868,-0.0030452783685177565,4.7547935537295416e-05,0.0030493647791445255,18.95493296669156,29.09695510310121,9.657991273521475
645,17.210582733154297,29.100000381469727,12.504220008850098,0.00013770941586699337,-0.0030426376033574343,5.972184590063989e-05,0.0030463379807770252,17.210720442570164,29.09695774386637,12.504279730695998
646,15.042600631713867,29.100000381469727,15.042600631713867,0.00012519063602667302,-0.003041648305952549,7.100531365722418e-05,0.0030450515914708376,15.042725822349894,29.096958733163774,15.042671637027524
647,12.504220008850098,29.100000381469727,17.210582733154297,0.00011355747119523585,-0.0030425740405917168,8.243389311246574e-05,0.0030458082910627127,12.504333566321293,29.096957807429135,17.21066516704741
648,9.657943725585938,29.100000381469727,18.954782485961914,0.00010211470362264663,-0.0030442923307418823,9.383862925460562e-05,0.003047449514269829,9.65804584028956,29.096956089138985,18.95487632459117
649,6.57385778427124,29.100000381469727,20.23225212097168,8.954137592809275e-05,-0.0030441407579928637,0.00010282623406965286,0.0030471929349005222,6.573947325647168,29.096956240711734,20.23235494720575
650,3.3279008865356445,29.100000381469727,21.011539459228516,7.53282438381575e-05,-0.003038502298295498,0.0001049653219524771,0.0030412478372454643,3.3279762147794827,29.09696187917143,21.011644424550468
651,0.0,29.100000381469727,21.27345085144043,6.098106314311735e-05,-0.0030242742504924536,9.579140169080347e-05,0.0030264053493738174,6.098106314311735e-05,29.096976107219234,21.27354664284212
652,-3.3279008865356445,29.100000381469727,21.011539459228516,4.9685138947097585e-05,-0.0030010074842721224,7.412878039758652e-05,0.0030023339204490185,-3.3278512013966974,29.096999373985454,21.011613588008913
653,-6.57385778427124,29.100000381469727,20.23225212097168,4.39327304775361e-05,-0.002972636604681611,4.434800939634442e-05,0.0029732920229434967,-6.573813851540763,29.097027744865045,20.232296468981076
654,-9.657943725585938,29.100000381469727,18.954782485961914,4.253493170836009e-05,-0.002947563538327813,1.5493258615606464e-05,0.0029479111544787884,-9.65790119065423,29.0970528179314,18.95479797922053
655,-12.504220008850098,29.100000381469727,17.210582733154297,3.8935333577683195e-05,-0.002936724806204438,-2.0051154479006073e-06,0.0029369834810495377,-12.50418107351652,29.097063656663522,17.21058072803885
656,-15.042600631713867,29.100000381469727,15.042600631713867,2.4374776330660097e-05,-0.002947456669062376,-3.338814167364035e-06,0.0029475593473762274,-15.042576256937537,29.097052924800664,15.0425972928997
657,-17.210582733154297,29.100000381469727,12.504220008850098,-3.3736946534190793e-06,-0.002976445248350501,5.353176220523892e-06,0.002976452000439167,-17.21058610684895,29.097023936221376,12.504225362026318
658,-18.954782485961914,29.100000381469727,9.657943725585938,-3.759266110137105e-05,-0.003012437606230378,1.3558398677560035e-05,0.0030127025675028563,-18.954820078623015,29.096987943863496,9.657957283984615
659,-20.23225212097168,29.100000381469727,6.57385778427124,-6.92528483341448e-05,-0.0030447356402873993,1.5254861864377744e-05,0.003045561257749796,-20.232321373820014,29.09695564582944,6.573873039133105
660,-21.011539459228516,29.100000381469727,3.3279008865356445,-9.115495777223259e-05,-0.0030664235819131136,9.809087714529596e-06,0.0030677937902510166,-21.011630614186288,29.096933957887813,3.327910695623359
661,-21.27345085144043,29.100000381469727,0.0,-9.890169167192653e-05,-0.003073975211009383,3.0932744708786663e-19,0.0030755659099668264,-21.2735497531321,29.096926406258717,3.0932744708786663e-19
662,-21.011539459228516,29.100000381469727,-3.3279008865356445,-9.115495777223259e-05,-0.0030664235819131136,-9.809087714529596e-06,0.0030677937902510166,-21.011630614186288,29.096933957887813,-3.327910695623359
663,-20.23225212097168,29.100000381469727,-6.57385778427124,-6.92528483341448e-05,-0.0030447356402873993,-1.5254861864377744e-05,0.003045561257749796,-20.232321373820014,29.09695564582944,-6.573873039133105
664,-18.954782485961914,29.100000381469727,-9.657943725585938,-3.759266110137105e-05,-0.003012437606230378,-1.3558398677560035e-05,0.0030127025675028563,-18.954820078623015,29.096987943863496,-9.657957283984615
665,-17.210582733154297,29.100000381469727,-12.504220008850098,-3.3736946534190793e-06,-0.002976445248350501,-5.353176220523892e-06,0.002976452000439167,-17.21058610684895,29.097023936221376,-12.504225362026318
666,-15.042600631713867,29.100000381469727,-15.042600631713867,2.4374776330660097e-05,-0.002947456669062376,3.338814167364035e-06,0.0029475593473762274,-15.042576256937537,29.097052924800664,-15.0425972928997
667,-12.504220008850098,29.100000381469727,-17.210582733154297,3.8935333577683195e-05,-0.002936724806204438,2.0051154479006073e-06,0.0029369834810495377,-12.50418107351652,29.097063656663522,-17.21058072803885
668,-9.657943725585938,29.100000381469727,-18.954782485961914,4.253493170836009e-05,-0.002947563538327813,-1.5493258615606464e-05,0.0029479111544787884,-9.65790119065423,29.0970528179314,-18.95479797922053
669,-6.57385778427124,29.100000381469727,-20.23225212097168,4.39327304775361e-05,-0.002972636604681611,-4.434800939634442e-05,0.0029732920229434967,-6.573813851540763,29.097027744865045,-20.232296468981076
670,-3.3279008865356445,29.100000381469727,-21.011539459228516,4.9685138947097585e-05,-0.0030010074842721224,-7.412878039758652e-05,0.0030023339204490185,-3.3278512013966974,29.096999373985454,-21.011613588008913
671,-0.0,29.100000381469727,-21.27345085144043,6.098106314311735e-05,-0.0030242742504924536,-9.579140169080347e-05,0.0030264053493738174,6.098106314311735e-05,29.096976107219234,-21.27354664284212
672,3.3279008865356445,29.100000381469727,-21.011539459228516,7.53282438381575e-05,-0.003038502298295498,-0.0001049653219524771,0.0030412478372454643,3.3279762147794827,29.09696187917143,-21.011644424550468
673,6.57385778427124,29.100000381469727,-20.23225212097168,8.954137592809275e-05,-0.0030441407579928637,-0.00010282623406965286,0.0030471929349005222,6.573947325647168,29.096956240711734,-20.23235494720575
674,9.657943725585938,29.100000381469727,-18.954782485961914,0.00010211470362264663,-0.0030442923307418823,-9.383862925460562e-05,0.003047449514269829,9.65804584028956,29.096956089138985,-18.95487632459117
675,12.504220008850098,29.100000381469727,-17.210582733154297,0.00011355747119523585,-0.0030425740405917168,-8.243389311246574e-05,0.0030458082910627127,12.504333566321293,29.096957807429135,-17.21066516704741
676,15.042600631713867,29.100000381469727,-15.042600631713867,0.00012519063602667302,-0.003041648305952549,-7.100531365722418e-05,0.0030450515914708376,15.042725822349894,29.096958733163774,-15.042671637027524
677,17.210582733154297,29.100000381469727,-12.504220008850098,0.00013770941586699337,-0.0030426376033574343,-5.972184590063989e-05,0.0030463379807770252,17.210720442570164,29.09695774386637,-12.504279730695998
678,18.954782485961914,29.100000381469727,-9.657943725585938,0.0001504807296441868,-0.0030452783685177565,-4.7547935537295416e-05,0.0030493647791445255,18.95493296669156,29.09695510310121,-9.657991273521475
679,20.23225212097168,29.100000381469727,-6.57385778427124,0.00016178582154680043,-0.00304849399253726,-3.349745747982524e-05,0.003052967833355069,20.232413906793226,29.09695188747719,-6.57389128172872
680,21.011539459228516,29.100000381469727,-3.3279008865356445,0.00016960409993771464,-0.0030510425567626953,-1.739948129397817e-05,0.003055802546441555,21.011709063328453,29.096949338912964,-3.3279182860169385
681,22.68235969543457,30.950000762939453,0.0,0.0003124153590761125,-0.003188767936080694,2.3076054003787294e-19,0.003204035572707653,22.682672110793646,30.946811995003372,2.3076054003787294e-19
682,22.40310287475586,30.950000762939453,3.5483028888702393,0.00030766375130042434,-0.003187516937032342,3.8604845030931756e-05,0.0032025633845478296,22.40341053850716,30.94681324600242,3.54834149371527
683,21.57220458984375,30.950000762939453,7.0092339515686035,0.00029420843929983675,-0.0031842216849327087,7.517674384871498e-05,0.0031986681278795004,21.57249879828305,30.94681654125452,7.009309128312452
684,20.21013069152832,30.950000762939453,10.297575950622559,0.0002741722564678639,-0.003180113388225436,0.00010843854397535324,0.0031937516760081053,20.210404863784788,30.946820649551228,10.297684389166534
685,18.350414276123047,30.950000762939453,13.332356452941895,0.0002502268471289426,-0.0031767631880939007,0.00013828206283506006,0.0031896017026156187,18.350664502970176,30.94682399975136,13.33249473500473
686,16.038850784301758,30.950000762939453,16.038850784301758,0.0002245343930553645,-0.0031754085794091225,0.00016552559100091457,0.0031876377761363983,16.039075318694813,30.946825354360044,16.03901630989276
687,13.332356452941895,30.950000762939453,18.350414276123047,0.00019788561621680856,-0.0031762016005814075,0.00019091622380074114,0.0031880815513432026,13.332554338558111,30.94682456133887,18.350605192346848
688,10.297575950622559,30.950000762939453,20.21013069152832,0.0001696086401352659,-0.00317766354419291,0.0002137346164090559,0.003189356531947851,10.297745559262694,30.94682309939526,20.21034442614473
689,7.0092339515686035,30.950000762939453,21.57220458984375,0.00013851854600943625,-0.0031766402535140514,0.00023079209495335817,0.0031880235765129328,7.009372470114613,30.94682412268594,21.572435381938703
690,3.5483028888702393,30.950000762939453,22.40310287475586,0.00010453857248649001,-0.0031689328607171774,0.00023667291679885238,0.003179477760568261,3.5484074274427257,30.946831830078736,22.40333954767266
691,0.0,30.950000762939453,22.68235969543457,7.004832878010347e-05,-0.0031506663653999567,0.00022569029533769935,0.0031595160253345966,7.004832878010347e-05,30.946850096574053,22.682585385729908
692,-3.5483028888702393,30.950000762939453,22.40310287475586,3.9749218558426946e-05,-0.00312034715898335,0.00019526727555785328,0.003126703668385744,-3.548263139651681,30.94688041578047,22.403298142031417
693,-7.0092339515686035,30.950000762939453,21.57220458984375,1.8184806322096847e-05,-0.0030813671182841063,0.00014947151066735387,0.003085043979808688,-7.009215766762281,30.94691939582117,21.572354061354417
694,-10.297575950622559,30.950000762939453,20.21013069152832,5.008570042264182e-06,-0.0030444238800555468,0.00010096622281707823,0.00304610189050436,-10.297570942052516,30.946956339059398,20.210231657751137
695,-13.332356452941895,30.950000762939453,18.350414276123047,-9.61064961302327e-06,-0.003026745282113552,6.765196303604171e-05,0.0030275166500359774,-13.332366063591508,30.94697401765734,18.350481928086083
696,-16.038850784301758,30.950000762939453,16.038850784301758,-4.032921060570516e-05,-0.0030409772880375385,5.847906868439168e-05,0.0030418068636208773,-16.038891113512364,30.946959785651416,16.038909263370442
697,-18.350414276123047,30.950000762939453,13.332356452941895,-9.032000525621697e-05,-0.0030814874917268753,6.27874251222238e-05,0.0030834502540528774,-18.350504596128303,30.946919275447726,13.332419240367017
698,-20.21013069152832,30.950000762939453,10.297575950622559,-0.00014671629469376057,-0.003129615681245923,6.306938303168863e-05,0.0031336876563727856,-20.210277407823014,30.946871147258207,10.29763902000559
699,-21.57220458984375,30.950000762939453,7.0092339515686035,-0.00019457898451946676,-0.0031700339168310165,5.124206290929578e-05,0.0031764134764671326,-21.57239916882827,30.946830729022622,7.009285193631513
700,-22.40310287475586,30.950000762939453,3.5483028888702393,-0.00022545868705492467,-0.003195727476850152,2.8555659810081124e-05,0.003203798085451126,-22.403328333442914,30.946805035462603,3.5483314445300493
701,-22.68235969543457,30.950000762939453,0.0,-0.00023600191343575716,-0.0032044316176325083,4.261983741188061e-19,0.0032131103798747063,-22.682595697348006,30.94679633132182,4.261983741188061e-19
702,-22.40310287475586,30.950000762939453,-3.5483028888702393,-0.00022545868705492467,-0.003195727476850152,-2.8555659810081124e-05,0.003203798085451126,-22.403328333442914,30.946805035462603,-3.5483314445300493
703,-21.57220458984375,30.950000762939453,-7.0092339515686035,-0.00019457898451946676,-0.0031700339168310165,-5.124206290929578e-05,0.0031764134764671326,-21.57239916882827,30.946830729022622,-7.009285193631513
704,-20.21013069152832,30.950000762939453,-10.297575950622559,-0.00014671629469376057,-0.003129615681245923,-6.306938303168863e-05,0.0031336876563727856,-20.210277407823014,30.946871147258207,-10.29763902000559
705,-18.350414276123047,30.950000762939453,-13.332356452941895,-9.032000525621697e-05,-0.0030814874917268753,-6.27874251222238e-05,0.0030834502540528774,-18.350504596128303,30.946919275447726,-13.332419240367017
706,-16.038850784301758,30.950000762939453,-16.038850784301758,-4.032921060570516e-05,-0.0030409772880375385,-5.847906868439168e-05,0.0030418068636208773,-16.038891113512364,30.946959785651416,-16.038909263370442
707,-13.332356452941895,30.950000762939453,-18.350414276123047,-9.61064961302327e-06,-0.003026745282113552,-6.765196303604171e-05,0.0030275166500359774,-13.332366063591508,30.94697401765734,-18.350481928086083
708,-10.297575950622559,30.950000762939453,-20.21013069152832,5.008570042264182e-06,-0.0030444238800555468,-0.00010096622281707823,0.00304610189050436,-10.297570942052516,30.946956339059398,-20.210231657751137
709,-7.0092339515686035,30.950000762939453,-21.57220458984375,1.8184806322096847e-05,-0.0030813671182841063,-0.00014947151066735387,0.003085043979808688,-7.009215766762281,30.94691939582117,-21.572354061354417
710,-3.5483028888702393,30.950000762939453,-22.40310287475586,3.9749218558426946e-05,-0.00312034715898335,-0.00019526727555785328,0.003126703668385744,-3.548263139651681,30.94688041578047,-22.403298142031417
711,-0.0,30.950000762939453,-22.68235969543457,7.004832878010347e-05,-0.0031506663653999567,-0.00022569029533769935,0.0031595160253345966,7.004832878010347e-05,30.946850096574053,-22.682585385729908
712,3.5483028888702393,30.950000762939453,-22.40310287475586,0.00010453857248649001,-0.0031689328607171774,-0.00023667291679885238,0.003179477760568261,3.5484074274427257,30.946831830078736,-22.40333954767266
713,7.0092339515686035,30.950000762939453,-21.57220458984375,0.00013851854600943625,-0.0031766402535140514,-0.00023079209495335817,0.0031880235765129328,7.009372470114613,30.94682412268594,-21.572435381938703
714,10.297575950622559,30.950000762939453,-20.21013069152832,0.0001696086401352659,-0.00317766354419291,-0.0002137346164090559,0.003189356531947851,10.297745559262694,30.94682309939526,-20.21034442614473
715,13.332356452941895,30.950000762939453,-18.350414276123047,0.00019788561621680856,-0.0031762016005814075,-0.00019091622380074114,0.0031880815513432026,13.332554338558111,30.94682456133887,-18.350605192346848
716,16.038850784301758,30.950000762939453,-16.038850784301758,0.0002245343930553645,-0.0031754085794091225,-0.00016552559100091457,0.0031876377761363983,16.039075318694813,30.946825354360044,-16.03901630989276
717,18.350414276123047,30.950000762939453,-13.332356452941895,0.0002502268471289426,-0.0031767631880939007,-0.00013828206283506006,0.0031896017026156187,18.350664502970176,30.94682399975136,-13.33249473500473
718,20.21013069152832,30.950000762939453,-10.297575950622559,0.0002741722564678639,-0.003180113388225436,-0.00010843854397535324,0.0031937516760081053,20.210404863784788,30.946820649551228,-10.297684389166534
719,21.57220458984375,30.950000762939453,-7.0092339515686035,0.00029420843929983675,-0.0031842216849327087,-7.517674384871498e-05,0.0031986681278795004,21.57249879828305,30.94681654125452,-7.009309128312452
720,22.40310287475586,30.950000762939453,-3.5483028888702393,0.00030766375130042434,-0.003187516937032342,-3.8604845030931756e-05,0.0032025633845478296,22.40341053850716,30.94681324600242,-3.54834149371527
721,24.09126853942871,32.79999923706055,0.0,0.0004404059727676213,-0.0033123367466032505,5.828523329906332e-20,0.003341486444696784,24.09170894540148,32.796686900313944,5.828523329906332e-20
722,23.79466438293457,32.79999923706055,3.768704891204834,0.0004340120358392596,-0.0033109430223703384,5.808952118968591e-05,0.003339773043990135,23.79509839497041,32.79668829403818,3.7687629807260237
723,22.91215705871582,32.79999923706055,7.444611072540283,0.0004157942021265626,-0.0033073131926357746,0.00011361233191564679,0.003335283137857914,22.912572852917947,32.79669192386791,7.444724684872199
724,21.465476989746094,32.79999923706055,10.937207221984863,0.0003882547316607088,-0.0033028805628418922,0.00016487526590935886,0.0033297063782811165,21.465865244477754,32.796696356497705,10.937372097250773
725,19.490245819091797,32.79999923706055,14.160491943359375,0.0003544218197930604,-0.0032993608620017767,0.0002114455564878881,0.0033250723499804735,19.49060024091159,32.796699876198545,14.160703388915863
726,17.035099029541016,32.79999923706055,17.035099029541016,0.00031663852860219777,-0.003297922434285283,0.00025373947573825717,0.003322790376842022,17.035415668069618,32.79670131462626,17.035352769016754
727,14.160491943359375,32.79999923706055,19.490245819091797,0.0002757722686510533,-0.0032984057907015085,0.00029188202461227775,0.0033227589447051287,14.160767715628026,32.796700831269845,19.49053770111641
728,10.937207221984863,32.79999923706055,21.465476989746094,0.00023136399977374822,-0.0032989177852869034,0.0003243793034926057,0.003322891891002655,10.937438585984637,32.79670031927526,21.465801369049586
729,7.444611072540283,32.79999923706055,22.91215705871582,0.00018274513422511518,-0.0032959841191768646,0.00034737688838504255,0.003319273702800274,7.444793817674508,32.79670325294137,22.912504435604205
730,3.768704891204834,32.79999923706055,23.79466438293457,0.000130607295432128,-0.0032852848526090384,0.0003551210684236139,0.0033070025965571404,3.768835498500266,32.79671395220794,23.795019504002994
731,0.0,32.79999923706055,24.09126853942871,7.815485878381878e-05,-0.003262885380536318,0.0003417945990804583,0.0032816692255437374,7.815485878381878e-05,32.79673635168001,24.09161033402779
732,-3.768704891204834,32.79999923706055,23.79466438293457,3.093708073720336e-05,-0.003226987086236477,0.0003044804325327277,0.003241467522457242,-3.768673954124097,32.79677224997431,23.794968863367103
733,-7.444611072540283,32.79999923706055,22.91215705871582,-5.515559678315185e-06,-0.0031805706676095724,0.0002469329920131713,0.0031901467591524124,-7.4446165880999615,32.79681866639294,22.912403991707833
734,-10.937207221984863,32.79999923706055,21.465476989746094,-3.118839595117606e-05,-0.003135405946522951,0.0001834394788602367,0.0031409224029630423,-10.937238410380814,32.796863831114024,21.465660429224954
735,-14.160491943359375,32.79999923706055,19.490245819091797,-5.8063858887180686e-05,-0.0031129205599427223,0.00013653271889779717,0.003116454230621457,-14.160550007218262,32.796886316500604,19.490382351810695
736,-17.035099029541016,32.79999923706055,17.035099029541016,-0.00010434212890686467,-0.003129813354462385,0.00011850884038722143,0.0031337938271462917,-17.035203371669922,32.796869423706084,17.035217538381403
737,-19.490245819091797,32.79999923706055,14.160491943359375,-0.00017298341845162213,-0.0031786628533154726,0.00011621922021731734,0.0031854871194809675,-19.49041880251025,32.79682057420723,14.160608162579592
738,-21.465476989746094,32.79999923706055,10.937207221984863,-0.00024661258794367313,-0.003235248615965247,0.00010750247747637331,0.0032464147079735994,-21.465723602334037,32.79676398844458,10.93731472446234
739,-22.91215705871582,32.79999923706055,7.444611072540283,-0.0003068231453653425,-0.003281270619481802,8.291144331451505e-05,0.0032966271974146366,-22.912463881861186,32.796717966441065,7.444693983983598
740,-23.79466438293457,32.79999923706055,3.768704891204834,-0.0003447531198617071,-0.003309883875772357,4.494267705013044e-05,0.0033280933275818825,-23.795009136054432,32.796689353184775,3.768749833881884
741,-24.09126853942871,32.79999923706055,0.0,-0.0003575788578018546,-0.003319489536806941,4.827681446873595e-19,0.0033386931754648685,-24.091626118286513,32.79667974752374,4.827681446873595e-19
742,-23.79466438293457,32.79999923706055,-3.768704891204834,-0.0003447531198617071,-0.003309883875772357,-4.494267705013044e-05,0.0033280933275818825,-23.795009136054432,32.796689353184775,-3.768749833881884
743,-22.91215705871582,32.79999923706055,-7.444611072540283,-0.0003068231453653425,-0.003281270619481802,-8.291144331451505e-05,0.0032966271974146366,-22.912463881861186,32.796717966441065,-7.444693983983598
744,-21.465476989746094,32.79999923706055,-10.937207221984863,-0.00024661258794367313,-0.003235248615965247,-0.00010750247747637331,0.0032464147079735994,-21.465723602334037,32.79676398844458,-10.93731472446234
745,-19.490245819091797,32.79999923706055,-14.160491943359375,-0.00017298341845162213,-0.0031786628533154726,-0.00011621922021731734,0.0031854871194809675,-19.49041880251025,32.79682057420723,-14.160608162579592
746,-17.035099029541016,32.79999923706055,-17.035099029541016,-0.00010434212890686467,-0.003129813354462385,-0.00011850884038722143,0.0031337938271462917,-17.035203371669922,32.796869423706084,-17.035217538381403
747,-14.160491943359375,32.79999923706055,-19.490245819091797,-5.8063858887180686e-05,-0.0031129205599427223,-0.00013653271889779717,0.003116454230621457,-14.160550007218262,32.796886316500604,-19.490382351810695
748,-10.937207221984863,32.79999923706055,-21.465476989746094,-3.118839595117606e-05,-0.003135405946522951,-0.0001834394788602367,0.0031409224029630423,-10.937238410380814,32.796863831114024,-21.465660429224954
749,-7.444611072540283,32.79999923706055,-22.91215705871582,-5.515559678315185e-06,-0.0031805706676095724,-0.0002469329920131713,0.0031901467591524124,-7.4446165880999615,32.79681866639294,-22.912403991707833
750,-3.768704891204834,32.79999923706055,-23.79466438293457,3.093708073720336e-05,-0.003226987086236477,-0.0003044804325327277,0.003241467522457242,-3.768673954124097,32.79677224997431,-23.794968863367103
751,-0.0,32.79999923706055,-24.09126853942871,7.815485878381878e-05,-0.003262885380536318,-0.0003417945990804583,0.0032816692255437374,7.815485878381878e-05,32.79673635168001,-24.09161033402779
752,3.768704891204834,32.79999923706055,-23.79466438293457,0.000130607295432128,-0.0032852848526090384,-0.0003551210684236139,0.0033070025965571404,3.768835498500266,32.79671395220794,-23.795019504002994
753,7.444611072540283,32.79999923706055,-22.91215705871582,0.00018274513422511518,-0.0032959841191768646,-0.00034737688838504255,0.003319273702800274,7.444793817674508,32.79670325294137,-22.912504435604205
754,10.937207221984863,32.79999923706055,-21.465476989746094,0.00023136399977374822,-0.0032989177852869034,-0.0003243793034926057,0.003322891891002655,10.937438585984637,32.79670031927526,-21.465801369049586
755,14.160491943359375,32.79999923706055,-19.490245819091797,0.0002757722686510533,-0.0032984057907015085,-0.00029188202461227775,0.0033227589447051287,14.160767715628026,32.796700831269845,-19.49053770111641
756,17.035099029541016,32.79999923706055,-17.035099029541016,0.00031663852860219777,-0.003297922434285283,-0.00025373947573825717,0.003322790376842022,17.035415668069618,32.79670131462626,-17.035352769016754
757,19.490245819091797,32.79999923706055,-14.160491943359375,0.0003544218197930604,-0.0032993608620017767,-0.0002114455564878881,0.0033250723499804735,19.49060024091159,32.796699876198545,-14.160703388915863
758,21.465476989746094,32.79999923706055,-10.937207221984863,0.0003882547316607088,-0.0033028805628418922,-0.00016487526590935886,0.0033297063782811165,21.465865244477754,32.796696356497705,-10.937372097250773
759,22.91215705871582,32.79999923706055,-7.444611072540283,0.0004157942021265626,-0.0033073131926357746,-0.00011361233191564679,0.003335283137857914,22.912572852917947,32.79669192386791,-7.444724684872199
760,23.79466438293457,32.79999923706055,-3.768704891204834,0.0004340120358392596,-0.0033109430223703384,-5.808952118968591e-05,0.003339773043990135,23.79509839497041,32.79668829403818,-3.7687629807260237
761,25.745634078979492,34.650001525878906,0.0,0.0005527125904336572,-0.003436619881540537,-1.3604461173840064e-19,0.003480782499536872,25.746186791569926,34.646564905997366,-1.3604461173840064e-19
762,25.42866325378418,34.650001525878906,4.027504920959473,0.0005449628224596381,-0.003435202408581972,7.550761074526235e-05,0.0034789799246937037,25.42920821660664,34.646566323470324,4.027580428570218
763,24.485553741455078,34.650001525878906,7.955838203430176,0.0005228029913268983,-0.003431569552049041,0.00014799035852774978,0.003474319353699684,24.486076544446405,34.64656995632686,7.9559861937887035
764,22.93952751159668,34.650001525878906,11.688273429870605,0.0004890030832029879,-0.0034272782504558563,0.0002153861423721537,0.0034686815924942493,22.940016514679883,34.64657424762845,11.688488816012978
765,20.828655242919922,34.650001525878906,15.132904052734375,0.0004467913240659982,-0.0034240465611219406,0.00027693709125742316,0.003464160952717066,20.829102034243988,34.646577479317784,15.133180989825632
766,18.204912185668945,34.650001525878906,18.204912185668945,0.00039853056659922004,-0.003422787878662348,0.0003326145524624735,0.0034619267098605633,18.205310716235545,34.646578738000244,18.205244800221408
767,15.132904052734375,34.650001525878906,20.828655242919922,0.00034504648647271097,-0.003422855632379651,0.00038186481106095016,0.0034613320603966713,15.133249099220848,34.64657867024653,20.829037107730983
768,11.688273429870605,34.650001525878906,22.93952751159668,0.0002860400127246976,-0.003421847941353917,0.0004223946307320148,0.003459664760157466,11.68855946988333,34.64657967793755,22.93994990622741
769,7.955838203430176,34.650001525878906,24.485553741455078,0.00022137378982733935,-0.0034160232171416283,0.00044973668991588056,0.0034526053350418806,7.956059577220003,34.646585502661765,24.486003478144994
770,4.027504920959473,34.650001525878906,25.42866325378418,0.00015256035840138793,-0.0034011886455118656,0.00045799906365573406,0.0034352762158960104,4.027657481317874,34.646600337233394,25.429121252847835
771,0.0,34.650001525878906,25.745634078979492,8.365730900550261e-05,-0.0033738543279469013,0.0004417110758367926,0.0034036743454635143,8.365730900550261e-05,34.64662767155096,25.74607579005533
772,-4.027504920959473,34.650001525878906,25.42866325378418,2.091177702823188e-05,-0.0033326970878988504,0.00039848461165092885,0.0033565007615834475,-4.027484009182444,34.64666882879101,25.42906173839583
773,-7.955838203430176,34.650001525878906,24.485553741455078,-2.9542259653680958e-05,-0.003280906705185771,0.00033248006366193295,0.00329784257337451,-7.9558677456898295,34.64672061917372,24.48588622151874
774,-11.688273429870605,34.650001525878906,22.93952751159668,-6.729087908752263e-05,-0.0032306581269949675,0.0002587996714282781,0.0032417059410363436,-11.688340720749693,34.64677086775191,22.939786311268108
775,-15.132904052734375,34.650001525878906,20.828655242919922,-0.00010518651106394827,-0.0032053941395133734,0.0002021839318331331,0.0032134861685335636,-15.133009239245439,34.64679613173939,20.828857426851755
776,-18.204912185668945,34.650001525878906,18.204912185668945,-0.0001636269298614934,-0.0032241104636341333,0.00017649991787038743,0.0032330811955034733,-18.205075812598807,34.64677741541527,18.205088685586816
777,-20.828655242919922,34.650001525878906,15.132904052734375,-0.0002459510287735611,-0.0032783178612589836,0.00016684555157553405,0.003291762201115489,-20.828901193948695,34.64672320801765,15.13307089828595
778,-22.93952751159668,34.650001525878906,11.688273429870605,-0.0003324145218357444,-0.0033405842259526253,0.00014855894551146775,0.0033603678457438946,-22.939859926118515,34.646660941652954,11.688421988816117
779,-24.485553741455078,34.650001525878906,7.955838203430176,-0.0004026310925837606,-0.0033910248894244432,0.00011181829904671758,0.003416674677282572,-24.485956372547662,34.64661050098948,7.9559500217292225
780,-25.42866325378418,34.650001525878906,4.027504920959473,-0.0004469719424378127,-0.0034225324634462595,5.987690019537695e-05,0.0034521149937063456,-25.429110225726618,34.64657899341546,4.027564797859668
781,-25.745634078979492,34.650001525878906,0.0,-0.00046202880912460387,-0.003433169098570943,6.507696644702217e-19,0.003464119043201208,-25.746096107788617,34.646568356780335,6.507696644702217e-19
782,-25.42866325378418,34.650001525878906,-4.027504920959473,-0.0004469719424378127,-0.0034225324634462595,-5.987690019537695e-05,0.0034521149937063456,-25.429110225726618,34.64657899341546,-4.027564797859668
783,-24.485553741455078,34.650001525878906,-7.955838203430176,-0.0004026310925837606,-0.0033910248894244432,-0.00011181829904671758,0.003416674677282572,-24.485956372547662,34.64661050098948,-7.9559500217292225
784,-22.93952751159668,34.650001525878906,-11.688273429870605,-0.0003324145218357444,-0.0033405842259526253,-0.00014855894551146775,0.0033603678457438946,-22.939859926118515,34.646660941652954,-11.688421988816117
785,-20.828655242919922,34.650001525878906,-15.132904052734375,-0.0002459510287735611,-0.0032783178612589836,-0.00016684555157553405,0.003291762201115489,-20.828901193948695,34.64672320801765,-15.13307089828595
786,-18.204912185668945,34.650001525878906,-18.204912185668945,-0.0001636269298614934,-0.0032241104636341333,-0.00017649991787038743,0.0032330811955034733,-18.205075812598807,34.64677741541527,-18.205088685586816
787,-15.132904052734375,34.650001525878906,-20.828655242919922,-0.00010518651106394827,-0.0032053941395133734,-0.0002021839318331331,0.0032134861685335636,-15.133009239245439,34.64679613173939,-20.828857426851755
788,-11.688273429870605,34.650001525878906,-22.93952751159668,-6.729087908752263e-05,-0.0032306581269949675,-0.0002587996714282781,0.0032417059410363436,-11.688340720749693,34.64677086775191,-22.939786311268108
789,-7.955838203430176,34.650001525878906,-24.485553741455078,-2.9542259653680958e-05,-0.003280906705185771,-0.00033248006366193295,0.00329784257337451,-7.9558677456898295,34.64672061917372,-24.48588622151874
790,-4.027504920959473,34.650001525878906,-25.42866325378418,2.091177702823188e-05,-0.0033326970878988504,-0.00039848461165092885,0.0033565007615834475,-4.027484009182444,34.64666882879101,-25.42906173839583
791,-0.0,34.650001525878906,-25.745634078979492,8.365730900550261e-05,-0.0033738543279469013,-0.0004417110758367926,0.0034036743454635143,8.365730900550261e-05,34.64662767155096,-25.74607579005533
792,4.027504920959473,34.650001525878906,-25.42866325378418,0.00015256035840138793,-0.0034011886455118656,-0.00045799906365573406,0.0034352762158960104,4.027657481317874,34.646600337233394,-25.429121252847835
793,7.955838203430176,34.650001525878906,-24.485553741455078,0.00022137378982733935,-0.0034160232171416283,-0.00044973668991588056,0.0034526053350418806,7.956059577220003,34.646585502661765,-24.486003478144994
794,11.688273429870605,34.650001525878906,-22.93952751159668,0.0002860400127246976,-0.003421847941353917,-0.0004223946307320148,0.003459664760157466,11.68855946988333,34.64657967793755,-22.93994990622741
795,15.132904052734375,34.650001525878906,-20.828655242919922,0.00034504648647271097,-0.003422855632379651,-0.00038186481106095016,0.0034613320603966713,15.133249099220848,34.64657867024653,-20.829037107730983
796,18.204912185668945,34.650001525878906,-18.204912185668945,0.00039853056659922004,-0.003422787878662348,-0.0003326145524624735,0.0034619267098605633,18.205310716235545,34.646578738000244,-18.205244800221408
797,20.828655242919922,34.650001525878906,-15.132904052734375,0.0004467913240659982,-0.0034240465611219406,-0.00027693709125742316,0.003464160952717066,20.829102034243988,34.646577479317784,-15.133180989825632
798,22.93952751159668,34.650001525878906,-11.688273429870605,0.0004890030832029879,-0.0034272782504558563,-0.0002153861423721537,0.0034686815924942493,22.940016514679883,34.64657424762845,-11.688488816012978
799,24.485553741455078,34.650001525878906,-7.955838203430176,0.0005228029913268983,-0.003431569552049041,-0.00014799035852774978,0.003474319353699684,24.486076544446405,34.64656995632686,-7.9559861937887035
800,25.42866325378418,34.650001525878906,-4.027504920959473,0.0005449628224596381,-0.003435202408581972,-7.550761074526235e-05,0.0034789799246937037,25.42920821660664,34.646566323470324,-4.027580428570218
801,27.399999618530273,36.5,0.0,0.0006861497531645,-0.0035732395481318235,-3.2241481439634507e-19,0.0036385220009833574,27.400685768283438,36.49642676045187,-3.2241481439634507e-19
802,27.062660217285156,36.5,4.286303997039795,0.0006767794257029891,-0.00357182533480227,9.642890654504299e-05,0.0036366558633744717,27.06333699671086,36.4964281746652,4.28640042594634
803,26.058948516845703,36.5,8.467065811157227,0.0006498711300082505,-0.003568255342543125,0.00018929524230770767,0.0036318879574537277,26.05959838797571,36.49643174465746,8.467255106399534
804,24.4135799407959,36.5,12.439339637756348,0.0006084389751777053,-0.0035641673021018505,0.000276064733043313,0.003626251360401511,24.414188379771076,36.4964358326979,12.439615702489391
805,22.16706657409668,36.5,16.105316162109375,0.000555905164219439,-0.0035612310748547316,0.00035552214831113815,0.003621849464252591,22.1676224792609,36.496438768925145,16.105671684257686
806,19.374725341796875,36.5,19.374725341796875,0.000494697829708457,-0.003560061566531658,0.0004270494682714343,0.003619549097493291,19.375220039626583,36.49643993843347,19.375152391265146
807,16.105316162109375,36.5,22.16706657409668,0.0004257078981027007,-0.0035595071967691183,0.0004892947617918253,0.0036181111354380846,16.105741870007478,36.49644049280323,22.16755586885847
808,12.439339637756348,36.5,24.4135799407959,0.00034895093995146453,-0.003556669456884265,0.000539102591574192,0.0036141800228506327,12.4396885886963,36.496443330543116,24.414119043387473
809,8.467065811157227,36.5,26.058948516845703,0.000264985574176535,-0.003547579748556018,0.0005714026046916842,0.003603060031309724,8.467330796731403,36.496452420251444,26.059519919450395
810,4.286303997039795,36.5,27.062660217285156,0.00017629042849875987,-0.003528238506987691,0.0005802454543299973,0.0035799762699753046,4.286480287468294,36.49647176149301,27.063240462739486
811,0.0,36.5,27.399999618530273,8.786571561358869e-05,-0.0034957437310367823,0.0005607088096439838,0.0035415166057646275,8.786571561358869e-05,36.49650425626896,27.400560327339917
812,-4.286303997039795,36.5,27.062660217285156,6.620273779844865e-06,-0.003449511481449008,0.0005112802027724683,0.00348720233887434,-4.286297376766015,36.49655048851855,27.06317149748793
813,-8.467065811157227,36.5,26.058948516845703,-6.089644739404321e-05,-0.0033931834623217583,0.00043679404188878834,0.0034217233769595623,-8.46712670760462,36.49660681653768,26.059385310887592
814,-12.439339637756348,36.5,24.4135799407959,-0.00011388967686798424,-0.0033389984164386988,0.00035271738306619227,0.003359507769346237,-12.439453527433216,36.49666100158356,24.413932658178965
815,-16.105316162109375,36.5,22.16706657409668,-0.00016565235273446888,-0.003311514388769865,0.00028511870186775923,0.003327891230583191,-16.10548181446211,36.49668848561123,22.167351692798547
816,-19.374725341796875,36.5,19.374725341796875,-0.0002382859674980864,-0.0033316321205347776,0.00024933062377385795,0.0033494355157017708,-19.374963627764373,36.496668367879465,19.37497467242065
817,-22.16706657409668,36.5,16.105316162109375,-0.00033524021273478866,-0.003389980411157012,0.00022916824673302472,0.0034142162185162306,-22.167401814309414,36.49661001958884,16.105545330356108
818,-24.4135799407959,36.5,12.439339637756348,-0.00043479364831000566,-0.00345659744925797,0.000198069290490821,0.003489461727440357,-24.41401473444421,36.49654340255074,12.439537707046838
819,-26.058948516845703,36.5,8.467065811157227,-0.0005153591046109796,-0.0035107536241412163,0.00014624559844378382,0.0035513904877007008,-26.059463875950314,36.49648924637586,8.46721205675567
820,-27.062660217285156,36.5,4.286303997039795,-0.0005665862117893994,-0.003544996026903391,7.75759617681615e-05,0.0035908264108002186,-27.063226803496946,36.4964550039731,4.286381573001563
821,-27.399999618530273,36.5,0.0,-0.0005840868107043207,-0.0035566582810133696,7.153991985841563e-19,0.003604299621656537,-27.400583705340978,36.49644334171899,7.153991985841563e-19
822,-27.062660217285156,36.5,-4.286303997039795,-0.0005665862117893994,-0.003544996026903391,-7.75759617681615e-05,0.0035908264108002186,-27.063226803496946,36.4964550039731,-4.286381573001563
823,-26.058948516845703,36.5,-8.467065811157227,-0.0005153591046109796,-0.0035107536241412163,-0.00014624559844378382,0.0035513904877007008,-26.059463875950314,36.49648924637586,-8.46721205675567
824,-24.4135799407959,36.5,-12.439339637756348,-0.00043479364831000566,-0.00345659744925797,-0.000198069290490821,0.003489461727440357,-24.41401473444421,36.49654340255074,-12.439537707046838
825,-22.16706657409668,36.5,-16.105316162109375,-0.00033524021273478866,-0.003389980411157012,-0.00022916824673302472,0.0034142162185162306,-22.167401814309414,36.49661001958884,-16.105545330356108
826,-19.374725341796875,36.5,-19.374725341796875,-0.0002382859674980864,-0.0033316321205347776,-0.00024933062377385795,0.0033494355157017708,-19.374963627764373,36.496668367879465,-19.37497467242065
827,-16.105316162109375,36.5,-22.16706657409668,-0.00016565235273446888,-0.003311514388769865,-0.00028511870186775923,0.003327891230583191,-16.10548181446211,36.49668848561123,-22.167351692798547
828,-12.439339637756348,36.5,-24.4135799407959,-0.00011388967686798424,-0.0033389984164386988,-0.00035271738306619227,0.003359507769346237,-12.439453527433216,36.49666100158356,-24.413932658178965
829,-8.467065811157227,36.5,-26.058948516845703,-6.089644739404321e-05,-0.0033931834623217583,-0.00043679404188878834,0.0034217233769595623,-8.46712670760462,36.49660681653768,-26.059385310887592
830,-4.286303997039795,36.5,-27.062660217285156,6.620273779844865e-06,-0.003449511481449008,-0.0005112802027724683,0.00348720233887434,-4.286297376766015,36.49655048851855,-27.06317149748793
831,-0.0,36.5,-27.399999618530273,8.786571561358869e-05,-0.0034957437310367823,-0.0005607088096439838,0.0035415166057646275,8.786571561358869e-05,36.49650425626896,-27.400560327339917
832,4.286303997039795,36.5,-27.062660217285156,0.00017629042849875987,-0.003528238506987691,-0.0005802454543299973,0.0035799762699753046,4.286480287468294,36.49647176149301,-27.063240462739486
833,8.467065811157227,36.5,-26.058948516845703,0.000264985574176535,-0.003547579748556018,-0.0005714026046916842,0.003603060031309724,8.467330796731403,36.496452420251444,-26.059519919450395
834,12.439339637756348,36.5,-24.4135799407959,0.00034895093995146453,-0.003556669456884265,-0.000539102591574192,0.0036141800228506327,12.4396885886963,36.496443330543116,-24.414119043387473
835,16.105316162109375,36.5,-22.16706657409668,0.0004257078981027007,-0.0035595071967691183,-0.0004892947617918253,0.0036181111354380846,16.105741870007478,36.49644049280323,-22.16755586885847
836,19.374725341796875,36.5,-19.374725341796875,0.000494697829708457,-0.003560061566531658,-0.0004270494682714343,0.003619549097493291,19.375220039626583,36.49643993843347,-19.375152391265146
837,22.16706657409668,36.5,-16.105316162109375,0.000555905164219439,-0.0035612310748547316,-0.00035552214831113815,0.003621849464252591,22.1676224792609,36.496438768925145,-16.105671684257686
838,24.4135799407959,36.5,-12.439339637756348,0.0006084389751777053,-0.0035641673021018505,-0.000276064733043313,0.003626251360401511,24.414188379771076,36.4964358326979,-12.439615702489391
839,26.058948516845703,36.5,-8.467065811157227,0.0006498711300082505,-0.003568255342543125,-0.00018929524230770767,0.0036318879574537277,26.05959838797571,36.49643174465746,-8.467255106399534
840,27.062660217285156,36.5,-4.286303997039795,0.0006767794257029891,-0.00357182533480227,-9.642890654504299e-05,0.0036366558633744717,27.06333699671086,36.4964281746652,-4.28640042594634
